t_ms,o,h,l,c,v
1762822800000,0.006188,0.006349,0.006163,0.006173,72689428.0
1762826400000,0.006182,0.006305,0.006134,0.006262,29760800.0
1762830000000,0.006262,0.006322,0.006262,0.006281,46311765.0
1762833600000,0.006282,0.00629,0.00618,0.006181,73428778.0
1762837200000,0.006183,0.006183,0.006102,0.006106,19537690.0
1762840800000,0.00611,0.00612,0.006035,0.006076,20412340.0
1762844400000,0.006072,0.006074,0.005987,0.005998,21987851.0
1762848000000,0.005998,0.006033,0.005974,0.006022,43276323.0
1762851600000,0.006024,0.006061,0.005997,0.005998,23364516.0
1762855200000,0.005997,0.006021,0.005982,0.006019,17039856.0
1762858800000,0.00602,0.006065,0.005996,0.006012,8125550.0
1762862400000,0.006014,0.006049,0.005955,0.005986,26005102.0
1762866000000,0.005992,0.006027,0.005964,0.005969,21410455.0
1762869600000,0.005971,0.006035,0.005922,0.006034,62046623.0
1762873200000,0.006033,0.006033,0.005927,0.005955,117922698.0
1762876800000,0.005951,0.005998,0.005937,0.005963,45622938.0
1762880400000,0.005966,0.006,0.005902,0.005945,27650532.0
1762884000000,0.005952,0.005976,0.005918,0.005936,45418211.0
1762887600000,0.005929,0.005946,0.005887,0.005902,21074853.0
1762891200000,0.005904,0.00592,0.005846,0.00586,81323823.0
1762894800000,0.005863,0.005896,0.005849,0.005866,29229742.0
1762898400000,0.00586,0.005901,0.005835,0.005888,59556954.0
1762902000000,0.005882,0.005894,0.005819,0.005833,66656354.0
1762905600000,0.005836,0.005863,0.005791,0.005809,53312093.0
1762909200000,0.00581,0.005874,0.005808,0.005856,52472054.0
1762912800000,0.005856,0.00588,0.005811,0.005839,14128364.0
1762916400000,0.005838,0.005868,0.005827,0.005859,33446513.0
1762920000000,0.005862,0.005887,0.005849,0.005866,6796535.0
1762923600000,0.005873,0.00589,0.005863,0.005881,5129301.0
1762927200000,0.005882,0.005924,0.005876,0.005876,9028436.0
1762930800000,0.005874,0.005881,0.005809,0.005814,18360397.0
1762934400000,0.005818,0.005933,0.005817,0.005927,62287146.0
1762938000000,0.005927,0.005964,0.005918,0.005939,79215059.0
1762941600000,0.005945,0.006001,0.005945,0.005989,30670196.0
1762945200000,0.005991,0.00602,0.005982,0.005991,9690961.0
1762948800000,0.005994,0.006032,0.005979,0.006006,130035471.0
1762952400000,0.006006,0.006091,0.005978,0.006091,60988430.0
1762956000000,0.006093,0.006095,0.00589,0.005968,121387604.0
1762959600000,0.005966,0.006006,0.005805,0.005826,93844352.0
1762963200000,0.005826,0.00584,0.005679,0.005695,176369425.0
1762966800000,0.0057,0.005791,0.005643,0.005754,86545932.0
1762970400000,0.005755,0.005794,0.005721,0.005721,76105675.0
1762974000000,0.005717,0.005732,0.005647,0.00571,86707719.0
1762977600000,0.005702,0.005781,0.005691,0.005755,23970810.0
1762981200000,0.005758,0.005782,0.005735,0.005752,11262575.0
1762984800000,0.005753,0.005766,0.005713,0.005758,11149208.0
1762988400000,0.005756,0.005756,0.00569,0.00571,7830803.0
1762992000000,0.00571,0.005767,0.005702,0.005731,69257641.0
1762995600000,0.00573,0.005807,0.005729,0.00575,59681050.0
1762999200000,0.005748,0.005794,0.00574,0.005769,13426008.0
1763002800000,0.00577,0.005891,0.00568,0.005844,44651690.0
1763006400000,0.00584,0.005869,0.005798,0.005848,46759891.0
1763010000000,0.005847,0.005927,0.005813,0.005916,11335491.0
1763013600000,0.00592,0.005931,0.005899,0.005906,17244131.0
1763017200000,0.005902,0.005925,0.005871,0.005883,10533295.0
1763020800000,0.005884,0.005917,0.005873,0.005898,31864564.0
1763024400000,0.005898,0.005904,0.005835,0.005849,18770562.0
1763028000000,0.005854,0.005915,0.005854,0.005877,10271412.0
1763031600000,0.005877,0.005911,0.005877,0.005895,7682096.0
1763035200000,0.005896,0.005923,0.00588,0.005917,20471136.0
1763038800000,0.005921,0.005932,0.005839,0.005868,26781330.0
1763042400000,0.00587,0.005987,0.005812,0.005935,63907318.0
1763046000000,0.00593,0.005963,0.005801,0.00582,74894093.0
1763049600000,0.005816,0.005839,0.005702,0.005705,66298491.0
1763053200000,0.005706,0.005717,0.005535,0.005543,92937801.0
1763056800000,0.005548,0.005559,0.00538,0.005418,234573253.0
1763060400000,0.005421,0.005462,0.005315,0.005341,132549413.0
1763064000000,0.005327,0.005359,0.005281,0.005302,112640849.0
1763067600000,0.005306,0.005347,0.005283,0.005347,73715419.0
1763071200000,0.00533,0.005425,0.005327,0.005418,36429306.0
1763074800000,0.005412,0.005487,0.005399,0.005423,92526476.0
1763078400000,0.005422,0.005457,0.00536,0.005386,159286129.0
1763082000000,0.005385,0.005409,0.005361,0.005363,200394370.0
1763085600000,0.005367,0.00541,0.005361,0.005381,319818444.0
1763089200000,0.005378,0.005386,0.005318,0.00534,90862427.0
1763092800000,0.005341,0.005341,0.005114,0.00526,3171381459.0
1763096400000,0.005261,0.005351,0.005254,0.005333,264277536.0
1763100000000,0.00533,0.005385,0.005229,0.005385,341968955.0
1763103600000,0.005381,0.005401,0.00533,0.005375,484261429.0
1763107200000,0.005375,0.005393,0.005334,0.00536,47813218.0
1763110800000,0.005353,0.00538,0.005232,0.005241,80602016.0
1763114400000,0.005245,0.005322,0.005239,0.00528,52290576.0
1763118000000,0.005272,0.005283,0.00518,0.005224,145575786.0
1763121600000,0.005223,0.00523,0.005086,0.005219,277400408.0
1763125200000,0.005219,0.005245,0.005118,0.005166,149738158.0
1763128800000,0.005164,0.00525,0.005089,0.005214,285023550.0
1763132400000,0.005213,0.005251,0.005129,0.005206,277743556.0
1763136000000,0.005207,0.005246,0.005153,0.005212,166227190.0
1763139600000,0.005207,0.005223,0.005031,0.005062,335567750.0
1763143200000,0.005064,0.005153,0.005033,0.005075,60439985.0
1763146800000,0.005073,0.005189,0.005064,0.005165,38032945.0
1763150400000,0.005167,0.005169,0.004961,0.005003,115393983.0
1763154000000,0.005003,0.005075,0.004983,0.005014,30171140.0
1763157600000,0.005013,0.005045,0.004943,0.004968,78720077.0
1763161200000,0.004969,0.004976,0.004789,0.004908,160231230.0
1763164800000,0.004907,0.004996,0.004898,0.004995,102837928.0
1763168400000,0.004995,0.005016,0.004968,0.005013,115475558.0
1763172000000,0.005012,0.005067,0.005,0.005067,55269334.0
1763175600000,0.005068,0.005094,0.005057,0.005086,58844043.0
1763179200000,0.005087,0.005096,0.005054,0.005068,21204146.0
1763182800000,0.005068,0.005091,0.005055,0.005091,18327549.0
1763186400000,0.005088,0.005146,0.005078,0.005132,21611822.0
1763190000000,0.005129,0.005129,0.005062,0.005069,21736918.0
1763193600000,0.005067,0.005074,0.004942,0.004965,60061673.0
1763197200000,0.004955,0.005028,0.004952,0.004999,34177833.0
1763200800000,0.004999,0.005034,0.004994,0.005024,18535862.0
1763204400000,0.005023,0.005028,0.004985,0.004995,36854883.0
1763208000000,0.004993,0.005048,0.004989,0.005038,41840053.0
1763211600000,0.005035,0.005072,0.005025,0.005047,18161315.0
1763215200000,0.005046,0.005057,0.00503,0.005054,21707634.0
1763218800000,0.005053,0.005068,0.00502,0.00502,134819511.0
1763222400000,0.005023,0.005042,0.00498,0.005042,137740695.0
1763226000000,0.005044,0.005108,0.005036,0.005107,120353804.0
1763229600000,0.005108,0.005118,0.005075,0.005079,52471900.0
1763233200000,0.005083,0.005091,0.005049,0.005061,19552592.0
1763236800000,0.005061,0.005067,0.004983,0.004996,29615202.0
1763240400000,0.004996,0.005026,0.004957,0.004965,31797866.0
1763244000000,0.004958,0.005006,0.004955,0.004997,6380782.0
1763247600000,0.004994,0.004996,0.004983,0.004983,4185410.0
1763251200000,0.004984,0.004991,0.00492,0.004955,174522967.0
1763254800000,0.004952,0.004952,0.004787,0.004875,568049199.0
1763258400000,0.004867,0.004957,0.004851,0.004953,28877873.0
1763262000000,0.004956,0.005014,0.00495,0.004987,19254266.0
1763265600000,0.004992,0.004992,0.004957,0.004988,11667783.0
1763269200000,0.004984,0.005037,0.004984,0.004996,10776231.0
1763272800000,0.004996,0.005023,0.004994,0.005003,6005881.0
1763276400000,0.005014,0.005022,0.004989,0.005022,16815725.0
1763280000000,0.005022,0.005027,0.004983,0.005001,18088374.0
1763283600000,0.005003,0.005053,0.004983,0.005048,30626927.0
1763287200000,0.005047,0.005047,0.005004,0.005005,19658727.0
1763290800000,0.005005,0.00501,0.004885,0.004902,197777528.0
1763294400000,0.004902,0.004928,0.004869,0.004896,64095549.0
1763298000000,0.004895,0.004912,0.004812,0.00483,47222617.0
1763301600000,0.004834,0.004896,0.004826,0.004882,11267623.0
1763305200000,0.004884,0.004884,0.004758,0.004778,208882505.0
1763308800000,0.004778,0.004831,0.00472,0.004724,81856575.0
1763312400000,0.004738,0.004778,0.004681,0.004759,247274461.0
1763316000000,0.004743,0.004848,0.004736,0.004753,162287617.0
1763319600000,0.004756,0.004842,0.004753,0.004801,55168237.0
1763323200000,0.004806,0.004866,0.0048,0.0048,71271780.0
1763326800000,0.004794,0.004802,0.004746,0.004795,28220345.0
1763330400000,0.004794,0.004874,0.004745,0.004848,182882510.0
1763334000000,0.004853,0.004921,0.004757,0.00487,51949157.0
1763337600000,0.004868,0.004928,0.004813,0.004898,53562735.0
1763341200000,0.004904,0.00491,0.004865,0.004875,39155312.0
1763344800000,0.004876,0.004923,0.004862,0.004907,28382088.0
1763348400000,0.00491,0.00496,0.004906,0.004941,57349382.0
1763352000000,0.00494,0.004951,0.004918,0.004925,17824978.0
1763355600000,0.00493,0.004933,0.00491,0.00492,17057883.0
1763359200000,0.00492,0.004951,0.004899,0.00495,84755740.0
1763362800000,0.004952,0.004993,0.004945,0.004967,73592395.0
1763366400000,0.004969,0.004995,0.004964,0.004979,78964467.0
1763370000000,0.00498,0.005015,0.004966,0.005001,56235754.0
1763373600000,0.004999,0.00503,0.004991,0.005001,40894372.0
1763377200000,0.004999,0.00503,0.00499,0.005,32845954.0
1763380800000,0.005,0.005001,0.004974,0.004986,64171173.0
1763384400000,0.004989,0.004992,0.004826,0.00486,42436231.0
1763388000000,0.004861,0.005063,0.004835,0.00494,208890922.0
1763391600000,0.004941,0.004972,0.004833,0.004844,125305224.0
1763395200000,0.004843,0.004944,0.004782,0.00493,98919611.0
1763398800000,0.004929,0.004932,0.004787,0.004798,72466443.0
1763402400000,0.004795,0.004817,0.00469,0.004704,435113479.0
1763406000000,0.004704,0.004725,0.004625,0.00467,150806052.0
1763409600000,0.004663,0.004718,0.004639,0.004701,134933387.0
1763413200000,0.004701,0.004737,0.004644,0.004694,91066618.0
1763416800000,0.004695,0.004737,0.004676,0.004702,31798786.0
1763420400000,0.004706,0.004722,0.004674,0.004721,20796162.0
1763424000000,0.004722,0.004737,0.004614,0.004732,52770165.0
1763427600000,0.004728,0.004758,0.004705,0.004739,26567538.0
1763431200000,0.004733,0.00481,0.004681,0.00473,64462139.0
1763434800000,0.004736,0.004837,0.004679,0.00482,50937082.0
1763438400000,0.004822,0.004862,0.004757,0.004855,38667536.0
1763442000000,0.004854,0.00488,0.004803,0.004813,15666054.0
1763445600000,0.004809,0.004838,0.004745,0.004749,11694746.0
1763449200000,0.004746,0.004812,0.004728,0.004778,25010597.0
1763452800000,0.004778,0.004865,0.004775,0.004841,71126770.0
1763456400000,0.004842,0.004854,0.004814,0.004851,39372925.0
1763460000000,0.004852,0.004859,0.004827,0.004844,21864039.0
1763463600000,0.004848,0.004848,0.004809,0.004816,125582214.0
1763467200000,0.004813,0.004834,0.00478,0.004821,37896097.0
1763470800000,0.00481,0.004815,0.004754,0.004789,27399990.0
1763474400000,0.004787,0.004853,0.004782,0.004785,51059644.0
1763478000000,0.004784,0.004899,0.004762,0.004877,168624458.0
1763481600000,0.004872,0.004951,0.00486,0.004923,53457060.0
1763485200000,0.004923,0.004929,0.004879,0.004905,41635420.0
1763488800000,0.004907,0.00493,0.004907,0.004913,22895115.0
1763492400000,0.004916,0.004931,0.004901,0.004909,43689966.0
1763496000000,0.004912,0.004917,0.004878,0.004881,7891110.0
1763499600000,0.004874,0.004887,0.00483,0.00483,21723828.0
1763503200000,0.004831,0.004907,0.00483,0.0049,14433617.0
1763506800000,0.0049,0.004902,0.004866,0.00487,15138691.0
1763510400000,0.00487,0.00487,0.004802,0.00485,69183529.0
1763514000000,0.004847,0.004875,0.00482,0.004851,45589688.0
1763517600000,0.004853,0.004892,0.004844,0.004876,25777794.0
1763521200000,0.004876,0.004882,0.004809,0.004818,22130903.0
1763524800000,0.00482,0.004826,0.004792,0.004802,29200919.0
1763528400000,0.004795,0.004801,0.004703,0.004733,17931342.0
1763532000000,0.004728,0.00478,0.004728,0.004776,12473447.0
1763535600000,0.004774,0.004826,0.004768,0.004817,7032621.0
1763539200000,0.004815,0.004831,0.004789,0.004797,33430531.0
1763542800000,0.004796,0.004796,0.004756,0.004793,49417981.0
1763546400000,0.004794,0.004819,0.004778,0.004782,23924550.0
1763550000000,0.004782,0.004793,0.00477,0.004774,16239943.0
1763553600000,0.004774,0.004812,0.004772,0.004807,18231068.0
1763557200000,0.004806,0.004811,0.004759,0.004762,10867424.0
1763560800000,0.004761,0.004769,0.004704,0.004763,27823142.0
1763564400000,0.004763,0.004829,0.004674,0.004685,654001961.0
1763568000000,0.004683,0.004715,0.00458,0.004599,257152807.0
1763571600000,0.004597,0.004621,0.00451,0.004576,213923714.0
1763575200000,0.004572,0.0046,0.004463,0.0045,108355603.0
1763578800000,0.0045,0.004547,0.004481,0.004533,38954404.0
1763582400000,0.004534,0.004603,0.004523,0.0046,56166001.0
1763586000000,0.0046,0.004747,0.00459,0.004742,119810281.0
1763589600000,0.004743,0.004743,0.004693,0.004707,63670361.0
1763593200000,0.004705,0.004788,0.004705,0.00477,26167362.0
1763596800000,0.00477,0.00479,0.004751,0.004767,38308283.0
1763600400000,0.004767,0.004812,0.004763,0.004809,22577628.0
1763604000000,0.004811,0.004842,0.0048,0.004828,24559756.0
1763607600000,0.004829,0.004833,0.00481,0.004821,22962989.0
1763611200000,0.004822,0.004867,0.004801,0.004865,209101779.0
1763614800000,0.004861,0.004893,0.004852,0.004887,15808317.0
1763618400000,0.004886,0.004897,0.004853,0.00488,25052737.0
1763622000000,0.004883,0.004922,0.004868,0.004885,804164862.0
1763625600000,0.004889,0.004898,0.004866,0.004881,50196909.0
1763629200000,0.004882,0.00489,0.004854,0.00487,54707085.0
1763632800000,0.004874,0.004877,0.004844,0.004867,22858572.0
1763636400000,0.004864,0.004876,0.004845,0.004871,18851400.0
1763640000000,0.00487,0.004965,0.00486,0.00495,20928573.0
1763643600000,0.004952,0.004961,0.004882,0.004899,107194630.0
1763647200000,0.004895,0.004967,0.004839,0.004929,92663023.0
1763650800000,0.004928,0.004928,0.004823,0.00483,312078698.0
1763654400000,0.004831,0.004841,0.004655,0.004678,328745424.0
1763658000000,0.00468,0.0047,0.004518,0.004526,332164840.0
1763661600000,0.004523,0.004533,0.004435,0.004471,116544463.0
1763665200000,0.004462,0.004547,0.004438,0.004514,101054154.0
1763668800000,0.004523,0.004523,0.004464,0.004478,38086764.0
1763672400000,0.00448,0.004584,0.00448,0.004544,50198004.0
1763676000000,0.004546,0.004636,0.004538,0.004595,29393671.0
1763679600000,0.004594,0.004597,0.004441,0.004452,18297147.0
1763683200000,0.00445,0.004519,0.00445,0.004508,33807704.0
1763686800000,0.004516,0.004555,0.004496,0.004517,40262956.0
1763690400000,0.004521,0.004522,0.004414,0.00443,51271935.0
1763694000000,0.004428,0.004507,0.004427,0.004466,27575654.0
1763697600000,0.004468,0.004506,0.004414,0.004501,52311373.0
1763701200000,0.0045,0.004523,0.004458,0.00447,46905283.0
1763704800000,0.004469,0.004489,0.004436,0.004473,69838985.0
1763708400000,0.004471,0.004477,0.004018,0.004251,625723923.0
1763712000000,0.00425,0.004316,0.004222,0.004257,99725577.0
1763715600000,0.004259,0.004285,0.00417,0.00418,178300538.0
1763719200000,0.004181,0.00423,0.00415,0.004172,234846236.0
1763722800000,0.00417,0.004215,0.004121,0.004135,167831743.0
1763726400000,0.004136,0.004235,0.004027,0.004208,295343643.0
1763730000000,0.004206,0.004263,0.00419,0.004229,68113578.0
1763733600000,0.00423,0.004317,0.004194,0.004286,155094935.0
1763737200000,0.00429,0.004296,0.004155,0.004164,80256113.0
1763740800000,0.004168,0.004254,0.004092,0.004249,213766823.0
1763744400000,0.004252,0.004312,0.004233,0.004237,85824812.0
1763748000000,0.004238,0.004263,0.004126,0.004226,41437062.0
1763751600000,0.004228,0.004235,0.004157,0.004166,29991399.0
1763755200000,0.004165,0.004167,0.004062,0.004105,56283102.0
1763758800000,0.004109,0.004193,0.004063,0.004161,41877522.0
1763762400000,0.004161,0.004176,0.003968,0.003992,176695030.0
1763766000000,0.003993,0.004123,0.003957,0.004117,47450012.0
1763769600000,0.00412,0.004152,0.004102,0.004133,87411252.0
1763773200000,0.004137,0.004172,0.004121,0.00416,34969177.0
1763776800000,0.004163,0.004165,0.004066,0.004103,197535757.0
1763780400000,0.004104,0.004124,0.004075,0.004095,22523161.0
1763784000000,0.004095,0.004096,0.003973,0.004045,285334096.0
1763787600000,0.004042,0.004055,0.003967,0.004016,142946936.0
1763791200000,0.00402,0.004083,0.003974,0.004077,27443795.0
1763794800000,0.004077,0.004103,0.004055,0.004088,15744808.0
1763798400000,0.004089,0.004089,0.003981,0.003985,101927793.0
1763802000000,0.003988,0.004066,0.003976,0.004032,41204241.0
1763805600000,0.004033,0.004059,0.00399,0.004033,46966379.0
1763809200000,0.004032,0.004101,0.00402,0.004072,37251269.0
1763812800000,0.004071,0.004074,0.004016,0.00403,44560530.0
1763816400000,0.004032,0.004034,0.003972,0.004008,17877498.0
1763820000000,0.004007,0.004089,0.004007,0.004077,38872649.0
1763823600000,0.004086,0.004093,0.004018,0.004044,42415909.0
1763827200000,0.004043,0.004116,0.00404,0.004109,28099822.0
1763830800000,0.004103,0.004104,0.004082,0.00409,36381005.0
1763834400000,0.00409,0.004105,0.004068,0.004096,29477937.0
1763838000000,0.004096,0.004123,0.004083,0.004091,26191815.0
1763841600000,0.004093,0.004118,0.004052,0.004066,23737749.0
1763845200000,0.004066,0.004104,0.004066,0.004102,15007659.0
1763848800000,0.004103,0.004191,0.004086,0.004172,15274513.0
1763852400000,0.004169,0.004169,0.004123,0.004126,8132223.0
1763856000000,0.004122,0.004142,0.004096,0.004119,48342655.0
1763859600000,0.00412,0.004175,0.004119,0.004159,20544768.0
1763863200000,0.004162,0.004193,0.004147,0.00417,58127706.0
1763866800000,0.004166,0.004184,0.004148,0.004179,72831064.0
1763870400000,0.00418,0.004235,0.004174,0.004203,58541042.0
1763874000000,0.004203,0.004213,0.004182,0.00421,22070304.0
1763877600000,0.004201,0.004218,0.004168,0.004174,18897674.0
1763881200000,0.004174,0.004175,0.004127,0.004154,11461926.0
1763884800000,0.004155,0.004183,0.004153,0.004181,30408015.0
1763888400000,0.004182,0.004191,0.004164,0.004172,28187966.0
1763892000000,0.004172,0.004173,0.004141,0.004154,38257544.0
1763895600000,0.004152,0.004167,0.004124,0.00416,36944571.0
1763899200000,0.004161,0.004205,0.004157,0.00418,35458439.0
1763902800000,0.00418,0.004195,0.004159,0.004193,19821184.0
1763906400000,0.004194,0.004221,0.004144,0.004147,21217998.0
1763910000000,0.004146,0.004215,0.004141,0.004203,28595695.0
1763913600000,0.004204,0.004221,0.004166,0.004166,58460833.0
1763917200000,0.004166,0.004179,0.004146,0.004156,55330358.0
1763920800000,0.004157,0.0042,0.004154,0.004179,38377330.0
1763924400000,0.004179,0.004228,0.004175,0.004195,75344428.0
1763928000000,0.004198,0.004213,0.00419,0.004202,31837743.0
1763931600000,0.004202,0.004248,0.004185,0.004239,33443027.0
1763935200000,0.004239,0.004244,0.00421,0.004218,16666995.0
1763938800000,0.004223,0.004227,0.00415,0.004159,19460033.0
1763942400000,0.004159,0.004179,0.004106,0.004152,72694824.0
1763946000000,0.004152,0.004197,0.00414,0.004195,54922211.0
1763949600000,0.004196,0.004297,0.004195,0.004274,47467078.0
1763953200000,0.004277,0.004333,0.004261,0.004313,67220178.0
1763956800000,0.004316,0.004337,0.004233,0.004283,44179019.0
1763960400000,0.004281,0.004379,0.004273,0.004345,37861546.0
1763964000000,0.004346,0.004353,0.004272,0.004299,32831239.0
1763967600000,0.004297,0.004297,0.004253,0.004254,6458038.0
1763971200000,0.004252,0.00426,0.004224,0.004251,45700672.0
1763974800000,0.004253,0.004254,0.004158,0.00417,52166647.0
1763978400000,0.00417,0.004194,0.004166,0.004189,36480396.0
1763982000000,0.004191,0.00423,0.004174,0.004227,17170019.0
1763985600000,0.004228,0.004233,0.004194,0.004214,35106650.0
1763989200000,0.004211,0.004275,0.004208,0.004244,14454853.0
1763992800000,0.004241,0.004296,0.004184,0.004247,71845640.0
1763996400000,0.004251,0.004321,0.004233,0.004298,39329702.0
1764000000000,0.004301,0.004367,0.004297,0.004346,140644158.0
1764003600000,0.004346,0.004514,0.004346,0.004514,91179057.0
1764007200000,0.004507,0.004549,0.004491,0.004525,90548174.0
1764010800000,0.004523,0.004567,0.004518,0.004558,62287247.0
1764014400000,0.004558,0.004634,0.004542,0.004625,54705426.0
1764018000000,0.004624,0.004658,0.004589,0.004603,53788689.0
1764021600000,0.004604,0.004636,0.004565,0.004584,23439207.0
1764025200000,0.004582,0.004607,0.004552,0.004563,149543402.0
1764028800000,0.004562,0.004576,0.004532,0.004545,65385215.0
1764032400000,0.004545,0.004555,0.004507,0.004508,35089479.0
1764036000000,0.004509,0.004541,0.004489,0.004539,67407157.0
1764039600000,0.004539,0.00456,0.004526,0.004532,23705853.0
1764043200000,0.004532,0.004547,0.004505,0.004531,13803369.0
1764046800000,0.00453,0.00453,0.0045,0.004522,14904346.0
1764050400000,0.00452,0.004533,0.004491,0.004511,22189471.0
1764054000000,0.00451,0.004515,0.00447,0.004473,25859195.0
1764057600000,0.004473,0.004485,0.004429,0.004431,41437617.0
1764061200000,0.004432,0.004459,0.0044,0.004459,47285067.0
1764064800000,0.004453,0.004479,0.004441,0.004473,18421643.0
1764068400000,0.004472,0.004472,0.004436,0.004443,48865655.0
1764072000000,0.004444,0.004483,0.004432,0.004466,33715194.0
1764075600000,0.004463,0.004477,0.00441,0.004419,22288155.0
1764079200000,0.004422,0.00445,0.004348,0.004398,63455725.0
1764082800000,0.004388,0.004437,0.004351,0.004419,25928074.0
1764086400000,0.004419,0.0045,0.004415,0.004484,41489347.0
1764090000000,0.004479,0.004554,0.004462,0.004522,82331717.0
1764093600000,0.004522,0.004558,0.004485,0.00449,139590741.0
1764097200000,0.004489,0.004497,0.004403,0.004486,66083917.0
1764100800000,0.004487,0.004542,0.004481,0.004526,24334709.0
1764104400000,0.004526,0.004557,0.004523,0.004525,14304379.0
1764108000000,0.004522,0.004594,0.004474,0.004581,188372112.0
1764111600000,0.004581,0.00465,0.004564,0.004576,141266066.0
1764115200000,0.004577,0.004621,0.004577,0.004609,52388571.0
1764118800000,0.004607,0.004634,0.004571,0.004613,35561509.0
1764122400000,0.004615,0.004616,0.004574,0.004576,22465144.0
1764126000000,0.004575,0.004604,0.004543,0.004551,28999449.0
1764129600000,0.004556,0.004571,0.004536,0.004554,16284940.0
1764133200000,0.004553,0.004592,0.004546,0.004586,11753613.0
1764136800000,0.004584,0.004595,0.004555,0.004593,5940788.0
1764140400000,0.004591,0.004613,0.004576,0.004611,11956980.0
1764144000000,0.004608,0.00461,0.004566,0.004566,25492025.0
1764147600000,0.004564,0.004568,0.004515,0.004515,37406881.0
1764151200000,0.004516,0.004531,0.004497,0.004519,33694115.0
1764154800000,0.004514,0.004514,0.004477,0.004484,31301209.0
1764158400000,0.004483,0.004491,0.004435,0.004463,25695585.0
1764162000000,0.004462,0.004489,0.00445,0.004484,120271066.0
1764165600000,0.004482,0.004512,0.004436,0.004443,83243602.0
1764169200000,0.004445,0.004485,0.004441,0.004466,54331656.0
1764172800000,0.004469,0.004563,0.004468,0.004539,89730231.0
1764176400000,0.004539,0.00467,0.00453,0.004659,148065828.0
1764180000000,0.004666,0.004721,0.004641,0.00471,111121221.0
1764183600000,0.004711,0.004711,0.004682,0.004701,17142014.0
1764187200000,0.004698,0.004722,0.004659,0.004679,27420320.0
1764190800000,0.004681,0.004758,0.004666,0.004723,35228976.0
1764194400000,0.004731,0.004737,0.004694,0.004718,13475167.0
1764198000000,0.004719,0.004728,0.004682,0.004697,7475257.0
1764201600000,0.004694,0.004706,0.004674,0.004687,38367321.0
1764205200000,0.004685,0.004715,0.004666,0.004693,32801431.0
1764208800000,0.00469,0.004712,0.00467,0.004673,22331250.0
1764212400000,0.004673,0.00468,0.004634,0.004646,21456361.0
1764216000000,0.004643,0.004683,0.004643,0.004682,15364478.0
1764219600000,0.004677,0.004685,0.004655,0.004667,6890459.0
1764223200000,0.004667,0.004704,0.004663,0.004688,5457850.0
1764226800000,0.00469,0.004695,0.004667,0.004669,9386183.0
1764230400000,0.004667,0.004671,0.004644,0.004668,15496244.0
1764234000000,0.00467,0.004681,0.004648,0.00465,27002163.0
1764237600000,0.004651,0.004661,0.004635,0.004654,17872946.0
1764241200000,0.004654,0.004656,0.004635,0.004644,10612831.0
1764244800000,0.004643,0.004651,0.004628,0.004634,23071099.0
1764248400000,0.004639,0.004669,0.004636,0.004653,33395489.0
1764252000000,0.004653,0.004686,0.004637,0.004676,23269273.0
1764255600000,0.004672,0.004708,0.004652,0.004704,7363134.0
1764259200000,0.004704,0.00471,0.004676,0.004703,42275944.0
1764262800000,0.004703,0.004721,0.004685,0.004715,36521166.0
1764266400000,0.004714,0.004755,0.004704,0.004754,36637424.0
1764270000000,0.004751,0.004775,0.004749,0.004764,24737209.0
1764273600000,0.004766,0.004802,0.004764,0.004798,136703645.0
1764277200000,0.004795,0.004846,0.004776,0.004777,145544134.0
1764280800000,0.004781,0.004781,0.004691,0.004708,14089730.0
1764284400000,0.004707,0.004728,0.004683,0.00471,45384356.0
1764288000000,0.004711,0.004725,0.004685,0.004692,32923480.0
1764291600000,0.004693,0.004696,0.004628,0.004635,56088540.0
1764295200000,0.004634,0.004663,0.004609,0.004651,35559109.0
1764298800000,0.004652,0.00466,0.004629,0.004641,16394313.0
1764302400000,0.004642,0.004651,0.004623,0.004623,8181051.0
1764306000000,0.004622,0.004642,0.004612,0.004627,15854793.0
1764309600000,0.004622,0.004625,0.00459,0.004609,19001691.0
1764313200000,0.004605,0.004639,0.004604,0.00463,5463116.0
1764316800000,0.004629,0.004802,0.004628,0.004772,119810568.0
1764320400000,0.004781,0.004781,0.004725,0.004732,85869263.0
1764324000000,0.004736,0.00477,0.004734,0.004754,19521405.0
1764327600000,0.004754,0.004754,0.00466,0.004693,29837919.0
1764331200000,0.004691,0.004702,0.004678,0.004694,12924680.0
1764334800000,0.004693,0.004763,0.004674,0.004728,19042343.0
1764338400000,0.00473,0.004787,0.004707,0.004746,78548772.0
1764342000000,0.004749,0.004899,0.004749,0.004787,128811129.0
1764345600000,0.004786,0.004786,0.00467,0.004672,57412197.0
1764349200000,0.004673,0.004687,0.00461,0.004624,50102817.0
1764352800000,0.004628,0.004644,0.004581,0.004635,27893441.0
1764356400000,0.004632,0.004675,0.004632,0.004661,39118741.0
1764360000000,0.00466,0.004664,0.004622,0.004664,12888345.0
1764363600000,0.004663,0.004664,0.004618,0.004618,17606794.0
1764367200000,0.004616,0.004663,0.004603,0.004654,24573187.0
1764370800000,0.004655,0.004662,0.004628,0.004629,4042410.0
1764374400000,0.004631,0.004644,0.004618,0.004624,56330017.0
1764378000000,0.004623,0.004647,0.004612,0.004619,15503035.0
1764381600000,0.004619,0.004635,0.004603,0.004635,14726414.0
1764385200000,0.004634,0.004646,0.004609,0.004615,5364811.0
1764388800000,0.004613,0.004635,0.004598,0.004635,7639026.0
1764392400000,0.004632,0.004632,0.0046,0.004601,25081908.0
1764396000000,0.004601,0.004614,0.004563,0.004575,38488467.0
1764399600000,0.004573,0.004583,0.004554,0.004558,6481003.0
1764403200000,0.004552,0.004577,0.004545,0.004548,33113493.0
1764406800000,0.004552,0.004567,0.004546,0.004559,16490101.0
1764410400000,0.004556,0.004563,0.00453,0.004554,28680434.0
1764414000000,0.004552,0.004585,0.004547,0.00458,80149184.0
1764417600000,0.004578,0.004586,0.004549,0.004549,70955129.0
1764421200000,0.004549,0.004566,0.004545,0.004558,9515340.0
1764424800000,0.004555,0.004566,0.004539,0.004556,117870768.0
1764428400000,0.004556,0.004601,0.004555,0.004591,147522213.0
1764432000000,0.004591,0.004594,0.004555,0.004564,59386593.0
1764435600000,0.004565,0.004565,0.004509,0.004527,38265677.0
1764439200000,0.004529,0.004554,0.004512,0.004549,51929414.0
1764442800000,0.004551,0.004563,0.004536,0.004542,17970170.0
1764446400000,0.004541,0.004578,0.004534,0.004576,13304681.0
1764450000000,0.004576,0.004587,0.004563,0.004584,14296003.0
1764453600000,0.004582,0.004583,0.004554,0.004555,13064848.0
1764457200000,0.004555,0.004578,0.004545,0.004566,14787502.0
1764460800000,0.004567,0.004585,0.004559,0.004564,44112100.0
1764464400000,0.004563,0.004585,0.004557,0.00458,23389861.0
1764468000000,0.00458,0.0046,0.004559,0.00456,31813993.0
1764471600000,0.00456,0.004593,0.004525,0.004584,14310902.0
1764475200000,0.004591,0.004594,0.004568,0.004578,19948359.0
1764478800000,0.004578,0.004578,0.004543,0.004561,18619653.0
1764482400000,0.00456,0.004604,0.004552,0.004599,9024009.0
1764486000000,0.004599,0.004609,0.004591,0.004599,2147566.0
1764489600000,0.004599,0.004648,0.004597,0.004602,51224152.0
1764493200000,0.004604,0.004619,0.004592,0.004604,25580591.0
1764496800000,0.004603,0.004603,0.00457,0.004572,20721249.0
1764500400000,0.004572,0.004587,0.004569,0.004577,18785462.0
1764504000000,0.00458,0.004632,0.004563,0.00462,13389395.0
1764507600000,0.004621,0.004682,0.004619,0.00467,74520540.0
1764511200000,0.004673,0.004675,0.004616,0.004629,56407959.0
1764514800000,0.00463,0.00463,0.004587,0.004596,104213981.0
1764518400000,0.004595,0.004658,0.004595,0.00465,31411338.0
1764522000000,0.004649,0.004701,0.004626,0.004667,39724464.0
1764525600000,0.004667,0.004673,0.004633,0.004653,24331372.0
1764529200000,0.004653,0.00467,0.004627,0.004634,11923936.0
1764532800000,0.004635,0.004665,0.004618,0.004651,18312969.0
1764536400000,0.00465,0.004655,0.004616,0.004631,10059873.0
1764540000000,0.004632,0.004667,0.004611,0.004637,5544573.0
1764543600000,0.004636,0.004638,0.004529,0.00453,19422595.0
1764547200000,0.004532,0.004549,0.004242,0.004251,385642358.0
1764550800000,0.004251,0.004309,0.004239,0.004265,76227929.0
1764554400000,0.004269,0.004294,0.004256,0.00426,45840718.0
1764558000000,0.004261,0.004263,0.004206,0.004207,31199784.0
1764561600000,0.00421,0.004217,0.004166,0.004175,68636868.0
1764565200000,0.00418,0.004197,0.004158,0.004175,22756027.0
1764568800000,0.004174,0.004187,0.004163,0.004163,37966908.0
1764572400000,0.00416,0.004163,0.004136,0.004153,9194215.0
1764576000000,0.004152,0.004168,0.004144,0.004164,51757234.0
1764579600000,0.004163,0.004178,0.004149,0.004151,37926651.0
1764583200000,0.004152,0.004172,0.004152,0.004153,16879333.0
1764586800000,0.004152,0.004156,0.004116,0.004127,46547782.0
1764590400000,0.00413,0.004132,0.004044,0.004124,73565657.0
1764594000000,0.004115,0.004143,0.004079,0.004096,51587566.0
1764597600000,0.004096,0.004122,0.00408,0.004082,53152138.0
1764601200000,0.004083,0.004083,0.003965,0.004016,216395920.0
1764604800000,0.004015,0.004022,0.003971,0.003974,81599267.0
1764608400000,0.003977,0.004001,0.003958,0.003981,58278306.0
1764612000000,0.003979,0.004029,0.003979,0.004011,147848262.0
1764615600000,0.00401,0.004011,0.00398,0.004003,34741851.0
1764619200000,0.004004,0.004058,0.004004,0.004034,33058157.0
1764622800000,0.004035,0.004069,0.004025,0.004052,24363651.0
1764626400000,0.004052,0.00408,0.004033,0.004049,18490301.0
1764630000000,0.00405,0.004081,0.00405,0.004051,58440974.0
1764633600000,0.004052,0.004062,0.004024,0.004031,53342561.0
1764637200000,0.004032,0.004092,0.004027,0.004034,73405248.0
1764640800000,0.004034,0.00406,0.004018,0.004026,32820932.0
1764644400000,0.004029,0.004053,0.003998,0.00404,32703409.0
1764648000000,0.004042,0.00406,0.004038,0.004048,18350472.0
1764651600000,0.004046,0.004047,0.004008,0.004026,33885643.0
1764655200000,0.004025,0.004051,0.004014,0.004045,6966447.0
1764658800000,0.004042,0.004044,0.004003,0.004014,5978351.0
1764662400000,0.004014,0.004021,0.003989,0.004003,51379702.0
1764666000000,0.004005,0.004028,0.004003,0.004011,44604330.0
1764669600000,0.004009,0.004085,0.004009,0.004059,38980074.0
1764673200000,0.004062,0.004082,0.004044,0.004071,29266806.0
1764676800000,0.004074,0.004081,0.004031,0.004047,47291824.0
1764680400000,0.00405,0.004073,0.004026,0.004065,55575935.0
1764684000000,0.004067,0.004158,0.00406,0.004155,77324680.0
1764687600000,0.004156,0.004449,0.004156,0.004449,286582268.0
1764691200000,0.004456,0.00451,0.004427,0.004498,142286797.0
1764694800000,0.004488,0.004548,0.004478,0.004482,145753321.0
1764698400000,0.004478,0.004529,0.004469,0.004507,57336579.0
1764702000000,0.004509,0.004526,0.004496,0.004502,22597596.0
1764705600000,0.004503,0.004521,0.004464,0.004487,56677019.0
1764709200000,0.004491,0.00457,0.004483,0.00457,80237003.0
1764712800000,0.004569,0.00464,0.004563,0.004638,146932312.0
1764716400000,0.004641,0.004641,0.004554,0.004568,28430862.0
1764720000000,0.004567,0.004612,0.004546,0.00459,110810386.0
1764723600000,0.004589,0.004603,0.004564,0.004592,55923915.0
1764727200000,0.004594,0.004634,0.004588,0.004611,40639004.0
1764730800000,0.00461,0.00464,0.004609,0.004635,59861357.0
1764734400000,0.004633,0.004695,0.004614,0.004667,52975466.0
1764738000000,0.004669,0.004722,0.004665,0.004707,20318516.0
1764741600000,0.004709,0.004791,0.004687,0.004695,108031888.0
1764745200000,0.004695,0.004709,0.004672,0.004697,19984944.0
1764748800000,0.004701,0.004797,0.004701,0.004783,62887131.0
1764752400000,0.004785,0.004793,0.004727,0.004774,60784825.0
1764756000000,0.004768,0.004779,0.004746,0.004755,125717487.0
1764759600000,0.004756,0.004778,0.004741,0.004764,57252371.0
1764763200000,0.004766,0.004781,0.004727,0.004754,99020628.0
1764766800000,0.004751,0.004782,0.004722,0.004731,71268897.0
1764770400000,0.004734,0.00475,0.004609,0.004638,502307872.0
1764774000000,0.004637,0.004706,0.00462,0.004706,130961677.0
1764777600000,0.004707,0.004764,0.004673,0.004744,141462091.0
1764781200000,0.004739,0.004831,0.004739,0.004813,129172711.0
1764784800000,0.004816,0.004823,0.004737,0.004756,44442000.0
1764788400000,0.004757,0.004759,0.004733,0.004737,29613079.0
1764792000000,0.004737,0.004788,0.004726,0.004748,28352858.0
1764795600000,0.004752,0.004838,0.004741,0.00483,29274393.0
1764799200000,0.004839,0.004846,0.004782,0.004815,60506904.0
1764802800000,0.00482,0.004868,0.004795,0.004803,52449516.0
1764806400000,0.004804,0.004844,0.00477,0.00482,92942482.0
1764810000000,0.004817,0.004893,0.004812,0.004816,69728138.0
1764813600000,0.004814,0.004863,0.004813,0.004841,181503049.0
1764817200000,0.004842,0.004845,0.004789,0.004795,49303403.0
1764820800000,0.004795,0.004832,0.004784,0.004832,47269947.0
1764824400000,0.004838,0.004846,0.004803,0.00483,44211006.0
1764828000000,0.004831,0.00487,0.00482,0.004851,31528644.0
1764831600000,0.004849,0.00488,0.004795,0.00487,31073468.0
1764835200000,0.004869,0.004896,0.004839,0.004852,30780844.0
1764838800000,0.004858,0.004869,0.004836,0.004844,32229404.0
1764842400000,0.004841,0.00485,0.004815,0.00482,14487901.0
1764846000000,0.00482,0.004838,0.004797,0.00483,40793833.0
1764849600000,0.004832,0.004853,0.004819,0.004842,13531315.0
1764853200000,0.004848,0.004869,0.004807,0.004816,31557929.0
1764856800000,0.004812,0.004835,0.004786,0.004789,16340425.0
1764860400000,0.00479,0.004936,0.00479,0.004913,68200510.0
1764864000000,0.004908,0.004914,0.004812,0.004812,101992553.0
1764867600000,0.004812,0.004831,0.004767,0.004831,37870355.0
1764871200000,0.00482,0.004865,0.004799,0.004812,41383690.0
1764874800000,0.004817,0.00482,0.004695,0.004792,75086799.0
1764878400000,0.004792,0.004799,0.004752,0.004786,22908797.0
1764882000000,0.004786,0.004799,0.004746,0.004752,14237033.0
1764885600000,0.004758,0.004793,0.00474,0.004783,14501774.0
1764889200000,0.004782,0.004782,0.004755,0.004764,4113921.0
1764892800000,0.004763,0.004824,0.004758,0.004798,28435289.0
1764896400000,0.004797,0.00481,0.004755,0.004758,28982259.0
1764900000000,0.004756,0.004784,0.004747,0.004756,19570058.0
1764903600000,0.004758,0.004773,0.004714,0.004727,18423724.0
1764907200000,0.004727,0.00474,0.004676,0.004698,132247283.0
1764910800000,0.004698,0.004705,0.004689,0.004701,8428661.0
1764914400000,0.004701,0.004729,0.004699,0.004725,33724175.0
1764918000000,0.00472,0.004775,0.004717,0.004774,29526328.0
1764921600000,0.004769,0.004781,0.004716,0.004717,35381640.0
1764925200000,0.004716,0.004716,0.004615,0.004636,64388284.0
1764928800000,0.004632,0.004666,0.004628,0.004644,65996926.0
1764932400000,0.004644,0.004651,0.0046,0.004623,33518301.0
1764936000000,0.004624,0.004638,0.004609,0.004635,14443100.0
1764939600000,0.004634,0.004649,0.004547,0.004555,28043634.0
1764943200000,0.004554,0.004558,0.004499,0.004512,30218280.0
1764946800000,0.004514,0.004619,0.004508,0.004521,61258658.0
1764950400000,0.004524,0.004524,0.004317,0.004339,133470372.0
1764954000000,0.004337,0.004383,0.00431,0.004368,55433254.0
1764957600000,0.004363,0.004403,0.004347,0.00435,46461604.0
1764961200000,0.004349,0.004408,0.004324,0.004387,48906109.0
1764964800000,0.004386,0.004392,0.00436,0.004368,26216704.0
1764968400000,0.004369,0.004395,0.004368,0.004369,16676092.0
1764972000000,0.004362,0.00439,0.004359,0.004382,6064548.0
1764975600000,0.00438,0.004391,0.004349,0.004387,9239428.0
1764979200000,0.00439,0.0044,0.004367,0.004384,35874851.0
1764982800000,0.004384,0.004399,0.004376,0.004399,41236129.0
1764986400000,0.0044,0.0044,0.004379,0.004393,38517800.0
1764990000000,0.004394,0.004413,0.004388,0.004394,11888142.0
1764993600000,0.004392,0.004392,0.004358,0.004365,7156113.0
1764997200000,0.004365,0.004381,0.004361,0.004371,12831666.0
1765000800000,0.004369,0.004385,0.004361,0.004372,3556075.0
1765004400000,0.004374,0.004376,0.004346,0.004357,7623834.0
1765008000000,0.004355,0.004363,0.004333,0.004335,49696280.0
1765011600000,0.004334,0.00437,0.004334,0.004353,14200046.0
1765015200000,0.004353,0.004366,0.004345,0.004356,18522267.0
1765018800000,0.004353,0.004414,0.004352,0.00441,8697626.0
1765022400000,0.004412,0.004483,0.004412,0.004447,61639529.0
1765026000000,0.004448,0.004456,0.004427,0.004432,18208909.0
1765029600000,0.004432,0.004478,0.004432,0.004435,17168680.0
1765033200000,0.004438,0.004438,0.004397,0.004407,12692362.0
1765036800000,0.004405,0.004446,0.004405,0.004437,25769605.0
1765040400000,0.004436,0.004469,0.004432,0.004466,20996700.0
1765044000000,0.004463,0.0045,0.004456,0.004482,19909602.0
1765047600000,0.004482,0.004493,0.004425,0.004437,19990709.0
1765051200000,0.004437,0.004446,0.004433,0.004437,8344992.0
1765054800000,0.004433,0.004562,0.004433,0.004481,49018698.0
1765058400000,0.00449,0.004507,0.004463,0.004471,32377096.0
1765062000000,0.004473,0.004517,0.004459,0.004512,42148753.0
1765065600000,0.004515,0.004599,0.004515,0.004588,103737132.0
1765069200000,0.004583,0.00459,0.004516,0.004516,63963832.0
1765072800000,0.00452,0.004551,0.004519,0.004543,39380048.0
1765076400000,0.004543,0.004555,0.004519,0.004545,17479816.0
1765080000000,0.004543,0.004543,0.004496,0.00451,49306774.0
1765083600000,0.00451,0.004544,0.004509,0.004533,14349312.0
1765087200000,0.004531,0.004557,0.004529,0.004535,15909896.0
1765090800000,0.004537,0.004544,0.00449,0.004507,9118560.0
1765094400000,0.004505,0.004505,0.004473,0.004474,27599809.0
1765098000000,0.004473,0.004477,0.004452,0.004466,44750277.0
1765101600000,0.004465,0.004484,0.004461,0.004463,62960485.0
1765105200000,0.004464,0.004493,0.004463,0.004483,11733713.0
1765108800000,0.004482,0.004519,0.004466,0.004505,26741843.0
1765112400000,0.004502,0.004506,0.004436,0.004445,21965639.0
1765116000000,0.004443,0.004449,0.004298,0.004309,133583130.0
1765119600000,0.004309,0.004448,0.004302,0.004431,98860272.0
1765123200000,0.004424,0.004426,0.004365,0.00441,46891941.0
1765126800000,0.004417,0.004581,0.00439,0.004546,79489318.0
1765130400000,0.004546,0.004575,0.004532,0.00454,81063043.0
1765134000000,0.004541,0.004558,0.004522,0.004555,16754701.0
1765137600000,0.004557,0.004582,0.004544,0.004578,23787251.0
1765141200000,0.004578,0.00458,0.004457,0.004479,198112106.0
1765144800000,0.004469,0.00447,0.004344,0.004395,214793395.0
1765148400000,0.004394,0.004429,0.00438,0.004423,21408069.0
1765152000000,0.004424,0.004477,0.004407,0.004447,57513725.0
1765155600000,0.004447,0.004551,0.004444,0.004503,53733219.0
1765159200000,0.0045,0.004542,0.004483,0.004536,22782650.0
1765162800000,0.004537,0.004568,0.004526,0.004532,24152963.0
1765166400000,0.004534,0.004647,0.004534,0.004605,40477687.0
1765170000000,0.004607,0.004627,0.004595,0.004614,21848845.0
1765173600000,0.004618,0.00467,0.004592,0.004655,20514014.0
1765177200000,0.004656,0.004668,0.004626,0.004646,10952216.0
1765180800000,0.004646,0.004686,0.004638,0.004678,68340461.0
1765184400000,0.004676,0.00475,0.004676,0.004715,60241605.0
1765188000000,0.004715,0.004735,0.004706,0.004726,30221400.0
1765191600000,0.004727,0.004742,0.004706,0.004731,28083213.0
1765195200000,0.00473,0.004737,0.004707,0.004735,20585598.0
1765198800000,0.004734,0.004803,0.004731,0.004774,20595599.0
1765202400000,0.004773,0.00488,0.004756,0.004803,84057825.0
1765206000000,0.004804,0.004834,0.004759,0.00482,110985026.0
1765209600000,0.004817,0.005029,0.004779,0.004949,229485996.0
1765213200000,0.004948,0.004991,0.00483,0.004873,143536089.0
1765216800000,0.004876,0.004901,0.004758,0.004781,71845657.0
1765220400000,0.004786,0.00479,0.004735,0.004755,45318275.0
1765224000000,0.004756,0.004797,0.004749,0.004789,28569825.0
1765227600000,0.004794,0.004834,0.004755,0.004815,30863476.0
1765231200000,0.004818,0.004823,0.004746,0.004755,29830882.0
1765234800000,0.004755,0.004764,0.004713,0.004751,37741760.0
1765238400000,0.004751,0.004759,0.004694,0.00471,60284893.0
1765242000000,0.004712,0.00472,0.00466,0.004671,38864838.0
1765245600000,0.004672,0.004692,0.004665,0.004668,103326573.0
1765249200000,0.004663,0.004678,0.004633,0.004666,67828446.0
1765252800000,0.004665,0.004665,0.004586,0.004589,114486867.0
1765256400000,0.004589,0.00462,0.004564,0.004593,22128208.0
1765260000000,0.004594,0.0046,0.004555,0.004579,12498666.0
1765263600000,0.00458,0.004608,0.004572,0.004601,16599144.0
1765267200000,0.004603,0.004622,0.004585,0.004601,27114387.0
1765270800000,0.004601,0.004601,0.004566,0.00458,42890061.0
1765274400000,0.004579,0.004614,0.004577,0.004594,53624791.0
1765278000000,0.004596,0.004605,0.004574,0.004605,19926388.0
1765281600000,0.0046,0.004679,0.004592,0.004651,45630742.0
1765285200000,0.004652,0.004685,0.004621,0.004643,34289741.0
1765288800000,0.004638,0.004675,0.004601,0.004623,277457902.0
1765292400000,0.004635,0.00485,0.004626,0.004834,132772618.0
1765296000000,0.004841,0.005032,0.004841,0.005008,262420352.0
1765299600000,0.005014,0.005058,0.004974,0.00503,82259251.0
1765303200000,0.005033,0.005049,0.004993,0.005025,34627914.0
1765306800000,0.005028,0.005031,0.004983,0.005013,49774705.0
1765310400000,0.005003,0.005009,0.004867,0.004915,96102682.0
1765314000000,0.004918,0.004966,0.004846,0.00489,40066357.0
1765317600000,0.004897,0.004979,0.004886,0.004954,39324647.0
1765321200000,0.004963,0.004998,0.004948,0.00495,11665533.0
1765324800000,0.004949,0.004964,0.004871,0.004874,62270273.0
1765328400000,0.004877,0.004898,0.00485,0.004853,62364336.0
1765332000000,0.004851,0.004874,0.004823,0.004858,31482452.0
1765335600000,0.004857,0.004863,0.004824,0.004835,25811499.0
1765339200000,0.004832,0.004873,0.004827,0.004832,10560056.0
1765342800000,0.004833,0.004859,0.004796,0.004802,15974896.0
1765346400000,0.004803,0.004804,0.00477,0.004782,9051863.0
1765350000000,0.004781,0.004784,0.00474,0.004765,11293761.0
1765353600000,0.004763,0.00477,0.004727,0.004738,32374674.0
1765357200000,0.00474,0.004787,0.004702,0.004787,31840464.0
1765360800000,0.004779,0.004844,0.004706,0.004711,34135261.0
1765364400000,0.00471,0.004719,0.004679,0.00471,56939424.0
1765368000000,0.004711,0.004719,0.004662,0.004681,38133341.0
1765371600000,0.004682,0.00471,0.00467,0.004685,12869612.0
1765375200000,0.004683,0.004689,0.004655,0.004689,18127812.0
1765378800000,0.004682,0.004718,0.004664,0.004687,269887589.0
1765382400000,0.004688,0.004739,0.004679,0.004716,84520625.0
1765386000000,0.004715,0.004773,0.0047,0.004752,80348077.0
1765389600000,0.004754,0.004866,0.00472,0.004826,105286563.0
1765393200000,0.004825,0.004923,0.004736,0.004846,302650078.0
1765396800000,0.004848,0.004957,0.004773,0.004791,127934875.0
1765400400000,0.004789,0.004814,0.00468,0.004693,105623895.0
1765404000000,0.004691,0.00473,0.004618,0.004721,48811435.0
1765407600000,0.00472,0.004723,0.004641,0.004646,38710874.0
1765411200000,0.004645,0.004645,0.004523,0.00454,64851278.0
1765414800000,0.00454,0.004555,0.0045,0.004511,44421974.0
1765418400000,0.004512,0.004512,0.004446,0.004459,191546579.0
1765422000000,0.004454,0.004455,0.004406,0.004425,84037161.0
1765425600000,0.004421,0.004498,0.004406,0.004493,55416489.0
1765429200000,0.004486,0.004501,0.00447,0.004491,10215023.0
1765432800000,0.004492,0.004493,0.004447,0.004465,38737879.0
1765436400000,0.004465,0.004466,0.004445,0.00446,7107076.0
1765440000000,0.004462,0.004462,0.004426,0.004454,41625539.0
1765443600000,0.004452,0.004464,0.004429,0.004431,27057242.0
1765447200000,0.004432,0.004452,0.004429,0.004449,20548564.0
1765450800000,0.004449,0.004466,0.004441,0.004462,17465320.0
1765454400000,0.004462,0.004475,0.00444,0.004453,15905323.0
1765458000000,0.004451,0.004463,0.004438,0.004451,9904817.0
1765461600000,0.00445,0.004454,0.004387,0.004412,58887138.0
1765465200000,0.004408,0.004457,0.004393,0.004416,64569121.0
1765468800000,0.004414,0.004455,0.004372,0.004421,89035090.0
1765472400000,0.00442,0.004448,0.004404,0.004422,37603007.0
1765476000000,0.004422,0.004534,0.004417,0.004486,50457183.0
1765479600000,0.00449,0.004545,0.00447,0.004507,55776483.0
1765483200000,0.004505,0.004574,0.004504,0.004573,103056686.0
1765486800000,0.004578,0.004697,0.004566,0.004662,79105627.0
1765490400000,0.004667,0.004678,0.004587,0.004604,28073882.0
1765494000000,0.0046,0.004611,0.004566,0.004593,7768953.0
1765497600000,0.004595,0.004622,0.004546,0.004549,56825235.0
1765501200000,0.004553,0.004611,0.004553,0.004592,54508863.0
1765504800000,0.004592,0.004647,0.004582,0.004635,33194229.0
1765508400000,0.004635,0.004648,0.004591,0.004603,15836044.0
1765512000000,0.004602,0.004604,0.004568,0.004571,48944196.0
1765515600000,0.004571,0.004603,0.004547,0.004594,15580208.0
1765519200000,0.004599,0.00462,0.004566,0.004576,10859314.0
1765522800000,0.004573,0.004582,0.004564,0.004572,12154176.0
1765526400000,0.00457,0.004573,0.004539,0.004562,35645722.0
1765530000000,0.004565,0.004587,0.004541,0.004586,23713561.0
1765533600000,0.004583,0.004604,0.004569,0.004573,16956357.0
1765537200000,0.004572,0.004572,0.004549,0.00456,29044026.0
1765540800000,0.004563,0.004571,0.004541,0.004562,15408162.0
1765544400000,0.004562,0.004564,0.004545,0.004552,5903811.0
1765548000000,0.004553,0.004574,0.004525,0.004561,19171891.0
1765551600000,0.004556,0.004556,0.004286,0.004313,148175029.0
1765555200000,0.004311,0.004324,0.004209,0.00422,187455592.0
1765558800000,0.00422,0.004288,0.004211,0.004244,111787080.0
1765562400000,0.004243,0.004313,0.004234,0.004276,80192372.0
1765566000000,0.004277,0.004283,0.004251,0.004267,35064402.0
1765569600000,0.00426,0.004288,0.004251,0.004275,49033192.0
1765573200000,0.004271,0.00431,0.00427,0.004296,6157359.0
1765576800000,0.004299,0.004347,0.004297,0.004326,17183708.0
1765580400000,0.004332,0.004346,0.00432,0.004326,8216107.0
1765584000000,0.004328,0.004344,0.004324,0.004341,40858949.0
1765587600000,0.004341,0.004366,0.004335,0.00435,13474418.0
1765591200000,0.004351,0.004364,0.004346,0.004351,13356349.0
1765594800000,0.004351,0.004391,0.004347,0.004369,13021480.0
1765598400000,0.004371,0.004405,0.00437,0.004403,13853629.0
1765602000000,0.004403,0.004434,0.004394,0.004396,9256373.0
1765605600000,0.004394,0.004394,0.004359,0.004374,13479569.0
1765609200000,0.004377,0.00441,0.004377,0.004401,6908834.0
1765612800000,0.0044,0.004445,0.0044,0.004404,25639479.0
1765616400000,0.004405,0.004408,0.004383,0.004396,14600393.0
1765620000000,0.004396,0.004417,0.004386,0.004402,13855118.0
1765623600000,0.004403,0.004412,0.004388,0.004388,14499424.0
1765627200000,0.00439,0.004409,0.004373,0.004381,11007755.0
1765630800000,0.004381,0.004395,0.004373,0.004384,21210881.0
1765634400000,0.004388,0.004411,0.004378,0.004404,16551670.0
1765638000000,0.004403,0.004426,0.004389,0.004403,96929040.0
1765641600000,0.004406,0.004425,0.004396,0.004406,41713054.0
1765645200000,0.004404,0.004405,0.004378,0.004384,33910147.0
1765648800000,0.004384,0.004405,0.004375,0.004378,50930241.0
1765652400000,0.004376,0.00439,0.004364,0.004382,32087239.0
1765656000000,0.004383,0.004385,0.004369,0.00437,11227389.0
1765659600000,0.004373,0.004384,0.004347,0.004382,17836264.0
1765663200000,0.004383,0.004398,0.004373,0.004384,7349376.0
1765666800000,0.00438,0.004388,0.004378,0.004381,8989718.0
1765670400000,0.00438,0.004389,0.004363,0.004364,47265112.0
1765674000000,0.004363,0.00438,0.004359,0.004367,15579357.0
1765677600000,0.004368,0.004397,0.004366,0.004397,42477558.0
1765681200000,0.004395,0.004406,0.004371,0.004377,53122658.0
1765684800000,0.004378,0.004382,0.004335,0.004338,24594410.0
1765688400000,0.004336,0.004339,0.004314,0.004335,14203419.0
1765692000000,0.004332,0.004346,0.004322,0.004346,13484903.0
1765695600000,0.004347,0.004365,0.004344,0.004359,4142166.0
1765699200000,0.00436,0.004371,0.004323,0.004329,25229897.0
1765702800000,0.00433,0.00433,0.004307,0.004322,13593395.0
1765706400000,0.004322,0.004331,0.004292,0.004311,36011005.0
1765710000000,0.004311,0.004314,0.004239,0.00429,49142665.0
1765713600000,0.004279,0.004311,0.00427,0.004295,18328531.0
1765717200000,0.004293,0.004294,0.004273,0.00429,13906352.0
1765720800000,0.004291,0.004297,0.004197,0.004219,24396187.0
1765724400000,0.004212,0.004214,0.00417,0.004194,35462170.0
1765728000000,0.004193,0.004229,0.004183,0.004208,37277910.0
1765731600000,0.004208,0.00422,0.004158,0.004178,59533044.0
1765735200000,0.00418,0.004219,0.004176,0.004219,60108280.0
1765738800000,0.004218,0.004218,0.004187,0.004194,38207742.0
1765742400000,0.004192,0.004208,0.004165,0.004182,36138505.0
1765746000000,0.004179,0.004188,0.004138,0.004152,34285382.0
1765749600000,0.004151,0.004187,0.004135,0.004187,40719618.0
1765753200000,0.004187,0.0042,0.004112,0.004171,45359545.0
1765756800000,0.004171,0.004212,0.004164,0.004204,56683000.0
1765760400000,0.004205,0.004307,0.004197,0.004285,67715271.0
1765764000000,0.004284,0.004371,0.004284,0.004294,40961768.0
1765767600000,0.004294,0.004326,0.004286,0.004311,16463496.0
1765771200000,0.004315,0.004323,0.004291,0.004311,15599296.0
1765774800000,0.004313,0.004325,0.004301,0.004311,12811291.0
1765778400000,0.004314,0.004337,0.004306,0.004322,15319566.0
1765782000000,0.004323,0.004326,0.004279,0.004289,15407133.0
1765785600000,0.004294,0.004308,0.004285,0.004292,31812274.0
1765789200000,0.004295,0.004318,0.004292,0.004312,20240937.0
1765792800000,0.004315,0.004336,0.004305,0.004323,13219103.0
1765796400000,0.004323,0.004331,0.004298,0.004312,8226845.0
1765800000000,0.004312,0.004326,0.004293,0.004326,5817046.0
1765803600000,0.004325,0.004325,0.004268,0.004289,15575040.0
1765807200000,0.00429,0.004333,0.004153,0.004182,42226080.0
1765810800000,0.004182,0.004185,0.004056,0.004085,162030255.0
1765814400000,0.004077,0.004095,0.004014,0.004026,182302678.0
1765818000000,0.004022,0.004031,0.003983,0.003992,67741110.0
1765821600000,0.003991,0.004006,0.00393,0.004003,153460579.0
1765825200000,0.004006,0.004051,0.003999,0.00402,34565574.0
1765828800000,0.00402,0.004023,0.003977,0.004007,42216733.0
1765832400000,0.003999,0.004031,0.003987,0.00402,44056908.0
1765836000000,0.004019,0.004045,0.004015,0.004043,23791287.0
1765839600000,0.004049,0.004075,0.004048,0.004066,29097359.0
1765843200000,0.004066,0.004077,0.004017,0.004018,37982665.0
1765846800000,0.00402,0.004041,0.003993,0.004006,54987722.0
1765850400000,0.004002,0.00404,0.003979,0.004018,47949992.0
1765854000000,0.00402,0.004036,0.003994,0.00403,31947636.0
1765857600000,0.004029,0.004031,0.003946,0.004,77999908.0
1765861200000,0.003993,0.004021,0.003989,0.00401,14978764.0
1765864800000,0.00401,0.004034,0.004008,0.004028,32795004.0
1765868400000,0.004028,0.004029,0.003958,0.003975,6232341.0
1765872000000,0.003973,0.004012,0.00397,0.003995,48721347.0
1765875600000,0.003996,0.004014,0.003996,0.004006,20108567.0
1765879200000,0.004007,0.00409,0.004,0.004065,21237537.0
1765882800000,0.004063,0.004092,0.004047,0.004089,29223649.0
1765886400000,0.004089,0.004093,0.004059,0.004068,19466597.0
1765890000000,0.004068,0.004122,0.004012,0.004013,85765033.0
1765893600000,0.00401,0.004083,0.003975,0.004053,62344036.0
1765897200000,0.004054,0.004097,0.00402,0.004086,34891988.0
1765900800000,0.004088,0.004105,0.004067,0.004095,137720789.0
1765904400000,0.004098,0.004111,0.004069,0.004078,88998325.0
1765908000000,0.004081,0.00415,0.004074,0.004135,53810085.0
1765911600000,0.004133,0.004134,0.004088,0.004116,24601585.0
1765915200000,0.004117,0.004128,0.004098,0.00411,39163999.0
1765918800000,0.004103,0.004118,0.004091,0.004101,11605453.0
1765922400000,0.004103,0.004113,0.004091,0.004094,9013860.0
1765926000000,0.004096,0.004098,0.004082,0.004092,15987816.0
1765929600000,0.004092,0.004092,0.004062,0.00407,33112910.0
1765933200000,0.004072,0.004125,0.004072,0.00408,42434270.0
1765936800000,0.004082,0.004098,0.004052,0.004087,36638030.0
1765940400000,0.004088,0.004101,0.004066,0.004074,18603472.0
1765944000000,0.004074,0.004083,0.004053,0.004062,13798959.0
1765947600000,0.004063,0.004077,0.004035,0.004074,11772024.0
1765951200000,0.004073,0.004088,0.00407,0.004075,3368277.0
1765954800000,0.004075,0.004087,0.004056,0.004083,6631604.0
1765958400000,0.00408,0.00408,0.004038,0.004042,29041597.0
1765962000000,0.004043,0.004046,0.004017,0.004028,39715903.0
1765965600000,0.004029,0.004036,0.004011,0.004022,32296915.0
1765969200000,0.004022,0.00405,0.004021,0.00404,41301410.0
1765972800000,0.004042,0.00405,0.004016,0.004031,36422561.0
1765976400000,0.004032,0.004089,0.004017,0.00408,125654875.0
1765980000000,0.00408,0.004177,0.004002,0.00417,166391302.0
1765983600000,0.004173,0.00425,0.004016,0.004029,213438520.0
1765987200000,0.004028,0.004063,0.003904,0.003957,316302470.0
1765990800000,0.003961,0.003969,0.003879,0.003879,154916911.0
1765994400000,0.003884,0.00393,0.003861,0.003866,84229614.0
1765998000000,0.003871,0.00392,0.003843,0.003919,81887150.0
1766001600000,0.00392,0.00396,0.0039,0.003934,65970218.0
1766005200000,0.003935,0.003946,0.003902,0.003908,23622948.0
1766008800000,0.003906,0.003922,0.003881,0.003915,11943849.0
1766012400000,0.003914,0.003914,0.003887,0.003896,6291687.0
1766016000000,0.0039,0.003905,0.00388,0.003881,44789256.0
1766019600000,0.003882,0.003882,0.003838,0.003866,38290657.0
1766023200000,0.003862,0.003912,0.003855,0.003891,91181731.0
1766026800000,0.003892,0.003892,0.003852,0.003862,30554612.0
1766030400000,0.003862,0.003881,0.003862,0.003872,17911458.0
1766034000000,0.003873,0.003873,0.003815,0.003823,89150883.0
1766037600000,0.00382,0.003874,0.003817,0.003868,47334347.0
1766041200000,0.003868,0.003884,0.00386,0.003884,20878398.0
1766044800000,0.003886,0.003905,0.003859,0.003862,98489663.0
1766048400000,0.003861,0.003883,0.003847,0.003866,44359014.0
1766052000000,0.003867,0.00388,0.003859,0.003874,46022452.0
1766055600000,0.003874,0.003876,0.003853,0.003853,20204407.0
1766059200000,0.003854,0.003858,0.003823,0.003834,244976401.0
1766062800000,0.003835,0.003975,0.003835,0.00396,127114409.0
1766066400000,0.003961,0.004,0.003898,0.003928,88811857.0
1766070000000,0.003928,0.004004,0.003887,0.003973,170795720.0
1766073600000,0.003977,0.003981,0.00393,0.003944,84833262.0
1766077200000,0.003942,0.003942,0.003682,0.003777,202468141.0
1766080800000,0.003775,0.003818,0.003735,0.003744,81096159.0
1766084400000,0.003742,0.003744,0.003636,0.003642,213593347.0
1766088000000,0.003643,0.003688,0.00364,0.003664,68155865.0
1766091600000,0.003661,0.003755,0.003661,0.003755,54254883.0
1766095200000,0.003755,0.00377,0.003736,0.003736,16256416.0
1766098800000,0.003735,0.00374,0.003704,0.003714,21922628.0
1766102400000,0.003714,0.00373,0.003689,0.003711,57984196.0
1766106000000,0.003712,0.003712,0.003664,0.003679,52882740.0
1766109600000,0.003679,0.0037,0.003663,0.003691,44558549.0
1766113200000,0.003692,0.003846,0.003692,0.003809,108962283.0
1766116800000,0.003812,0.00384,0.003805,0.003834,43629412.0
1766120400000,0.003831,0.003831,0.003806,0.003816,21070985.0
1766124000000,0.003817,0.003854,0.003809,0.003852,20805574.0
1766127600000,0.003854,0.003921,0.003854,0.003874,47168066.0
1766131200000,0.003873,0.00391,0.003869,0.003896,84182922.0
1766134800000,0.003895,0.003895,0.003875,0.003882,32386031.0
1766138400000,0.003883,0.003897,0.003876,0.003892,35309583.0
1766142000000,0.003893,0.003908,0.003886,0.003902,30844342.0
1766145600000,0.003903,0.003922,0.003893,0.003903,23683591.0
1766149200000,0.003907,0.003916,0.003894,0.003909,11269851.0
1766152800000,0.003909,0.003984,0.003899,0.003964,60229306.0
1766156400000,0.00396,0.004099,0.003945,0.004001,213027070.0
1766160000000,0.004001,0.004087,0.003992,0.004039,102969232.0
1766163600000,0.004037,0.004085,0.003974,0.003974,86131763.0
1766167200000,0.003978,0.004076,0.003977,0.004062,64062941.0
1766170800000,0.004066,0.004173,0.004066,0.004152,81888576.0
1766174400000,0.004154,0.00417,0.004135,0.004152,29616528.0
1766178000000,0.004151,0.004162,0.004116,0.004119,23189420.0
1766181600000,0.004125,0.004139,0.004122,0.004127,8723650.0
1766185200000,0.004124,0.004133,0.00411,0.004113,8592988.0
1766188800000,0.004112,0.004113,0.004071,0.004087,57934207.0
1766192400000,0.004087,0.004093,0.004065,0.004086,21664425.0
1766196000000,0.004086,0.004111,0.004071,0.004093,25312480.0
1766199600000,0.004092,0.004106,0.004081,0.004088,24136089.0
1766203200000,0.004089,0.004089,0.004043,0.004048,37394094.0
1766206800000,0.00405,0.004076,0.00405,0.004064,12572225.0
1766210400000,0.004062,0.004071,0.004054,0.004063,2045147.0
1766214000000,0.004068,0.004095,0.004063,0.00409,8868106.0
1766217600000,0.004093,0.004144,0.004093,0.004115,85508010.0
1766221200000,0.004113,0.004116,0.004087,0.004091,28174273.0
1766224800000,0.004091,0.004099,0.00407,0.004085,20651526.0
1766228400000,0.004085,0.004101,0.004081,0.004094,33998898.0
1766232000000,0.004092,0.004097,0.004074,0.004074,7354073.0
1766235600000,0.004074,0.004089,0.004057,0.004084,19922489.0
1766239200000,0.004086,0.004113,0.00406,0.004113,19945020.0
1766242800000,0.004112,0.004113,0.004084,0.004093,15613398.0
1766246400000,0.004097,0.004103,0.004086,0.004103,27050683.0
1766250000000,0.004104,0.004112,0.004088,0.004091,28826300.0
1766253600000,0.004095,0.004116,0.004091,0.004106,17466374.0
1766257200000,0.004108,0.004111,0.004093,0.004093,19623951.0
1766260800000,0.004092,0.004092,0.004076,0.004087,5988694.0
1766264400000,0.004087,0.004096,0.004075,0.004077,21403303.0
1766268000000,0.004077,0.004104,0.004071,0.004096,9739384.0
1766271600000,0.004096,0.004099,0.004072,0.004075,6477251.0
1766275200000,0.004074,0.00408,0.004058,0.004066,19910409.0
1766278800000,0.004064,0.004066,0.004039,0.004046,14598571.0
1766282400000,0.004042,0.004056,0.004025,0.004029,46445199.0
1766286000000,0.00403,0.004075,0.004029,0.004075,26455474.0
1766289600000,0.004075,0.004085,0.004059,0.004061,13141406.0
1766293200000,0.004061,0.004096,0.004061,0.004094,7759876.0
1766296800000,0.004091,0.004115,0.004087,0.004105,8475147.0
1766300400000,0.004103,0.004106,0.004083,0.004087,4417854.0
1766304000000,0.004085,0.004102,0.004068,0.004086,24761502.0
1766307600000,0.00409,0.004109,0.004073,0.004095,49259778.0
1766311200000,0.004098,0.004106,0.004077,0.00408,22528819.0
1766314800000,0.004082,0.004099,0.004075,0.004095,14678747.0
1766318400000,0.004094,0.004109,0.004063,0.004074,19617741.0
1766322000000,0.004071,0.004071,0.003954,0.003973,69782448.0
1766325600000,0.003967,0.004013,0.003965,0.004002,37470929.0
1766329200000,0.004002,0.004033,0.003989,0.00401,22276969.0
1766332800000,0.004009,0.004042,0.003998,0.004032,36401938.0
1766336400000,0.004033,0.004057,0.004031,0.004051,37358958.0
1766340000000,0.004052,0.004052,0.004012,0.004014,23433982.0
1766343600000,0.004014,0.004021,0.003993,0.00401,30960565.0
1766347200000,0.004012,0.004012,0.003979,0.003985,16595745.0
1766350800000,0.003985,0.003993,0.003955,0.00396,13870272.0
1766354400000,0.003958,0.004018,0.003944,0.004016,44097587.0
1766358000000,0.004019,0.00405,0.004002,0.004024,45107626.0
1766361600000,0.004025,0.00414,0.004025,0.004052,100290438.0
1766365200000,0.004048,0.00409,0.00403,0.004032,81697907.0
1766368800000,0.00403,0.00403,0.003953,0.003993,63045621.0
1766372400000,0.003995,0.004028,0.003975,0.004011,40336372.0
1766376000000,0.004011,0.004047,0.004008,0.004042,34890048.0
1766379600000,0.004042,0.004042,0.004,0.004001,12140207.0
1766383200000,0.003997,0.00403,0.003991,0.004015,3225149.0
1766386800000,0.004012,0.004038,0.004003,0.004013,5854404.0
1766390400000,0.00401,0.00406,0.003999,0.004005,44065795.0
1766394000000,0.004006,0.004012,0.003983,0.003993,37247690.0
1766397600000,0.003997,0.004006,0.003987,0.004001,44900625.0
1766401200000,0.004001,0.004006,0.003981,0.003991,9118693.0
1766404800000,0.00399,0.004029,0.003985,0.004014,36626877.0
1766408400000,0.004015,0.00402,0.003986,0.00401,21691590.0
1766412000000,0.004014,0.004049,0.003992,0.004033,31860998.0
1766415600000,0.004034,0.004073,0.003997,0.004048,124791024.0
1766419200000,0.004049,0.004063,0.004022,0.004036,54725662.0
1766422800000,0.004034,0.004034,0.00401,0.004013,37495149.0
1766426400000,0.004013,0.004042,0.004004,0.004022,146642088.0
1766430000000,0.004022,0.004023,0.003922,0.003938,44932555.0
1766433600000,0.003933,0.003959,0.003917,0.003948,35768330.0
1766437200000,0.003944,0.003984,0.003944,0.003969,36099278.0
1766440800000,0.003969,0.004027,0.003958,0.00402,33242446.0
1766444400000,0.004024,0.004024,0.004,0.004016,11918867.0
1766448000000,0.004019,0.004054,0.004014,0.004041,24259538.0
1766451600000,0.004044,0.004048,0.004007,0.004025,36055351.0
1766455200000,0.004023,0.00404,0.003989,0.00399,52163400.0
1766458800000,0.00399,0.00401,0.003965,0.003999,33768756.0
1766462400000,0.003998,0.004004,0.00398,0.003983,24182877.0
1766466000000,0.003981,0.003981,0.003937,0.003951,18094830.0
1766469600000,0.00395,0.003964,0.003923,0.003943,21278282.0
1766473200000,0.003943,0.003953,0.003935,0.003941,11504501.0
1766476800000,0.003941,0.00397,0.003935,0.003958,64917195.0
1766480400000,0.00396,0.003985,0.003947,0.003983,33632866.0
1766484000000,0.003983,0.003989,0.003971,0.003977,147921152.0
1766487600000,0.003977,0.003998,0.003973,0.003984,36688541.0
1766491200000,0.003983,0.003983,0.003943,0.003956,27853756.0
1766494800000,0.003954,0.003962,0.003908,0.003922,17380066.0
1766498400000,0.003922,0.003947,0.003863,0.003897,127024771.0
1766502000000,0.003896,0.003926,0.003881,0.003923,31054778.0
1766505600000,0.003922,0.003986,0.003916,0.003977,163348609.0
1766509200000,0.003977,0.00398,0.003889,0.003894,31640144.0
1766512800000,0.003897,0.003979,0.003895,0.003974,66243101.0
1766516400000,0.003975,0.003989,0.003968,0.003986,33250870.0
1766520000000,0.003986,0.00402,0.003962,0.00398,108655227.0
1766523600000,0.003984,0.003986,0.003959,0.003963,26628176.0
1766527200000,0.003963,0.003972,0.003929,0.003931,8456024.0
1766530800000,0.00393,0.003943,0.003919,0.003933,57350811.0
1766534400000,0.003934,0.003956,0.003933,0.003945,54881883.0
1766538000000,0.003946,0.00397,0.003915,0.003925,20816624.0
1766541600000,0.003921,0.003922,0.003883,0.003888,40062566.0
1766545200000,0.003889,0.003915,0.003862,0.003913,120459319.0
1766548800000,0.003912,0.003929,0.00388,0.00388,66650744.0
1766552400000,0.003881,0.003891,0.003848,0.003858,38686457.0
1766556000000,0.003854,0.003869,0.00384,0.003865,7198282.0
1766559600000,0.003866,0.00389,0.003866,0.00387,5704276.0
1766563200000,0.003871,0.00388,0.003856,0.003873,24213625.0
1766566800000,0.003876,0.003892,0.003876,0.003883,23652724.0
1766570400000,0.003883,0.003917,0.003883,0.003908,14108079.0
1766574000000,0.003906,0.003925,0.003902,0.003903,30714591.0
1766577600000,0.003901,0.003921,0.003895,0.003914,19093591.0
1766581200000,0.003911,0.003913,0.003884,0.003892,36018159.0
1766584800000,0.003896,0.003918,0.003844,0.003898,135178990.0
1766588400000,0.0039,0.003949,0.003889,0.003949,12197346.0
1766592000000,0.003948,0.003966,0.003917,0.003954,42445668.0
1766595600000,0.003955,0.00396,0.003932,0.003934,41929246.0
1766599200000,0.003934,0.003948,0.003926,0.003937,26833409.0
1766602800000,0.003935,0.003945,0.003921,0.003939,10194158.0
1766606400000,0.003938,0.003962,0.003938,0.00395,10443205.0
1766610000000,0.003952,0.003971,0.003949,0.00397,11776961.0
1766613600000,0.003972,0.004003,0.00397,0.003994,8244589.0
1766617200000,0.003994,0.003994,0.003966,0.003972,37847881.0
1766620800000,0.003974,0.003985,0.003957,0.003958,36992448.0
1766624400000,0.003961,0.003991,0.003961,0.003987,17391876.0
1766628000000,0.003987,0.004025,0.003978,0.004017,25123427.0
1766631600000,0.004018,0.004055,0.004009,0.004024,26544975.0
1766635200000,0.004025,0.004041,0.004021,0.004031,16474062.0
1766638800000,0.004032,0.004037,0.004021,0.004029,4110600.0
1766642400000,0.004032,0.004038,0.00402,0.004034,2243293.0
1766646000000,0.004031,0.004033,0.004012,0.004024,840769.0
1766649600000,0.004025,0.00404,0.003991,0.004007,31005898.0
1766653200000,0.004009,0.004011,0.003995,0.004005,25297102.0
1766656800000,0.004005,0.004006,0.003957,0.003974,22994251.0
1766660400000,0.003974,0.003987,0.003967,0.003969,10887901.0
1766664000000,0.00397,0.003982,0.003965,0.003981,7720513.0
1766667600000,0.003981,0.003991,0.003956,0.003977,8194545.0
1766671200000,0.003977,0.003982,0.003958,0.003973,5764285.0
1766674800000,0.003972,0.004023,0.00397,0.004004,12970095.0
1766678400000,0.004006,0.00402,0.003975,0.003991,28144646.0
1766682000000,0.003991,0.004002,0.003982,0.003999,28011285.0
1766685600000,0.004,0.004021,0.004,0.004015,21610559.0
1766689200000,0.004016,0.004019,0.004003,0.004017,6328469.0
1766692800000,0.004017,0.004024,0.004003,0.004007,7094565.0
1766696400000,0.004007,0.004015,0.003997,0.004002,2603704.0
1766700000000,0.004001,0.004003,0.003894,0.003915,34052853.0
1766703600000,0.003912,0.003939,0.003876,0.003893,27535983.0
1766707200000,0.003893,0.003913,0.00387,0.003894,48109725.0
1766710800000,0.003893,0.00394,0.003893,0.003937,27295598.0
1766714400000,0.003938,0.004087,0.003935,0.004048,49519530.0
1766718000000,0.004052,0.004059,0.004008,0.004016,59044283.0
1766721600000,0.004017,0.004026,0.003985,0.004013,14093106.0
1766725200000,0.004014,0.004025,0.004002,0.004021,5298434.0
1766728800000,0.004025,0.004035,0.004008,0.004016,5678726.0
1766732400000,0.004014,0.004031,0.003983,0.003992,6503603.0
1766736000000,0.003992,0.004028,0.003992,0.004028,29750528.0
1766739600000,0.004029,0.004062,0.004022,0.004056,27432693.0
1766743200000,0.004057,0.00406,0.004048,0.004053,22586769.0
1766746800000,0.004053,0.004054,0.004031,0.004031,13807836.0
1766750400000,0.004033,0.004056,0.004032,0.004056,31131665.0
1766754000000,0.004053,0.004054,0.004028,0.004046,8127083.0
1766757600000,0.004045,0.00405,0.003951,0.003974,92905726.0
1766761200000,0.003971,0.004,0.003942,0.00398,23880368.0
1766764800000,0.003982,0.003997,0.003953,0.003955,31929874.0
1766768400000,0.003954,0.003994,0.003952,0.003988,27651642.0
1766772000000,0.00399,0.004015,0.003984,0.004003,27234290.0
1766775600000,0.004004,0.004029,0.003995,0.004024,14063254.0
1766779200000,0.004025,0.004046,0.004015,0.004035,7644005.0
1766782800000,0.004038,0.00404,0.00401,0.00401,19213764.0
1766786400000,0.00401,0.004032,0.004008,0.004028,8622752.0
1766790000000,0.004023,0.004033,0.004018,0.004033,6922966.0
1766793600000,0.004032,0.004037,0.004023,0.004036,40831479.0
1766797200000,0.004036,0.004037,0.004017,0.004035,8461646.0
1766800800000,0.004034,0.004035,0.004022,0.004031,12128623.0
1766804400000,0.00403,0.004058,0.004028,0.004043,16893425.0
1766808000000,0.004045,0.004046,0.004026,0.00403,3434208.0
1766811600000,0.004032,0.004035,0.004023,0.004032,4876879.0
1766815200000,0.004032,0.004032,0.004014,0.004018,10717426.0
1766818800000,0.004015,0.004035,0.004015,0.004022,14884760.0
1766822400000,0.004024,0.00403,0.004017,0.004025,7985446.0
1766826000000,0.004024,0.004043,0.004024,0.004034,25365123.0
1766829600000,0.004035,0.004042,0.004019,0.004037,25844063.0
1766833200000,0.004037,0.004062,0.004035,0.004061,16110950.0
1766836800000,0.00406,0.004072,0.004046,0.004056,14708569.0
1766840400000,0.004055,0.00406,0.004044,0.004055,13608175.0
1766844000000,0.004055,0.004072,0.004048,0.004068,4955058.0
1766847600000,0.004065,0.00409,0.004064,0.004087,134130412.0
1766851200000,0.004088,0.004177,0.004088,0.004134,258422464.0
1766854800000,0.004132,0.004138,0.004107,0.004123,58289624.0
1766858400000,0.004124,0.004126,0.004099,0.00411,57963658.0
1766862000000,0.004111,0.004129,0.004105,0.004125,14520179.0
1766865600000,0.004125,0.004134,0.004103,0.004116,12975336.0
1766869200000,0.004114,0.004159,0.004113,0.004157,7883699.0
1766872800000,0.004158,0.0042,0.004133,0.004146,40575700.0
1766876400000,0.004148,0.004214,0.004146,0.004196,45919842.0
1766880000000,0.004198,0.004207,0.004171,0.004174,28650219.0
1766883600000,0.004176,0.004183,0.004153,0.004154,28926539.0
1766887200000,0.004153,0.004177,0.004148,0.004173,25559204.0
1766890800000,0.004172,0.004177,0.00416,0.004168,15943323.0
1766894400000,0.004167,0.004175,0.004149,0.004157,8626304.0
1766898000000,0.004155,0.004173,0.004147,0.004158,5793929.0
1766901600000,0.004158,0.004185,0.004152,0.004182,2126143.0
1766905200000,0.004181,0.004185,0.004157,0.004158,13588488.0
1766908800000,0.004156,0.004184,0.004154,0.00416,43149238.0
1766912400000,0.004159,0.004163,0.004135,0.00415,25146697.0
1766916000000,0.004152,0.004176,0.004149,0.004166,12228841.0
1766919600000,0.004167,0.004182,0.004159,0.004168,30474468.0
1766923200000,0.004171,0.004177,0.004153,0.004156,13164740.0
1766926800000,0.004158,0.004176,0.004155,0.004176,166866463.0
1766930400000,0.004175,0.004258,0.004175,0.004246,65032282.0
1766934000000,0.004244,0.00425,0.004204,0.004208,70481189.0
1766937600000,0.004208,0.004223,0.004188,0.004191,75390365.0
1766941200000,0.004191,0.004212,0.00419,0.004193,13935546.0
1766944800000,0.004198,0.004199,0.004134,0.004137,85089443.0
1766948400000,0.004136,0.00416,0.004135,0.004143,42979259.0
1766952000000,0.004141,0.00416,0.004126,0.004145,24293545.0
1766955600000,0.004145,0.004151,0.00413,0.004145,23997499.0
1766959200000,0.004144,0.004171,0.004136,0.004165,10951150.0
1766962800000,0.004165,0.004182,0.004145,0.004173,7248479.0
1766966400000,0.004177,0.004246,0.004164,0.004213,78246651.0
1766970000000,0.004213,0.00425,0.004178,0.004247,19533079.0
1766973600000,0.004248,0.004324,0.004248,0.004258,56437404.0
1766977200000,0.004258,0.004307,0.004254,0.004293,51070871.0
1766980800000,0.004294,0.004301,0.004266,0.004266,27305004.0
1766984400000,0.004266,0.004266,0.004237,0.004237,13365236.0
1766988000000,0.004235,0.004258,0.004219,0.004221,6364069.0
1766991600000,0.004222,0.004228,0.004192,0.004219,54675343.0
1766995200000,0.00422,0.004222,0.004195,0.004198,30699218.0
1766998800000,0.004198,0.004203,0.004118,0.004144,54546923.0
1767002400000,0.004144,0.004174,0.004141,0.004159,26009303.0
1767006000000,0.004158,0.004162,0.004141,0.004149,19013843.0
1767009600000,0.004147,0.004152,0.004057,0.004092,57057689.0
1767013200000,0.004093,0.004096,0.004065,0.00407,21545111.0
1767016800000,0.004071,0.004116,0.004054,0.004066,22633130.0
1767020400000,0.004069,0.004117,0.004065,0.004094,17026698.0
1767024000000,0.004093,0.0041,0.004065,0.004086,42971075.0
1767027600000,0.004085,0.004117,0.004074,0.004113,28001749.0
1767031200000,0.004113,0.004119,0.004082,0.004089,22935721.0
1767034800000,0.00409,0.004111,0.004077,0.004089,30078819.0
1767038400000,0.00409,0.004108,0.004066,0.004072,20403462.0
1767042000000,0.004071,0.004095,0.00407,0.004081,21490071.0
1767045600000,0.004079,0.00409,0.00407,0.004078,8510719.0
1767049200000,0.004078,0.004084,0.004066,0.004068,5699118.0
1767052800000,0.004067,0.004079,0.004055,0.004072,35552171.0
1767056400000,0.004071,0.004084,0.004061,0.004068,15739905.0
1767060000000,0.004068,0.004075,0.004053,0.004065,17319678.0
1767063600000,0.004063,0.004065,0.003994,0.004051,57423650.0
1767067200000,0.004052,0.004082,0.004042,0.004072,12828667.0
1767070800000,0.00407,0.004072,0.004036,0.004052,11610407.0
1767074400000,0.004052,0.004069,0.00405,0.004058,6196520.0
1767078000000,0.004057,0.004077,0.004055,0.004073,3480204.0
1767081600000,0.004071,0.004124,0.004071,0.004097,41605739.0
1767085200000,0.004099,0.004133,0.004097,0.004124,27994225.0
1767088800000,0.004124,0.004127,0.004099,0.004101,16124060.0
1767092400000,0.004101,0.004104,0.004084,0.004092,10286898.0
1767096000000,0.004093,0.004117,0.004093,0.00411,13466653.0
1767099600000,0.00411,0.004172,0.004104,0.004169,10591054.0
1767103200000,0.004167,0.00417,0.004109,0.004151,56347427.0
1767106800000,0.004156,0.004175,0.004119,0.004173,12038998.0
1767110400000,0.004173,0.004217,0.004163,0.004175,72696397.0
1767114000000,0.004175,0.00419,0.004143,0.004151,28880597.0
1767117600000,0.004151,0.004151,0.004125,0.004141,24454836.0
1767121200000,0.00414,0.004152,0.004111,0.004145,20429510.0
1767124800000,0.004143,0.004145,0.004119,0.004123,24255178.0
1767128400000,0.004123,0.004142,0.00412,0.004133,14265568.0
1767132000000,0.004135,0.004156,0.004132,0.004137,22542199.0
1767135600000,0.004135,0.00415,0.004133,0.004143,72700116.0
1767139200000,0.004139,0.004154,0.004127,0.004141,78873678.0
1767142800000,0.004143,0.004169,0.004136,0.00415,51325575.0
1767146400000,0.004151,0.004151,0.004128,0.004136,31876966.0
1767150000000,0.004135,0.004141,0.004113,0.004126,16966901.0
1767153600000,0.004127,0.004135,0.004114,0.004114,14370638.0
1767157200000,0.004114,0.004125,0.004106,0.004115,9796494.0
1767160800000,0.004116,0.004122,0.004108,0.004116,5819798.0
1767164400000,0.004115,0.004124,0.004107,0.004118,7311212.0
1767168000000,0.004118,0.004129,0.0041,0.004104,26713722.0
1767171600000,0.004104,0.004112,0.004099,0.004108,15771232.0
1767175200000,0.004108,0.004109,0.004086,0.004098,8978662.0
1767178800000,0.004099,0.004131,0.004097,0.004129,27924676.0
1767182400000,0.004131,0.004132,0.0041,0.004106,14122824.0
1767186000000,0.004105,0.004125,0.004099,0.00412,15520043.0
1767189600000,0.00412,0.004146,0.004105,0.00412,30109969.0
1767193200000,0.004123,0.004127,0.004075,0.004098,17949287.0
1767196800000,0.004099,0.00411,0.003982,0.004022,127773401.0
1767200400000,0.00402,0.004033,0.003994,0.004001,42547391.0
1767204000000,0.004001,0.004023,0.003986,0.004002,31702936.0
1767207600000,0.004005,0.004027,0.004005,0.004013,53473227.0
1767211200000,0.004013,0.004049,0.003991,0.004042,42181968.0
1767214800000,0.004041,0.004065,0.004038,0.004051,13809439.0
1767218400000,0.004055,0.004057,0.004035,0.004038,6155487.0
1767222000000,0.004035,0.004041,0.004027,0.004032,9861804.0
1767225600000,0.004035,0.004065,0.004033,0.004044,35487710.0
1767229200000,0.004044,0.004065,0.004043,0.004052,21031517.0
1767232800000,0.004053,0.004067,0.004046,0.004067,20960955.0
1767236400000,0.004065,0.004074,0.004053,0.004055,13847780.0
1767240000000,0.004051,0.004058,0.004038,0.004057,7121847.0
1767243600000,0.004057,0.004088,0.004057,0.004085,23483631.0
1767247200000,0.004087,0.004108,0.004086,0.004094,22606375.0
1767250800000,0.004096,0.004115,0.004087,0.004091,17571045.0
1767254400000,0.004091,0.004141,0.004091,0.004139,28745709.0
1767258000000,0.004138,0.004166,0.004138,0.004163,37474094.0
1767261600000,0.004162,0.004179,0.004149,0.004177,33611838.0
1767265200000,0.004177,0.00418,0.004159,0.004174,33978579.0
1767268800000,0.004175,0.004177,0.004146,0.004163,22712054.0
1767272400000,0.004161,0.004178,0.004158,0.004168,24217389.0
1767276000000,0.004171,0.004188,0.004153,0.004181,41839579.0
1767279600000,0.004185,0.004284,0.004171,0.004259,78541828.0
1767283200000,0.00426,0.004367,0.004251,0.00435,165839277.0
1767286800000,0.004347,0.004527,0.004347,0.004482,261099737.0
1767290400000,0.004486,0.004592,0.004469,0.004572,187684162.0
1767294000000,0.004574,0.004685,0.004563,0.004682,511747957.0
1767297600000,0.004684,0.004783,0.004675,0.004775,352254341.0
1767301200000,0.004771,0.0048,0.004678,0.004745,530568516.0
1767304800000,0.004742,0.004953,0.004739,0.004934,334447615.0
1767308400000,0.004934,0.004971,0.004878,0.004924,352259973.0
1767312000000,0.004921,0.004947,0.004877,0.004924,545387667.0
1767315600000,0.004923,0.004965,0.004877,0.004898,270254272.0
1767319200000,0.004898,0.004962,0.004811,0.004955,357595315.0
1767322800000,0.004948,0.005192,0.004943,0.005109,891248343.0
1767326400000,0.005109,0.005168,0.005103,0.005142,220553932.0
1767330000000,0.005143,0.005259,0.005084,0.005164,369176064.0
1767333600000,0.005162,0.005243,0.005098,0.005123,422860950.0
1767337200000,0.005124,0.005131,0.00504,0.005091,201584572.0
1767340800000,0.005089,0.005132,0.00508,0.005093,88946832.0
1767344400000,0.005092,0.005256,0.005069,0.005169,194517524.0
1767348000000,0.005172,0.005318,0.005152,0.00527,263850987.0
1767351600000,0.005271,0.005293,0.005182,0.005213,595781167.0
1767355200000,0.005213,0.005894,0.005199,0.005652,2032263405.0
1767358800000,0.005651,0.005797,0.005587,0.005673,582235629.0
1767362400000,0.005673,0.005709,0.005446,0.005594,2179160252.0
1767366000000,0.005594,0.005666,0.00551,0.00555,1708563709.0
1767369600000,0.005547,0.00627,0.005529,0.00604,6761918646.0
1767373200000,0.006027,0.00605,0.005872,0.005981,1774688498.0
1767376800000,0.005978,0.00606,0.005845,0.005909,1474095556.0
1767380400000,0.005906,0.005975,0.005889,0.005899,215010638.0
1767384000000,0.005902,0.006004,0.005873,0.005971,609846444.0
1767387600000,0.005962,0.006035,0.0059,0.00598,384217120.0
1767391200000,0.005976,0.006167,0.0059,0.006114,558365931.0
1767394800000,0.00611,0.00611,0.00596,0.006009,859174418.0
1767398400000,0.006009,0.00631,0.006002,0.006152,852197603.0
1767402000000,0.006152,0.006191,0.006051,0.006118,310381706.0
1767405600000,0.006121,0.006294,0.006054,0.006203,232355641.0
1767409200000,0.006202,0.006252,0.006158,0.006165,789758841.0
1767412800000,0.006163,0.006183,0.006065,0.006089,153120047.0
1767416400000,0.006085,0.006127,0.006016,0.006081,281223422.0
1767420000000,0.006081,0.006144,0.005875,0.005936,1128365523.0
1767423600000,0.00593,0.005942,0.00575,0.005818,1059167430.0
1767427200000,0.005818,0.00615,0.005763,0.006091,1698145140.0
1767430800000,0.006089,0.006226,0.00606,0.006116,744384469.0
1767434400000,0.006119,0.006137,0.005992,0.005997,428890096.0
1767438000000,0.005998,0.006014,0.005952,0.005971,194453195.0
1767441600000,0.005971,0.006031,0.005957,0.006017,303958623.0
1767445200000,0.006008,0.006073,0.005995,0.006046,168670788.0
1767448800000,0.006042,0.006122,0.006027,0.006116,263380351.0
1767452400000,0.006113,0.00616,0.00603,0.006145,251129793.0
1767456000000,0.006144,0.006299,0.006048,0.006062,520348338.0
1767459600000,0.006062,0.006189,0.006062,0.006101,580394235.0
1767463200000,0.006102,0.006136,0.006083,0.006093,246887830.0
1767466800000,0.006092,0.006103,0.006053,0.006096,135314867.0
1767470400000,0.006094,0.006166,0.00604,0.006114,249630972.0
1767474000000,0.006117,0.006156,0.006089,0.006121,144153066.0
1767477600000,0.006118,0.006202,0.006114,0.006146,189668316.0
1767481200000,0.006149,0.006213,0.006107,0.006111,127381496.0
1767484800000,0.006112,0.006353,0.006099,0.006267,427301323.0
1767488400000,0.006266,0.006299,0.006162,0.006254,339808804.0
1767492000000,0.00625,0.006398,0.006194,0.006308,489633568.0
1767495600000,0.006304,0.006623,0.006304,0.00644,487163965.0
1767499200000,0.006434,0.006469,0.00632,0.006342,166615186.0
1767502800000,0.006345,0.006451,0.006311,0.00644,339724036.0
1767506400000,0.006437,0.006466,0.006376,0.006399,102340451.0
1767510000000,0.006399,0.006552,0.006381,0.006519,217282076.0
1767513600000,0.006519,0.00691,0.006472,0.00682,668682706.0
1767517200000,0.006822,0.007069,0.006749,0.006924,738600651.0
1767520800000,0.006925,0.007001,0.006836,0.006957,620847627.0
1767524400000,0.006951,0.00711,0.006934,0.007098,580194445.0
1767528000000,0.007096,0.007168,0.006955,0.007014,465599729.0
1767531600000,0.007005,0.007027,0.006866,0.006922,1578297952.0
1767535200000,0.006921,0.007058,0.006841,0.007001,1465138661.0
1767538800000,0.006995,0.007046,0.006893,0.006999,365855275.0
1767542400000,0.006988,0.007087,0.00696,0.007065,307749344.0
1767546000000,0.007062,0.00718,0.007022,0.007038,399839702.0
1767549600000,0.007039,0.00708,0.006979,0.007054,397412926.0
1767553200000,0.007049,0.007057,0.006745,0.006993,1393864801.0
1767556800000,0.006994,0.007092,0.006981,0.007058,415839430.0
1767560400000,0.007061,0.00716,0.007021,0.007078,428506925.0
1767564000000,0.007075,0.007214,0.007059,0.007116,608304064.0
1767567600000,0.00712,0.007262,0.007096,0.007185,621839565.0
1767571200000,0.00718,0.00725,0.007029,0.007085,984351240.0
1767574800000,0.007084,0.00718,0.007059,0.007077,1024510447.0
1767578400000,0.007079,0.007153,0.006919,0.007118,932347900.0
1767582000000,0.007114,0.007135,0.006986,0.007017,302775839.0
1767585600000,0.007017,0.007097,0.006884,0.007076,639574499.0
1767589200000,0.007072,0.007118,0.006946,0.006964,507584266.0
1767592800000,0.006956,0.006993,0.006887,0.006918,319977428.0
1767596400000,0.006918,0.006989,0.006876,0.006928,192979958.0
1767600000000,0.00693,0.006953,0.00689,0.006902,315629185.0
1767603600000,0.006901,0.006902,0.006421,0.006724,3227675122.0
1767607200000,0.006725,0.006824,0.006685,0.006759,568722805.0
1767610800000,0.006759,0.006833,0.006749,0.0068,361015300.0
1767614400000,0.006797,0.006798,0.006733,0.006777,304138338.0
1767618000000,0.006775,0.006797,0.006737,0.006773,204144410.0
1767621600000,0.006766,0.006789,0.006675,0.006766,629167755.0
1767625200000,0.006764,0.006937,0.006685,0.006794,1569533772.0
1767628800000,0.006792,0.006922,0.00678,0.006861,305076111.0
1767632400000,0.006855,0.006979,0.00681,0.006916,365802668.0
1767636000000,0.006916,0.006933,0.006849,0.006926,175992656.0
1767639600000,0.006918,0.006941,0.006862,0.006891,275238042.0
1767643200000,0.006889,0.006968,0.006826,0.006872,509643190.0
1767646800000,0.006873,0.00693,0.006852,0.006896,350067626.0
1767650400000,0.006894,0.007044,0.006887,0.00702,258106227.0
1767654000000,0.007019,0.007038,0.006948,0.00701,514254009.0
1767657600000,0.007011,0.007099,0.006919,0.007058,500379989.0
1767661200000,0.007056,0.007106,0.006949,0.006975,401764653.0
1767664800000,0.006974,0.007002,0.006849,0.006908,146536992.0
1767668400000,0.006911,0.007088,0.006909,0.007056,365230396.0
1767672000000,0.007056,0.007062,0.006923,0.006937,270105204.0
1767675600000,0.006936,0.006937,0.006865,0.006885,128573547.0
1767679200000,0.00689,0.006935,0.006855,0.006892,116890000.0
1767682800000,0.006892,0.006913,0.006735,0.006795,494999781.0
1767686400000,0.006795,0.006844,0.0067,0.006733,438156418.0
1767690000000,0.006733,0.006794,0.006722,0.006775,181665911.0
1767693600000,0.006775,0.007006,0.006764,0.00699,1154411176.0
1767697200000,0.00699,0.00699,0.006829,0.006834,336830073.0
1767700800000,0.006832,0.006886,0.006818,0.006861,373586389.0
1767704400000,0.006859,0.006917,0.00685,0.006876,94261928.0
1767708000000,0.006877,0.006962,0.006826,0.00685,779395249.0
1767711600000,0.00685,0.00688,0.006625,0.006685,825711898.0
1767715200000,0.00668,0.00669,0.006289,0.006462,2733264740.0
1767718800000,0.006461,0.006545,0.006424,0.006468,873461313.0
1767722400000,0.006464,0.006662,0.006441,0.006602,553121966.0
1767726000000,0.006599,0.006624,0.006548,0.006554,201675793.0
1767729600000,0.006554,0.006589,0.006513,0.006531,258305164.0
1767733200000,0.006531,0.00666,0.006531,0.006611,413950206.0
1767736800000,0.006609,0.006664,0.006593,0.006613,170190875.0
1767740400000,0.006617,0.006756,0.00661,0.006717,187345358.0
1767744000000,0.006716,0.006716,0.006545,0.006552,338493338.0
1767747600000,0.006555,0.006597,0.006516,0.006536,231337068.0
1767751200000,0.006536,0.006621,0.00652,0.006617,79174554.0
1767754800000,0.006616,0.006702,0.006611,0.006677,137453235.0
1767758400000,0.006678,0.006737,0.00665,0.006682,288644247.0
1767762000000,0.006682,0.006777,0.006613,0.006738,234532927.0
1767765600000,0.006739,0.006894,0.00672,0.00674,400105733.0
1767769200000,0.006739,0.00687,0.006659,0.006863,235802863.0
1767772800000,0.006862,0.007095,0.006824,0.006893,729423969.0
1767776400000,0.006894,0.006894,0.00671,0.006754,798546797.0
1767780000000,0.006745,0.00679,0.006684,0.006702,321684204.0
1767783600000,0.006697,0.006777,0.00669,0.006705,109503224.0
1767787200000,0.006706,0.006706,0.006558,0.006573,321313184.0
1767790800000,0.006575,0.006607,0.006537,0.006551,105933070.0
1767794400000,0.006555,0.006745,0.006488,0.006733,814037727.0
1767798000000,0.006734,0.006738,0.006567,0.006584,396715137.0
1767801600000,0.006582,0.006849,0.006579,0.006793,537759882.0
1767805200000,0.006798,0.006808,0.00667,0.006687,288910450.0
1767808800000,0.006684,0.006721,0.006574,0.006601,166551762.0
1767812400000,0.006602,0.006663,0.006526,0.006622,184653979.0
1767816000000,0.00662,0.006646,0.006556,0.006629,134215954.0
1767819600000,0.00663,0.006708,0.006614,0.006622,150516352.0
1767823200000,0.006618,0.006631,0.006458,0.006518,175300103.0
1767826800000,0.006518,0.006629,0.006499,0.006569,228896331.0
1767830400000,0.006567,0.006594,0.006498,0.006556,149607434.0
1767834000000,0.006553,0.006624,0.006527,0.00661,130073295.0
1767837600000,0.006612,0.006705,0.006538,0.006541,457938111.0
1767841200000,0.00654,0.006559,0.006418,0.006494,429330740.0
1767844800000,0.006492,0.006586,0.006477,0.00655,175793353.0
1767848400000,0.006551,0.006579,0.006504,0.006527,66105996.0
1767852000000,0.00653,0.006569,0.006354,0.006392,703673244.0
1767855600000,0.006392,0.006496,0.006312,0.006419,3742870338.0
1767859200000,0.006419,0.006467,0.006255,0.006317,813958849.0
1767862800000,0.006319,0.006349,0.006206,0.006243,933954416.0
1767866400000,0.006243,0.006293,0.006152,0.006281,927183834.0
1767870000000,0.006282,0.006288,0.006188,0.006229,92958507.0
1767873600000,0.006229,0.006243,0.006022,0.006121,881459402.0
1767877200000,0.006119,0.006164,0.006074,0.006084,222155906.0
1767880800000,0.006079,0.00612,0.006,0.006101,610648304.0
1767884400000,0.006099,0.00625,0.006059,0.006235,561030666.0
1767888000000,0.006226,0.006246,0.006058,0.006154,304203388.0
1767891600000,0.006156,0.00622,0.006137,0.006215,510801670.0
1767895200000,0.006214,0.006218,0.006144,0.00615,135235960.0
1767898800000,0.006151,0.006179,0.006095,0.006105,148661052.0
1767902400000,0.006104,0.006132,0.006054,0.006115,153962343.0
1767906000000,0.006121,0.006198,0.00612,0.006185,165506134.0
1767909600000,0.006184,0.006212,0.006119,0.006138,94752010.0
1767913200000,0.006137,0.006157,0.00608,0.00608,94181994.0
1767916800000,0.006086,0.006118,0.006083,0.006097,90467505.0
1767920400000,0.006101,0.006117,0.005949,0.00602,618074838.0
1767924000000,0.006018,0.006135,0.006008,0.006016,259968498.0
1767927600000,0.006019,0.006197,0.00601,0.006155,1777779811.0
1767931200000,0.006156,0.006187,0.006102,0.006116,312725123.0
1767934800000,0.006115,0.006149,0.00609,0.006142,94654856.0
1767938400000,0.006143,0.006181,0.006118,0.006173,167964032.0
1767942000000,0.006173,0.006183,0.006132,0.006159,152277739.0
1767945600000,0.006158,0.006169,0.00603,0.006076,239665696.0
1767949200000,0.006077,0.006176,0.006073,0.006092,543170222.0
1767952800000,0.006096,0.006138,0.006079,0.00612,114266945.0
1767956400000,0.006121,0.006134,0.006091,0.006111,50381113.0
1767960000000,0.006112,0.006112,0.006031,0.006035,123996956.0
1767963600000,0.006039,0.006245,0.006035,0.006167,439440971.0
1767967200000,0.006168,0.006168,0.006011,0.006059,471469071.0
1767970800000,0.006058,0.006273,0.006031,0.006141,960817593.0
1767974400000,0.006141,0.006425,0.006132,0.006344,830415044.0
1767978000000,0.006344,0.006399,0.00618,0.00626,497579586.0
1767981600000,0.006258,0.006283,0.006104,0.006163,626120821.0
1767985200000,0.00616,0.00616,0.006074,0.006106,90804678.0
1767988800000,0.006104,0.006132,0.006075,0.006087,58142750.0
1767992400000,0.006089,0.006152,0.006061,0.00615,98858213.0
1767996000000,0.006148,0.006179,0.006127,0.006167,37329878.0
1767999600000,0.006169,0.006169,0.006103,0.006114,13361406.0
1768003200000,0.006111,0.006115,0.006073,0.006082,79312010.0
1768006800000,0.006081,0.006107,0.006048,0.006056,130523879.0
1768010400000,0.006055,0.006075,0.005956,0.00599,395323716.0
1768014000000,0.005989,0.006021,0.005985,0.006007,177636557.0
1768017600000,0.006006,0.006013,0.005945,0.005987,234333994.0
1768021200000,0.005988,0.006007,0.005961,0.005966,108589095.0
1768024800000,0.005965,0.00597,0.005875,0.005912,451103017.0
1768028400000,0.005909,0.00596,0.005908,0.005937,68153207.0
1768032000000,0.005938,0.005966,0.005936,0.005966,73159688.0
1768035600000,0.005963,0.005991,0.005954,0.005976,50877158.0
1768039200000,0.005981,0.006006,0.005972,0.00599,20166340.0
1768042800000,0.005999,0.005999,0.005946,0.005974,36924525.0
1768046400000,0.005977,0.005996,0.00596,0.005978,34005712.0
1768050000000,0.00598,0.005997,0.005963,0.00599,99509583.0
1768053600000,0.00599,0.005991,0.005961,0.005973,40054115.0
1768057200000,0.005974,0.005996,0.005961,0.005994,29783659.0
1768060800000,0.005997,0.006023,0.005976,0.005984,25685483.0
1768064400000,0.005985,0.006016,0.005964,0.005971,89227728.0
1768068000000,0.005977,0.006006,0.005957,0.005995,18267183.0
1768071600000,0.005993,0.005998,0.005981,0.005994,22385069.0
1768075200000,0.005997,0.005999,0.005975,0.005989,20044635.0
1768078800000,0.005985,0.005993,0.005965,0.005966,15962636.0
1768082400000,0.005967,0.005987,0.005881,0.005903,89988695.0
1768086000000,0.00591,0.005962,0.00591,0.005945,86099699.0
1768089600000,0.005945,0.005963,0.005925,0.005956,39338730.0
1768093200000,0.005955,0.005993,0.005949,0.005993,46352817.0
1768096800000,0.005992,0.006014,0.005976,0.005978,72092440.0
1768100400000,0.005979,0.005995,0.00597,0.005975,9905360.0
1768104000000,0.005976,0.005976,0.00573,0.00593,2112668905.0
1768107600000,0.00593,0.005944,0.005913,0.00593,132069748.0
1768111200000,0.00593,0.005978,0.005885,0.005973,102837423.0
1768114800000,0.005973,0.005993,0.005953,0.005971,67281552.0
1768118400000,0.005971,0.005987,0.005951,0.005982,83783368.0
1768122000000,0.005981,0.006012,0.005977,0.005988,135173041.0
1768125600000,0.005989,0.00601,0.00598,0.005983,55881159.0
1768129200000,0.005983,0.005983,0.005965,0.005978,75155820.0
1768132800000,0.005978,0.00601,0.005969,0.006006,191151945.0
1768136400000,0.006004,0.006061,0.005975,0.005981,141719869.0
1768140000000,0.005985,0.006029,0.005978,0.00602,352440034.0
1768143600000,0.006021,0.006022,0.005834,0.005876,239415901.0
1768147200000,0.005873,0.005976,0.005857,0.005934,126300118.0
1768150800000,0.005936,0.005951,0.00586,0.005929,101437244.0
1768154400000,0.00593,0.00593,0.005865,0.005903,59492623.0
1768158000000,0.005903,0.005941,0.005879,0.005896,77976299.0
1768161600000,0.005893,0.005893,0.005767,0.005817,360706069.0
1768165200000,0.005813,0.00582,0.005763,0.005814,60567117.0
1768168800000,0.005813,0.005813,0.005696,0.005732,373698579.0
1768172400000,0.005727,0.005811,0.005693,0.005805,57500505.0
1768176000000,0.005807,0.00582,0.005711,0.005803,73315879.0
1768179600000,0.005807,0.005898,0.005807,0.005883,169192387.0
1768183200000,0.005886,0.006017,0.005882,0.00599,196993714.0
1768186800000,0.005991,0.006002,0.005913,0.005922,243947551.0
1768190400000,0.005922,0.006014,0.005915,0.005999,481791139.0
1768194000000,0.006,0.006048,0.005973,0.005982,409843854.0
1768197600000,0.005981,0.005981,0.005919,0.005923,50998481.0
1768201200000,0.005924,0.005972,0.005836,0.005838,93232440.0
1768204800000,0.00584,0.005871,0.005743,0.00578,425966702.0
1768208400000,0.00578,0.005819,0.005768,0.005801,75283876.0
1768212000000,0.005801,0.005835,0.005787,0.005794,92176679.0
1768215600000,0.005793,0.005862,0.005779,0.005843,111947599.0
1768219200000,0.005842,0.005866,0.005818,0.005823,92437974.0
1768222800000,0.005822,0.005836,0.005754,0.005765,58790795.0
1768226400000,0.005761,0.005859,0.005718,0.005834,174544696.0
1768230000000,0.00583,0.005912,0.005781,0.005912,121222044.0
1768233600000,0.00591,0.005978,0.00588,0.005945,148655641.0
1768237200000,0.005948,0.005959,0.005809,0.005853,85451863.0
1768240800000,0.005846,0.005913,0.005839,0.00587,47807351.0
1768244400000,0.005864,0.005876,0.005834,0.005861,123655576.0
1768248000000,0.005861,0.005898,0.005789,0.005797,57396507.0
1768251600000,0.005796,0.005805,0.00572,0.005744,101003254.0
1768255200000,0.005746,0.005777,0.005743,0.005759,58515699.0
1768258800000,0.005759,0.005764,0.005718,0.00573,40858775.0
1768262400000,0.005729,0.00576,0.005717,0.005754,63592759.0
1768266000000,0.005753,0.005772,0.005698,0.005726,51473356.0
1768269600000,0.005727,0.005771,0.005724,0.005726,46914899.0
1768273200000,0.005728,0.005765,0.00571,0.005748,56175692.0
1768276800000,0.005749,0.00578,0.005745,0.00578,100116065.0
1768280400000,0.005778,0.005887,0.005778,0.005857,58725224.0
1768284000000,0.00586,0.005902,0.005844,0.005884,16385793.0
1768287600000,0.005883,0.005883,0.005834,0.005863,38697902.0
1768291200000,0.005865,0.005947,0.005857,0.005927,140930490.0
1768294800000,0.005926,0.005983,0.005908,0.005963,394844505.0
1768298400000,0.005971,0.00599,0.005903,0.005933,391818561.0
1768302000000,0.005935,0.005949,0.005915,0.005915,52543350.0
1768305600000,0.005917,0.005953,0.005905,0.005934,78501756.0
1768309200000,0.005936,0.006022,0.00592,0.005953,249519509.0
1768312800000,0.005951,0.006028,0.005926,0.00595,267807127.0
1768316400000,0.005948,0.006031,0.005863,0.006022,215563848.0
1768320000000,0.006022,0.006129,0.006016,0.006074,468363698.0
1768323600000,0.006074,0.006091,0.006007,0.006042,155567979.0
1768327200000,0.00604,0.006082,0.006022,0.006066,160795646.0
1768330800000,0.006065,0.006183,0.006051,0.006158,436765859.0
1768334400000,0.006159,0.006237,0.006086,0.006137,234936950.0
1768338000000,0.006135,0.006195,0.006123,0.006168,61980130.0
1768341600000,0.006169,0.006579,0.006162,0.006537,408099933.0
1768345200000,0.006537,0.006616,0.006462,0.006576,345121925.0
1768348800000,0.006575,0.00686,0.006566,0.006694,569922658.0
1768352400000,0.006692,0.006745,0.006605,0.006628,316424306.0
1768356000000,0.006626,0.006739,0.006604,0.006736,167155499.0
1768359600000,0.006737,0.006882,0.006711,0.006864,270110267.0
1768363200000,0.006858,0.006874,0.006778,0.006794,219678421.0
1768366800000,0.006791,0.006809,0.006635,0.006661,154444922.0
1768370400000,0.006662,0.006692,0.006606,0.006688,281149605.0
1768374000000,0.006693,0.006736,0.006669,0.0067,87941644.0
1768377600000,0.006698,0.006722,0.006625,0.00663,120260107.0
1768381200000,0.00663,0.006679,0.006624,0.006645,61356646.0
1768384800000,0.00664,0.006699,0.006555,0.006581,239472780.0
1768388400000,0.006581,0.006581,0.006492,0.006501,179848672.0
1768392000000,0.006502,0.006567,0.00648,0.006537,438759688.0
1768395600000,0.006533,0.006561,0.006457,0.006474,307130926.0
1768399200000,0.006472,0.006597,0.006472,0.006533,447264331.0
1768402800000,0.006535,0.006548,0.006352,0.006431,777463577.0
1768406400000,0.006428,0.006521,0.006403,0.006457,292996437.0
1768410000000,0.006458,0.006511,0.006291,0.006306,369164877.0
1768413600000,0.006306,0.006329,0.006149,0.006225,500751936.0
1768417200000,0.006226,0.006301,0.006219,0.006272,163791086.0
1768420800000,0.00627,0.006301,0.006235,0.006268,92478489.0
1768424400000,0.006267,0.006288,0.006242,0.006265,90257571.0
1768428000000,0.006262,0.006283,0.006193,0.00622,88469131.0
1768431600000,0.006217,0.006266,0.006217,0.006242,53343577.0
1768435200000,0.006242,0.006259,0.006207,0.006222,139718904.0
1768438800000,0.006223,0.006245,0.006138,0.006171,359359621.0
1768442400000,0.00617,0.006178,0.006099,0.006106,207341166.0
1768446000000,0.006105,0.006125,0.006022,0.006051,157791718.0
1768449600000,0.006046,0.006113,0.006041,0.006097,88799233.0
1768453200000,0.006102,0.006112,0.006066,0.006083,285478871.0
1768456800000,0.00608,0.006094,0.006042,0.006042,59947381.0
1768460400000,0.006045,0.006098,0.006045,0.006067,106202568.0
1768464000000,0.006069,0.00608,0.006041,0.006069,107062164.0
1768467600000,0.006067,0.006129,0.006052,0.006089,119008362.0
1768471200000,0.006091,0.006102,0.00596,0.005993,112225978.0
1768474800000,0.005988,0.006011,0.00596,0.005986,256498727.0
1768478400000,0.005984,0.006022,0.005979,0.006022,96518708.0
1768482000000,0.00602,0.006036,0.005986,0.006027,142689906.0
1768485600000,0.00603,0.006058,0.005913,0.005972,443975091.0
1768489200000,0.005976,0.006002,0.005856,0.005957,472868406.0
1768492800000,0.005954,0.005967,0.005892,0.005951,152461251.0
1768496400000,0.005951,0.005973,0.005892,0.005899,122220893.0
1768500000000,0.005903,0.00592,0.005859,0.005899,119543781.0
1768503600000,0.005898,0.005902,0.005859,0.005898,154420335.0
1768507200000,0.005895,0.005924,0.005859,0.005876,145239269.0
1768510800000,0.005879,0.005922,0.005875,0.005907,20382738.0
1768514400000,0.005906,0.005939,0.005902,0.005904,74786025.0
1768518000000,0.005903,0.005916,0.005895,0.005911,16476280.0
1768521600000,0.005911,0.005929,0.005901,0.005903,37398120.0
1768525200000,0.005902,0.005936,0.005893,0.005924,43647356.0
1768528800000,0.005921,0.005921,0.00587,0.005901,25465318.0
1768532400000,0.005905,0.005909,0.005784,0.005823,128478393.0
1768536000000,0.005822,0.005845,0.005752,0.005787,71321573.0
1768539600000,0.005786,0.00587,0.005786,0.005863,43943667.0
1768543200000,0.005862,0.005891,0.005848,0.005891,14934780.0
1768546800000,0.005889,0.005922,0.005875,0.005907,24829834.0
1768550400000,0.005908,0.005997,0.005908,0.00595,39545282.0
1768554000000,0.005952,0.005963,0.00592,0.005937,31276691.0
1768557600000,0.005937,0.005941,0.005904,0.005917,9838638.0
1768561200000,0.005918,0.005967,0.005898,0.005967,94095305.0
1768564800000,0.005967,0.005985,0.005929,0.005943,24132210.0
1768568400000,0.005944,0.005948,0.005858,0.005889,125494380.0
1768572000000,0.005894,0.005906,0.005872,0.005881,25238555.0
1768575600000,0.005875,0.005902,0.00573,0.005765,315019302.0
1768579200000,0.005764,0.005815,0.005755,0.00577,64457746.0
1768582800000,0.005775,0.005851,0.005747,0.005848,63538836.0
1768586400000,0.005852,0.005867,0.00583,0.005849,66646576.0
1768590000000,0.005842,0.00587,0.00581,0.005864,34967077.0
1768593600000,0.00586,0.005933,0.005827,0.005933,208084124.0
1768597200000,0.005933,0.005952,0.005905,0.005905,38496624.0
1768600800000,0.005908,0.005933,0.00588,0.005933,43020019.0
1768604400000,0.005931,0.005948,0.005913,0.005923,15450019.0
1768608000000,0.005925,0.005927,0.005892,0.005899,20024647.0
1768611600000,0.005899,0.005911,0.005868,0.005872,53079336.0
1768615200000,0.005872,0.005894,0.005845,0.005894,33650334.0
1768618800000,0.005891,0.005899,0.005841,0.005866,40856361.0
1768622400000,0.005863,0.005881,0.005854,0.005873,31115995.0
1768626000000,0.005883,0.005886,0.005865,0.00587,12634710.0
1768629600000,0.005869,0.005871,0.005838,0.005848,20992033.0
1768633200000,0.005845,0.005845,0.005822,0.005842,15165344.0
1768636800000,0.00584,0.00586,0.005827,0.005843,30517561.0
1768640400000,0.005844,0.005856,0.005813,0.005813,26717486.0
1768644000000,0.005816,0.00585,0.00581,0.005839,13123771.0
1768647600000,0.005837,0.005873,0.005821,0.005853,110214641.0
1768651200000,0.00585,0.005872,0.005835,0.005837,28212119.0
1768654800000,0.005837,0.005846,0.00582,0.005844,26908290.0
1768658400000,0.00584,0.005893,0.005816,0.005892,37130370.0
1768662000000,0.005894,0.005962,0.005888,0.005946,92778591.0
1768665600000,0.005944,0.005945,0.005834,0.005862,254115877.0
1768669200000,0.005859,0.005886,0.005843,0.005864,79766601.0
1768672800000,0.005866,0.005882,0.005847,0.005871,22526955.0
1768676400000,0.005874,0.005899,0.005856,0.00588,53675085.0
1768680000000,0.005884,0.005904,0.005859,0.005865,35795058.0
1768683600000,0.005864,0.005865,0.005849,0.00586,37619875.0
1768687200000,0.00586,0.005864,0.00575,0.005801,110704711.0
1768690800000,0.005801,0.005805,0.005777,0.005794,104976782.0
1768694400000,0.005796,0.005836,0.005782,0.005803,67289000.0
1768698000000,0.005805,0.005813,0.005767,0.005788,64963627.0
1768701600000,0.005789,0.005823,0.005741,0.005779,67230084.0
1768705200000,0.005782,0.005819,0.005781,0.005793,9127974.0
1768708800000,0.005793,0.005806,0.005781,0.005788,15365488.0
1768712400000,0.005788,0.005801,0.005781,0.005794,15589179.0
1768716000000,0.005791,0.005815,0.005788,0.005794,8247679.0
1768719600000,0.005791,0.005793,0.005757,0.005773,25203587.0
1768723200000,0.005772,0.005809,0.005762,0.005802,123484256.0
1768726800000,0.005802,0.005813,0.005791,0.005802,28828238.0
1768730400000,0.005801,0.005803,0.00578,0.005796,24541016.0
1768734000000,0.005797,0.00581,0.005788,0.00579,20322131.0
1768737600000,0.005791,0.005803,0.005781,0.005782,28006978.0
1768741200000,0.005782,0.005801,0.005757,0.005771,46560046.0
1768744800000,0.005768,0.005768,0.00563,0.005691,367969017.0
1768748400000,0.005689,0.005733,0.00567,0.00569,41254518.0
1768752000000,0.005689,0.005709,0.005665,0.005691,81126292.0
1768755600000,0.00569,0.005707,0.005673,0.005707,46112969.0
1768759200000,0.005706,0.005789,0.005685,0.005756,180942732.0
1768762800000,0.005763,0.005771,0.005698,0.005711,333321888.0
1768766400000,0.00571,0.005744,0.005707,0.005717,24956427.0
1768770000000,0.005721,0.005723,0.005686,0.005693,129348866.0
1768773600000,0.005694,0.005742,0.005694,0.005729,74033173.0
1768777200000,0.005728,0.005728,0.005449,0.005454,823900165.0
1768780800000,0.005458,0.005458,0.004869,0.005182,1872137736.0
1768784400000,0.005181,0.005253,0.005128,0.005175,470158461.0
1768788000000,0.005178,0.005251,0.00516,0.00524,80639655.0
1768791600000,0.005238,0.005253,0.005217,0.005251,66907512.0
1768795200000,0.005244,0.005268,0.005221,0.005221,43550812.0
1768798800000,0.00522,0.005245,0.005202,0.005215,116766079.0
1768802400000,0.005217,0.005222,0.005188,0.005209,25939498.0
1768806000000,0.00521,0.005236,0.005209,0.005212,31709279.0
1768809600000,0.005208,0.005225,0.005185,0.005205,55157076.0
1768813200000,0.005202,0.005222,0.005186,0.005211,77439135.0
1768816800000,0.005212,0.005212,0.00517,0.005184,102564403.0
1768820400000,0.005186,0.005251,0.005185,0.005207,56871693.0
1768824000000,0.005203,0.005222,0.005175,0.00519,45105451.0
1768827600000,0.00519,0.0052,0.005159,0.005168,48536422.0
1768831200000,0.005169,0.005183,0.005143,0.00517,20685237.0
1768834800000,0.005172,0.005196,0.005162,0.005179,12662543.0
1768838400000,0.005177,0.005283,0.005177,0.005273,140551099.0
1768842000000,0.005274,0.005275,0.005212,0.005225,230852267.0
1768845600000,0.005226,0.005253,0.005222,0.00523,36925177.0
1768849200000,0.00523,0.00528,0.005223,0.005266,91222655.0
1768852800000,0.005271,0.005312,0.005264,0.005284,77538703.0
1768856400000,0.005285,0.005304,0.005257,0.005265,12103264.0
1768860000000,0.00526,0.005272,0.005208,0.005214,138363113.0
1768863600000,0.005217,0.005291,0.005214,0.005273,400598669.0
1768867200000,0.005272,0.00528,0.005214,0.005219,55987528.0
1768870800000,0.005219,0.005261,0.005201,0.005241,75829283.0
1768874400000,0.005241,0.005251,0.0052,0.005225,89371620.0
1768878000000,0.005222,0.005227,0.0052,0.005212,38035064.0
1768881600000,0.005213,0.00522,0.005186,0.005191,75100513.0
1768885200000,0.005191,0.005255,0.005165,0.005234,96083790.0
1768888800000,0.005234,0.005239,0.005158,0.005178,158828889.0
1768892400000,0.005179,0.00519,0.005146,0.005147,67450431.0
1768896000000,0.005148,0.005152,0.00508,0.005133,95169123.0
1768899600000,0.005133,0.005138,0.005096,0.005114,46968709.0
1768903200000,0.005113,0.005144,0.005107,0.005133,95438305.0
1768906800000,0.005134,0.005144,0.005084,0.005092,78135752.0
1768910400000,0.005092,0.0051,0.005079,0.005091,55704338.0
1768914000000,0.00509,0.005096,0.005047,0.005057,45651040.0
1768917600000,0.005058,0.00521,0.005058,0.005147,122299086.0
1768921200000,0.005152,0.005182,0.005081,0.005148,149016289.0
1768924800000,0.005145,0.005168,0.005034,0.005075,148984963.0
1768928400000,0.005071,0.005116,0.004987,0.005025,200602112.0
1768932000000,0.005025,0.005037,0.004976,0.005,71022716.0
1768935600000,0.005004,0.005055,0.004997,0.005033,135295425.0
1768939200000,0.005029,0.005114,0.005013,0.005095,133238760.0
1768942800000,0.0051,0.005106,0.00505,0.005063,55832891.0
1768946400000,0.005064,0.005087,0.004966,0.005022,288715871.0
1768950000000,0.005022,0.005031,0.004974,0.004983,39765850.0
1768953600000,0.004983,0.005093,0.004945,0.005084,105911676.0
1768957200000,0.005084,0.005111,0.005075,0.005086,65730298.0
1768960800000,0.005088,0.005134,0.00506,0.005069,42554961.0
1768964400000,0.005072,0.005077,0.005031,0.005033,35898382.0
1768968000000,0.005034,0.005068,0.005022,0.005033,44535444.0
1768971600000,0.005031,0.005052,0.005011,0.005036,27994537.0
1768975200000,0.005037,0.005056,0.00503,0.005056,33148566.0
1768978800000,0.005053,0.005112,0.005047,0.005082,593697953.0
1768982400000,0.005082,0.005089,0.005042,0.005073,92562663.0
1768986000000,0.005072,0.005077,0.005044,0.005053,47309485.0
1768989600000,0.005053,0.005083,0.005033,0.005035,19456256.0
1768993200000,0.005032,0.005044,0.004956,0.004971,92015208.0
1768996800000,0.004972,0.004977,0.004842,0.004929,3758426758.0
1769000400000,0.004931,0.004937,0.004815,0.004845,1595695728.0
1769004000000,0.004841,0.005042,0.004836,0.00503,430702377.0
1769007600000,0.005028,0.005166,0.005007,0.005145,473815545.0
1769011200000,0.005145,0.005163,0.00486,0.00486,1289012674.0
1769014800000,0.004863,0.004934,0.004835,0.004898,425175172.0
1769018400000,0.004897,0.004946,0.004825,0.00488,218094078.0
1769022000000,0.004879,0.005184,0.004854,0.005171,2483327122.0
1769025600000,0.005174,0.005226,0.005063,0.005224,577871954.0
1769029200000,0.005227,0.005338,0.005207,0.00525,166630660.0
1769032800000,0.005251,0.005294,0.005203,0.005222,115989299.0
1769036400000,0.005219,0.005235,0.005121,0.005141,61484765.0
1769040000000,0.00514,0.005222,0.00514,0.005197,129282768.0
1769043600000,0.005197,0.005239,0.005186,0.005205,73187034.0
1769047200000,0.005208,0.005242,0.005194,0.005202,60242291.0
1769050800000,0.005204,0.005228,0.005156,0.005184,78680280.0
1769054400000,0.005187,0.005221,0.005186,0.005214,59380031.0
1769058000000,0.005212,0.005214,0.005158,0.005166,41831577.0
1769061600000,0.005164,0.005182,0.00513,0.005152,36676021.0
1769065200000,0.005155,0.005157,0.005105,0.005124,29776891.0
1769068800000,0.005123,0.005144,0.00509,0.005127,71246228.0
1769072400000,0.005126,0.005163,0.005116,0.005149,75256445.0
1769076000000,0.005149,0.005155,0.005123,0.005132,27986793.0
1769079600000,0.005129,0.005129,0.005068,0.005071,147774071.0
1769083200000,0.005071,0.005076,0.005034,0.005037,164596674.0
1769086800000,0.005039,0.005067,0.004952,0.004981,443158210.0
1769090400000,0.00498,0.00498,0.004856,0.004866,2319167442.0
1769094000000,0.004862,0.004905,0.004846,0.0049,635346761.0
1769097600000,0.004897,0.004944,0.004863,0.00493,131108393.0
1769101200000,0.004932,0.004983,0.004891,0.004983,142542261.0
1769104800000,0.004977,0.004982,0.004924,0.004928,87398571.0
1769108400000,0.004931,0.004993,0.004911,0.004969,56820978.0
1769112000000,0.004965,0.004983,0.004916,0.00494,73154406.0
1769115600000,0.004944,0.004978,0.004941,0.004943,36400284.0
1769119200000,0.004945,0.004968,0.004931,0.004948,52598478.0
1769122800000,0.004945,0.004951,0.00492,0.004943,51558807.0
1769126400000,0.004946,0.004949,0.004903,0.004936,48030971.0
1769130000000,0.004934,0.004983,0.004934,0.004978,40820309.0
1769133600000,0.004976,0.004981,0.004951,0.00496,110155560.0
1769137200000,0.004961,0.005017,0.004961,0.005012,45497862.0
1769140800000,0.005011,0.005039,0.005003,0.005032,32080736.0
1769144400000,0.00503,0.005032,0.005004,0.005027,57858660.0
1769148000000,0.005027,0.005042,0.004974,0.004985,199088865.0
1769151600000,0.004987,0.005003,0.004975,0.004989,70920786.0
1769155200000,0.004989,0.005019,0.004947,0.004954,177398345.0
1769158800000,0.004952,0.004987,0.004946,0.004971,122291018.0
1769162400000,0.004971,0.00498,0.004945,0.00497,44986590.0
1769166000000,0.004967,0.005029,0.004962,0.005003,337524442.0
1769169600000,0.005001,0.005007,0.004978,0.004998,40558301.0
1769173200000,0.004996,0.005009,0.004971,0.004982,26395674.0
1769176800000,0.004978,0.004997,0.004859,0.004906,377065134.0
1769180400000,0.004909,0.005036,0.004868,0.005031,193859800.0
1769184000000,0.005031,0.005142,0.004992,0.005061,223058015.0
1769187600000,0.005057,0.005323,0.004999,0.005174,5216693996.0
1769191200000,0.005174,0.005242,0.005155,0.00521,277885525.0
1769194800000,0.005209,0.00521,0.005061,0.005076,171516645.0
1769198400000,0.005078,0.005085,0.004968,0.005011,454789387.0
1769202000000,0.00501,0.005048,0.005005,0.005008,77061587.0
1769205600000,0.005006,0.005061,0.005005,0.00504,24119901.0
1769209200000,0.005039,0.005039,0.005009,0.005025,17317128.0
1769212800000,0.005025,0.005053,0.005022,0.005022,87893380.0
1769216400000,0.00502,0.005029,0.004988,0.00501,47363964.0
1769220000000,0.00501,0.005023,0.005002,0.00502,61312964.0
1769223600000,0.00502,0.005092,0.005011,0.005073,37818240.0
1769227200000,0.005073,0.005125,0.005064,0.005074,74757853.0
1769230800000,0.005074,0.005078,0.005054,0.005078,19310539.0
1769234400000,0.005078,0.005079,0.005043,0.005045,9679783.0
1769238000000,0.005046,0.005046,0.005017,0.005019,18929450.0
1769241600000,0.00502,0.005054,0.005017,0.005046,49644730.0
1769245200000,0.005047,0.005051,0.005031,0.005032,30984969.0
1769248800000,0.005032,0.005047,0.005022,0.005045,28860561.0
1769252400000,0.005045,0.005077,0.005025,0.00503,21989994.0
1769256000000,0.005032,0.005052,0.005015,0.005024,169061892.0
1769259600000,0.005024,0.005027,0.004988,0.004988,184008936.0
1769263200000,0.004987,0.005021,0.004982,0.005009,197478553.0
1769266800000,0.005017,0.005037,0.004983,0.004986,58251024.0
1769270400000,0.004986,0.005004,0.004938,0.004992,101398735.0
1769274000000,0.004992,0.005009,0.004991,0.005009,40284044.0
1769277600000,0.005008,0.005023,0.004997,0.004999,23107483.0
1769281200000,0.005,0.005004,0.004987,0.004995,29434461.0
1769284800000,0.004995,0.005034,0.004995,0.005002,36035808.0
1769288400000,0.005002,0.005006,0.004979,0.005002,33932168.0
1769292000000,0.005008,0.005015,0.004999,0.005015,13372361.0
1769295600000,0.005016,0.005021,0.004989,0.005001,13172406.0
1769299200000,0.004999,0.005011,0.004974,0.005006,40650212.0
1769302800000,0.005007,0.005028,0.004985,0.005,59436566.0
1769306400000,0.004995,0.005007,0.004976,0.004976,45888010.0
1769310000000,0.004979,0.004986,0.00493,0.004955,27693817.0
1769313600000,0.004953,0.004975,0.004945,0.004963,11402344.0
1769317200000,0.004962,0.005014,0.00495,0.004975,157905242.0
1769320800000,0.004974,0.004978,0.004952,0.004955,6255455.0
1769324400000,0.00495,0.004957,0.004934,0.004957,136404711.0
1769328000000,0.004952,0.004968,0.004912,0.004928,57991754.0
1769331600000,0.004924,0.005014,0.004914,0.004944,61050622.0
1769335200000,0.004946,0.00504,0.004946,0.005028,180745639.0
1769338800000,0.005025,0.005045,0.00499,0.005015,22684511.0
1769342400000,0.005014,0.005014,0.004982,0.005014,15085562.0
1769346000000,0.005012,0.005021,0.004956,0.004975,14489736.0
1769349600000,0.004973,0.00498,0.0049,0.004923,33160013.0
1769353200000,0.00492,0.004934,0.004876,0.004889,300343497.0
1769356800000,0.004889,0.004893,0.004758,0.004804,431883674.0
1769360400000,0.004799,0.004821,0.004777,0.00481,59306320.0
1769364000000,0.00481,0.00481,0.004732,0.00477,302874191.0
1769367600000,0.004768,0.004774,0.004599,0.004625,3784388405.0
1769371200000,0.004626,0.004668,0.004605,0.00465,736703260.0
1769374800000,0.004648,0.00472,0.004648,0.004709,77721363.0
1769378400000,0.00471,0.004713,0.004632,0.004672,712935137.0
1769382000000,0.004668,0.004722,0.004649,0.004699,128586669.0
1769385600000,0.0047,0.004762,0.004689,0.004761,227312622.0
1769389200000,0.004764,0.004882,0.004759,0.004856,150311096.0
1769392800000,0.004856,0.004864,0.004812,0.00483,111140199.0
1769396400000,0.004833,0.004851,0.004789,0.004806,121217868.0
1769400000000,0.004806,0.004907,0.004806,0.004852,98846987.0
1769403600000,0.004854,0.00486,0.004813,0.004831,79599150.0
1769407200000,0.004832,0.004854,0.004808,0.004844,146980708.0
1769410800000,0.004842,0.004875,0.004832,0.004848,118335187.0
1769414400000,0.004851,0.004932,0.00484,0.004893,1546017286.0
1769418000000,0.004893,0.004895,0.004844,0.004853,380931435.0
1769421600000,0.00485,0.004889,0.00485,0.004869,154651196.0
1769425200000,0.004869,0.004891,0.00486,0.004878,71654633.0
1769428800000,0.004881,0.004913,0.004879,0.004889,42463337.0
1769432400000,0.004891,0.004934,0.004891,0.004922,70032497.0
1769436000000,0.004919,0.005002,0.004871,0.00496,177507201.0
1769439600000,0.004956,0.005036,0.004893,0.004917,1573415992.0
1769443200000,0.004922,0.004988,0.004894,0.004955,162066931.0
1769446800000,0.004954,0.004976,0.004881,0.004931,181689774.0
1769450400000,0.004929,0.005002,0.004919,0.004989,85281209.0
1769454000000,0.004992,0.005016,0.004957,0.004964,51649789.0
1769457600000,0.004966,0.004978,0.004922,0.004931,79061386.0
1769461200000,0.004931,0.00502,0.004918,0.004989,45497139.0
1769464800000,0.004994,0.005007,0.004968,0.004983,41560202.0
1769468400000,0.00498,0.005027,0.004958,0.005008,2369028228.0
1769472000000,0.005008,0.005082,0.004987,0.005054,584521902.0
1769475600000,0.005052,0.005264,0.00503,0.005161,453814734.0
1769479200000,0.005165,0.00521,0.005117,0.005141,412701096.0
1769482800000,0.00514,0.005155,0.005086,0.005092,151252245.0
1769486400000,0.005091,0.00513,0.005074,0.005095,80595842.0
1769490000000,0.005094,0.005094,0.00504,0.005056,142417405.0
1769493600000,0.005055,0.005057,0.004996,0.005009,344996935.0
1769497200000,0.005012,0.00503,0.004992,0.005008,99698130.0
1769500800000,0.005006,0.005027,0.004983,0.005001,136733772.0
1769504400000,0.004999,0.004999,0.004961,0.004968,181509938.0
1769508000000,0.004968,0.004985,0.004955,0.004968,64190957.0
1769511600000,0.004967,0.004983,0.004949,0.004966,45609119.0
1769515200000,0.004962,0.004974,0.004949,0.00496,66888544.0
1769518800000,0.00496,0.005009,0.004924,0.004933,37815807.0
1769522400000,0.004932,0.004991,0.004924,0.004935,80327791.0
1769526000000,0.004936,0.005002,0.004932,0.004999,45890049.0
1769529600000,0.004998,0.005108,0.004996,0.005064,320713004.0
1769533200000,0.005064,0.005065,0.004839,0.00486,364811356.0
1769536800000,0.00486,0.004995,0.004835,0.004976,154525592.0
1769540400000,0.004975,0.00499,0.004943,0.004979,82555040.0
1769544000000,0.004981,0.005108,0.004973,0.005091,1576301318.0
1769547600000,0.00509,0.005108,0.005051,0.005058,426250660.0
1769551200000,0.005057,0.005117,0.005051,0.005081,148166564.0
1769554800000,0.005081,0.005083,0.005017,0.005026,203265279.0
1769558400000,0.005026,0.005036,0.004967,0.005034,217372928.0
1769562000000,0.005035,0.005056,0.004986,0.005022,40047943.0
1769565600000,0.005017,0.005044,0.004999,0.005035,75597373.0
1769569200000,0.00503,0.005046,0.004995,0.005002,41150433.0
1769572800000,0.005002,0.005005,0.004965,0.004999,31883411.0
1769576400000,0.004999,0.005029,0.004977,0.005029,50421664.0
1769580000000,0.005029,0.005098,0.005026,0.005081,330560482.0
1769583600000,0.005085,0.005093,0.005026,0.005035,121720283.0
1769587200000,0.005035,0.005039,0.004992,0.005004,77625234.0
1769590800000,0.005004,0.005093,0.004995,0.00507,92409338.0
1769594400000,0.005073,0.005108,0.005059,0.005069,94780567.0
1769598000000,0.005065,0.005101,0.005033,0.005097,44415877.0
1769601600000,0.005097,0.005097,0.005014,0.005033,96694876.0
1769605200000,0.005035,0.005056,0.004998,0.00501,97672665.0
1769608800000,0.00501,0.005013,0.004947,0.004988,211199864.0
1769612400000,0.004987,0.005016,0.004923,0.004948,107323964.0
1769616000000,0.004951,0.004986,0.004914,0.004964,371528971.0
1769619600000,0.004964,0.005031,0.004923,0.005011,162858865.0
1769623200000,0.005011,0.005011,0.004959,0.004992,77019479.0
1769626800000,0.004987,0.005018,0.004954,0.005,153675746.0
1769630400000,0.004999,0.005057,0.00497,0.00498,54156526.0
1769634000000,0.004981,0.005007,0.004934,0.004989,344099455.0
1769637600000,0.004993,0.00504,0.004964,0.005023,307548133.0
1769641200000,0.005021,0.005041,0.004972,0.004975,74172265.0
1769644800000,0.004983,0.00499,0.004875,0.004907,185246060.0
1769648400000,0.004903,0.004937,0.004866,0.004882,191996357.0
1769652000000,0.004882,0.004904,0.004771,0.004813,228288700.0
1769655600000,0.004813,0.004849,0.0048,0.004819,39724580.0
1769659200000,0.004816,0.00483,0.004785,0.004817,137606008.0
1769662800000,0.004818,0.004834,0.004807,0.00481,30134433.0
1769666400000,0.004807,0.004841,0.004807,0.004839,17574672.0
1769670000000,0.004837,0.004856,0.004836,0.004838,10680801.0
1769673600000,0.004841,0.004858,0.004813,0.004828,47737435.0
1769677200000,0.004829,0.004837,0.004817,0.004822,86280040.0
1769680800000,0.004822,0.004831,0.004811,0.00482,30479823.0
1769684400000,0.00482,0.004824,0.004798,0.004801,31973972.0
1769688000000,0.004801,0.00481,0.004759,0.004785,66432649.0
1769691600000,0.004781,0.004821,0.004781,0.004821,9482636.0
1769695200000,0.004823,0.004835,0.004724,0.004729,139279147.0
1769698800000,0.004728,0.004734,0.00461,0.004677,722308646.0
1769702400000,0.004677,0.004751,0.004633,0.004747,136051198.0
1769706000000,0.004748,0.004844,0.00473,0.004744,136476999.0
1769709600000,0.004739,0.004745,0.004615,0.004621,115270299.0
1769713200000,0.004621,0.00469,0.004598,0.004667,96709523.0
1769716800000,0.004669,0.004718,0.004651,0.004705,35439056.0
1769720400000,0.004707,0.00474,0.004697,0.004722,34818803.0
1769724000000,0.004725,0.004747,0.004705,0.004724,28905921.0
1769727600000,0.004725,0.00474,0.004695,0.004732,84626232.0
1769731200000,0.004733,0.004753,0.004716,0.004743,58925845.0
1769734800000,0.004744,0.004773,0.00455,0.004682,414238726.0
1769738400000,0.004682,0.004712,0.004592,0.004671,135078316.0
1769742000000,0.004669,0.004679,0.004606,0.004607,94100642.0
1769745600000,0.004607,0.004672,0.004606,0.00462,37693837.0
1769749200000,0.004618,0.00464,0.004598,0.004607,29218258.0
1769752800000,0.004607,0.004607,0.004503,0.004516,221760440.0
1769756400000,0.004522,0.004617,0.004522,0.00461,63775939.0
1769760000000,0.004609,0.004614,0.004536,0.004556,76262380.0
1769763600000,0.00456,0.004561,0.004512,0.004533,73030133.0
1769767200000,0.004538,0.004567,0.004529,0.004544,74414918.0
1769770800000,0.004543,0.004656,0.00454,0.00464,59497610.0
1769774400000,0.004643,0.004654,0.004585,0.004596,28804268.0
1769778000000,0.004592,0.004602,0.004531,0.004557,72122071.0
1769781600000,0.004566,0.004648,0.004566,0.004595,58136588.0
1769785200000,0.004599,0.004648,0.004531,0.004615,135394184.0
1769788800000,0.004614,0.004688,0.00459,0.004632,119029323.0
1769792400000,0.004635,0.004683,0.004597,0.00464,86827750.0
1769796000000,0.00464,0.004745,0.004514,0.004723,203631519.0
1769799600000,0.004722,0.004764,0.004681,0.004697,92908712.0
1769803200000,0.004693,0.004693,0.004611,0.004615,135967602.0
1769806800000,0.00462,0.004662,0.004599,0.004649,67898961.0
1769810400000,0.004645,0.004653,0.004598,0.004646,51667647.0
1769814000000,0.004645,0.004647,0.004601,0.004635,15769225.0
1769817600000,0.004635,0.004636,0.004599,0.0046,27055949.0
1769821200000,0.0046,0.004621,0.004585,0.004608,39476415.0
1769824800000,0.00461,0.00461,0.004564,0.004591,40757023.0
1769828400000,0.004591,0.004601,0.004583,0.00459,31639603.0
1769832000000,0.00459,0.004604,0.004559,0.004562,14208670.0
1769835600000,0.004562,0.004569,0.004548,0.004557,14191697.0
1769839200000,0.004559,0.004571,0.004455,0.004489,60235861.0
1769842800000,0.004487,0.004494,0.004421,0.00446,95714456.0
1769846400000,0.004462,0.004472,0.004386,0.004428,283998244.0
1769850000000,0.00443,0.004456,0.004412,0.004431,53456667.0
1769853600000,0.00443,0.004452,0.004411,0.004436,49016854.0
1769857200000,0.004437,0.004437,0.004409,0.004415,40995483.0
1769860800000,0.004412,0.00442,0.004391,0.004392,28870818.0
1769864400000,0.004399,0.004401,0.004326,0.004352,109199792.0
1769868000000,0.004356,0.004364,0.004164,0.004224,487746244.0
1769871600000,0.004223,0.004291,0.004222,0.004242,168310250.0
1769875200000,0.00424,0.004288,0.00418,0.004201,266683817.0
1769878800000,0.004202,0.004219,0.003973,0.00408,521933445.0
1769882400000,0.00408,0.004111,0.00383,0.00403,1110871754.0
1769886000000,0.004029,0.004111,0.004022,0.004057,289841866.0
1769889600000,0.004058,0.004077,0.003992,0.004056,391222623.0
1769893200000,0.004054,0.004138,0.004044,0.004111,187849760.0
1769896800000,0.004114,0.004119,0.004055,0.004067,45761803.0
1769900400000,0.004068,0.00417,0.004068,0.004146,99602320.0
1769904000000,0.004145,0.004198,0.00414,0.004162,132981193.0
1769907600000,0.004162,0.004171,0.004109,0.004169,101009524.0
1769911200000,0.004169,0.004185,0.004142,0.004172,92225006.0
1769914800000,0.004172,0.004192,0.004158,0.004191,45914936.0
1769918400000,0.004192,0.004233,0.00419,0.004223,67740056.0
1769922000000,0.004222,0.004242,0.004188,0.0042,53276827.0
1769925600000,0.004201,0.004235,0.004185,0.004214,57516532.0
1769929200000,0.004214,0.004308,0.004193,0.004262,56556675.0
1769932800000,0.00426,0.004273,0.004222,0.00423,61313823.0
1769936400000,0.00423,0.0043,0.0042,0.004289,143032852.0
1769940000000,0.004286,0.004298,0.004215,0.004223,152565586.0
1769943600000,0.004223,0.004288,0.004223,0.004271,57848629.0
1769947200000,0.004273,0.004275,0.004232,0.004245,62860713.0
1769950800000,0.004246,0.004293,0.004244,0.004292,50091723.0
1769954400000,0.00429,0.004324,0.00418,0.004263,84609468.0
1769958000000,0.004264,0.004267,0.00412,0.004182,155871156.0
1769961600000,0.004181,0.004237,0.004152,0.004176,127720890.0
1769965200000,0.004175,0.004192,0.004116,0.004173,149475870.0
1769968800000,0.004173,0.004314,0.004173,0.004268,178908329.0
1769972400000,0.004267,0.004284,0.004158,0.004189,72878254.0
1769976000000,0.004187,0.004268,0.004135,0.004217,169515872.0
1769979600000,0.004218,0.004225,0.004174,0.004191,63739099.0
1769983200000,0.0042,0.004267,0.004178,0.004209,80674625.0
1769986800000,0.004206,0.004244,0.00407,0.004156,271866340.0
1769990400000,0.004157,0.004242,0.004121,0.004201,217039516.0
1769994000000,0.004203,0.004258,0.004137,0.004202,241547518.0
1769997600000,0.004202,0.004217,0.004156,0.004163,159126975.0
1770001200000,0.004162,0.004177,0.003987,0.004157,344329752.0
1770004800000,0.004159,0.004208,0.004075,0.004131,108306823.0
1770008400000,0.004129,0.00413,0.004014,0.004046,96581504.0
1770012000000,0.004044,0.004162,0.003978,0.004084,273392273.0
1770015600000,0.004086,0.004135,0.004072,0.004072,85948672.0
1770019200000,0.00407,0.004136,0.004069,0.004122,183597245.0
1770022800000,0.004122,0.004178,0.004084,0.00415,182017316.0
1770026400000,0.004151,0.004195,0.00415,0.004173,180400978.0
1770030000000,0.004173,0.004202,0.004166,0.004167,128012439.0
1770033600000,0.004168,0.004215,0.004168,0.004205,135444453.0
1770037200000,0.004203,0.004233,0.004186,0.004221,100837402.0
1770040800000,0.00422,0.004342,0.004179,0.004312,336831538.0
1770044400000,0.004305,0.004379,0.004294,0.00434,267085080.0
1770048000000,0.004339,0.00435,0.004282,0.004288,245332701.0
1770051600000,0.004287,0.004312,0.004245,0.004263,266965673.0
1770055200000,0.004261,0.004294,0.004234,0.004272,174661946.0
1770058800000,0.004271,0.004274,0.004224,0.004239,87231915.0
1770062400000,0.004236,0.004254,0.00422,0.004236,123794885.0
1770066000000,0.004235,0.004262,0.004235,0.004255,71676310.0
1770069600000,0.004258,0.004285,0.004258,0.004277,78409671.0
1770073200000,0.00428,0.00428,0.004246,0.004247,37383472.0
1770076800000,0.004247,0.004267,0.004211,0.004266,94812799.0
1770080400000,0.004264,0.004269,0.004234,0.004245,127758976.0
1770084000000,0.004246,0.004247,0.004165,0.00417,140245107.0
1770087600000,0.004169,0.004257,0.00416,0.004248,111722457.0
1770091200000,0.004244,0.004289,0.004231,0.004263,123628222.0
1770094800000,0.004269,0.004269,0.004216,0.004218,72615822.0
1770098400000,0.00422,0.004242,0.004196,0.004228,72119811.0
1770102000000,0.004227,0.004254,0.004211,0.004233,60982731.0
1770105600000,0.004233,0.00424,0.0042,0.004203,55572906.0
1770109200000,0.004204,0.004215,0.004145,0.004171,143323486.0
1770112800000,0.00417,0.004194,0.004157,0.004171,224819640.0
1770116400000,0.004171,0.004207,0.00417,0.004191,154912804.0
1770120000000,0.004191,0.004266,0.004181,0.004253,108502954.0
1770123600000,0.004252,0.004296,0.004243,0.004288,39291664.0
1770127200000,0.004289,0.004296,0.004194,0.004197,137958572.0
1770130800000,0.004203,0.004412,0.004192,0.00437,454499703.0
1770134400000,0.004373,0.004376,0.004227,0.004253,284921686.0
1770138000000,0.004247,0.004259,0.00408,0.00408,285409095.0
1770141600000,0.00408,0.004097,0.003997,0.004012,580577184.0
1770145200000,0.00401,0.004225,0.004009,0.004202,409907400.0
1770148800000,0.004198,0.004386,0.004132,0.004339,667147878.0
1770152400000,0.00433,0.004358,0.004243,0.004256,119284492.0
1770156000000,0.004256,0.004256,0.004167,0.004179,544173363.0
1770159600000,0.004177,0.004183,0.004104,0.004116,71037126.0
1770163200000,0.004119,0.004172,0.004104,0.004151,75522923.0
1770166800000,0.004151,0.004245,0.004151,0.004212,107522921.0
1770170400000,0.00421,0.00421,0.004158,0.004173,46211008.0
1770174000000,0.004172,0.004284,0.004167,0.004267,79323417.0
1770177600000,0.004264,0.004276,0.004254,0.004263,80725052.0
1770181200000,0.004264,0.00427,0.004228,0.004238,48531659.0
1770184800000,0.004238,0.004274,0.004232,0.004256,17146568.0
1770188400000,0.004257,0.004257,0.004215,0.00424,22068750.0
1770192000000,0.00424,0.004269,0.00422,0.004261,95277928.0
1770195600000,0.004262,0.004265,0.004214,0.004229,65601628.0
1770199200000,0.004231,0.004245,0.004218,0.004228,49475214.0
1770202800000,0.00423,0.00423,0.004161,0.004194,71956247.0
1770206400000,0.004194,0.004213,0.004169,0.004184,38516251.0
1770210000000,0.004182,0.004195,0.004114,0.004114,82217487.0
1770213600000,0.004117,0.00415,0.004056,0.004062,378312016.0
1770217200000,0.004061,0.004111,0.003995,0.004049,486136289.0
1770220800000,0.00405,0.00409,0.004014,0.00407,372697799.0
1770224400000,0.004067,0.004118,0.004032,0.004113,382721777.0
1770228000000,0.004112,0.004259,0.004057,0.004216,422806561.0
1770231600000,0.004216,0.00431,0.004184,0.004303,254036345.0
1770235200000,0.004306,0.004317,0.004256,0.004292,655219782.0
1770238800000,0.004288,0.004296,0.004174,0.004213,121688846.0
1770242400000,0.004211,0.00428,0.004123,0.00418,191647199.0
1770246000000,0.004175,0.004244,0.004156,0.004204,140017638.0
1770249600000,0.004206,0.004208,0.004164,0.004166,81779608.0
1770253200000,0.004164,0.0042,0.004107,0.004116,190085977.0
1770256800000,0.004117,0.004156,0.004072,0.004084,161170091.0
1770260400000,0.004084,0.004119,0.004065,0.004088,206032822.0
1770264000000,0.004089,0.004128,0.004064,0.004074,184000548.0
1770267600000,0.004075,0.004122,0.004021,0.004075,178700274.0
1770271200000,0.004079,0.004086,0.004021,0.004026,80819163.0
1770274800000,0.004024,0.004084,0.003993,0.004007,237230981.0
1770278400000,0.004011,0.004087,0.00401,0.004063,91484054.0
1770282000000,0.00406,0.004104,0.004048,0.004057,140912908.0
1770285600000,0.004057,0.004057,0.003931,0.003949,257998522.0
1770289200000,0.003946,0.00396,0.003843,0.0039,371406053.0
1770292800000,0.003901,0.003922,0.003858,0.003901,347133437.0
1770296400000,0.003899,0.003914,0.003861,0.003871,204044206.0
1770300000000,0.003877,0.003956,0.003856,0.003865,416634028.0
1770303600000,0.003861,0.003873,0.003613,0.003704,2416131963.0
1770307200000,0.003707,0.003777,0.003676,0.003729,773651627.0
1770310800000,0.003732,0.003749,0.003613,0.003653,713124392.0
1770314400000,0.003655,0.003692,0.003607,0.003684,629561071.0
1770318000000,0.003683,0.003694,0.003608,0.003625,355819351.0
1770321600000,0.003626,0.003658,0.003455,0.003558,1568822914.0
1770325200000,0.003555,0.003649,0.003513,0.003531,1039764683.0
1770328800000,0.003533,0.003587,0.00348,0.003528,429912765.0
1770332400000,0.003524,0.003579,0.003405,0.003428,257661036.0
1770336000000,0.003427,0.003464,0.003098,0.003411,2162106228.0
1770339600000,0.00341,0.003544,0.003395,0.003532,392152010.0
1770343200000,0.003531,0.003565,0.003439,0.003455,268752283.0
1770346800000,0.003457,0.003504,0.003446,0.003477,202075804.0
1770350400000,0.003478,0.003548,0.003466,0.003546,68250289.0
1770354000000,0.003547,0.003749,0.003539,0.003733,181457931.0
1770357600000,0.003738,0.00374,0.003631,0.003634,188313836.0
1770361200000,0.003638,0.00364,0.003585,0.003594,88784793.0
1770364800000,0.003598,0.003614,0.003542,0.00357,86053663.0
1770368400000,0.00357,0.003665,0.003555,0.003652,84393936.0
1770372000000,0.003653,0.0037,0.003629,0.003691,75832940.0
1770375600000,0.003688,0.00371,0.003665,0.003672,42442932.0
1770379200000,0.003672,0.003674,0.003643,0.003663,24221605.0
1770382800000,0.003665,0.003737,0.003662,0.003713,73794867.0
1770386400000,0.003713,0.003823,0.003682,0.003772,371913299.0
1770390000000,0.003771,0.003797,0.003743,0.003781,258635737.0
1770393600000,0.003784,0.003922,0.00377,0.003895,273196787.0
1770397200000,0.003895,0.003994,0.003872,0.003939,244713992.0
1770400800000,0.003937,0.003943,0.003835,0.003867,227019658.0
1770404400000,0.003868,0.003904,0.003849,0.003892,91337833.0
1770408000000,0.003891,0.003912,0.003852,0.003876,69113949.0
1770411600000,0.003875,0.003912,0.003859,0.003912,56719613.0
1770415200000,0.003914,0.003963,0.003912,0.003956,134720206.0
1770418800000,0.003955,0.00397,0.003907,0.003911,42448547.0
1770422400000,0.00391,0.003914,0.003864,0.003883,96540078.0
1770426000000,0.003882,0.003914,0.003855,0.003909,59099160.0
1770429600000,0.003907,0.003935,0.00389,0.0039,38248938.0
1770433200000,0.003899,0.003939,0.003892,0.003905,86231335.0
1770436800000,0.003904,0.00393,0.003882,0.003895,66752518.0
1770440400000,0.003894,0.00393,0.003881,0.00389,33549934.0
1770444000000,0.003894,0.003913,0.003812,0.003812,48629593.0
1770447600000,0.003815,0.003832,0.003734,0.00378,207289422.0
1770451200000,0.003779,0.003804,0.003761,0.003797,35632765.0
1770454800000,0.003795,0.003817,0.003758,0.003773,43290524.0
1770458400000,0.003772,0.003793,0.003766,0.003784,18897177.0
1770462000000,0.003784,0.003786,0.003759,0.003768,14573359.0
1770465600000,0.003762,0.003878,0.003761,0.003835,101818681.0
1770469200000,0.003837,0.00385,0.003785,0.003796,42328410.0
1770472800000,0.003799,0.00381,0.003746,0.003752,26257451.0
1770476400000,0.003749,0.003831,0.003744,0.003804,308123544.0
1770480000000,0.003807,0.003921,0.003794,0.003846,1077426116.0
1770483600000,0.00385,0.003859,0.003821,0.003846,26978651.0
1770487200000,0.003849,0.003932,0.003846,0.003894,122234378.0
1770490800000,0.003893,0.003898,0.003865,0.003873,27523189.0
1770494400000,0.003873,0.003905,0.003867,0.0039,31166698.0
1770498000000,0.003903,0.003912,0.003868,0.003871,19820557.0
1770501600000,0.00387,0.003883,0.003846,0.003852,51062995.0
1770505200000,0.003857,0.003868,0.003833,0.003863,39466438.0
1770508800000,0.003863,0.003865,0.003841,0.003857,47220458.0
1770512400000,0.003856,0.00387,0.003848,0.003854,14400778.0
1770516000000,0.003854,0.003857,0.003813,0.003821,61522624.0
1770519600000,0.003823,0.003833,0.003789,0.003793,19021592.0
1770523200000,0.003793,0.00381,0.003776,0.003808,10446887.0
1770526800000,0.003808,0.003828,0.003796,0.003803,11530085.0
1770530400000,0.003802,0.003808,0.003789,0.003794,10065515.0
1770534000000,0.003795,0.003808,0.003774,0.003804,6894286.0
1770537600000,0.003802,0.003873,0.003797,0.003854,77432784.0
1770541200000,0.003851,0.003865,0.003813,0.00383,22476431.0
1770544800000,0.003832,0.003844,0.003787,0.003799,27993033.0
1770548400000,0.003799,0.003897,0.003793,0.00389,61597346.0
1770552000000,0.003892,0.003913,0.003871,0.003893,54148961.0
1770555600000,0.00389,0.0039,0.003868,0.003888,29277499.0
1770559200000,0.003892,0.003903,0.003876,0.003882,11901948.0
1770562800000,0.003881,0.003892,0.003819,0.003833,52943236.0
1770566400000,0.003834,0.003851,0.003727,0.003748,39262008.0
1770570000000,0.003747,0.00378,0.00374,0.003748,95782768.0
1770573600000,0.003751,0.003807,0.003751,0.00378,49353104.0
1770577200000,0.003782,0.003807,0.003766,0.003801,44976024.0
1770580800000,0.003799,0.003799,0.003736,0.00374,20503970.0
1770584400000,0.003739,0.003762,0.00371,0.003733,19777915.0
1770588000000,0.003733,0.003769,0.003732,0.003766,14024566.0
1770591600000,0.003767,0.003857,0.003724,0.003774,149682135.0
1770595200000,0.003776,0.003794,0.00375,0.003774,77707125.0
1770598800000,0.003773,0.003808,0.003741,0.003778,73100830.0
1770602400000,0.003775,0.00383,0.003768,0.003807,33825660.0
1770606000000,0.003807,0.003852,0.003798,0.00384,27724145.0
1770609600000,0.00384,0.003843,0.003815,0.00382,8091298.0
1770613200000,0.003817,0.003823,0.003803,0.003815,24349765.0
1770616800000,0.003816,0.003816,0.003749,0.003766,29038483.0
1770620400000,0.003764,0.003785,0.003744,0.003755,37920460.0
1770624000000,0.003751,0.003758,0.003672,0.003699,116037880.0
1770627600000,0.0037,0.003707,0.003664,0.00367,64542152.0
1770631200000,0.00367,0.003683,0.003618,0.003634,88291237.0
1770634800000,0.003641,0.003661,0.003641,0.00366,66960460.0
1770638400000,0.003661,0.003689,0.003656,0.003682,47588330.0
1770642000000,0.003684,0.003695,0.00366,0.00366,26398191.0
1770645600000,0.003661,0.003746,0.003661,0.003733,90372239.0
1770649200000,0.003736,0.003771,0.003707,0.003766,58210600.0
1770652800000,0.003769,0.00383,0.003743,0.003795,82277797.0
1770656400000,0.003795,0.003848,0.003785,0.003836,106529291.0
1770660000000,0.003841,0.003852,0.003787,0.003802,81613804.0
1770663600000,0.0038,0.003822,0.003788,0.003816,42242426.0
1770667200000,0.003816,0.003829,0.003785,0.00381,72669237.0
1770670800000,0.003813,0.003817,0.00376,0.00381,87418012.0
1770674400000,0.003812,0.003838,0.003812,0.003823,21730526.0
1770678000000,0.003828,0.003845,0.003808,0.003813,43492677.0
1770681600000,0.003813,0.003823,0.003801,0.003806,54282059.0
1770685200000,0.003806,0.003842,0.003805,0.003816,43813015.0
1770688800000,0.00382,0.003826,0.003798,0.003803,18862517.0
1770692400000,0.003804,0.003805,0.003726,0.003753,45019144.0
1770696000000,0.003753,0.003784,0.003751,0.003781,36538192.0
1770699600000,0.003781,0.003783,0.003732,0.003746,76498738.0
1770703200000,0.003746,0.003751,0.003669,0.003677,90291543.0
1770706800000,0.003678,0.003698,0.003663,0.00367,28564637.0
1770710400000,0.003673,0.003692,0.003666,0.003688,64988101.0
1770714000000,0.003685,0.003708,0.003682,0.003683,64824723.0
1770717600000,0.003685,0.003688,0.003656,0.003658,28886777.0
1770721200000,0.003656,0.003662,0.003625,0.003634,34907969.0
1770724800000,0.003639,0.003654,0.003622,0.003632,40074738.0
1770728400000,0.003633,0.003666,0.003628,0.003648,24262714.0
1770732000000,0.00365,0.003684,0.003625,0.003645,161862347.0
1770735600000,0.003643,0.003666,0.003624,0.003631,93952518.0
1770739200000,0.003634,0.00367,0.003611,0.003651,70137808.0
1770742800000,0.003653,0.003704,0.003635,0.003676,50305484.0
1770746400000,0.003678,0.003687,0.003591,0.003627,100704908.0
1770750000000,0.003624,0.003659,0.003612,0.003645,33517781.0
1770753600000,0.003644,0.00366,0.003634,0.003646,41474399.0
1770757200000,0.003648,0.00366,0.003624,0.00365,100983591.0
1770760800000,0.003652,0.003663,0.003635,0.003635,22765536.0
1770764400000,0.003635,0.003654,0.003632,0.003646,9889093.0
1770768000000,0.003647,0.003672,0.003645,0.003667,35141808.0
1770771600000,0.003667,0.003676,0.003657,0.003673,14846222.0
1770775200000,0.003676,0.003707,0.003672,0.003672,19265909.0
1770778800000,0.003672,0.003695,0.003627,0.003669,28789480.0
1770782400000,0.003667,0.003675,0.003603,0.003615,85759416.0
1770786000000,0.003615,0.003633,0.003585,0.003587,54358803.0
1770789600000,0.003585,0.003592,0.003524,0.003539,72888834.0
1770793200000,0.003538,0.003562,0.003528,0.003545,25287332.0
1770796800000,0.003543,0.003552,0.003528,0.003548,21039663.0
1770800400000,0.003547,0.003551,0.003522,0.003538,17780313.0
1770804000000,0.003539,0.003546,0.003507,0.003518,42668652.0
1770807600000,0.003519,0.003545,0.003519,0.003541,34406829.0
1770811200000,0.003538,0.003574,0.003528,0.003564,45546555.0
1770814800000,0.003566,0.003618,0.003546,0.003618,61069926.0
1770818400000,0.003621,0.003735,0.003527,0.003531,300826919.0
1770822000000,0.003532,0.00355,0.00346,0.003504,174741659.0
1770825600000,0.0035,0.003582,0.003496,0.003505,89854550.0
1770829200000,0.003501,0.003575,0.003492,0.00354,76905453.0
1770832800000,0.003539,0.003625,0.003514,0.00361,73005634.0
1770836400000,0.00361,0.00363,0.003588,0.003595,107981870.0
1770840000000,0.003594,0.00363,0.003582,0.003612,14527201.0
1770843600000,0.003615,0.00366,0.0036,0.003633,67386969.0
1770847200000,0.003633,0.003636,0.003573,0.003573,21033028.0
1770850800000,0.003573,0.003578,0.003522,0.003563,42851234.0
1770854400000,0.003564,0.00362,0.003564,0.003609,141639783.0
1770858000000,0.003608,0.003648,0.003608,0.003614,41304032.0
1770861600000,0.003613,0.003629,0.0036,0.003612,7119029.0
1770865200000,0.003614,0.003631,0.003604,0.003626,47096264.0
1770868800000,0.003625,0.003642,0.003607,0.003631,13378644.0
1770872400000,0.003632,0.003684,0.003611,0.00367,117963802.0
1770876000000,0.003669,0.003709,0.003665,0.003671,24675039.0
1770879600000,0.003669,0.003697,0.003655,0.003694,30999389.0
1770883200000,0.003695,0.003706,0.003666,0.003682,82205503.0
1770886800000,0.003682,0.003722,0.003674,0.003709,22849806.0
1770890400000,0.003712,0.003759,0.003699,0.003759,58705176.0
1770894000000,0.003758,0.003765,0.003725,0.003732,39848090.0
1770897600000,0.003728,0.003733,0.003687,0.003696,13566858.0
1770901200000,0.003696,0.00376,0.003689,0.003754,30480702.0
1770904800000,0.00376,0.00376,0.003713,0.003735,42880722.0
1770908400000,0.003732,0.003751,0.003684,0.003684,85226573.0
1770912000000,0.003685,0.003698,0.003608,0.003622,207585607.0
1770915600000,0.003623,0.003644,0.003596,0.003605,114014852.0
1770919200000,0.003604,0.003652,0.003591,0.003642,35311644.0
1770922800000,0.003641,0.003698,0.003635,0.003651,96357680.0
1770926400000,0.003653,0.00366,0.003603,0.003612,28070402.0
1770930000000,0.003617,0.003638,0.003616,0.003632,26251400.0
1770933600000,0.003632,0.003688,0.003616,0.003688,99174585.0
1770937200000,0.003687,0.003738,0.00368,0.003716,114363376.0
1770940800000,0.003717,0.003732,0.003663,0.003682,36328941.0
1770944400000,0.003681,0.00371,0.003676,0.003688,16078270.0
1770948000000,0.00369,0.003727,0.003678,0.00372,17017895.0
1770951600000,0.003714,0.003719,0.003685,0.003697,20012645.0
1770955200000,0.003698,0.003699,0.003672,0.003675,17166401.0
1770958800000,0.003674,0.003692,0.003657,0.003663,28132869.0
1770962400000,0.003662,0.003677,0.003631,0.003675,16677805.0
1770966000000,0.003673,0.00371,0.003671,0.003687,168766252.0
1770969600000,0.003686,0.003725,0.00368,0.003715,23382226.0
1770973200000,0.003714,0.003714,0.003696,0.003696,20141681.0
1770976800000,0.003697,0.003707,0.003687,0.003691,11801333.0
1770980400000,0.00369,0.00369,0.003666,0.003681,9271802.0
1770984000000,0.003679,0.003679,0.003661,0.003667,18569461.0
1770987600000,0.003666,0.003709,0.003658,0.003684,34647031.0
1770991200000,0.00368,0.003752,0.003658,0.003719,101242844.0
1770994800000,0.003724,0.003808,0.003706,0.003742,354133558.0
1770998400000,0.003744,0.003834,0.00372,0.003801,113966056.0
1771002000000,0.003804,0.003809,0.003776,0.003786,42194172.0
1771005600000,0.003785,0.003804,0.003769,0.003799,28644270.0
1771009200000,0.0038,0.003823,0.003787,0.003809,25603012.0
1771012800000,0.003812,0.003817,0.003793,0.00381,40355510.0
1771016400000,0.00381,0.00384,0.003807,0.003817,10448566.0
1771020000000,0.003818,0.003824,0.003791,0.003803,14011820.0
1771023600000,0.0038,0.003805,0.003776,0.003776,25027327.0
1771027200000,0.003776,0.003796,0.003759,0.003789,23388741.0
1771030800000,0.003789,0.003817,0.003785,0.003803,58894466.0
1771034400000,0.003805,0.00382,0.003795,0.003816,18251361.0
1771038000000,0.003812,0.003874,0.003808,0.003845,54734081.0
1771041600000,0.003844,0.003848,0.003811,0.003811,30097407.0
1771045200000,0.003811,0.003822,0.003786,0.003788,52286018.0
1771048800000,0.003788,0.00379,0.003767,0.003778,50338872.0
1771052400000,0.003778,0.003796,0.003777,0.003793,34626753.0
1771056000000,0.003793,0.003846,0.003791,0.003842,26303915.0
1771059600000,0.003837,0.003841,0.003826,0.003838,22733961.0
1771063200000,0.003837,0.003857,0.003825,0.003837,22059460.0
1771066800000,0.003838,0.003975,0.003838,0.00395,292918389.0
1771070400000,0.003948,0.003958,0.003905,0.003906,58895418.0
1771074000000,0.003908,0.003918,0.003872,0.003915,24916095.0
1771077600000,0.003918,0.004093,0.003915,0.004076,110002996.0
1771081200000,0.004068,0.004199,0.004052,0.004193,190895568.0
1771084800000,0.004192,0.004422,0.004171,0.004392,461806809.0
1771088400000,0.0044,0.004568,0.004396,0.004502,686122340.0
1771092000000,0.004506,0.004626,0.004492,0.004612,231830085.0
1771095600000,0.004609,0.004758,0.004576,0.004735,333699214.0
1771099200000,0.004738,0.004805,0.004604,0.004756,417511916.0
1771102800000,0.004759,0.00485,0.004718,0.004794,359661917.0
1771106400000,0.004792,0.005,0.004784,0.00492,389771650.0
1771110000000,0.004912,0.00493,0.004715,0.004833,472853626.0
1771113600000,0.004833,0.004894,0.004737,0.004804,549920704.0
1771117200000,0.004802,0.00491,0.004768,0.004831,388627033.0
1771120800000,0.004823,0.004885,0.004753,0.004856,486446932.0
1771124400000,0.004855,0.004957,0.004814,0.004931,429000572.0
1771128000000,0.004933,0.005091,0.004893,0.004943,531576559.0
1771131600000,0.004942,0.004986,0.004827,0.004858,240539147.0
1771135200000,0.004858,0.004903,0.004818,0.004871,139991651.0
1771138800000,0.004869,0.00497,0.004866,0.004879,168691317.0
1771142400000,0.004881,0.00492,0.00475,0.004761,842272597.0
1771146000000,0.004762,0.004828,0.004757,0.004795,145335022.0
1771149600000,0.004796,0.004799,0.004624,0.004712,217667953.0
1771153200000,0.004713,0.004718,0.004673,0.004704,85557360.0
1771156800000,0.004705,0.004714,0.004542,0.004542,362977894.0
1771160400000,0.00455,0.004617,0.004518,0.004583,1007879225.0
1771164000000,0.004582,0.00469,0.004577,0.004647,518132230.0
1771167600000,0.004646,0.004697,0.004628,0.004655,282265032.0
1771171200000,0.004653,0.004668,0.004595,0.00461,102107637.0
1771174800000,0.004611,0.004615,0.004446,0.004514,384021418.0
1771178400000,0.004516,0.004536,0.004419,0.004438,187481192.0
1771182000000,0.004437,0.004473,0.004392,0.004408,237745195.0
1771185600000,0.004409,0.004442,0.004377,0.004381,199433201.0
1771189200000,0.004385,0.004417,0.004341,0.004361,280251430.0
1771192800000,0.00436,0.004419,0.004354,0.004403,62883563.0
1771196400000,0.004406,0.004452,0.004347,0.00441,142047441.0
1771200000000,0.004412,0.004484,0.004405,0.004469,91753008.0
1771203600000,0.004468,0.004491,0.004422,0.004454,168464946.0
1771207200000,0.004453,0.004487,0.004428,0.004442,98207565.0
1771210800000,0.004442,0.004458,0.004409,0.004452,170850270.0
1771214400000,0.00445,0.004552,0.004439,0.004552,116758921.0
1771218000000,0.004553,0.004559,0.004428,0.004472,114465919.0
1771221600000,0.004471,0.004506,0.004434,0.004486,44552892.0
1771225200000,0.004484,0.004534,0.004467,0.004473,98862881.0
1771228800000,0.004469,0.004534,0.004467,0.004522,75047413.0
1771232400000,0.004522,0.004558,0.004487,0.004518,66055193.0
1771236000000,0.004518,0.004526,0.004491,0.004499,50913826.0
1771239600000,0.004501,0.004519,0.004415,0.004494,125412898.0
1771243200000,0.004491,0.004564,0.004461,0.004555,310005760.0
1771246800000,0.004549,0.004558,0.004368,0.004384,325334845.0
1771250400000,0.004371,0.00447,0.004362,0.004441,166211590.0
1771254000000,0.004439,0.00447,0.004374,0.004379,215821315.0
1771257600000,0.00438,0.004462,0.004376,0.004439,155168261.0
1771261200000,0.004438,0.004462,0.004409,0.004445,57448933.0
1771264800000,0.004448,0.004476,0.004426,0.004432,132448492.0
1771268400000,0.004439,0.004505,0.004432,0.004462,217084970.0
1771272000000,0.004464,0.004516,0.004445,0.004504,117106101.0
1771275600000,0.004501,0.004542,0.004475,0.004534,145118134.0
1771279200000,0.004526,0.004532,0.004463,0.004473,88890585.0
1771282800000,0.004475,0.004515,0.004469,0.004479,48083296.0
1771286400000,0.004478,0.004481,0.004421,0.004424,172944783.0
1771290000000,0.004426,0.004468,0.004413,0.004438,188876096.0
1771293600000,0.004436,0.004483,0.004416,0.004479,111052979.0
1771297200000,0.004476,0.004477,0.004423,0.004428,108143618.0
1771300800000,0.00443,0.004433,0.004376,0.004409,68231133.0
1771304400000,0.004411,0.004416,0.004367,0.004387,21133390.0
1771308000000,0.00439,0.004438,0.00439,0.004418,55802399.0
1771311600000,0.004414,0.004414,0.004352,0.004373,200810712.0
1771315200000,0.00437,0.004387,0.004321,0.004336,135223923.0
1771318800000,0.004334,0.004344,0.004322,0.004336,194591355.0
1771322400000,0.004333,0.004351,0.004288,0.004324,93184813.0
1771326000000,0.004325,0.004393,0.004324,0.004383,111788829.0
1771329600000,0.004384,0.004449,0.004382,0.004408,197168649.0
1771333200000,0.004415,0.004458,0.004404,0.00441,200165160.0
1771336800000,0.004408,0.004453,0.004343,0.004381,265753379.0
1771340400000,0.004378,0.004443,0.004368,0.004423,190504825.0
1771344000000,0.004426,0.004514,0.00442,0.004426,292318135.0
1771347600000,0.004427,0.004446,0.004376,0.004421,148151390.0
1771351200000,0.004416,0.004467,0.004411,0.004443,32876781.0
1771354800000,0.004445,0.004467,0.004407,0.00441,130393641.0
1771358400000,0.00441,0.004418,0.004373,0.004388,54190953.0
1771362000000,0.004385,0.004414,0.004372,0.004414,68364282.0
1771365600000,0.004415,0.004421,0.004389,0.004394,16491623.0
1771369200000,0.00439,0.004405,0.004378,0.004397,21278546.0
1771372800000,0.004395,0.004404,0.004358,0.004364,104298502.0
