t_ms,o,h,l,c,v
1762837200000,0.49247,0.49247,0.48261,0.48281,514713.0
1762840800000,0.4835,0.48631,0.48035,0.48442,628432.0
1762844400000,0.48452,0.48465,0.47587,0.47587,549708.0
1762848000000,0.4761,0.47961,0.47438,0.47835,231063.0
1762851600000,0.47817,0.48285,0.47784,0.47839,181225.0
1762855200000,0.47801,0.48188,0.47742,0.48105,247257.0
1762858800000,0.4809,0.48493,0.48015,0.48231,244744.0
1762862400000,0.48199,0.48541,0.47792,0.48026,383459.0
1762866000000,0.48069,0.48596,0.47891,0.47992,427319.0
1762869600000,0.48065,0.48553,0.47622,0.48518,550370.0
1762873200000,0.48529,0.48529,0.47574,0.478,2105125.0
1762876800000,0.47747,0.48026,0.47505,0.47774,449705.0
1762880400000,0.47781,0.4808,0.4728,0.47553,350626.0
1762884000000,0.47583,0.47747,0.4714,0.47515,208922.0
1762887600000,0.47503,0.47528,0.46951,0.46978,167793.0
1762891200000,0.47072,0.47093,0.46352,0.46488,398464.0
1762894800000,0.46574,0.46706,0.46105,0.46259,436267.0
1762898400000,0.46244,0.4682,0.45957,0.46727,580890.0
1762902000000,0.46717,0.46717,0.45844,0.45965,1412376.0
1762905600000,0.45972,0.4625,0.45556,0.45706,2069021.0
1762909200000,0.45912,0.46501,0.45789,0.46387,420804.0
1762912800000,0.46375,0.4658,0.45993,0.46291,174827.0
1762916400000,0.46264,0.46662,0.46245,0.46569,95086.0
1762920000000,0.46596,0.46812,0.46473,0.46812,150162.0
1762923600000,0.46852,0.47203,0.4674,0.47087,333607.0
1762927200000,0.47118,0.47555,0.47117,0.47227,56231.0
1762930800000,0.47229,0.47477,0.46993,0.47005,106898.0
1762934400000,0.47059,0.48369,0.47059,0.48185,599114.0
1762938000000,0.48208,0.48529,0.47883,0.47997,166941.0
1762941600000,0.48032,0.48394,0.48032,0.48177,411325.0
1762945200000,0.48187,0.48474,0.48082,0.4813,424016.0
1762948800000,0.48168,0.48322,0.47929,0.48078,141992.0
1762952400000,0.48071,0.48912,0.47969,0.48903,742936.0
1762956000000,0.48903,0.49066,0.47683,0.48266,1565741.0
1762959600000,0.48275,0.48765,0.47301,0.47472,2351666.0
1762963200000,0.47483,0.47646,0.45143,0.45313,2676607.0
1762966800000,0.45292,0.46049,0.44635,0.45527,1188685.0
1762970400000,0.45572,0.45804,0.44951,0.4496,1171203.0
1762974000000,0.44907,0.45155,0.44357,0.45067,1317789.0
1762977600000,0.45001,0.45904,0.44826,0.45528,1854201.0
1762981200000,0.45513,0.45656,0.45261,0.45368,280472.0
1762984800000,0.45315,0.45385,0.44789,0.45142,185911.0
1762988400000,0.45097,0.45097,0.44491,0.44659,231975.0
1762992000000,0.44691,0.45228,0.44638,0.44932,498295.0
1762995600000,0.44904,0.4562,0.44904,0.4511,1071956.0
1762999200000,0.45089,0.45186,0.44824,0.44935,115963.0
1763002800000,0.44969,0.46544,0.44442,0.46079,774082.0
1763006400000,0.46038,0.46485,0.45538,0.46155,710951.0
1763010000000,0.46122,0.47175,0.45845,0.47018,253724.0
1763013600000,0.46964,0.47276,0.46717,0.4682,330797.0
1763017200000,0.46823,0.47127,0.46509,0.46719,653376.0
1763020800000,0.46702,0.46906,0.46575,0.46666,611336.0
1763024400000,0.46701,0.46716,0.45891,0.461,313791.0
1763028000000,0.46149,0.46772,0.46149,0.46439,211354.0
1763031600000,0.46447,0.46556,0.46247,0.46363,286161.0
1763035200000,0.4637,0.46832,0.46253,0.46741,533293.0
1763038800000,0.46732,0.46912,0.46233,0.46417,1574730.0
1763042400000,0.46471,0.47637,0.45876,0.47166,2915848.0
1763046000000,0.47139,0.47654,0.46244,0.46512,1637196.0
1763049600000,0.46468,0.46673,0.45169,0.45297,1824161.0
1763053200000,0.45212,0.45543,0.43832,0.4394,1044973.0
1763056800000,0.43966,0.44205,0.43079,0.43536,2263921.0
1763060400000,0.43572,0.44004,0.42512,0.4273,1361996.0
1763064000000,0.42738,0.42817,0.42109,0.42291,1623139.0
1763067600000,0.42319,0.42736,0.42168,0.42623,835770.0
1763071200000,0.42564,0.43809,0.42529,0.43753,1895113.0
1763074800000,0.43745,0.44494,0.43512,0.44043,1645754.0
1763078400000,0.44015,0.44828,0.43793,0.44068,1162556.0
1763082000000,0.44119,0.44412,0.43906,0.43979,787152.0
1763085600000,0.43991,0.44386,0.43841,0.43973,523795.0
1763089200000,0.43934,0.43934,0.43255,0.43397,474364.0
1763092800000,0.43392,0.43392,0.41236,0.42318,2277134.0
1763096400000,0.42326,0.43467,0.42321,0.43151,1147666.0
1763100000000,0.43156,0.44004,0.42488,0.43975,1244418.0
1763103600000,0.43955,0.44472,0.43649,0.44025,1227124.0
1763107200000,0.44058,0.44058,0.43368,0.43599,1285377.0
1763110800000,0.43603,0.43648,0.4258,0.42622,760265.0
1763114400000,0.42667,0.43068,0.42647,0.42708,435593.0
1763118000000,0.42718,0.42779,0.4209,0.4246,599862.0
1763121600000,0.42483,0.42483,0.41157,0.42288,3098505.0
1763125200000,0.42303,0.42598,0.41444,0.42075,1129306.0
1763128800000,0.42062,0.43057,0.41339,0.42614,1750828.0
1763132400000,0.42636,0.43232,0.41943,0.42642,2496094.0
1763136000000,0.42643,0.43522,0.42435,0.43297,829640.0
1763139600000,0.43297,0.43438,0.4221,0.42307,399950.0
1763143200000,0.42339,0.42944,0.42194,0.42374,259809.0
1763146800000,0.42408,0.43308,0.42267,0.43153,315693.0
1763150400000,0.4316,0.43192,0.41529,0.41735,988173.0
1763154000000,0.41749,0.42443,0.41459,0.41896,425346.0
1763157600000,0.41902,0.4212,0.4089,0.41047,239389.0
1763161200000,0.41113,0.41113,0.39701,0.40304,747826.0
1763164800000,0.40335,0.41185,0.40301,0.41157,577148.0
1763168400000,0.4122,0.41684,0.40935,0.41638,157022.0
1763172000000,0.41616,0.4196,0.41506,0.4196,266235.0
1763175600000,0.41972,0.4247,0.41908,0.42348,197565.0
1763179200000,0.42375,0.42465,0.42101,0.42199,283781.0
1763182800000,0.42124,0.42676,0.4212,0.42597,224795.0
1763186400000,0.42648,0.43085,0.42493,0.42803,82294.0
1763190000000,0.42764,0.42793,0.42159,0.42206,160400.0
1763193600000,0.42159,0.42159,0.41175,0.41372,418836.0
1763197200000,0.41333,0.41922,0.41235,0.41566,148224.0
1763200800000,0.41574,0.41899,0.41518,0.41823,75924.0
1763204400000,0.41837,0.41874,0.41551,0.41724,97359.0
1763208000000,0.41698,0.42375,0.41688,0.42312,172065.0
1763211600000,0.42309,0.43234,0.42252,0.42989,385636.0
1763215200000,0.4297,0.43547,0.42916,0.43475,176632.0
1763218800000,0.43426,0.43604,0.4284,0.42843,501403.0
1763222400000,0.42826,0.42861,0.4238,0.42763,339213.0
1763226000000,0.42804,0.43191,0.42576,0.43081,277690.0
1763229600000,0.43031,0.4314,0.42886,0.42976,78076.0
1763233200000,0.42933,0.4306,0.42643,0.42769,57677.0
1763236800000,0.42766,0.42795,0.4225,0.4236,272549.0
1763240400000,0.42346,0.42694,0.42077,0.42115,150062.0
1763244000000,0.42128,0.42529,0.42096,0.4241,136382.0
1763247600000,0.42384,0.42557,0.42312,0.42402,107185.0
1763251200000,0.424,0.42464,0.41813,0.42164,391396.0
1763254800000,0.42124,0.4225,0.41421,0.42088,517335.0
1763258400000,0.42021,0.42783,0.41793,0.4273,210719.0
1763262000000,0.42713,0.43066,0.42627,0.43015,172038.0
1763265600000,0.431,0.431,0.42637,0.42818,214565.0
1763269200000,0.42802,0.43302,0.42797,0.42994,251204.0
1763272800000,0.42916,0.42987,0.42726,0.42728,346395.0
1763276400000,0.42761,0.42941,0.42617,0.4291,296755.0
1763280000000,0.42919,0.42969,0.42547,0.42741,309200.0
1763283600000,0.42739,0.43157,0.42577,0.43157,292153.0
1763287200000,0.43162,0.43162,0.42848,0.42848,163550.0
1763290800000,0.42903,0.42927,0.41756,0.41839,136992.0
1763294400000,0.41836,0.42167,0.41649,0.41751,453658.0
1763298000000,0.41746,0.41818,0.41301,0.41526,133844.0
1763301600000,0.41559,0.41934,0.41385,0.41814,62602.0
1763305200000,0.41826,0.41826,0.40712,0.408,869828.0
1763308800000,0.40814,0.41219,0.40273,0.40389,505283.0
1763312400000,0.40403,0.40622,0.3987,0.40431,785059.0
1763316000000,0.40361,0.41165,0.39924,0.4003,1069155.0
1763319600000,0.40078,0.40757,0.39973,0.40186,1957488.0
1763323200000,0.40214,0.40618,0.40028,0.40049,474919.0
1763326800000,0.39992,0.40036,0.3954,0.39907,620390.0
1763330400000,0.39922,0.40792,0.39601,0.40548,612694.0
1763334000000,0.40573,0.41385,0.39731,0.40984,582609.0
1763337600000,0.41009,0.41906,0.40461,0.41545,858348.0
1763341200000,0.4156,0.4165,0.41137,0.41239,381830.0
1763344800000,0.41283,0.41609,0.41097,0.41368,569068.0
1763348400000,0.41347,0.41744,0.41347,0.41647,227073.0
1763352000000,0.41641,0.41851,0.41459,0.41507,339705.0
1763355600000,0.41544,0.41565,0.41305,0.41523,520716.0
1763359200000,0.41504,0.4174,0.41262,0.41669,508662.0
1763362800000,0.41674,0.41791,0.40934,0.41514,627767.0
1763366400000,0.41522,0.41646,0.41325,0.41376,408058.0
1763370000000,0.4144,0.41786,0.41308,0.4151,142882.0
1763373600000,0.41541,0.4184,0.41444,0.41487,149324.0
1763377200000,0.41477,0.41779,0.41396,0.41498,104523.0
1763380800000,0.41473,0.41484,0.41164,0.41304,161450.0
1763384400000,0.41331,0.41343,0.39688,0.40142,615687.0
1763388000000,0.40135,0.41873,0.39613,0.4077,1991158.0
1763391600000,0.40809,0.41105,0.39747,0.40092,1501082.0
1763395200000,0.40086,0.40966,0.39208,0.40928,1376708.0
1763398800000,0.40949,0.40999,0.39551,0.39637,725076.0
1763402400000,0.39659,0.39987,0.38889,0.3904,1494958.0
1763406000000,0.39057,0.39341,0.38473,0.38725,1004188.0
1763409600000,0.38734,0.38977,0.38239,0.38685,1059750.0
1763413200000,0.38721,0.39027,0.38163,0.38645,590233.0
1763416800000,0.38655,0.38969,0.38354,0.38593,578925.0
1763420400000,0.386,0.38877,0.38416,0.38846,167670.0
1763424000000,0.3883,0.39166,0.38101,0.39135,654270.0
1763427600000,0.39057,0.39412,0.38864,0.39209,299832.0
1763431200000,0.39217,0.40278,0.38857,0.39547,628764.0
1763434800000,0.39684,0.40411,0.39003,0.4026,917220.0
1763438400000,0.40233,0.40813,0.39667,0.40791,1087142.0
1763442000000,0.40786,0.41414,0.40444,0.40902,911721.0
1763445600000,0.40918,0.41032,0.40281,0.40332,465151.0
1763449200000,0.40308,0.40594,0.40037,0.40173,617666.0
1763452800000,0.40201,0.40782,0.40075,0.40445,836364.0
1763456400000,0.40434,0.40584,0.39999,0.40564,433007.0
1763460000000,0.40641,0.40717,0.403,0.40414,180162.0
1763463600000,0.40395,0.40395,0.39968,0.40248,1908858.0
1763467200000,0.40245,0.40712,0.40037,0.40671,1524380.0
1763470800000,0.40676,0.40683,0.40049,0.40497,600414.0
1763474400000,0.40496,0.41275,0.40229,0.40264,1049353.0
1763478000000,0.40211,0.41378,0.40014,0.41082,1944479.0
1763481600000,0.41086,0.41702,0.41037,0.41526,869475.0
1763485200000,0.41524,0.41595,0.41111,0.41512,688948.0
1763488800000,0.41522,0.42056,0.41522,0.41854,296318.0
1763492400000,0.41862,0.42084,0.41736,0.41919,114544.0
1763496000000,0.41947,0.42032,0.41649,0.41649,174378.0
1763499600000,0.41618,0.41626,0.40936,0.40954,133267.0
1763503200000,0.40947,0.41845,0.40947,0.41834,167427.0
1763506800000,0.4184,0.41934,0.41579,0.41677,292026.0
1763510400000,0.41647,0.41665,0.41024,0.4156,415902.0
1763514000000,0.41558,0.41911,0.41388,0.41697,332832.0
1763517600000,0.4173,0.4216,0.41598,0.41854,225893.0
1763521200000,0.41837,0.41937,0.40791,0.41209,502219.0
1763524800000,0.4126,0.41699,0.4062,0.40903,1256923.0
1763528400000,0.41002,0.4127,0.40626,0.41191,347393.0
1763532000000,0.41165,0.41458,0.40791,0.41131,689306.0
1763535600000,0.41112,0.41257,0.4073,0.41079,489816.0
1763539200000,0.41074,0.41326,0.40846,0.4125,332232.0
1763542800000,0.4124,0.4124,0.40776,0.41173,432715.0
1763546400000,0.41183,0.4156,0.41029,0.41049,163549.0
1763550000000,0.41004,0.41139,0.40874,0.40937,82208.0
1763553600000,0.40944,0.41106,0.40834,0.41036,247176.0
1763557200000,0.41028,0.41028,0.40374,0.40374,257975.0
1763560800000,0.40388,0.40469,0.39765,0.40343,772083.0
1763564400000,0.40372,0.41103,0.39433,0.39498,1449517.0
1763568000000,0.39517,0.39828,0.38303,0.38451,868637.0
1763571600000,0.38439,0.38626,0.37741,0.38387,1022290.0
1763575200000,0.3829,0.38512,0.37329,0.37868,1182029.0
1763578800000,0.37808,0.38109,0.37614,0.37951,472739.0
1763582400000,0.37963,0.38372,0.37846,0.3836,704457.0
1763586000000,0.38364,0.39687,0.38211,0.39515,1378773.0
1763589600000,0.39536,0.39537,0.38925,0.39111,327394.0
1763593200000,0.39115,0.39948,0.39094,0.39776,2131985.0
1763596800000,0.39776,0.40012,0.39528,0.39712,434514.0
1763600400000,0.39733,0.40198,0.39697,0.4016,194553.0
1763604000000,0.40219,0.40605,0.40219,0.40564,187881.0
1763607600000,0.40575,0.40634,0.40361,0.40423,130117.0
1763611200000,0.40441,0.407,0.40245,0.407,174746.0
1763614800000,0.40715,0.40768,0.40397,0.40606,316456.0
1763618400000,0.40616,0.40757,0.40469,0.40756,737640.0
1763622000000,0.40759,0.41356,0.40748,0.41295,664037.0
1763625600000,0.41319,0.41416,0.41027,0.4107,808476.0
1763629200000,0.41049,0.41088,0.40646,0.40803,1258268.0
1763632800000,0.40816,0.40857,0.40496,0.40831,79827.0
1763636400000,0.40779,0.41002,0.40664,0.40978,75606.0
1763640000000,0.40972,0.41991,0.40915,0.41856,546886.0
1763643600000,0.41876,0.4225,0.41422,0.4176,871631.0
1763647200000,0.41784,0.42477,0.40952,0.42244,1058978.0
1763650800000,0.42232,0.42271,0.41145,0.41193,609179.0
1763654400000,0.41189,0.41306,0.38873,0.39035,3342048.0
1763658000000,0.39092,0.39375,0.37937,0.38165,1021784.0
1763661600000,0.38142,0.38456,0.37592,0.37735,1372506.0
1763665200000,0.37709,0.38656,0.37368,0.3856,646535.0
1763668800000,0.38506,0.38506,0.37797,0.37858,561577.0
1763672400000,0.37846,0.39006,0.37812,0.3842,325277.0
1763676000000,0.38408,0.39588,0.38383,0.39329,235798.0
1763679600000,0.39338,0.39338,0.3777,0.37851,434812.0
1763683200000,0.37865,0.38667,0.37865,0.38596,453728.0
1763686800000,0.3861,0.38827,0.38254,0.38461,256072.0
1763690400000,0.3843,0.38515,0.3708,0.37162,569204.0
1763694000000,0.3719,0.38108,0.3719,0.37808,468479.0
1763697600000,0.37731,0.38026,0.3717,0.37978,546389.0
1763701200000,0.3799,0.38113,0.37383,0.37463,220732.0
1763704800000,0.37462,0.37711,0.37233,0.37493,589726.0
1763708400000,0.37491,0.37559,0.32795,0.35317,2913461.0
1763712000000,0.35288,0.35919,0.34989,0.35008,878797.0
1763715600000,0.35039,0.35245,0.34072,0.34158,618403.0
1763719200000,0.34106,0.34562,0.33799,0.3396,1132578.0
1763722800000,0.33915,0.34272,0.33309,0.33461,622137.0
1763726400000,0.33466,0.34359,0.3252,0.34088,2774322.0
1763730000000,0.34099,0.34386,0.33621,0.33756,953346.0
1763733600000,0.33787,0.34595,0.33315,0.34289,1413015.0
1763737200000,0.3433,0.34366,0.32995,0.33074,768217.0
1763740800000,0.3313,0.33732,0.32253,0.33722,2397020.0
1763744400000,0.33748,0.34466,0.33451,0.33502,1370078.0
1763748000000,0.33551,0.33858,0.32585,0.33556,888265.0
1763751600000,0.3355,0.3355,0.32691,0.32764,548540.0
1763755200000,0.32767,0.32798,0.31758,0.32273,1391727.0
1763758800000,0.32285,0.33044,0.3183,0.32709,791047.0
1763762400000,0.32714,0.32871,0.31336,0.31368,539439.0
1763766000000,0.3135,0.32936,0.31038,0.32899,732995.0
1763769600000,0.32913,0.3311,0.32691,0.3293,448988.0
1763773200000,0.32952,0.33206,0.328,0.33029,304407.0
1763776800000,0.33057,0.33069,0.32384,0.32608,209953.0
1763780400000,0.32598,0.32677,0.32123,0.32162,692442.0
1763784000000,0.32149,0.32194,0.31298,0.31875,726288.0
1763787600000,0.31848,0.31892,0.30836,0.31365,1298918.0
1763791200000,0.31365,0.31945,0.30934,0.3189,917065.0
1763794800000,0.31894,0.32143,0.31704,0.31995,723464.0
1763798400000,0.32009,0.32009,0.3123,0.31449,858338.0
1763802000000,0.31489,0.32452,0.31488,0.32293,839422.0
1763805600000,0.32332,0.32663,0.31937,0.32371,832443.0
1763809200000,0.32373,0.32914,0.32305,0.32618,496396.0
1763812800000,0.32608,0.32615,0.32164,0.3221,614063.0
1763816400000,0.32248,0.32248,0.3175,0.32059,447704.0
1763820000000,0.32058,0.32778,0.32058,0.32764,669255.0
1763823600000,0.32786,0.32875,0.32146,0.32373,477105.0
1763827200000,0.32374,0.33021,0.3229,0.32931,380292.0
1763830800000,0.32931,0.33,0.32596,0.32664,237114.0
1763834400000,0.32672,0.32865,0.32457,0.32744,154179.0
1763838000000,0.32786,0.32971,0.32707,0.32821,125468.0
1763841600000,0.328,0.33348,0.32496,0.32617,985767.0
1763845200000,0.32599,0.32878,0.3256,0.32829,678449.0
1763848800000,0.32864,0.33734,0.3275,0.33709,226927.0
1763852400000,0.33662,0.33662,0.33205,0.33234,317215.0
1763856000000,0.33216,0.33454,0.32881,0.33068,311258.0
1763859600000,0.33077,0.33604,0.33038,0.33421,136820.0
1763863200000,0.33455,0.33632,0.33287,0.33398,177834.0
1763866800000,0.334,0.33546,0.3319,0.33508,57890.0
1763870400000,0.33583,0.34227,0.33492,0.34116,388437.0
1763874000000,0.34108,0.34372,0.33935,0.34342,199856.0
1763877600000,0.34342,0.34485,0.3376,0.33799,235649.0
1763881200000,0.33807,0.33852,0.3336,0.3368,352016.0
1763884800000,0.33681,0.33849,0.33602,0.33793,259527.0
1763888400000,0.33801,0.33952,0.33694,0.33753,275144.0
1763892000000,0.33717,0.33717,0.33391,0.33478,115446.0
1763895600000,0.33477,0.33601,0.33171,0.33536,173616.0
1763899200000,0.33505,0.33939,0.33493,0.33664,210425.0
1763902800000,0.33663,0.33827,0.33456,0.33803,202730.0
1763906400000,0.33815,0.34019,0.33247,0.33259,214998.0
1763910000000,0.33235,0.34054,0.33235,0.33924,507371.0
1763913600000,0.33959,0.34205,0.33743,0.33743,743035.0
1763917200000,0.33772,0.34108,0.33584,0.33714,662871.0
1763920800000,0.33705,0.34146,0.33701,0.33945,140106.0
1763924400000,0.33931,0.34418,0.3386,0.34089,138783.0
1763928000000,0.34114,0.34174,0.33852,0.33915,203360.0
1763931600000,0.33908,0.34223,0.337,0.3416,252344.0
1763935200000,0.34161,0.34195,0.33854,0.33889,135462.0
1763938800000,0.33921,0.34038,0.33428,0.3349,115861.0
1763942400000,0.3348,0.33889,0.33048,0.33556,302158.0
1763946000000,0.33534,0.34004,0.33451,0.33948,650376.0
1763949600000,0.33979,0.3507,0.33967,0.34728,859329.0
1763953200000,0.3474,0.35144,0.34464,0.35002,341960.0
1763956800000,0.35056,0.35221,0.34139,0.34423,393559.0
1763960400000,0.34388,0.35449,0.34341,0.35166,672315.0
1763964000000,0.35171,0.35222,0.34642,0.34913,255928.0
1763967600000,0.34843,0.34843,0.3449,0.34561,194950.0
1763971200000,0.34527,0.34775,0.34407,0.34705,289542.0
1763974800000,0.34716,0.34717,0.33728,0.33743,612708.0
1763978400000,0.33752,0.33957,0.33657,0.33807,906535.0
1763982000000,0.33808,0.341,0.33684,0.34041,176758.0
1763985600000,0.34026,0.3417,0.33685,0.33806,241711.0
1763989200000,0.33796,0.34538,0.33755,0.3415,246831.0
1763992800000,0.34112,0.34851,0.3369,0.34332,1451887.0
1763996400000,0.34438,0.35069,0.34162,0.34715,685993.0
1764000000000,0.34726,0.3521,0.3469,0.34983,466161.0
1764003600000,0.35024,0.36702,0.35024,0.36617,635470.0
1764007200000,0.36634,0.36919,0.36393,0.36612,715391.0
1764010800000,0.3663,0.36948,0.36585,0.36642,315010.0
1764014400000,0.36684,0.37657,0.36684,0.3759,465795.0
1764018000000,0.37553,0.37823,0.37247,0.37527,387097.0
1764021600000,0.37515,0.37907,0.37432,0.37726,190410.0
1764025200000,0.37735,0.37849,0.37525,0.37648,103512.0
1764028800000,0.3763,0.37678,0.37123,0.37225,335738.0
1764032400000,0.37226,0.37263,0.3664,0.3664,89449.0
1764036000000,0.36674,0.36931,0.36249,0.36931,209112.0
1764039600000,0.36937,0.37,0.36558,0.36615,224621.0
1764043200000,0.36583,0.36646,0.36227,0.36345,474595.0
1764046800000,0.36331,0.36423,0.36172,0.36325,198749.0
1764050400000,0.36346,0.36394,0.35807,0.36057,493976.0
1764054000000,0.36077,0.36208,0.35902,0.35931,261963.0
1764057600000,0.36017,0.36266,0.35928,0.35928,528414.0
1764061200000,0.35952,0.3604,0.35662,0.35996,180235.0
1764064800000,0.36026,0.36212,0.35863,0.36061,86310.0
1764068400000,0.36042,0.36061,0.3572,0.3578,58385.0
1764072000000,0.35761,0.36106,0.35673,0.35945,292402.0
1764075600000,0.35891,0.36039,0.35266,0.35323,471157.0
1764079200000,0.35355,0.3553,0.34572,0.34866,2206347.0
1764082800000,0.34829,0.35571,0.34343,0.35308,2055138.0
1764086400000,0.3533,0.35996,0.35249,0.35794,253540.0
1764090000000,0.35794,0.36125,0.35564,0.35722,373142.0
1764093600000,0.35708,0.3605,0.3561,0.3561,174762.0
1764097200000,0.35603,0.35701,0.34852,0.35498,314638.0
1764100800000,0.35523,0.36054,0.35499,0.35826,828004.0
1764104400000,0.35827,0.36088,0.35797,0.35892,541802.0
1764108000000,0.35902,0.36668,0.3557,0.36624,598415.0
1764111600000,0.36633,0.37155,0.36412,0.36658,323819.0
1764115200000,0.36676,0.36836,0.3643,0.36704,422932.0
1764118800000,0.36723,0.37115,0.36564,0.36685,159184.0
1764122400000,0.36718,0.36735,0.36453,0.36462,127965.0
1764126000000,0.3643,0.36539,0.36056,0.36061,66063.0
1764129600000,0.36124,0.36264,0.36,0.3615,126144.0
1764133200000,0.36125,0.36537,0.36096,0.3647,74307.0
1764136800000,0.36482,0.367,0.36307,0.36625,139339.0
1764140400000,0.36627,0.36726,0.36507,0.367,83453.0
1764144000000,0.36669,0.36758,0.36359,0.36359,112750.0
1764147600000,0.36386,0.36427,0.35884,0.35956,230153.0
1764151200000,0.35966,0.36189,0.35837,0.35955,160891.0
1764154800000,0.35945,0.35951,0.35634,0.35724,86479.0
1764158400000,0.35725,0.35761,0.35178,0.35473,204346.0
1764162000000,0.35464,0.35834,0.3538,0.35834,198283.0
1764165600000,0.35736,0.36246,0.35557,0.35557,173615.0
1764169200000,0.35617,0.36006,0.35423,0.35734,183485.0
1764172800000,0.35741,0.36695,0.35738,0.36573,294854.0
1764176400000,0.36584,0.38045,0.36458,0.37927,476295.0
1764180000000,0.37975,0.3921,0.37923,0.38991,1233321.0
1764183600000,0.39031,0.3917,0.38797,0.38997,428040.0
1764187200000,0.39012,0.39088,0.38202,0.38424,334750.0
1764190800000,0.3843,0.39274,0.38185,0.38858,507495.0
1764194400000,0.38854,0.38989,0.38529,0.38889,555356.0
1764198000000,0.38871,0.39054,0.38625,0.38657,806650.0
1764201600000,0.38655,0.3872,0.38388,0.38388,425959.0
1764205200000,0.3839,0.38719,0.38155,0.38613,178341.0
1764208800000,0.3858,0.38645,0.3817,0.38197,396010.0
1764212400000,0.38179,0.38418,0.37918,0.37956,127776.0
1764216000000,0.37954,0.38271,0.37954,0.38271,156696.0
1764219600000,0.38274,0.38344,0.37915,0.38084,135695.0
1764223200000,0.38119,0.3859,0.38068,0.38491,138726.0
1764226800000,0.38439,0.38775,0.38198,0.38259,431271.0
1764230400000,0.38244,0.3831,0.37887,0.38158,106512.0
1764234000000,0.38119,0.38311,0.3798,0.38059,217025.0
1764237600000,0.38066,0.38082,0.37727,0.37762,11335.0
1764241200000,0.37725,0.37743,0.3758,0.37696,36385.0
1764244800000,0.37678,0.37711,0.37533,0.37557,195593.0
1764248400000,0.37562,0.38025,0.37562,0.37906,381783.0
1764252000000,0.37927,0.38294,0.37833,0.38217,296635.0
1764255600000,0.38209,0.38559,0.38064,0.38526,161930.0
1764259200000,0.38524,0.38812,0.38392,0.38766,203649.0
1764262800000,0.38739,0.3894,0.38647,0.3885,108401.0
1764266400000,0.38846,0.39237,0.38732,0.38997,103853.0
1764270000000,0.39039,0.39257,0.39012,0.3912,56947.0
1764273600000,0.39126,0.39188,0.39016,0.39134,118719.0
1764277200000,0.39093,0.39443,0.38998,0.39023,87227.0
1764280800000,0.39002,0.39029,0.38496,0.38564,78650.0
1764284400000,0.3861,0.38636,0.38256,0.38324,120575.0
1764288000000,0.38343,0.38695,0.38322,0.38422,114527.0
1764291600000,0.38418,0.38526,0.38081,0.38081,103743.0
1764295200000,0.38053,0.3811,0.37786,0.3808,120366.0
1764298800000,0.38069,0.38331,0.37988,0.38284,40706.0
1764302400000,0.38303,0.38501,0.38185,0.38202,75230.0
1764306000000,0.38128,0.38477,0.38038,0.38333,101531.0
1764309600000,0.38332,0.38335,0.37911,0.38053,57509.0
1764313200000,0.38049,0.38349,0.3796,0.37997,154793.0
1764316800000,0.38013,0.39371,0.38003,0.39185,425976.0
1764320400000,0.39298,0.3937,0.38961,0.39043,111832.0
1764324000000,0.39027,0.39152,0.38989,0.38989,74402.0
1764327600000,0.38954,0.38969,0.38285,0.3863,184298.0
1764331200000,0.38615,0.38782,0.38499,0.38684,168424.0
1764334800000,0.38632,0.39437,0.38492,0.39371,173566.0
1764338400000,0.3939,0.40113,0.39248,0.3972,408103.0
1764342000000,0.3984,0.40606,0.39286,0.3941,393254.0
1764345600000,0.39425,0.39425,0.38403,0.38476,470013.0
1764349200000,0.38506,0.38698,0.37925,0.38085,224352.0
1764352800000,0.38149,0.38261,0.37756,0.38126,184226.0
1764356400000,0.38103,0.38565,0.38026,0.38392,69490.0
1764360000000,0.38404,0.38413,0.38023,0.3837,176066.0
1764363600000,0.38405,0.38449,0.37946,0.3796,136739.0
1764367200000,0.37944,0.38337,0.37875,0.38283,116625.0
1764370800000,0.38312,0.38424,0.38044,0.38053,67663.0
1764374400000,0.38119,0.38207,0.37983,0.38153,99387.0
1764378000000,0.38151,0.38374,0.3795,0.37994,65123.0
1764381600000,0.3798,0.38062,0.37863,0.38006,83390.0
1764385200000,0.38018,0.38171,0.37733,0.37733,51167.0
1764388800000,0.37735,0.38041,0.3772,0.38,62456.0
1764392400000,0.37967,0.37967,0.37677,0.37701,42661.0
1764396000000,0.37707,0.37832,0.37404,0.37551,72750.0
1764399600000,0.37536,0.37749,0.37494,0.37536,15842.0
1764403200000,0.37495,0.37589,0.37349,0.37358,108559.0
1764406800000,0.37395,0.37441,0.37282,0.37341,25541.0
1764410400000,0.37345,0.37647,0.37237,0.37543,221550.0
1764414000000,0.3754,0.37864,0.37457,0.37831,83186.0
1764417600000,0.37827,0.37858,0.37362,0.37362,289851.0
1764421200000,0.37358,0.37424,0.37213,0.3733,67711.0
1764424800000,0.37319,0.37434,0.37192,0.37254,45347.0
1764428400000,0.3725,0.37695,0.3725,0.37537,240495.0
1764432000000,0.37516,0.37609,0.37306,0.37389,61353.0
1764435600000,0.37399,0.37414,0.36914,0.37069,180013.0
1764439200000,0.37037,0.37361,0.36837,0.37296,151109.0
1764442800000,0.37298,0.37452,0.37204,0.37225,23933.0
1764446400000,0.37235,0.37634,0.371,0.37612,175873.0
1764450000000,0.37616,0.37752,0.37443,0.37699,48125.0
1764453600000,0.37712,0.37724,0.3749,0.37582,47769.0
1764457200000,0.37609,0.38203,0.37486,0.37904,173766.0
1764460800000,0.37853,0.38047,0.3785,0.37898,67319.0
1764464400000,0.37897,0.38088,0.37825,0.37965,96086.0
1764468000000,0.37955,0.38089,0.37736,0.37736,40867.0
1764471600000,0.37733,0.37802,0.37343,0.3761,61266.0
1764475200000,0.37594,0.37706,0.3728,0.37378,157442.0
1764478800000,0.37357,0.37379,0.37172,0.37312,291264.0
1764482400000,0.37311,0.3781,0.37284,0.37551,224652.0
1764486000000,0.37553,0.3786,0.3752,0.37746,200501.0
1764489600000,0.37745,0.38133,0.37611,0.37703,168311.0
1764493200000,0.37712,0.3783,0.37614,0.37815,54993.0
1764496800000,0.37765,0.37919,0.37603,0.37707,56573.0
1764500400000,0.37711,0.37932,0.37704,0.37772,79658.0
1764504000000,0.37761,0.38369,0.37559,0.38109,188524.0
1764507600000,0.38108,0.38716,0.38057,0.3853,408183.0
1764511200000,0.3853,0.38551,0.37617,0.37645,179462.0
1764514800000,0.37722,0.37722,0.37135,0.37235,61804.0
1764518400000,0.37232,0.37942,0.37225,0.37823,176851.0
1764522000000,0.37775,0.37775,0.37295,0.37559,127583.0
1764525600000,0.37544,0.37711,0.3745,0.37708,30442.0
1764529200000,0.37768,0.37861,0.37641,0.37705,70564.0
1764532800000,0.37692,0.38035,0.37435,0.37617,118150.0
1764536400000,0.37607,0.37722,0.37466,0.37581,81292.0
1764540000000,0.37607,0.37911,0.37425,0.37638,114044.0
1764543600000,0.37611,0.37616,0.36577,0.36597,76087.0
1764547200000,0.36661,0.36762,0.33766,0.3384,2850789.0
1764550800000,0.33869,0.34452,0.33683,0.34078,799127.0
1764554400000,0.33932,0.34388,0.33906,0.34149,620982.0
1764558000000,0.34134,0.34239,0.33753,0.33774,500863.0
1764561600000,0.33731,0.33936,0.33582,0.33735,251541.0
1764565200000,0.33707,0.33987,0.33665,0.33944,244917.0
1764568800000,0.33928,0.34083,0.33784,0.33791,347475.0
1764572400000,0.33786,0.34021,0.33719,0.3395,455961.0
1764576000000,0.33925,0.34082,0.33689,0.34012,501890.0
1764579600000,0.33999,0.34125,0.33831,0.33831,475225.0
1764583200000,0.33859,0.34158,0.33859,0.33922,178112.0
1764586800000,0.33924,0.33931,0.33389,0.33448,146667.0
1764590400000,0.33477,0.33924,0.33029,0.339,481064.0
1764594000000,0.33831,0.34071,0.33446,0.33637,389803.0
1764597600000,0.33569,0.33929,0.33371,0.33553,651996.0
1764601200000,0.33543,0.33762,0.32841,0.33531,1332761.0
1764604800000,0.33513,0.33513,0.33042,0.33051,381534.0
1764608400000,0.33104,0.33473,0.33031,0.33143,499908.0
1764612000000,0.33167,0.34,0.33167,0.33942,851081.0
1764615600000,0.33959,0.33959,0.33472,0.33609,204295.0
1764619200000,0.33607,0.34212,0.33607,0.33975,627054.0
1764622800000,0.34028,0.34357,0.33909,0.34114,1051772.0
1764626400000,0.34142,0.34571,0.34142,0.34406,248226.0
1764630000000,0.34432,0.34707,0.34268,0.34594,356725.0
1764633600000,0.34571,0.3473,0.3426,0.34364,330903.0
1764637200000,0.34409,0.34854,0.34326,0.34449,401261.0
1764640800000,0.34448,0.34569,0.34315,0.3435,189683.0
1764644400000,0.34356,0.34535,0.33985,0.34415,97568.0
1764648000000,0.34418,0.34548,0.34337,0.34442,264269.0
1764651600000,0.34426,0.34509,0.34172,0.34218,118878.0
1764655200000,0.34218,0.34355,0.34078,0.34281,53956.0
1764658800000,0.34279,0.34411,0.3417,0.34411,61071.0
1764662400000,0.34405,0.3446,0.34104,0.34242,152161.0
1764666000000,0.34259,0.34608,0.34259,0.34409,178203.0
1764669600000,0.34393,0.34747,0.34301,0.34614,99848.0
1764673200000,0.34616,0.34623,0.34175,0.34545,168574.0
1764676800000,0.34575,0.3482,0.34565,0.34719,114312.0
1764680400000,0.34718,0.35308,0.34598,0.35224,233958.0
1764684000000,0.35224,0.36459,0.35204,0.36369,517571.0
1764687600000,0.36465,0.39739,0.36465,0.39332,1796589.0
1764691200000,0.39398,0.41561,0.39238,0.41461,2318736.0
1764694800000,0.41462,0.42377,0.40439,0.40912,1937103.0
1764698400000,0.40913,0.41102,0.39898,0.40067,737454.0
1764702000000,0.40091,0.40535,0.39613,0.39969,400101.0
1764705600000,0.39987,0.40021,0.394,0.39826,581094.0
1764709200000,0.39818,0.40176,0.39646,0.39918,547466.0
1764712800000,0.39942,0.40785,0.3992,0.40734,1540373.0
1764716400000,0.40735,0.4104,0.40319,0.40379,265907.0
1764720000000,0.4043,0.40702,0.40257,0.40445,246491.0
1764723600000,0.40442,0.40515,0.40103,0.40242,419408.0
1764727200000,0.40205,0.40531,0.40191,0.40314,313253.0
1764730800000,0.40341,0.40567,0.40139,0.40139,224326.0
1764734400000,0.40144,0.40364,0.39911,0.40291,422372.0
1764738000000,0.40292,0.40577,0.40278,0.40413,181838.0
1764741600000,0.40447,0.40751,0.39984,0.40146,183221.0
1764745200000,0.40139,0.40139,0.39786,0.39806,193723.0
1764748800000,0.39876,0.40281,0.39354,0.40145,787544.0
1764752400000,0.40178,0.40423,0.3994,0.40301,328462.0
1764756000000,0.40276,0.40276,0.39195,0.39721,1712713.0
1764759600000,0.39721,0.40636,0.3972,0.40009,2696122.0
1764763200000,0.40055,0.40175,0.3883,0.39435,647750.0
1764766800000,0.3946,0.39712,0.39304,0.3943,95934.0
1764770400000,0.39423,0.39849,0.38536,0.38892,1308236.0
1764774000000,0.38896,0.39308,0.3881,0.39115,304128.0
1764777600000,0.39172,0.39766,0.388,0.39212,421641.0
1764781200000,0.3924,0.39772,0.39196,0.3964,340073.0
1764784800000,0.39658,0.39809,0.39223,0.39322,708668.0
1764788400000,0.39346,0.39421,0.3913,0.39234,88914.0
1764792000000,0.3923,0.39598,0.39163,0.39271,138184.0
1764795600000,0.39285,0.39851,0.39226,0.39845,180555.0
1764799200000,0.39788,0.4003,0.39366,0.39912,369544.0
1764802800000,0.39944,0.40162,0.39766,0.39886,424345.0
1764806400000,0.39874,0.402,0.39774,0.40087,808606.0
1764810000000,0.40089,0.40751,0.40039,0.40318,215061.0
1764813600000,0.40352,0.4125,0.40297,0.40721,310287.0
1764817200000,0.40717,0.40717,0.40378,0.40397,108864.0
1764820800000,0.40403,0.40509,0.4017,0.40488,144008.0
1764824400000,0.40519,0.4062,0.40182,0.40439,314187.0
1764828000000,0.40469,0.40534,0.40226,0.40471,589355.0
1764831600000,0.4046,0.40505,0.4003,0.40387,295662.0
1764835200000,0.40383,0.40459,0.40049,0.4013,135604.0
1764838800000,0.40175,0.40435,0.40092,0.40193,176366.0
1764842400000,0.40243,0.40314,0.39907,0.39991,128368.0
1764846000000,0.4,0.40162,0.39917,0.4013,57621.0
1764849600000,0.40128,0.40198,0.39913,0.40077,108726.0
1764853200000,0.40094,0.40231,0.39572,0.39801,681961.0
1764856800000,0.39782,0.40154,0.39767,0.3988,539311.0
1764860400000,0.39883,0.40952,0.39883,0.40826,3225846.0
1764864000000,0.40811,0.41274,0.40561,0.40562,507998.0
1764867600000,0.40594,0.40664,0.40033,0.40484,381203.0
1764871200000,0.40337,0.46582,0.40175,0.4046,7526926.0
1764874800000,0.40466,0.40522,0.39113,0.39947,1311452.0
1764878400000,0.399,0.40059,0.38776,0.39058,393950.0
1764882000000,0.39086,0.39326,0.38079,0.3808,439383.0
1764885600000,0.38122,0.38909,0.38074,0.38701,705749.0
1764889200000,0.38681,0.38704,0.38152,0.38228,765097.0
1764892800000,0.38224,0.38622,0.38149,0.38348,983315.0
1764896400000,0.38303,0.3864,0.38013,0.38068,170827.0
1764900000000,0.38012,0.38406,0.37835,0.3805,358146.0
1764903600000,0.38092,0.38102,0.37843,0.38029,137952.0
1764907200000,0.3803,0.38269,0.3782,0.38138,313911.0
1764910800000,0.38122,0.38398,0.38059,0.38398,220329.0
1764914400000,0.3839,0.38924,0.3839,0.38881,369331.0
1764918000000,0.38843,0.39231,0.38732,0.39145,181271.0
1764921600000,0.39156,0.39261,0.38826,0.38859,268841.0
1764925200000,0.38838,0.38838,0.3834,0.38451,139632.0
1764928800000,0.38464,0.38893,0.38462,0.38683,161619.0
1764932400000,0.3871,0.3871,0.38117,0.38234,88067.0
1764936000000,0.38193,0.38235,0.38083,0.38122,81092.0
1764939600000,0.3813,0.38371,0.37579,0.37611,247267.0
1764943200000,0.37632,0.37695,0.37375,0.37437,389553.0
1764946800000,0.37464,0.38623,0.3744,0.37726,995459.0
1764950400000,0.37751,0.37751,0.36348,0.36769,617002.0
1764954000000,0.36723,0.3701,0.36213,0.36703,622932.0
1764957600000,0.36668,0.37051,0.36111,0.36138,483084.0
1764961200000,0.36137,0.36754,0.35898,0.36593,413033.0
1764964800000,0.36589,0.36868,0.36311,0.36359,408237.0
1764968400000,0.36336,0.3692,0.36336,0.36611,1120605.0
1764972000000,0.36611,0.37071,0.3649,0.36881,680365.0
1764975600000,0.36893,0.37112,0.36664,0.371,119634.0
1764979200000,0.3707,0.37312,0.36912,0.36912,314961.0
1764982800000,0.36904,0.37263,0.36784,0.37092,438545.0
1764986400000,0.37099,0.3761,0.37082,0.37566,165459.0
1764990000000,0.37566,0.37775,0.37025,0.3708,953619.0
1764993600000,0.37106,0.372,0.36934,0.36984,293682.0
1764997200000,0.3701,0.3742,0.3701,0.37216,588430.0
1765000800000,0.37216,0.37379,0.37091,0.3714,82231.0
1765004400000,0.37171,0.37306,0.37116,0.37231,50899.0
1765008000000,0.37223,0.37333,0.36989,0.36993,119416.0
1765011600000,0.36964,0.37217,0.36964,0.37036,191529.0
1765015200000,0.37019,0.37179,0.36922,0.36968,123898.0
1765018800000,0.36942,0.37728,0.36942,0.37683,97814.0
1765022400000,0.37709,0.37968,0.37618,0.37772,106253.0
1765026000000,0.37746,0.3788,0.37614,0.37665,51369.0
1765029600000,0.37644,0.38254,0.37564,0.37817,257423.0
1765033200000,0.37819,0.37819,0.37216,0.37386,239267.0
1765036800000,0.37386,0.37599,0.37386,0.3751,133141.0
1765040400000,0.37506,0.37621,0.37273,0.37543,501519.0
1765044000000,0.37533,0.37606,0.37218,0.37311,1805851.0
1765047600000,0.37315,0.37482,0.37056,0.37426,2713828.0
1765051200000,0.37427,0.3751,0.37239,0.37416,229781.0
1765054800000,0.37366,0.38239,0.37343,0.37804,447585.0
1765058400000,0.37848,0.37997,0.37492,0.37613,92272.0
1765062000000,0.37613,0.38052,0.3746,0.37965,107620.0
1765065600000,0.37979,0.38584,0.37878,0.38499,558173.0
1765069200000,0.38465,0.38465,0.3792,0.3792,141974.0
1765072800000,0.37929,0.38133,0.37869,0.38047,101446.0
1765076400000,0.38039,0.38124,0.37893,0.37947,222125.0
1765080000000,0.37956,0.38024,0.3766,0.37699,98240.0
1765083600000,0.37708,0.38072,0.37702,0.38002,68011.0
1765087200000,0.37999,0.38135,0.37997,0.38072,86408.0
1765090800000,0.3808,0.38125,0.37688,0.37717,130588.0
1765094400000,0.3772,0.37722,0.37344,0.37344,189367.0
1765098000000,0.37344,0.3744,0.3713,0.37212,58823.0
1765101600000,0.37208,0.37402,0.37156,0.372,182388.0
1765105200000,0.37203,0.37435,0.37203,0.37343,36288.0
1765108800000,0.37314,0.37662,0.37278,0.37513,120820.0
1765112400000,0.37513,0.3752,0.36833,0.36971,162268.0
1765116000000,0.36939,0.36974,0.35734,0.36187,864553.0
1765119600000,0.36166,0.37386,0.36151,0.37275,387182.0
1765123200000,0.37259,0.37259,0.36797,0.37132,138434.0
1765126800000,0.37152,0.38423,0.3684,0.38138,268457.0
1765130400000,0.38147,0.38518,0.38147,0.38324,167518.0
1765134000000,0.38342,0.38342,0.38059,0.38125,69759.0
1765137600000,0.38162,0.38209,0.38031,0.38209,60109.0
1765141200000,0.38209,0.3825,0.3702,0.37275,171270.0
1765144800000,0.37246,0.37246,0.36109,0.36636,717890.0
1765148400000,0.36601,0.36822,0.36382,0.368,65787.0
1765152000000,0.36802,0.37031,0.36618,0.36804,129949.0
1765155600000,0.36805,0.37964,0.36789,0.3749,136929.0
1765159200000,0.37503,0.37855,0.37369,0.37785,198029.0
1765162800000,0.37804,0.38018,0.37712,0.37771,40566.0
1765166400000,0.37853,0.38321,0.37792,0.38072,549986.0
1765170000000,0.38095,0.38258,0.37976,0.38169,243537.0
1765173600000,0.38218,0.38819,0.38138,0.38615,198043.0
1765177200000,0.38637,0.38714,0.38404,0.38412,50766.0
1765180800000,0.38503,0.38626,0.38309,0.38557,118046.0
1765184400000,0.38566,0.39182,0.38566,0.38878,238697.0
1765188000000,0.38906,0.39111,0.38822,0.39063,125692.0
1765191600000,0.39108,0.39215,0.3885,0.39097,140800.0
1765195200000,0.39117,0.39149,0.38915,0.39149,225954.0
1765198800000,0.39106,0.39379,0.38915,0.39105,171994.0
1765202400000,0.39143,0.39752,0.38982,0.39237,342764.0
1765206000000,0.39257,0.39456,0.38747,0.39079,322071.0
1765209600000,0.39083,0.39872,0.38879,0.3934,401501.0
1765213200000,0.39354,0.39655,0.3886,0.39184,120933.0
1765216800000,0.39338,0.39338,0.38161,0.38357,273094.0
1765220400000,0.38362,0.38652,0.38215,0.38428,114069.0
1765224000000,0.38465,0.39166,0.38465,0.38986,97630.0
1765227600000,0.3904,0.39336,0.3886,0.39336,121223.0
1765231200000,0.39328,0.39366,0.38906,0.38979,110164.0
1765234800000,0.39036,0.39048,0.38616,0.38873,130498.0
1765238400000,0.38862,0.39081,0.38673,0.38737,182308.0
1765242000000,0.38737,0.38802,0.38271,0.38443,90728.0
1765245600000,0.38397,0.38629,0.38367,0.38367,37217.0
1765249200000,0.3832,0.38549,0.3806,0.3854,87987.0
1765252800000,0.38454,0.38466,0.3787,0.37941,146330.0
1765256400000,0.37946,0.38367,0.37801,0.38111,149832.0
1765260000000,0.38114,0.38196,0.37819,0.38033,65165.0
1765263600000,0.38026,0.38389,0.37942,0.38328,124331.0
1765267200000,0.38327,0.38459,0.38199,0.38373,69378.0
1765270800000,0.38323,0.38339,0.38153,0.38263,20963.0
1765274400000,0.38286,0.38622,0.38242,0.38398,258082.0
1765278000000,0.38404,0.38613,0.38329,0.38613,89266.0
1765281600000,0.38514,0.39,0.38478,0.38878,105478.0
1765285200000,0.38893,0.39174,0.38776,0.38939,91462.0
1765288800000,0.3895,0.39068,0.38578,0.38749,274184.0
1765292400000,0.38799,0.40849,0.38799,0.40656,954161.0
1765296000000,0.40688,0.44698,0.40688,0.44625,2981622.0
1765299600000,0.44585,0.45377,0.44156,0.44724,1253030.0
1765303200000,0.44785,0.45087,0.44093,0.44581,490243.0
1765306800000,0.44609,0.44817,0.44288,0.44402,419367.0
1765310400000,0.44336,0.44336,0.42784,0.43065,703504.0
1765314000000,0.43114,0.43473,0.42349,0.42884,951907.0
1765317600000,0.42862,0.4335,0.42723,0.43317,370182.0
1765321200000,0.43275,0.43912,0.43212,0.4373,149065.0
1765324800000,0.43759,0.44115,0.43676,0.43814,458074.0
1765328400000,0.43866,0.43952,0.43038,0.43038,527384.0
1765332000000,0.42956,0.43101,0.42561,0.42815,105867.0
1765335600000,0.42781,0.43564,0.42578,0.43059,165663.0
1765339200000,0.43004,0.4306,0.42703,0.42829,468369.0
1765342800000,0.42812,0.43053,0.42683,0.42825,169214.0
1765346400000,0.42846,0.42979,0.42581,0.42659,68219.0
1765350000000,0.4263,0.42659,0.41924,0.42349,74960.0
1765353600000,0.42349,0.42386,0.41983,0.42142,161033.0
1765357200000,0.42169,0.42176,0.41182,0.41635,593563.0
1765360800000,0.41622,0.42061,0.4061,0.40709,215627.0
1765364400000,0.40701,0.41032,0.40206,0.4057,201207.0
1765368000000,0.40567,0.40681,0.40417,0.40625,235166.0
1765371600000,0.40587,0.40688,0.40392,0.40546,123831.0
1765375200000,0.40576,0.40577,0.40368,0.40528,46299.0
1765378800000,0.40541,0.40754,0.40208,0.4033,130821.0
1765382400000,0.40311,0.40725,0.40278,0.4053,211026.0
1765386000000,0.40495,0.4109,0.40472,0.40917,483412.0
1765389600000,0.40899,0.41647,0.40669,0.41078,239444.0
1765393200000,0.41146,0.4195,0.40666,0.41064,1740987.0
1765396800000,0.41069,0.42329,0.4039,0.4079,1231738.0
1765400400000,0.40676,0.4079,0.39389,0.39456,365568.0
1765404000000,0.39395,0.39754,0.38703,0.3968,335826.0
1765407600000,0.39668,0.39734,0.39046,0.39079,304034.0
1765411200000,0.3908,0.3908,0.38397,0.38489,771973.0
1765414800000,0.38427,0.38835,0.38363,0.3848,161797.0
1765418400000,0.38502,0.38502,0.37804,0.37886,187356.0
1765422000000,0.37859,0.37863,0.37011,0.37011,160915.0
1765425600000,0.3701,0.38182,0.36865,0.38026,165029.0
1765429200000,0.38009,0.38593,0.37943,0.38527,168618.0
1765432800000,0.38528,0.38659,0.38143,0.3847,579183.0
1765436400000,0.38475,0.38542,0.38312,0.38478,681663.0
1765440000000,0.38454,0.38474,0.38045,0.38179,419934.0
1765443600000,0.38126,0.38246,0.37829,0.37829,693985.0
1765447200000,0.37824,0.37926,0.37739,0.37817,207773.0
1765450800000,0.37763,0.3842,0.37714,0.38301,545246.0
1765454400000,0.38302,0.3846,0.3802,0.38183,145650.0
1765458000000,0.38168,0.38365,0.38125,0.38258,309537.0
1765461600000,0.38237,0.387,0.37924,0.38445,251292.0
1765465200000,0.38365,0.39274,0.38316,0.38983,438979.0
1765468800000,0.38984,0.39526,0.38678,0.39017,593937.0
1765472400000,0.39095,0.39138,0.38699,0.38728,97369.0
1765476000000,0.38792,0.39827,0.38783,0.39355,175268.0
1765479600000,0.3936,0.40154,0.3936,0.39691,356650.0
1765483200000,0.3961,0.40307,0.39558,0.40137,665548.0
1765486800000,0.40185,0.41373,0.4002,0.40808,748758.0
1765490400000,0.40909,0.41045,0.40282,0.40372,364631.0
1765494000000,0.40322,0.40437,0.40066,0.40233,81556.0
1765497600000,0.40239,0.40377,0.39547,0.39562,424610.0
1765501200000,0.39589,0.40053,0.39589,0.39914,106395.0
1765504800000,0.39908,0.40295,0.39817,0.39945,306180.0
1765508400000,0.39982,0.40083,0.39391,0.3972,314076.0
1765512000000,0.3969,0.39699,0.38972,0.39282,357324.0
1765515600000,0.39317,0.3965,0.39137,0.3965,119409.0
1765519200000,0.39644,0.3996,0.39322,0.39463,127325.0
1765522800000,0.39441,0.39606,0.3937,0.39497,242064.0
1765526400000,0.39512,0.39576,0.39283,0.39554,169124.0
1765530000000,0.39578,0.39791,0.39373,0.39765,83254.0
1765533600000,0.3973,0.39883,0.39561,0.39651,57885.0
1765537200000,0.39651,0.39758,0.39466,0.39751,93552.0
1765540800000,0.39734,0.40233,0.39655,0.40151,275668.0
1765544400000,0.40104,0.40117,0.39799,0.3984,158431.0
1765548000000,0.39849,0.40243,0.39711,0.39924,299115.0
1765551600000,0.3988,0.3988,0.374,0.37557,857611.0
1765555200000,0.37497,0.37605,0.36741,0.37371,2046117.0
1765558800000,0.37404,0.38039,0.37355,0.37721,365640.0
1765562400000,0.37723,0.38487,0.37697,0.38116,326853.0
1765566000000,0.38112,0.38181,0.37896,0.38099,253818.0
1765569600000,0.38077,0.38304,0.38031,0.3813,280326.0
1765573200000,0.38141,0.38318,0.38089,0.38117,84058.0
1765576800000,0.38144,0.38919,0.38144,0.38571,254064.0
1765580400000,0.38592,0.3904,0.38592,0.38945,150280.0
1765584000000,0.38998,0.39123,0.38853,0.38937,259438.0
1765587600000,0.38969,0.39114,0.38847,0.39009,146484.0
1765591200000,0.3909,0.39099,0.38931,0.38931,173795.0
1765594800000,0.38948,0.39531,0.38929,0.39203,457410.0
1765598400000,0.39207,0.39591,0.39125,0.39569,901341.0
1765602000000,0.39594,0.39772,0.39312,0.39359,67005.0
1765605600000,0.39344,0.39431,0.39214,0.39241,100772.0
1765609200000,0.39249,0.3989,0.39249,0.39794,137599.0
1765612800000,0.39817,0.40213,0.39736,0.39736,1508755.0
1765616400000,0.39738,0.39893,0.39622,0.39662,237117.0
1765620000000,0.3965,0.39935,0.39617,0.39632,270705.0
1765623600000,0.39606,0.3972,0.39489,0.39506,116625.0
1765627200000,0.39487,0.39801,0.39481,0.39644,139260.0
1765630800000,0.39652,0.39716,0.39551,0.39614,86699.0
1765634400000,0.39645,0.39792,0.39565,0.39737,80556.0
1765638000000,0.39751,0.40101,0.39684,0.39739,100753.0
1765641600000,0.39724,0.39904,0.39622,0.39793,269413.0
1765645200000,0.39793,0.39815,0.39568,0.39695,118452.0
1765648800000,0.39687,0.39937,0.39641,0.3979,53910.0
1765652400000,0.39809,0.39981,0.39789,0.39801,41637.0
1765656000000,0.39815,0.39906,0.39729,0.39761,64786.0
1765659600000,0.39759,0.39977,0.39633,0.39809,236168.0
1765663200000,0.39837,0.39873,0.39531,0.39581,204257.0
1765666800000,0.39601,0.39695,0.39537,0.39631,110455.0
1765670400000,0.39577,0.39637,0.39408,0.39452,317273.0
1765674000000,0.39446,0.39578,0.394,0.39443,62085.0
1765677600000,0.39446,0.39799,0.39437,0.39738,255752.0
1765681200000,0.3978,0.39808,0.39473,0.39504,37656.0
1765684800000,0.3949,0.39571,0.39092,0.39171,264075.0
1765688400000,0.39129,0.39135,0.38848,0.38942,207326.0
1765692000000,0.38915,0.39215,0.3877,0.39215,64742.0
1765695600000,0.39223,0.39625,0.39223,0.3939,196022.0
1765699200000,0.39385,0.39806,0.39376,0.395,101244.0
1765702800000,0.39499,0.39832,0.39434,0.39832,309959.0
1765706400000,0.39811,0.39924,0.39484,0.39612,116443.0
1765710000000,0.39615,0.39693,0.39044,0.39543,223838.0
1765713600000,0.39493,0.39496,0.39165,0.39393,139246.0
1765717200000,0.3938,0.39385,0.39115,0.39337,221654.0
1765720800000,0.39372,0.39491,0.38616,0.38878,201394.0
1765724400000,0.38863,0.38992,0.38692,0.38754,99730.0
1765728000000,0.38724,0.3913,0.3866,0.38904,130001.0
1765731600000,0.38925,0.39056,0.37953,0.3815,187124.0
1765735200000,0.38111,0.38803,0.38088,0.38613,179156.0
1765738800000,0.38539,0.38539,0.38097,0.38254,302143.0
1765742400000,0.38234,0.38662,0.38027,0.38218,233664.0
1765746000000,0.38217,0.38235,0.37852,0.37935,135532.0
1765749600000,0.37933,0.38162,0.37802,0.38129,237745.0
1765753200000,0.3814,0.38256,0.37392,0.3784,211775.0
1765756800000,0.37846,0.38351,0.37836,0.38296,262904.0
1765760400000,0.38279,0.39072,0.382,0.38803,275280.0
1765764000000,0.38822,0.39315,0.38731,0.38761,130280.0
1765767600000,0.3875,0.3907,0.38659,0.38929,169750.0
1765771200000,0.3899,0.39141,0.38871,0.39116,153381.0
1765774800000,0.39128,0.39487,0.3907,0.39431,113299.0
1765778400000,0.39486,0.39521,0.39249,0.3935,183155.0
1765782000000,0.39423,0.39423,0.39019,0.39144,172132.0
1765785600000,0.39148,0.39568,0.3907,0.39198,115477.0
1765789200000,0.39198,0.39627,0.39187,0.39615,113456.0
1765792800000,0.3961,0.39751,0.39509,0.39745,93513.0
1765796400000,0.39745,0.39745,0.39435,0.39506,177779.0
1765800000000,0.39524,0.39875,0.39356,0.39811,77999.0
1765803600000,0.39815,0.40108,0.39322,0.39718,311336.0
1765807200000,0.39734,0.40607,0.3878,0.3907,873621.0
1765810800000,0.39035,0.39589,0.36983,0.37468,1650338.0
1765814400000,0.37462,0.37649,0.3695,0.37422,588190.0
1765818000000,0.37396,0.37483,0.3674,0.36741,368579.0
1765821600000,0.3673,0.36859,0.36165,0.36859,649608.0
1765825200000,0.36858,0.37351,0.36629,0.36669,357893.0
1765828800000,0.36661,0.36681,0.36094,0.36539,352322.0
1765832400000,0.36481,0.37223,0.36471,0.36895,180923.0
1765836000000,0.36901,0.37273,0.36901,0.37273,158410.0
1765839600000,0.37273,0.37419,0.37017,0.37292,201251.0
1765843200000,0.37271,0.3752,0.36786,0.36786,430482.0
1765846800000,0.36751,0.36991,0.36537,0.36694,373807.0
1765850400000,0.36693,0.37058,0.3647,0.3688,157210.0
1765854000000,0.36932,0.37024,0.36533,0.3697,370411.0
1765857600000,0.36978,0.37003,0.36259,0.36623,163043.0
1765861200000,0.36521,0.36886,0.36423,0.36722,216208.0
1765864800000,0.36711,0.37019,0.36614,0.36786,152507.0
1765868400000,0.36793,0.36831,0.36071,0.36185,88269.0
1765872000000,0.36179,0.36605,0.36167,0.36477,175871.0
1765875600000,0.36479,0.36564,0.36312,0.36321,86532.0
1765879200000,0.36376,0.37618,0.36329,0.374,98726.0
1765882800000,0.37366,0.3776,0.37197,0.37642,77655.0
1765886400000,0.37655,0.37672,0.37221,0.37221,123769.0
1765890000000,0.37221,0.37763,0.36772,0.36809,680262.0
1765893600000,0.3681,0.37567,0.3651,0.37246,947241.0
1765897200000,0.37313,0.37716,0.36821,0.3755,410035.0
1765900800000,0.3756,0.37614,0.37132,0.37343,335733.0
1765904400000,0.37343,0.3762,0.37059,0.37132,427223.0
1765908000000,0.37114,0.3798,0.37092,0.3777,62446.0
1765911600000,0.37779,0.37933,0.37381,0.37738,178192.0
1765915200000,0.37731,0.37868,0.37635,0.37698,282358.0
1765918800000,0.37708,0.37945,0.37592,0.37865,124397.0
1765922400000,0.37867,0.3805,0.37784,0.37929,269650.0
1765926000000,0.37902,0.38025,0.37831,0.37998,247483.0
1765929600000,0.37998,0.37998,0.37598,0.37861,426241.0
1765933200000,0.37868,0.38233,0.37698,0.37764,165408.0
1765936800000,0.37758,0.37951,0.37559,0.37825,62146.0
1765940400000,0.37848,0.37994,0.37502,0.37595,68682.0
1765944000000,0.37593,0.37741,0.3734,0.37479,72792.0
1765947600000,0.37487,0.37587,0.36941,0.37235,120539.0
1765951200000,0.37206,0.37519,0.37206,0.37348,103064.0
1765954800000,0.37363,0.37627,0.37294,0.37436,254470.0
1765958400000,0.37416,0.37424,0.36976,0.37201,112119.0
1765962000000,0.3721,0.37297,0.37057,0.37153,101981.0
1765965600000,0.371,0.3719,0.36902,0.36991,348811.0
1765969200000,0.36958,0.37299,0.36955,0.37193,667427.0
1765972800000,0.37182,0.37321,0.37094,0.37213,237198.0
1765976400000,0.37241,0.377,0.37093,0.37641,109412.0
1765980000000,0.37628,0.39175,0.36947,0.39074,1026183.0
1765983600000,0.39151,0.40279,0.37812,0.37927,2057578.0
1765987200000,0.37931,0.38409,0.35847,0.36589,1729023.0
1765990800000,0.36565,0.36609,0.35452,0.35733,615918.0
1765994400000,0.35751,0.36182,0.3518,0.3525,345072.0
1765998000000,0.35273,0.35944,0.34998,0.35864,480150.0
1766001600000,0.35868,0.36039,0.3551,0.35588,452360.0
1766005200000,0.35597,0.35758,0.35208,0.35325,281588.0
1766008800000,0.35303,0.35707,0.3509,0.35598,227117.0
1766012400000,0.35616,0.35619,0.35315,0.35402,345375.0
1766016000000,0.35444,0.35453,0.35243,0.35335,275691.0
1766019600000,0.35345,0.35345,0.34979,0.35222,389824.0
1766023200000,0.35233,0.35591,0.35109,0.35378,151220.0
1766026800000,0.35334,0.3537,0.35072,0.35151,225178.0
1766030400000,0.35202,0.35404,0.35191,0.35228,139895.0
1766034000000,0.35234,0.35234,0.34453,0.34539,216486.0
1766037600000,0.34479,0.34825,0.34432,0.34718,112848.0
1766041200000,0.34774,0.34893,0.34688,0.3483,123002.0
1766044800000,0.3486,0.35318,0.34779,0.35106,178890.0
1766048400000,0.35082,0.35108,0.3457,0.34833,193733.0
1766052000000,0.34807,0.35209,0.34789,0.35175,407134.0
1766055600000,0.35184,0.35207,0.34953,0.35096,81259.0
1766059200000,0.35106,0.35229,0.34937,0.35221,162852.0
1766062800000,0.35227,0.36763,0.35227,0.36694,870697.0
1766066400000,0.36678,0.37153,0.3597,0.36072,835390.0
1766070000000,0.36105,0.37187,0.35824,0.36571,471145.0
1766073600000,0.36584,0.36584,0.36098,0.36159,272073.0
1766077200000,0.36127,0.36127,0.33361,0.33855,1876836.0
1766080800000,0.33927,0.34356,0.33358,0.33417,319966.0
1766084400000,0.33434,0.33562,0.32444,0.3254,2220862.0
1766088000000,0.32535,0.33089,0.32527,0.32763,747218.0
1766091600000,0.32739,0.33575,0.32739,0.33573,330043.0
1766095200000,0.33612,0.33683,0.33231,0.33232,324943.0
1766098800000,0.33229,0.33229,0.32829,0.32957,430441.0
1766102400000,0.32964,0.3322,0.32837,0.33002,433990.0
1766106000000,0.33,0.33147,0.32759,0.33092,304239.0
1766109600000,0.33016,0.33521,0.32965,0.33321,434999.0
1766113200000,0.3333,0.34825,0.3333,0.34382,588200.0
1766116800000,0.34408,0.3467,0.34329,0.34427,618457.0
1766120400000,0.34412,0.34412,0.34025,0.34065,315682.0
1766124000000,0.34114,0.34372,0.3396,0.34369,544080.0
1766127600000,0.3437,0.34943,0.34342,0.34472,169161.0
1766131200000,0.34472,0.34568,0.34072,0.34443,211808.0
1766134800000,0.34402,0.34437,0.34265,0.34346,333460.0
1766138400000,0.34365,0.34481,0.34128,0.34254,457505.0
1766142000000,0.34248,0.34507,0.34155,0.34424,197066.0
1766145600000,0.34419,0.34555,0.34293,0.3448,346173.0
1766149200000,0.34493,0.34674,0.34449,0.34648,368103.0
1766152800000,0.34655,0.35572,0.34605,0.35294,646334.0
1766156400000,0.35255,0.36366,0.35071,0.35231,646630.0
1766160000000,0.3524,0.36167,0.35163,0.35584,691665.0
1766163600000,0.3563,0.35943,0.34545,0.34545,921775.0
1766167200000,0.34537,0.35128,0.34462,0.35001,234577.0
1766170800000,0.35023,0.35976,0.35023,0.35755,331612.0
1766174400000,0.35754,0.36079,0.35687,0.35908,249508.0
1766178000000,0.35932,0.35943,0.35514,0.35525,161644.0
1766181600000,0.35566,0.35928,0.35561,0.35834,100429.0
1766185200000,0.35819,0.35819,0.35608,0.35637,87873.0
1766188800000,0.3563,0.35772,0.3541,0.35683,127091.0
1766192400000,0.35691,0.35702,0.35533,0.35614,37397.0
1766196000000,0.35609,0.35641,0.35477,0.35509,35901.0
1766199600000,0.35528,0.35528,0.35301,0.35411,73375.0
1766203200000,0.35402,0.35423,0.35047,0.35063,239810.0
1766206800000,0.35096,0.35186,0.35008,0.35009,238698.0
1766210400000,0.35006,0.35079,0.34922,0.35049,139144.0
1766214000000,0.35058,0.35222,0.34991,0.35163,76630.0
1766217600000,0.35155,0.35462,0.35128,0.35189,300955.0
1766221200000,0.35189,0.35269,0.35118,0.35118,153337.0
1766224800000,0.35125,0.35168,0.34702,0.3475,81279.0
1766228400000,0.34762,0.34979,0.34712,0.34979,158945.0
1766232000000,0.34971,0.35013,0.34744,0.349,435929.0
1766235600000,0.34906,0.34971,0.34594,0.34883,518858.0
1766239200000,0.34882,0.35096,0.34679,0.35068,87741.0
1766242800000,0.3506,0.35084,0.34689,0.34782,210487.0
1766246400000,0.34834,0.34848,0.34686,0.34826,269726.0
1766250000000,0.34848,0.35001,0.34703,0.34777,344121.0
1766253600000,0.34747,0.34946,0.34683,0.34857,144871.0
1766257200000,0.34875,0.34948,0.34794,0.34801,80787.0
1766260800000,0.34773,0.34831,0.3471,0.34723,214520.0
1766264400000,0.34756,0.34803,0.34527,0.34556,114808.0
1766268000000,0.3455,0.34786,0.34493,0.34759,186628.0
1766271600000,0.34724,0.34771,0.34528,0.34577,133949.0
1766275200000,0.3455,0.34588,0.34421,0.34499,223807.0
1766278800000,0.34492,0.34514,0.34182,0.34182,139441.0
1766282400000,0.34173,0.344,0.34099,0.34234,369298.0
1766286000000,0.34243,0.34631,0.34216,0.34513,231887.0
1766289600000,0.34533,0.34598,0.34479,0.34538,164792.0
1766293200000,0.34539,0.3491,0.34521,0.34808,376855.0
1766296800000,0.34818,0.34988,0.34732,0.34908,139003.0
1766300400000,0.34906,0.34906,0.34704,0.34708,140659.0
1766304000000,0.34714,0.34938,0.34596,0.34816,204157.0
1766307600000,0.34839,0.34959,0.34699,0.34855,321135.0
1766311200000,0.34909,0.35005,0.34646,0.34727,139698.0
1766314800000,0.34732,0.34808,0.34608,0.34626,120316.0
1766318400000,0.3463,0.34801,0.34062,0.34296,199652.0
1766322000000,0.34276,0.34277,0.3311,0.33169,742460.0
1766325600000,0.33108,0.33629,0.33108,0.33425,254416.0
1766329200000,0.33418,0.33725,0.33361,0.33629,99488.0
1766332800000,0.33605,0.33827,0.33393,0.33723,266402.0
1766336400000,0.3374,0.33964,0.33662,0.33669,187665.0
1766340000000,0.33667,0.33667,0.33334,0.33529,183975.0
1766343600000,0.33555,0.3374,0.3336,0.33648,165312.0
1766347200000,0.33617,0.33644,0.3343,0.33506,248748.0
1766350800000,0.33506,0.33691,0.33421,0.3356,140591.0
1766354400000,0.33576,0.34018,0.33528,0.34,177213.0
1766358000000,0.34005,0.34318,0.33874,0.33999,85297.0
1766361600000,0.34027,0.35101,0.3402,0.34282,559165.0
1766365200000,0.34271,0.34593,0.34129,0.34208,290735.0
1766368800000,0.34203,0.34204,0.3356,0.33776,426131.0
1766372400000,0.33766,0.34271,0.33726,0.34179,129159.0
1766376000000,0.34198,0.34286,0.34108,0.34249,664787.0
1766379600000,0.34255,0.34255,0.33899,0.33927,181229.0
1766383200000,0.33913,0.33994,0.33803,0.33836,44332.0
1766386800000,0.33813,0.33988,0.33782,0.33882,208391.0
1766390400000,0.33861,0.34272,0.33688,0.337,197414.0
1766394000000,0.33713,0.33765,0.33427,0.3353,155346.0
1766397600000,0.33559,0.33747,0.33446,0.33707,70285.0
1766401200000,0.33699,0.34063,0.33519,0.33895,284096.0
1766404800000,0.33895,0.34246,0.33836,0.33935,158462.0
1766408400000,0.33934,0.33987,0.33686,0.33858,102774.0
1766412000000,0.33898,0.34156,0.33601,0.33926,239228.0
1766415600000,0.33945,0.34248,0.33572,0.34026,206407.0
1766419200000,0.34044,0.34069,0.33642,0.33726,176832.0
1766422800000,0.33727,0.33727,0.33169,0.33318,653616.0
1766426400000,0.33316,0.3364,0.33305,0.33448,271872.0
1766430000000,0.33407,0.33419,0.32681,0.32784,292912.0
1766433600000,0.32725,0.33139,0.3268,0.32834,673597.0
1766437200000,0.32818,0.33189,0.32796,0.32968,123278.0
1766440800000,0.32902,0.33344,0.32834,0.33317,206633.0
1766444400000,0.33317,0.33525,0.33167,0.33525,228582.0
1766448000000,0.33536,0.34034,0.33478,0.33784,334825.0
1766451600000,0.33788,0.33817,0.33537,0.33669,126950.0
1766455200000,0.33663,0.33885,0.33163,0.33226,326203.0
1766458800000,0.33246,0.33337,0.32977,0.33201,84412.0
1766462400000,0.33176,0.33233,0.33014,0.33136,474581.0
1766466000000,0.33075,0.33174,0.3187,0.32302,982239.0
1766469600000,0.32303,0.32497,0.32213,0.32399,626685.0
1766473200000,0.32403,0.3245,0.32122,0.32122,206060.0
1766476800000,0.32114,0.32308,0.32081,0.32177,279364.0
1766480400000,0.3218,0.32413,0.32133,0.32293,112575.0
1766484000000,0.32284,0.32618,0.32225,0.32513,539650.0
1766487600000,0.32511,0.32654,0.32506,0.32553,150736.0
1766491200000,0.32531,0.32534,0.32356,0.32396,256391.0
1766494800000,0.32338,0.32389,0.3189,0.31954,332066.0
1766498400000,0.31902,0.32155,0.31464,0.31803,865956.0
1766502000000,0.31815,0.31978,0.31658,0.31805,446490.0
1766505600000,0.31808,0.32558,0.31742,0.32432,742105.0
1766509200000,0.32425,0.32497,0.31881,0.31933,166283.0
1766512800000,0.31909,0.32652,0.31903,0.32524,315062.0
1766516400000,0.32559,0.32646,0.32446,0.32527,310446.0
1766520000000,0.32552,0.32948,0.32415,0.32525,460226.0
1766523600000,0.32536,0.32594,0.32411,0.32447,187991.0
1766527200000,0.32453,0.32543,0.32194,0.32204,322548.0
1766530800000,0.32253,0.32371,0.32074,0.3216,204289.0
1766534400000,0.32164,0.32302,0.32103,0.32207,370089.0
1766538000000,0.3223,0.32315,0.31812,0.31867,253828.0
1766541600000,0.31846,0.31854,0.3132,0.3147,387113.0
1766545200000,0.31441,0.31765,0.31219,0.31755,160733.0
1766548800000,0.3171,0.31912,0.31509,0.3151,155685.0
1766552400000,0.31509,0.31629,0.31166,0.3133,180354.0
1766556000000,0.31331,0.31579,0.31274,0.31576,180164.0
1766559600000,0.31578,0.32007,0.31565,0.31905,348170.0
1766563200000,0.31863,0.32024,0.31545,0.31657,540423.0
1766566800000,0.31659,0.31807,0.31626,0.31669,217574.0
1766570400000,0.31665,0.31777,0.31628,0.3164,139917.0
1766574000000,0.31615,0.31786,0.31607,0.3167,634386.0
1766577600000,0.31649,0.3189,0.31637,0.31809,255822.0
1766581200000,0.31812,0.31813,0.31554,0.31632,220385.0
1766584800000,0.31666,0.32072,0.31334,0.31903,382326.0
1766588400000,0.3188,0.32317,0.31854,0.32243,598782.0
1766592000000,0.32254,0.32338,0.31886,0.32192,301906.0
1766595600000,0.32223,0.3228,0.31938,0.31958,462590.0
1766599200000,0.31965,0.32214,0.31937,0.32214,195615.0
1766602800000,0.32195,0.32243,0.32086,0.32203,53407.0
1766606400000,0.32223,0.32377,0.32204,0.32229,163201.0
1766610000000,0.32234,0.32306,0.32148,0.32278,331092.0
1766613600000,0.32301,0.32582,0.32301,0.32527,233416.0
1766617200000,0.32529,0.32539,0.32321,0.32348,177213.0
1766620800000,0.32365,0.32426,0.32148,0.32157,109817.0
1766624400000,0.32156,0.32357,0.32156,0.32263,180143.0
1766628000000,0.32249,0.32491,0.32202,0.32438,122325.0
1766631600000,0.32428,0.32476,0.32335,0.32454,209724.0
1766635200000,0.32449,0.32752,0.3242,0.32642,174379.0
1766638800000,0.32651,0.32652,0.32471,0.32471,275132.0
1766642400000,0.32476,0.32691,0.3244,0.32655,97506.0
1766646000000,0.3263,0.32646,0.32434,0.3256,309820.0
1766649600000,0.32572,0.32689,0.32291,0.32337,159167.0
1766653200000,0.32357,0.3236,0.32085,0.32178,245395.0
1766656800000,0.32169,0.3217,0.31533,0.31639,260368.0
1766660400000,0.3163,0.31725,0.31608,0.31655,63595.0
1766664000000,0.31632,0.31867,0.3158,0.31844,513486.0
1766667600000,0.3185,0.31945,0.31718,0.31816,606488.0
1766671200000,0.31813,0.31859,0.31437,0.31581,318794.0
1766674800000,0.31594,0.32193,0.31521,0.31967,336214.0
1766678400000,0.31979,0.32118,0.31529,0.31625,459272.0
1766682000000,0.31622,0.31834,0.31558,0.31774,218122.0
1766685600000,0.31767,0.31986,0.3174,0.31856,374649.0
1766689200000,0.31846,0.31916,0.31645,0.31795,107691.0
1766692800000,0.31812,0.32074,0.31736,0.31925,349213.0
1766696400000,0.31928,0.3199,0.31787,0.31865,270385.0
1766700000000,0.31863,0.31882,0.29946,0.30673,1223347.0
1766703600000,0.3066,0.31019,0.30457,0.30669,735307.0
1766707200000,0.30689,0.30802,0.30452,0.30629,493067.0
1766710800000,0.30636,0.31084,0.30588,0.31074,287430.0
1766714400000,0.31075,0.32169,0.3107,0.31965,350273.0
1766718000000,0.32023,0.32047,0.31665,0.31723,426341.0
1766721600000,0.31719,0.31862,0.31434,0.31723,485126.0
1766725200000,0.31731,0.31765,0.31525,0.31732,169138.0
1766728800000,0.31761,0.319,0.31642,0.31738,121565.0
1766732400000,0.31707,0.31889,0.31446,0.31482,121760.0
1766736000000,0.31495,0.31719,0.31495,0.31673,202574.0
1766739600000,0.31671,0.31958,0.31592,0.31926,144773.0
1766743200000,0.31942,0.32005,0.31887,0.31949,90458.0
1766746800000,0.3195,0.31975,0.31837,0.31928,72631.0
1766750400000,0.31947,0.32216,0.31929,0.32166,473685.0
1766754000000,0.32162,0.32223,0.32,0.32059,123915.0
1766757600000,0.32067,0.32106,0.31116,0.31249,237141.0
1766761200000,0.31216,0.31322,0.30894,0.31237,249322.0
1766764800000,0.31255,0.31349,0.30898,0.30932,199765.0
1766768400000,0.30957,0.31303,0.30932,0.31107,268077.0
1766772000000,0.31123,0.31303,0.31079,0.31251,177418.0
1766775600000,0.31251,0.31525,0.31222,0.31397,296032.0
1766779200000,0.31438,0.31611,0.3137,0.315,123012.0
1766782800000,0.31549,0.31568,0.3129,0.3129,185202.0
1766786400000,0.31289,0.31448,0.3125,0.31448,373299.0
1766790000000,0.31417,0.31476,0.31339,0.31439,39340.0
1766793600000,0.31467,0.31506,0.31427,0.31449,198606.0
1766797200000,0.31455,0.31549,0.31363,0.31549,20242.0
1766800800000,0.31543,0.316,0.31495,0.31551,51443.0
1766804400000,0.31547,0.31819,0.31547,0.31747,14957.0
1766808000000,0.31769,0.3177,0.31589,0.31598,39441.0
1766811600000,0.31599,0.31603,0.31434,0.31448,213319.0
1766815200000,0.31451,0.31514,0.31384,0.31454,65572.0
1766818800000,0.31444,0.31626,0.31441,0.31494,108884.0
1766822400000,0.31495,0.31547,0.31406,0.31423,47005.0
1766826000000,0.31418,0.31465,0.31308,0.31351,46391.0
1766829600000,0.31351,0.31357,0.31059,0.31318,230426.0
1766833200000,0.3134,0.31633,0.31328,0.31578,88032.0
1766836800000,0.31585,0.31626,0.31408,0.31453,136009.0
1766840400000,0.31474,0.31492,0.31285,0.31323,58412.0
1766844000000,0.31317,0.3146,0.3129,0.31426,114554.0
1766847600000,0.31441,0.31508,0.31354,0.31396,81900.0
1766851200000,0.31394,0.31578,0.31389,0.314,271426.0
1766854800000,0.31417,0.31466,0.31375,0.31439,96039.0
1766858400000,0.31434,0.31437,0.31319,0.31369,207911.0
1766862000000,0.31377,0.31419,0.31333,0.31344,68755.0
1766865600000,0.3138,0.31452,0.31328,0.31394,182755.0
1766869200000,0.31406,0.31701,0.31396,0.31656,200206.0
1766872800000,0.31689,0.31926,0.31456,0.31545,123208.0
1766876400000,0.31536,0.32131,0.31536,0.31989,340146.0
1766880000000,0.32013,0.32078,0.31687,0.31716,114862.0
1766883600000,0.31725,0.31748,0.31561,0.31606,283422.0
1766887200000,0.31604,0.31732,0.31604,0.3167,52630.0
1766890800000,0.31671,0.31759,0.31572,0.31753,179346.0
1766894400000,0.31713,0.31799,0.3165,0.31687,71968.0
1766898000000,0.31693,0.31849,0.31613,0.31787,147871.0
1766901600000,0.31798,0.31927,0.31719,0.31779,137577.0
1766905200000,0.31779,0.31839,0.3171,0.3172,80957.0
1766908800000,0.31742,0.3177,0.3162,0.31636,58578.0
1766912400000,0.3162,0.31654,0.31469,0.3157,160849.0
1766916000000,0.31575,0.31771,0.31551,0.31728,64529.0
1766919600000,0.31729,0.3179,0.31615,0.31666,86161.0
1766923200000,0.31684,0.31698,0.3151,0.31537,71484.0
1766926800000,0.3153,0.31649,0.31524,0.31584,114566.0
1766930400000,0.31613,0.31978,0.31613,0.31833,103455.0
1766934000000,0.31838,0.31889,0.31591,0.31614,65021.0
1766937600000,0.31625,0.31678,0.31224,0.31336,192562.0
1766941200000,0.3132,0.31492,0.31245,0.31259,112475.0
1766944800000,0.31257,0.31272,0.30859,0.30946,349913.0
1766948400000,0.30945,0.31051,0.30869,0.30939,450834.0
1766952000000,0.30914,0.31047,0.30743,0.30918,374820.0
1766955600000,0.30924,0.31037,0.30899,0.31016,151919.0
1766959200000,0.31012,0.31273,0.30944,0.31226,337032.0
1766962800000,0.31261,0.31333,0.31067,0.3127,550205.0
1766966400000,0.31321,0.31812,0.31215,0.31644,539541.0
1766970000000,0.31637,0.31931,0.31368,0.31791,146314.0
1766973600000,0.31842,0.32208,0.31842,0.31907,299273.0
1766977200000,0.31926,0.32308,0.31884,0.32169,389772.0
1766980800000,0.32204,0.32205,0.31931,0.31938,385780.0
1766984400000,0.31937,0.31939,0.31732,0.31754,130899.0
1766988000000,0.31769,0.31825,0.31602,0.31653,101679.0
1766991600000,0.31668,0.3171,0.31415,0.3161,74512.0
1766995200000,0.31623,0.31745,0.31474,0.31549,193168.0
1766998800000,0.31543,0.31554,0.30725,0.30959,364378.0
1767002400000,0.30959,0.31079,0.30896,0.30975,391814.0
1767006000000,0.30943,0.30996,0.30779,0.30803,163795.0
1767009600000,0.30795,0.30795,0.29541,0.29947,1019090.0
1767013200000,0.29952,0.3001,0.29617,0.29689,306880.0
1767016800000,0.29668,0.29728,0.29039,0.29166,863595.0
1767020400000,0.2917,0.29472,0.29149,0.29331,254722.0
1767024000000,0.29307,0.29413,0.28745,0.28912,865713.0
1767027600000,0.28906,0.29285,0.28898,0.29212,329438.0
1767031200000,0.29217,0.29262,0.28945,0.29014,214870.0
1767034800000,0.29021,0.29267,0.28922,0.2909,351286.0
1767038400000,0.29067,0.29139,0.28744,0.28745,327525.0
1767042000000,0.28784,0.29126,0.28777,0.2902,229363.0
1767045600000,0.28996,0.29054,0.28882,0.28902,73695.0
1767049200000,0.28901,0.2897,0.28774,0.28932,172249.0
1767052800000,0.28933,0.28965,0.28788,0.28915,189139.0
1767056400000,0.28915,0.29009,0.28544,0.28629,275127.0
1767060000000,0.28645,0.28896,0.28437,0.28896,245577.0
1767063600000,0.2889,0.29016,0.28754,0.28904,190765.0
1767067200000,0.2894,0.29093,0.28872,0.28984,209261.0
1767070800000,0.28972,0.29016,0.28688,0.28775,88458.0
1767074400000,0.28778,0.2882,0.28649,0.28752,457919.0
1767078000000,0.2876,0.2888,0.28699,0.28787,218377.0
1767081600000,0.28781,0.29151,0.28781,0.28824,449011.0
1767085200000,0.28817,0.29095,0.28805,0.29092,305660.0
1767088800000,0.29062,0.29094,0.28781,0.28855,435100.0
1767092400000,0.28814,0.28928,0.28777,0.28842,298307.0
1767096000000,0.28839,0.2888,0.286,0.28656,92080.0
1767099600000,0.28624,0.28747,0.28522,0.28621,92986.0
1767103200000,0.28614,0.28614,0.27212,0.2815,1724660.0
1767106800000,0.28218,0.28231,0.27836,0.28225,466291.0
1767110400000,0.28232,0.28482,0.28158,0.28446,408133.0
1767114000000,0.28437,0.28521,0.2796,0.28063,396456.0
1767117600000,0.28054,0.28068,0.27865,0.2795,257522.0
1767121200000,0.27934,0.28197,0.27721,0.28122,148430.0
1767124800000,0.28113,0.28115,0.2781,0.27825,347881.0
1767128400000,0.2781,0.27904,0.2775,0.27809,331996.0
1767132000000,0.27803,0.27869,0.2777,0.27798,413552.0
1767135600000,0.27796,0.27865,0.27452,0.27652,704415.0
1767139200000,0.27651,0.27714,0.27518,0.27671,435182.0
1767142800000,0.27667,0.27839,0.27605,0.27605,583276.0
1767146400000,0.27592,0.27676,0.27469,0.27525,100874.0
1767150000000,0.27525,0.276,0.27275,0.27493,157757.0
1767153600000,0.27495,0.27596,0.27442,0.275,125514.0
1767157200000,0.27498,0.27667,0.27497,0.27647,142304.0
1767160800000,0.27664,0.27667,0.27556,0.27619,78968.0
1767164400000,0.27615,0.27678,0.27514,0.27629,337120.0
1767168000000,0.27619,0.27701,0.2732,0.2742,221280.0
1767171600000,0.27409,0.27624,0.27406,0.27567,188611.0
1767175200000,0.27589,0.27597,0.2736,0.27385,136500.0
1767178800000,0.27385,0.27507,0.27377,0.27425,63125.0
1767182400000,0.27442,0.27475,0.271,0.27275,242722.0
1767186000000,0.27254,0.27575,0.27202,0.27494,177466.0
1767189600000,0.27496,0.27658,0.27233,0.27344,211703.0
1767193200000,0.27382,0.27406,0.2716,0.27291,227199.0
1767196800000,0.27321,0.27372,0.26238,0.26843,1416555.0
1767200400000,0.26847,0.26926,0.26348,0.26533,715055.0
1767204000000,0.26515,0.26581,0.26382,0.26411,162189.0
1767207600000,0.26411,0.26902,0.26411,0.26825,149033.0
1767211200000,0.26822,0.27157,0.26696,0.27067,612154.0
1767214800000,0.27057,0.27185,0.27024,0.27109,139145.0
1767218400000,0.2711,0.27143,0.2704,0.27066,80133.0
1767222000000,0.27034,0.27078,0.26964,0.26971,86015.0
1767225600000,0.27003,0.2718,0.26993,0.27018,213859.0
1767229200000,0.26995,0.27092,0.26901,0.26902,201628.0
1767232800000,0.26888,0.26951,0.26837,0.26951,40115.0
1767236400000,0.2695,0.26979,0.26891,0.26928,10745.0
1767240000000,0.26921,0.26956,0.26842,0.26956,63244.0
1767243600000,0.26972,0.27117,0.26972,0.2711,94972.0
1767247200000,0.27117,0.2716,0.27102,0.27137,41768.0
1767250800000,0.27148,0.27229,0.27094,0.27113,20519.0
1767254400000,0.27116,0.27212,0.2708,0.27212,91922.0
1767258000000,0.2723,0.27382,0.2723,0.27317,82172.0
1767261600000,0.27308,0.27352,0.27219,0.27274,34808.0
1767265200000,0.27284,0.27362,0.27265,0.27335,24067.0
1767268800000,0.27336,0.27386,0.2713,0.2721,97587.0
1767272400000,0.27197,0.27419,0.27197,0.27418,78243.0
1767276000000,0.2743,0.27607,0.27401,0.27607,43295.0
1767279600000,0.27612,0.2822,0.27575,0.27988,300405.0
1767283200000,0.28008,0.28082,0.27734,0.28044,1383889.0
1767286800000,0.28049,0.28753,0.28049,0.28542,1030426.0
1767290400000,0.28562,0.28672,0.28441,0.28458,171956.0
1767294000000,0.28518,0.28921,0.28493,0.28921,191839.0
1767297600000,0.28922,0.29185,0.28812,0.29083,583732.0
1767301200000,0.29083,0.29269,0.29001,0.29125,363438.0
1767304800000,0.29168,0.29972,0.29168,0.29963,239121.0
1767308400000,0.29977,0.30357,0.29846,0.30137,1474347.0
1767312000000,0.30161,0.30259,0.29421,0.29492,402345.0
1767315600000,0.29473,0.2961,0.29272,0.29441,221478.0
1767319200000,0.29427,0.29427,0.29081,0.29276,420815.0
1767322800000,0.29261,0.30036,0.29187,0.29916,223994.0
1767326400000,0.29923,0.30016,0.2969,0.29891,374079.0
1767330000000,0.29884,0.30141,0.29772,0.30072,296119.0
1767333600000,0.30065,0.30386,0.29749,0.29787,695257.0
1767337200000,0.29795,0.2982,0.29224,0.29258,141055.0
1767340800000,0.29282,0.2937,0.29117,0.29302,107600.0
1767344400000,0.29306,0.30372,0.29262,0.30096,415140.0
1767348000000,0.30124,0.3037,0.29878,0.30168,314212.0
1767351600000,0.30141,0.30141,0.29427,0.29594,302546.0
1767355200000,0.29523,0.31051,0.29523,0.30479,1560334.0
1767358800000,0.30465,0.30699,0.30067,0.30133,346593.0
1767362400000,0.30143,0.30954,0.29635,0.30369,2462753.0
1767366000000,0.30406,0.31231,0.30198,0.31195,500253.0
1767369600000,0.31205,0.32937,0.30845,0.32921,2696767.0
1767373200000,0.32927,0.33847,0.32683,0.328,2978150.0
1767376800000,0.32802,0.33007,0.32082,0.32188,1102431.0
1767380400000,0.32149,0.32371,0.31892,0.32012,440629.0
1767384000000,0.31996,0.32291,0.31751,0.31937,576439.0
1767387600000,0.32022,0.32366,0.31897,0.32241,579794.0
1767391200000,0.32237,0.3298,0.32225,0.3274,503023.0
1767394800000,0.32738,0.32819,0.32477,0.32563,334911.0
1767398400000,0.3257,0.32828,0.32253,0.32253,552038.0
1767402000000,0.3224,0.32566,0.3221,0.32481,219291.0
1767405600000,0.32377,0.33152,0.32189,0.3293,172127.0
1767409200000,0.32915,0.33206,0.32741,0.33099,182281.0
1767412800000,0.33102,0.33123,0.32761,0.32907,175620.0
1767416400000,0.32968,0.3316,0.32622,0.32902,919180.0
1767420000000,0.32933,0.33173,0.31999,0.32139,280613.0
1767423600000,0.3212,0.32253,0.31534,0.31658,884305.0
1767427200000,0.31706,0.3238,0.31542,0.32099,655492.0
1767430800000,0.32124,0.32606,0.32005,0.32165,392229.0
1767434400000,0.32198,0.32217,0.31851,0.31851,173250.0
1767438000000,0.31866,0.31954,0.31789,0.31924,85490.0
1767441600000,0.31898,0.31985,0.31768,0.3194,192233.0
1767445200000,0.3195,0.32242,0.31925,0.32158,110224.0
1767448800000,0.32142,0.3244,0.32128,0.32398,493679.0
1767452400000,0.3239,0.32575,0.3225,0.32482,663819.0
1767456000000,0.3249,0.33778,0.3249,0.32979,645370.0
1767459600000,0.32991,0.34746,0.32824,0.34467,1224218.0
1767463200000,0.34472,0.34565,0.32929,0.33512,1302270.0
1767466800000,0.33477,0.33687,0.33202,0.33409,529880.0
1767470400000,0.33411,0.33429,0.33031,0.33254,884360.0
1767474000000,0.33261,0.33724,0.33133,0.3353,169685.0
1767477600000,0.33526,0.34404,0.33513,0.34404,311518.0
1767481200000,0.3441,0.34624,0.33779,0.33869,265412.0
1767484800000,0.3387,0.34707,0.33818,0.34435,856302.0
1767488400000,0.3436,0.34441,0.33829,0.3408,643303.0
1767492000000,0.3408,0.35159,0.34052,0.34563,696859.0
1767495600000,0.34607,0.36333,0.34607,0.35528,631798.0
1767499200000,0.35537,0.35706,0.34841,0.3497,685514.0
1767502800000,0.35003,0.35605,0.34719,0.35294,584237.0
1767506400000,0.35314,0.35767,0.35144,0.35437,309192.0
1767510000000,0.35414,0.35958,0.35185,0.35545,369634.0
1767513600000,0.35558,0.3618,0.3503,0.35972,825027.0
1767517200000,0.35976,0.36806,0.35696,0.36393,1264418.0
1767520800000,0.36387,0.3688,0.3623,0.36541,337090.0
1767524400000,0.3656,0.37182,0.36407,0.37116,508909.0
1767528000000,0.37097,0.37642,0.36581,0.36676,600389.0
1767531600000,0.36631,0.38993,0.36594,0.38786,1125856.0
1767535200000,0.38788,0.40076,0.38425,0.40044,1804776.0
1767538800000,0.40009,0.4282,0.3955,0.39865,10670313.0
1767542400000,0.39904,0.40553,0.39535,0.40168,2636763.0
1767546000000,0.40195,0.40866,0.40102,0.40438,1255610.0
1767549600000,0.40503,0.40814,0.39862,0.40089,521244.0
1767553200000,0.40084,0.40534,0.39354,0.40377,1567637.0
1767556800000,0.40398,0.40776,0.4016,0.40386,787936.0
1767560400000,0.40359,0.41034,0.40203,0.40858,2495988.0
1767564000000,0.40838,0.41088,0.4057,0.40753,652753.0
1767567600000,0.4078,0.41171,0.40314,0.40647,208306.0
1767571200000,0.40607,0.40934,0.39444,0.39843,3254876.0
1767574800000,0.39845,0.40408,0.39729,0.40165,1363915.0
1767578400000,0.40176,0.40709,0.3957,0.40709,1049454.0
1767582000000,0.40757,0.40757,0.39584,0.39646,197127.0
1767585600000,0.39671,0.39827,0.38887,0.39567,2891685.0
1767589200000,0.39564,0.40058,0.39341,0.39412,818904.0
1767592800000,0.39433,0.39556,0.38735,0.39343,1644875.0
1767596400000,0.39321,0.4061,0.39152,0.40045,3569569.0
1767600000000,0.40016,0.40016,0.39231,0.39253,439919.0
1767603600000,0.39275,0.395,0.38626,0.38717,1836410.0
1767607200000,0.38791,0.39055,0.38328,0.38745,1811645.0
1767610800000,0.38742,0.38848,0.38427,0.38742,2278811.0
1767614400000,0.38718,0.38958,0.38603,0.38944,449014.0
1767618000000,0.38903,0.39442,0.38864,0.39316,1195515.0
1767621600000,0.39301,0.39575,0.39092,0.39426,833927.0
1767625200000,0.3948,0.40135,0.39148,0.39975,543905.0
1767628800000,0.39914,0.40421,0.39845,0.3994,3759885.0
1767632400000,0.39978,0.41585,0.39607,0.40652,3947356.0
1767636000000,0.40708,0.41328,0.40473,0.40754,1094889.0
1767639600000,0.40758,0.40976,0.40252,0.40422,848578.0
1767643200000,0.40426,0.41587,0.40385,0.40471,2148884.0
1767646800000,0.4046,0.4077,0.40367,0.40592,1235446.0
1767650400000,0.40615,0.41405,0.40556,0.41301,990281.0
1767654000000,0.4131,0.41347,0.40744,0.40896,1194021.0
1767657600000,0.40886,0.41323,0.40603,0.41163,755502.0
1767661200000,0.4111,0.41914,0.40915,0.41036,967667.0
1767664800000,0.4104,0.4123,0.40715,0.4122,268043.0
1767668400000,0.41138,0.42969,0.41064,0.42547,1639376.0
1767672000000,0.42555,0.42565,0.41399,0.41535,926804.0
1767675600000,0.41539,0.41539,0.41001,0.4106,155500.0
1767679200000,0.41104,0.41216,0.4042,0.40715,264459.0
1767682800000,0.40665,0.40811,0.40136,0.40543,1165569.0
1767686400000,0.4063,0.4101,0.40525,0.40748,273912.0
1767690000000,0.40712,0.41941,0.40501,0.41649,1097855.0
1767693600000,0.416,0.43225,0.41534,0.42747,222641.0
1767697200000,0.42802,0.45086,0.42802,0.44493,1416687.0
1767700800000,0.44493,0.46424,0.4429,0.46247,2254496.0
1767704400000,0.46225,0.50307,0.46045,0.48423,4811850.0
1767708000000,0.48435,0.48566,0.46856,0.47772,4290851.0
1767711600000,0.47794,0.48521,0.42038,0.43415,7209372.0
1767715200000,0.43407,0.43512,0.41773,0.4348,2403465.0
1767718800000,0.43477,0.43942,0.42441,0.42758,3210438.0
1767722400000,0.42737,0.43249,0.42533,0.42766,2661795.0
1767726000000,0.42811,0.43115,0.42194,0.42308,747061.0
1767729600000,0.42283,0.42643,0.42224,0.42472,934577.0
1767733200000,0.42471,0.43622,0.42259,0.43251,1921654.0
1767736800000,0.43269,0.43305,0.42353,0.42645,574095.0
1767740400000,0.42566,0.42566,0.42007,0.4208,179405.0
1767744000000,0.42075,0.42103,0.4124,0.41241,466538.0
1767747600000,0.41258,0.4169,0.40832,0.40952,349739.0
1767751200000,0.4091,0.41269,0.40808,0.41171,373865.0
1767754800000,0.41159,0.41355,0.40879,0.41006,178760.0
1767758400000,0.41014,0.4115,0.40426,0.40426,350762.0
1767762000000,0.40437,0.41173,0.40406,0.40955,392520.0
1767765600000,0.40934,0.41371,0.40874,0.41163,201783.0
1767769200000,0.41139,0.418,0.41125,0.41783,445007.0
1767772800000,0.41783,0.42842,0.41203,0.41259,1239491.0
1767776400000,0.41279,0.4137,0.40689,0.40805,877646.0
1767780000000,0.40761,0.40986,0.4069,0.40865,284728.0
1767783600000,0.40808,0.41006,0.4077,0.40886,295992.0
1767787200000,0.40853,0.40853,0.40306,0.40338,753833.0
1767790800000,0.40378,0.40685,0.402,0.40293,400025.0
1767794400000,0.4032,0.4074,0.39884,0.40643,2524690.0
1767798000000,0.40639,0.40639,0.39563,0.39661,826442.0
1767801600000,0.39633,0.3977,0.39274,0.39697,230240.0
1767805200000,0.39674,0.39907,0.39383,0.39418,315722.0
1767808800000,0.39443,0.3976,0.39366,0.39451,290010.0
1767812400000,0.39446,0.39532,0.38848,0.39238,272297.0
1767816000000,0.39227,0.39426,0.39,0.39118,149331.0
1767819600000,0.39143,0.39252,0.38967,0.38987,109597.0
1767823200000,0.38996,0.39114,0.38664,0.38799,209775.0
1767826800000,0.3876,0.39305,0.38607,0.39,550174.0
1767830400000,0.38969,0.39278,0.38855,0.39229,245086.0
1767834000000,0.39227,0.39416,0.39126,0.39305,203329.0
1767837600000,0.39303,0.39423,0.39105,0.3911,185251.0
1767841200000,0.39099,0.39099,0.38133,0.38492,248823.0
1767844800000,0.385,0.39018,0.38482,0.38723,226164.0
1767848400000,0.38769,0.38894,0.38663,0.38729,197398.0
1767852000000,0.38741,0.39087,0.38415,0.38484,194545.0
1767855600000,0.38452,0.3899,0.38243,0.3899,681550.0
1767859200000,0.38999,0.39144,0.38347,0.38347,280099.0
1767862800000,0.38419,0.3856,0.37705,0.37906,482557.0
1767866400000,0.37906,0.38098,0.3759,0.37945,224286.0
1767870000000,0.37941,0.38389,0.37668,0.3833,1545852.0
1767873600000,0.38378,0.38683,0.37939,0.38166,1018002.0
1767877200000,0.38163,0.38384,0.37996,0.3813,207326.0
1767880800000,0.38119,0.38334,0.37408,0.383,776369.0
1767884400000,0.38274,0.39305,0.37975,0.39301,834700.0
1767888000000,0.39282,0.39416,0.38759,0.3903,519456.0
1767891600000,0.3903,0.39163,0.38736,0.38951,252568.0
1767895200000,0.38931,0.38961,0.38362,0.38362,116248.0
1767898800000,0.38393,0.3845,0.38,0.38066,143972.0
1767902400000,0.38042,0.38042,0.37686,0.37989,353152.0
1767906000000,0.38005,0.38716,0.38003,0.38657,85068.0
1767909600000,0.38649,0.38689,0.38081,0.38275,196009.0
1767913200000,0.3828,0.38319,0.37914,0.38023,178864.0
1767916800000,0.38054,0.38142,0.37942,0.37942,110416.0
1767920400000,0.37951,0.38141,0.37417,0.37642,231887.0
1767924000000,0.37614,0.38016,0.37613,0.3773,386419.0
1767927600000,0.37735,0.38481,0.37696,0.3846,158724.0
1767931200000,0.38439,0.38561,0.38217,0.38324,100606.0
1767934800000,0.38324,0.3852,0.3832,0.38395,36206.0
1767938400000,0.3839,0.38504,0.3823,0.38469,66315.0
1767942000000,0.38469,0.38635,0.38351,0.38526,48054.0
1767945600000,0.38498,0.3854,0.38002,0.38371,446341.0
1767949200000,0.38352,0.38967,0.38277,0.38485,405942.0
1767952800000,0.38499,0.38793,0.38252,0.38707,485838.0
1767956400000,0.38697,0.38779,0.38533,0.38617,235931.0
1767960000000,0.3862,0.3862,0.38246,0.38312,97741.0
1767963600000,0.38314,0.39013,0.38283,0.38469,446727.0
1767967200000,0.385,0.385,0.37781,0.38025,882996.0
1767970800000,0.38014,0.39118,0.37805,0.38526,1343554.0
1767974400000,0.38546,0.39814,0.38539,0.39616,1015356.0
1767978000000,0.39656,0.39699,0.38607,0.39184,1052413.0
1767981600000,0.39196,0.39416,0.38379,0.38748,428534.0
1767985200000,0.38703,0.3871,0.38273,0.38304,65903.0
1767988800000,0.38298,0.38543,0.38214,0.38381,231812.0
1767992400000,0.38388,0.38871,0.38304,0.38784,74394.0
1767996000000,0.38786,0.39052,0.38646,0.39038,86935.0
1767999600000,0.3897,0.3897,0.38687,0.38732,42290.0
1768003200000,0.38736,0.38811,0.38318,0.38449,312434.0
1768006800000,0.38461,0.38611,0.38339,0.38349,54668.0
1768010400000,0.38344,0.38377,0.38008,0.38137,524028.0
1768014000000,0.38135,0.38176,0.37927,0.38001,271015.0
1768017600000,0.37984,0.38149,0.37818,0.38068,476900.0
1768021200000,0.38088,0.38146,0.37625,0.37667,226095.0
1768024800000,0.3764,0.37831,0.37452,0.37722,279735.0
1768028400000,0.37694,0.37942,0.37682,0.37715,114629.0
1768032000000,0.37724,0.37899,0.37685,0.3782,129560.0
1768035600000,0.3782,0.38207,0.37788,0.38106,94974.0
1768039200000,0.3817,0.38405,0.38044,0.38405,153426.0
1768042800000,0.38414,0.38414,0.38141,0.38355,51928.0
1768046400000,0.38387,0.38815,0.38384,0.38777,294988.0
1768050000000,0.38773,0.38777,0.38637,0.38663,57017.0
1768053600000,0.38663,0.38736,0.38222,0.38354,539933.0
1768057200000,0.38364,0.3846,0.38095,0.38196,48260.0
1768060800000,0.38163,0.38163,0.3787,0.3805,62451.0
1768064400000,0.38051,0.38279,0.37848,0.37883,47874.0
1768068000000,0.37926,0.38074,0.37796,0.38027,75991.0
1768071600000,0.38055,0.38267,0.38037,0.38208,135806.0
1768075200000,0.38191,0.38218,0.38035,0.38061,52355.0
1768078800000,0.38041,0.38094,0.37904,0.37943,83462.0
1768082400000,0.37933,0.37997,0.3756,0.37585,73833.0
1768086000000,0.37589,0.37955,0.37589,0.37887,107631.0
1768089600000,0.37908,0.38013,0.37694,0.37955,195319.0
1768093200000,0.37947,0.38118,0.37858,0.38024,33872.0
1768096800000,0.38064,0.38372,0.38013,0.38152,187668.0
1768100400000,0.38166,0.3833,0.38126,0.38222,143030.0
1768104000000,0.38219,0.38222,0.37927,0.38042,128467.0
1768107600000,0.38031,0.38046,0.37785,0.37961,50893.0
1768111200000,0.3794,0.38294,0.37738,0.38207,46103.0
1768114800000,0.38197,0.38252,0.38058,0.38185,44957.0
1768118400000,0.38144,0.38369,0.38011,0.38292,85205.0
1768122000000,0.38294,0.38435,0.381,0.38234,111256.0
1768125600000,0.38212,0.38432,0.38148,0.3823,81131.0
1768129200000,0.38218,0.38385,0.3813,0.38327,37001.0
1768132800000,0.38364,0.38705,0.38319,0.38574,527348.0
1768136400000,0.38581,0.3878,0.38354,0.3845,341685.0
1768140000000,0.3844,0.38739,0.3834,0.38739,215119.0
1768143600000,0.38685,0.38685,0.37678,0.37936,516416.0
1768147200000,0.37916,0.38596,0.37848,0.38136,535133.0
1768150800000,0.38145,0.38331,0.37835,0.38137,536381.0
1768154400000,0.38145,0.38162,0.3794,0.38105,39744.0
1768158000000,0.38096,0.38309,0.37877,0.38027,102331.0
1768161600000,0.38011,0.38011,0.37423,0.37711,271113.0
1768165200000,0.37679,0.37966,0.37446,0.3796,240746.0
1768168800000,0.37896,0.37897,0.37151,0.37375,189778.0
1768172400000,0.37365,0.37693,0.36913,0.37689,192009.0
1768176000000,0.377,0.38004,0.37172,0.37837,403921.0
1768179600000,0.3787,0.38407,0.37787,0.38135,612113.0
1768183200000,0.38144,0.38751,0.38129,0.38656,279290.0
1768186800000,0.38673,0.3931,0.38426,0.38472,542561.0
1768190400000,0.38464,0.38823,0.38371,0.38807,262528.0
1768194000000,0.38796,0.38877,0.38572,0.38658,205677.0
1768197600000,0.38657,0.38876,0.38386,0.38426,157047.0
1768201200000,0.38406,0.38734,0.37187,0.37369,929168.0
1768204800000,0.37349,0.37622,0.36665,0.37063,544849.0
1768208400000,0.37063,0.3733,0.36965,0.37055,362613.0
1768212000000,0.37071,0.37172,0.36986,0.37035,143124.0
1768215600000,0.37044,0.37344,0.36996,0.37239,163323.0
1768219200000,0.3723,0.37408,0.37076,0.3711,140766.0
1768222800000,0.37107,0.37149,0.36715,0.36799,126609.0
1768226400000,0.36804,0.37816,0.36484,0.3778,648236.0
1768230000000,0.3778,0.38137,0.37564,0.37883,714076.0
1768233600000,0.37919,0.38274,0.37618,0.38057,302629.0
1768237200000,0.38068,0.38146,0.37253,0.37392,206048.0
1768240800000,0.37367,0.37826,0.37328,0.37484,164531.0
1768244400000,0.37478,0.37638,0.37319,0.37527,78524.0
1768248000000,0.37526,0.37826,0.37147,0.37202,194787.0
1768251600000,0.37197,0.37197,0.3666,0.36834,119713.0
1768255200000,0.36846,0.37119,0.36782,0.36993,109339.0
1768258800000,0.36995,0.37024,0.36785,0.36903,89901.0
1768262400000,0.36889,0.37074,0.36836,0.37059,236139.0
1768266000000,0.37069,0.37276,0.36985,0.37105,148999.0
1768269600000,0.37157,0.37452,0.37018,0.37018,49386.0
1768273200000,0.37003,0.37157,0.36686,0.36869,529646.0
1768276800000,0.36878,0.37126,0.36828,0.37126,165353.0
1768280400000,0.37118,0.37678,0.37111,0.37262,149440.0
1768284000000,0.37302,0.37521,0.36881,0.37445,225483.0
1768287600000,0.3745,0.3745,0.37123,0.37267,80097.0
1768291200000,0.37276,0.37418,0.3716,0.37324,79628.0
1768294800000,0.37257,0.37537,0.37183,0.37426,640941.0
1768298400000,0.37425,0.37787,0.37425,0.37711,177413.0
1768302000000,0.3772,0.38336,0.37558,0.37897,415442.0
1768305600000,0.37913,0.38206,0.37853,0.38139,318543.0
1768309200000,0.38159,0.38812,0.37977,0.38537,424438.0
1768312800000,0.38522,0.39701,0.38455,0.38945,542515.0
1768316400000,0.38866,0.39233,0.38106,0.3913,612614.0
1768320000000,0.39167,0.39568,0.38744,0.39288,1111424.0
1768323600000,0.39299,0.39431,0.38962,0.39168,218649.0
1768327200000,0.39166,0.39451,0.39144,0.39362,210110.0
1768330800000,0.39323,0.39855,0.39204,0.39733,330734.0
1768334400000,0.39746,0.39902,0.39353,0.39682,288392.0
1768338000000,0.39673,0.40201,0.39673,0.40196,148026.0
1768341600000,0.40225,0.43223,0.40173,0.43051,2651093.0
1768345200000,0.43099,0.43515,0.4158,0.41974,1024142.0
1768348800000,0.42004,0.42388,0.41527,0.42053,620479.0
1768352400000,0.41986,0.42411,0.41712,0.41864,588974.0
1768356000000,0.41852,0.424,0.41688,0.42042,132831.0
1768359600000,0.4205,0.42575,0.41911,0.42342,79766.0
1768363200000,0.42321,0.42389,0.41708,0.41843,557790.0
1768366800000,0.41819,0.41819,0.41242,0.41568,146180.0
1768370400000,0.41488,0.41561,0.41073,0.41477,174002.0
1768374000000,0.41487,0.41693,0.41307,0.41534,61103.0
1768377600000,0.41497,0.41964,0.41432,0.41559,129768.0
1768381200000,0.41564,0.4233,0.41564,0.42264,249868.0
1768384800000,0.42277,0.4277,0.42061,0.42234,227315.0
1768388400000,0.42223,0.42223,0.41708,0.41851,145253.0
1768392000000,0.41887,0.42021,0.41583,0.4166,119707.0
1768395600000,0.41631,0.41683,0.40967,0.4106,420345.0
1768399200000,0.41057,0.41977,0.4105,0.41625,382475.0
1768402800000,0.41652,0.41854,0.41144,0.41382,787599.0
1768406400000,0.41404,0.4293,0.41404,0.42685,626557.0
1768410000000,0.42644,0.4277,0.41443,0.41555,699732.0
1768413600000,0.41534,0.41925,0.40612,0.4104,1454696.0
1768417200000,0.41025,0.419,0.40859,0.41707,831753.0
1768420800000,0.4161,0.42091,0.4138,0.41456,314116.0
1768424400000,0.41532,0.4162,0.41033,0.4129,272628.0
1768428000000,0.41265,0.41464,0.4084,0.41049,84760.0
1768431600000,0.4102,0.41566,0.4102,0.41101,98196.0
1768435200000,0.411,0.41108,0.40393,0.4056,486304.0
1768438800000,0.40569,0.40903,0.40189,0.40349,557439.0
1768442400000,0.40328,0.40431,0.3973,0.39832,306580.0
1768446000000,0.39853,0.3989,0.38897,0.39048,215687.0
1768449600000,0.39017,0.3943,0.39,0.39347,126957.0
1768453200000,0.39336,0.39644,0.39302,0.395,307417.0
1768456800000,0.39476,0.39661,0.39377,0.39507,134142.0
1768460400000,0.39462,0.39951,0.39437,0.39732,138730.0
1768464000000,0.39733,0.39751,0.39539,0.39682,222984.0
1768467600000,0.3966,0.40037,0.39417,0.39763,94490.0
1768471200000,0.39778,0.39855,0.39362,0.39362,125853.0
1768474800000,0.39348,0.39477,0.3918,0.39281,78464.0
1768478400000,0.39274,0.39622,0.39245,0.39622,98151.0
1768482000000,0.39566,0.39865,0.39457,0.39736,101810.0
1768485600000,0.39706,0.39899,0.39021,0.39308,180596.0
1768489200000,0.39285,0.39555,0.37868,0.38518,490526.0
1768492800000,0.3849,0.38906,0.38158,0.3878,365652.0
1768496400000,0.38728,0.38976,0.38338,0.38338,171715.0
1768500000000,0.38422,0.38521,0.37697,0.37886,176538.0
1768503600000,0.37864,0.38134,0.37628,0.38123,234473.0
1768507200000,0.38091,0.38369,0.37888,0.38,258322.0
1768510800000,0.38021,0.38399,0.38021,0.38342,60876.0
1768514400000,0.38331,0.38835,0.38328,0.38632,297736.0
1768518000000,0.38633,0.38664,0.38448,0.38574,312317.0
1768521600000,0.38574,0.38653,0.38445,0.38445,191534.0
1768525200000,0.38474,0.38601,0.38362,0.38434,92640.0
1768528800000,0.38414,0.3847,0.38146,0.38454,127034.0
1768532400000,0.38477,0.38477,0.38186,0.38336,37866.0
1768536000000,0.38379,0.38512,0.3796,0.381,167910.0
1768539600000,0.38068,0.38418,0.38014,0.38362,105781.0
1768543200000,0.38347,0.38456,0.38267,0.3838,49600.0
1768546800000,0.38362,0.38525,0.38269,0.38347,27512.0
1768550400000,0.38357,0.38779,0.38356,0.38612,70921.0
1768554000000,0.38613,0.38658,0.38413,0.38473,50311.0
1768557600000,0.38478,0.38511,0.38272,0.38368,57766.0
1768561200000,0.38379,0.38499,0.38234,0.38488,29345.0
1768564800000,0.38461,0.38517,0.38177,0.38244,58277.0
1768568400000,0.3823,0.38259,0.37889,0.38074,71576.0
1768572000000,0.38139,0.38323,0.38083,0.38176,32488.0
1768575600000,0.38126,0.38319,0.36886,0.37231,580356.0
1768579200000,0.3718,0.37758,0.37106,0.37549,200036.0
1768582800000,0.37567,0.3807,0.3734,0.3807,293914.0
1768586400000,0.38034,0.38123,0.37951,0.37999,78124.0
1768590000000,0.37994,0.38211,0.37782,0.38094,33469.0
1768593600000,0.38072,0.38693,0.37722,0.38669,338007.0
1768597200000,0.38682,0.3887,0.38504,0.38504,906771.0
1768600800000,0.38548,0.3858,0.38362,0.38564,79437.0
1768604400000,0.38564,0.38916,0.38564,0.38832,52884.0
1768608000000,0.38845,0.38887,0.38599,0.3878,84676.0
1768611600000,0.38778,0.38799,0.38632,0.38694,71441.0
1768615200000,0.38698,0.38711,0.38356,0.38555,64605.0
1768618800000,0.3854,0.38564,0.3826,0.38456,152670.0
1768622400000,0.38428,0.38642,0.38403,0.38594,63252.0
1768626000000,0.38626,0.3874,0.38557,0.38588,93726.0
1768629600000,0.38628,0.38628,0.38429,0.38492,29451.0
1768633200000,0.38472,0.38627,0.38365,0.38596,40958.0
1768636800000,0.38532,0.38909,0.38516,0.38806,151799.0
1768640400000,0.38834,0.38892,0.38629,0.38629,59636.0
1768644000000,0.38623,0.38698,0.38469,0.38555,642394.0
1768647600000,0.38532,0.38638,0.38414,0.38459,21172.0
1768651200000,0.38438,0.38671,0.38413,0.38562,70007.0
1768654800000,0.3857,0.38585,0.38327,0.38429,49060.0
1768658400000,0.38416,0.38683,0.3823,0.38682,73167.0
1768662000000,0.38705,0.38864,0.38557,0.38825,79084.0
1768665600000,0.38845,0.38845,0.38246,0.38332,616220.0
1768669200000,0.38343,0.38533,0.38323,0.38431,95008.0
1768672800000,0.38448,0.38478,0.38318,0.38462,41375.0
1768676400000,0.38444,0.38547,0.38399,0.38488,7000.0
1768680000000,0.38488,0.38516,0.38339,0.38425,135761.0
1768683600000,0.38425,0.38425,0.38252,0.38328,236629.0
1768687200000,0.38324,0.38324,0.37823,0.37913,133850.0
1768690800000,0.37956,0.38021,0.37838,0.37889,77451.0
1768694400000,0.37871,0.38681,0.37813,0.38053,196954.0
1768698000000,0.38076,0.38077,0.37524,0.3766,190900.0
1768701600000,0.37677,0.37864,0.37504,0.37544,42595.0
1768705200000,0.37539,0.37724,0.37534,0.37599,142653.0
1768708800000,0.37573,0.37642,0.37402,0.37627,80521.0
1768712400000,0.37613,0.37807,0.37534,0.37591,73627.0
1768716000000,0.3763,0.37687,0.37546,0.37611,46067.0
1768719600000,0.37602,0.37602,0.37343,0.37467,122813.0
1768723200000,0.37476,0.3769,0.37404,0.37619,146510.0
1768726800000,0.3761,0.377,0.37556,0.37688,45816.0
1768730400000,0.37668,0.37864,0.37534,0.37849,159545.0
1768734000000,0.37854,0.37971,0.37727,0.37739,121072.0
1768737600000,0.37754,0.37785,0.37472,0.37528,76816.0
1768741200000,0.37524,0.37737,0.37414,0.37558,117734.0
1768744800000,0.37568,0.37787,0.37147,0.37168,63292.0
1768748400000,0.37152,0.37419,0.371,0.37327,181203.0
1768752000000,0.37296,0.37517,0.37209,0.37333,111743.0
1768755600000,0.37338,0.3741,0.37174,0.3741,192286.0
1768759200000,0.3739,0.37924,0.37358,0.37767,102663.0
1768762800000,0.37822,0.37844,0.37132,0.3721,250916.0
1768766400000,0.3725,0.37623,0.37156,0.37579,156290.0
1768770000000,0.37506,0.37569,0.37274,0.37307,76758.0
1768773600000,0.37343,0.3748,0.3724,0.3735,20413.0
1768777200000,0.37348,0.37348,0.35026,0.35158,1098991.0
1768780800000,0.35136,0.35136,0.3101,0.33351,5264730.0
1768784400000,0.33332,0.34056,0.33253,0.33807,699655.0
1768788000000,0.33826,0.34012,0.33701,0.33927,214646.0
1768791600000,0.33898,0.34018,0.338,0.33966,67091.0
1768795200000,0.33948,0.34163,0.33736,0.33736,314813.0
1768798800000,0.33718,0.3385,0.33518,0.33591,368991.0
1768802400000,0.33592,0.33959,0.33519,0.33837,610498.0
1768806000000,0.3389,0.34359,0.33826,0.34359,67073.0
1768809600000,0.34304,0.34618,0.33998,0.34194,404108.0
1768813200000,0.34178,0.34212,0.33961,0.34047,133824.0
1768816800000,0.34068,0.34108,0.33794,0.33922,113723.0
1768820400000,0.33958,0.34226,0.33824,0.34045,97102.0
1768824000000,0.34014,0.34014,0.33815,0.33862,206949.0
1768827600000,0.33901,0.34117,0.33831,0.33962,108661.0
1768831200000,0.3401,0.34463,0.33953,0.34332,118330.0
1768834800000,0.34331,0.34468,0.34202,0.34217,88220.0
1768838400000,0.34169,0.34784,0.34153,0.34766,186939.0
1768842000000,0.3479,0.34853,0.34543,0.34616,101077.0
1768845600000,0.34656,0.34899,0.34591,0.34832,76148.0
1768849200000,0.3486,0.35491,0.3486,0.35324,220457.0
1768852800000,0.35329,0.35724,0.35206,0.35445,201161.0
1768856400000,0.35474,0.35566,0.35224,0.35224,121295.0
1768860000000,0.35212,0.35239,0.34875,0.34882,298621.0
1768863600000,0.34878,0.35333,0.34878,0.35299,108947.0
1768867200000,0.35295,0.35295,0.34985,0.34993,162381.0
1768870800000,0.35023,0.3524,0.34874,0.35076,93155.0
1768874400000,0.35047,0.352,0.34842,0.35011,83607.0
1768878000000,0.3505,0.35068,0.34807,0.34866,41772.0
1768881600000,0.3482,0.34967,0.34747,0.34747,148535.0
1768885200000,0.34757,0.35436,0.34596,0.35132,296927.0
1768888800000,0.35128,0.35128,0.34653,0.34766,146727.0
1768892400000,0.3474,0.34799,0.34164,0.3423,87679.0
1768896000000,0.34165,0.34264,0.33801,0.34074,383962.0
1768899600000,0.34049,0.34061,0.33731,0.3385,107746.0
1768903200000,0.33834,0.34154,0.33745,0.33849,148170.0
1768906800000,0.33869,0.33975,0.33636,0.33711,66681.0
1768910400000,0.33721,0.33849,0.3367,0.33766,189485.0
1768914000000,0.33748,0.33748,0.33265,0.33305,204149.0
1768917600000,0.33304,0.34334,0.33304,0.33857,326869.0
1768921200000,0.33874,0.3392,0.33338,0.33551,483198.0
1768924800000,0.33551,0.33734,0.3297,0.33206,533219.0
1768928400000,0.33195,0.33572,0.32846,0.33077,944978.0
1768932000000,0.33071,0.3317,0.3278,0.32897,241628.0
1768935600000,0.32886,0.331,0.32719,0.32971,183803.0
1768939200000,0.32929,0.33659,0.32895,0.33439,467381.0
1768942800000,0.3346,0.33467,0.33128,0.33194,163797.0
1768946400000,0.33207,0.33316,0.32533,0.33022,1610229.0
1768950000000,0.33005,0.33065,0.32781,0.32954,222228.0
1768953600000,0.32962,0.34022,0.32921,0.33961,835144.0
1768957200000,0.339,0.34507,0.33895,0.34238,264358.0
1768960800000,0.3426,0.34571,0.34011,0.34159,208693.0
1768964400000,0.3418,0.34265,0.34004,0.34107,47885.0
1768968000000,0.34118,0.34203,0.34037,0.34135,157165.0
1768971600000,0.34114,0.34132,0.33979,0.34014,144210.0
1768975200000,0.34003,0.34088,0.33853,0.34065,88271.0
1768978800000,0.34014,0.34278,0.33962,0.34013,329674.0
1768982400000,0.3401,0.34146,0.33776,0.33951,199752.0
1768986000000,0.33929,0.33929,0.33599,0.33739,109033.0
1768989600000,0.33685,0.33834,0.33528,0.33574,76406.0
1768993200000,0.3357,0.33714,0.33211,0.33257,98504.0
1768996800000,0.33288,0.33326,0.32692,0.33017,552092.0
1769000400000,0.33015,0.3312,0.3271,0.32808,404949.0
1769004000000,0.32781,0.34387,0.32767,0.34122,990253.0
1769007600000,0.34138,0.34599,0.33864,0.34394,373855.0
1769011200000,0.34395,0.3441,0.32585,0.32708,507346.0
1769014800000,0.32724,0.33229,0.32222,0.32777,1054473.0
1769018400000,0.32729,0.33123,0.32528,0.32953,269653.0
1769022000000,0.32992,0.34667,0.32808,0.3441,1101700.0
1769025600000,0.3442,0.34475,0.33763,0.34361,560348.0
1769029200000,0.34405,0.35116,0.34309,0.34702,404567.0
1769032800000,0.34684,0.3479,0.34104,0.34223,244824.0
1769036400000,0.34169,0.3423,0.33701,0.33835,98437.0
1769040000000,0.33834,0.34411,0.33834,0.3412,358613.0
1769043600000,0.34164,0.34296,0.33985,0.34156,125565.0
1769047200000,0.34136,0.34313,0.33921,0.33951,58257.0
1769050800000,0.33996,0.34062,0.33586,0.33794,23153.0
1769054400000,0.33776,0.34046,0.33776,0.33994,113956.0
1769058000000,0.34045,0.34155,0.33888,0.33919,156739.0
1769061600000,0.33963,0.34012,0.33699,0.33914,69209.0
1769065200000,0.33914,0.33972,0.33643,0.33859,108825.0
1769068800000,0.33847,0.34096,0.33763,0.34034,152535.0
1769072400000,0.34084,0.34325,0.34035,0.34198,131976.0
1769076000000,0.34194,0.34196,0.33928,0.3405,78566.0
1769079600000,0.34039,0.34039,0.33767,0.33839,93540.0
1769083200000,0.33804,0.33906,0.33782,0.33828,86343.0
1769086800000,0.33819,0.34038,0.33511,0.33613,126304.0
1769090400000,0.3361,0.33622,0.32923,0.33049,187977.0
1769094000000,0.33035,0.3324,0.32633,0.32953,182932.0
1769097600000,0.32997,0.33687,0.32997,0.33548,227863.0
1769101200000,0.33554,0.33696,0.333,0.33696,255748.0
1769104800000,0.33665,0.33665,0.33281,0.33296,125697.0
1769108400000,0.33293,0.33604,0.3312,0.33472,144442.0
1769112000000,0.33427,0.33519,0.33063,0.33161,195976.0
1769115600000,0.33189,0.33425,0.33159,0.33221,937681.0
1769119200000,0.33213,0.33424,0.33158,0.33264,101195.0
1769122800000,0.33264,0.33389,0.33081,0.33326,73327.0
1769126400000,0.33329,0.33519,0.33319,0.3343,111958.0
1769130000000,0.33473,0.33912,0.33473,0.3388,124661.0
1769133600000,0.33848,0.33899,0.33708,0.33719,74528.0
1769137200000,0.33716,0.34077,0.33716,0.3394,42070.0
1769140800000,0.33951,0.34172,0.33905,0.3406,74387.0
1769144400000,0.3406,0.34122,0.3399,0.3412,145443.0
1769148000000,0.3416,0.34229,0.3383,0.3383,142957.0
1769151600000,0.3382,0.3404,0.33786,0.33935,38075.0
1769155200000,0.33922,0.33969,0.33468,0.33594,125046.0
1769158800000,0.33566,0.33714,0.33497,0.33611,146239.0
1769162400000,0.33602,0.33671,0.33405,0.33487,97856.0
1769166000000,0.33449,0.33674,0.33449,0.33617,34257.0
1769169600000,0.33613,0.33682,0.33507,0.33633,75597.0
1769173200000,0.33626,0.3369,0.33461,0.33497,120464.0
1769176800000,0.33506,0.33645,0.32696,0.32966,291458.0
1769180400000,0.32981,0.33767,0.32752,0.33767,90200.0
1769184000000,0.33753,0.34254,0.33414,0.33951,174309.0
1769187600000,0.33956,0.34693,0.33672,0.3405,721360.0
1769191200000,0.3409,0.34337,0.33938,0.34132,337532.0
1769194800000,0.34121,0.34121,0.3322,0.33313,184432.0
1769198400000,0.33303,0.335,0.32907,0.33159,416420.0
1769202000000,0.33124,0.33412,0.33124,0.33202,134156.0
1769205600000,0.33195,0.3352,0.33195,0.33504,59232.0
1769209200000,0.33485,0.3351,0.33377,0.33493,41555.0
1769212800000,0.33492,0.33603,0.33325,0.33351,119253.0
1769216400000,0.33291,0.33353,0.33086,0.33305,33056.0
1769220000000,0.33316,0.33488,0.33282,0.33462,33131.0
1769223600000,0.33456,0.33779,0.33399,0.33658,43488.0
1769227200000,0.33668,0.33879,0.33598,0.33598,84221.0
1769230800000,0.33606,0.33626,0.33496,0.33621,45134.0
1769234400000,0.33633,0.33776,0.33633,0.33741,52404.0
1769238000000,0.33741,0.33754,0.3353,0.33598,34194.0
1769241600000,0.33589,0.33755,0.33547,0.33726,101654.0
1769245200000,0.33713,0.33713,0.33572,0.3359,39968.0
1769248800000,0.33592,0.33814,0.33564,0.33812,54579.0
1769252400000,0.3381,0.33999,0.33798,0.33822,26260.0
1769256000000,0.3385,0.33946,0.33805,0.33852,51783.0
1769259600000,0.3389,0.33915,0.33681,0.33681,121215.0
1769263200000,0.33659,0.33884,0.33614,0.33774,85911.0
1769266800000,0.33774,0.33822,0.3329,0.33349,428316.0
1769270400000,0.33343,0.3339,0.33177,0.33287,119190.0
1769274000000,0.33297,0.33455,0.3317,0.33455,124598.0
1769277600000,0.33452,0.33542,0.33403,0.33448,52097.0
1769281200000,0.33388,0.33426,0.33281,0.33309,29263.0
1769284800000,0.33317,0.33552,0.33317,0.33474,174565.0
1769288400000,0.33455,0.33455,0.33333,0.33363,52616.0
1769292000000,0.33361,0.33563,0.33354,0.33563,38696.0
1769295600000,0.33558,0.33587,0.33375,0.33409,58160.0
1769299200000,0.33398,0.33465,0.33294,0.3343,238200.0
1769302800000,0.33445,0.33532,0.3312,0.33182,78463.0
1769306400000,0.33187,0.33377,0.33154,0.33219,25301.0
1769310000000,0.33225,0.33299,0.32835,0.32977,99907.0
1769313600000,0.32929,0.3312,0.32895,0.32997,206865.0
1769317200000,0.32982,0.33031,0.32935,0.33031,54302.0
1769320800000,0.33001,0.33063,0.32914,0.3301,51776.0
1769324400000,0.3302,0.33038,0.32827,0.33032,107031.0
1769328000000,0.33024,0.33129,0.32774,0.32886,148066.0
1769331600000,0.32877,0.33366,0.3283,0.33152,90326.0
1769335200000,0.3316,0.33467,0.33116,0.33295,113326.0
1769338800000,0.3325,0.33398,0.3315,0.33201,92083.0
1769342400000,0.33188,0.33193,0.32905,0.33103,113886.0
1769346000000,0.33091,0.33144,0.32957,0.33115,91200.0
1769349600000,0.33096,0.33115,0.32681,0.32866,323969.0
1769353200000,0.32852,0.33075,0.32809,0.32919,87519.0
1769356800000,0.32912,0.32912,0.31896,0.32326,1075841.0
1769360400000,0.32334,0.32423,0.31972,0.32112,174785.0
1769364000000,0.32098,0.3221,0.31629,0.31853,340417.0
1769367600000,0.31854,0.31956,0.30886,0.3112,555547.0
1769371200000,0.31142,0.315,0.31142,0.31493,239702.0
1769374800000,0.31492,0.31855,0.31492,0.31744,265327.0
1769378400000,0.31785,0.31785,0.31384,0.31525,91301.0
1769382000000,0.31544,0.31907,0.3138,0.31779,128369.0
1769385600000,0.31792,0.32069,0.31682,0.32059,281097.0
1769389200000,0.32059,0.3264,0.32039,0.32553,179813.0
1769392800000,0.32542,0.32542,0.32195,0.32401,86943.0
1769396400000,0.3242,0.32525,0.3206,0.32168,106654.0
1769400000000,0.32184,0.32636,0.32158,0.32461,320057.0
1769403600000,0.32469,0.32592,0.32404,0.32499,290789.0
1769407200000,0.32509,0.32709,0.32369,0.32551,104717.0
1769410800000,0.32505,0.32722,0.32455,0.3262,65265.0
1769414400000,0.32626,0.32976,0.3254,0.3263,244681.0
1769418000000,0.32636,0.32649,0.3237,0.3243,141574.0
1769421600000,0.32441,0.32655,0.32441,0.32577,159733.0
1769425200000,0.32621,0.3272,0.32582,0.32717,64013.0
1769428800000,0.3274,0.32845,0.32616,0.32654,60415.0
1769432400000,0.32702,0.32808,0.32639,0.32808,113639.0
1769436000000,0.32819,0.33259,0.32547,0.33223,226727.0
1769439600000,0.33173,0.33587,0.32752,0.32867,313579.0
1769443200000,0.32935,0.33107,0.32696,0.32879,269279.0
1769446800000,0.32881,0.33002,0.32595,0.32882,169862.0
1769450400000,0.32836,0.33154,0.32836,0.33022,83259.0
1769454000000,0.33045,0.33151,0.328,0.32845,31980.0
1769457600000,0.32865,0.32923,0.32694,0.32736,166566.0
1769461200000,0.32718,0.33176,0.32663,0.33002,232767.0
1769464800000,0.33009,0.33097,0.32854,0.3286,69944.0
1769468400000,0.32835,0.32962,0.32725,0.32813,70875.0
1769472000000,0.32813,0.32863,0.32671,0.32738,190547.0
1769475600000,0.32725,0.33071,0.3263,0.32945,100220.0
1769479200000,0.32992,0.33116,0.32794,0.32822,101603.0
1769482800000,0.32812,0.32894,0.32674,0.32707,28973.0
1769486400000,0.32699,0.32931,0.3264,0.32718,166713.0
1769490000000,0.3272,0.32734,0.32556,0.32631,72387.0
1769493600000,0.32641,0.32719,0.32528,0.32561,79484.0
1769497200000,0.32572,0.32829,0.32567,0.3271,46000.0
1769500800000,0.32734,0.32849,0.32675,0.32713,146554.0
1769504400000,0.32722,0.32725,0.32478,0.32495,67458.0
1769508000000,0.32532,0.32628,0.32496,0.32571,61339.0
1769511600000,0.32571,0.32579,0.32458,0.32492,260072.0
1769515200000,0.32478,0.32508,0.32286,0.32374,93619.0
1769518800000,0.32408,0.3244,0.3221,0.32248,53066.0
1769522400000,0.32257,0.32591,0.3221,0.32281,109826.0
1769526000000,0.32249,0.32885,0.32249,0.32885,85217.0
1769529600000,0.32869,0.33445,0.32821,0.33259,217286.0
1769533200000,0.33278,0.33302,0.32299,0.32463,197259.0
1769536800000,0.32416,0.33073,0.32364,0.32996,116740.0
1769540400000,0.32944,0.32964,0.32725,0.32876,483231.0
1769544000000,0.32872,0.33341,0.32855,0.33226,1488575.0
1769547600000,0.33204,0.33257,0.32833,0.32833,258625.0
1769551200000,0.32853,0.32975,0.32754,0.32808,91322.0
1769554800000,0.32809,0.32816,0.32356,0.32365,93400.0
1769558400000,0.32378,0.32478,0.32054,0.32451,402718.0
1769562000000,0.32467,0.32477,0.32179,0.32277,241211.0
1769565600000,0.32263,0.32495,0.32192,0.32473,81145.0
1769569200000,0.32452,0.32528,0.32259,0.32315,98076.0
1769572800000,0.32265,0.32331,0.3211,0.32177,176709.0
1769576400000,0.32179,0.32335,0.32077,0.32311,136526.0
1769580000000,0.32371,0.3292,0.32371,0.32816,193652.0
1769583600000,0.32808,0.32885,0.32333,0.3239,181836.0
1769587200000,0.32401,0.32505,0.32237,0.32255,210961.0
1769590800000,0.32263,0.32726,0.32244,0.32667,118441.0
1769594400000,0.32681,0.32697,0.323,0.32309,120615.0
1769598000000,0.32315,0.32735,0.32244,0.32722,146953.0
1769601600000,0.32714,0.32745,0.32323,0.32434,216802.0
1769605200000,0.32446,0.32645,0.324,0.32446,197369.0
1769608800000,0.32452,0.32468,0.32113,0.32221,72433.0
1769612400000,0.32315,0.32332,0.31702,0.31823,433171.0
1769616000000,0.31833,0.3199,0.31621,0.31749,387655.0
1769619600000,0.31753,0.31964,0.31347,0.31826,551137.0
1769623200000,0.31802,0.31802,0.31454,0.31662,401839.0
1769626800000,0.31671,0.31906,0.31595,0.31843,114400.0
1769630400000,0.31811,0.32333,0.31797,0.31923,399887.0
1769634000000,0.31937,0.3217,0.31641,0.32025,216144.0
1769637600000,0.32077,0.32341,0.3188,0.32334,148642.0
1769641200000,0.32345,0.32491,0.32024,0.32026,161833.0
1769644800000,0.3205,0.32129,0.31718,0.31878,169235.0
1769648400000,0.31861,0.3201,0.31345,0.31418,209332.0
1769652000000,0.31422,0.31505,0.30734,0.30949,831405.0
1769655600000,0.30981,0.31212,0.30873,0.31019,109168.0
1769659200000,0.31011,0.31068,0.3084,0.30976,212402.0
1769662800000,0.30973,0.31056,0.30898,0.30919,235280.0
1769666400000,0.30898,0.31044,0.30856,0.30909,218397.0
1769670000000,0.30921,0.30966,0.30775,0.30797,187459.0
1769673600000,0.30797,0.30797,0.30547,0.30621,395835.0
1769677200000,0.30603,0.30689,0.30234,0.30299,168218.0
1769680800000,0.30313,0.3047,0.30299,0.30334,94935.0
1769684400000,0.30314,0.30347,0.30185,0.30275,112328.0
1769688000000,0.30304,0.30362,0.30078,0.30262,108375.0
1769691600000,0.30245,0.30592,0.30245,0.30565,156292.0
1769695200000,0.3057,0.30608,0.29688,0.29734,565181.0
1769698800000,0.29722,0.29722,0.28695,0.29361,1637579.0
1769702400000,0.29396,0.29748,0.29127,0.29741,376342.0
1769706000000,0.29764,0.30095,0.29307,0.29385,305957.0
1769709600000,0.29327,0.29443,0.28747,0.28775,484945.0
1769713200000,0.28743,0.29142,0.28658,0.29039,258424.0
1769716800000,0.29047,0.2935,0.28944,0.29321,375770.0
1769720400000,0.29346,0.2946,0.293,0.29372,228482.0
1769724000000,0.29376,0.29523,0.2936,0.29361,64552.0
1769727600000,0.2936,0.29603,0.29235,0.29562,81209.0
1769731200000,0.29581,0.29646,0.29468,0.2953,211269.0
1769734800000,0.29537,0.29725,0.28102,0.29234,1282952.0
1769738400000,0.29237,0.29376,0.28637,0.29113,249220.0
1769742000000,0.29131,0.2926,0.28956,0.29021,70863.0
1769745600000,0.29057,0.29436,0.29044,0.29242,312536.0
1769749200000,0.29221,0.29346,0.29116,0.29224,93131.0
1769752800000,0.29213,0.29218,0.28531,0.28693,91974.0
1769756400000,0.28705,0.292,0.28701,0.28994,230415.0
1769760000000,0.29,0.29063,0.28671,0.28762,327084.0
1769763600000,0.28787,0.28917,0.28652,0.28734,227578.0
1769767200000,0.28748,0.28941,0.28707,0.28924,135343.0
1769770800000,0.28894,0.29514,0.28878,0.29418,71637.0
1769774400000,0.29436,0.29437,0.29082,0.292,185717.0
1769778000000,0.29211,0.29255,0.2888,0.29024,580652.0
1769781600000,0.29035,0.29533,0.29035,0.29203,308777.0
1769785200000,0.2925,0.29457,0.28825,0.29205,279613.0
1769788800000,0.29198,0.29516,0.28979,0.29213,486619.0
1769792400000,0.29233,0.2949,0.2905,0.29146,288559.0
1769796000000,0.29137,0.29492,0.2829,0.2935,629148.0
1769799600000,0.29415,0.29462,0.28992,0.29095,326590.0
1769803200000,0.29077,0.29101,0.28393,0.28534,677900.0
1769806800000,0.28605,0.28834,0.28509,0.28713,288564.0
1769810400000,0.28703,0.28754,0.2845,0.28699,142041.0
1769814000000,0.28696,0.28839,0.28504,0.28823,63200.0
1769817600000,0.28826,0.28835,0.28634,0.28694,222219.0
1769821200000,0.2868,0.28758,0.28531,0.28669,84503.0
1769824800000,0.28695,0.28762,0.28531,0.28672,182405.0
1769828400000,0.28672,0.28729,0.28544,0.28562,34950.0
1769832000000,0.28549,0.28644,0.28384,0.28435,109836.0
1769835600000,0.28427,0.28481,0.28342,0.28373,88224.0
1769839200000,0.28393,0.28408,0.27984,0.28181,259010.0
1769842800000,0.28195,0.28199,0.27732,0.28,188469.0
1769846400000,0.28032,0.28084,0.27604,0.27946,1076779.0
1769850000000,0.28003,0.28144,0.27912,0.27976,137351.0
1769853600000,0.27979,0.2808,0.27899,0.27984,45726.0
1769857200000,0.27977,0.27977,0.27737,0.27768,53323.0
1769860800000,0.27763,0.27808,0.27489,0.27492,217316.0
1769864400000,0.27526,0.2754,0.27265,0.2737,154641.0
1769868000000,0.27376,0.27453,0.25764,0.26375,1369811.0
1769871600000,0.26373,0.26737,0.26145,0.26205,209999.0
1769875200000,0.26219,0.26637,0.2587,0.26004,1104731.0
1769878800000,0.26034,0.26034,0.24005,0.24585,3871059.0
1769882400000,0.2466,0.24794,0.22635,0.24154,4683703.0
1769886000000,0.24185,0.24647,0.24003,0.24232,658268.0
1769889600000,0.24261,0.24615,0.24123,0.24463,1431314.0
1769893200000,0.2445,0.2484,0.2423,0.24753,383521.0
1769896800000,0.24786,0.24824,0.24549,0.24667,239350.0
1769900400000,0.24696,0.25476,0.24696,0.25435,371389.0
1769904000000,0.25412,0.25604,0.25347,0.25426,280426.0
1769907600000,0.25429,0.25509,0.25142,0.25446,227093.0
1769911200000,0.25507,0.25764,0.25451,0.25706,215467.0
1769914800000,0.25717,0.25802,0.2562,0.25748,238383.0
1769918400000,0.25751,0.25802,0.25612,0.25635,502237.0
1769922000000,0.25624,0.25697,0.25442,0.25452,321808.0
1769925600000,0.25478,0.25579,0.25326,0.25457,209682.0
1769929200000,0.2546,0.25868,0.25406,0.25706,119513.0
1769932800000,0.25744,0.26036,0.25682,0.25921,245579.0
1769936400000,0.25907,0.2619,0.25774,0.2619,129447.0
1769940000000,0.26142,0.26307,0.25663,0.25668,154906.0
1769943600000,0.257,0.26017,0.25675,0.25914,95334.0
1769947200000,0.25938,0.25938,0.2524,0.25395,277393.0
1769950800000,0.254,0.25852,0.2539,0.25512,169699.0
1769954400000,0.25501,0.25586,0.2497,0.25267,435031.0
1769958000000,0.2524,0.2524,0.24386,0.24809,498251.0
1769961600000,0.24805,0.2504,0.24492,0.24594,633272.0
1769965200000,0.24596,0.24683,0.24355,0.24655,339741.0
1769968800000,0.24664,0.25385,0.24664,0.25092,437975.0
1769972400000,0.25094,0.25197,0.24678,0.24834,309720.0
1769976000000,0.24832,0.25108,0.24504,0.24802,919771.0
1769979600000,0.24781,0.24802,0.24492,0.24589,380741.0
1769983200000,0.24601,0.25008,0.24529,0.24729,430542.0
1769986800000,0.24717,0.25005,0.23857,0.24487,773319.0
1769990400000,0.24531,0.25188,0.24268,0.24983,829455.0
1769994000000,0.25014,0.255,0.24637,0.25272,492162.0
1769997600000,0.25249,0.2529,0.24896,0.24902,283875.0
1770001200000,0.24896,0.25036,0.23992,0.24992,1562887.0
1770004800000,0.25009,0.25406,0.24576,0.24941,599541.0
1770008400000,0.24935,0.24935,0.24204,0.24464,390778.0
1770012000000,0.24453,0.25148,0.24033,0.24727,885632.0
1770015600000,0.2471,0.24866,0.24521,0.24525,240895.0
1770019200000,0.24524,0.2469,0.24401,0.2462,368136.0
1770022800000,0.24619,0.25037,0.24489,0.24904,334116.0
1770026400000,0.24917,0.25019,0.24797,0.24859,137786.0
1770030000000,0.24858,0.25172,0.24816,0.24998,162776.0
1770033600000,0.25046,0.25526,0.25023,0.25414,376836.0
1770037200000,0.25465,0.2596,0.25439,0.2596,452349.0
1770040800000,0.25897,0.26034,0.25535,0.25794,912389.0
1770044400000,0.25833,0.26375,0.25676,0.26191,487619.0
1770048000000,0.26165,0.26351,0.25995,0.26017,456145.0
1770051600000,0.26007,0.26173,0.25758,0.25823,205373.0
1770055200000,0.25822,0.25968,0.25705,0.25855,188314.0
1770058800000,0.25866,0.25866,0.25584,0.25653,202905.0
1770062400000,0.25554,0.25651,0.25404,0.25499,499088.0
1770066000000,0.25508,0.25631,0.25508,0.25563,344013.0
1770069600000,0.25599,0.25686,0.25555,0.256,131162.0
1770073200000,0.25599,0.256,0.25457,0.2549,98820.0
1770076800000,0.25505,0.25584,0.25286,0.25584,411512.0
1770080400000,0.25594,0.25594,0.25388,0.25477,435428.0
1770084000000,0.25483,0.25499,0.24958,0.24974,439173.0
1770087600000,0.24983,0.25425,0.24908,0.2537,169515.0
1770091200000,0.25375,0.25634,0.25274,0.25547,469877.0
1770094800000,0.25583,0.25586,0.25251,0.25272,241689.0
1770098400000,0.25279,0.25534,0.25094,0.255,172701.0
1770102000000,0.25486,0.25646,0.25414,0.25611,97985.0
1770105600000,0.25621,0.25824,0.25458,0.2559,459232.0
1770109200000,0.25601,0.25721,0.25132,0.25337,511964.0
1770112800000,0.25335,0.25432,0.25244,0.25303,454222.0
1770116400000,0.25321,0.25459,0.25275,0.25376,79982.0
1770120000000,0.25386,0.25728,0.25322,0.25611,261221.0
1770123600000,0.25606,0.25669,0.25505,0.2563,510476.0
1770127200000,0.25632,0.25717,0.25133,0.25135,1299268.0
1770130800000,0.25108,0.2606,0.25067,0.25954,2345076.0
1770134400000,0.25958,0.25965,0.25126,0.25237,1430139.0
1770138000000,0.25234,0.25276,0.24548,0.24569,1275647.0
1770141600000,0.24577,0.24748,0.24174,0.24276,1925753.0
1770145200000,0.24249,0.25539,0.24238,0.25422,2086448.0
1770148800000,0.2538,0.26548,0.2507,0.26168,2475098.0
1770152400000,0.26168,0.26378,0.25679,0.25701,880329.0
1770156000000,0.25706,0.25706,0.25244,0.25299,566696.0
1770159600000,0.2532,0.2532,0.24814,0.25015,283187.0
1770163200000,0.2503,0.25237,0.24824,0.25044,275931.0
1770166800000,0.25062,0.2553,0.2506,0.25299,150714.0
1770170400000,0.25299,0.25315,0.24968,0.25072,139972.0
1770174000000,0.25089,0.2536,0.25063,0.25201,239755.0
1770177600000,0.25193,0.25272,0.2511,0.25129,249430.0
1770181200000,0.2512,0.25244,0.25009,0.25121,140772.0
1770184800000,0.25119,0.2537,0.25105,0.25341,47000.0
1770188400000,0.25329,0.25385,0.25196,0.25196,58159.0
1770192000000,0.25201,0.25315,0.25043,0.25315,249434.0
1770195600000,0.25318,0.25323,0.25096,0.25192,172615.0
1770199200000,0.25202,0.25303,0.2517,0.25265,75947.0
1770202800000,0.25261,0.25324,0.24905,0.25194,385813.0
1770206400000,0.25202,0.25275,0.25078,0.25242,312999.0
1770210000000,0.25244,0.25244,0.24679,0.24679,292136.0
1770213600000,0.24683,0.25,0.24503,0.24531,1049998.0
1770217200000,0.24532,0.24977,0.24259,0.24635,1884694.0
1770220800000,0.24628,0.24816,0.24236,0.24579,1120673.0
1770224400000,0.2454,0.24718,0.2423,0.24539,939736.0
1770228000000,0.24536,0.25058,0.24137,0.24743,750451.0
1770231600000,0.24753,0.25291,0.24733,0.2525,356735.0
1770235200000,0.25265,0.2531,0.25026,0.25085,360311.0
1770238800000,0.25091,0.2515,0.24632,0.24827,315543.0
1770242400000,0.24841,0.25115,0.24319,0.24528,446895.0
1770246000000,0.24539,0.25061,0.2445,0.24829,441452.0
1770249600000,0.24836,0.24908,0.24678,0.24853,180534.0
1770253200000,0.24829,0.2517,0.24632,0.2481,520092.0
1770256800000,0.24807,0.2502,0.24508,0.24508,1025384.0
1770260400000,0.24541,0.24687,0.24394,0.24415,125525.0
1770264000000,0.24447,0.24642,0.24321,0.24391,886005.0
1770267600000,0.24365,0.24591,0.24075,0.2431,593028.0
1770271200000,0.24329,0.24329,0.23914,0.23982,139533.0
1770274800000,0.23985,0.24309,0.23842,0.23895,295537.0
1770278400000,0.23921,0.2434,0.23921,0.24226,379693.0
1770282000000,0.24172,0.24435,0.2403,0.24078,272064.0
1770285600000,0.24093,0.24093,0.23366,0.23492,149486.0
1770289200000,0.23507,0.23569,0.22918,0.23248,313966.0
1770292800000,0.23263,0.23391,0.23072,0.23294,815132.0
1770296400000,0.23299,0.23512,0.23133,0.23154,947460.0
1770300000000,0.23177,0.23687,0.23139,0.23189,1879922.0
1770303600000,0.23186,0.23252,0.21425,0.22239,6174975.0
1770307200000,0.22262,0.2261,0.2197,0.22274,2678820.0
1770310800000,0.22265,0.22504,0.215,0.21832,3249517.0
1770314400000,0.21854,0.2207,0.2146,0.2199,2509227.0
1770318000000,0.21993,0.22012,0.21588,0.21619,1048330.0
1770321600000,0.21649,0.21796,0.20487,0.21144,6377436.0
1770325200000,0.21111,0.21681,0.20877,0.21134,3132971.0
1770328800000,0.21115,0.21562,0.20865,0.20981,1193418.0
1770332400000,0.20955,0.21332,0.20705,0.20722,418094.0
1770336000000,0.20758,0.20899,0.18096,0.20555,11859821.0
1770339600000,0.20472,0.21335,0.20428,0.21335,1245990.0
1770343200000,0.21334,0.2148,0.20728,0.20807,723856.0
1770346800000,0.20838,0.21228,0.20821,0.21127,285682.0
1770350400000,0.21135,0.2137,0.20983,0.21316,502004.0
1770354000000,0.21304,0.21972,0.21261,0.21859,597998.0
1770357600000,0.21886,0.21937,0.21385,0.21391,409921.0
1770361200000,0.21425,0.21444,0.21211,0.21242,202862.0
1770364800000,0.21249,0.21405,0.21108,0.21223,510006.0
1770368400000,0.21227,0.21759,0.2114,0.21691,236730.0
1770372000000,0.21688,0.22034,0.2165,0.2203,77491.0
1770375600000,0.22029,0.22209,0.21982,0.22135,111558.0
1770379200000,0.22112,0.22112,0.21928,0.22093,317669.0
1770382800000,0.22105,0.22652,0.22091,0.22607,488427.0
1770386400000,0.22599,0.23285,0.22455,0.23106,857148.0
1770390000000,0.23093,0.23137,0.22722,0.23058,579175.0
1770393600000,0.23057,0.23944,0.22997,0.23771,718091.0
1770397200000,0.23794,0.24547,0.23646,0.24173,723727.0
1770400800000,0.24136,0.24136,0.23439,0.23514,289885.0
1770404400000,0.23511,0.23565,0.23285,0.23553,208111.0
1770408000000,0.23535,0.23706,0.23234,0.23416,482891.0
1770411600000,0.23414,0.23523,0.23292,0.23375,239198.0
1770415200000,0.23358,0.23656,0.23358,0.23568,240826.0
1770418800000,0.23572,0.23711,0.23319,0.23464,499751.0
1770422400000,0.23469,0.23477,0.23117,0.23207,278290.0
1770426000000,0.23197,0.23295,0.23014,0.23262,215079.0
1770429600000,0.23245,0.23299,0.2316,0.23207,151792.0
1770433200000,0.23201,0.2349,0.23201,0.23396,126328.0
1770436800000,0.23369,0.23675,0.23319,0.23357,567698.0
1770440400000,0.234,0.23572,0.23272,0.2332,140083.0
1770444000000,0.23311,0.234,0.22788,0.22788,315326.0
1770447600000,0.22774,0.22859,0.22252,0.22486,556623.0
1770451200000,0.22478,0.22632,0.22408,0.22577,350776.0
1770454800000,0.22564,0.22682,0.22501,0.22564,220293.0
1770458400000,0.2256,0.22671,0.22449,0.22639,113258.0
1770462000000,0.22631,0.22672,0.2256,0.22644,84432.0
1770465600000,0.22619,0.234,0.22618,0.23208,347056.0
1770469200000,0.2324,0.2332,0.22966,0.23057,467292.0
1770472800000,0.23079,0.23079,0.2271,0.22747,212764.0
1770476400000,0.22696,0.23113,0.22696,0.22983,122092.0
1770480000000,0.23003,0.23887,0.22922,0.23256,5259751.0
1770483600000,0.23295,0.2332,0.23098,0.23242,274086.0
1770487200000,0.23254,0.23734,0.23244,0.23545,3036351.0
1770490800000,0.23544,0.23544,0.23337,0.23364,463247.0
1770494400000,0.23368,0.2354,0.23327,0.23495,642802.0
1770498000000,0.2351,0.23559,0.23358,0.23408,216304.0
1770501600000,0.23413,0.2351,0.23299,0.23365,2743945.0
1770505200000,0.23347,0.23383,0.23169,0.2335,250424.0
1770508800000,0.23341,0.23352,0.23211,0.23271,356205.0
1770512400000,0.2329,0.23367,0.23241,0.23254,222265.0
1770516000000,0.23254,0.23302,0.23053,0.23128,67215.0
1770519600000,0.23133,0.23181,0.23015,0.2305,221879.0
1770523200000,0.23043,0.2309,0.22902,0.23037,217263.0
1770526800000,0.23035,0.2311,0.22969,0.22993,209787.0
1770530400000,0.22996,0.23059,0.22972,0.22987,55106.0
1770534000000,0.23004,0.23069,0.22891,0.2303,319416.0
1770537600000,0.23032,0.23395,0.22965,0.23258,340668.0
1770541200000,0.23313,0.23366,0.23014,0.23096,93415.0
1770544800000,0.23115,0.2318,0.22866,0.22925,126883.0
1770548400000,0.22911,0.23337,0.22911,0.23296,117270.0
1770552000000,0.2331,0.23316,0.23149,0.23273,663976.0
1770555600000,0.23244,0.23313,0.2311,0.23215,249976.0
1770559200000,0.23225,0.2336,0.2316,0.23309,88145.0
1770562800000,0.2331,0.23422,0.22967,0.23046,324363.0
1770566400000,0.23062,0.2307,0.22374,0.22494,282850.0
1770570000000,0.22532,0.22687,0.22518,0.22671,239151.0
1770573600000,0.22668,0.2311,0.22668,0.22942,263921.0
1770577200000,0.2293,0.23034,0.22874,0.23015,128646.0
1770580800000,0.23025,0.23025,0.22722,0.22753,181566.0
1770584400000,0.22742,0.22874,0.22621,0.2271,131691.0
1770588000000,0.22714,0.22839,0.22645,0.22839,255520.0
1770591600000,0.22859,0.23363,0.22496,0.22725,337177.0
1770595200000,0.22747,0.22794,0.22625,0.22722,331056.0
1770598800000,0.22719,0.22905,0.22527,0.22682,360710.0
1770602400000,0.22688,0.22906,0.2261,0.22795,147989.0
1770606000000,0.22799,0.23078,0.22788,0.23013,142528.0
1770609600000,0.2303,0.2303,0.22799,0.22821,152001.0
1770613200000,0.2281,0.2281,0.22701,0.22751,164282.0
1770616800000,0.22759,0.22759,0.22434,0.22556,75475.0
1770620400000,0.22552,0.22646,0.22484,0.22539,56410.0
1770624000000,0.22523,0.22596,0.22157,0.22305,231953.0
1770627600000,0.22301,0.22338,0.22138,0.22209,255130.0
1770631200000,0.22207,0.22214,0.21777,0.21841,176607.0
1770634800000,0.21907,0.22024,0.21898,0.21928,119535.0
1770638400000,0.21926,0.22176,0.2192,0.22092,144759.0
1770642000000,0.22095,0.22175,0.21909,0.21917,224569.0
1770645600000,0.21924,0.22344,0.21849,0.22295,368631.0
1770649200000,0.22328,0.22519,0.22138,0.22435,287090.0
1770652800000,0.22439,0.2271,0.22226,0.22492,414829.0
1770656400000,0.22502,0.22867,0.2237,0.2283,353990.0
1770660000000,0.22817,0.22905,0.22505,0.2263,221241.0
1770663600000,0.22631,0.22701,0.22543,0.22653,39963.0
1770667200000,0.22645,0.22684,0.22399,0.22571,251126.0
1770670800000,0.22561,0.22676,0.22398,0.22656,85556.0
1770674400000,0.22648,0.22775,0.22627,0.22676,187405.0
1770678000000,0.22683,0.22749,0.22588,0.22627,135671.0
1770681600000,0.22628,0.22694,0.22552,0.22569,229188.0
1770685200000,0.22565,0.228,0.22548,0.22709,88179.0
1770688800000,0.22713,0.22713,0.22547,0.22585,47738.0
1770692400000,0.22597,0.22611,0.22214,0.22437,145927.0
1770696000000,0.22424,0.22631,0.22418,0.22616,129691.0
1770699600000,0.22632,0.22649,0.22392,0.22447,58572.0
1770703200000,0.22401,0.2247,0.22007,0.22091,193150.0
1770706800000,0.221,0.22242,0.22052,0.22127,91598.0
1770710400000,0.22127,0.22208,0.22089,0.22157,122091.0
1770714000000,0.2215,0.22287,0.22093,0.22144,172759.0
1770717600000,0.22153,0.22203,0.21975,0.21989,114896.0
1770721200000,0.21983,0.22032,0.21666,0.21683,268663.0
1770724800000,0.2169,0.21748,0.21558,0.21601,77667.0
1770728400000,0.21599,0.21677,0.21511,0.21511,697970.0
1770732000000,0.21536,0.21745,0.21412,0.21571,1362826.0
1770735600000,0.2155,0.21798,0.2144,0.21632,702279.0
1770739200000,0.21629,0.2167,0.21237,0.21375,1115925.0
1770742800000,0.21372,0.21612,0.21266,0.21509,708602.0
1770746400000,0.21506,0.21543,0.21179,0.21288,107732.0
1770750000000,0.21295,0.21541,0.21236,0.21541,1430135.0
1770753600000,0.21527,0.21545,0.21397,0.21453,342893.0
1770757200000,0.21458,0.21541,0.2137,0.21488,166235.0
1770760800000,0.21512,0.21686,0.21495,0.2157,167763.0
1770764400000,0.21552,0.21708,0.21536,0.21656,112170.0
1770768000000,0.21656,0.21689,0.21589,0.21651,250321.0
1770771600000,0.21636,0.21749,0.21633,0.21733,110426.0
1770775200000,0.21742,0.21936,0.21742,0.21765,431040.0
1770778800000,0.21765,0.21892,0.21522,0.2176,637150.0
1770782400000,0.2174,0.21774,0.21424,0.21448,467386.0
1770786000000,0.21451,0.21528,0.21268,0.21287,121012.0
1770789600000,0.21287,0.21302,0.2099,0.21063,282238.0
1770793200000,0.21057,0.21103,0.20926,0.20961,66477.0
1770796800000,0.20955,0.21,0.2086,0.20974,213735.0
1770800400000,0.20973,0.21011,0.20819,0.20845,216789.0
1770804000000,0.2085,0.20863,0.20678,0.20716,179259.0
1770807600000,0.20779,0.20871,0.20742,0.20832,58047.0
1770811200000,0.20838,0.21075,0.20746,0.21008,295761.0
1770814800000,0.21011,0.21278,0.20916,0.21273,934362.0
1770818400000,0.21304,0.21871,0.2068,0.20724,608611.0
1770822000000,0.20674,0.20831,0.20314,0.20549,525194.0
1770825600000,0.20508,0.20877,0.20348,0.2042,551489.0
1770829200000,0.20401,0.209,0.2036,0.20693,289974.0
1770832800000,0.2067,0.20877,0.20425,0.20779,360218.0
1770836400000,0.2079,0.20877,0.20651,0.20718,368699.0
1770840000000,0.20706,0.20883,0.20497,0.20865,356570.0
1770843600000,0.20837,0.21137,0.20756,0.21019,426990.0
1770847200000,0.21035,0.21111,0.20788,0.20806,383405.0
1770850800000,0.20801,0.20848,0.20534,0.20729,343910.0
1770854400000,0.20753,0.21061,0.20746,0.20958,609763.0
1770858000000,0.20962,0.21142,0.2093,0.20933,465639.0
1770861600000,0.20917,0.21085,0.20849,0.20979,234894.0
1770865200000,0.21015,0.21166,0.20968,0.21161,150308.0
1770868800000,0.21151,0.21316,0.21097,0.21196,234664.0
1770872400000,0.21206,0.21251,0.20936,0.21049,235072.0
1770876000000,0.21051,0.21304,0.21,0.21002,194166.0
1770879600000,0.2102,0.21234,0.20923,0.21234,82649.0
1770883200000,0.21243,0.21335,0.20994,0.21057,621903.0
1770886800000,0.21059,0.21385,0.21011,0.21325,354316.0
1770890400000,0.21325,0.21492,0.21152,0.21492,279696.0
1770894000000,0.21497,0.21658,0.21305,0.21398,150668.0
1770897600000,0.21396,0.21408,0.21134,0.21184,251724.0
1770901200000,0.21194,0.2156,0.21182,0.21489,376397.0
1770904800000,0.21489,0.21499,0.21245,0.21395,301539.0
1770908400000,0.21407,0.21615,0.21225,0.21243,394732.0
1770912000000,0.21252,0.21325,0.20617,0.20784,497620.0
1770915600000,0.20818,0.21122,0.20755,0.20901,385031.0
1770919200000,0.2091,0.2116,0.20895,0.2109,353609.0
1770922800000,0.21104,0.2144,0.20966,0.21201,306999.0
1770926400000,0.21212,0.21272,0.2099,0.21046,179888.0
1770930000000,0.2105,0.21198,0.2105,0.21155,375046.0
1770933600000,0.21175,0.2144,0.20994,0.2144,106980.0
1770937200000,0.21441,0.21658,0.21441,0.2157,104341.0
1770940800000,0.21551,0.21599,0.21299,0.21415,172745.0
1770944400000,0.21419,0.21563,0.21309,0.21467,238203.0
1770948000000,0.21465,0.21523,0.21365,0.21514,116359.0
1770951600000,0.21507,0.21613,0.21417,0.21516,88968.0
1770955200000,0.21536,0.21568,0.21395,0.21404,116768.0
1770958800000,0.21414,0.21475,0.2132,0.21321,143764.0
1770962400000,0.21324,0.21417,0.21224,0.21414,48101.0
1770966000000,0.21404,0.21508,0.21345,0.21459,78679.0
1770969600000,0.2145,0.21712,0.21442,0.2171,235557.0
1770973200000,0.21714,0.21718,0.2154,0.21571,90680.0
1770976800000,0.21578,0.21625,0.21535,0.2156,149337.0
1770980400000,0.2156,0.2156,0.214,0.21467,57066.0
1770984000000,0.21462,0.21468,0.2136,0.21418,221565.0
1770987600000,0.21407,0.21561,0.21236,0.21363,352699.0
1770991200000,0.21347,0.21561,0.21215,0.21333,371670.0
1770994800000,0.2136,0.21877,0.21304,0.215,287414.0
1770998400000,0.21511,0.22094,0.21444,0.21964,546987.0
1771002000000,0.21989,0.22097,0.21792,0.21963,413985.0
1771005600000,0.21922,0.21994,0.21776,0.21933,76172.0
1771009200000,0.21934,0.22043,0.21876,0.22043,94624.0
1771012800000,0.22045,0.2222,0.22009,0.2211,207965.0
1771016400000,0.22157,0.22323,0.22153,0.22272,359133.0
1771020000000,0.22299,0.22358,0.22103,0.22139,140664.0
1771023600000,0.22133,0.2216,0.22055,0.22079,38726.0
1771027200000,0.22072,0.22244,0.22072,0.222,204072.0
1771030800000,0.22162,0.2225,0.22101,0.2217,113250.0
1771034400000,0.22164,0.22289,0.22126,0.22289,40943.0
1771038000000,0.22273,0.22612,0.22273,0.22472,252213.0
1771041600000,0.22466,0.2252,0.22369,0.22437,324338.0
1771045200000,0.22426,0.22511,0.22294,0.22309,113425.0
1771048800000,0.22285,0.22358,0.22229,0.22325,465366.0
1771052400000,0.22337,0.22501,0.22329,0.22497,138505.0
1771056000000,0.2249,0.22854,0.2249,0.2285,175579.0
1771059600000,0.22848,0.22848,0.22657,0.22802,202785.0
1771063200000,0.22733,0.22833,0.22672,0.22796,91165.0
1771066800000,0.22804,0.23341,0.22804,0.23244,266986.0
1771070400000,0.23261,0.23327,0.231,0.231,170321.0
1771074000000,0.23108,0.23149,0.22957,0.23149,221617.0
1771077600000,0.23139,0.23726,0.23115,0.2368,176787.0
1771081200000,0.23649,0.23865,0.23476,0.23854,94847.0
1771084800000,0.23872,0.24333,0.23758,0.24311,2214686.0
1771088400000,0.24345,0.24682,0.24251,0.24537,200579.0
1771092000000,0.24542,0.25292,0.24533,0.25268,220659.0
1771095600000,0.2525,0.25385,0.24896,0.25267,188496.0
1771099200000,0.2533,0.25539,0.24923,0.25254,415028.0
1771102800000,0.25282,0.25729,0.25056,0.255,189295.0
1771106400000,0.25489,0.26324,0.25464,0.26017,402782.0
1771110000000,0.26014,0.26016,0.25372,0.25483,365276.0
1771113600000,0.25474,0.25597,0.24572,0.24722,383396.0
1771117200000,0.24712,0.25078,0.24482,0.24658,297319.0
1771120800000,0.24649,0.2482,0.24345,0.24586,169918.0
1771124400000,0.24589,0.24763,0.24162,0.24623,140203.0
1771128000000,0.24673,0.25116,0.24586,0.24864,327796.0
1771131600000,0.24854,0.25019,0.24658,0.24719,236359.0
1771135200000,0.24707,0.24779,0.2453,0.24657,237668.0
1771138800000,0.24651,0.24904,0.24635,0.24819,385318.0
1771142400000,0.24824,0.24898,0.24242,0.24383,270349.0
1771146000000,0.24336,0.24519,0.24324,0.24456,198152.0
1771149600000,0.24464,0.24508,0.2393,0.24134,380302.0
1771153200000,0.24138,0.24202,0.24056,0.24091,118926.0
1771156800000,0.24092,0.24132,0.23318,0.23318,306726.0
1771160400000,0.23371,0.23587,0.23025,0.23131,423170.0
1771164000000,0.23133,0.2347,0.23088,0.2347,290643.0
1771167600000,0.23459,0.23564,0.23352,0.2344,76870.0
1771171200000,0.23424,0.23525,0.23262,0.23443,260606.0
1771174800000,0.23446,0.23492,0.22838,0.23012,249927.0
1771178400000,0.2301,0.2304,0.22719,0.22752,193462.0
1771182000000,0.22804,0.22879,0.22546,0.22751,176258.0
1771185600000,0.22741,0.22936,0.22626,0.22826,359820.0
1771189200000,0.2285,0.23054,0.22848,0.22983,198987.0
1771192800000,0.22979,0.23176,0.2293,0.23104,141404.0
1771196400000,0.23101,0.23101,0.22837,0.23055,118779.0
1771200000000,0.23043,0.2323,0.23009,0.23132,199250.0
1771203600000,0.23142,0.23262,0.23033,0.23142,110268.0
1771207200000,0.23143,0.23283,0.23032,0.23032,138480.0
1771210800000,0.23075,0.23172,0.2304,0.23142,63700.0
1771214400000,0.23127,0.23569,0.23127,0.23569,146053.0
1771218000000,0.2357,0.23666,0.23176,0.23292,319922.0
1771221600000,0.23303,0.23524,0.2322,0.23429,228449.0
1771225200000,0.23405,0.23457,0.23232,0.23244,81826.0
1771228800000,0.23219,0.23465,0.23213,0.23296,163195.0
1771232400000,0.23303,0.23564,0.23303,0.23509,269175.0
1771236000000,0.23513,0.23528,0.23285,0.23328,140068.0
1771239600000,0.23336,0.23423,0.22985,0.23339,143314.0
1771243200000,0.23323,0.23751,0.23246,0.23619,1441174.0
1771246800000,0.23631,0.23828,0.2309,0.23131,519976.0
1771250400000,0.23109,0.23348,0.22986,0.23255,158751.0
1771254000000,0.23245,0.23391,0.22686,0.22835,183371.0
1771257600000,0.22815,0.23112,0.22815,0.23064,467593.0
1771261200000,0.23031,0.23124,0.22909,0.23002,231553.0
1771264800000,0.2302,0.23307,0.23009,0.23141,124657.0
1771268400000,0.23143,0.23437,0.2309,0.23297,107383.0
1771272000000,0.2328,0.2362,0.23225,0.23569,114318.0
1771275600000,0.23593,0.23712,0.23452,0.23699,185756.0
1771279200000,0.23683,0.23715,0.23532,0.23592,129861.0
1771282800000,0.23591,0.23699,0.23569,0.236,39075.0
1771286400000,0.23611,0.23624,0.23467,0.23472,197371.0
1771290000000,0.23491,0.2353,0.23366,0.23398,124659.0
1771293600000,0.23406,0.23575,0.23291,0.23524,81691.0
1771297200000,0.23487,0.23513,0.2334,0.23346,46293.0
1771300800000,0.23331,0.23403,0.23191,0.23303,184903.0
1771304400000,0.23314,0.23314,0.23047,0.23236,138486.0
1771308000000,0.23249,0.23403,0.23241,0.23342,80847.0
1771311600000,0.23319,0.23393,0.23256,0.23309,43842.0
1771315200000,0.23327,0.23416,0.2318,0.23217,273616.0
1771318800000,0.23207,0.23273,0.23158,0.23247,69256.0
1771322400000,0.23247,0.23325,0.23076,0.23174,101943.0
1771326000000,0.23206,0.23387,0.23172,0.23269,55317.0
1771329600000,0.23259,0.23466,0.23233,0.23318,270112.0
1771333200000,0.23341,0.23702,0.23301,0.23487,231155.0
1771336800000,0.23487,0.23613,0.22918,0.23018,268404.0
1771340400000,0.23005,0.23308,0.22961,0.23261,223806.0
1771344000000,0.23229,0.23895,0.23229,0.235,591741.0
1771347600000,0.23506,0.23514,0.23033,0.23185,196877.0
1771351200000,0.23173,0.23592,0.23143,0.23479,86514.0
1771354800000,0.23494,0.23503,0.23173,0.23221,409427.0
1771358400000,0.23212,0.23288,0.23047,0.23115,213165.0
1771362000000,0.23118,0.23219,0.23057,0.23133,115043.0
1771365600000,0.23152,0.23161,0.22992,0.2303,65969.0
1771369200000,0.23023,0.2309,0.2298,0.22983,59918.0
1771372800000,0.23004,0.23027,0.22863,0.22879,546657.0
1771376400000,0.2288,0.22919,0.22758,0.22798,112441.0
1771380000000,0.22806,0.23014,0.22806,0.22963,93708.0
1771383600000,0.22975,0.23019,0.22942,0.23015,72547.0
1771387200000,0.23007,0.2301,0.22917,0.22937,213148.0
