record_ts,symbol,side,side_sign,agree,dissent,avg_conf,pass_votes,price,d1h,d24h,vr,regime,regime_drive_d1h,bucket4h,dedup_key,fo_funding_rate,fo_open_interest,fo_premium,fo_oi_volume_ratio,fo_src_ts,depth_spread_bps,depth_imbalance_0_1pct,depth_imbalance_0_5pct,depth_imbalance_1pct,depth_buy_ratio,depth_basis_bps,depth_funding_rate_depth,depth_long_short_account_ratio,depth_taker_buy_sell_ratio,depth_src_ts,funding_pctile,oi_vol_ratio_pctile,ls_ratio_pctile,spread_bps_median_trail,oi_delta_1h,oi_delta_24h,fwd_ret_2h,fwd_ret_6h,net_ret_2h,net_ret_6h
1780335579.04779,ETH,SELL,-1,2,0,70.5,True,1986.5,0.4,-0.7,0.6,trend,0.4,123634,"('ETH', 'SELL', 123634)",,,,,,,,,,,,,,,,,,,,,,-0.009614900578907681,-0.0049332997734710116,-0.010514900578907681,-0.005833299773471011
1780335579.04779,SOL,SELL,-1,1,0,66.0,True,80.65,0.3,-1.3,1.6,trend,0.4,123634,"('SOL', 'SELL', 123634)",,,,,,,,,,,,,,,,,,,,,,-0.005629262244265298,-0.0026162430254184077,-0.006529262244265298,-0.0035162430254184075
1780335579.04779,HYPE,BUY,1,1,1,68.1,True,72.1,-0.1,4.5,0.9,trend,0.4,123634,"('HYPE', 'BUY', 123634)",,,,,,,,,,,,,,,,,,,,,,0.005700416088765703,0.027364771151178857,0.004800416088765703,0.026464771151178856
1780342409.2448547,BTC,SELL,-1,1,0,66.0,True,71596.5,0.2,-2.9,0.1,trend,0.5,123634,"('BTC', 'SELL', 123634)",,,,,,,,,,,,,,,,,,,,,,0.0025629744470748728,0.010817567897872138,0.0016629744470748728,0.009917567897872138
1780346580.0949454,BTC,SELL,-1,1,0,66.0,True,71655.5,0.1,-3.0,0.2,trend,-1.6,123635,"('BTC', 'SELL', 123635)",,,,,,,,,,,,,,,,,,,,,,0.003412159569049167,0.009943409787106394,0.002512159569049167,0.009043409787106394
1780346580.0949454,ETH,SELL,-1,2,0,70.5,True,2007.3,0.2,-0.2,0.3,trend,-1.6,123635,"('ETH', 'SELL', 123635)",,,,,,,,,,,,,,,,,,,,,,0.00019927265480990108,0.0016938175658844923,-0.0007007273451900989,0.0007938175658844923
1780346580.0949454,SOL,SELL,-1,1,0,66.0,True,81.2,0.0,-1.3,0.3,trend,-1.6,123635,"('SOL', 'SELL', 123635)",,,,,,,,,,,,,,,,,,,,,,-0.0006157635467980427,0.0038177339901478424,-0.0015157635467980427,0.0029177339901478427
1780346580.0949454,HYPE,BUY,1,1,0,83.0,True,72.62,-1.6,1.7,0.5,trend,-1.6,123635,"('HYPE', 'BUY', 123635)",,,,,,,,,,,,,,,,,,,,,,0.01324703938308991,0.026838336546405994,0.01234703938308991,0.025938336546405993
1780353323.2341528,HYPE,SELL,-1,2,1,71.0,True,73.43,0.3,1.9,0.3,range,0.4,123635,"('HYPE', 'SELL', 123635)",,,,,,,,,,,,,,,,,,,,,,0.00821190249216952,0.006931771755413374,0.007311902492169521,0.006031771755413374
1780356914.8175504,SOL,BUY,1,1,1,65.5,True,81.21,-0.2,-1.9,0.5,range,-0.2,123635,"('SOL', 'BUY', 123635)",,,,,,,,,,,,,,,,,,,,,,-0.00573820958010085,-0.020539342445511588,-0.00663820958010085,-0.02143934244551159
1780358717.7363656,BTC,SELL,-1,1,0,66.0,True,71411.5,,-2.5,0.0,trend,-0.3,123636,"('BTC', 'SELL', 123636)",,,,,,,,,,,,,,,,,,,,,,0.008254972938532279,0.018729476344846452,0.007354972938532279,0.01782947634484645
1780358717.7363656,SOL,BUY,1,1,1,65.5,True,81.27,0.0,-0.6,0.0,trend,-0.3,123636,"('SOL', 'BUY', 123636)",,,,,,,,,,,,,,,,,,,,,,-0.006472252983880877,-0.02126245847176078,-0.007372252983880877,-0.022162458471760783
1780358717.7363656,HYPE,SELL,-1,1,0,71.0,True,73.37,-0.3,2.1,0.0,trend,-0.3,123636,"('HYPE', 'SELL', 123636)",,,,,,,,,,,,,,,,,,,,,,-0.019476625323701757,0.019912770887283604,-0.02037662532370176,0.019012770887283603
1780359014.459015,SOL,SELL,-1,1,0,66.0,True,81.18,-0.1,-0.7,0.0,trend,0.2,123636,"('SOL', 'SELL', 123636)",,,,,,,,,,,,,,,,,,,,,,0.005370780980537115,0.020177383592017817,0.004470780980537116,0.019277383592017815
1780359516.5403721,HYPE,BUY,1,1,0,76.0,True,74.04,0.6,3.0,0.3,trend,0.6,123636,"('HYPE', 'BUY', 123636)",,,,,,,,,,,,,,,,,,,,,,0.0102512155591572,-0.028781739600216127,0.009351215559157201,-0.02968173960021613
1780361165.1427326,ETH,SELL,-1,1,0,76.0,True,1997.0,-0.5,0.1,0.5,trend,1.4,123636,"('ETH', 'SELL', 123636)",,,,,,,,,,,,,,,,,,,,,,-0.0034551827741613472,0.007811717576364452,-0.004355182774161347,0.006911717576364452
1780395470.6802895,BTC,SELL,-1,2,0,70.0,True,69723.5,0.5,-3.8,0.3,range,1.2,123638,"('BTC', 'SELL', 123638)",,,,,,,,,,,,,,,,,,,,,,0.010735261425487863,0.03346791254024828,0.009835261425487863,0.03256791254024828
1780395470.6802895,ETH,SELL,-1,1,0,76.0,True,1979.0,0.2,-0.1,0.3,range,1.2,123638,"('ETH', 'SELL', 123638)",,,,,,,,,,,,,,,,,,,,,,0.0016169782718544745,0.0298635674583122,0.0007169782718544745,0.0289635674583122
1780395470.6802895,SOL,SELL,-1,1,0,65.0,True,79.3,0.3,-1.8,0.2,range,1.2,123638,"('SOL', 'SELL', 123638)",,,,,,,,,,,,,,,,,,,,,,0.004653215636822194,0.03313997477931907,0.0037532156368221947,0.03223997477931907
1780410066.8999155,ETH,SELL,-1,1,0,75.0,True,1961.8,-0.6,-0.3,0.6,trend,-0.7,123639,"('ETH', 'SELL', 123639)",,,,,,,,,,,,,,,,,,,,,,0.021357936588846882,0.028392292792333573,0.02045793658884688,0.027492292792333572
1780410066.8999155,SOL,SELL,-1,1,0,100.0,True,78.68,-0.3,-1.1,,trend,-0.7,123639,"('SOL', 'SELL', 123639)",,,,,,,,,,,,,,,,,,,,,,0.02552109811896297,0.04181494661921714,0.02462109811896297,0.040914946619217143
1780410066.8999155,HYPE,BUY,1,1,0,73.0,True,73.0,-0.0,3.0,0.5,trend,-0.7,123639,"('HYPE', 'BUY', 123639)",,,,,,,,,,,,,,,,,,,,,,-0.01564383561643834,-0.042808219178082196,-0.01654383561643834,-0.043708219178082194
1780410886.366169,ETH,BUY,1,1,1,76.5,True,1937.7,-1.8,-1.5,4.1,trend,-1.9,123639,"('ETH', 'BUY', 123639)",,,,,,,,,,,,,,,,,,,,,,-0.00732827579088613,-0.019610878877019178,-0.00822827579088613,-0.02051087887701918
1780444007.2075508,HYPE,SELL,-1,2,0,66.0,True,69.31,1.3,-6.4,0.7,trend,1.3,123641,"('HYPE', 'SELL', 123641)",,,,,,,,,,,,,,,,,,,,,,-0.0115279180493435,-0.04549127110085105,-0.0124279180493435,-0.04639127110085105
1780444836.2992532,HYPE,SELL,-1,2,0,66.0,True,69.62,1.7,-6.0,0.8,trend,1.7,123642,"('HYPE', 'SELL', 123642)",,,,,,,,,,,,,,,,,,,,,,-0.007023843723067857,-0.04083596667624234,-0.007923843723067857,-0.04173596667624234
1780445159.5203114,HYPE,BUY,1,1,1,62.5,True,69.83,,-4.1,0.0,trend,0.2,123642,"('HYPE', 'BUY', 123642)",,,,,,,,,,,,,,,,,,,,,,0.003995417442359983,0.03770585708148344,0.0030954174423599833,0.03680585708148344
1780461576.455162,BTC,SELL,-1,1,0,61.0,True,66354.5,0.8,-5.5,0.5,trend,1.6,123643,"('BTC', 'SELL', 123643)",,,,,,,,,,,,,,,,,,,,,,-0.012621600645020381,-0.010391156590736195,-0.01352160064502038,-0.011291156590736194
1780461576.455162,HYPE,BUY,1,1,1,70.1,True,71.71,1.6,-1.7,,trend,1.6,123643,"('HYPE', 'BUY', 123643)",,,,,,,,,,,,,,,,,,,,,,0.01881188118811883,0.008715660298424188,0.017911881188118827,0.007815660298424188
1780462681.3288267,SOL,SELL,-1,1,0,65.0,True,73.69,1.4,-7.4,1.5,trend,2.7,123643,"('SOL', 'SELL', 123643)",,,,,,,,,,,,,,,,,,,,,,-0.020844076536843614,-0.018808522187542254,-0.021744076536843616,-0.019708522187542255
1780466139.5735722,ETH,SELL,-1,1,0,65.0,True,1863.0,0.7,-6.0,0.7,trend,0.7,123643,"('ETH', 'SELL', 123643)",,,,,,,,,,,,,,,,,,,,,,-0.00901771336553936,-0.006709608158883551,-0.009917713365539359,-0.007609608158883551
1780479850.733439,BTC,SELL,-1,1,0,66.0,True,66756.5,-0.3,-4.1,0.1,trend,-0.3,123644,"('BTC', 'SELL', 123644)",,,,,,,,,,,,,,,,,,,,,,-0.0045613535760562485,0.010583239085332541,-0.005461353576056248,0.009683239085332541
1780479850.733439,ETH,SELL,-1,1,0,66.0,True,1873.7,-0.3,-5.5,0.3,trend,-0.3,123644,"('ETH', 'SELL', 123644)",,,,,,,,,,,,,,,,,,,,,,-0.000960666061802895,0.022468911778833367,-0.001860666061802895,0.021568911778833365
1780479850.733439,SOL,SELL,-1,1,0,66.0,True,74.92,-0.0,-5.7,0.1,trend,-0.3,123644,"('SOL', 'SELL', 123644)",,,,,,,,,,,,,,,,,,,,,,-0.002829684997330606,0.02633475707421251,-0.0037296849973306057,0.02543475707421251
1780479850.733439,HYPE,BUY,1,1,0,76.0,True,72.34,0.1,-0.0,0.2,trend,-0.3,123644,"('HYPE', 'BUY', 123644)",,,,,,,,,,,,,,,,,,,,,,0.013768316284213267,0.00575062206248278,0.012868316284213267,0.00485062206248278
1780488153.0721154,BTC,SELL,-1,1,0,66.0,True,67077.5,-0.3,-2.8,0.4,range,-1.2,123645,"('BTC', 'SELL', 123645)",,,,,,,,,,,,,,,,,,,,,,0.0035257724274160296,0.01573552979762216,0.00262577242741603,0.014835529797622161
1780488153.0721154,ETH,SELL,-1,1,0,66.0,True,1877.2,-0.4,-5.0,0.7,range,-1.2,123645,"('ETH', 'SELL', 123645)",,,,,,,,,,,,,,,,,,,,,,0.010334540805454928,0.02429149797570862,0.009434540805454928,0.02339149797570862
1780488153.0721154,SOL,SELL,-1,1,0,66.0,True,75.1,-0.6,-4.9,0.4,range,-1.2,123645,"('SOL', 'SELL', 123645)",,,,,,,,,,,,,,,,,,,,,,0.009214380825565804,0.027230359520639014,0.008314380825565805,0.026330359520639012
1780488153.0721154,HYPE,BUY,1,1,0,71.0,True,72.24,-1.2,-1.9,0.6,range,-1.2,123645,"('HYPE', 'BUY', 123645)",,,,,,,,,,,,,,,,,,,,,,0.007392026578073141,0.026550387596899316,0.006492026578073141,0.025650387596899315
1780515878.4299967,BTC,SELL,-1,1,0,62.0,True,65679.5,-0.5,-2.8,0.5,range,-1.6,123646,"('BTC', 'SELL', 123646)",,,,,,,,,,,,,,,,,,,,,,0.012111846162044526,0.03790375992509076,0.011211846162044526,0.037003759925090765
1780515878.4299967,ETH,SELL,-1,1,0,67.0,True,1813.2,-1.0,-4.9,0.7,range,-1.6,123646,"('ETH', 'SELL', 123646)",,,,,,,,,,,,,,,,,,,,,,-0.008382969335980706,0.026031325832781893,-0.009282969335980705,0.02513132583278189
1780515878.4299967,SOL,SELL,-1,1,0,67.0,True,71.87,-1.6,-4.7,,range,-1.6,123646,"('SOL', 'SELL', 123646)",,,,,,,,,,,,,,,,,,,,,,-0.0043550855711702585,0.02586614721024083,-0.005255085571170258,0.02496614721024083
1780515878.4299967,HYPE,BUY,1,1,0,83.0,True,73.82,-0.5,5.6,0.8,range,-1.6,123646,"('HYPE', 'BUY', 123646)",,,,,,,,,,,,,,,,,,,,,,0.013546464372798717,-0.01620157138986722,0.012646464372798717,-0.01710157138986722
1780516920.9516637,BTC,SELL,-1,1,0,67.0,True,65300.5,-1.1,-3.4,1.1,range,-1.8,123647,"('BTC', 'SELL', 123647)",,,,,,,,,,,,,,,,,,,,,,0.006378205373618884,0.03231981378396798,0.005478205373618884,0.03141981378396798
1780516920.9516637,ETH,SELL,-1,1,0,67.0,True,1798.5,-1.8,-5.6,1.5,range,-1.8,123647,"('ETH', 'SELL', 123647)",,,,,,,,,,,,,,,,,,,,,,-0.016624965248818402,0.01807061440088964,-0.017524965248818403,0.017170614400889638
1780516920.9516637,SOL,SELL,-1,2,0,72.5,True,71.77,-1.8,-4.8,1.4,range,-1.8,123647,"('SOL', 'SELL', 123647)",,,,,,,,,,,,,,,,,,,,,,-0.0057544935209699055,0.024508847707956027,-0.006654493520969905,0.023608847707956026
1780516920.9516637,HYPE,BUY,1,1,0,83.0,True,73.16,-1.3,4.7,,range,-1.8,123647,"('HYPE', 'BUY', 123647)",,,,,,,,,,,,,,,,,,,,,,0.0226899945325314,-0.00732640787315475,0.021789994532531397,-0.00822640787315475
1780535915.1622345,BTC,SELL,-1,1,0,67.0,True,63170.5,-0.2,-5.1,0.4,trend,-0.8,123648,"('BTC', 'SELL', 123648)",,,,,,,,,,,,,,,,,,,,,,-0.01854504871736018,-0.006260833775258989,-0.01944504871736018,-0.007160833775258989
1780535915.1622345,ETH,SELL,-1,2,0,76.5,True,1785.5,-0.4,-3.7,0.2,trend,-0.8,123648,"('ETH', 'SELL', 123648)",,,,,,,,,,,,,,,,,,,,,,-0.012937552506300687,0.004984598151778319,-0.013837552506300687,0.004084598151778319
1780535915.1622345,HYPE,BUY,1,1,1,65.5,True,73.71,-0.7,5.1,0.3,trend,-0.8,123648,"('HYPE', 'BUY', 123648)",,,,,,,,,,,,,,,,,,,,,,0.004314204314204373,-0.08023334690001338,0.003414204314204373,-0.08113334690001338
1780536470.24588,ETH,BUY,1,1,1,75.0,True,1771.2,-1.2,-4.4,1.1,trend,-1.6,123648,"('ETH', 'BUY', 123648)",,,,,,,,,,,,,,,,,,,,,,0.021115627822944738,0.0030487804878047697,0.020215627822944737,0.00214878048780477
1780543819.4683666,SOL,SELL,-1,1,0,65.0,True,71.08,1.5,-4.0,0.7,trend,1.7,123648,"('SOL', 'SELL', 123648)",,,,,,,,,,,,,,,,,,,,,,0.010664040517726403,0.04554023635340454,0.009764040517726403,0.04464023635340454
1780551610.8020728,BTC,SELL,-1,2,0,65.5,True,64189.5,-0.3,-4.1,0.5,trend,-1.3,123649,"('BTC', 'SELL', 123649)",,,,,,,,,,,,,,,,,,,,,,0.00910585064535474,0.007065018422016012,0.00820585064535474,0.006165018422016012
1780551610.8020728,ETH,SELL,-1,1,0,66.0,True,1780.8,-1.3,-4.8,0.4,trend,-1.3,123649,"('ETH', 'SELL', 123649)",,,,,,,,,,,,,,,,,,,,,,0.004548517520215567,0.0019654088050314877,0.0036485175202155672,0.0010654088050314878
1780551610.8020728,SOL,SELL,-1,1,0,65.0,True,69.99,-1.2,-6.5,0.6,trend,-1.3,123649,"('SOL', 'SELL', 123649)",,,,,,,,,,,,,,,,,,,,,,0.011201600228603947,-0.0010715816545221468,0.010301600228603948,-0.0019715816545221466
1780551610.8020728,HYPE,BUY,1,1,1,65.5,True,73.23,-0.0,1.1,0.3,trend,-1.3,123649,"('HYPE', 'BUY', 123649)",,,,,,,,,,,,,,,,,,,,,,-0.06424962447084526,-0.07506486412672397,-0.06514962447084525,-0.07596486412672397
1780560362.2768257,BTC,SELL,-1,1,0,100.0,True,63592.5,0.0,-5.2,0.0,trend,0.1,123650,"('BTC', 'SELL', 123650)",,,,,,,,,,,,,,,,,,,,,,0.018972363093132105,-0.005228604002044168,0.018072363093132104,-0.006128604002044168
1780560362.2768257,ETH,SELL,-1,1,0,83.0,True,1775.5,-0.1,-5.3,0.0,trend,0.1,123650,"('ETH', 'SELL', 123650)",,,,,,,,,,,,,,,,,,,,,,0.022078287806251762,0.0010137989298788508,0.02117828780625176,0.00011379892987885081
1780560362.2768257,SOL,SELL,-1,2,0,76.5,True,69.12,0.0,-7.8,0.0,trend,0.1,123650,"('SOL', 'SELL', 123650)",,,,,,,,,,,,,,,,,,,,,,0.01847511574074079,-0.008998842592592649,0.017575115740740787,-0.009898842592592648
1780560362.2768257,HYPE,BUY,1,1,1,65.5,True,67.89,0.1,-5.4,0.0,trend,0.1,123650,"('HYPE', 'BUY', 123650)",,,,,,,,,,,,,,,,,,,,,,-0.03605832965090594,-0.01050228310502277,-0.03695832965090594,-0.01140228310502277
1780571616.8130038,SOL,BUY,1,1,1,71.0,True,67.6,-0.4,-10.0,0.2,trend,-0.4,123650,"('SOL', 'BUY', 123650)",,,,,,,,,,,,,,,,,,,,,,0.04035502958579884,0.023816568047337228,0.03945502958579884,0.022916568047337226
1780574696.5466244,BTC,SELL,-1,1,0,65.0,True,62553.5,0.1,-6.5,0.0,trend,-0.1,123651,"('BTC', 'SELL', 123651)",,,,,,,,,,,,,,,,,,,,,,-0.021925232001406725,-0.01973510674862311,-0.022825232001406726,-0.02063510674862311
1780574696.5466244,ETH,SELL,-1,1,0,65.0,True,1751.3,0.0,-6.2,0.0,trend,-0.1,123651,"('ETH', 'SELL', 123651)",,,,,,,,,,,,,,,,,,,,,,-0.012790498486838331,-0.013932507280306039,-0.01369049848683833,-0.014832507280306039
1780574696.5466244,SOL,SELL,-1,2,0,71.5,True,68.7,0.1,-7.8,0.0,trend,-0.1,123651,"('SOL', 'SELL', 123651)",,,,,,,,,,,,,,,,,,,,,,-0.01516739446870452,-0.01145560407569124,-0.016067394468704522,-0.012355604075691239
1780574696.5466244,HYPE,BUY,1,1,1,65.5,True,66.46,-0.1,-8.7,0.0,trend,-0.1,123651,"('HYPE', 'BUY', 123651)",,,,,,,,,,,,,,,,,,,,,,0.010788444176948797,0.004032500752332302,0.009888444176948797,0.0031325007523323022
1780681857.9579241,BTC,SELL,-1,1,0,65.0,True,60932.5,-0.7,-4.5,0.9,trend,-1.4,123658,"('BTC', 'SELL', 123658)",,,,,,,,,,,,,,,,,,,,,,-0.011348623476798103,-0.005276330365568516,-0.012248623476798103,-0.006176330365568515
1780682253.3163602,ETH,SELL,-1,1,0,73.0,True,1590.7,-1.0,-10.4,0.8,trend,-2.6,123658,"('ETH', 'SELL', 123658)",,,,,,,,,,,,,,,,,,,,,,-0.008046771861444535,-0.0009429810775130054,-0.008946771861444535,-0.0018429810775130054
1780682253.3163602,SOL,SELL,-1,1,0,76.0,True,64.99,-1.3,-6.5,0.7,trend,-2.6,123658,"('SOL', 'SELL', 123658)",,,,,,,,,,,,,,,,,,,,,,0.005385443914448285,0.005647022618864295,0.004485443914448285,0.004747022618864295
1780682253.3163602,HYPE,SELL,-1,2,0,71.0,True,58.15,-2.6,-12.9,0.8,trend,-2.6,123658,"('HYPE', 'SELL', 123658)",,,,,,,,,,,,,,,,,,,,,,-0.02395528804815128,-0.04576096302665533,-0.02485528804815128,-0.04666096302665533
1780686487.6948757,ETH,BUY,1,1,1,71.0,True,1550.3,-0.1,-12.6,0.1,trend,1.0,123658,"('ETH', 'BUY', 123658)",,,,,,,,,,,,,,,,,,,,,,0.037992646584532164,0.02064116622589185,0.037092646584532166,0.019741166225891848
1780687301.7002382,SOL,BUY,1,1,1,75.0,True,61.58,-2.0,-10.5,0.9,trend,-2.0,123658,"('SOL', 'BUY', 123658)",,,,,,,,,,,,,,,,,,,,,,0.05370250081195205,0.03608314387788236,0.05280250081195205,0.035183143877882364
1780689887.227169,BTC,SELL,-1,1,0,65.0,True,60174.5,1.4,-5.4,1.4,range,2.4,123659,"('BTC', 'SELL', 123659)",,,,,,,,,,,,,,,,,,,,,,-0.023190886505081165,-0.012605007104338206,-0.024090886505081167,-0.013505007104338206
1780689887.227169,ETH,SELL,-1,1,0,65.0,True,1574.0,1.4,-11.3,1.6,range,2.4,123659,"('ETH', 'SELL', 123659)",,,,,,,,,,,,,,,,,,,,,,-0.014358322744599583,-0.0008894536213468474,-0.015258322744599583,-0.0017894536213468473
1780689887.227169,SOL,SELL,-1,1,0,75.0,True,63.61,1.2,-7.5,2.3,range,2.4,123659,"('SOL', 'SELL', 123659)",,,,,,,,,,,,,,,,,,,,,,-0.012042131740292561,0.0019965414243043877,-0.01294213174029256,0.0010965414243043878
1780689887.227169,HYPE,SELL,-1,4,0,68.8,True,58.64,2.4,-12.6,0.9,range,2.4,123659,"('HYPE', 'SELL', 123659)",,,,,,,,,,,,,,,,,,,,,,-0.015518417462482947,-0.01720668485675314,-0.01641841746248295,-0.018106684856753142
1780704218.2172084,BTC,SELL,-1,1,0,76.0,True,60915.5,-1.1,-3.9,1.1,range,-1.5,123660,"('BTC', 'SELL', 123660)",,,,,,,,,,,,,,,,,,,,,,-0.0002872832037823514,0.0025527164678940117,-0.0011872832037823514,0.0016527164678940118
1780704218.2172084,ETH,SELL,-1,1,0,71.0,True,1580.7,-1.0,-10.1,0.8,range,-1.5,123660,"('ETH', 'SELL', 123660)",,,,,,,,,,,,,,,,,,,,,,0.0033529448978300014,0.013538305813879936,0.0024529448978300016,0.012638305813879936
1780704218.2172084,SOL,SELL,-1,1,0,76.0,True,63.44,-1.5,-7.1,0.9,range,-1.5,123660,"('SOL', 'SELL', 123660)",,,,,,,,,,,,,,,,,,,,,,-0.0006778058007566035,0.01976670870113495,-0.0015778058007566034,0.018866708701134948
1780704218.2172084,HYPE,SELL,-1,1,0,76.0,True,59.71,0.3,-6.8,0.5,range,-1.5,123660,"('HYPE', 'SELL', 123660)",,,,,,,,,,,,,,,,,,,,,,0.0010216044213700037,0.0027968514486685914,0.00012160442137000376,0.0018968514486685914
1780705063.8840237,HYPE,BUY,1,1,1,68.0,True,60.44,1.0,-8.1,0.1,trend,1.2,123660,"('HYPE', 'BUY', 123660)",,,,,,,,,,,,,,,,,,,,,,-0.013087359364659101,-0.01484116479152875,-0.013987359364659101,-0.01574116479152875
1780715362.9254992,SOL,BUY,1,1,0,77.5,True,63.3,-0.3,-6.8,0.0,trend,-0.3,123660,"('SOL', 'BUY', 123660)",,,,,,,,,,,,,,,,,,,,,,-0.011611374407582975,-0.010110584518167487,-0.012511374407582975,-0.011010584518167487
1780718618.3731623,BTC,SELL,-1,1,0,83.0,True,60705.5,-0.4,-4.6,0.2,trend,-0.9,123661,"('BTC', 'SELL', 123661)",,,,,,,,,,,,,,,,,,,,,,-0.0008977769724325402,0.0021661958142178417,-0.0017977769724325402,0.0012661958142178417
1780718618.3731623,ETH,SELL,-1,1,0,83.0,True,1564.0,-0.7,-10.3,0.3,trend,-0.9,123661,"('ETH', 'SELL', 123661)",,,,,,,,,,,,,,,,,,,,,,0.0030051150895140655,0.010421994884910468,0.0021051150895140657,0.009521994884910468
1780718618.3731623,SOL,BUY,1,1,1,76.8,True,62.9,-0.9,-7.3,0.6,trend,-0.9,123661,"('SOL', 'BUY', 123661)",,,,,,,,,,,,,,,,,,,,,,-0.011351351351351346,-0.01740858505564391,-0.012251351351351346,-0.018308585055643912
1780718618.3731623,HYPE,SELL,-1,1,0,76.0,True,59.12,-0.9,-6.6,0.3,trend,-0.9,123661,"('HYPE', 'SELL', 123661)",,,,,,,,,,,,,,,,,,,,,,-0.007154939106901237,0.00882949932341004,-0.008054939106901237,0.00792949932341004
1780719083.0812292,SOL,SELL,-1,1,0,75.0,True,62.3,-0.8,-5.8,0.0,trend,-0.8,123661,"('SOL', 'SELL', 123661)",,,,,,,,,,,,,,,,,,,,,,0.0018298555377206371,0.007945425361155611,0.0009298555377206372,0.007045425361155612
1780721942.6770992,ETH,BUY,1,1,1,79.0,True,1527.0,-2.3,-9.3,1.1,trend,-2.6,123661,"('ETH', 'BUY', 123661)",,,,,,,,,,,,,,,,,,,,,,0.030975769482645577,0.020170268500327326,0.030075769482645575,0.019270268500327325
1780732831.9388926,BTC,SELL,-1,1,0,66.0,True,60974.5,0.4,-2.3,0.3,trend,1.4,123662,"('BTC', 'SELL', 123662)",,,,,,,,,,,,,,,,,,,,,,0.006568319543415635,0.003517864025125217,0.005668319543415635,0.002617864025125217
1780732831.9388926,ETH,SELL,-1,1,0,66.0,True,1574.8,1.0,-5.3,0.3,trend,1.4,123662,"('ETH', 'SELL', 123662)",,,,,,,,,,,,,,,,,,,,,,0.01720853441706882,0.011239522479045028,0.01630853441706882,0.010339522479045028
1780732831.9388926,SOL,SELL,-1,1,0,65.0,True,62.81,1.0,-3.8,0.3,trend,1.4,123662,"('SOL', 'SELL', 123662)",,,,,,,,,,,,,,,,,,,,,,0.0160006368412674,0.008326699570132212,0.015100636841267402,0.007426699570132212
1780732831.9388926,HYPE,SELL,-1,1,0,66.0,True,60.38,1.4,-1.5,0.4,trend,1.4,123662,"('HYPE', 'SELL', 123662)",,,,,,,,,,,,,,,,,,,,,,0.02951308380258366,0.03277575356078166,0.02861308380258366,0.031875753560781664
1780744293.898413,BTC,BUY,1,1,1,65.5,True,60659.5,0.1,-2.1,0.1,trend,0.5,123662,"('BTC', 'BUY', 123662)",,,,,,,,,,,,,,,,,,,,,,0.0018381292295517326,-0.0016567891261879408,0.0009381292295517327,-0.0025567891261879406
1780752048.836593,BTC,BUY,1,1,0,85.0,True,61022.5,0.1,0.3,0.1,range,-0.4,123663,"('BTC', 'BUY', 123663)",,,,,,,,,,,,,,,,,,,,,,-0.00444917858167071,-0.007398910238026968,-0.0053491785816707094,-0.008298910238026968
1780752048.836593,ETH,SELL,-1,1,0,66.0,True,1569.8,-0.0,-1.9,0.2,range,-0.4,123663,"('ETH', 'SELL', 123663)",,,,,,,,,,,,,,,,,,,,,,0.00643394062937952,0.01025608357752572,0.00553394062937952,0.009356083577525721
1780752048.836593,SOL,SELL,-1,1,0,66.0,True,62.64,-0.3,-4.0,0.1,range,-0.4,123663,"('SOL', 'SELL', 123663)",,,,,,,,,,,,,,,,,,,,,,0.010185185185185186,0.016602809706257937,0.009285185185185186,0.015702809706257936
1780752048.836593,HYPE,BUY,1,1,1,70.5,True,59.1,-0.4,-3.7,0.1,range,-0.4,123663,"('HYPE', 'BUY', 123663)",,,,,,,,,,,,,,,,,,,,,,-0.013451776649746172,-0.05999999999999994,-0.014351776649746172,-0.06089999999999994
1780764684.355622,BTC,BUY,1,1,0,75.0,True,60716.5,-0.1,-0.1,0.4,range,-0.5,123664,"('BTC', 'BUY', 123664)",-5.706e-07,2051215673.0,-0.0006581112,0.33,1780764078.0,,,,,,,,,,,52.17391304347826,95.65217391304348,,,0.017900561663879107,,-0.0023963831907306554,0.00237991320316544,-0.003296383190730655,0.0014799132031654402
1780764684.355622,ETH,SELL,-1,1,0,66.0,True,1561.8,0.1,-2.0,0.3,range,-0.5,123664,"('ETH', 'SELL', 123664)",9.1621e-06,1051463334.0,-0.0004489194,0.7,1780764078.0,,,,,,,,,,,52.17391304347826,95.65217391304348,,,0.002419648942342275,,0.00518632347291581,-0.004482007939556887,0.0042863234729158105,-0.005382007939556887
1780764684.355622,SOL,SELL,-1,1,0,76.0,True,61.71,-0.5,-5.2,0.4,range,-0.5,123664,"('SOL', 'SELL', 123664)",-6.0466e-06,225777850.0,-0.0007374536,0.42,1780764078.0,,,,,,,,,,,95.45454545454545,77.27272727272727,,,0.002038322823074092,,0.0017825311942959443,-0.007324582725652284,0.0008825311942959443,-0.008224582725652284
1780764684.355622,HYPE,BUY,1,1,1,77.0,True,58.2,-0.2,0.4,0.7,range,-0.5,123664,"('HYPE', 'BUY', 123664)",1.25e-05,1246819491.0,0.0003412445,1.48,1780764078.0,,,,,,,,,,,9.090909090909092,95.45454545454545,,,0.011684892248601756,,-0.04546391752577317,-0.02895189003436427,-0.046363917525773166,-0.02985189003436427
1780777116.6132014,BTC,BUY,1,1,0,77.0,True,60525.5,-0.1,-1.8,0.0,range,-0.2,123665,"('BTC', 'BUY', 123665)",1.25e-05,1993242314.0,-0.0004671123,0.4,1780776420.0,,,,,,,,,,,73.46938775510205,93.87755102040816,,,0.0068130967811356295,,-0.0001239147136330443,0.015770212555038743,-0.0010239147136330443,0.014870212555038743
1780777116.6132014,ETH,SELL,-1,1,0,100.0,True,1552.0,-0.1,-3.6,0.1,range,-0.2,123665,"('ETH', 'SELL', 123665)",8.7215e-06,1052644648.0,-0.0005790015,1.0,1780776420.0,,,,,,,,,,,53.06122448979592,97.95918367346938,,,-0.00018475376548587435,,-0.0034793814432989567,-0.025773195876288568,-0.0043793814432989565,-0.02667319587628857
1780777116.6132014,SOL,SELL,-1,1,0,100.0,True,61.49,-0.2,-5.2,0.1,range,-0.2,123665,"('SOL', 'SELL', 123665)",2.4002e-06,237659537.0,-0.0002188893,0.52,1780776420.0,,,,,,,,,,,89.13043478260869,97.82608695652173,,,-0.0030784699832995394,,-0.0031387217433729298,-0.033143600585461064,-0.0040387217433729295,-0.03404360058546106
1780777116.6132014,HYPE,SELL,-1,1,0,72.0,True,55.55,,-7.1,0.6,range,-0.2,123665,"('HYPE', 'SELL', 123665)",1.25e-05,1174077901.0,-0.0002626125,1.76,1780776420.0,,,,,,,,,,,4.761904761904762,92.85714285714286,,,-0.033051563680792755,,-0.016597659765976713,-0.04243024302430243,-0.017497659765976715,-0.043330243024302426
1780798863.2461185,BTC,BUY,1,2,0,79.5,True,61425.5,-0.0,1.3,0.3,trend,-0.2,123666,"('BTC', 'BUY', 123666)",1.25e-05,2030052643.0,-0.0004069209,0.65,1780798288.0,,,,,,,,,,,69.47368421052632,84.21052631578947,,,0.011387337722227373,,0.007252688215806158,0.023011615697063892,0.006352688215806158,0.02211161569706389
1780798863.2461185,ETH,BUY,1,1,0,85.0,True,1590.0,0.0,1.8,0.1,trend,-0.2,123666,"('ETH', 'BUY', 123666)",1.25e-05,1100332719.0,-0.0004723219,1.37,1780798288.0,,,,,,,,,,,84.21052631578947,86.31578947368422,,,0.044710148447653975,,0.004025157232704357,0.031886792452830326,0.0031251572327043575,0.030986792452830324
1780798863.2461185,SOL,BUY,1,1,0,85.0,True,63.66,0.0,1.4,0.4,trend,-0.2,123666,"('SOL', 'BUY', 123666)",8.8259e-06,257893885.0,-0.0005819898,0.71,1780798288.0,,,,,,,,,,,97.82608695652173,88.04347826086956,,,0.06942871364173386,,0.006330505812127019,0.035516808042727055,0.005430505812127019,0.03461680804272706
1780798863.2461185,HYPE,BUY,1,1,1,68.0,True,57.99,-0.2,-1.5,0.2,trend,-0.2,123666,"('HYPE', 'BUY', 123666)",1.25e-05,1225636365.0,0.0,2.16,1780798288.0,,,,,,,,,,,2.4390243902439024,91.46341463414635,,,0.038314610661656374,,0.020451802034833655,0.03300569063631653,0.019551802034833653,0.03210569063631653
1780811883.0925038,BTC,BUY,1,1,0,67.0,True,61755.5,-0.2,1.6,,high_volatility,0.8,123667,"('BTC', 'BUY', 123667)",1.25e-05,2047000599.0,-0.0003718855,0.77,1780811602.0,,,,,,,,,,,58.536585365853654,99.1869918699187,,,0.007467324956419041,,0.017544995992259782,0.002258908113447422,0.01664499599225978,0.001358908113447422
1780811883.0925038,ETH,BUY,1,1,0,67.0,True,1604.5,0.5,2.9,0.9,high_volatility,0.8,123667,"('ETH', 'BUY', 123667)",6.6268e-06,1100106479.0,-0.0004793327,1.59,1780811602.0,,,,,,,,,,,65.85365853658537,99.1869918699187,,,0.013501194515735868,,0.0225615456528514,0.009348706762231318,0.0216615456528514,0.008448706762231318
1780811883.0925038,SOL,BUY,1,1,0,67.0,True,64.26,0.3,3.3,0.7,high_volatility,0.8,123667,"('SOL', 'BUY', 123667)",-4.3515e-06,259186561.0,-0.0005281964,0.89,1780811602.0,,,,,,,,,,,47.05882352941176,99.15966386554622,,,0.019045669370183243,,0.02584811702458767,0.0002645502645501896,0.024948117024587668,-0.0006354497354498104
1780811883.0925038,HYPE,BUY,1,1,1,65.5,True,59.63,0.8,0.2,1.7,high_volatility,0.8,123667,"('HYPE', 'BUY', 123667)",1.25e-05,1245895177.0,-0.0005885914,2.32,1780811602.0,,,,,,,,,,,12.962962962962962,93.51851851851852,,,0.02148866862964114,,0.00459500251551237,-0.029179942981720663,0.00369500251551237,-0.030079942981720665
1780825354.2092237,BTC,BUY,1,1,0,67.0,True,62504.5,-0.5,3.2,0.5,trend,-1.2,123668,"('BTC', 'BUY', 123668)",1.25e-05,2092889743.0,-0.0001481316,0.88,1780823918.0,,,,,,,,,,,49.6551724137931,91.0344827586207,,,0.005664521955593666,,-0.009751297906550715,-0.007175483365197688,-0.010651297906550715,-0.008075483365197688
1780825354.2092237,ETH,BUY,1,1,0,70.0,True,1632.5,-0.5,5.5,,trend,-1.2,123668,"('ETH', 'BUY', 123668)",2.8968e-06,1087787486.0,-0.0005520456,1.68,1780823918.0,,,,,,,,,,,40.689655172413794,97.24137931034483,,,0.006817131896040639,,-0.007963246554364423,-0.0028790199081164536,-0.008863246554364422,-0.0037790199081164533
1780825354.2092237,HYPE,SELL,-1,1,0,56.0,True,59.41,-0.8,1.4,0.9,trend,-1.2,123668,"('HYPE', 'SELL', 123668)",2.6939e-06,1248029685.0,-0.0003130516,2.29,1780823918.0,,,,,,,,,,,11.627906976744185,76.74418604651163,,,-0.007277697612674352,,0.025584918363911746,0.01489648207372496,0.024684918363911745,0.01399648207372496
1780827111.0202556,BTC,SELL,-1,1,0,60.0,True,62406.5,-0.2,2.7,0.1,trend,-0.5,123668,"('BTC', 'SELL', 123668)",1.25e-05,2092889743.0,-0.0001481316,0.88,1780823918.0,,,,,,,,,,,49.6551724137931,91.0344827586207,,,0.005664521955593666,,0.008196261607364641,0.005616402137597842,0.007296261607364641,0.004716402137597843
1780827111.0202556,ETH,SELL,-1,1,0,100.0,True,1629.2,-0.2,4.6,0.2,trend,-0.5,123668,"('ETH', 'SELL', 123668)",2.8968e-06,1087787486.0,-0.0005520456,1.68,1780823918.0,,,,,,,,,,,40.689655172413794,97.24137931034483,,,0.006817131896040639,,0.00595384237662655,0.0008593174564204276,0.0050538423766265505,-4.0682543579572414e-05
1780827111.0202556,SOL,SELL,-1,1,0,60.0,True,64.8,-0.2,3.8,0.3,trend,-0.5,123668,"('SOL', 'SELL', 123668)",-2.38553e-05,253242717.0,-0.0008554843,0.89,1780823918.0,,,,,,,,,,,12.676056338028168,83.09859154929578,,,-0.03535013753598119,,0.008070987654320905,-0.004814814814814827,0.007170987654320905,-0.005714814814814827
1780832802.3984294,SOL,BUY,1,1,0,70.4,True,64.98,0.6,3.4,0.3,trend,0.6,123668,"('SOL', 'BUY', 123668)",,,,,,,,,,,,,,,,,,,,,,-0.00172360726377363,-0.0017851646660510534,-0.0026236072637736297,-0.002685164666051053
1780834797.4686315,BTC,BUY,1,1,0,65.0,True,62129.5,-0.8,2.2,0.4,trend,-2.3,123669,"('BTC', 'BUY', 123669)",,,,,,,,,,,,,,,,,,,,,,-0.0036778020103171993,-0.0021165468899636553,-0.004577802010317199,-0.003016546889963655
1780834797.4686315,SOL,BUY,1,2,1,65.1,True,64.03,-1.4,2.7,1.2,trend,-2.3,123669,"('SOL', 'BUY', 123669)",,,,,,,,,,,,,,,,,,,,,,0.013087615180384038,0.013025144463532756,0.012187615180384038,0.012125144463532756
1780834797.4686315,HYPE,SELL,-1,1,0,83.0,True,57.54,-2.3,-1.9,0.7,trend,-2.3,123669,"('HYPE', 'SELL', 123669)",,,,,,,,,,,,,,,,,,,,,,-0.025564824469934022,-0.021011470281543376,-0.026464824469934024,-0.021911470281543378
1780835769.3155735,ETH,BUY,1,1,0,65.0,True,1609.8,-1.2,3.4,1.2,trend,-1.9,123669,"('ETH', 'BUY', 123669)",,,,,,,,,,,,,,,,,,,,,,0.01211330600074545,0.001490868430860992,0.01121330600074545,0.0005908684308609921
1780863503.1572363,BTC,SELL,-1,1,0,65.0,True,61203.5,-0.2,0.8,0.5,trend,0.3,123671,"('BTC', 'SELL', 123671)",,,,,,,,,,,,,,,,,,,,,,-0.026624294362250556,-0.031133840384945266,-0.027524294362250557,-0.032033840384945264
1780863503.1572363,ETH,SELL,-1,2,0,70.0,True,1613.5,0.1,3.6,0.5,trend,0.3,123671,"('ETH', 'SELL', 123671)",,,,,,,,,,,,,,,,,,,,,,-0.03613263092655705,-0.04319801673380841,-0.03703263092655705,-0.04409801673380841
1780863503.1572363,SOL,SELL,-1,2,0,65.0,True,63.99,0.2,3.4,0.2,trend,0.3,123671,"('SOL', 'SELL', 123671)",,,,,,,,,,,,,,,,,,,,,,-0.027957493358337082,-0.03795905610251604,-0.028857493358337084,-0.03885905610251604
1780863503.1572363,HYPE,SELL,-1,1,0,78.0,True,57.79,0.3,2.0,0.3,trend,0.3,123671,"('HYPE', 'SELL', 123671)",,,,,,,,,,,,,,,,,,,,,,-0.019017130991521025,-0.06630905000865206,-0.019917130991521027,-0.06720905000865206
1780867065.6594868,BTC,BUY,1,1,0,65.0,True,61923.5,0.1,2.3,0.2,range,0.2,123671,"('BTC', 'BUY', 123671)",,,,,,,,,,,,,,,,,,,,,,0.02237438129304703,0.018999249073453628,0.02147438129304703,0.018099249073453626
1780871346.9910846,ETH,BUY,1,1,0,75.0,True,1673.2,2.4,6.7,3.9,range,2.8,123671,"('ETH', 'BUY', 123671)",,,,,,,,,,,,,,,,,,,,,,0.01410470953860865,-0.009980874970117126,0.013204709538608651,-0.010880874970117126
1780878666.294271,BTC,BUY,1,2,0,71.0,True,63158.5,-0.2,2.8,0.4,trend,2.4,123672,"('BTC', 'BUY', 123672)",,,,,,,,,,,,,,,,,,,,,,-0.0009262411235225754,0.0016545674770616081,-0.0018262411235225753,0.0007545674770616081
1780878666.294271,ETH,BUY,1,1,0,67.0,True,1684.2,-0.3,6.0,0.8,trend,2.4,123672,"('ETH', 'BUY', 123672)",,,,,,,,,,,,,,,,,,,,,,-0.0032062700391878307,-0.00670941693385585,-0.0041062700391878305,-0.007609416933855849
1780878666.294271,SOL,BUY,1,2,0,71.0,True,66.14,-0.5,3.9,0.3,trend,2.4,123672,"('SOL', 'BUY', 123672)",,,,,,,,,,,,,,,,,,,,,,0.0024493498639250877,-0.001406108255216254,0.0015493498639250877,-0.002306108255216254
1780899090.2666297,SOL,BUY,1,1,1,65.0,True,65.27,-0.0,0.6,0.2,trend,0.6,123673,"('SOL', 'BUY', 123673)",,,,,,,,,,,,,,,,,,,,,,0.004688218170675551,0.029600122567795317,0.0037882181706755513,0.028700122567795316
1780899090.2666297,HYPE,BUY,1,2,0,65.0,True,61.88,0.6,3.3,0.2,trend,0.6,123673,"('HYPE', 'BUY', 123673)",,,,,,,,,,,,,,,,,,,,,,-0.005656108597285048,0.01669360051712987,-0.0065561085972850475,0.015793600517129868
1780903755.011446,BTC,BUY,1,1,0,70.0,True,63154.5,0.3,0.5,0.4,range,0.5,123673,"('BTC', 'BUY', 123673)",,,,,,,,,,,,,,,,,,,,,,0.005154027028952735,0.00908090476529777,0.004254027028952735,0.00818090476529777
1780906008.2923048,SOL,BUY,1,1,0,60.1,True,65.86,-0.3,1.4,0.0,range,-0.4,123674,"('SOL', 'BUY', 123674)",,,,,,,,,,,,,,,,,,,,,,0.004509565745520749,0.021150926207105902,0.0036095657455207496,0.0202509262071059
1780906008.2923048,HYPE,BUY,1,1,0,65.0,True,63.04,-0.0,6.9,0.0,range,-0.4,123674,"('HYPE', 'BUY', 123674)",,,,,,,,,,,,,,,,,,,,,,-0.02533312182741121,0.02618972081218285,-0.02623312182741121,0.025289720812182847
1780907044.5692227,BTC,BUY,1,1,0,70.0,True,63176.5,-0.1,1.0,0.2,trend,-1.2,123674,"('BTC', 'BUY', 123674)",,,,,,,,,,,,,,,,,,,,,,-0.0008626625406599198,0.012132675915886404,-0.0017626625406599197,0.011232675915886404
1780920348.983128,BTC,BUY,1,1,0,65.0,True,63277.5,-0.3,2.6,0.6,trend,-0.5,123675,"('BTC', 'BUY', 123675)",,,,,,,,,,,,,,,,,,,,,,0.01051716644936973,0.002568053415511029,0.00961716644936973,0.001668053415511029
1780920348.983128,SOL,BUY,1,1,0,60.1,True,66.55,-0.1,3.5,0.1,trend,-0.5,123675,"('SOL', 'BUY', 123675)",,,,,,,,,,,,,,,,,,,,,,0.010563486100676256,0.01272727272727292,0.009663486100676256,0.01182727272727292
1780920348.983128,HYPE,BUY,1,1,0,65.0,True,61.81,-0.5,6.6,0.1,trend,-0.5,123675,"('HYPE', 'BUY', 123675)",,,,,,,,,,,,,,,,,,,,,,0.0466105808121664,0.04237178450088974,0.045710580812166404,0.041471784500889744
1780924263.021241,ETH,BUY,1,1,0,75.0,True,1693.3,-0.0,4.0,0.2,range,-0.3,123675,"('ETH', 'BUY', 123675)",,,,,,,,,,,,,,,,,,,,,,-0.0015945195771570608,-0.005787515502273632,-0.0024945195771570606,-0.006687515502273632
1780935148.1687737,SOL,BUY,1,1,0,60.1,True,67.26,0.2,3.0,0.1,trend,-0.2,123676,"('SOL', 'BUY', 123676)",,,,,,,,,,,,,,,,,,,,,,0.002036871840618515,-0.0016503122212311316,0.001136871840618515,-0.0025503122212311314
1780935148.1687737,HYPE,BUY,1,1,0,65.0,True,64.68,-0.2,9.6,0.2,trend,-0.2,123676,"('HYPE', 'BUY', 123676)",,,,,,,,,,,,,,,,,,,,,,-0.0038806431663575003,-0.02176870748299331,-0.0047806431663575,-0.022668707482993312
1780959361.3243837,BTC,SELL,-1,2,0,58.5,True,63294.5,-0.6,-0.0,0.6,trend,-1.3,123677,"('BTC', 'SELL', 123677)",,,,,,,,,,,,,,,,,,,,,,0.008918626420937104,-0.00045027609033954086,0.008018626420937104,-0.0013502760903395408
1780959361.3243837,ETH,BUY,1,2,0,46.5,True,1699.2,-0.2,0.6,,trend,-1.3,123677,"('ETH', 'BUY', 123677)",,,,,,,,,,,,,,,,,,,,,,-0.018243879472693014,-0.0068855932203389925,-0.019143879472693016,-0.007785593220338992
1780959361.3243837,SOL,BUY,1,1,0,35.0,True,67.04,-0.6,0.9,0.6,trend,-1.3,123677,"('SOL', 'BUY', 123677)",,,,,,,,,,,,,,,,,,,,,,-0.01636336515513137,0.0018347255369925985,-0.017263365155131372,0.0009347255369925986
1780959361.3243837,HYPE,SELL,-1,1,0,70.0,True,63.28,-1.3,5.9,0.9,trend,-1.3,123677,"('HYPE', 'SELL', 123677)",,,,,,,,,,,,,,,,,,,,,,0.0076327433628319286,0.020369785082174463,0.006732743362831929,0.01946978508217446
1780971513.4737465,BTC,SELL,-1,1,0,65.0,True,62732.5,,-0.6,0.1,range,-0.4,123678,"('BTC', 'SELL', 123678)",,,,,,,,,,,,,,,,,,,,,,-0.007802972940660791,-0.0014426334037380695,-0.00870297294066079,-0.0023426334037380692
1780971513.4737465,ETH,BUY,1,1,0,40.0,True,1667.5,-0.0,-0.7,0.1,range,-0.4,123678,"('ETH', 'BUY', 123678)",,,,,,,,,,,,,,,,,,,,,,0.010974512743628262,0.004077961019490317,0.010074512743628262,0.0031779610194903173
1780971513.4737465,SOL,SELL,-1,1,0,65.0,True,65.95,,-0.5,0.1,range,-0.4,123678,"('SOL', 'SELL', 123678)",,,,,,,,,,,,,,,,,,,,,,-0.015648218347232623,-0.009294920394238071,-0.016548218347232625,-0.01019492039423807
1780971513.4737465,HYPE,SELL,-1,1,0,57.0,True,62.54,-0.4,2.0,0.1,range,-0.4,123678,"('HYPE', 'SELL', 123678)",,,,,,,,,,,,,,,,,,,,,,0.009673808762391989,-0.0008634473936681708,0.008773808762391989,-0.0017634473936681708
1780973462.561219,ETH,SELL,-1,1,0,65.0,True,1659.8,-0.5,-1.1,0.5,range,-1.5,123678,"('ETH', 'SELL', 123678)",,,,,,,,,,,,,,,,,,,,,,-0.016688757681648347,-0.006024822267743035,-0.01758875768164835,-0.006924822267743035
1780978767.6082706,BTC,SELL,-1,1,0,55.0,True,62740.5,-0.2,,0.1,range,-0.5,123679,"('BTC', 'SELL', 123679)",,,,,,,,,,,,,,,,,,,,,,-0.008598911388975283,-0.0003745586981296345,-0.009498911388975283,-0.0012745586981296345
1780978767.6082706,ETH,SELL,-1,1,0,47.0,True,1667.8,-0.1,0.9,0.1,range,-0.5,123679,"('ETH', 'SELL', 123679)",,,,,,,,,,,,,,,,,,,,,,-0.010492864851900707,-0.00377743134668429,-0.011392864851900707,-0.00467743134668429
1780978767.6082706,SOL,SELL,-1,1,0,55.0,True,65.95,-0.0,1.0,0.1,range,-0.5,123679,"('SOL', 'SELL', 123679)",,,,,,,,,,,,,,,,,,,,,,-0.01639120545868078,-0.00667172100075808,-0.01729120545868078,-0.007571721000758079
1780978767.6082706,HYPE,SELL,-1,1,0,65.0,True,61.36,-0.5,-0.2,0.7,range,-0.5,123679,"('HYPE', 'SELL', 123679)",,,,,,,,,,,,,,,,,,,,,,-0.0077249022164276315,-0.012940026075619393,-0.008624902216427631,-0.013840026075619393
1780980463.5850816,SOL,BUY,1,1,0,48.0,True,67.06,1.6,2.7,0.7,range,1.6,123679,"('SOL', 'BUY', 123679)",,,,,,,,,,,,,,,,,,,,,,-0.0029227557411273253,-0.014554130629287232,-0.003822755741127325,-0.015454130629287232
1780981104.4878223,BTC,BUY,1,1,0,40.0,True,63311.5,0.7,0.9,0.6,range,1.7,123679,"('BTC', 'BUY', 123679)",,,,,,,,,,,,,,,,,,,,,,-0.0021086216564131233,-0.009942901368629742,-0.003008621656413123,-0.010842901368629742
1780981104.4878223,ETH,BUY,1,1,0,35.0,True,1691.7,1.4,2.4,0.7,range,1.7,123679,"('ETH', 'BUY', 123679)",,,,,,,,,,,,,,,,,,,,,,-0.007389016965182904,-0.012236212094343002,-0.008289016965182904,-0.013136212094343002
1780984687.9890323,HYPE,BUY,1,1,1,61.5,True,62.53,1.0,-0.9,0.5,range,1.0,123679,"('HYPE', 'BUY', 123679)",,,,,,,,,,,,,,,,,,,,,,0.001023508715816357,-0.006668798976491308,0.00012350871581635696,-0.007568798976491308
1780992242.224511,BTC,SELL,-1,1,0,47.0,True,63179.5,-0.2,0.1,0.6,range,0.7,123680,"('BTC', 'SELL', 123680)",,,,,,,,,,,,,,,,,,,,,,0.006576500288859477,0.026060668413013688,0.005676500288859477,0.025160668413013686
1780992242.224511,ETH,BUY,1,1,0,40.0,True,1680.0,-0.3,1.2,0.3,range,0.7,123680,"('ETH', 'BUY', 123680)",,,,,,,,,,,,,,,,,,,,,,-0.0035119047619047716,-0.020773809523809583,-0.004411904761904771,-0.021673809523809585
1780992242.224511,SOL,BUY,1,1,0,40.0,True,66.86,-0.3,2.0,0.7,range,0.7,123680,"('SOL', 'BUY', 123680)",,,,,,,,,,,,,,,,,,,,,,-0.007029614119054672,-0.027071492671253417,-0.007929614119054672,-0.027971492671253418
1780992242.224511,HYPE,BUY,1,1,1,57.5,True,62.25,0.7,1.2,0.4,range,0.7,123680,"('HYPE', 'BUY', 123680)",,,,,,,,,,,,,,,,,,,,,,-0.0015421686746986962,-0.03654618473895577,-0.002442168674698696,-0.037446184738955765
1780996477.7461052,ETH,SELL,-1,2,0,69.8,True,1675.0,0.0,0.2,0.0,range,0.1,123680,"('ETH', 'SELL', 123680)",,,,,,,,,,,,,,,,,,,,,,0.002388059701492584,0.023402985074626903,0.0014880597014925842,0.0225029850746269
1780996477.7461052,SOL,SELL,-1,1,0,57.0,True,66.51,-0.1,0.5,0.0,range,0.1,123680,"('SOL', 'SELL', 123680)",,,,,,,,,,,,,,,,,,,,,,0.006405051871898992,0.03321305066907232,0.005505051871898993,0.03231305066907232
1780996477.7461052,HYPE,SELL,-1,1,0,47.0,True,62.69,0.1,2.0,0.1,range,0.1,123680,"('HYPE', 'SELL', 123680)",,,,,,,,,,,,,,,,,,,,,,0.014101132557026608,0.060232892008294736,0.013201132557026608,0.05933289200829474
1781006809.9707625,BTC,SELL,-1,1,0,57.0,True,62672.5,-0.0,-1.7,0.1,range,0.3,123681,"('BTC', 'SELL', 123681)",,,,,,,,,,,,,,,,,,,,,,0.018181818181818188,0.014511947026207617,0.017281818181818186,0.013611947026207617
1781006809.9707625,ETH,SELL,-1,1,0,57.0,True,1672.5,0.1,-0.5,0.2,range,0.3,123681,"('ETH', 'SELL', 123681)",,,,,,,,,,,,,,,,,,,,,,0.01638266068759353,0.012675635276532149,0.015482660687593531,0.01177563527653215
1781006809.9707625,SOL,SELL,-1,1,0,57.0,True,66.16,0.1,-0.9,0.2,range,0.3,123681,"('SOL', 'SELL', 123681)",,,,,,,,,,,,,,,,,,,,,,0.016777509068923835,0.01364873035066494,0.015877509068923833,0.01274873035066494
1781006809.9707625,HYPE,SELL,-1,1,0,47.0,True,61.99,0.3,-3.9,0.1,range,0.3,123681,"('HYPE', 'SELL', 123681)",,,,,,,,,,,,,,,,,,,,,,0.03250524278109368,0.048959509598322404,0.03160524278109368,0.048059509598322406
1781011622.7719917,ETH,BUY,1,1,0,32.0,True,1669.0,-0.4,-1.3,0.3,range,-1.9,123681,"('ETH', 'BUY', 123681)",,,,,,,,,,,,,,,,,,,,,,-0.019892150988615964,-0.0074895146794488054,-0.020792150988615966,-0.008389514679448805
1781025758.9126105,BTC,SELL,-1,3,0,66.7,True,61638.5,0.4,-2.8,0.4,range,0.5,123682,"('BTC', 'SELL', 123682)",,,,,,,,,,,,,,,,,,,,,,-0.007065389326476046,-0.0009166348953981718,-0.007965389326476046,-0.0018166348953981718
1781025758.9126105,ETH,SELL,-1,2,0,61.0,True,1637.5,0.4,-2.7,0.5,range,0.5,123682,"('ETH', 'SELL', 123682)",,,,,,,,,,,,,,,,,,,,,,-0.011603053435114585,-0.000610687022900791,-0.012503053435114585,-0.001510687022900791
1781025758.9126105,SOL,SELL,-1,3,0,70.0,True,64.42,0.5,-4.4,0.5,range,0.5,123682,"('SOL', 'SELL', 123682)",,,,,,,,,,,,,,,,,,,,,,-0.015088481837938428,-0.007808134119838606,-0.01598848183793843,-0.008708134119838605
1781025758.9126105,HYPE,SELL,-1,2,0,56.0,True,59.09,0.4,-8.3,0.5,range,0.5,123682,"('HYPE', 'SELL', 123682)",,,,,,,,,,,,,,,,,,,,,,0.009003215434083667,0.022423421898798535,0.008103215434083667,0.021523421898798533
1781029979.357195,HYPE,BUY,1,1,1,52.5,True,59.28,0.3,-6.9,0.3,range,0.9,123682,"('HYPE', 'BUY', 123682)",,,,,,,,,,,,,,,,,,,,,,-0.022435897435897356,-0.03340080971659931,-0.023335897435897358,-0.03430080971659931
1781042973.295129,BTC,SELL,-1,2,0,63.0,True,61773.5,0.1,-2.0,0.0,range,-1.0,123683,"('BTC', 'SELL', 123683)",,,,,,,,,,,,,,,,,,,,,,-0.001869733785522909,0.0081669324224789,-0.002769733785522909,0.007266932422478901
1781042973.295129,ETH,SELL,-1,1,0,55.0,True,1650.5,0.1,-2.3,0.0,range,-1.0,123683,"('ETH', 'SELL', 123683)",,,,,,,,,,,,,,,,,,,,,,0.0034534989397152493,0.015328688276279867,0.0025534989397152496,0.014428688276279867
1781042973.295129,SOL,SELL,-1,1,0,55.0,True,64.96,-1.0,-3.3,0.6,range,-1.0,123683,"('SOL', 'SELL', 123683)",,,,,,,,,,,,,,,,,,,,,,-0.0029402709359607204,0.010991379310344773,-0.00384027093596072,0.010091379310344773
1781042973.295129,HYPE,SELL,-1,2,0,59.0,True,57.9,-0.1,-9.3,0.0,range,-1.0,123683,"('HYPE', 'SELL', 123683)",,,,,,,,,,,,,,,,,,,,,,0.013851468048359239,0.04081174438687396,0.01295146804835924,0.03991174438687396
1781052628.5174797,BTC,SELL,-1,1,0,55.0,True,61821.5,0.2,-1.4,0.3,range,-2.1,123684,"('BTC', 'SELL', 123684)",,,,,,,,,,,,,,,,,,,,,,0.004860768502867097,0.0028549938128320518,0.003960768502867097,0.001954993812832052
1781052628.5174797,ETH,SELL,-1,1,0,55.0,True,1635.2,-0.2,-2.0,0.4,range,-2.1,123684,"('ETH', 'SELL', 123684)",,,,,,,,,,,,,,,,,,,,,,0.003180039138943269,-0.0024461839530331986,0.0022800391389432694,-0.0033461839530331983
1781052628.5174797,SOL,SELL,-1,1,0,55.0,True,64.83,-0.1,-1.7,0.5,range,-2.1,123684,"('SOL', 'SELL', 123684)",,,,,,,,,,,,,,,,,,,,,,0.005552984729291999,0.005630109517198778,0.004652984729291999,0.004730109517198778
1781052628.5174797,HYPE,SELL,-1,1,0,50.0,True,56.57,-2.1,-9.9,,range,-2.1,123684,"('HYPE', 'SELL', 123684)",,,,,,,,,,,,,,,,,,,,,,-0.000371221495492291,0.014937245890047746,-0.001271221495492291,0.014037245890047746
1781080478.0602214,BTC,SELL,-1,2,0,48.0,True,61673.5,0.0,-1.6,0.2,trend,-0.4,123686,"('BTC', 'SELL', 123686)",,,,,,,,,,,,,,,,,,,,,,0.010920411521966433,-0.01516858942657695,0.010020411521966434,-0.016068589426576952
1781080478.0602214,ETH,SELL,-1,2,0,48.0,True,1638.5,-0.0,-1.9,0.1,trend,-0.4,123686,"('ETH', 'SELL', 123686)",,,,,,,,,,,,,,,,,,,,,,0.011901129081477002,-0.011229783338419397,0.011001129081477002,-0.012129783338419397
1781080478.0602214,SOL,SELL,-1,2,0,65.5,True,64.21,-0.4,-2.9,0.4,trend,-0.4,123686,"('SOL', 'SELL', 123686)",,,,,,,,,,,,,,,,,,,,,,0.011353371748948682,-0.018735399470487524,0.010453371748948682,-0.019635399470487525
1781080478.0602214,HYPE,SELL,-1,1,0,65.0,True,55.53,-0.4,-10.9,0.3,trend,-0.4,123686,"('HYPE', 'SELL', 123686)",,,,,,,,,,,,,,,,,,,,,,-0.002160994057266219,-0.035188186565820345,-0.0030609940572662187,-0.03608818656582034
1781637145.8911614,BTC,BUY,1,1,1,66.5,True,65874.5,0.1,-0.9,0.2,range,0.3,123724,"('BTC', 'BUY', 123724)",,,,,,,,,,,,,,,,,,,,,,-0.0019051377999074193,0.0005844446637166545,-0.002805137799907419,-0.0003155553362833455
1781637145.8911614,ETH,BUY,1,1,0,43.0,True,1802.3,0.2,-0.8,0.5,range,0.3,123724,"('ETH', 'BUY', 123724)",,,,,,,,,,,,,,,,,,,,,,-0.00349553348499132,-0.0027187482661042983,-0.00439553348499132,-0.003618748266104298
1781637145.8911614,HYPE,BUY,1,1,0,40.0,True,72.66,-0.2,7.8,0.3,range,0.3,123724,"('HYPE', 'BUY', 123724)",,,,,,,,,,,,,,,,,,,,,,0.01074869254060018,0.023947151114781295,0.00984869254060018,0.023047151114781294
1781665193.6854098,BTC,SELL,-1,1,0,47.0,True,65817.5,-0.1,-0.5,0.5,trend,0.3,123726,"('BTC', 'SELL', 123726)",,,,,,,,,,,,,,,,,,,,,,6.837087400768382e-05,0.01415277091958822,-0.0008316291259923162,0.01325277091958822
1781665193.6854098,ETH,BUY,1,2,0,49.0,True,1794.5,-0.2,0.9,0.4,trend,0.3,123726,"('ETH', 'BUY', 123726)",,,,,,,,,,,,,,,,,,,,,,-0.00033435497353018206,-0.012315408191696853,-0.001234354973530182,-0.013215408191696853
1781665193.6854098,SOL,BUY,1,2,0,58.0,True,73.88,-0.0,0.2,0.6,trend,0.3,123726,"('SOL', 'BUY', 123726)",,,,,,,,,,,,,,,,,,,,,,-0.003722252301028628,-0.018733080671358926,-0.004622252301028628,-0.019633080671358927
1781665193.6854098,HYPE,BUY,1,2,0,65.5,True,74.64,0.3,7.0,0.5,trend,0.3,123726,"('HYPE', 'BUY', 123726)",,,,,,,,,,,,,,,,,,,,,,-0.0044614147909967095,-0.02123526259378339,-0.005361414790996709,-0.02213526259378339
1781693230.1071336,BTC,SELL,-1,2,0,63.5,True,64914.5,0.0,-2.3,0.9,trend,-0.8,123728,"('BTC', 'SELL', 123728)",,,,,,,,,,,,,,,,,,,,,,-0.005491839265495457,-0.017492239792342268,-0.006391839265495457,-0.01839223979234227
1781693230.1071336,ETH,SELL,-1,2,0,75.0,True,1772.8,0.0,-1.5,0.1,trend,-0.8,123728,"('ETH', 'SELL', 123728)",,,,,,,,,,,,,,,,,,,,,,0.006656137184115507,-0.00851759927797846,0.005756137184115507,-0.00941759927797846
1781693230.1071336,SOL,SELL,-1,2,0,73.8,True,72.42,-0.1,-3.0,0.3,trend,-0.8,123728,"('SOL', 'SELL', 123728)",,,,,,,,,,,,,,,,,,,,,,0.00013808340237508876,-0.023377520022093368,-0.0007619165976249112,-0.02427752002209337
1781693230.1071336,HYPE,BUY,1,1,1,60.5,True,72.46,-0.8,-4.2,0.3,trend,-0.8,123728,"('HYPE', 'BUY', 123728)",,,,,,,,,,,,,,,,,,,,,,-0.00986751311068157,0.026055754899254824,-0.01076751311068157,0.025155754899254822
1781700110.3858545,BTC,SELL,-1,2,0,53.5,True,64747.5,-0.1,-1.9,0.5,range,-1.4,123729,"('BTC', 'SELL', 123729)",,,,,,,,,,,,,,,,,,,,,,-0.015189775667014072,0.007112243715973632,-0.016089775667014073,0.006212243715973632
1781700110.3858545,ETH,SELL,-1,2,0,58.5,True,1745.8,-1.0,-2.9,2.0,range,-1.4,123729,"('ETH', 'SELL', 123729)",,,,,,,,,,,,,,,,,,,,,,-0.015465689082369005,0.006587237942490498,-0.016365689082369007,0.005687237942490498
1781700110.3858545,SOL,SELL,-1,1,0,50.0,True,71.85,-0.2,-2.9,,range,-1.4,123729,"('SOL', 'SELL', 123729)",,,,,,,,,,,,,,,,,,,,,,-0.02713987473903967,0.0027279053583855184,-0.028039874739039673,0.0018279053583855184
1781700110.3858545,HYPE,SELL,-1,1,0,70.0,True,70.02,-1.4,-7.6,1.1,range,-1.4,123729,"('HYPE', 'SELL', 123729)",,,,,,,,,,,,,,,,,,,,,,-0.0627392173664667,-0.03143387603541847,-0.0636392173664667,-0.03233387603541847
1781713169.0632417,BTC,SELL,-1,1,0,28.0,True,65841.5,0.2,-0.2,0.5,range,-0.6,123730,"('BTC', 'SELL', 123730)",,,,,,,,,,,,,,,,,,,,,,0.005293014284303954,0.02395905318074465,0.004393014284303954,0.023059053180744648
1781713169.0632417,ETH,SELL,-1,2,0,63.5,True,1771.8,-0.1,-1.3,0.3,range,-0.6,123730,"('ETH', 'SELL', 123730)",,,,,,,,,,,,,,,,,,,,,,0.001241675132633513,0.018117168980697596,0.00034167513263351295,0.017217168980697594
1781713169.0632417,SOL,BUY,1,2,0,79.0,True,73.84,0.1,0.3,0.3,range,-0.6,123730,"('SOL', 'BUY', 123730)",,,,,,,,,,,,,,,,,,,,,,-0.005078548212350986,-0.029523293607800705,-0.005978548212350986,-0.030423293607800706
1781713169.0632417,HYPE,BUY,1,2,0,65.5,True,73.97,-0.6,-0.0,1.7,range,-0.6,123730,"('HYPE', 'BUY', 123730)",,,,,,,,,,,,,,,,,,,,,,-0.003839394349060332,-0.04061105853724489,-0.004739394349060332,-0.04151105853724489
1781715236.3893557,BTC,BUY,1,1,0,57.0,True,66026.5,0.4,0.1,3.1,trend,2.5,123730,"('BTC', 'BUY', 123730)",,,,,,,,,,,,,,,,,,,,,,-0.026345482495664596,-0.023573868068124115,-0.027245482495664598,-0.024473868068124117
1781715236.3893557,ETH,BUY,1,1,1,62.5,True,1772.5,-0.0,-1.3,2.0,trend,2.5,123730,"('ETH', 'BUY', 123730)",,,,,,,,,,,,,,,,,,,,,,-0.021551480959097313,-0.012863187588152303,-0.022451480959097315,-0.013763187588152303
1781724727.1124082,HYPE,SELL,-1,1,0,65.0,True,71.75,-2.6,-2.2,1.2,range,-2.6,123730,"('HYPE', 'SELL', 123730)",,,,,,,,,,,,,,,,,,,,,,0.010926829268292804,-0.010466898954703874,0.010026829268292804,-0.011366898954703874
1781726782.4490368,BTC,SELL,-1,2,0,66.5,True,64202.5,-2.0,-2.5,3.5,trend,-2.3,123731,"('BTC', 'SELL', 123731)",,,,,,,,,,,,,,,,,,,,,,-0.0009579066235738676,-0.006985709279233587,-0.0018579066235738676,-0.007885709279233587
1781726782.4490368,ETH,SELL,-1,1,0,70.0,True,1733.0,-2.1,-3.6,2.7,trend,-2.3,123731,"('ETH', 'SELL', 123731)",,,,,,,,,,,,,,,,,,,,,,-0.003866128101557953,-0.012810155799192202,-0.004766128101557953,-0.013710155799192202
1781726782.4490368,SOL,BUY,1,1,1,37.0,True,71.77,-2.3,-3.2,3.1,trend,-2.3,123731,"('SOL', 'BUY', 123731)",,,,,,,,,,,,,,,,,,,,,,-0.0015326738191444589,0.00996237982443926,-0.0024326738191444586,0.00906237982443926
1781726782.4490368,HYPE,SELL,-1,1,0,65.0,True,72.04,-2.2,-1.8,2.4,trend,-2.3,123731,"('HYPE', 'SELL', 123731)",,,,,,,,,,,,,,,,,,,,,,0.014908384230982952,-0.006399222654080994,0.014008384230982952,-0.0072992226540809935
1781727760.2724168,SOL,SELL,-1,1,0,70.0,True,71.73,0.1,-2.9,0.2,trend,0.2,123731,"('SOL', 'SELL', 123731)",,,,,,,,,,,,,,,,,,,,,,0.000975881778893184,-0.010525582043775294,7.588177889318397e-05,-0.011425582043775294
1781741046.6395605,BTC,SELL,-1,1,0,65.0,True,64472.5,,-2.2,0.0,range,0.6,123732,"('BTC', 'SELL', 123732)",,,,,,,,,,,,,,,,,,,,,,-0.0027686222808174232,0.00650665012214513,-0.003668622280817423,0.00560665012214513
1781741046.6395605,ETH,SELL,-1,1,0,60.0,True,1749.3,0.6,-2.5,0.4,range,0.6,123732,"('ETH', 'SELL', 123732)",,,,,,,,,,,,,,,,,,,,,,-0.0033727776825016598,0.008117532727376697,-0.0042727776825016595,0.0072175327273766975
1781741046.6395605,SOL,SELL,-1,1,0,60.0,True,71.93,-0.1,-2.6,0.0,range,0.6,123732,"('SOL', 'SELL', 123732)",,,,,,,,,,,,,,,,,,,,,,-0.00771583483942706,0.008675100792437274,-0.00861583483942706,0.007775100792437274
1781741046.6395605,HYPE,SELL,-1,1,0,55.0,True,71.14,,-4.4,0.0,range,0.6,123732,"('HYPE', 'SELL', 123732)",,,,,,,,,,,,,,,,,,,,,,-0.019131290413269664,-0.001644644363227421,-0.020031290413269665,-0.0025446443632274208
1781742318.747215,HYPE,BUY,1,1,1,56.5,True,72.13,1.4,-3.1,0.3,range,1.4,123732,"('HYPE', 'BUY', 123732)",,,,,,,,,,,,,,,,,,,,,,0.0051434909191738765,-0.012103147095521849,0.004243490919173877,-0.013003147095521849
1781755703.9900975,BTC,SELL,-1,2,0,65.0,True,64319.5,0.1,-2.3,0.0,range,-0.2,123733,"('BTC', 'SELL', 123733)",,,,,,,,,,,,,,,,,,,,,,0.004143377980239227,0.004018998903909443,0.003243377980239227,0.0031189989039094434
1781755703.9900975,ETH,SELL,-1,1,0,70.0,True,1743.0,-0.0,-2.8,0.0,range,-0.2,123733,"('ETH', 'SELL', 123733)",,,,,,,,,,,,,,,,,,,,,,0.004532415375788967,-0.0019506597819851645,0.0036324153757889676,-0.0028506597819851643
1781755703.9900975,SOL,SELL,-1,2,0,65.0,True,71.72,0.2,-2.6,0.1,range,-0.2,123733,"('SOL', 'SELL', 123733)",,,,,,,,,,,,,,,,,,,,,,0.005772448410485187,0.004810373675404378,0.004872448410485187,0.003910373675404378
1781755703.9900975,HYPE,BUY,1,1,1,44.0,True,70.86,-0.2,-4.6,0.1,range,-0.2,123733,"('HYPE', 'BUY', 123733)",,,,,,,,,,,,,,,,,,,,,,0.005602596669489257,0.01888230313293815,0.004702596669489257,0.017982303132938148
1781756406.1236727,HYPE,SELL,-1,1,0,57.0,True,70.12,-1.2,-5.6,0.6,range,-1.2,123733,"('HYPE', 'SELL', 123733)",,,,,,,,,,,,,,,,,,,,,,-0.016215059897318973,-0.029634911580148193,-0.017115059897318975,-0.030534911580148195
1781770046.539826,BTC,SELL,-1,2,0,58.0,True,64430.5,-0.1,-0.7,0.0,range,-0.2,123734,"('BTC', 'SELL', 123734)",,,,,,,,,,,,,,,,,,,,,,0.005734861595051988,0.010142711914388425,0.004834861595051988,0.009242711914388425
1781770046.539826,ETH,SELL,-1,1,0,60.0,True,1748.0,-0.1,-1.4,0.1,range,-0.2,123734,"('ETH', 'SELL', 123734)",,,,,,,,,,,,,,,,,,,,,,0.0009153318077802508,0.00486270022883295,1.533180778025083e-05,0.00396270022883295
1781770046.539826,SOL,SELL,-1,1,0,60.0,True,71.73,,-1.1,0.0,range,-0.2,123734,"('SOL', 'SELL', 123734)",,,,,,,,,,,,,,,,,,,,,,0.004949114735814941,0.009591523769691968,0.0040491147358149415,0.008691523769691968
1781770046.539826,HYPE,SELL,-1,1,0,52.0,True,71.33,-0.2,-2.4,0.0,range,-0.2,123734,"('HYPE', 'SELL', 123734)",,,,,,,,,,,,,,,,,,,,,,-0.012168792934249106,0.028319080330856505,-0.013068792934249106,0.027419080330856504
1781770884.8664525,HYPE,BUY,1,2,0,52.5,True,71.87,0.5,-1.6,0.2,range,0.5,123734,"('HYPE', 'BUY', 123734)",,,,,,,,,,,,,,,,,,,,,,0.00456379574231236,-0.03561986920829274,0.00366379574231236,-0.03651986920829274
1781784088.6513119,BTC,SELL,-1,2,0,63.0,True,63937.5,-0.2,-1.7,0.9,range,-1.9,123735,"('BTC', 'SELL', 123735)",,,,,,,,,,,,,,,,,,,,,,0.002510263929618728,0.0197614858260019,0.001610263929618728,0.0188614858260019
1781784088.6513119,ETH,SELL,-1,1,0,40.0,True,1742.0,-0.2,-1.0,0.5,range,-1.9,123735,"('ETH', 'SELL', 123735)",,,,,,,,,,,,,,,,,,,,,,0.0014351320321469574,0.032721010332950606,0.0005351320321469574,0.03182101033295061
1781784088.6513119,SOL,SELL,-1,2,0,61.0,True,70.86,-0.7,-2.0,0.8,range,-1.9,123735,"('SOL', 'SELL', 123735)",,,,,,,,,,,,,,,,,,,,,,-0.0025684448207734523,0.03132938187976286,-0.003468444820773452,0.03042938187976286
1781784088.6513119,HYPE,BUY,1,1,1,36.5,True,70.86,-1.9,-0.8,0.6,range,-1.9,123735,"('HYPE', 'BUY', 123735)",,,,,,,,,,,,,,,,,,,,,,-0.02187411797911376,-0.04263336155800168,-0.022774117979113762,-0.04353336155800168
1781785002.670315,HYPE,SELL,-1,1,0,62.0,True,70.82,-0.1,-1.3,0.1,range,-0.1,123735,"('HYPE', 'SELL', 123735)",,,,,,,,,,,,,,,,,,,,,,0.02132166054786766,0.04209262920079071,0.02042166054786766,0.04119262920079071
1781799394.4624612,BTC,SELL,-1,2,0,68.5,True,62634.5,0.5,-5.2,0.7,range,0.8,123736,"('BTC', 'SELL', 123736)",,,,,,,,,,,,,,,,,,,,,,-0.0006306428565725497,-0.0036321835410197956,-0.0015306428565725497,-0.004532183541019795
1781799394.4624612,ETH,SELL,-1,1,0,70.0,True,1694.7,0.8,-5.2,1.7,range,0.8,123736,"('ETH', 'SELL', 123736)",,,,,,,,,,,,,,,,,,,,,,0.005723726913318017,-0.006962884286304316,0.004823726913318017,-0.007862884286304316
1781799394.4624612,SOL,SELL,-1,1,0,70.0,True,68.75,0.5,-7.2,0.7,range,0.8,123736,"('SOL', 'SELL', 123736)",,,,,,,,,,,,,,,,,,,,,,0.0016000000000000458,-0.010763636363636309,0.0007000000000000459,-0.011663636363636308
1781799394.4624612,HYPE,SELL,-1,1,0,62.0,True,67.62,0.2,-9.1,0.5,range,0.8,123736,"('HYPE', 'SELL', 123736)",,,,,,,,,,,,,,,,,,,,,,-0.003238686779059252,-0.0022922212363205574,-0.004138686779059252,-0.003192221236320557
1781813430.5252426,BTC,SELL,-1,1,0,65.0,True,62949.5,0.1,-2.0,0.1,trend,0.6,123737,"('BTC', 'SELL', 123737)",,,,,,,,,,,,,,,,,,,,,,0.001390003097721193,-0.00040508661705018767,0.000490003097721193,-0.0013050866170501876
1781813430.5252426,ETH,SELL,-1,1,0,65.0,True,1705.3,0.0,-1.9,0.1,trend,0.6,123737,"('ETH', 'SELL', 123737)",,,,,,,,,,,,,,,,,,,,,,-0.0007036885005571314,-0.0005277663754179596,-0.0016036885005571314,-0.0014277663754179595
1781813430.5252426,SOL,SELL,-1,1,0,65.0,True,69.4,0.1,-3.0,0.7,trend,0.6,123737,"('SOL', 'SELL', 123737)",,,,,,,,,,,,,,,,,,,,,,-0.0012968299711813014,-0.003270893371757788,-0.002196829971181301,-0.004170893371757788
1781813430.5252426,HYPE,SELL,-1,1,0,60.0,True,68.55,0.6,-3.6,0.1,trend,0.6,123737,"('HYPE', 'SELL', 123737)",,,,,,,,,,,,,,,,,,,,,,0.011305616338438962,0.006039387308533928,0.010405616338438962,0.005139387308533928
1781827393.6600914,BTC,SELL,-1,1,0,65.0,True,62939.5,0.1,-2.3,0.5,trend,0.8,123738,"('BTC', 'SELL', 123738)",,,,,,,,,,,,,,,,,,,,,,-0.0005640337149166452,0.0011518998403228231,-0.0014640337149166452,0.00025189984032282313
1781827393.6600914,ETH,SELL,-1,2,0,50.5,True,1711.2,0.3,-2.4,,trend,0.8,123738,"('ETH', 'SELL', 123738)",,,,,,,,,,,,,,,,,,,,,,0.002921926133707342,0.00654511453950446,0.0020219261337073424,0.00564511453950446
1781827393.6600914,SOL,SELL,-1,2,0,55.5,True,69.67,0.3,-3.5,0.3,trend,0.8,123738,"('SOL', 'SELL', 123738)",,,,,,,,,,,,,,,,,,,,,,0.0006171953495048843,0.013147696282474475,-0.00028280465049511567,0.012247696282474475
1781827393.6600914,HYPE,SELL,-1,1,0,60.0,True,68.34,0.8,-5.5,0.3,trend,0.8,123738,"('HYPE', 'SELL', 123738)",,,,,,,,,,,,,,,,,,,,,,0.0029850746268658135,0.010038045068773926,0.0020850746268658137,0.009138045068773927
1781831676.9631433,ETH,BUY,1,1,1,64.0,True,1713.0,-0.0,-2.4,0.4,trend,-0.1,123738,"('ETH', 'BUY', 123738)",,,,,,,,,,,,,,,,,,,,,,-0.009223584354932868,-0.010449503794512593,-0.010123584354932868,-0.011349503794512593
1781841954.161692,BTC,SELL,-1,2,0,59.5,True,62728.5,-0.0,-1.9,0.0,trend,-0.1,123739,"('BTC', 'SELL', 123739)",,,,,,,,,,,,,,,,,,,,,,-0.002207927815905064,0.0035470320508221853,-0.003107927815905064,0.0026470320508221856
1781841954.161692,ETH,SELL,-1,2,0,56.5,True,1696.5,-0.0,-1.9,0.0,trend,-0.1,123739,"('ETH', 'SELL', 123739)",,,,,,,,,,,,,,,,,,,,,,-0.0020630710285882703,0.0025346301208369892,-0.00296307102858827,0.0016346301208369893
1781841954.161692,SOL,SELL,-1,2,0,60.5,True,68.99,-0.0,-2.9,0.0,trend,-0.1,123739,"('SOL', 'SELL', 123739)",,,,,,,,,,,,,,,,,,,,,,0.003420785621104372,0.01039281055225394,0.002520785621104372,0.00949281055225394
1781841954.161692,HYPE,SELL,-1,1,0,70.0,True,66.72,-0.1,-4.3,0.0,trend,-0.1,123739,"('HYPE', 'SELL', 123739)",,,,,,,,,,,,,,,,,,,,,,-0.013998800959232671,-0.004616306954436489,-0.014898800959232671,-0.0055163069544364885
1781856544.6883268,BTC,SELL,-1,3,0,61.3,True,62588.5,-0.0,-2.5,0.0,trend,0.4,123740,"('BTC', 'SELL', 123740)",,,,,,,,,,,,,,,,,,,,,,0.0013181335229315305,-0.009434640548982687,0.00041813352293153055,-0.010334640548982687
1781856544.6883268,ETH,SELL,-1,2,0,58.0,True,1695.5,0.0,-2.9,0.0,trend,0.4,123740,"('ETH', 'SELL', 123740)",,,,,,,,,,,,,,,,,,,,,,0.001946328516661766,-0.0065467413742257285,0.0010463285166617661,-0.007446741374225728
1781856544.6883268,SOL,SELL,-1,1,0,75.0,True,68.35,0.0,-4.8,0.0,trend,0.4,123740,"('SOL', 'SELL', 123740)",,,,,,,,,,,,,,,,,,,,,,0.0011265544989026433,-0.011133869787856687,0.00022655449890264328,-0.012033869787856687
1781856544.6883268,HYPE,SELL,-1,1,0,35.0,True,66.83,0.4,-6.9,0.0,trend,0.4,123740,"('HYPE', 'SELL', 123740)",,,,,,,,,,,,,,,,,,,,,,-0.002962741283854653,-0.029567559479275696,-0.0038627412838546527,-0.030467559479275697
1781870958.7938051,BTC,SELL,-1,2,0,58.0,True,62598.5,0.1,-2.7,0.4,range,0.5,123741,"('BTC', 'SELL', 123741)",,,,,,,,,,,,,,,,,,,,,,-0.009273385145011526,-0.007739802071934587,-0.010173385145011525,-0.008639802071934587
1781870958.7938051,ETH,SELL,-1,2,0,55.5,True,1691.2,-0.1,-3.3,0.1,range,0.5,123741,"('ETH', 'SELL', 123741)",,,,,,,,,,,,,,,,,,,,,,-0.009105960264900625,-0.006563386944181682,-0.010005960264900625,-0.007463386944181681
1781870958.7938051,SOL,SELL,-1,1,0,65.0,True,68.21,-0.1,-4.6,0.4,range,0.5,123741,"('SOL', 'SELL', 123741)",,,,,,,,,,,,,,,,,,,,,,-0.013209206861164224,-0.011963055270488132,-0.014109206861164224,-0.012863055270488132
1781872142.3526156,HYPE,SELL,-1,1,0,35.0,True,66.95,-0.6,-5.2,0.2,trend,-0.6,123741,"('HYPE', 'SELL', 123741)",,,,,,,,,,,,,,,,,,,,,,-0.02772218073188948,-0.0552203136669156,-0.02862218073188948,-0.0561203136669156
1781874411.0491304,HYPE,BUY,1,1,0,57.0,True,67.8,0.6,-4.0,1.1,trend,0.6,123741,"('HYPE', 'BUY', 123741)",,,,,,,,,,,,,,,,,,,,,,0.022713864306784792,0.03971976401179944,0.02181386430678479,0.03881976401179944
1781875285.8141208,BTC,BUY,1,1,1,64.0,True,62804.5,,-1.5,0.7,trend,-0.5,123741,"('BTC', 'BUY', 123741)",,,,,,,,,,,,,,,,,,,,,,0.006042560644539785,0.0030332221417255223,0.005142560644539785,0.0021332221417255225
1781877338.1528087,SOL,BUY,1,1,0,67.0,True,69.0,0.6,-2.9,2.2,trend,0.9,123741,"('SOL', 'BUY', 123741)",,,,,,,,,,,,,,,,,,,,,,-0.004608695652173922,0.003420289855072589,-0.005508695652173922,0.0025202898550725893
1781885028.2222998,BTC,BUY,1,1,0,62.0,True,63190.5,0.0,0.8,0.7,range,0.8,123742,"('BTC', 'BUY', 123742)",,,,,,,,,,,,,,,,,,,,,,-0.0017012050862075245,0.0016220792682444252,-0.0026012050862075243,0.0007220792682444252
1781885028.2222998,ETH,SELL,-1,2,0,51.5,True,1706.8,,1.2,0.4,range,0.8,123742,"('ETH', 'SELL', 123742)",,,,,,,,,,,,,,,,,,,,,,0.002636512772439703,-0.0005273025544880738,0.001736512772439703,-0.0014273025544880738
1781885028.2222998,SOL,BUY,1,1,1,66.5,True,69.28,0.2,0.4,0.7,range,0.8,123742,"('SOL', 'BUY', 123742)",,,,,,,,,,,,,,,,,,,,,,-0.0036662817551963434,0.0014578521939954125,-0.004566281755196343,0.0005578521939954126
1781885028.2222998,HYPE,BUY,1,1,0,65.0,True,69.34,0.8,2.8,1.1,range,0.8,123742,"('HYPE', 'BUY', 123742)",,,,,,,,,,,,,,,,,,,,,,0.01884914912027691,0.008119411595038928,0.017949149120276908,0.007219411595038928
1781906622.5152378,BTC,SELL,-1,1,0,66.0,True,63030.5,-0.3,0.3,0.4,range,-1.4,123743,"('BTC', 'SELL', 123743)",,,,,,,,,,,,,,,,,,,,,,-0.0076232934849000955,-0.008257906886348643,-0.008523293484900095,-0.009157906886348642
1781906622.5152378,ETH,BUY,1,2,1,59.3,True,1701.5,-0.4,-0.3,0.3,range,-1.4,123743,"('ETH', 'BUY', 123743)",,,,,,,,,,,,,,,,,,,,,,0.004407875404055295,0.006876285630326162,0.003507875404055295,0.005976285630326162
1781906622.5152378,SOL,SELL,-1,1,0,76.0,True,68.9,-0.5,-0.8,0.9,range,-1.4,123743,"('SOL', 'SELL', 123743)",,,,,,,,,,,,,,,,,,,,,,-0.01037735849056598,-0.02828737300435402,-0.01127735849056598,-0.029187373004354023
1781906622.5152378,HYPE,BUY,1,1,0,45.0,True,69.28,-1.4,2.2,0.9,range,-1.4,123743,"('HYPE', 'BUY', 123743)",,,,,,,,,,,,,,,,,,,,,,-0.000995958429561239,0.010825635103926201,-0.001895958429561239,0.009925635103926201
1781915583.4748752,ETH,BUY,1,1,1,61.5,True,1710.5,-0.0,-0.2,0.1,range,-1.1,123744,"('ETH', 'BUY', 123744)",,,,,,,,,,,,,,,,,,,,,,-0.0015200233849751443,0.008769365682548935,-0.002420023384975144,0.007869365682548935
1781915583.4748752,SOL,BUY,1,1,1,59.0,True,69.84,0.2,-0.1,0.5,range,-1.1,123744,"('SOL', 'BUY', 123744)",,,,,,,,,,,,,,,,,,,,,,0.0020618556701028634,0.02468499427262305,0.0011618556701028634,0.02378499427262305
1781915583.4748752,HYPE,BUY,1,1,0,55.0,True,69.46,-1.1,2.7,0.2,range,-1.1,123744,"('HYPE', 'BUY', 123744)",,,,,,,,,,,,,,,,,,,,,,-0.007932623092427149,0.00750071983875622,-0.008832623092427149,0.00660071983875622
1781916595.7290142,BTC,SELL,-1,1,0,31.0,True,63525.5,0.0,0.8,0.8,range,-1.5,123744,"('BTC', 'SELL', 123744)",,,,,,,,,,,,,,,,,,,,,,0.001282949366789743,-0.0014403664670092908,0.00038294936678974294,-0.0023403664670092906
1781918098.3068464,BTC,BUY,1,1,1,61.5,True,63430.5,-0.1,0.7,0.1,range,-0.2,123744,"('BTC', 'BUY', 123744)",,,,,,,,,,,,,,,,,,,,,,0.0002128313666138748,0.0029402259165542954,-0.0006871686333861252,0.0020402259165542957
1781918098.3068464,SOL,SELL,-1,1,0,71.0,True,69.56,-0.1,-0.1,0.1,range,-0.2,123744,"('SOL', 'SELL', 123744)",,,,,,,,,,,,,,,,,,,,,,-0.006095457159286832,-0.028809660724554265,-0.006995457159286832,-0.029709660724554266
1781918098.3068464,HYPE,SELL,-1,1,0,48.0,True,69.08,-0.2,1.4,0.1,range,-0.2,123744,"('HYPE', 'SELL', 123744)",,,,,,,,,,,,,,,,,,,,,,0.002475390851186865,-0.013042848870874257,0.001575390851186865,-0.013942848870874257
1781921670.0527725,ETH,SELL,-1,2,1,61.0,True,1707.3,-0.1,0.6,0.2,range,-0.5,123744,"('ETH', 'SELL', 123744)",,,,,,,,,,,,,,,,,,,,,,-0.003455748843202766,-0.008902946172318904,-0.004355748843202766,-0.009802946172318904
1781936377.7342455,BTC,BUY,1,1,0,60.0,True,63624.5,-0.0,1.6,0.0,range,0.6,123745,"('BTC', 'BUY', 123745)",,,,,,,,,,,,,,,,,,,,,,-0.0035442321747125582,-2.357582377854328e-05,-0.004444232174712558,-0.0009235758237785433
1781936377.7342455,ETH,BUY,1,1,0,65.0,True,1725.0,-0.0,1.8,0.0,range,0.6,123745,"('ETH', 'BUY', 123745)",,,,,,,,,,,,,,,,,,,,,,-0.0014492753623188692,0.0009855072463769154,-0.002349275362318869,8.550724637691547e-05
1781936377.7342455,SOL,BUY,1,1,0,67.0,True,71.75,-0.0,5.0,0.1,range,0.6,123745,"('SOL', 'BUY', 123745)",,,,,,,,,,,,,,,,,,,,,,-0.005923344947735165,-0.0029128919860628155,-0.006823344947735165,-0.0038128919860628153
1781936377.7342455,HYPE,BUY,1,2,0,74.0,True,70.73,0.6,6.3,0.1,range,0.6,123745,"('HYPE', 'BUY', 123745)",,,,,,,,,,,,,,,,,,,,,,-0.0006079457090344409,0.0009331259720062324,-0.0015079457090344409,3.31259720062324e-05
1781949743.9029734,BTC,BUY,1,1,0,60.0,True,63611.5,0.3,1.8,0.5,range,0.3,123746,"('BTC', 'BUY', 123746)",,,,,,,,,,,,,,,,,,,,,,0.00018078492096562648,0.005950181963953138,-0.0007192150790343735,0.005050181963953139
1781949743.9029734,ETH,BUY,1,1,0,45.0,True,1727.8,0.3,2.1,0.8,range,0.3,123746,"('ETH', 'BUY', 123746)",,,,,,,,,,,,,,,,,,,,,,-0.0006366477601573717,0.002893853455260942,-0.0015366477601573717,0.001993853455260942
1781949743.9029734,SOL,BUY,1,1,0,73.0,True,71.49,0.2,4.7,0.7,range,0.3,123746,"('SOL', 'BUY', 123746)",,,,,,,,,,,,,,,,,,,,,,0.0007133864876207596,0.0025178346621905767,-0.00018661351237924035,0.0016178346621905767
1781949743.9029734,HYPE,BUY,1,1,0,55.0,True,70.64,-0.1,5.4,0.4,range,0.3,123746,"('HYPE', 'BUY', 123746)",,,,,,,,,,,,,,,,,,,,,,0.002208380520951403,-0.012301812004529955,0.001308380520951403,-0.013201812004529955
1781962280.0378876,BTC,SELL,-1,1,0,70.0,True,63285.5,-0.5,0.2,1.4,range,-0.9,123747,"('BTC', 'SELL', 123747)",,,,,,,,,,,,,,,,,,,,,,-0.011132091869385574,-0.009694163749990103,-0.012032091869385574,-0.010594163749990103
1781962280.0378876,ETH,SELL,-1,3,0,61.0,True,1714.2,-0.7,0.4,,range,-0.9,123747,"('ETH', 'SELL', 123747)",,,,,,,,,,,,,,,,,,,,,,-0.010850542527126361,-0.009333800023334504,-0.011750542527126361,-0.010233800023334504
1781962280.0378876,SOL,BUY,1,1,0,60.0,True,71.44,-0.1,3.4,0.7,range,-0.9,123747,"('SOL', 'BUY', 123747)",,,,,,,,,,,,,,,,,,,,,,0.003219484882418966,0.008258678611422265,0.002319484882418966,0.007358678611422266
1781962280.0378876,HYPE,SELL,-1,1,0,70.0,True,70.15,-0.9,2.0,0.8,range,-0.9,123747,"('HYPE', 'SELL', 123747)",,,,,,,,,,,,,,,,,,,,,,0.005402708481824781,0.004861012116892494,0.004502708481824781,0.003961012116892494
1781962953.6345577,HYPE,BUY,1,1,1,37.0,True,69.56,-1.7,1.1,1.3,range,-1.7,123747,"('HYPE', 'BUY', 123747)",,,,,,,,,,,,,,,,,,,,,,0.0030333525014376583,0.003579643473260452,0.0021333525014376586,0.0026796434732604523
1781977372.2806764,BTC,BUY,1,1,0,60.0,True,63992.5,,1.4,0.2,trend,-0.6,123748,"('BTC', 'BUY', 123748)",,,,,,,,,,,,,,,,,,,,,,-0.0014611087236785503,0.004305192014689263,-0.00236110872367855,0.0034051920146892633
1781977372.2806764,ETH,BUY,1,1,0,60.0,True,1729.8,-0.2,1.6,0.4,trend,-0.6,123748,"('ETH', 'BUY', 123748)",,,,,,,,,,,,,,,,,,,,,,0.0002312406058504468,0.0038732801479939294,-0.0006687593941495532,0.0029732801479939296
1781977372.2806764,SOL,BUY,1,2,0,69.0,True,71.21,-0.6,3.2,0.4,trend,-0.6,123748,"('SOL', 'BUY', 123748)",,,,,,,,,,,,,,,,,,,,,,0.011515236624069836,0.027945513270608124,0.010615236624069836,0.027045513270608123
1781977372.2806764,HYPE,SELL,-1,1,0,65.0,True,69.66,-0.2,-1.4,0.7,trend,-0.6,123748,"('HYPE', 'SELL', 123748)",,,,,,,,,,,,,,,,,,,,,,-0.0021389606660924265,-0.011498708010335923,-0.0030389606660924263,-0.012398708010335923
1781978916.9268827,HYPE,BUY,1,1,1,48.0,True,69.52,-0.4,-1.6,1.1,trend,-0.4,123748,"('HYPE', 'BUY', 123748)",,,,,,,,,,,,,,,,,,,,,,0.004157077100115147,0.013535673187571984,0.0032570771001151477,0.012635673187571984
1781985893.0605137,BTC,BUY,1,2,0,66.2,True,63931.5,0.0,1.4,0.0,trend,-0.2,123749,"('BTC', 'BUY', 123749)",,,,,,,,,,,,,,,,,,,,,,0.005013178167257104,0.004669059853124047,0.004113178167257104,0.003769059853124047
1781985893.0605137,ETH,BUY,1,1,0,30.0,True,1729.5,0.1,1.6,0.0,trend,-0.2,123749,"('ETH', 'BUY', 123749)",,,,,,,,,,,,,,,,,,,,,,0.0076900838392599535,0.003295750216825599,0.006790083839259954,0.0023957502168255995
1781985893.0605137,SOL,BUY,1,2,0,61.5,True,71.93,0.1,4.3,0.0,trend,-0.2,123749,"('SOL', 'BUY', 123749)",,,,,,,,,,,,,,,,,,,,,,0.022855554010843715,0.01976922007507298,0.021955554010843713,0.018869220075072978
1781985893.0605137,HYPE,BUY,1,1,1,56.5,True,69.72,-0.2,0.6,0.0,trend,-0.2,123749,"('HYPE', 'BUY', 123749)",,,,,,,,,,,,,,,,,,,,,,0.012650602409638667,0.0013482501434307625,0.011750602409638667,0.0004482501434307626
1781986229.6313455,HYPE,SELL,-1,1,0,65.0,True,69.78,-0.1,0.7,0.0,trend,-0.1,123749,"('HYPE', 'SELL', 123749)",,,,,,,,,,,,,,,,,,,,,,-0.011779879621668154,-0.00048724562912005887,-0.012679879621668154,-0.0013872456291200588
1782034315.167449,BTC,SELL,-1,1,0,67.0,True,64034.5,0.1,0.6,0.5,range,0.4,123752,"('BTC', 'SELL', 123752)",,,,,,,,,,,,,,,,,,,,,,-0.0019754975833339294,-0.0011322021722666165,-0.002875497583333929,-0.002032202172266616
1782034315.167449,ETH,SELL,-1,2,0,58.5,True,1726.5,-0.1,-0.0,0.1,range,0.4,123752,"('ETH', 'SELL', 123752)",,,,,,,,,,,,,,,,,,,,,,0.0008688097306689402,-0.00040544454097890537,-3.119026933105979e-05,-0.0013054445409789053
1782034315.167449,SOL,BUY,1,1,0,73.0,True,73.4,0.4,2.4,0.2,range,0.4,123752,"('SOL', 'BUY', 123752)",,,,,,,,,,,,,,,,,,,,,,0.0029291553133512505,0.01282016348773829,0.0020291553133512507,0.01192016348773829
1782034315.167449,HYPE,SELL,-1,2,0,63.5,True,67.86,0.3,-4.1,0.6,range,0.4,123752,"('HYPE', 'SELL', 123752)",,,,,,,,,,,,,,,,,,,,,,-0.0013262599469496816,-0.0017536103743001075,-0.0022262599469496814,-0.0026536103743001072
1782037048.3561301,BTC,BUY,1,1,0,53.0,True,64181.5,0.0,0.8,0.1,range,-0.2,123752,"('BTC', 'BUY', 123752)",,,,,,,,,,,,,,,,,,,,,,-0.0003194066826109898,-0.0011607706270498896,-0.0012194066826109898,-0.0020607706270498894
1782044527.2146623,BTC,BUY,1,1,0,40.0,True,64138.5,0.0,1.2,0.1,range,-0.5,123753,"('BTC', 'BUY', 123753)",,,,,,,,,,,,,,,,,,,,,,-0.0004443508968872134,0.00036639459918763606,-0.0013443508968872134,-0.0005336054008123639
1782044527.2146623,ETH,SELL,-1,1,0,52.0,True,1718.2,-0.4,0.0,0.1,range,-0.5,123753,"('ETH', 'SELL', 123753)",,,,,,,,,,,,,,,,,,,,,,-0.005412641136072649,-0.009253870329414493,-0.006312641136072649,-0.010153870329414493
1782044527.2146623,SOL,BUY,1,2,0,53.0,True,73.22,0.1,2.8,0.2,range,-0.5,123753,"('SOL', 'BUY', 123753)",,,,,,,,,,,,,,,,,,,,,,0.011922971865610643,0.013520895930073662,0.011022971865610643,0.012620895930073662
1782044527.2146623,HYPE,SELL,-1,1,0,40.0,True,67.42,-0.5,-3.1,0.2,range,-0.5,123753,"('HYPE', 'SELL', 123753)",,,,,,,,,,,,,,,,,,,,,,-0.00956689409670708,-0.012533372886383898,-0.010466894096707079,-0.013433372886383898
1782044933.7254202,BTC,SELL,-1,1,0,57.0,True,63984.5,-0.2,1.0,0.5,range,-0.5,123753,"('BTC', 'SELL', 123753)",,,,,,,,,,,,,,,,,,,,,,-0.0019614125295970286,-0.002774109354609422,-0.0028614125295970284,-0.0036741093546094217
1782044933.7254202,ETH,BUY,1,1,1,62.5,True,1718.2,-0.4,0.0,3.4,range,-0.5,123753,"('ETH', 'BUY', 123753)",,,,,,,,,,,,,,,,,,,,,,0.005412641136072649,0.009253870329414493,0.004512641136072649,0.008353870329414493
1782057704.1053417,BTC,BUY,1,1,0,35.0,True,64219.5,0.2,0.4,0.7,range,0.6,123754,"('BTC', 'BUY', 123754)",,,,,,,,,,,,,,,,,,,,,,-0.0008953666721167597,-0.007124004391189542,-0.0017953666721167597,-0.008024004391189542
1782057704.1053417,ETH,SELL,-1,1,0,60.0,True,1729.8,0.1,-0.2,1.7,range,0.6,123754,"('ETH', 'SELL', 123754)",,,,,,,,,,,,,,,,,,,,,,-0.0024858365128916926,0.007399699387212411,-0.0033858365128916924,0.006499699387212411
1782057704.1053417,SOL,BUY,1,2,0,63.0,True,74.08,-0.0,3.4,0.5,range,0.6,123754,"('SOL', 'BUY', 123754)",,,,,,,,,,,,,,,,,,,,,,0.0017548596112311188,-0.014106371490280822,0.0008548596112311188,-0.015006371490280822
1782057704.1053417,HYPE,SELL,-1,1,0,65.0,True,68.45,0.6,-1.9,1.6,range,0.6,123754,"('HYPE', 'SELL', 123754)",,,,,,,,,,,,,,,,,,,,,,0.002702702702702786,0.016654492330168025,0.0018027027027027861,0.015754492330168023
1782079069.3320625,BTC,SELL,-1,2,0,73.8,True,63801.5,,-0.7,3.3,range,-0.4,123755,"('BTC', 'SELL', 123755)",,,,,,,,,,,,,,,,,,,,,,-0.0009325799550168323,-0.00416134416902425,-0.0018325799550168323,-0.00506134416902425
1782079069.3320625,ETH,SELL,-1,1,0,82.0,True,1719.2,-0.1,-1.4,4.2,range,-0.4,123755,"('ETH', 'SELL', 123755)",,,,,,,,,,,,,,,,,,,,,,-0.004129827826896193,-0.009015821312238215,-0.005029827826896193,-0.009915821312238214
1782079069.3320625,SOL,BUY,1,1,1,64.0,True,73.26,-0.2,-0.4,3.1,range,-0.4,123755,"('SOL', 'BUY', 123755)",,,,,,,,,,,,,,,,,,,,,,0.0009009009009006697,0.007780507780507762,9.009009006696791e-07,0.006880507780507762
1782079069.3320625,HYPE,SELL,-1,1,0,75.0,True,67.63,-0.4,-4.2,1.2,range,-0.4,123755,"('HYPE', 'SELL', 123755)",,,,,,,,,,,,,,,,,,,,,,0.0006949578589382499,0.02476711518556851,-0.00020504214106175007,0.02386711518556851
1782087815.0154712,BTC,SELL,-1,2,0,56.0,True,63602.5,0.5,-1.0,0.5,range,0.7,123756,"('BTC', 'SELL', 123756)",,,,,,,,,,,,,,,,,,,,,,-0.009677292559254758,-0.005793797413623736,-0.010577292559254757,-0.0066937974136237356
1782087815.0154712,ETH,SELL,-1,2,0,66.0,True,1710.2,0.2,-1.5,0.4,range,0.7,123756,"('ETH', 'SELL', 123756)",,,,,,,,,,,,,,,,,,,,,,-0.015553736405098828,-0.01438428254005375,-0.01645373640509883,-0.01528428254005375
1782087815.0154712,SOL,SELL,-1,2,0,63.5,True,72.92,0.7,-0.4,0.2,range,0.7,123756,"('SOL', 'SELL', 123756)",,,,,,,,,,,,,,,,,,,,,,-0.011972024136039483,-0.010298957761931016,-0.012872024136039483,-0.011198957761931016
1782087815.0154712,HYPE,SELL,-1,1,0,65.0,True,67.22,0.5,-4.6,0.2,range,0.7,123756,"('HYPE', 'SELL', 123756)",,,,,,,,,,,,,,,,,,,,,,-0.0018149360309431817,0.015412079738173157,-0.0027149360309431814,0.014512079738173157
1782090583.4788125,SOL,BUY,1,2,1,67.7,True,73.36,0.0,0.0,0.0,range,0.2,123756,"('SOL', 'BUY', 123756)",,,,,,,,,,,,,,,,,,,,,,0.0015948745910578932,0.009732824427480802,0.0006948745910578932,0.008832824427480802
1782093211.9570794,BTC,BUY,1,1,0,43.0,True,64499.5,1.0,0.4,3.3,trend,1.5,123756,"('BTC', 'BUY', 123756)",,,,,,,,,,,,,,,,,,,,,,-0.006705478337041382,-0.005589190613880746,-0.0076054783370413815,-0.006489190613880745
1782093211.9570794,HYPE,BUY,1,1,0,60.0,True,68.4,1.2,-2.0,1.5,trend,1.5,123756,"('HYPE', 'BUY', 123756)",,,,,,,,,,,,,,,,,,,,,,-0.0357456140350878,-0.01450292397660824,-0.0366456140350878,-0.01540292397660824
1782101479.4541895,BTC,SELL,-1,1,0,65.0,True,63880.5,-0.1,-0.5,0.1,trend,-0.1,123757,"('BTC', 'SELL', 123757)",,,,,,,,,,,,,,,,,,,,,,-0.0014167077590188093,-0.003623954101799498,-0.002316707759018809,-0.004523954101799498
1782101479.4541895,ETH,SELL,-1,2,0,43.0,True,1731.7,0.1,-0.0,0.0,trend,-0.1,123757,"('ETH', 'SELL', 123757)",,,,,,,,,,,,,,,,,,,,,,-0.001790148409077652,-0.00981694288849111,-0.002690148409077652,-0.010716942888491109
1782101479.4541895,SOL,BUY,1,2,0,49.0,True,73.39,-0.1,0.4,0.1,trend,-0.1,123757,"('SOL', 'BUY', 123757)",,,,,,,,,,,,,,,,,,,,,,0.0038288595176454443,0.004755416269246471,0.0029288595176454445,0.003855416269246471
1782101479.4541895,HYPE,SELL,-1,1,0,75.0,True,65.44,,-5.7,0.1,trend,-0.1,123757,"('HYPE', 'SELL', 123757)",,,,,,,,,,,,,,,,,,,,,,-0.011369193154034285,-0.031677872860635725,-0.012269193154034285,-0.03257787286063572
1782105678.3472662,BTC,BUY,1,2,0,56.5,True,64196.5,0.2,-0.1,0.1,range,0.3,123757,"('BTC', 'BUY', 123757)",,,,,,,,,,,,,,,,,,,,,,-0.00028817770439193424,0.006752704586698632,-0.0011881777043919342,0.005852704586698633
1782115342.6198382,BTC,BUY,1,1,0,52.0,True,64205.5,0.4,0.3,0.6,range,1.8,123758,"('BTC', 'BUY', 123758)",,,,,,,,,,,,,,,,,,,,,,-0.0014562615352267105,0.01153327985920205,-0.0023562615352267103,0.01063327985920205
1782115342.6198382,ETH,SELL,-1,2,0,43.0,True,1746.2,0.7,1.0,0.2,range,1.8,123758,"('ETH', 'SELL', 123758)",,,,,,,,,,,,,,,,,,,,,,-0.0014316802199061396,-0.004352307868514371,-0.0023316802199061393,-0.005252307868514371
1782115342.6198382,SOL,BUY,1,2,0,58.0,True,74.08,0.6,1.3,0.4,range,1.8,123758,"('SOL', 'BUY', 123758)",,,,,,,,,,,,,,,,,,,,,,-0.004603131749459921,-0.009327753779697634,-0.005503131749459921,-0.010227753779697634
1782115342.6198382,HYPE,SELL,-1,1,0,60.0,True,67.36,1.8,-0.4,0.9,range,1.8,123758,"('HYPE', 'SELL', 123758)",,,,,,,,,,,,,,,,,,,,,,-0.002271377672209196,-0.008714370546318406,-0.003171377672209196,-0.009614370546318406
1782115576.7241452,HYPE,BUY,1,1,0,70.0,True,67.32,0.1,-1.3,0.1,range,0.1,123758,"('HYPE', 'BUY', 123758)",,,,,,,,,,,,,,,,,,,,,,0.002866904337492704,0.009313725490196267,0.001966904337492704,0.008413725490196268
1782129692.9421632,BTC,BUY,1,2,0,78.5,True,64646.5,0.8,0.8,1.8,range,1.2,123759,"('BTC', 'BUY', 123759)",,,,,,,,,,,,,,,,,,,,,,0.004632888091389287,-0.00522070026992949,0.003732888091389287,-0.00612070026992949
1782129692.9421632,ETH,SELL,-1,2,0,43.0,True,1769.8,1.2,2.6,1.2,range,1.2,123759,"('ETH', 'SELL', 123759)",,,,,,,,,,,,,,,,,,,,,,0.009040569555882061,0.021019324217425694,0.008140569555882061,0.020119324217425693
1782129692.9421632,SOL,BUY,1,3,0,57.0,True,74.19,0.6,0.8,0.6,range,1.2,123759,"('SOL', 'BUY', 123759)",,,,,,,,,,,,,,,,,,,,,,-0.010796603315810782,-0.02162016444264725,-0.011696603315810782,-0.02252016444264725
1782129692.9421632,HYPE,BUY,1,1,0,65.0,True,68.18,1.0,0.3,,range,1.2,123759,"('HYPE', 'BUY', 123759)",,,,,,,,,,,,,,,,,,,,,,-0.00341742446465243,-0.00422411264300393,-0.00431742446465243,-0.00512411264300393
1782144331.629544,BTC,BUY,1,2,0,66.5,True,64804.5,-0.2,1.1,0.9,range,-1.6,123760,"('BTC', 'BUY', 123760)",,,,,,,,,,,,,,,,,,,,,,-0.007646073960913213,-0.012969778333294713,-0.008546073960913213,-0.013869778333294712
1782144331.629544,ETH,SELL,-1,2,0,43.0,True,1742.8,-0.6,0.9,2.2,range,-1.6,123760,"('ETH', 'SELL', 123760)",,,,,,,,,,,,,,,,,,,,,,0.0058526509065871535,0.011074133578150125,0.004952650906587154,0.010174133578150125
1782144331.629544,SOL,BUY,1,1,1,39.0,True,73.0,-0.5,-1.8,1.2,range,-1.6,123760,"('SOL', 'BUY', 123760)",,,,,,,,,,,,,,,,,,,,,,-0.00567123287671234,-0.012794520547945165,-0.00657123287671234,-0.013694520547945165
1782144331.629544,HYPE,BUY,1,1,0,60.0,True,66.84,-1.6,-1.7,1.8,range,-1.6,123760,"('HYPE', 'BUY', 123760)",,,,,,,,,,,,,,,,,,,,,,0.015739078396169948,-0.009560143626571094,0.014839078396169948,-0.010460143626571093
1782145542.2046258,HYPE,SELL,-1,1,0,43.0,True,66.97,0.1,-1.3,0.5,range,-0.6,123760,"('HYPE', 'SELL', 123760)",,,,,,,,,,,,,,,,,,,,,,-0.01376735851873967,0.0114827534717038,-0.01466735851873967,0.0105827534717038
1782148294.353832,SOL,SELL,-1,1,0,57.0,True,72.8,-0.2,-1.9,0.1,range,-0.2,123760,"('SOL', 'SELL', 123760)",,,,,,,,,,,,,,,,,,,,,,0.0014972527472526531,0.011634615384615299,0.0005972527472526531,0.010734615384615299
1782165853.184976,BTC,SELL,-1,1,0,62.0,True,64223.5,-0.3,0.7,0.5,range,-1.0,123761,"('BTC', 'SELL', 123761)",,,,,,,,,,,,,,,,,,,,,,0.0013312883913209062,0.009786137473043355,0.0004312883913209062,0.008886137473043355
1782165853.184976,ETH,SELL,-1,1,0,57.0,True,1732.2,-0.1,0.9,0.6,range,-1.0,123761,"('ETH', 'SELL', 123761)",,,,,,,,,,,,,,,,,,,,,,0.0008082207597275293,0.008082207597275182,-9.17792402724707e-05,0.007182207597275182
1782165853.184976,SOL,SELL,-1,1,0,47.0,True,72.58,-0.3,-0.6,0.5,range,-1.0,123761,"('SOL', 'SELL', 123761)",,,,,,,,,,,,,,,,,,,,,,0.010168090383025574,0.01607880958941854,0.009268090383025574,0.015178809589418541
1782165853.184976,HYPE,SELL,-1,2,0,65.0,True,66.5,-1.0,-1.2,0.5,range,-1.0,123761,"('HYPE', 'SELL', 123761)",,,,,,,,,,,,,,,,,,,,,,0.0034285714285713365,0.00440601503759408,0.0025285714285713367,0.00350601503759408
1782176696.9183123,BTC,SELL,-1,1,0,47.0,True,64090.5,0.1,-0.8,0.5,range,-0.2,123762,"('BTC', 'SELL', 123762)",,,,,,,,,,,,,,,,,,,,,,0.0008659629742318042,0.019324236821369745,-3.4037025768195736e-05,0.018424236821369743
1782176696.9183123,ETH,SELL,-1,1,0,47.0,True,1729.7,0.1,-0.8,0.5,range,-0.2,123762,"('ETH', 'SELL', 123762)",,,,,,,,,,,,,,,,,,,,,,0.00046250794935531747,0.02873330635370297,-0.0004374920506446825,0.02783330635370297
1782176696.9183123,SOL,SELL,-1,2,0,71.0,True,71.84,-0.2,-3.4,1.7,range,-0.2,123762,"('SOL', 'SELL', 123762)",,,,,,,,,,,,,,,,,,,,,,-0.001545100222716922,0.026169265033407663,-0.0024451002227169217,0.02526926503340766
1782176696.9183123,HYPE,SELL,-1,1,0,62.0,True,66.26,,-3.1,0.6,range,-0.2,123762,"('HYPE', 'SELL', 123762)",,,,,,,,,,,,,,,,,,,,,,-0.012058557198913356,0.04136734077875048,-0.012958557198913355,0.040467340778750485
1782183259.5450635,HYPE,BUY,1,1,0,35.0,True,67.08,1.1,2.5,0.9,range,1.1,123762,"('HYPE', 'BUY', 123762)",,,,,,,,,,,,,,,,,,,,,,-0.02713178294573637,-0.0596750149075731,-0.028031782945736373,-0.060575014907573096
1782188399.437491,BTC,SELL,-1,1,0,37.0,True,64045.5,0.0,-0.2,0.1,range,-0.3,123763,"('BTC', 'SELL', 123763)",,,,,,,,,,,,,,,,,,,,,,0.01788572186960835,0.027347744962565645,0.01698572186960835,0.026447744962565644
1782188399.437491,ETH,SELL,-1,1,0,47.0,True,1730.3,0.1,-0.3,0.0,range,-0.3,123763,"('ETH', 'SELL', 123763)",,,,,,,,,,,,,,,,,,,,,,0.02253944402704733,0.045483442177657096,0.021639444027047327,0.0445834421776571
1782188399.437491,SOL,SELL,-1,1,0,50.0,True,71.8,-0.2,-2.9,0.5,range,-0.3,123763,"('SOL', 'SELL', 123763)",,,,,,,,,,,,,,,,,,,,,,0.02116991643454036,0.04256267409470749,0.020269916434540357,0.04166267409470749
1782188399.437491,HYPE,BUY,1,1,0,35.0,True,66.88,-0.3,0.9,0.1,range,-0.3,123763,"('HYPE', 'BUY', 123763)",,,,,,,,,,,,,,,,,,,,,,-0.03904007177033475,-0.06474282296650713,-0.03994007177033475,-0.06564282296650713
1782203501.7962325,BTC,SELL,-1,2,0,60.0,True,62104.0,-1.2,-3.1,1.1,high_volatility,-2.4,123764,"('BTC', 'SELL', 123764)",,,,,,,,,,,,,,,,,,,,,,-0.006070462450083802,-0.0057323199793895,-0.006970462450083802,-0.006632319979389499
1782203501.7962325,ETH,SELL,-1,1,0,50.0,True,1657.8,-1.3,-5.0,1.4,high_volatility,-2.4,123764,"('ETH', 'SELL', 123764)",,,,,,,,,,,,,,,,,,,,,,-0.0010857763300760048,-0.0006635299794910399,-0.0019857763300760046,-0.0015635299794910398
1782203501.7962325,SOL,SELL,-1,1,0,50.0,True,68.27,-2.4,-7.5,4.2,high_volatility,-2.4,123764,"('SOL', 'SELL', 123764)",,,,,,,,,,,,,,,,,,,,,,-0.01441335872271865,-0.008642156144719637,-0.01531335872271865,-0.009542156144719637
1782203501.7962325,HYPE,SELL,-1,2,0,67.5,True,62.95,-0.9,-6.7,1.2,high_volatility,-2.4,123764,"('HYPE', 'SELL', 123764)",,,,,,,,,,,,,,,,,,,,,,-0.004654487688641851,0.009531374106433677,-0.0055544876886418505,0.008631374106433677
1782220702.2608955,BTC,SELL,-1,1,0,40.0,True,62044.5,-0.3,-4.5,0.4,trend,-0.3,123765,"('BTC', 'SELL', 123765)",,,,,,,,,,,,,,,,,,,,,,-0.006696806324492988,-0.005423526662315048,-0.007596806324492987,-0.006323526662315048
1782220702.2608955,ETH,SELL,-1,1,0,40.0,True,1649.0,-0.3,-6.0,0.1,trend,-0.3,123765,"('ETH', 'SELL', 123765)",,,,,,,,,,,,,,,,,,,,,,-0.006003638568829572,-0.007883565797452974,-0.006903638568829572,-0.008783565797452974
1782220702.2608955,SOL,SELL,-1,1,0,40.0,True,68.81,-0.1,-6.2,0.1,trend,-0.3,123765,"('SOL', 'SELL', 123765)",,,,,,,,,,,,,,,,,,,,,,-0.0007266385699753464,-0.00010172939979646856,-0.0016266385699753463,-0.0010017293997964685
1782220702.2608955,HYPE,SELL,-1,2,0,58.0,True,62.9,-0.0,-7.4,0.1,trend,-0.3,123765,"('HYPE', 'SELL', 123765)",,,,,,,,,,,,,,,,,,,,,,0.008744038155802825,0.010874403815580247,0.007844038155802825,0.009974403815580247
1782230545.0026448,BTC,SELL,-1,1,0,40.0,True,62444.5,-0.0,-3.5,0.9,trend,-2.0,123766,"('BTC', 'SELL', 123766)",,,,,,,,,,,,,,,,,,,,,,0.0036112067515954305,-0.001849642482524505,0.0027112067515954307,-0.002749642482524505
1782230545.0026448,ETH,SELL,-1,1,0,40.0,True,1657.2,-0.2,-4.7,1.5,trend,-2.0,123766,"('ETH', 'SELL', 123766)",,,,,,,,,,,,,,,,,,,,,,0.0016292541636495628,-0.003982621288920907,0.0007292541636495628,-0.0048826212889209065
1782230545.0026448,SOL,SELL,-1,2,0,53.0,True,68.76,-0.5,-5.7,1.7,trend,-2.0,123766,"('SOL', 'SELL', 123766)",,,,,,,,,,,,,,,,,,,,,,-0.0014252472367655145,-0.01102385107620707,-0.002325247236765514,-0.01192385107620707
1782230545.0026448,HYPE,SELL,-1,2,0,61.5,True,61.64,-2.0,-8.8,2.6,trend,-2.0,123766,"('HYPE', 'SELL', 123766)",,,,,,,,,,,,,,,,,,,,,,-0.0017521090201166878,-0.010447761194029903,-0.0026521090201166875,-0.011347761194029903
1782250609.6573184,BTC,SELL,-1,2,0,58.0,True,62549.5,0.2,-2.2,0.1,trend,0.4,123767,"('BTC', 'SELL', 123767)",,,,,,,,,,,,,,,,,,,,,,-0.007058409739486349,-0.003061575232415903,-0.007958409739486349,-0.003961575232415903
1782250609.6573184,ETH,SELL,-1,2,0,58.0,True,1664.7,0.1,-3.4,0.1,trend,0.4,123767,"('ETH', 'SELL', 123767)",,,,,,,,,,,,,,,,,,,,,,-0.003424040367633774,-0.00228269357842259,-0.004324040367633774,-0.0031826935784225897
1782250609.6573184,SOL,SELL,-1,2,0,58.0,True,69.04,0.1,-4.2,0.1,trend,0.4,123767,"('SOL', 'SELL', 123767)",,,,,,,,,,,,,,,,,,,,,,-0.012949015063731029,-0.007227694090382375,-0.013849015063731028,-0.008127694090382375
1782250609.6573184,HYPE,SELL,-1,2,0,58.0,True,62.27,0.4,-5.9,0.1,trend,0.4,123767,"('HYPE', 'SELL', 123767)",,,,,,,,,,,,,,,,,,,,,,-0.009282158342700964,0.013955355709009187,-0.010182158342700963,0.013055355709009188
1782253894.5996072,ETH,BUY,1,1,1,64.0,True,1664.2,-0.1,-3.7,0.1,trend,0.6,123767,"('ETH', 'BUY', 123767)",,,,,,,,,,,,,,,,,,,,,,0.004626847734647388,0.005648359572166806,0.003726847734647388,0.004748359572166806
1782253894.5996072,SOL,BUY,1,1,1,69.0,True,69.38,0.2,-3.6,,trend,0.6,123767,"('SOL', 'BUY', 123767)",,,,,,,,,,,,,,,,,,,,,,0.009613721533583197,0.00740847506486042,0.008713721533583197,0.0065084750648604205
1782259763.8592458,BTC,SELL,-1,2,0,58.0,True,62719.5,0.0,-2.2,0.1,trend,0.2,123768,"('BTC', 'SELL', 123768)",,,,,,,,,,,,,,,,,,,,,,0.0019212525610057263,-0.00043846012803028245,0.0010212525610057263,-0.0013384601280302824
1782259763.8592458,ETH,SELL,-1,2,0,46.5,True,1668.5,0.1,-3.6,0.0,trend,0.2,123768,"('ETH', 'SELL', 123768)",,,,,,,,,,,,,,,,,,,,,,0.0032963739886124888,-0.0034162421336529913,0.002396373988612489,-0.004316242133652991
1782259763.8592458,SOL,BUY,1,1,1,70.5,True,69.62,-0.0,-2.9,0.0,trend,0.2,123768,"('SOL', 'BUY', 123768)",,,,,,,,,,,,,,,,,,,,,,-0.0030451019821891023,0.0010198218902612854,-0.003945101982189102,0.00011982189026128547
1782259763.8592458,HYPE,SELL,-1,2,0,55.5,True,62.25,0.2,-6.1,0.0,trend,0.2,123768,"('HYPE', 'SELL', 123768)",,,,,,,,,,,,,,,,,,,,,,0.011518072289156578,0.0013493975903614563,0.010618072289156578,0.00044939759036145637
1782260920.3559375,ETH,BUY,1,1,1,64.0,True,1668.3,0.1,-3.6,0.1,range,0.8,123768,"('ETH', 'BUY', 123768)",,,,,,,,,,,,,,,,,,,,,,-0.003176886651081956,0.003536534196487473,-0.004076886651081956,0.0026365341964874733
1782260920.3559375,HYPE,BUY,1,1,1,65.5,True,62.62,0.8,-5.6,0.2,range,0.8,123768,"('HYPE', 'BUY', 123768)",,,,,,,,,,,,,,,,,,,,,,-0.017358671351005994,-0.007250079846694346,-0.018258671351005996,-0.008150079846694346
1782272429.2627149,SOL,SELL,-1,2,0,65.5,True,69.28,-0.2,-3.0,0.1,trend,-1.2,123768,"('SOL', 'SELL', 123768)",,,,,,,,,,,,,,,,,,,,,,-0.0059324480369515875,0.003868360277136218,-0.006832448036951587,0.0029683602771362182
1782273805.700552,BTC,SELL,-1,2,0,58.0,True,62730.5,0.2,-1.4,0.7,trend,-0.5,123769,"('BTC', 'SELL', 123769)",,,,,,,,,,,,,,,,,,,,,,-0.00026302994556082204,0.005013510174476488,-0.001163029945560822,0.004113510174476488
1782273805.700552,ETH,SELL,-1,2,0,66.5,True,1667.0,0.2,-3.0,0.8,trend,-0.5,123769,"('ETH', 'SELL', 123769)",,,,,,,,,,,,,,,,,,,,,,-0.00431913617276547,0.002339532093581287,-0.0052191361727654696,0.001439532093581287
1782273805.700552,SOL,SELL,-1,2,0,70.5,True,69.52,0.2,-2.7,0.2,trend,-0.5,123769,"('SOL', 'SELL', 123769)",,,,,,,,,,,,,,,,,,,,,,-0.002459723820483317,0.007307249712312891,-0.003359723820483317,0.006407249712312891
1782273805.700552,HYPE,SELL,-1,2,0,58.0,True,61.25,-0.5,-7.5,1.8,trend,-0.5,123769,"('HYPE', 'SELL', 123769)",,,,,,,,,,,,,,,,,,,,,,-0.014955102040816293,-0.012261224489795941,-0.015855102040816294,-0.01316122448979594
1782278027.1569085,ETH,BUY,1,1,1,61.5,True,1670.2,0.1,-1.3,0.1,trend,0.5,123769,"('ETH', 'BUY', 123769)",,,,,,,,,,,,,,,,,,,,,,0.0009579691054963924,0.004670099389294746,5.7969105496392384e-05,0.0037700993892947465
1782279036.0402148,BTC,BUY,1,1,1,61.5,True,62848.5,0.2,-0.1,0.3,trend,1.1,123769,"('BTC', 'BUY', 123769)",,,,,,,,,,,,,,,,,,,,,,-0.0010740113129191764,-0.004160799382642355,-0.001974011312919176,-0.005060799382642355
1782279036.0402148,SOL,BUY,1,1,0,65.0,True,69.91,0.5,-0.5,0.3,trend,1.1,123769,"('SOL', 'BUY', 123769)",,,,,,,,,,,,,,,,,,,,,,-0.006794450007151953,-0.007037619796881556,-0.007694450007151953,-0.007937619796881555
1782288052.8265069,BTC,BUY,1,2,1,62.6,True,62616.5,-0.2,0.4,0.6,range,-0.6,123770,"('BTC', 'BUY', 123770)",,,,,,,,,,,,,,,,,,,,,,-0.0032020314134453276,-0.024474379756134534,-0.004102031413445327,-0.025374379756134536
1782288052.8265069,ETH,BUY,1,2,1,60.0,True,1671.3,-0.2,1.5,1.7,range,-0.6,123770,"('ETH', 'BUY', 123770)",,,,,,,,,,,,,,,,,,,,,,-0.0049063603183151505,-0.014898581942200617,-0.00580636031831515,-0.01579858194220062
1782288052.8265069,SOL,SELL,-1,2,0,61.5,True,69.25,-0.6,0.9,0.4,range,-0.6,123770,"('SOL', 'SELL', 123770)",,,,,,,,,,,,,,,,,,,,,,0.0034368231046931763,0.006223826714801373,0.0025368231046931766,0.005323826714801373
1782288052.8265069,HYPE,SELL,-1,1,0,66.0,True,61.93,-0.4,-1.5,0.3,range,-0.6,123770,"('HYPE', 'SELL', 123770)",,,,,,,,,,,,,,,,,,,,,,-0.0011464556757629918,0.018036492814467953,-0.0020464556757629915,0.01713649281446795
1782288481.8859305,BTC,SELL,-1,2,1,63.4,True,62637.5,0.0,0.5,0.1,range,0.3,123770,"('BTC', 'SELL', 123770)",,,,,,,,,,,,,,,,,,,,,,0.0035362203153063154,0.024801436838954305,0.0026362203153063157,0.023901436838954303
1782302160.0879908,SOL,BUY,1,1,1,61.5,True,69.89,1.3,1.4,1.6,range,1.3,123770,"('SOL', 'BUY', 123770)",,,,,,,,,,,,,,,,,,,,,,-0.015324080698240095,-0.056002289311775644,-0.016224080698240096,-0.05690228931177564
1782302160.0879908,HYPE,BUY,1,1,1,56.5,True,62.78,1.3,-0.2,0.7,range,1.3,123770,"('HYPE', 'BUY', 123770)",,,,,,,,,,,,,,,,,,,,,,-0.03133163427843255,-0.039184453647658546,-0.03223163427843255,-0.040084453647658544
1782302474.0944223,BTC,BUY,1,1,1,61.5,True,63066.5,1.0,1.3,1.9,range,1.3,123771,"('BTC', 'BUY', 123771)",,,,,,,,,,,,,,,,,,,,,,-0.03143507250283428,-0.05544147843942504,-0.03233507250283428,-0.05634147843942504
1782302474.0944223,ETH,BUY,1,1,1,61.5,True,1679.0,1.0,1.6,1.1,range,1.3,123771,"('ETH', 'BUY', 123771)",,,,,,,,,,,,,,,,,,,,,,-0.019416319237641422,-0.06432400238237046,-0.020316319237641423,-0.06522400238237046
1782302474.0944223,SOL,BUY,1,1,1,61.5,True,69.89,1.3,1.4,1.6,range,1.3,123771,"('SOL', 'BUY', 123771)",,,,,,,,,,,,,,,,,,,,,,-0.015324080698240095,-0.056002289311775644,-0.016224080698240096,-0.05690228931177564
1782302474.0944223,HYPE,BUY,1,1,1,56.5,True,62.78,1.3,-0.2,0.7,range,1.3,123771,"('HYPE', 'BUY', 123771)",,,,,,,,,,,,,,,,,,,,,,-0.03133163427843255,-0.039184453647658546,-0.03223163427843255,-0.040084453647658544
1782310019.8127544,BTC,SELL,-1,1,0,70.0,True,61239.5,-0.1,-2.0,0.2,trend,-0.5,123771,"('BTC', 'SELL', 123771)",,,,,,,,,,,,,,,,,,,,,,0.023146825170029195,0.005037598282154443,0.022246825170029193,0.004137598282154443
1782310019.8127544,ETH,SELL,-1,1,0,62.0,True,1640.2,-0.3,-1.1,0.4,trend,-0.5,123771,"('ETH', 'SELL', 123771)",,,,,,,,,,,,,,,,,,,,,,0.03115473722716755,0.016766248018534324,0.03025473722716755,0.015866248018534323
1782310019.8127544,SOL,SELL,-1,2,0,59.0,True,68.83,-0.0,-0.0,0.0,trend,-0.5,123771,"('SOL', 'SELL', 123771)",,,,,,,,,,,,,,,,,,,,,,0.03408397501089644,0.01731802992881004,0.03318397501089644,0.01641802992881004
1782310019.8127544,HYPE,SELL,-1,2,1,68.0,True,60.5,-0.5,-3.0,0.1,trend,-0.5,123771,"('HYPE', 'SELL', 123771)",,,,,,,,,,,,,,,,,,,,,,0.015190082644628067,-0.032727272727272716,0.014290082644628067,-0.033627272727272714
1782317259.4669182,BTC,SELL,-1,3,0,63.3,True,60262.5,0.0,-3.3,0.2,trend,0.3,123772,"('BTC', 'SELL', 123772)",,,,,,,,,,,,,,,,,,,,,,0.011491391827421649,-0.009549885915785206,0.010591391827421649,-0.010449885915785205
1782317259.4669182,ETH,SELL,-1,2,0,68.5,True,1619.2,0.1,-2.2,0.1,trend,0.3,123772,"('ETH', 'SELL', 123772)",,,,,,,,,,,,,,,,,,,,,,0.029767786561264886,0.0028409090909091717,0.028867786561264885,0.0019409090909091717
1782317259.4669182,SOL,SELL,-1,2,0,68.5,True,67.38,0.2,-1.9,0.2,trend,0.3,123772,"('SOL', 'SELL', 123772)",,,,,,,,,,,,,,,,,,,,,,0.02083704363312555,-0.006114574057583866,0.01993704363312555,-0.007014574057583866
1782317259.4669182,HYPE,SELL,-1,3,0,59.9,True,60.12,0.3,-3.3,0.2,trend,0.3,123772,"('HYPE', 'SELL', 123772)",,,,,,,,,,,,,,,,,,,,,,-0.003326679973386648,-0.05161343978709243,-0.004226679973386648,-0.05251343978709243
1782331296.67663,BTC,SELL,-1,1,0,40.0,True,59838.5,0.5,-4.2,0.7,trend,0.6,123773,"('BTC', 'SELL', 123773)",,,,,,,,,,,,,,,,,,,,,,-0.01670329303040674,-0.015332937824310333,-0.017603293030406742,-0.016232937824310335
1782331296.67663,ETH,SELL,-1,3,0,60.0,True,1580.7,0.6,-5.0,0.4,trend,0.6,123773,"('ETH', 'SELL', 123773)",,,,,,,,,,,,,,,,,,,,,,-0.02144619472385645,-0.02498892895552607,-0.02234619472385645,-0.02588892895552607
1782331296.67663,SOL,SELL,-1,1,0,40.0,True,65.98,,-4.3,,trend,0.6,123773,"('SOL', 'SELL', 123773)",,,,,,,,,,,,,,,,,,,,,,-0.027462867535616775,-0.025841163989087645,-0.028362867535616777,-0.026741163989087647
1782331296.67663,HYPE,SELL,-1,2,0,64.0,True,60.48,0.3,-2.5,0.7,trend,0.6,123773,"('HYPE', 'SELL', 123773)",,,,,,,,,,,,,,,,,,,,,,-0.04535383597883591,-0.046478174603174605,-0.04625383597883591,-0.0473781746031746
1782332771.0686827,HYPE,BUY,1,1,1,64.0,True,61.25,0.7,-1.3,0.8,trend,1.5,123773,"('HYPE', 'BUY', 123773)",,,,,,,,,,,,,,,,,,,,,,0.03221224489795915,0.0333224489795918,0.031312244897959154,0.0324224489795918
1782364316.3283224,BTC,BUY,1,1,1,61.5,True,61413.5,0.1,-2.1,0.0,range,0.4,123775,"('BTC', 'BUY', 123775)",,,,,,,,,,,,,,,,,,,,,,0.007498351339689124,-0.0026785641593460863,0.006598351339689125,-0.003578564159346086
1782364316.3283224,ETH,BUY,1,1,1,61.5,True,1638.2,0.2,-2.2,0.0,range,0.4,123775,"('ETH', 'BUY', 123775)",,,,,,,,,,,,,,,,,,,,,,0.011170797216456974,-0.003845684287632767,0.010270797216456974,-0.004745684287632767
1782364316.3283224,SOL,BUY,1,2,1,64.3,True,68.66,0.4,-1.5,0.1,range,0.4,123775,"('SOL', 'BUY', 123775)",,,,,,,,,,,,,,,,,,,,,,0.010850568016312234,-0.007762889600932188,0.009950568016312234,-0.008662889600932188
1782364316.3283224,HYPE,BUY,1,1,0,45.0,True,63.62,-0.1,2.3,0.0,range,0.4,123775,"('HYPE', 'BUY', 123775)",,,,,,,,,,,,,,,,,,,,,,0.002106255894372744,-0.012040238918579083,0.0012062558943727439,-0.012940238918579082
1782394903.122411,BTC,SELL,-1,2,0,59.0,True,60968.5,-0.4,-0.2,0.7,range,-1.0,123777,"('BTC', 'SELL', 123777)",,,,,,,,,,,,,,,,,,,,,,0.02776023684361595,0.02536555762401893,0.026860236843615947,0.02446555762401893
1782394903.122411,ETH,BUY,1,1,1,65.0,True,1623.5,-0.7,-1.4,0.5,range,-1.0,123777,"('ETH', 'BUY', 123777)",,,,,,,,,,,,,,,,,,,,,,-0.03849707422235915,-0.03942100400369575,-0.03939707422235915,-0.040321004003695746
1782394903.122411,SOL,BUY,1,1,1,67.5,True,67.78,-0.7,-1.5,1.3,range,-1.0,123777,"('SOL', 'BUY', 123777)",,,,,,,,,,,,,,,,,,,,,,-0.02711714370020668,-0.02257303039244618,-0.028017143700206682,-0.023473030392446182
1782394903.122411,HYPE,BUY,1,1,1,59.0,True,62.56,-1.0,2.9,0.5,range,-1.0,123777,"('HYPE', 'BUY', 123777)",,,,,,,,,,,,,,,,,,,,,,-0.020460358056266004,0.008359974424552385,-0.021360358056266005,0.007459974424552386
1782396366.6554565,SOL,SELL,-1,1,0,62.0,True,64.57,-5.4,-6.2,3.4,panic,-6.0,123777,"('SOL', 'SELL', 123777)",,,,,,,,,,,,,,,,,,,,,,-0.02124825770481653,-0.026018274740591707,-0.022148257704816533,-0.02691827474059171
1782398310.5811594,ETH,SELL,-1,1,0,70.0,True,1563.8,1.8,-3.3,3.3,range,2.8,123777,"('ETH', 'SELL', 123777)",,,,,,,,,,,,,,,,,,,,,,-0.006394679626550603,-0.010423327791277526,-0.007294679626550603,-0.011323327791277525
1782398310.5811594,HYPE,SELL,-1,1,0,75.0,True,60.39,2.8,0.8,2.2,range,2.8,123777,"('HYPE', 'SELL', 123777)",,,,,,,,,,,,,,,,,,,,,,-0.04972677595628405,-0.0671634376552408,-0.05062677595628405,-0.0680634376552408
1782404113.0586421,BTC,SELL,-1,1,0,65.0,True,59901.5,0.6,0.9,0.1,trend,1.0,123778,"('BTC', 'SELL', 123778)",,,,,,,,,,,,,,,,,,,,,,0.007270268691101256,0.001510813585636428,0.006370268691101256,0.000610813585636428
1782404113.0586421,ETH,SELL,-1,1,0,65.0,True,1581.2,0.8,1.4,0.6,trend,1.0,123778,"('ETH', 'SELL', 123778)",,,,,,,,,,,,,,,,,,,,,,0.009549709081710156,0.007652415886668429,0.008649709081710156,0.006752415886668429
1782404113.0586421,SOL,SELL,-1,1,0,65.0,True,66.95,1.0,3.1,0.0,trend,1.0,123778,"('SOL', 'SELL', 123778)",,,,,,,,,,,,,,,,,,,,,,0.012158327109783484,-0.0025840179238236782,0.011258327109783485,-0.003484017923823678
1782404113.0586421,HYPE,SELL,-1,1,0,65.0,True,62.11,0.5,4.9,0.2,trend,1.0,123778,"('HYPE', 'SELL', 123778)",,,,,,,,,,,,,,,,,,,,,,-0.02403799710191601,-0.026324263403638692,-0.02493799710191601,-0.027224263403638694
1782420449.7018387,BTC,SELL,-1,2,0,68.0,True,59408.5,0.2,-2.7,0.5,trend,0.3,123779,"('BTC', 'SELL', 123779)",,,,,,,,,,,,,,,,,,,,,,-0.005899829149027536,-0.010377302911199537,-0.006799829149027535,-0.011277302911199537
1782420449.7018387,ETH,SELL,-1,2,0,58.0,True,1560.5,0.2,-3.7,0.4,trend,0.3,123779,"('ETH', 'SELL', 123779)",,,,,,,,,,,,,,,,,,,,,,-0.00390900352451129,0.0023069528997116118,-0.0048090035245112895,0.0014069528997116118
1782420449.7018387,SOL,SELL,-1,2,0,65.5,True,66.31,0.3,-2.5,1.1,trend,0.3,123779,"('SOL', 'SELL', 123779)",,,,,,,,,,,,,,,,,,,,,,-0.020374000904840983,-0.028351681496003645,-0.021274000904840985,-0.029251681496003646
1782420449.7018387,HYPE,BUY,1,1,0,62.0,True,63.54,0.1,0.4,0.7,trend,0.3,123779,"('HYPE', 'BUY', 123779)",,,,,,,,,,,,,,,,,,,,,,0.00830972615675174,0.0041076487252125204,0.00740972615675174,0.0032076487252125207
1782423957.4882822,SOL,BUY,1,1,1,54.5,True,67.02,1.2,-1.1,0.4,trend,2.1,123779,"('SOL', 'BUY', 123779)",,,,,,,,,,,,,,,,,,,,,,0.010623694419576335,0.01508504923903331,0.009723694419576335,0.01418504923903331
1782423957.4882822,XRP,SELL,-1,1,0,65.0,True,1.04,0.7,-2.9,0.2,trend,2.1,123779,"('XRP', 'SELL', 123779)",,,,,,,,,,,,,,,,,,,,,,-0.0006730769230769429,0.012019230769230727,-0.0015730769230769429,0.011119230769230727
1782434523.351595,BTC,SELL,-1,2,0,56.5,True,59703.0,-0.1,-2.0,0.1,range,-0.9,123780,"('BTC', 'SELL', 123780)",,,,,,,,,,,,,,,,,,,,,,-0.005393363817563612,-0.0133494129273235,-0.006293363817563612,-0.0142494129273235
1782434523.351595,ETH,SELL,-1,2,0,65.5,True,1566.0,-0.0,-3.3,0.1,range,-0.9,123780,"('ETH', 'SELL', 123780)",,,,,,,,,,,,,,,,,,,,,,0.005810983397190217,-0.008939974457215838,0.004910983397190217,-0.009839974457215838
1782434523.351595,SOL,BUY,1,1,1,73.0,True,67.78,0.2,-0.1,0.6,range,-0.9,123780,"('SOL', 'BUY', 123780)",,,,,,,,,,,,,,,,,,,,,,0.006048982000590009,0.04402478607258775,0.005148982000590009,0.043124786072587754
1782434523.351595,XRP,SELL,-1,2,1,60.4,True,1.04,-0.1,-3.1,0.1,range,-0.9,123780,"('XRP', 'SELL', 123780)",,,,,,,,,,,,,,,,,,,,,,0.006153846153846065,-0.008846153846153726,0.005253846153846066,-0.009746153846153726
1782434523.351595,HYPE,BUY,1,1,0,52.0,True,63.5,-0.9,0.3,0.5,range,-0.9,123780,"('HYPE', 'BUY', 123780)",,,,,,,,,,,,,,,,,,,,,,0.004740157480314977,0.023700787401574663,0.0038401574803149773,0.022800787401574662
1782441494.5145702,SOL,SELL,-1,3,0,61.3,True,66.68,-0.9,-1.4,1.4,trend,-1.9,123780,"('SOL', 'SELL', 123780)",,,,,,,,,,,,,,,,,,,,,,-0.024925014997000394,-0.03459808038392298,-0.025825014997000396,-0.03549808038392298
1782441494.5145702,HYPE,SELL,-1,1,0,62.0,True,62.0,-1.9,-1.6,0.7,trend,-1.9,123780,"('HYPE', 'SELL', 123780)",,,,,,,,,,,,,,,,,,,,,,-0.008177419354838733,-0.009483870967742059,-0.009077419354838733,-0.010383870967742058
1782448295.1411853,BTC,SELL,-1,2,0,53.0,True,59962.5,-0.1,-2.6,0.7,range,-0.5,123781,"('BTC', 'SELL', 123781)",,,,,,,,,,,,,,,,,,,,,,-0.008963935793204092,0.009597665207421335,-0.009863935793204092,0.008697665207421336
1782448295.1411853,ETH,SELL,-1,1,0,65.0,True,1551.2,-0.4,-5.7,0.2,range,-0.5,123781,"('ETH', 'SELL', 123781)",,,,,,,,,,,,,,,,,,,,,,-0.018566271273852575,0.004512635379061325,-0.019466271273852576,0.003612635379061325
1782448295.1411853,SOL,BUY,1,1,1,44.0,True,68.02,-0.3,-1.4,0.3,range,-0.5,123781,"('SOL', 'BUY', 123781)",,,,,,,,,,,,,,,,,,,,,,0.04034107615407234,0.008321082034695726,0.039441076154072344,0.007421082034695726
1782448295.1411853,XRP,SELL,-1,2,0,53.0,True,1.03,-0.3,-4.9,0.1,range,-0.5,123781,"('XRP', 'SELL', 123781)",,,,,,,,,,,,,,,,,,,,,,-0.018640776699029082,0.007766990291262155,-0.019540776699029084,0.006866990291262155
1782448924.1205897,HYPE,SELL,-1,2,0,50.0,True,63.15,-1.0,-0.7,0.4,range,-1.0,123781,"('HYPE', 'SELL', 123781)",,,,,,,,,,,,,,,,,,,,,,-0.02937450514647666,0.017656373713380913,-0.03027450514647666,0.01675637371338091
1782456656.5702548,BTC,BUY,1,1,1,61.5,True,60385.5,0.8,-2.4,0.7,trend,2.0,123781,"('BTC', 'BUY', 123781)",,,,,,,,,,,,,,,,,,,,,,-0.01126926166049802,-0.0040158647357395605,-0.01216926166049802,-0.00491586473573956
1782456656.5702548,HYPE,BUY,1,1,0,35.0,True,63.68,1.9,-0.1,0.4,trend,2.0,123781,"('HYPE', 'BUY', 123781)",,,,,,,,,,,,,,,,,,,,,,-0.01714824120603009,0.0009736180904522662,-0.018048241206030092,7.361809045226624e-05
1782458720.6775668,XRP,BUY,1,1,1,61.5,True,1.05,0.5,-3.1,0.1,range,1.0,123781,"('XRP', 'BUY', 123781)",,,,,,,,,,,,,,,,,,,,,,-0.01828571428571435,-0.01123809523809527,-0.01918571428571435,-0.012138095238095269
1782460915.0160885,BTC,BUY,1,1,1,61.5,True,60516.5,0.4,-1.9,0.5,range,1.1,123782,"('BTC', 'BUY', 123782)",,,,,,,,,,,,,,,,,,,,,,-0.02038287078730594,-0.015855179992233515,-0.02128287078730594,-0.016755179992233516
1782460915.0160885,ETH,SELL,-1,2,0,55.5,True,1580.0,0.6,-4.3,0.4,range,1.1,123782,"('ETH', 'SELL', 123782)",,,,,,,,,,,,,,,,,,,,,,0.020696202531645613,0.013291139240506289,0.019796202531645612,0.01239113924050629
1782460915.0160885,SOL,BUY,1,1,0,65.0,True,70.68,1.0,2.4,1.2,range,1.1,123782,"('SOL', 'BUY', 123782)",,,,,,,,,,,,,,,,,,,,,,-0.027391058290888615,-0.003310696095076504,-0.028291058290888616,-0.004210696095076504
1782460915.0160885,XRP,BUY,1,1,1,61.5,True,1.05,0.5,-3.1,0.2,range,1.1,123782,"('XRP', 'BUY', 123782)",,,,,,,,,,,,,,,,,,,,,,-0.02200000000000013,-0.013238095238095271,-0.022900000000000132,-0.01413809523809527
1782460915.0160885,HYPE,BUY,1,1,0,62.0,True,64.38,1.1,1.5,0.6,range,1.1,123782,"('HYPE', 'BUY', 123782)",,,,,,,,,,,,,,,,,,,,,,-0.03821062441752088,-0.007393600497048625,-0.039110624417520876,-0.008293600497048624
1782462388.8643255,XRP,SELL,-1,2,0,53.0,True,1.04,-0.8,-3.7,0.1,range,-1.1,123782,"('XRP', 'SELL', 123782)",,,,,,,,,,,,,,,,,,,,,,0.012596153846153979,0.003750000000000031,0.01169615384615398,0.0028500000000000313
1782715241.8015094,BTC,SELL,-1,1,0,40.0,True,60089.5,0.0,-0.2,0.6,range,0.4,123799,"('BTC', 'SELL', 123799)",,,,,,,,,,,,,,,,,,,,,,0.0010900406893050718,0.008878423018996662,0.00019004068930507183,0.007978423018996662
1782715241.8015094,ETH,SELL,-1,1,0,40.0,True,1581.5,-0.0,0.4,0.4,range,0.4,123799,"('ETH', 'SELL', 123799)",,,,,,,,,,,,,,,,,,,,,,0.003920328801770512,0.0061966487511855295,0.003020328801770512,0.00529664875118553
1782715241.8015094,SOL,BUY,1,1,0,60.0,True,72.55,0.4,2.1,0.5,range,0.4,123799,"('SOL', 'BUY', 123799)",,,,,,,,,,,,,,,,,,,,,,0.004741557546519726,0.015630599586492044,0.003841557546519726,0.014730599586492045
1782715241.8015094,XRP,SELL,-1,2,0,33.0,True,1.05,0.2,-0.0,0.9,range,0.4,123799,"('XRP', 'SELL', 123799)",,,,,,,,,,,,,,,,,,,,,,0.0013333333333334085,0.00019047619047618536,0.00043333333333340856,-0.0007095238095238146
1782715241.8015094,HYPE,BUY,1,1,0,54.2,True,62.95,0.0,0.5,0.6,range,0.4,123799,"('HYPE', 'BUY', 123799)",,,,,,,,,,,,,,,,,,,,,,-0.006036536934074688,0.015075456711675983,-0.0069365369340746875,0.014175456711675983
1782716790.4946184,HYPE,SELL,-1,2,0,48.0,True,62.48,-0.2,-0.9,0.0,trend,-0.4,123799,"('HYPE', 'SELL', 123799)",,,,,,,,,,,,,,,,,,,,,,-0.0014404609475031638,-0.0227112676056338,-0.0023404609475031635,-0.023611267605633802
1782720293.467805,BTC,SELL,-1,1,0,40.0,True,60018.5,-0.0,-0.5,0.5,trend,0.5,123800,"('BTC', 'SELL', 123800)",,,,,,,,,,,,,,,,,,,,,,-0.0007414380565993195,0.009672017794513321,-0.0016414380565993195,0.008772017794513321
1782720293.467805,ETH,SELL,-1,1,0,48.0,True,1579.7,-0.2,-0.1,0.8,trend,0.5,123800,"('ETH', 'SELL', 123800)",,,,,,,,,,,,,,,,,,,,,,0.001202760017724902,0.004937646388554762,0.00030276001772490207,0.004037646388554762
1782720293.467805,SOL,BUY,1,2,0,67.5,True,72.69,0.5,1.1,0.6,trend,0.5,123800,"('SOL', 'BUY', 123800)",,,,,,,,,,,,,,,,,,,,,,0.007126152152978404,0.01356445178153809,0.006226152152978405,0.01266445178153809
1782720293.467805,XRP,SELL,-1,1,0,66.0,True,1.05,-0.0,-0.5,0.4,trend,0.5,123800,"('XRP', 'SELL', 123800)",,,,,,,,,,,,,,,,,,,,,,-0.0013333333333331865,0.0012380952380952603,-0.0022333333333331862,0.00033809523809526037
1782720293.467805,HYPE,SELL,-1,1,0,30.0,True,62.58,-0.1,-0.8,0.5,trend,0.5,123800,"('HYPE', 'SELL', 123800)",,,,,,,,,,,,,,,,,,,,,,-0.01679450303611385,-0.02849153084052425,-0.017694503036113852,-0.02939153084052425
1782729289.0031335,BTC,BUY,1,1,1,58.8,True,60177.5,0.3,-0.2,0.5,range,1.3,123800,"('BTC', 'BUY', 123800)",,,,,,,,,,,,,,,,,,,,,,-0.01032778031656345,0.0034647501142452963,-0.01122778031656345,0.0025647501142452966
1782729289.0031335,HYPE,BUY,1,2,0,56.6,True,63.41,1.3,0.4,1.3,range,1.3,123800,"('HYPE', 'BUY', 123800)",,,,,,,,,,,,,,,,,,,,,,0.007711717394732753,0.04625453398517587,0.0068117173947327535,0.045354533985175874
1782733637.87183,XRP,BUY,1,1,0,74.0,True,1.05,0.3,0.3,,range,-1.0,123800,"('XRP', 'BUY', 123800)",,,,,,,,,,,,,,,,,,,,,,-0.0012380952380952603,0.013523809523809494,-0.00213809523809526,0.012623809523809494
1782734500.0057223,BTC,SELL,-1,2,0,57.0,True,59851.5,-0.4,-0.7,,range,-1.2,123801,"('BTC', 'SELL', 123801)",,,,,,,,,,,,,,,,,,,,,,0.006908765862175592,-0.0070591380332991616,0.006008765862175592,-0.007959138033299161
1782734500.0057223,ETH,SELL,-1,3,0,63.0,True,1571.5,-0.4,-0.7,,range,-1.2,123801,"('ETH', 'SELL', 123801)",,,,,,,,,,,,,,,,,,,,,,-0.00025453388482343797,-0.031053133948456768,-0.001154533884823438,-0.031953133948456766
1782734500.0057223,SOL,BUY,1,2,0,61.5,True,72.35,-1.2,0.7,0.7,range,-1.2,123801,"('SOL', 'BUY', 123801)",,,,,,,,,,,,,,,,,,,,,,0.018327574291638005,0.04521078092605402,0.017427574291638003,0.04431078092605402
1782734500.0057223,XRP,BUY,1,1,1,41.5,True,1.05,0.1,0.1,1.1,range,-1.2,123801,"('XRP', 'BUY', 123801)",,,,,,,,,,,,,,,,,,,,,,-0.0012380952380952603,0.013523809523809494,-0.00213809523809526,0.012623809523809494
1782734500.0057223,HYPE,BUY,1,2,0,57.9,True,63.25,-0.6,0.3,1.1,range,-1.2,123801,"('HYPE', 'BUY', 123801)",,,,,,,,,,,,,,,,,,,,,,0.017596837944664045,0.039747035573122425,0.016696837944664044,0.038847035573122426
1782737331.393805,BTC,BUY,1,1,0,60.0,True,60229.5,0.5,0.3,3.5,high_volatility,1.7,123801,"('BTC', 'BUY', 123801)",,,,,,,,,,,,,,,,,,,,,,-0.007263882316804859,0.0028972513469314176,-0.00816388231680486,0.001997251346931418
1782737331.393805,ETH,BUY,1,1,0,65.0,True,1580.8,0.4,0.1,3.2,high_volatility,1.7,123801,"('ETH', 'BUY', 123801)",,,,,,,,,,,,,,,,,,,,,,-0.0007591093117409464,0.027897267206477894,-0.0016591093117409464,0.026997267206477892
1782743763.7751741,XRP,SELL,-1,2,0,47.5,True,1.04,-0.5,-0.7,,range,-0.8,123801,"('XRP', 'SELL', 123801)",,,,,,,,,,,,,,,,,,,,,,-0.024134615384615365,-0.023461538461538423,-0.025034615384615367,-0.024361538461538424
1782753278.2611759,BTC,BUY,1,2,1,52.7,True,60154.0,0.5,0.9,0.4,trend,0.8,123802,"('BTC', 'BUY', 123802)",,,,,,,,,,,,,,,,,,,,,,0.004155999601024085,0.001213551883499031,0.0032559996010240854,0.0003135518834990311
1782753278.2611759,SOL,BUY,1,1,0,70.0,True,74.63,0.8,4.9,0.4,trend,0.8,123802,"('SOL', 'BUY', 123802)",,,,,,,,,,,,,,,,,,,,,,0.018732413238644163,0.0074768859707892155,0.017832413238644162,0.006576885970789216
1782753278.2611759,XRP,BUY,1,1,0,52.0,True,1.06,0.6,1.0,0.1,trend,0.8,123802,"('XRP', 'BUY', 123802)",,,,,,,,,,,,,,,,,,,,,,0.01330188679245281,-0.0017924528301886955,0.01240188679245281,-0.0026924528301886953
1782753278.2611759,HYPE,BUY,1,1,0,60.0,True,65.09,0.6,4.8,0.1,trend,0.8,123802,"('HYPE', 'BUY', 123802)",,,,,,,,,,,,,,,,,,,,,,0.02757720079889392,0.02780765094484572,0.026677200798893918,0.026907650944845717
1782754084.5309443,ETH,BUY,1,1,0,82.0,True,1624.0,2.5,3.4,2.5,range,2.7,123802,"('ETH', 'BUY', 123802)",,,,,,,,,,,,,,,,,,,,,,0.000554187192118194,-0.0071428571428571175,-0.00034581280788180597,-0.008042857142857117
1782773258.7760155,BTC,BUY,1,2,0,66.0,True,60354.5,-0.2,1.4,0.4,range,-1.3,123803,"('BTC', 'BUY', 123803)",6.3486e-06,2123198909.0,-0.000430136,0.81,1782772543.0,,,,,,,,,,,37.57575757575757,84.84848484848484,,,0.004007168117399686,,-0.007281975660472728,-0.012070351009452529,-0.008181975660472728,-0.012970351009452529
1782773258.7760155,ETH,BUY,1,1,0,50.0,True,1614.6,-0.3,2.8,0.3,range,-1.3,123803,"('ETH', 'BUY', 123803)",1.03952e-05,1210914966.0,-0.0004319921,1.73,1782772543.0,,,,,,,,,,,83.03030303030303,90.9090909090909,,,0.004691131910649642,,-0.013315991576861141,-0.014678558156818955,-0.014215991576861141,-0.015578558156818955
1782773258.7760155,SOL,BUY,1,2,0,61.5,True,75.33,-0.3,5.6,0.2,range,-1.3,123803,"('SOL', 'BUY', 123803)",1.25e-05,397823931.0,0.0003821488,0.72,1782772543.0,,,,,,,,,,,85.80246913580247,64.81481481481481,,,0.006551135395641316,,-0.011774857294570618,-0.014429842028408357,-0.012674857294570617,-0.015329842028408357
1782773258.7760155,XRP,BUY,1,1,0,60.0,True,1.06,-0.5,1.1,0.3,range,-1.3,123803,"('XRP', 'BUY', 123803)",6.0877e-06,71733748.0,-0.0003760812,2.63,1782772543.0,,,,,,,,,,,68.42105263157895,36.84210526315789,,,0.0028954243738641295,,-0.009905660377358405,-0.010566037735849187,-0.010805660377358405,-0.011466037735849187
1782773258.7760155,HYPE,BUY,1,1,0,50.0,True,66.64,-1.3,8.5,0.7,range,-1.3,123803,"('HYPE', 'BUY', 123803)",1.25e-05,1412767799.0,0.0002466055,2.44,1782772543.0,,,,,,,,,,,20.13422818791946,88.59060402684564,,,0.012997302585831707,,-0.004171668667467099,-0.00931872749099627,-0.005071668667467099,-0.01021872749099627
1782777780.8063343,BTC,BUY,1,2,1,64.0,True,60194.5,-0.2,0.9,0.2,trend,-0.3,123804,"('BTC', 'BUY', 123804)",2.432e-06,2099518691.0,-0.000514745,0.85,1782777377.0,,,,,,,,,,,20.0,88.8235294117647,,,-0.005780021954142167,,-0.0046432813629152525,-0.010374702007658554,-0.005543281362915252,-0.011274702007658554
1782777780.8063343,ETH,BUY,1,1,0,65.0,True,1611.7,-0.0,2.5,0.8,trend,-0.3,123804,"('ETH', 'BUY', 123804)",-3.143e-07,1179432203.0,-0.0005597015,1.71,1782777377.0,,,,,,,,,,,27.058823529411764,85.88235294117646,,,-0.022207646305011357,,-0.01352609046348574,-0.011478563008003984,-0.01442609046348574,-0.012378563008003983
1782777780.8063343,SOL,BUY,1,2,0,71.5,True,75.07,-0.3,4.8,0.4,trend,-0.3,123804,"('SOL', 'BUY', 123804)",1.25e-05,393039785.0,-5.33725e-05,0.76,1782777377.0,,,,,,,,,,,83.23353293413174,80.23952095808383,,,-0.006944582530305274,,-0.0060476888237643855,-0.011988810443585907,-0.006947688823764385,-0.012888810443585906
1782777780.8063343,XRP,BUY,1,1,0,60.0,True,1.06,-0.1,1.0,0.2,trend,-0.3,123804,"('XRP', 'BUY', 123804)",1.391e-07,71187247.0,-0.0003785011,2.68,1782777377.0,,,,,,,,,,,4.3478260869565215,52.17391304347826,,,-0.006141026684714395,,-0.009433962264150941,-0.010377358490566202,-0.010333962264150941,-0.011277358490566202
1782777780.8063343,HYPE,BUY,1,2,0,58.0,True,66.92,-0.0,8.5,0.6,trend,-0.3,123804,"('HYPE', 'BUY', 123804)",1.25e-05,1402563117.0,0.0003959183,2.46,1782777377.0,,,,,,,,,,,19.607843137254903,90.19607843137256,,,0.0018260721004427492,,-0.018410041841004143,-0.021802151823072324,-0.019310041841004145,-0.022702151823072326
1782779957.6782088,ETH,SELL,-1,1,0,43.0,True,1598.0,-0.9,1.9,0.6,range,-1.5,123804,"('ETH', 'SELL', 123804)",7.5681e-06,1181603739.0,-0.0005581395,1.74,1782779316.0,,,,,,,,,,,70.93023255813954,89.53488372093024,,,-0.01918124133813958,,0.007259073842302843,0.004067584480600739,0.006359073842302844,0.003167584480600739
1782780365.577887,BTC,SELL,-1,1,0,38.0,True,59686.5,-0.9,0.5,0.8,range,-1.6,123804,"('BTC', 'SELL', 123804)",4.9917e-06,2098271153.0,-0.0005315085,0.88,1782780285.0,,,,,,,,,,,32.947976878612714,91.90751445086705,,,-0.0044675251421154956,,0.0016335352215325338,0.0029906260209595636,0.0007335352215325339,0.002090626020959564
1782780365.577887,XRP,SELL,-1,1,0,65.0,True,1.05,-0.9,0.5,0.7,range,-1.6,123804,"('XRP', 'SELL', 123804)",-7.213e-07,71156626.0,-0.000473216,2.75,1782780285.0,,,,,,,,,,,3.8461538461538463,61.53846153846154,,,-0.002446239487705219,,0.004666666666666819,0.0030476190476191878,0.003766666666666819,0.002147619047619188
1782793661.2404485,BTC,SELL,-1,2,0,71.5,True,59460.5,-0.2,-1.0,0.3,range,0.7,123805,"('BTC', 'SELL', 123805)",-4.5489e-06,2067870664.0,-0.0005697815,0.89,1782792887.0,,,,,,,,,,,4.301075268817205,89.78494623655914,,,-0.010738151259428091,,-0.001841558681813904,0.0024974562945148104,-0.002741558681813904,0.0015974562945148105
1782793661.2404485,ETH,SELL,-1,1,0,70.0,True,1585.0,-0.1,0.2,1.4,range,0.7,123805,"('ETH', 'SELL', 123805)",9.85e-07,1143394588.0,-0.0003777148,1.7,1782792887.0,,,,,,,,,,,31.182795698924732,82.25806451612904,,,-0.0011986075269480626,,-0.005173501577287132,0.0006940063091481763,-0.0060735015772871315,-0.00020599369085182368
1782793661.2404485,SOL,BUY,1,1,1,68.0,True,73.89,-0.4,2.3,0.3,range,0.7,123805,"('SOL', 'BUY', 123805)",1.25e-05,382338573.0,0.0002286637,0.81,1782792887.0,,,,,,,,,,,75.95628415300546,82.5136612021858,,,-0.002113296716647917,,0.003789416700500814,-0.002706726214643407,0.002889416700500814,-0.0036067262146434066
1782793661.2404485,XRP,SELL,-1,1,0,65.0,True,1.04,-0.1,-0.4,0.6,range,0.7,123805,"('XRP', 'SELL', 123805)",-1.08533e-05,70160268.0,-0.0004774181,2.86,1782792887.0,,,,,,,,,,,0.0,86.8421052631579,,,-0.00877475406412454,,-0.008653846153846123,-0.0014423076923077982,-0.009553846153846123,-0.002342307692307798
1782793661.2404485,HYPE,BUY,1,2,0,58.0,True,66.17,0.7,5.1,0.2,range,0.7,123805,"('HYPE', 'BUY', 123805)",1.25e-05,1376151272.0,-1.51773e-05,2.37,1782792887.0,,,,,,,,,,,17.75147928994083,82.84023668639054,,,0.001355884749784626,,-0.010714825449599563,-0.001617047000151084,-0.011614825449599563,-0.0025170470001510837
1782806484.9471307,BTC,SELL,-1,2,0,60.5,True,59460.5,-0.2,-0.6,0.5,range,-0.3,123806,"('BTC', 'SELL', 123806)",1.25e-05,2039514530.0,-0.0004704933,0.86,1782805877.0,,,,,,,,,,,59.5,77.0,,,0.00017114500694898708,,0.0024974562945148104,0.016590846023830985,0.0015974562945148105,0.015690846023830984
1782806484.9471307,ETH,SELL,-1,1,0,37.0,True,1590.7,-0.2,1.2,0.1,range,-0.3,123806,"('ETH', 'SELL', 123806)",4.4387e-06,1111878424.0,-0.0005087301,1.54,1782805877.0,,,,,,,,,,,46.5,65.0,,,0.0059404446531408014,,0.004274847551392402,0.01760231344691021,0.0033748475513924025,0.01670231344691021
1782806484.9471307,SOL,BUY,1,1,1,54.0,True,74.08,-0.1,1.9,0.2,range,-0.3,123806,"('SOL', 'BUY', 123806)",1.25e-05,374626708.0,6.75767e-05,0.81,1782805877.0,,,,,,,,,,,70.55837563451777,77.66497461928934,,,-0.002143233405298111,,-0.005264578833693356,-0.015577753779697612,-0.006164578833693356,-0.016477753779697613
1782806484.9471307,XRP,SELL,-1,2,0,59.0,True,1.05,-0.3,0.2,0.5,range,-0.3,123806,"('XRP', 'SELL', 123806)",-9.1104e-06,69620016.0,-0.0005571456,2.83,1782805877.0,,,,,,,,,,,15.686274509803921,66.66666666666666,,,-0.003785827624623438,,0.008095238095238044,0.015428571428571458,0.0071952380952380445,0.014528571428571458
1782806484.9471307,HYPE,BUY,1,2,0,55.5,True,65.53,0.1,5.1,0.4,range,-0.3,123806,"('HYPE', 'BUY', 123806)",1.25e-05,1373303077.0,-0.0003597013,2.4,1782805877.0,,,,,,,,,,,16.39344262295082,81.4207650273224,,,-0.001863954744158121,,0.008133679230886592,-0.01158248130627193,0.007233679230886593,-0.01248248130627193
1782830154.694705,BTC,SELL,-1,1,0,60.0,True,59066.5,0.6,-1.2,2.9,range,0.9,123807,"('BTC', 'SELL', 123807)",5.7212e-06,2072608555.0,-0.0003747934,0.91,1782829223.0,,,,,,,,,,,37.05357142857143,98.66071428571429,,,0.01390572914269213,,0.011283891884570796,0.007728577112237955,0.010383891884570796,0.006828577112237956
1782830154.694705,ETH,SELL,-1,1,0,60.0,True,1574.2,0.5,-0.3,1.5,range,0.9,123807,"('ETH', 'SELL', 123807)",5.1767e-06,1134517845.0,-0.000255869,1.22,1782829223.0,,,,,,,,,,,51.33928571428571,29.464285714285715,,,0.01459981065316568,,0.0024774488629145663,0.002223351543641172,0.0015774488629145664,0.0013233515436411722
1782830154.694705,SOL,BUY,1,2,1,58.3,True,73.52,0.9,-0.5,1.3,range,0.9,123807,"('SOL', 'BUY', 123807)",1.25e-05,362873004.0,-2.7508e-06,0.87,1782829223.0,,,,,,,,,,,62.89592760180995,88.23529411764706,,,0.026909070969843504,,-0.004896626768226331,-0.0005848748639825097,-0.005796626768226331,-0.0014848748639825096
1782830154.694705,XRP,SELL,-1,2,0,66.5,True,1.04,0.8,-0.6,1.1,range,0.9,123807,"('XRP', 'SELL', 123807)",-8.3404e-06,69204838.0,-0.0008102098,3.0,1782829223.0,,,,,,,,,,,40.0,96.0,,,0.011007746042323815,,0.001634615384615401,-0.0008653846153845457,0.000734615384615401,-0.0017653846153845457
1782830154.694705,HYPE,BUY,1,2,0,61.5,True,65.83,0.9,1.5,1.1,range,0.9,123807,"('HYPE', 'BUY', 123807)",1.25e-05,1376070049.0,9.34179e-05,2.72,1782829223.0,,,,,,,,,,,14.492753623188406,98.06763285024155,,,0.009788983895671847,,-0.01961111955035688,-0.017605954731885087,-0.020511119550356883,-0.01850595473188509
1782838912.8665383,BTC,SELL,-1,2,0,59.0,True,58548.5,0.3,-3.0,0.8,trend,1.0,123808,"('BTC', 'SELL', 123808)",8.9123e-06,2069858962.0,-0.000753386,0.8,1782837981.0,,,,,,,,,,,47.63948497854077,57.93991416309014,,,0.010571624624243868,,-0.0042272645755228044,-0.0009308521994586538,-0.005127264575522804,-0.0018308521994586538
1782838912.8665383,ETH,SELL,-1,1,0,60.0,True,1573.7,0.6,-3.3,1.2,trend,1.0,123808,"('ETH', 'SELL', 123808)",9.8689e-06,1088281454.0,-0.000446799,1.14,1782837981.0,,,,,,,,,,,78.54077253218884,25.75107296137339,,,-0.014032873351068264,,-0.003939759801741216,0.001461523797420039,-0.004839759801741216,0.000561523797420039
1782838912.8665383,SOL,BUY,1,1,1,60.0,True,73.67,0.8,-2.2,0.9,trend,1.0,123808,"('SOL', 'BUY', 123808)",1.25e-05,355443112.0,-0.0004316547,0.87,1782837981.0,,,,,,,,,,,61.30434782608696,85.21739130434783,,,-0.016588341646193352,,0.0008008687389711167,-0.0003664992534274658,-9.913126102888332e-05,-0.0012664992534274658
1782838912.8665383,XRP,SELL,-1,2,0,60.5,True,1.04,1.0,-2.1,1.5,trend,1.0,123808,"('XRP', 'SELL', 123808)",3.067e-06,69669169.0,-0.0007728722,3.01,1782837981.0,,,,,,,,,,,78.57142857142857,88.09523809523809,,,-0.0016204551048570404,,-0.004519230769230775,0.00028846153846151523,-0.005419230769230775,-0.0006115384615384847
1782838912.8665383,HYPE,BUY,1,1,1,61.5,True,64.69,-0.5,-2.5,1.2,trend,1.0,123808,"('HYPE', 'BUY', 123808)",1.25e-05,1363239763.0,0.0001550484,2.77,1782837981.0,,,,,,,,,,,13.88888888888889,99.07407407407408,,,-0.003342340047402469,,0.012072963363734868,0.005008502086875755,0.011172963363734868,0.004108502086875755
1782844254.1941452,XRP,BUY,1,1,1,57.0,True,1.04,0.4,-2.9,0.6,trend,0.4,123808,"('XRP', 'BUY', 123808)",6.3156e-06,69840922.0,-0.0003808425,3.03,1782843796.0,,,,,,,,,,,93.33333333333333,93.33333333333333,,,-0.0028202794322261557,-0.034486380631411025,0.0008653846153845457,0.0012499999999997513,-3.461538461545428e-05,0.00034999999999975133
1782844615.0196962,HYPE,SELL,-1,1,0,47.0,True,64.56,0.0,-3.5,0.4,trend,0.2,123808,"('HYPE', 'SELL', 123808)",1.25e-05,1363457538.0,0.0,3.02,1782843796.0,,,,,,,,,,,13.513513513513514,100.0,,,0.0020732471813954627,-0.025906398533405296,-0.0017193308550187414,0.00018587360594801705,-0.002619330855018741,-0.0007141263940519829
1782849901.366946,BTC,SELL,-1,2,0,71.5,True,58761.5,0.2,-2.5,0.6,trend,0.7,123809,"('BTC', 'SELL', 123809)",1.25e-05,2113783492.0,-0.0003233052,0.85,1782849613.0,,,,,,,,,,,55.51020408163265,67.3469387755102,,,0.004194615616446869,-0.0035876460993835117,0.0030717391489325507,-0.005130910545169787,0.002171739148932551,-0.0060309105451697865
1782849901.366946,ETH,SELL,-1,2,0,60.5,True,1579.7,0.1,-2.3,0.5,trend,0.7,123809,"('ETH', 'SELL', 123809)",1.25e-05,1120007275.0,-0.0003606454,1.35,1782849613.0,,,,,,,,,,,87.34693877551021,41.63265306122449,,,0.005861535604399038,-0.08559241946539808,0.007912894853453145,-0.0037348863708297486,0.007012894853453145,-0.004634886370829748
1782849901.366946,SOL,BUY,1,1,1,61.5,True,73.7,0.2,-2.3,0.4,trend,0.7,123809,"('SOL', 'BUY', 123809)",1.25e-05,362420594.0,-0.0002167875,1.3,1782849613.0,,,,,,,,,,,58.26446280991735,100.0,,,0.007358488482439995,-0.1023565437729187,-0.003785617367706884,0.0146675712347355,-0.004685617367706884,0.0137675712347355
1782849901.366946,XRP,BUY,1,1,1,66.5,True,1.04,0.1,-1.9,0.6,trend,0.7,123809,"('XRP', 'BUY', 123809)",1.658e-06,70052272.0,-0.0004915368,3.27,1782849613.0,,,,,,,,,,,70.83333333333334,100.0,,,0.003348454065633733,-0.037792499189533015,0.0,0.005384615384615321,-0.0009,0.004484615384615321
1782849901.366946,HYPE,BUY,1,2,0,58.0,True,65.41,0.7,-1.3,0.8,trend,0.7,123809,"('HYPE', 'BUY', 123809)",1.25e-05,1381471199.0,0.0003682281,3.22,1782849613.0,,,,,,,,,,,13.157894736842104,100.0,,,0.011342029187853077,-0.021133906595012873,-0.012245833970340958,-3.057636447023615e-05,-0.013145833970340958,-0.0009305763644702361
1782854378.6000838,XRP,SELL,-1,2,0,56.5,True,1.04,-0.1,-1.8,0.2,range,-0.6,123809,"('XRP', 'SELL', 123809)",1.7853e-06,69810932.0,-0.0005749329,3.23,1782853491.0,,,,,,,,,,,70.0,97.0,,,-0.0034451416507947094,-0.030079809291866984,0.00028846153846151523,-0.010000000000000009,-0.0006115384615384847,-0.010900000000000009
1782854378.6000838,HYPE,SELL,-1,1,0,57.0,True,64.44,-0.3,-3.7,0.5,range,-0.6,123809,"('HYPE', 'SELL', 123809)",1.25e-05,1376024407.0,0.0002141493,3.37,1782853491.0,,,,,,,,,,,12.931034482758621,99.13793103448276,,,-0.003942747415901792,-0.021988183549564142,-0.008907510862818047,-0.017644320297951488,-0.009807510862818046,-0.01854432029795149
1782871047.5682611,BTC,SELL,-1,2,0,53.0,True,58731.5,0.3,-2.0,2.9,range,0.4,123810,"('BTC', 'SELL', 123810)",-1.10155e-05,2096528311.0,-0.0002929085,0.8,1782870938.0,,,,,,,,,,,0.37453183520599254,50.56179775280899,,,-0.012251750297357913,0.0045598066870666774,-0.009730723717255696,-0.0037714003558566578,-0.010630723717255696,-0.0046714003558566575
1782871047.5682611,ETH,SELL,-1,2,0,50.5,True,1576.7,0.2,-0.8,1.6,range,0.4,123810,"('ETH', 'SELL', 123810)",1.25e-05,1110481511.0,-0.0003820926,1.4,1782870938.0,,,,,,,,,,,83.52059925093633,57.30337078651685,,,-0.00046034045656307885,-0.03663441041151867,-0.013889769772309268,-0.0031077567070463274,-0.014789769772309268,-0.004007756707046327
1782871047.5682611,SOL,BUY,1,1,0,76.0,True,73.82,0.3,-1.1,2.5,range,0.4,123810,"('SOL', 'BUY', 123810)",1.25e-05,363133634.0,0.0001228417,1.45,1782870938.0,,,,,,,,,,,53.40909090909091,98.86363636363636,,,0.004348534223395966,-0.05113310800611474,0.023516662151178647,0.02175562178271484,0.022616662151178645,0.02085562178271484
1782871047.5682611,XRP,SELL,-1,1,0,66.0,True,1.04,0.4,-0.9,1.8,range,0.4,123810,"('XRP', 'SELL', 123810)",-6.0238e-06,68298392.0,0.0,2.91,1782870938.0,,,,,,,,,,,38.13559322033898,53.38983050847458,,,-0.011436902186586603,-0.03407207816365283,-0.010769230769230642,-0.006442307692307692,-0.011669230769230642,-0.007342307692307691
1782871047.5682611,HYPE,SELL,-1,1,0,47.0,True,64.12,-0.2,-2.4,2.5,range,0.4,123810,"('HYPE', 'SELL', 123810)",1.25e-05,1350677162.0,0.0005251278,3.48,1782870938.0,,,,,,,,,,,12.0,96.0,,,-0.008083421079264038,-0.018337752841999688,-0.02715221459762951,0.0025577043044292536,-0.02805221459762951,0.0016577043044292536
1782872281.5005631,SOL,SELL,-1,1,0,37.0,True,74.23,0.4,0.0,0.2,range,0.7,123810,"('SOL', 'SELL', 123810)",1.25e-05,365305706.0,-1.88908e-05,1.4,1782871907.0,,,,,,,,,,,53.20754716981132,98.11320754716981,,,0.008082779716283907,-0.046270929936979545,-0.01786339754816102,-0.016112084063047316,-0.01876339754816102,-0.017012084063047318
1782877758.291219,HYPE,BUY,1,2,0,77.5,True,65.35,-0.1,-1.3,0.6,range,0.2,123810,"('HYPE', 'BUY', 123810)",1.25e-05,1396783967.0,0.0005515551,3.37,1782877723.0,,,,,,,,,,,11.673151750972762,90.6614785992218,,,0.010460757359462489,0.013772566865037845,-0.007390971690894976,-0.04061208875286915,-0.008290971690894976,-0.041512088752869145
1782888034.760097,BTC,SELL,-1,2,0,74.0,True,58552.5,-1.0,-1.6,0.7,range,-1.5,123811,"('BTC', 'SELL', 123811)",-5.0834e-06,2130507649.0,-0.0005762712,0.76,1782887622.0,,,,,,,,,,,4.2105263157894735,43.15789473684211,,,-0.0030510589785496603,0.043180272842353186,-0.006327654668886851,-0.01563554075402407,-0.0072276546688868504,-0.01653554075402407
1782888034.760097,ETH,SELL,-1,2,0,54.0,True,1572.0,-1.3,-1.2,0.8,range,-1.5,123811,"('ETH', 'SELL', 123811)",1.06459e-05,1152136944.0,-0.0003779289,1.37,1782887622.0,,,,,,,,,,,76.49122807017544,43.50877192982456,,,-0.007767832427814083,0.04150536819410101,-0.005470737913485957,-0.015712468193384233,-0.006370737913485957,-0.016612468193384234
1782888034.760097,SOL,BUY,1,1,1,54.0,True,74.1,-1.5,-0.1,0.8,range,-1.5,123811,"('SOL', 'BUY', 123811)",1.25e-05,377516131.0,-0.0002931379,1.24,1782887622.0,,,,,,,,,,,50.0,83.68794326241135,,,-0.007301640527897007,0.002781591962798483,0.018002699055330584,0.025681511470985185,0.017102699055330583,0.024781511470985184
1782888034.760097,XRP,SELL,-1,3,0,56.7,True,1.04,-1.0,-0.7,0.5,range,-1.5,123811,"('XRP', 'SELL', 123811)",1.25e-05,69121862.0,-0.0003659931,2.48,1782887622.0,,,,,,,,,,,97.05882352941177,0.7352941176470588,,,0.001734394352874478,-0.011577614906655372,-0.005288461538461631,-0.00798076923076918,-0.0061884615384616305,-0.00888076923076918
1782888034.760097,HYPE,BUY,1,1,1,54.0,True,64.59,-0.9,-1.6,0.6,range,-1.5,123811,"('HYPE', 'BUY', 123811)",1.25e-05,1391996620.0,0.0004214931,3.24,1782887622.0,,,,,,,,,,,11.194029850746269,85.44776119402985,,,-0.01201463739356876,0.007927257064445343,-0.00919647004180213,-0.008298498219538653,-0.01009647004180213,-0.009198498219538652
1782889637.9266074,HYPE,SELL,-1,2,0,63.5,True,64.66,-0.3,-0.7,0.0,trend,-0.3,123811,"('HYPE', 'SELL', 123811)",1.25e-05,1390858484.0,0.0001544759,3.22,1782889561.0,,,,,,,,,,,11.11111111111111,84.44444444444444,,,-0.00677038973140258,0.010616691560848275,0.010269099907206813,0.009372100216517132,0.009369099907206814,0.008472100216517132
1782893363.424071,BTC,SELL,-1,2,0,65.5,True,58719.5,-0.0,-1.1,0.0,range,-0.6,123812,"('BTC', 'SELL', 123812)",6.7631e-06,2132826835.0,-0.000544338,0.75,1782892469.0,,,,,,,,,,,42.06896551724138,42.06896551724138,,,0.0056136771934927315,0.04575221388591921,0.0015071654220488728,-0.01361557915172984,0.0006071654220488729,-0.01451557915172984
1782893363.424071,ETH,SELL,-1,2,0,60.5,True,1575.8,-0.1,-0.6,0.0,range,-0.6,123812,"('ETH', 'SELL', 123812)",1.25e-05,1141256603.0,-0.0003801559,1.31,1782892469.0,,,,,,,,,,,81.03448275862068,32.068965517241374,,,-0.006078570566765199,0.026422114473911223,0.0019037948978296582,-0.01567457799213101,0.0010037948978296582,-0.016574577992131013
1782893363.424071,SOL,BUY,1,1,1,55.5,True,74.89,0.0,1.5,0.1,range,-0.6,123812,"('SOL', 'BUY', 123812)",1.25e-05,373424368.0,-0.0002010859,1.17,1782892469.0,,,,,,,,,,,49.12891986062718,81.53310104529616,,,-0.0019527041871648793,-0.0032094348169111318,0.0010815863266124826,0.02758712778742156,0.00018158632661248258,0.02668712778742156
1782893363.424071,XRP,SELL,-1,2,0,59.0,True,1.04,,-0.0,0.1,range,-0.6,123812,"('XRP', 'SELL', 123812)",-2.5922e-06,67882049.0,-0.0005755396,2.37,1782892469.0,,,,,,,,,,,46.808510638297875,2.127659574468085,,,-0.015364563320837776,-0.024963611039675718,-0.0,-0.010769230769230642,-0.0009,-0.011669230769230642
1782893363.424071,HYPE,SELL,-1,2,0,62.0,True,64.08,-0.6,-1.9,0.0,range,-0.6,123812,"('HYPE', 'SELL', 123812)",1.25e-05,1381770557.0,0.0001538916,3.18,1782892469.0,,,,,,,,,,,10.989010989010989,83.51648351648352,,,-0.008630018678825792,0.0061657766168392554,0.021598002496878932,0.007162921348314533,0.02069800249687893,0.006262921348314533
1782910048.9078062,BTC,SELL,-1,2,0,71.5,True,58381.5,-0.4,-0.6,,trend,-0.6,123813,"('BTC', 'SELL', 123813)",2.4348e-06,2147647286.0,-0.0002170198,0.74,1782909907.0,,,,,,,,,,,22.727272727272727,40.25974025974026,,,-0.004141297315964205,0.042682651456064556,-0.029829654942062023,-0.027654308299718267,-0.030729654942062024,-0.028554308299718268
1782910048.9078062,ETH,SELL,-1,1,0,70.0,True,1566.3,-0.2,,0.5,trend,-0.6,123813,"('ETH', 'SELL', 123813)",2.5239e-06,1136832677.0,-0.0005094892,1.36,1782909907.0,,,,,,,,,,,30.1948051948052,45.45454545454545,,,-0.0023429365850977948,0.02838392285443331,-0.033901551426929855,-0.03262465683457849,-0.03480155142692985,-0.03352465683457849
1782910048.9078062,SOL,BUY,1,1,1,50.5,True,74.35,-0.6,2.0,1.9,trend,-0.6,123813,"('SOL', 'BUY', 123813)",1.25e-05,388252285.0,-0.0005631914,1.2,1782909907.0,,,,,,,,,,,46.22950819672131,82.62295081967214,,,0.01708805278295724,0.06891766508128228,0.041344989912575736,0.03475453934095496,0.04044498991257574,0.03385453934095496
1782910048.9078062,XRP,SELL,-1,2,0,65.0,True,1.04,-0.2,0.1,0.4,trend,-0.6,123813,"('XRP', 'SELL', 123813)",2.7437e-06,66559591.0,-0.0006748289,2.36,1782909907.0,,,,,,,,,,,62.65822784810127,5.69620253164557,,,-0.0093376749098683,-0.02930692934731486,-0.019326923076923075,-0.020000000000000018,-0.020226923076923076,-0.02090000000000002
1782910048.9078062,HYPE,SELL,-1,2,0,71.0,True,62.52,-0.2,-4.1,0.3,trend,-0.6,123813,"('HYPE', 'SELL', 123813)",-1.81894e-05,1325060402.0,-0.0004465282,2.81,1782909907.0,,,,,,,,,,,0.3436426116838488,76.28865979381443,,,-0.004701467027273603,-0.03547174700696414,-0.033477287268074196,-0.006989763275751626,-0.034377287268074194,-0.007889763275751626
1782914276.6853135,BTC,BUY,1,1,1,56.5,True,59354.5,1.5,1.5,2.3,trend,2.2,123813,"('BTC', 'BUY', 123813)",1.16112e-05,2188494947.0,-0.0003228657,0.79,1782913784.0,,,,,,,,,,,60.256410256410255,53.84615384615385,,,0.019019725103966628,0.06775580908754103,0.009207389498690155,0.012762301089218164,0.008307389498690155,0.011862301089218165
1782914276.6853135,ETH,BUY,1,1,1,50.5,True,1593.0,1.5,1.9,1.6,trend,2.2,123813,"('ETH', 'BUY', 123813)",2.5339e-06,1141815607.0,-0.0005069387,1.7,1782913784.0,,,,,,,,,,,30.76923076923077,88.46153846153845,,,0.004383169221656706,0.0047530142913189575,0.012868801004394248,0.014940364092906444,0.011968801004394248,0.014040364092906444
1782914276.6853135,XRP,BUY,1,2,1,47.7,True,1.05,1.1,1.3,,trend,2.2,123813,"('XRP', 'BUY', 123813)",-4.407e-07,66935435.0,-0.0004841802,2.53,1782913784.0,,,,,,,,,,,46.2962962962963,17.28395061728395,,,0.005646729409740514,-0.023657385567073346,0.0060952380952381535,0.007428571428571562,0.005195238095238154,0.006528571428571562
1782916369.1612582,HYPE,BUY,1,1,1,60.5,True,64.16,0.2,-1.3,1.4,trend,1.1,123813,"('HYPE', 'BUY', 123813)",1.25e-05,1347120548.0,-0.000425319,2.98,1782915723.0,,,,,,,,,,,13.131313131313133,79.46127946127946,,,0.02094206018536181,-0.021037810554075942,0.0032886533665834605,-0.011814214463840345,0.0023886533665834608,-0.012714214463840344
1782921862.164684,BTC,BUY,1,2,0,71.0,True,60100.5,1.0,2.8,2.9,high_volatility,1.2,123814,"('BTC', 'BUY', 123814)",1.25e-05,2198025376.0,-0.0002821155,0.77,1782921539.0,,,,,,,,,,,61.5625,47.5,,,-0.01441762309277327,0.07064233107532861,0.0008735368258168119,0.0060482025939883055,-2.6463174183188063e-05,0.005148202593988306
1782921862.164684,ETH,BUY,1,1,0,75.0,True,1619.7,1.2,3.1,2.0,high_volatility,1.2,123814,"('ETH', 'BUY', 123814)",1.25e-05,1222831833.0,-0.0003020031,1.64,1782921539.0,,,,,,,,,,,79.0625,79.6875,,,0.056100133242633035,0.10764826224045397,-0.0023461134778045567,0.0006791381119959361,-0.0032461134778045565,-0.00022086188800406388
1782921862.164684,SOL,BUY,1,2,0,68.5,True,77.2,0.3,5.1,1.7,high_volatility,1.2,123814,"('SOL', 'BUY', 123814)",1.25e-05,423240281.0,-0.0002738841,1.16,1782921539.0,,,,,,,,,,,45.74132492113564,73.81703470031546,,,0.015213987580441995,0.17850066430120395,0.0024740932642486335,0.008639896373056954,0.0015740932642486335,0.007739896373056955
1782921862.164684,XRP,BUY,1,2,0,79.5,True,1.06,-0.0,2.1,0.0,high_volatility,1.2,123814,"('XRP', 'BUY', 123814)",1.25e-05,68391998.0,-0.0001883771,2.41,1782921539.0,,,,,,,,,,,95.29411764705881,14.117647058823529,,,-0.00554799022816227,-0.01626453141175235,-0.0002830188679244783,0.0010377358490565314,-0.0011830188679244783,0.0001377358490565314
1782921862.164684,HYPE,BUY,1,1,0,43.0,True,64.69,0.1,0.2,0.0,high_volatility,1.2,123814,"('HYPE', 'BUY', 123814)",-1.7436e-06,1347924780.0,-0.0007043237,2.82,1782921539.0,,,,,,,,,,,5.9405940594059405,73.5973597359736,,,0.0020546142910642666,-0.015955337116695396,-0.013185963827484826,-0.02147163394651408,-0.014085963827484825,-0.02237163394651408
1782932658.642201,HYPE,SELL,-1,2,0,56.5,True,63.83,-0.8,-2.5,,trend,-0.8,123814,"('HYPE', 'SELL', 123814)",1.25e-05,1343502887.0,0.0,2.7,1782932208.0,,,,,,,,,,,16.560509554140125,65.60509554140127,,,-7.460610794291036e-05,-0.016453664077929957,0.006705310982296653,0.01626194579351392,0.005805310982296653,0.015361945793513921
1782936031.3803508,BTC,BUY,1,1,0,65.0,True,60069.5,-0.1,2.3,0.6,range,-1.2,123815,"('BTC', 'BUY', 123815)",1.25e-05,2174479579.0,-0.0005756852,0.75,1782935116.0,,,,,,,,,,,58.982035928143716,41.91616766467065,,,0.01094477079210912,0.027479825872603728,0.006567392770041369,0.005651786680428428,0.0056673927700413695,0.004751786680428428
1782936031.3803508,ETH,BUY,1,1,0,65.0,True,1616.3,0.0,2.6,,range,-1.2,123815,"('ETH', 'BUY', 123815)",1.25e-05,1203031514.0,-0.0004314596,1.6,1782935116.0,,,,,,,,,,,77.84431137724552,74.25149700598801,,,-0.008267714512178505,0.07519424492894254,0.0027841366083030117,0.0023510486914557482,0.0018841366083030117,0.0014510486914557483
1782936031.3803508,SOL,BUY,1,1,0,60.0,True,76.98,-0.5,4.5,0.4,range,-1.2,123815,"('SOL', 'BUY', 123815)",1.25e-05,420760134.0,-3.86822e-05,1.09,1782935116.0,,,,,,,,,,,44.10876132930513,70.69486404833837,,,-0.003716626411868246,0.16501060602048748,0.011522473369706354,0.019108859444011195,0.010622473369706354,0.018208859444011193
1782936031.3803508,XRP,BUY,1,2,0,63.5,True,1.06,,1.8,0.5,range,-1.2,123815,"('XRP', 'BUY', 123815)",1.07995e-05,69358641.0,-9.40026e-05,2.53,1782935116.0,,,,,,,,,,,86.95652173913044,26.08695652173913,,,0.0016594425474015808,-0.005564018479265109,0.0010377358490565314,-0.0005660377358491786,0.0001377358490565314,-0.0014660377358491786
1782936031.3803508,HYPE,SELL,-1,2,0,72.5,True,63.06,-1.2,-2.5,,range,-1.2,123815,"('HYPE', 'SELL', 123815)",1.25e-05,1330165516.0,-0.0004252591,2.62,1782935116.0,,,,,,,,,,,16.40378548895899,63.09148264984227,,,-0.018954269800850798,-0.033069332925101905,-0.0038217570567713466,0.00042816365366316056,-0.004721757056771346,-0.0004718363463368394
1782959511.3252974,BTC,BUY,1,1,0,65.0,True,60173.5,,1.7,0.2,trend,0.1,123816,"('BTC', 'BUY', 123816)",1.25e-05,2110381916.0,-6.81222e-05,0.67,1782959452.0,0.1664,-0.0857,-0.1118,-0.0361,0.0022,-4.4249,8.86439238353e-05,1.87,0.8333,1782958921.0,55.15320334261838,35.37604456824512,85.71428571428571,0.1666,0.00800082578825306,0.004915494072993435,0.005376120717591526,0.016859581044812,0.004459480717591526,0.015942941044812
1782959511.3252974,ETH,BUY,1,1,0,60.0,True,1618.5,-0.1,1.5,0.1,trend,0.1,123816,"('ETH', 'BUY', 123816)",1.25e-05,1211684590.0,-0.0003703704,1.46,1782959452.0,0.6184,0.0246,0.0615,0.039,0.0238,-4.5737,4.62323750527e-05,2.21,1.3471,1782958921.0,76.38888888888889,60.55555555555555,78.57142857142857,0.6214999999999999,0.008051303414016766,0.0777925347976621,0.004819277108433662,0.015137472968798305,0.003857437108433662,0.014175632968798304
1782959511.3252974,SOL,BUY,1,3,0,77.7,True,78.24,0.1,3.7,0.2,trend,0.1,123816,"('SOL', 'BUY', 123816)",1.25e-05,431302243.0,-0.0001920123,0.99,1782959452.0,0.1282,-0.0339,0.1055,0.1873,0.9876,-6.4094,3.1786914546e-05,1.48,1.2406,1782958921.0,40.896358543417364,68.62745098039215,78.57142857142857,0.1293,0.00545066353617318,0.18438668635240926,-0.0014826175869120384,0.016935071574642135,-0.0023954375869120383,0.016022251574642134
1782959511.3252974,XRP,BUY,1,1,0,43.0,True,1.06,0.1,0.7,0.1,trend,0.1,123816,"('XRP', 'BUY', 123816)",1.25e-05,68500585.0,-0.0003780718,2.67,1782959452.0,0.9459,-0.1404,0.0682,-0.0617,0.1419,-6.6181,1.6609658542e-05,3.16,0.9424,1782958921.0,87.5598086124402,45.933014354066984,71.42857142857143,0.9500500000000001,0.011181699355898996,-0.01150622897998574,-0.0006603773584906714,0.012358490566037661,-0.0016549673584906714,0.011363900566037661
1782959511.3252974,HYPE,SELL,-1,2,0,61.5,True,62.84,0.1,-4.2,0.2,trend,0.1,123816,"('HYPE', 'SELL', 123816)",9.2484e-06,1301407244.0,-0.0001658322,2.26,1782959452.0,0.1596,0.2152,0.305,0.1541,0.9004,-10.0402,-0.000174555049266,1.33,0.4894,1782958921.0,15.160349854227405,33.52769679300292,57.14285714285714,0.1608,0.0016228909667497654,-0.04929968289923195,-0.008402291534054696,-0.01686823679185223,-0.009318251534054696,-0.01778419679185223
1782964851.0309095,BTC,BUY,1,1,0,75.0,True,61034.5,1.0,2.9,1.1,trend,1.2,123817,"('BTC', 'BUY', 123817)",1.25e-05,2126221333.0,-0.0002981663,0.68,1782964299.0,0.165,0.4122,0.123,0.0598,1.0,-3.6949,8.95004952008e-05,1.84,0.7891,1782964321.0,54.395604395604394,35.714285714285715,60.0,0.1663,0.002691927767018969,0.0027660970072603207,-0.012574855204843138,0.00380932095781894,-0.013491355204843139,0.0028928209578189404
1782964851.0309095,ETH,BUY,1,1,0,70.0,True,1640.0,1.2,2.6,1.5,trend,1.2,123817,"('ETH', 'BUY', 123817)",1.25e-05,1213250886.0,-0.0003083945,1.51,1782964299.0,0.614,0.1002,0.0896,0.0345,0.3014,-3.6212,6.24735906487e-05,2.11,1.2528,1782964321.0,75.34246575342466,65.47945205479452,50.0,0.61865,0.0021193116772786624,0.08159038049542644,-0.012926829268292694,0.0034146341463414664,-0.013888229268292694,0.0024532341463414666
1782964851.0309095,SOL,BUY,1,2,0,74.0,True,78.82,0.5,4.3,1.1,trend,1.2,123817,"('SOL', 'BUY', 123817)",1.25e-05,433415055.0,0.0002180745,1.01,1782964299.0,0.1276,0.1636,0.3272,0.1205,0.9673,-6.38,2.00438644614e-05,1.45,0.5512,1782964321.0,40.331491712707184,68.78453038674033,50.0,0.12885,0.0026697178168081028,0.16119090313599976,-0.011596041613803454,0.04175336209084013,-0.012508801613803454,0.04084060209084013
1782964851.0309095,XRP,BUY,1,1,0,70.0,True,1.07,0.8,1.6,3.3,trend,1.2,123817,"('XRP', 'BUY', 123817)",1.25e-05,69632686.0,-0.0003783579,2.95,1782964299.0,0.9416,0.3205,0.1213,0.0587,0.8413,-5.6471,-4.2190311614e-06,3.17,1.1132,1782964321.0,86.91588785046729,78.50467289719626,60.0,0.94725,0.016345290335718757,0.014416675148949098,-0.013084112149532756,0.010093457943925133,-0.014078272149532757,0.009099297943925132
1782964851.0309095,HYPE,SELL,-1,1,0,66.0,True,63.46,0.7,-3.6,0.4,trend,1.2,123817,"('HYPE', 'SELL', 123817)",1.25e-05,1303125875.0,-0.0001113816,2.32,1782964299.0,0.1579,-0.0969,0.1002,0.0415,0.5689,-5.6816,-0.0001616974761594,1.33,1.0762,1782964321.0,18.103448275862068,38.793103448275865,40.0,0.16055,0.0013146767829278062,-0.06705266828137926,0.0037819098644815696,-0.010352978254018375,0.0028661198644815695,-0.011268768254018374
1782965599.228483,HYPE,BUY,1,1,1,60.0,True,63.57,-0.1,-2.5,0.1,trend,-0.2,123817,"('HYPE', 'BUY', 123817)",1.25e-05,1314372764.0,0.0003791469,2.35,1782964865.0,1.7341,0.9663,0.3843,0.0268,1.0,-2.3583,-0.0001549962049141,1.33,0.9858,1782965221.0,18.05157593123209,44.985673352435526,38.095238095238095,0.1605,0.009956723756209237,-0.059000679379934494,-0.005505741702060751,0.00860468774579215,-0.006579151702060752,0.00753127774579215
1782979400.2186778,BTC,BUY,1,1,0,40.0,True,60159.5,-0.2,2.0,0.5,trend,0.2,123818,"('BTC', 'BUY', 123818)",1.25e-05,2153348976.0,-6.64927e-05,0.69,1782979034.0,0.665,-0.2845,-0.0446,0.058,0.072,-2.8769,0.0001,1.78,0.9375,1782978721.0,52.242744063324544,35.62005277044855,66.66666666666666,0.1658,-0.0006624297647994806,0.00962203806855234,0.01840939502489225,0.025407458506137903,0.01744289502489225,0.024440958506137905
1782979400.2186778,ETH,BUY,1,1,0,40.0,True,1616.0,-0.2,2.2,0.3,trend,0.2,123818,"('ETH', 'BUY', 123818)",1.25e-05,1187962942.0,-0.0003155355,1.51,1782979034.0,0.6188,0.1341,0.0697,0.0392,0.3205,-3.217,4.37290697376e-05,2.02,1.6302,1782978721.0,72.36842105263158,65.52631578947368,52.77777777777778,0.6182,-0.008739175468574577,0.040925361463166054,0.018316831683168333,0.05297029702970302,0.017354951683168335,0.05200841702970302
1782979400.2186778,SOL,BUY,1,2,0,54.0,True,78.02,0.1,3.4,0.7,trend,0.2,123818,"('SOL', 'BUY', 123818)",1.25e-05,448520825.0,-0.000102874,1.07,1782979034.0,0.1285,0.7329,0.5685,0.404,0.3029,-5.142,-1.54069437144e-05,1.45,0.5388,1782978721.0,38.726790450928384,73.47480106100795,38.88888888888889,0.12825,-0.010837425806216959,0.2011021867753419,0.0524352730069213,0.03242758267111001,0.0515224230069213,0.03151473267111001
1782979400.2186778,XRP,BUY,1,1,0,32.0,True,1.06,0.2,1.1,0.2,trend,0.2,123818,"('XRP', 'BUY', 123818)",1.7282e-06,68072506.0,-0.0003555556,2.89,1782979034.0,0.9462,0.2555,-0.0775,-0.0573,0.968,-6.6206,6.2113782805e-06,3.14,0.8723,1782978721.0,42.79475982532751,70.74235807860262,44.44444444444444,0.94645,0.0011863776245391322,0.0028057049368088462,0.019622641509433825,0.029622641509433834,0.018628021509433823,0.028628021509433832
1782979400.2186778,HYPE,SELL,-1,2,0,50.5,True,63.21,-0.0,-1.2,0.4,trend,0.2,123818,"('HYPE', 'SELL', 123818)",1.25e-05,1312362591.0,-0.0003016591,2.38,1782979034.0,0.1587,0.1174,-0.0399,0.0631,0.8599,-8.398,-5.1912927525e-05,1.21,2.1425,1782978721.0,17.355371900826448,50.964187327823694,2.7777777777777777,0.15985,-0.007549736110887666,-0.050231180313100275,-0.014348995412118315,-0.03709856035437431,-0.015264865412118314,-0.03801443035437431
1782995836.5397482,BTC,BUY,1,1,0,75.0,True,61504.5,0.2,3.4,0.7,trend,1.1,123819,"('BTC', 'BUY', 123819)",1.25e-05,2191275269.0,8.15661e-05,0.67,1782995077.0,0.1634,0.0448,-0.1165,-0.0174,0.5143,-4.4107,7.19082382672e-05,1.63,1.1816,1782995822.0,49.87405541561713,31.98992443324937,0.0,0.1657,0.003146418236620127,0.010611496662951586,0.0014389191034802629,-0.00036582689071529284,0.0005225791034802629,-0.0012821668907152927
1782995836.5397482,ETH,BUY,1,3,0,75.0,True,1664.2,0.8,4.2,1.3,trend,1.1,123819,"('ETH', 'BUY', 123819)",1.25e-05,1241215582.0,-0.0003032141,1.46,1782995077.0,0.6055,0.0085,0.0026,0.0185,0.9988,-4.419,6.25988091812e-05,1.86,1.1037,1782995822.0,69.09547738693468,55.0251256281407,3.6363636363636362,0.6171,0.001552593601092384,0.09033918620740142,0.019829347434202615,0.02175219324600408,0.018868797434202614,0.02079164324600408
1782995836.5397482,SOL,BUY,1,3,0,65.0,True,82.03,-0.5,7.9,1.4,trend,1.1,123819,"('SOL', 'BUY', 123819)",1.25e-05,494399889.0,0.000424474,0.93,1782995077.0,0.1223,0.1935,0.1939,0.1025,0.9876,-3.6697,5.15484698439e-05,1.24,0.9679,1782995822.0,36.9620253164557,55.69620253164557,1.8181818181818181,0.128,0.012522053924139156,0.29270638551680517,-0.014153358527368098,-0.014019261245885706,-0.015065588527368098,-0.014931491245885706
1782995836.5397482,XRP,BUY,1,2,0,73.5,True,1.1,1.1,4.5,1.8,trend,1.1,123819,"('XRP', 'BUY', 123819)",1.25e-05,69916049.0,-0.0004612546,2.55,1782995077.0,0.9185,0.4906,-0.1344,-0.0538,0.1473,-6.4261,3.25217563406e-05,3.24,1.0534,1782995822.0,81.70731707317073,28.04878048780488,100.0,0.9441,0.010584651199154924,0.04633626472701995,-0.006545454545454632,-0.01363636363636378,-0.007537304545454632,-0.01462821363636378
1782995836.5397482,HYPE,BUY,1,1,0,62.0,True,65.22,0.2,1.8,0.6,trend,1.1,123819,"('HYPE', 'BUY', 123819)",1.25e-05,1367350733.0,0.0007390869,2.59,1782995077.0,3.3926,0.1013,0.2406,0.3875,0.0136,-2.6198,2.5831782873e-06,1.25,0.4958,1782995822.0,16.57894736842105,66.57894736842105,38.18181818181819,0.1587,0.022817547070975563,0.03218627672880448,0.00213124808340992,0.015041398344066259,0.0008919880834099203,0.01380213834406626
1782996835.4470246,HYPE,SELL,-1,2,1,57.2,True,65.33,0.4,2.0,,trend,-1.2,123819,"('HYPE', 'SELL', 123819)",1.25e-05,1369192372.0,0.0002614299,2.59,1782996047.0,3.9771,0.0211,-0.2225,-0.0998,0.0036,-4.2804,1.88263248626e-05,1.23,0.9267,1782996722.0,16.535433070866144,66.40419947506561,23.214285714285715,0.1588,0.015672575353774223,0.03612918444676372,-0.0004439001989897662,-0.013332312873105767,-0.0017416101989897663,-0.014630022873105768
1783008318.7089138,BTC,BUY,1,1,0,65.0,True,61580.5,-0.0,2.3,0.0,trend,-0.1,123820,"('BTC', 'BUY', 123820)",1.25e-05,2325559453.0,-0.0001941936,0.71,1783007679.0,0.1623,-0.163,-0.1054,0.0878,0.0147,-4.4311,3.58673390317e-05,1.51,1.0409,1783007522.0,48.292682926829265,43.90243902439025,0.0,0.1653,0.008892467131879682,0.03570564981626526,0.0028499281428373546,-0.0016644879466714002,0.0019336981428373545,-0.0025807179466714003
1783008318.7089138,ETH,BUY,1,2,0,53.0,True,1696.0,-0.1,4.6,0.0,trend,-0.1,123820,"('ETH', 'BUY', 123820)",1.25e-05,1290373880.0,5.87406e-05,1.22,1783007679.0,0.5886,-0.1405,0.1358,0.0747,0.121,-5.4754,5.26872168477e-05,1.43,0.7809,1783007522.0,66.90997566909975,20.437956204379564,1.4705882352941175,0.615,0.008344653039964709,0.08222482153217626,0.0037735849056603765,0.0007075471698112512,0.0028147249056603768,-0.00025131283018874876
1783008318.7089138,SOL,BUY,1,1,0,65.0,True,80.81,-0.1,4.0,0.0,trend,-0.1,123820,"('SOL', 'BUY', 123820)",1.25e-05,488960105.0,0.0004212352,0.95,1783007679.0,0.1241,-0.0057,-0.1569,-0.0285,0.0145,-6.2058,9.16068921494e-05,1.35,1.0518,1783007522.0,35.78431372549019,61.029411764705884,23.52941176470588,0.12775,0.0006377283727558101,0.16707840884617747,0.003341170647197078,-0.001447840613785445,0.0024287606471970783,-0.0023602506137854447
1783008318.7089138,XRP,BUY,1,1,0,50.0,True,1.09,0.0,3.0,0.0,trend,-0.1,123820,"('XRP', 'BUY', 123820)",4.812e-06,69406135.0,-0.0004577916,2.33,1783007679.0,0.915,-0.1408,-0.0768,0.0729,0.5002,-5.4885,4.67924066629e-05,3.02,1.0421,1783007522.0,54.440154440154444,5.405405405405405,11.76470588235294,0.9413,0.010696446200104896,0.02526862876577683,-0.0011009174311927827,-0.0060550458715598054,-0.002092417431192783,-0.007046545871559806
1783008318.7089138,HYPE,BUY,1,1,0,50.0,True,65.34,-0.0,1.5,0.0,trend,-0.1,123820,"('HYPE', 'BUY', 123820)",1.25e-05,1383742258.0,-0.0006976673,2.67,1783007679.0,1.6823,-0.8977,-0.0259,-0.0118,0.6791,-7.0308,7.0231611814e-05,1.13,1.2142,1783007522.0,16.030534351145036,71.7557251908397,2.941176470588235,0.1588,-0.0017550135988816777,0.03177237918889114,0.022222222222222143,0.0073155800428525986,0.021153992222222143,0.006247350042852599
1783033924.376866,BTC,BUY,1,2,0,55.5,True,61406.5,-0.1,2.8,0.2,trend,-0.1,123821,"('BTC', 'BUY', 123821)",1.25e-05,2273380299.0,8.12651e-05,0.75,1783033869.0,1.302,0.6027,0.1705,0.212,0.0203,-3.5801,0.0001,1.55,0.2392,1783033621.0,45.30892448512586,55.1487414187643,23.711340206185564,0.1641,-0.0030144566884321333,0.04714298709952234,0.003476830628679428,0.005251887015218282,0.002446630628679428,0.0042216870152182815
1783033924.376866,ETH,BUY,1,2,0,50.5,True,1694.8,-0.1,5.8,0.0,trend,-0.1,123821,"('ETH', 'BUY', 123821)",1.25e-05,1287471521.0,5.89623e-05,1.34,1783033869.0,0.5895,0.1168,0.2038,0.1503,0.0,-4.8935,4.89586302194e-05,1.48,0.9199,1783033621.0,62.78538812785388,34.01826484018265,29.896907216494846,0.6081,-0.0046161427533715875,0.051709684296456414,0.010620722209110145,0.012213830540476867,0.009661772209110145,0.011254880540476866
1783033924.376866,SOL,BUY,1,2,0,55.5,True,80.65,-0.1,4.4,0.0,trend,-0.1,123821,"('SOL', 'BUY', 123821)",1.25e-05,483208168.0,0.0001862313,1.05,1783033869.0,0.9916,0.3196,0.0443,0.061,0.957,-4.9585,3.29327584413e-05,1.39,0.7099,1783033621.0,33.5632183908046,71.26436781609196,28.865979381443296,0.1258,-0.03888431121299782,0.12110306770121416,0.010700557966522029,0.006336019838809603,0.009701397966522028,0.005336859838809604
1783033924.376866,XRP,BUY,1,1,0,40.0,True,1.08,-0.1,3.4,0.0,trend,-0.1,123821,"('XRP', 'BUY', 123821)",8.1266e-06,67108380.0,-0.0003703018,2.17,1783033869.0,0.9252,0.4091,-0.0968,-0.0965,0.063,-6.4707,4.8711658122e-06,3.04,1.4598,1783033621.0,61.75438596491228,5.614035087719298,19.587628865979383,0.9276,-0.0036265395221273962,-0.026663550251719643,0.012962962962963065,0.01805555555555549,0.011970442962963065,0.01706303555555549
1783033924.376866,HYPE,BUY,1,2,0,68.0,True,65.76,-0.1,5.6,0.1,trend,-0.1,123821,"('HYPE', 'BUY', 123821)",1.25e-05,1393057469.0,-0.0006225705,3.31,1783033869.0,0.152,-0.1382,-0.2092,-0.0193,1.0,-4.2518,0.0001,1.12,0.6552,1783033621.0,15.0,91.9047619047619,6.185567010309279,0.1585,-0.001592035939501046,0.06529710578180582,0.016149635036496246,0.023236009732360063,0.015234435036496246,0.022320809732360062
1783048398.2191732,BTC,BUY,1,2,0,49.0,True,61406.5,-0.1,1.0,0.0,trend,-0.2,123822,"('BTC', 'BUY', 123822)",1.25e-05,2247626069.0,0.0002609263,0.79,1783047464.0,0.1628,0.2072,0.0165,0.113,0.0369,-3.029,0.0001,1.63,0.6989,1783048022.0,44.0,65.77777777777779,47.78761061946903,0.1632,-0.010560426777474912,0.05994445688548493,0.005251887015218282,0.005512445750857076,0.0043356070152182815,0.0045961657508570754
1783048398.2191732,ETH,BUY,1,2,0,55.5,True,1703.0,-0.1,4.3,0.0,trend,-0.2,123822,"('ETH', 'BUY', 123822)",1.25e-05,1226595654.0,0.0,1.28,1783047464.0,0.5873,0.1075,0.0273,-0.0044,0.94,-4.5793,7.80260197419e-05,1.56,1.314,1783048022.0,60.84070796460177,25.442477876106196,41.5929203539823,0.6055,-0.057352628402024285,0.013141804944720607,0.007339988256018781,0.0143863769817969,0.006381258256018782,0.0134276469817969
1783048398.2191732,SOL,BUY,1,2,0,55.5,True,80.65,-0.2,3.0,0.0,trend,-0.2,123822,"('SOL', 'BUY', 123822)",1.25e-05,484624193.0,-6.17246e-05,1.11,1783047464.0,0.1238,-0.4036,-0.2783,-0.1587,1.0,-6.1858,9.28019848807e-05,1.46,0.6848,1783048022.0,32.516703786191535,77.9510022271715,76.99115044247787,0.1244,-0.01047338762441941,0.12113780367529768,0.006336019838809603,0.005108493490390442,0.0054236398388096034,0.004196113490390442
1783048398.2191732,XRP,BUY,1,2,0,64.0,True,1.09,-0.0,2.5,0.0,trend,-0.2,123822,"('XRP', 'BUY', 123822)",4.0244e-06,66988345.0,-0.0004593899,2.18,1783047464.0,0.918,0.3302,-0.0071,-0.0764,0.4903,-5.5046,-3.90696149631e-05,3.09,0.7057,1783048022.0,43.812709030100336,7.023411371237458,52.21238938053098,0.9252,-0.008126486172025086,-0.02225100223572743,0.008715596330275188,0.00981651376146786,0.007723796330275188,0.00882471376146786
1783048398.2191732,HYPE,BUY,1,2,0,74.0,True,66.71,0.0,4.7,0.1,trend,-0.2,123822,"('HYPE', 'BUY', 123822)",1.25e-05,1401161946.0,-7.81908e-05,3.38,1783047464.0,0.15,0.3681,0.0759,-0.0334,0.3683,-3.4466,5.8121145885e-06,1.1,2.1163,1783048022.0,15.473441108545035,92.37875288683603,0.0,0.1582,-0.0022069876657335357,0.07664504864468917,0.00866436816069549,0.01410583120971376,0.00774936816069549,0.01319083120971376
1783052377.2301755,BTC,BUY,1,2,0,49.0,True,61384.5,-0.1,1.5,0.0,trend,-0.4,123823,"('BTC', 'BUY', 123823)",1.25e-05,2253021466.0,0.0002932456,0.82,1783052310.0,0.1629,0.1564,0.1251,0.1607,0.6487,-2.8347,0.0001,1.64,0.6628,1783051622.0,43.51648351648352,74.72527472527473,47.863247863247864,0.1632,0.006606346334484459,0.04197886200309762,0.005840236541797994,0.00909838802955143,0.004923946541797994,0.00818209802955143
1783052377.2301755,ETH,BUY,1,2,0,53.0,True,1703.0,-0.2,4.7,0.0,trend,-0.4,123823,"('ETH', 'BUY', 123823)",1.25e-05,1231381942.0,0.0,1.35,1783052310.0,0.5861,-0.0111,0.0826,0.0092,1.0,-3.3995,8.20732066897e-05,1.54,2.041,1783051622.0,60.17505470459519,36.32385120350109,37.60683760683761,0.6011,0.003914441611843443,0.016311874779415862,0.007985907222548327,0.0234879624192601,0.007027297222548327,0.0225293524192601
1783052377.2301755,SOL,BUY,1,2,0,53.0,True,80.54,-0.2,3.1,0.0,trend,-0.4,123823,"('SOL', 'BUY', 123823)",1.25e-05,472377556.0,0.0001263393,1.11,1783052310.0,0.1238,0.1029,-0.0371,0.0547,0.8558,-6.1912,7.97343858865e-05,1.47,1.6405,1783051622.0,32.158590308370044,77.97356828193833,85.47008547008546,0.1242,-0.004359596713513092,0.08258847275932116,0.0055748696299975364,0.013111497392599869,0.0046624896299975365,0.012199117392599868
1783052377.2301755,XRP,BUY,1,2,0,60.5,True,1.09,-0.0,2.9,0.0,trend,-0.4,123823,"('XRP', 'BUY', 123823)",5.1373e-06,67134840.0,-0.0005121145,2.52,1783052310.0,0.9177,0.2554,-0.0993,0.0338,0.1095,-4.5859,-3.02160823106e-05,3.09,0.6394,1783051622.0,47.69736842105263,36.84210526315789,52.13675213675214,0.9245,0.0023702937437954535,-0.03861159000847344,0.00981651376146786,0.0170642201834863,0.00882474376146786,0.0160724501834863
1783052377.2301755,HYPE,BUY,1,2,0,65.5,True,66.4,-0.4,4.8,0.1,trend,-0.4,123823,"('HYPE', 'BUY', 123823)",1.25e-05,1402257511.0,-1.50143e-05,3.47,1783052310.0,0.1501,0.2362,-0.1486,-0.0264,1.0,-4.8007,1.16784025651e-05,1.08,1.9979,1783051622.0,15.296803652968036,97.26027397260275,0.0,0.158,0.00013654991415778934,0.06681956059869688,0.012183734939759105,0.03826807228915663,0.011268724939759105,0.03735306228915663
1783067158.2725296,BTC,BUY,1,2,0,63.0,True,61786.5,,1.0,0.2,trend,0.3,123824,"('BTC', 'BUY', 123824)",1.98387e-05,2327673442.0,0.0005614251,0.86,1783066850.0,0.1618,0.2352,0.1343,0.0947,1.0,-3.9177,0.0001,1.63,1.2377,1783066922.0,100.0,81.70212765957446,40.298507462686565,0.1629,0.009532427333948849,0.08138653545221654,0.0025329157663891433,0.006303966076731893,0.0016167357663891433,0.005387786076731893
1783067158.2725296,ETH,BUY,1,2,0,61.5,True,1718.2,,4.6,0.1,trend,0.3,123824,"('ETH', 'BUY', 123824)",1.25e-05,1253954129.0,0.0004359958,1.32,1783066850.0,0.5816,0.1601,0.2298,0.1626,0.6366,-4.6547,7.56236562911e-05,1.49,1.6681,1783066922.0,58.26271186440678,28.389830508474578,32.08955223880597,0.5896,0.0034911268925048498,0.05597594914840791,0.01443370969619373,0.011349086253055418,0.013475549696193731,0.010390926253055419
1783067158.2725296,SOL,BUY,1,2,0,60.5,True,81.21,-0.0,2.1,0.1,trend,0.3,123824,"('SOL', 'BUY', 123824)",1.25e-05,478812587.0,0.0003567255,1.23,1783066850.0,0.123,-0.3461,-0.0933,0.1277,0.0301,-6.1523,8.840293573e-07,1.5,1.1876,1783066922.0,31.13006396588486,88.27292110874201,93.28358208955224,0.12405,0.007631456504513481,0.035899555138702764,0.004753109223002205,0.006206132249723106,0.0038408092230022054,0.005293832249723107
1783067158.2725296,XRP,BUY,1,2,0,70.5,True,1.1,-0.2,2.5,0.2,trend,0.3,123824,"('XRP', 'BUY', 123824)",4.7324e-06,67842859.0,-0.000543626,2.51,1783066850.0,0.9084,-0.0317,0.0824,0.1503,0.4526,-5.4471,5.5913757207e-06,3.01,0.9138,1783066922.0,45.45454545454545,32.288401253918494,5.223880597014925,0.9228,-0.0013533564734621501,-0.004294810363727049,0.007818181818181724,0.010636363636363555,0.006827341818181724,0.009645523636363555
1783067158.2725296,HYPE,BUY,1,2,0,79.0,True,67.47,0.3,5.6,0.4,trend,0.3,123824,"('HYPE', 'BUY', 123824)",1.25e-05,1423469836.0,0.0002522367,3.55,1783066850.0,0.2966,-0.076,0.0545,0.014,0.6226,-7.558,3.89566202415e-05,1.08,1.4706,1783066922.0,14.79028697571744,97.57174392935983,4.477611940298507,0.1577,0.0041004090282459275,0.0799704578765117,0.021802282495924086,0.04230028160664001,0.020872622495924087,0.04137062160664001
1783080139.1182692,BTC,BUY,1,2,1,70.7,True,62036.5,0.2,0.8,,trend,0.5,123825,"('BTC', 'BUY', 123825)",1.25e-05,2317845427.0,0.0004835278,0.9,1783079451.0,0.1614,0.2567,0.0557,0.0482,0.0,-4.4567,9.77455658507e-05,1.61,0.6158,1783079522.0,40.993788819875775,97.10144927536231,32.432432432432435,0.1628,0.014332781765282184,0.05499529427747962,0.002248676182569964,0.0028612187986105653,0.0013325361825699642,0.0019450787986105653
1783080139.1182692,ETH,BUY,1,3,0,63.3,True,1743.0,,4.8,1.1,trend,0.5,123825,"('ETH', 'BUY', 123825)",1.25e-05,1348355874.0,9.73208e-05,1.33,1783079451.0,0.5735,0.2469,0.415,0.2223,0.4357,-4.1313,4.47535845774e-05,1.51,1.1005,1783079522.0,56.70103092783505,32.577319587628864,33.78378378378378,0.58895,0.00950203700204793,0.08308592891367109,-0.00304073436603558,-0.002008032128514081,-0.00399808436603558,-0.0029653821285140812
1783080139.1182692,SOL,BUY,1,2,0,65.5,True,81.57,-0.0,0.1,0.8,trend,0.5,123825,"('SOL', 'BUY', 123825)",1.25e-05,502547842.0,3.68121e-05,1.66,1783079451.0,0.1228,0.2625,0.152,0.2434,0.773,-7.3746,1.72138777439e-05,1.53,2.1736,1783079522.0,30.29045643153527,100.0,98.64864864864865,0.1239,0.011505704894532783,0.011532966507159313,0.0017653549098934906,0.007122716685055819,0.0008530749098934906,0.006210436685055819
1783080139.1182692,XRP,BUY,1,1,0,50.0,True,1.11,0.1,1.6,1.5,trend,0.5,123825,"('XRP', 'BUY', 123825)",1.24906e-05,67985326.0,-0.0002704164,2.83,1783079451.0,0.9022,0.2175,0.1816,0.1134,0.7821,-4.5086,6.84203006058e-05,2.94,0.4957,1783079522.0,75.30120481927712,68.97590361445783,0.0,0.9214,0.005904007522471715,-0.03212822046454519,0.0015315315315314049,0.015855855855855694,0.0005413115315314049,0.014865635855855694
1783080139.1182692,HYPE,BUY,1,3,1,65.8,True,69.26,0.5,6.3,1.4,trend,0.5,123825,"('HYPE', 'BUY', 123825)",1.25e-05,1486630475.0,0.0002588239,3.37,1783079451.0,0.1448,0.0499,0.0561,0.324,0.4439,-7.3802,-3.10714328092e-05,1.05,1.7508,1783079522.0,14.377682403433475,85.1931330472103,0.6756756756756757,0.1575,0.03057947590291705,0.10278864681160718,0.015362402541149178,0.017441524689575383,0.014447922541149178,0.016527044689575384
1783094736.9440203,BTC,BUY,1,2,0,53.0,True,61928.5,,0.4,0.0,trend,-0.1,123826,"('BTC', 'BUY', 123826)",1.25e-05,2264068781.0,5.48228e-05,1.25,1783093992.0,0.1612,0.145,0.0756,0.0465,0.7764,-4.4653,5.19335352911e-05,1.55,1.3358,1783093922.0,39.75903614457831,99.79919678714859,20.121951219512198,0.1626,0.0031580423073172,-0.023490820882311997,0.004610155259694659,0.01026183421203486,0.0036940352596946595,0.00934571421203486
1783094736.9440203,ETH,BUY,1,2,0,55.5,True,1731.0,-0.1,2.1,0.0,trend,-0.1,123826,"('ETH', 'BUY', 123826)",1.25e-05,1324940477.0,0.000634408,1.94,1783093992.0,0.5763,0.1424,0.2356,0.1387,0.1048,-4.8427,5.20938476864e-05,1.46,1.3896,1783093922.0,55.00000000000001,98.4,9.146341463414634,0.5886,-0.009642665794287849,0.039500139841409966,0.004910456383593331,0.015597920277296451,0.003952826383593331,0.014640290277296452
1783094736.9440203,SOL,BUY,1,2,1,58.0,True,81.16,-0.1,0.6,0.1,trend,-0.1,123826,"('SOL', 'BUY', 123826)",1.25e-05,505534970.0,0.0003687996,2.6,1783093992.0,0.2458,0.1896,0.0728,0.1261,0.2757,-7.3764,-6.7729173888e-06,1.49,1.7648,1783093922.0,29.376257545271628,99.79879275653923,75.0,0.1238,0.004946681287208645,0.043002214178697165,0.012210448496796422,0.015044356826022787,0.011285868496796423,0.014119776826022787
1783094736.9440203,XRP,BUY,1,1,0,50.0,True,1.12,-0.1,2.9,0.3,trend,-0.1,123826,"('XRP', 'BUY', 123826)",1.25e-05,88674313.0,0.0002295053,2.59,1783093992.0,0.8935,0.8055,0.3119,0.2263,0.9732,-4.4687,0.0001,2.77,0.8917,1783093922.0,72.91066282420749,46.39769452449568,0.0,0.9188,0.18802156041044998,0.28697661590001067,0.006785714285714173,0.008928571428571175,0.005796364285714173,0.007939221428571175
1783094736.9440203,HYPE,BUY,1,1,0,40.0,True,69.91,-0.0,6.1,0.0,trend,-0.1,123826,"('HYPE', 'BUY', 123826)",1.25e-05,1517601167.0,0.0006109197,3.68,1783093992.0,0.1419,0.1641,0.3624,0.2711,0.8431,-4.9632,6.49633342193e-05,0.97,1.0525,1783093922.0,13.92931392931393,98.33679833679834,0.6097560975609756,0.1575,0.015124376353006208,0.10027572463600706,0.007981690745243908,0.01172936632813637,0.007067500745243908,0.01081517632813637
1783108994.4377367,BTC,BUY,1,2,0,56.5,True,62216.5,,1.0,0.7,range,0.4,123827,"('BTC', 'BUY', 123827)",1.25e-05,2269408017.0,-1.6071e-05,1.49,1783108535.0,0.1608,0.0784,-0.0258,-0.0672,1.0,-5.1451,3.68367516505e-05,1.48,1.0103,1783108322.0,38.59649122807017,99.80506822612085,0.5555555555555556,0.16244999999999998,0.0018582710059376938,0.008242277305614684,0.005585335079922427,0.004974564625139566,0.004669255079922427,0.004058484625139566
1783108994.4377367,ETH,BUY,1,3,0,62.0,True,1745.8,0.4,2.3,1.2,range,0.4,123827,"('ETH', 'BUY', 123827)",1.25e-05,1358438963.0,0.0001717623,2.28,1783108535.0,0.5728,0.0886,0.0915,0.0329,0.0121,-5.0987,5.48804911682e-05,1.44,1.5918,1783108322.0,53.398058252427184,100.0,4.444444444444445,0.58785,0.0078078870987937764,0.04786530796745108,0.006988200252033394,0.0024630541871921707,0.0060309202520333945,0.0015057741871921707
1783108994.4377367,SOL,BUY,1,3,0,72.3,True,82.47,0.4,1.7,2.4,range,0.4,123827,"('SOL', 'BUY', 123827)",1.25e-05,514227026.0,0.0005344021,2.91,1783108535.0,0.4862,0.0907,0.2079,0.2429,0.899,-6.0805,8.38546313754e-05,1.45,1.8771,1783108322.0,28.515625,99.4140625,40.0,0.1238,0.017293737462147664,0.017304818457727064,-0.0010791803079908124,-0.0032617921668486316,-0.0020278003079908123,-0.0042104121668486314
1783108994.4377367,XRP,BUY,1,1,0,50.0,True,1.13,0.4,4.5,1.6,range,0.4,123827,"('XRP', 'BUY', 123827)",1.25e-05,90949634.0,-0.0002625591,2.23,1783108535.0,0.8798,0.5844,-0.0165,0.121,0.8298,-6.1576,0.0001,2.72,1.0445,1783108322.0,69.88950276243095,9.668508287292818,0.0,0.91795,-0.0019871016052545177,0.35577965902548464,0.0,0.004690265486725798,-0.00098798,0.0037022854867257973
1783108994.4377367,HYPE,BUY,1,2,0,53.0,True,70.25,-0.3,6.0,0.4,range,0.4,123827,"('HYPE', 'BUY', 123827)",1.25e-05,1521420816.0,-0.0005263457,3.71,1783108535.0,1.2814,-0.1574,0.2529,0.0809,1.0,-5.835,7.39315198157e-05,0.93,1.1342,1783108322.0,13.508064516129032,98.99193548387096,1.1111111111111112,0.15739999999999998,-0.004338332501101625,0.07715815322666834,0.006832740213523092,0.006747330960854114,0.005804600213523092,0.005719190960854114
1783123381.9175456,BTC,BUY,1,2,0,61.5,True,62581.5,0.0,2.0,0.6,range,0.5,123828,"('BTC', 'BUY', 123828)",1.25e-05,2233449589.0,-0.0003191218,1.26,1783123064.0,0.1596,-0.0301,0.0338,-0.0558,0.3992,-4.3876,4.18310815682e-05,1.51,1.3365,1783122721.0,37.5,95.64393939393939,7.142857142857142,0.1624,-0.010093098300264761,-0.008358950620824264,-0.0008868435560029919,-0.0014301351038246146,-0.0018028035560029919,-0.0023460951038246146
1783123381.9175456,ETH,BUY,1,2,0,59.0,True,1758.7,0.0,3.6,0.4,range,0.5,123828,"('ETH', 'BUY', 123828)",1.25e-05,1351777585.0,0.0002272727,1.95,1783123064.0,0.5679,0.2233,0.1914,0.159,0.9982,-5.4547,8.27875712993e-05,1.47,1.6378,1783122721.0,51.886792452830186,93.20754716981132,20.408163265306122,0.58745,0.0018391308523304484,0.049888110812263346,-0.004889975550122272,-0.0019332461477228335,-0.005846765550122272,-0.0028900361477228334
1783123381.9175456,SOL,BUY,1,2,0,58.0,True,82.36,-0.0,1.9,0.4,range,0.5,123828,"('SOL', 'BUY', 123828)",1.25e-05,503428214.0,0.0003508985,2.54,1783123064.0,0.1214,-0.1996,0.0427,0.0689,0.9891,-6.0709,0.0001,1.54,1.3594,1783122721.0,27.703984819734345,94.11764705882352,93.87755102040816,0.1237,0.0005612130249900783,0.043570888164789955,-0.0019305488101020174,0.002416221466731372,-0.0028426888101020175,0.0015040814667313719
1783123381.9175456,XRP,BUY,1,2,0,53.0,True,1.14,0.5,4.7,0.3,range,0.5,123828,"('XRP', 'BUY', 123828)",1.25e-05,89521250.0,-0.0002080578,2.09,1783123064.0,0.8813,0.1392,0.1114,-0.0687,0.8606,-6.1685,-1.25288807175e-05,2.69,1.0508,1783122721.0,67.2872340425532,0.7978723404255319,0.0,0.9171,0.006595809098217215,0.33036295411766775,-0.00412280701754375,-0.002192982456140302,-0.005110937017543751,-0.0031811124561403024
1783123381.9175456,HYPE,BUY,1,2,0,53.0,True,70.66,-0.1,7.0,0.8,range,0.5,123828,"('HYPE', 'BUY', 123828)",1.25e-05,1530885673.0,0.000141215,3.56,1783123064.0,0.1412,-0.1124,0.0081,-0.0452,0.2215,-7.6209,2.08352738537e-05,0.93,1.2529,1783122721.0,13.111545988258316,91.78082191780823,1.0204081632653061,0.15545,-0.0007225165622426066,0.08708777606479273,0.0009057458250778527,0.008151712425700675,-8.3741749221472e-06,0.0072375924257006745
1783137977.3518295,BTC,BUY,1,2,0,53.0,True,62600.5,-0.0,1.4,0.0,trend,-0.1,123829,"('BTC', 'BUY', 123829)",1.25e-05,2186774229.0,-0.0002712059,1.18,1783137604.0,0.1595,-0.2746,-0.0964,-0.0962,0.1573,-5.5497,2.8910118738e-05,1.48,1.5882,1783137121.0,36.46408839779006,91.71270718232044,2.8301886792452833,0.1623,0.0015035434616384575,-0.03095156526243115,-0.0017332129935064833,-0.0015574955471601148,-0.0026491629935064833,-0.002473445547160115
1783137977.3518295,ETH,BUY,1,2,0,58.0,True,1753.8,-0.0,2.2,0.0,trend,-0.1,123829,"('ETH', 'BUY', 123829)",1.25e-05,1358854615.0,0.0002854044,2.03,1783137604.0,0.5703,0.4673,0.3327,0.2117,0.0384,-4.1068,6.34346190806e-05,1.44,2.5545,1783137121.0,50.45871559633027,95.41284403669725,5.188679245283019,0.5868,0.003430275501932307,0.10368488115725874,0.0008552856654122643,0.003364123617288328,-0.00010174433458773574,0.002407093617288328
1783137977.3518295,SOL,BUY,1,3,0,77.0,True,82.67,-0.1,1.9,0.0,trend,-0.1,123829,"('SOL', 'BUY', 123829)",1.25e-05,498954150.0,8.48084e-05,2.53,1783137604.0,0.121,0.0084,-0.1407,-0.1482,0.969,-6.0511,0.0001,1.49,0.8667,1783137121.0,26.937269372693727,92.43542435424355,65.09433962264151,0.1235,0.009400285916751927,0.056414251663678756,-0.0013426877948470306,-0.012519656465465046,-0.0022547877948470305,-0.013431756465465046
1783137977.3518295,XRP,BUY,1,2,0,55.5,True,1.14,-0.0,3.5,0.0,trend,-0.1,123829,"('XRP', 'BUY', 123829)",1.25e-05,89175739.0,-0.0001757006,1.93,1783137604.0,0.8779,0.3084,0.0066,0.0726,0.8057,-3.5109,8.40046299054e-05,2.65,0.7985,1783137121.0,64.70588235294117,0.0,2.358490566037736,0.91575,0.0007688040318792078,0.32631662252192045,-0.002192982456140302,0.0015789473684211242,-0.003180772456140302,0.0005911573684211243
1783137977.3518295,HYPE,BUY,1,2,0,65.5,True,71.33,0.0,6.0,0.0,trend,-0.1,123829,"('HYPE', 'BUY', 123829)",1.25e-05,1552769670.0,0.0002097374,3.5,1783137604.0,0.1397,0.0489,-0.3339,-0.1374,0.9393,-5.5871,9.48474593972e-05,0.89,1.4217,1783137121.0,12.737642585551331,84.60076045627376,0.0,0.1535,0.02490719057386643,0.10584880378170018,-0.0013178185896536299,-0.009575213795037008,-0.00223178858965363,-0.010489183795037008
1783817142.1411686,BTC,BUY,1,1,1,51.5,True,63750.5,-0.1,-0.4,0.8,trend,-1.0,123876,"('BTC', 'BUY', 123876)",1.25e-05,2384726985.0,0.0,3.29,1783816191.0,0.1565,-0.3801,0.0494,0.0999,0.6877,-4.492,6.35747117909e-05,1.22,0.8494,1783816621.0,11.475409836065573,98.72495446265937,7.859358841778697,0.1591,-0.011512846378054872,0.05572217902422288,0.007333275817444473,0.0020784150712542804,0.006417625817444474,0.0011627650712542803
1783817142.1411686,ETH,BUY,1,1,1,56.5,True,1784.5,-0.2,-0.2,1.7,trend,-1.0,123876,"('ETH', 'BUY', 123876)",1.25e-05,1397115877.0,-0.0002235886,3.37,1783816191.0,0.559,-0.0711,-0.0539,-0.0346,1.0,-4.6948,-2.27557039024e-05,1.24,2.0633,1783816621.0,13.545454545454547,89.54545454545455,2.5853154084798344,0.567,-0.04104301340772943,-0.008250805928146625,0.014794059960773431,0.007733258615858718,0.013838159960773432,0.006777358615858718
1783817142.1411686,SOL,SELL,-1,1,0,60.0,True,76.01,-1.0,-2.0,4.0,trend,-1.0,123876,"('SOL', 'SELL', 123876)",1.25e-05,416582146.0,-0.0003781211,3.55,1783816191.0,0.1307,0.2042,0.0516,0.0527,0.9881,-6.5351,2.60794600016e-05,2.14,0.9265,1783816621.0,11.555959963603275,96.17834394904459,92.3474663908997,0.1246,-0.008572896777355647,9.040090771576405e-05,-0.013064070517037063,-0.006196553085120238,-0.013977140517037063,-0.007109623085120238
1783817142.1411686,XRP,BUY,1,2,1,58.3,True,1.09,-0.5,-1.1,3.5,trend,-1.0,123876,"('XRP', 'BUY', 123876)",1.25e-05,80698020.0,-0.0003106778,6.63,1783816191.0,0.9149,0.3351,0.1501,0.1506,0.5199,-6.3997,2.69543256445e-05,2.81,1.7315,1783816621.0,35.38038496791934,95.05041246562786,45.91520165460186,0.9016,-0.034007608974785074,0.004249660749421093,0.00834862385321089,0.0009174311926605228,0.00735713385321089,-7.405880733947728e-05
1783817142.1411686,HYPE,SELL,-1,2,0,63.0,True,66.85,0.2,-0.1,1.4,trend,-1.0,123876,"('HYPE', 'SELL', 123876)",-3.29711e-05,1445893678.0,-0.0007776631,7.31,1783816191.0,0.1493,-0.3344,-0.1429,-0.0133,0.0417,-7.3087,5.94726629919e-05,1.3,2.513,1783816621.0,0.182648401826484,98.08219178082192,86.55635987590486,0.148,-0.011292407762028438,-0.009671887046710272,-0.0055796559461480655,-0.0010919970082274855,-0.006494585946148065,-0.0020069270082274855
1783818260.7093146,BTC,SELL,-1,2,0,68.5,True,63878.5,0.1,-0.4,0.0,trend,0.1,123876,"('BTC', 'SELL', 123876)",1.25e-05,2383697417.0,6.26851e-05,3.27,1783818129.0,0.1568,0.0974,0.1378,0.099,0.6875,-4.9381,6.10453901312e-05,1.22,0.7123,1783817521.0,11.454545454545455,98.54545454545455,7.851239669421488,0.1591,-0.0031293679527219257,0.05374748700270227,-0.005314777272478199,-7.04462377796311e-05,-0.0062304572724782,-0.000986126237779631
1783818260.7093146,XRP,SELL,-1,2,1,53.3,True,1.09,0.1,-1.2,0.0,trend,0.1,123876,"('XRP', 'SELL', 123876)",1.25e-05,79889480.0,-0.0003659652,6.31,1783818129.0,0.9155,0.1774,0.0305,-0.1162,0.759,-7.3213,1.59214321857e-05,2.83,0.4979,1783817521.0,35.315645013723696,94.41903019213174,47.417355371900825,0.9016,-0.03170260720951492,-0.006900674329894752,-0.00834862385321089,-0.0009174311926605228,-0.009340173853210891,-0.0019089811926605227
1783828926.3863688,BTC,BUY,1,2,0,91.5,True,64167.5,0.1,0.0,,range,0.3,123877,"('BTC', 'BUY', 123877)",1.25e-05,2414260348.0,0.0,3.43,1783828791.0,0.1559,0.0239,0.0769,-0.0417,0.2752,-4.863,3.96597363389e-05,1.25,3.3595,1783828321.0,11.341134113411341,99.27992799279927,17.142857142857142,0.1591,0.004206534406823888,0.06980884805232643,-0.006428487941715022,-0.004371371800366175,-0.007344077941715022,-0.005286961800366175
1783828926.3863688,ETH,BUY,1,2,1,80.0,True,1810.2,0.3,0.8,0.6,range,0.3,123877,"('ETH', 'BUY', 123877)",1.25e-05,1421869896.0,-1.10381e-05,3.59,1783828791.0,0.5525,0.1665,0.044,-0.0075,0.9377,-5.0261,-2.40320645921e-05,1.25,2.345,1783828321.0,13.387241689128482,91.46451033243486,2.857142857142857,0.5668,0.007696573627431688,0.023094335664674753,-0.008286377195889982,-0.006076676610319298,-0.009241627195889982,-0.007031926610319298
1783828926.3863688,SOL,SELL,-1,2,0,69.0,True,76.98,0.2,-0.9,0.3,range,0.3,123877,"('SOL', 'SELL', 123877)",1.25e-05,411341007.0,-0.0004023623,3.03,1783828791.0,0.13,0.1743,0.1202,0.0403,0.1833,-6.4986,-4.36286382752e-05,2.21,1.6753,1783828321.0,11.690647482014388,91.63669064748201,99.28571428571429,0.1248,0.0031499939882846397,-0.01955006286708073,0.008534684333593279,0.0038971161340607408,0.007621684333593279,0.002984116134060741
1783828926.3863688,XRP,SELL,-1,2,0,69.0,True,1.1,0.3,-0.4,0.2,range,0.3,123877,"('XRP', 'SELL', 123877)",1.21077e-05,80084980.0,-0.0002730003,6.21,1783828791.0,0.9109,0.1419,0.0116,0.1105,0.0,-6.3729,-4.15246881332e-05,2.88,2.3132,1783828321.0,34.23913043478261,94.20289855072464,56.42857142857143,0.9018,0.0006182006580029947,-0.0026870607303022425,0.00809090909090926,0.005363636363636348,0.0070998190909092596,0.004372546363636348
1783828926.3863688,HYPE,SELL,-1,2,0,57.0,True,67.15,-0.1,1.0,0.3,range,0.3,123877,"('HYPE', 'SELL', 123877)",1.25e-05,1452191778.0,-0.0007142538,7.7,1783828791.0,0.1492,0.0515,0.1095,-0.0225,0.0111,-8.05,2.05478949556e-05,1.31,2.2989,1783828321.0,12.093862815884476,98.82671480144406,85.91836734693878,0.1481,-0.0028524192206545503,-0.0053415911042431815,0.0039612807148176055,0.006224869694713475,0.0030463607148176054,0.0053099496947134756
1783840662.1240096,BTC,SELL,-1,1,0,70.0,True,63800.5,0.1,-0.7,0.0,range,0.3,123877,"('BTC', 'SELL', 123877)",1.25e-05,2382957582.0,-7.83638e-05,3.11,1783840423.0,0.1569,0.0524,0.0574,0.0187,0.9738,-4.2359,6.13450195151e-05,1.27,2.3807,1783840022.0,11.219946571682991,96.34906500445236,19.133937562940584,0.159,-0.006254327906162116,0.04696916676761224,-0.002547001982743158,-0.003628498209261588,-0.0034626919827431576,-0.004544188209261588
1783843241.4407735,BTC,SELL,-1,1,0,60.0,True,63867.5,0.2,-0.6,0.4,range,0.2,123878,"('BTC', 'SELL', 123878)",1.25e-05,2381795049.0,-1.56642e-05,3.19,1783842361.0,0.1566,-0.0226,0.0762,-0.0452,0.7457,-4.9318,6.34119212962e-05,1.29,0.7286,1783842722.0,11.200000000000001,96.62222222222222,20.582329317269078,0.159,-2.287004258533508e-05,0.04628181621434199,-0.0003053196069988662,-0.005237405566211217,-0.0012209796069988662,-0.006153065566211218
1783843241.4407735,ETH,BUY,1,1,0,76.0,True,1798.2,0.2,-0.1,0.2,range,0.2,123878,"('ETH', 'BUY', 123878)",1.25e-05,1414191282.0,-0.0003337227,3.45,1783842361.0,0.5566,0.05,0.0112,0.0191,0.184,-5.6763,-1.32652737635e-05,1.28,0.9116,1783842722.0,13.220940550133097,88.90860692102927,5.8232931726907635,0.5666,0.0042243616451596334,0.0036884820973489977,0.0005561116672228028,0.012012012012011963,-0.0003995483327771972,0.011056352012011963
1783843241.4407735,SOL,SELL,-1,1,0,65.0,True,76.47,0.2,-2.1,0.3,range,0.2,123878,"('SOL', 'SELL', 123878)",1.25e-05,408216900.0,-0.0001827438,2.73,1783842361.0,0.1308,0.0128,0.1195,0.0673,0.7074,-7.8421,6.9355960969e-06,2.21,2.5324,1783842722.0,12.16696269982238,84.10301953818828,98.59437751004016,0.12555,0.006510241610424276,-0.02862379396304592,-0.0027461749705768312,-0.014057800444618795,-0.0036592549705768314,-0.014970880444618796
1783843241.4407735,XRP,SELL,-1,2,0,56.5,True,1.09,-0.1,-1.6,0.2,range,0.2,123878,"('XRP', 'SELL', 123878)",1.13528e-05,78984316.0,-0.0006404392,5.8,1783842361.0,0.9167,0.0739,0.0935,0.1359,0.1048,-5.498,8.211938348e-06,2.85,1.7413,1783842722.0,32.73703041144901,92.57602862254025,49.899598393574294,0.9022,0.0005055709838533963,-0.016472047397928097,-0.0037614678899082765,-0.010458715596330048,-0.004753137889908277,-0.011450385596330048
1783843241.4407735,HYPE,SELL,-1,2,0,73.0,True,66.87,-0.0,0.6,0.2,range,0.2,123878,"('HYPE', 'SELL', 123878)",-5.03e-07,1447924621.0,-0.0005825591,8.56,1783842361.0,0.1494,-0.2382,0.194,0.0372,0.0,-8.2082,1.17145466803e-05,1.3,1.9487,1783842722.0,6.327985739750446,100.0,84.23694779116467,0.1482,0.0022637755743476692,0.001989892900028794,0.0020637056976223755,-0.006744429490055159,0.0011487656976223756,-0.007659369490055159
1783843932.2203767,BTC,BUY,1,1,1,60.0,True,63942.5,0.1,-0.3,0.1,range,0.2,123878,"('BTC', 'BUY', 123878)",1.25e-05,2382536656.0,-6.26194e-05,3.21,1783843331.0,0.1566,-0.0133,0.1262,-0.0232,1.0,-3.9137,6.38365863722e-05,1.29,1.0855,1783843622.0,11.190053285968029,96.71403197158082,20.561685055165498,0.159,0.0016487085882191058,0.04567210973556782,-0.0008679673143839883,0.004058333659146873,-0.0017836273143839883,0.0031426736591468733
1783858288.0376034,BTC,BUY,1,1,1,64.0,True,63990.5,-0.1,-0.4,0.0,range,-0.2,123879,"('BTC', 'BUY', 123879)",1.25e-05,2401885323.0,1.40614e-05,3.02,1783858279.0,0.1562,0.0506,-0.0749,0.0633,0.0039,-4.0613,7.86420225364e-05,1.26,2.1101,1783858022.0,11.033274956217163,94.57092819614711,18.756169792694966,0.159,0.003966024002139086,0.05006308955217722,0.0033051781123760726,0.002430048210281255,0.002389558112376073,0.0015144282102812548
1783858288.0376034,ETH,BUY,1,2,0,58.0,True,1803.0,-0.0,0.0,0.0,range,-0.2,123879,"('ETH', 'BUY', 123879)",1.25e-05,1453195778.0,0.0003877687,3.37,1783858279.0,0.5542,0.1369,0.0573,0.0362,0.0146,-5.2646,-2.400803937e-07,1.26,0.8787,1783858022.0,13.024475524475523,86.7132867132867,4.8371174728529125,0.5663,0.005587057786815656,0.033509310425045034,0.009317803660565671,0.010149750415973324,0.008362383660565671,0.009194330415973324
1783858288.0376034,SOL,SELL,-1,2,0,53.0,True,76.77,-0.2,-1.8,0.0,range,-0.2,123879,"('SOL', 'SELL', 123879)",1.14571e-05,412900656.0,-0.0005177658,2.74,1783858279.0,0.1297,0.0047,0.1225,0.118,0.0614,-5.1874,4.89769410673e-05,2.2,2.2879,1783858022.0,10.673665791776028,83.46456692913385,96.84106614017769,0.126,0.005275998512963241,-0.016732900479475187,-0.010095089227562859,-0.010642177934088837,-0.011008059227562858,-0.011555147934088836
1783858288.0376034,XRP,SELL,-1,2,0,63.0,True,1.1,-0.1,-1.2,0.0,range,-0.2,123879,"('XRP', 'SELL', 123879)",1.23007e-05,79370282.0,-0.0004644386,6.01,1783858279.0,0.9115,0.0731,0.0296,-0.1063,0.0622,-5.466,7.86956221411e-05,2.8,0.4566,1783858022.0,35.50660792951542,91.8942731277533,43.53405725567621,0.9026,0.0031015278457189074,-0.03398187034928947,-0.0012727272727270922,-0.0002727272727272023,-0.002263877272727092,-0.0012638772727272022
1783858288.0376034,HYPE,SELL,-1,2,0,69.0,True,66.8,-0.1,0.3,0.1,range,-0.2,123879,"('HYPE', 'SELL', 123879)",1.25e-05,1456278478.0,-0.0005884894,8.08,1783858279.0,0.1493,-0.1,0.0773,0.0002,0.402,-4.9206,3.3120410224e-06,1.33,0.329,1783858022.0,12.554872695346795,97.7172958735733,89.83218163869694,0.1483,0.004041598460136633,-0.0016341255287897843,-0.007799401197604805,-0.02031437125748492,-0.008714331197604805,-0.02122930125748492
1783861880.1601944,SOL,BUY,1,1,1,65.5,True,77.39,0.3,-1.4,0.3,range,0.3,123879,"('SOL', 'BUY', 123879)",1.25e-05,412967368.0,-3.88903e-05,2.63,1783861187.0,0.1297,0.0432,-0.0208,0.0054,0.0418,-6.4859,4.93010130102e-05,2.2,1.1912,1783861622.0,12.827225130890053,81.06457242582897,96.46017699115043,0.1261,0.004062014359829192,-0.016952428604426688,0.001007882155317219,0.0038893913942370517,9.49121553172191e-05,0.002976421394237052
1783861880.1601944,XRP,BUY,1,1,1,68.0,True,1.1,0.2,-1.2,0.2,range,0.3,123879,"('XRP', 'BUY', 123879)",1.25e-05,79171422.0,-0.0004197396,5.96,1783861187.0,0.911,0.2107,0.0241,0.0153,0.9862,-6.3735,7.67568638267e-05,2.78,0.4906,1783861622.0,36.02811950790861,91.73989455184535,41.5929203539823,0.9026,-0.001021382717278773,-0.03576724109646239,0.0013636363636362336,-9.090909090903043e-05,0.00037253636363623367,-0.0010820090909090304
1783865776.4039783,HYPE,BUY,1,1,1,48.0,True,67.13,0.2,-0.1,0.2,range,0.2,123879,"('HYPE', 'BUY', 123879)",1.25e-05,1459148628.0,-1.49062e-05,7.95,1783865064.0,0.1493,0.6139,0.4805,0.3627,0.7694,-6.2675,1.30137500862e-05,1.33,0.3381,1783865222.0,12.914485165794066,97.38219895287958,89.22624877571009,0.1483,0.004371087794464884,0.003141990928950685,0.012230001489646813,0.011321316847907159,0.011315071489646814,0.01040638684790716
1783872077.8250523,BTC,BUY,1,2,0,66.5,True,64167.5,-0.1,,,range,0.4,123880,"('BTC', 'BUY', 123880)",1.25e-05,2423711094.0,6.2284e-05,3.0,1783871850.0,0.1559,0.1514,0.0596,0.0771,0.5634,-4.4284,5.44957447136e-05,1.24,1.1406,1783871522.0,10.899653979238755,93.85813148788927,15.66147859922179,0.1589,0.006039098005354542,0.04338436518531522,-0.00033506058362875457,-0.0043246191607900775,-0.0012506505836287546,-0.0052402091607900774
1783872077.8250523,ETH,BUY,1,2,0,72.5,True,1820.8,0.1,-0.1,1.4,range,0.4,123880,"('ETH', 'BUY', 123880)",1.25e-05,1519028962.0,-0.0001096131,3.54,1783871850.0,0.5495,0.1346,0.1487,0.1172,0.9807,-3.2966,-1.20861271117e-05,1.22,0.5913,1783871522.0,12.867012089810018,90.75993091537133,2.140077821011673,0.5662,0.02098977777974907,0.0591615100476309,0.00027460456941996725,-0.00862258347978917,-0.0006803454305800327,-0.00957753347978917
1783872077.8250523,SOL,BUY,1,1,1,65.5,True,77.43,-0.1,-0.6,1.4,range,0.4,123880,"('SOL', 'BUY', 123880)",1.25e-05,423938078.0,-9.15834e-05,2.55,1783871850.0,0.1294,0.1662,0.0785,0.0983,0.0,-7.761,4.04345723398e-05,2.2,0.5261,1783871522.0,12.705272255834055,78.82454624027659,95.71984435797665,0.1262,0.02155863068893102,0.010060692309515888,0.002027637866459875,-0.00866589177321464,0.0011146978664598748,-0.00957883177321464
1783872077.8250523,XRP,BUY,1,1,1,68.0,True,1.1,,-1.0,1.5,range,0.4,123880,"('XRP', 'BUY', 123880)",1.25e-05,79554686.0,-0.0003626802,5.82,1783871850.0,0.909,0.072,0.1446,0.1537,0.9562,-7.2694,4.83723623232e-05,2.86,0.3259,1783871522.0,35.94429939077459,90.60052219321149,53.40466926070039,0.90285,0.00470384609677235,-0.02370943062860242,0.0002727272727272023,-0.01281818181818184,-0.0007181727272727978,-0.013809081818181839
1783872077.8250523,HYPE,BUY,1,1,0,57.0,True,67.56,0.4,0.7,2.3,range,0.4,123880,"('HYPE', 'BUY', 123880)",1.25e-05,1472545535.0,-4.56944e-05,8.51,1783871850.0,0.1479,0.3185,0.0317,0.015,1.0,-3.9917,8.19287741562e-05,1.3,0.3748,1783871522.0,12.836079791847354,98.78577623590633,81.90661478599222,0.1483,0.005807679081828838,0.014363310231634578,0.008836589698046016,-0.005950266429840201,0.007921799698046015,-0.006865056429840201
1783879118.716962,XRP,SELL,-1,2,0,58.0,True,1.1,-0.4,-1.8,1.4,range,-0.4,123880,"('XRP', 'SELL', 123880)",-6.2883e-06,79317888.0,-0.0004550419,6.42,1783878635.0,0.9095,0.1058,0.018,0.1289,1.0,-5.454,3.68178165165e-05,2.85,1.1459,1783878721.0,6.833910034602077,94.55017301038062,51.254826254826256,0.903,-0.0016102798513573113,-0.04986951109992667,0.0010909090909091423,0.006818181818181834,9.995909090914235e-05,0.005827231818181834
1783902652.7876515,BTC,BUY,1,2,1,58.3,True,64188.5,0.6,0.1,2.0,range,1.4,123882,"('BTC', 'BUY', 123882)",1.25e-05,2432440434.0,-0.0001096749,3.01,1783901898.0,0.1562,0.0039,-0.1266,-0.0444,0.0,-4.6233,6.66373010173e-05,1.28,1.0666,1783902122.0,10.614995787700083,92.16512215669755,24.670433145009415,0.1588,0.011632366924515398,0.016947416644123015,-0.021460230415105475,-0.018469040404433867,-0.022375850415105474,-0.019384660404433866
1783902652.7876515,ETH,BUY,1,3,0,67.7,True,1832.3,1.4,1.4,6.6,range,1.4,123882,"('ETH', 'BUY', 123882)",1.25e-05,1485661072.0,-0.0001106011,3.78,1783901898.0,0.5491,-0.0536,-0.0662,-0.1017,0.0166,-3.4037,-1.63629588825e-05,1.21,1.5899,1783902122.0,12.531539108494533,92.8511354079058,4.519774011299435,0.5656,0.00891822052700505,0.05728623189740676,-0.028379632156306234,-0.024613873274027087,-0.029334542156306233,-0.025568783274027087
1783902652.7876515,SOL,BUY,1,1,0,65.0,True,77.73,1.1,1.2,2.3,range,1.4,123882,"('SOL', 'BUY', 123882)",1.25e-05,421561020.0,-0.0001950458,3.09,1783901898.0,0.1292,0.1192,0.1954,-0.0711,0.0719,-5.1686,-4.1593195793e-06,2.21,0.8863,1783902122.0,12.373737373737374,92.67676767676768,97.2693032015066,0.1266,-0.005603883628743151,0.0008362289815730413,-0.024443586774733128,-0.016878939920236702,-0.02535650677473313,-0.017791859920236703
1783902652.7876515,XRP,SELL,-1,2,1,62.0,True,1.1,0.9,-0.3,2.8,range,1.4,123882,"('XRP', 'SELL', 123882)",7.1546e-06,78257333.0,-0.0002852936,6.9,1783901898.0,0.9174,0.2459,0.0206,-0.0197,0.0615,-5.5011,9.5857288883e-06,2.92,1.167,1783902122.0,25.677966101694917,95.42372881355932,68.45574387947269,0.9037,0.00517805076668953,-0.050439195332758084,0.026181818181818306,0.01909090909090916,0.025190078181818305,0.018099169090909157
1783902652.7876515,HYPE,BUY,1,2,0,69.0,True,67.81,0.8,0.8,0.7,range,1.4,123882,"('HYPE', 'BUY', 123882)",1.25e-05,1484563874.0,-0.0006539542,8.62,1783901898.0,0.1478,0.4685,0.0265,0.0449,0.1264,-3.6927,0.0001,1.29,1.1074,1783902122.0,12.5,96.95945945945947,80.60263653483992,0.1483,0.004050213666219108,0.022647238125447673,-0.018507594750036827,-0.03459666715823628,-0.019422374750036827,-0.03551144715823628
1783904875.747781,XRP,BUY,1,1,1,63.0,True,1.09,-0.1,-0.4,0.1,range,-0.2,123882,"('XRP', 'BUY', 123882)",5.0601e-06,78323074.0,-0.0003685277,7.23,1783904805.0,0.9175,-0.0845,0.1102,-0.011,0.3903,-5.5041,1.17179130852e-05,2.9,1.5522,1783904822.0,20.540997464074387,95.6043956043956,63.66197183098592,0.9038,0.0018446290271578905,-0.019607162294710143,-0.01724770642201845,-0.010091743119266194,-0.01823945642201845,-0.011083493119266194
1783908483.880243,BTC,SELL,-1,1,0,67.0,True,63414.5,0.0,-1.3,0.1,range,-0.1,123882,"('BTC', 'SELL', 123882)",1.25e-05,2394991011.0,-6.27727e-05,2.33,1783907713.0,0.1573,0.2044,0.0938,0.054,0.7452,-4.5604,3.99832551751e-05,1.33,1.1074,1783908421.0,10.561609388097235,89.10310142497904,28.718428437792333,0.1588,-0.012451373196282,-0.00032610027622604514,0.011503678180857735,0.003161737457521574,0.010587948180857735,0.002246007457521574
1783909123.7124217,SOL,SELL,-1,2,0,72.5,True,76.27,-0.0,-0.9,2.0,range,-0.2,123882,"('SOL', 'SELL', 123882)",1.25e-05,417737489.0,-0.0001559353,3.12,1783908683.0,0.1304,-0.122,0.0944,0.0569,0.7475,-7.8237,-1.08724147099e-05,2.22,1.2079,1783908421.0,12.301255230125523,92.38493723849372,98.97100093545369,0.1266,-0.0016853060450024396,0.019145545083332043,0.0049822997246623535,-0.005821423888816124,0.004069259724662353,-0.006734463888816124
1783911992.3339155,HYPE,SELL,-1,1,0,83.0,True,66.95,-0.0,-0.2,0.1,range,0.0,123882,"('HYPE', 'SELL', 123882)",1.25e-05,1481456867.0,-0.0001728737,8.15,1783911591.0,0.149,0.0,0.3787,0.2917,0.9747,-8.0385,1.80179019843e-05,1.29,2.6918,1783911121.0,12.39530988274707,94.13735343383584,80.13059701492537,0.1483,0.00039583672384995366,0.01724245608419808,0.023345780433159158,0.029410007468260058,0.022430880433159158,0.028495107468260058
1783914833.0244727,ETH,SELL,-1,1,0,70.0,True,1779.5,-1.5,-1.4,3.1,range,-1.5,123882,"('ETH', 'SELL', 123882)",1.25e-05,1523590863.0,-0.0002794389,1.81,1783914499.0,0.562,-0.0099,-0.0777,0.0682,1.0,-3.9334,1.31876670759e-05,1.38,0.55,1783914721.0,12.396006655574043,43.760399334442596,25.092936802973973,0.5654,0.040856462631718944,0.07569910123960938,0.0011801067715649927,0.00022478224220290333,0.00022390677156499273,-0.0007314177577970966
1783915629.7846258,BTC,SELL,-1,2,1,69.7,True,62809.5,,-1.8,0.1,range,0.1,123883,"('BTC', 'SELL', 123883)",1.25e-05,2377702937.0,0.000143246,1.95,1783915468.0,0.1592,0.0537,0.0348,0.0331,0.0492,-3.8203,4.4104575025e-05,1.44,1.3088,1783915621.0,10.491257285595337,86.76103247293922,39.83286908077994,0.1588,0.005829153680248584,-0.01514228199551244,-3.9802896058649395e-05,-0.0010428358767384793,-0.0009557228960586494,-0.001958755876738479
1783915629.7846258,ETH,BUY,1,1,1,50.5,True,1780.8,0.0,-1.2,0.0,range,0.1,123883,"('ETH', 'BUY', 123883)",1.25e-05,1515959242.0,-7.30255e-05,1.78,1783915468.0,0.5619,0.0743,0.0322,0.1173,0.7263,-3.8198,2.22205990312e-05,1.45,1.1851,1783915621.0,12.385702410640066,41.81213632585204,38.06870937790158,0.5654,0.01790742835164214,0.06617296439336107,-0.0019092542677447977,-0.0009546271338723988,-0.0028654442677447977,-0.0019108171338723988
1783915629.7846258,SOL,SELL,-1,2,0,72.5,True,75.85,0.0,-0.7,0.1,range,0.1,123883,"('SOL', 'SELL', 123883)",4.0144e-06,407337158.0,-0.0003695638,2.56,1783915468.0,0.1319,-0.1489,0.1354,0.0331,0.9968,-5.2743,6.6511315293e-06,2.28,0.8618,1783915621.0,3.3277870216306153,76.28951747088186,99.81429897864437,0.1267,-0.01880363675716526,-0.00973364904510967,-0.005972313777191873,-0.005260382333553082,-0.006885503777191873,-0.006173572333553081
1783915629.7846258,XRP,SELL,-1,3,1,72.7,True,1.07,0.0,-2.1,0.4,range,0.1,123883,"('XRP', 'SELL', 123883)",-1.72389e-05,80490767.0,-0.0003580086,4.26,1783915468.0,0.9329,0.0481,-0.1114,-0.0079,1.0,-4.6616,2.44173065695e-05,2.84,2.3539,1783915621.0,1.0050251256281406,84.42211055276381,49.11792014856082,0.904,0.007551065760187281,0.005066955126916433,-0.006822429906542027,-0.006261682242990618,-0.007815719906542028,-0.007254972242990618
1783915629.7846258,HYPE,SELL,-1,2,0,72.5,True,66.62,0.1,-0.8,0.1,range,0.1,123883,"('HYPE', 'SELL', 123883)",1.25e-05,1477783962.0,-0.0003148615,7.59,1783915468.0,0.1501,0.3561,0.1623,0.1594,0.2674,-4.6492,-4.73495180767e-05,1.27,1.1983,1783915621.0,12.437395659432388,90.73455759599332,75.95171773444754,0.1483,-0.002479252067215265,0.01762314343581141,0.02353647553287297,0.021404983488441887,0.02262146553287297,0.020489973488441886
1783916409.68309,ETH,SELL,-1,1,0,70.0,True,1779.0,-0.1,-1.3,0.1,range,-0.2,123883,"('ETH', 'SELL', 123883)",1.25e-05,1515959242.0,-7.30255e-05,1.78,1783915468.0,0.5619,0.0743,0.0322,0.1173,0.7263,-3.8198,2.22205990312e-05,1.45,1.1851,1783915621.0,12.385702410640066,41.81213632585204,38.06870937790158,0.5654,0.01790742835164214,0.06617296439336107,0.0008993816750982875,-5.621135469358052e-05,-5.680832490171251e-05,-0.0010124013546935805
1783933242.156971,BTC,SELL,-1,1,0,60.0,True,63233.5,0.4,-1.1,1.2,range,0.5,123884,"('BTC', 'SELL', 123884)",1.25e-05,2465934509.0,0.0001268171,1.92,1783932915.0,0.1585,0.0359,0.0683,-0.105,0.9882,-5.2477,-2.3005500926e-06,1.57,1.244,1783932722.0,10.336341263330599,86.38228055783429,77.91970802919708,0.1588,0.0101501426809633,0.030816711992029875,0.005115959103956014,0.009464919702372954,0.0042001091039560135,0.008549069702372954
1783933242.156971,ETH,BUY,1,1,0,35.0,True,1791.3,0.2,-0.6,0.4,range,0.5,123884,"('ETH', 'BUY', 123884)",1.25e-05,1555914164.0,-0.000111957,1.74,1783932915.0,0.5596,0.1381,0.0354,0.0205,1.0,-4.9799,5.70269910097e-05,1.6,1.6569,1783932722.0,12.203112203112203,38.4930384930385,71.35036496350365,0.5651,0.018853412491697048,0.07467064870039988,-0.005917490090995292,-0.007927203706805108,-0.006873450090995292,-0.008883163706805109
1783933242.156971,SOL,BUY,1,1,1,54.0,True,76.77,0.5,0.0,0.5,range,0.5,123884,"('SOL', 'BUY', 123884)",1.25e-05,410571057.0,-0.00043157,2.51,1783932915.0,0.1308,0.0249,0.0357,0.123,1.0,-7.8472,-5.51373548911e-05,2.26,0.4025,1783932722.0,13.032786885245901,71.80327868852459,97.8102189781022,0.1268,-0.0047464119439431535,0.004703769312053421,-0.005926794320698203,-0.012674221701185373,-0.006839874320698203,-0.013587301701185373
1783933242.156971,XRP,BUY,1,1,1,48.0,True,1.08,0.1,-1.3,0.2,range,0.5,123884,"('XRP', 'BUY', 123884)",2.3475e-06,82853029.0,-0.0005406406,3.68,1783932915.0,0.927,-0.2048,0.0963,0.1166,0.7741,-6.4863,1.24631006312e-05,2.82,0.9341,1783932722.0,15.75907590759076,82.75577557755776,42.97445255474452,0.9044,0.0008147554298074065,0.04780316842323782,-0.003148148148148233,-0.007037037037037064,-0.004140848148148233,-0.008029737037037063
1783933242.156971,HYPE,SELL,-1,2,0,58.0,True,65.64,0.3,-2.0,0.7,range,0.5,123884,"('HYPE', 'SELL', 123884)",9.4632e-06,1446268638.0,-0.0003353914,4.93,1783932915.0,0.4582,-0.0249,-0.2354,-0.0654,0.0,-8.5457,-6.80195416316e-05,1.35,2.52,1783932722.0,11.924342105263158,64.63815789473685,93.61313868613139,0.1484,0.0037933557862222874,-0.008199518490894684,0.009018890920170608,0.027407068860450967,0.008073070920170608,0.026461248860450967
1783941233.9700618,ETH,SELL,-1,1,0,52.0,True,1784.2,0.3,-1.3,0.0,range,0.4,123884,"('ETH', 'SELL', 123884)",1.25e-05,1543380130.0,-0.0001122271,1.69,1783940849.0,0.562,0.2455,0.05,0.0551,0.3127,-4.2137,3.65729680966e-05,1.58,0.685,1783940822.0,12.133550488599349,33.30618892508143,69.14027149321267,0.5649,-0.00308214809041302,0.06799311384548563,0.0069498935096963255,0.017318686245936576,0.0059936935096963255,0.016362486245936576
1783941233.9700618,SOL,SELL,-1,1,0,76.0,True,76.46,0.3,-0.9,0.1,range,0.4,123884,"('SOL', 'SELL', 123884)",4.9119e-06,410944816.0,-0.000747149,2.51,1783940849.0,0.1311,0.1861,-0.1717,0.0263,0.9988,-5.2411,-2.56166328127e-05,2.24,0.9716,1783940822.0,3.7489812550937245,71.39364303178483,97.01357466063348,0.1269,-0.004545268035036156,0.0005141775268236743,0.01409887522887765,0.0248757520272036,0.01318576522887765,0.0239626420272036
1783941233.9700618,XRP,SELL,-1,1,0,66.0,True,1.08,0.3,-1.7,0.1,range,0.4,123884,"('XRP', 'SELL', 123884)",-6.8645e-06,82822457.0,-0.0009280742,3.71,1783940849.0,0.9286,0.2583,-0.0671,0.1336,0.5645,-6.4959,-2.26293864762e-05,2.77,0.8555,1783940822.0,7.131147540983607,83.36065573770492,38.009049773755656,0.9045,-0.0038167409151190924,0.046730981208260754,0.010185185185185297,0.01953703703703713,0.009192325185185297,0.018544177037037132
1783945744.2573264,BTC,SELL,-1,1,0,52.0,True,62775.5,-0.2,-2.0,0.4,range,-0.7,123885,"('BTC', 'SELL', 123885)",1.25e-05,2377548878.0,0.0001111976,1.69,1783945695.0,0.159,-0.1303,0.1369,0.0857,0.9966,-4.1184,5.4621901362e-06,1.49,1.3276,1783945322.0,10.235580828594639,80.34118602761983,58.07033363390441,0.1588,0.001977864907578935,-0.010131550978914284,-0.00061329658863718,0.01192344147000024,-0.0015291965886371798,0.01100754147000024
1783945744.2573264,ETH,SELL,-1,1,0,52.0,True,1779.8,-0.0,-1.5,1.6,range,-0.7,123885,"('ETH', 'SELL', 123885)",1.25e-05,1551497778.0,-0.0001682652,1.7,1783945695.0,1.1222,-0.1279,0.3498,0.2998,1.0,-5.2749,3.61657798135e-05,1.61,1.0168,1783945322.0,12.084347120843471,34.71208434712084,72.31740306582508,0.5649,0.0044068216581277546,0.06890355502757348,-0.0014608382964378386,0.008484099337004114,-0.0024730582964378385,0.0074718793370041146
1783945744.2573264,SOL,SELL,-1,2,0,72.5,True,76.03,-0.4,-1.5,0.4,range,-0.7,123885,"('SOL', 'SELL', 123885)",1.25e-05,412596198.0,-0.0006809402,2.51,1783945695.0,0.1312,0.1316,0.1504,0.2627,0.0,-5.248,1.71398905573e-05,2.23,0.8401,1783945322.0,13.311688311688311,71.42857142857143,96.39314697926059,0.127,0.0033650098699342925,0.005692841869413608,-0.001328422990924727,0.01563856372484551,-0.002241542990924727,0.014725443724845511
1783945744.2573264,XRP,SELL,-1,3,0,62.7,True,1.08,-0.1,-2.0,0.1,range,-0.7,123885,"('XRP', 'SELL', 123885)",-4.3972e-06,82974146.0,-0.0006497726,3.65,1783945695.0,0.9282,0.1041,0.0198,0.0226,0.3323,-6.4941,-2.58554784357e-05,2.78,0.8855,1783945322.0,9.46938775510204,81.63265306122449,38.59332732191163,0.9047,0.0026324159960903035,0.04925036533509703,0.0025000000000001688,0.017407407407407538,0.0015071800000001688,0.01641458740740754
1783945744.2573264,HYPE,SELL,-1,2,0,63.0,True,64.59,-0.7,-3.6,1.1,range,-0.7,123885,"('HYPE', 'SELL', 123885)",1.25e-05,1437355219.0,0.0,4.78,1783945695.0,0.1541,0.4947,0.2739,0.3164,0.0202,-3.3872,8.06562427197e-05,1.34,0.3234,1783945322.0,13.100081366965014,61.92026037428804,91.16321009918846,0.1485,-0.0006108325623141288,-0.010559320638198685,0.004629199566496434,0.014166279609846844,0.0037137895664964334,0.013250869609846843
1783985511.0654986,BTC,SELL,-1,2,0,63.0,True,62174.5,0.2,-2.5,,trend,0.5,123887,"('BTC', 'SELL', 123887)",1.25e-05,2260479906.0,-0.0002418731,1.07,1783984687.0,0.1613,-0.003,-0.0144,0.0411,0.5186,-5.4187,8.17856555254e-05,1.74,1.3956,1783984921.0,9.91345397324941,40.676632572777336,97.22463139635732,0.1589,-0.0011198317318836715,-0.059884630378543496,-0.005685610660318918,-0.007068814385318811,-0.0066017406603189185,-0.00798494438531881
1783985511.0654986,ETH,SELL,-1,1,0,70.0,True,1767.2,0.4,-2.2,0.9,trend,0.5,123887,"('ETH', 'SELL', 123887)",1.25e-05,1562130304.0,-0.0002271824,0.99,1783984687.0,0.5683,0.0125,0.017,0.0423,0.4161,-5.2849,1.28526611003e-05,1.68,3.9031,1783984921.0,11.704634721131187,0.3142183817753339,76.6695576756288,0.565,0.020688477096321982,0.06084877381978643,-0.008714350384789515,-0.00899728383884102,-0.009671180384789516,-0.00995411383884102
1783985511.0654986,SOL,SELL,-1,2,0,61.5,True,74.52,0.2,-3.1,0.4,trend,0.5,123887,"('SOL', 'SELL', 123887)",-1.71148e-05,356213957.0,-0.0007107416,1.41,1783984687.0,0.1343,-0.2034,-0.0797,0.0309,0.5275,-6.7141,6.5173177211e-06,2.41,0.3638,1783984921.0,0.5498821681068342,38.177533385703065,99.56634865568084,0.1276,-0.0011738103251678277,-0.15974732332216607,-0.0069645732689211926,-0.007957595276435914,-0.007878003268921192,-0.008871025276435913
1783985511.0654986,XRP,SELL,-1,2,0,74.0,True,1.06,0.5,-2.0,0.2,trend,0.5,123887,"('XRP', 'SELL', 123887)",3.634e-06,98852930.0,-0.0006601905,2.23,1783984687.0,0.9449,0.2003,0.0851,0.0745,0.6717,-6.61,-1.1515439013e-05,2.94,0.3792,1783984921.0,20.14218009478673,28.278041074249604,75.97571552471813,0.9057,0.004017382585678765,0.26971865358580527,-0.00490566037735829,-0.008679245283018666,-0.005900150377358289,-0.009673735283018667
1783987940.522112,BTC,SELL,-1,2,0,63.0,True,62296.5,0.6,-2.7,,trend,1.0,123888,"('BTC', 'SELL', 123888)",1.25e-05,2238247920.0,-7.08067e-05,1.03,1783987595.0,0.1607,0.0995,-0.062,-0.0919,0.6738,-4.4975,6.87711741887e-05,1.75,2.7343,1783987621.0,9.89010989010989,38.61852433281005,97.40484429065745,0.15895,-0.019509132614953805,-0.0765736022685316,-0.0037160996203640106,-0.005096594511730279,-0.00463216962036401,-0.006012664511730279
1783987940.522112,ETH,SELL,-1,1,0,35.0,True,1775.5,1.0,-2.8,0.7,trend,1.0,123888,"('ETH', 'SELL', 123888)",1.25e-05,1563308605.0,5.65963e-05,0.97,1783987595.0,0.5626,0.1651,-0.0047,-0.0122,1.0,-4.2755,1.18163516863e-05,1.69,1.9026,1783987621.0,11.677115987460814,0.3134796238244514,77.16262975778547,0.5651,-0.00285352625993045,0.05439210823557543,-0.003998873556744442,-0.004280484370599691,-0.004955133556744443,-0.005236744370599691
1783987940.522112,SOL,SELL,-1,2,0,61.5,True,74.86,0.5,-3.4,0.4,trend,1.0,123888,"('SOL', 'SELL', 123888)",-4.6935e-06,355700476.0,-0.0004724936,1.39,1783987595.0,0.1336,-0.1051,-0.0255,-0.0804,0.0942,-5.3405,1.46758375496e-05,2.44,3.6294,1783987621.0,2.272727272727273,37.14733542319749,100.0,0.1276,-0.0009349573519730253,-0.1551529888818377,-0.0023911301095378423,-0.0033796419983969095,-0.0033044901095378425,-0.00429300199839691
1783987940.522112,XRP,SELL,-1,2,0,74.0,True,1.06,0.5,-2.6,0.4,trend,1.0,123888,"('XRP', 'SELL', 123888)",-1.1856e-06,99154510.0,-0.0004751174,2.22,1783987595.0,1.8767,-0.0277,-0.0616,-0.1899,0.5359,-6.5641,-1.56588378767e-05,2.91,2.6949,1783987621.0,12.608353033884947,27.73837667454689,66.6955017301038,0.90575,0.001728724297646085,0.26830330085511733,-0.00490566037735829,-0.008679245283018666,-0.005993330377358289,-0.009766915283018667
1784020233.1318517,BTC,BUY,1,1,0,47.0,True,62675.5,0.2,-0.7,0.7,range,0.3,123890,"('BTC', 'BUY', 123890)",1.25e-05,2256725367.0,-0.0003350993,1.3,1784019265.0,0.1595,0.0255,0.1422,-0.0125,0.9141,-4.6571,1.63798898667e-05,1.67,0.5187,1784020022.0,9.640397857689365,56.847742922723796,90.68791946308725,0.159,0.0008336109195849487,-0.08343954530560647,0.0025129436542190575,0.032732088296064665,0.0015969936542190575,0.03181613829606467
1784020233.1318517,ETH,BUY,1,1,0,47.0,True,1781.0,,-0.2,0.6,range,0.3,123890,"('ETH', 'BUY', 123890)",1.25e-05,1553488723.0,0.0,1.35,1784019265.0,0.5601,0.0917,0.0926,0.0367,0.4393,-4.8173,-2.3954227899e-06,1.49,0.4132,1784020022.0,11.382734912146677,12.299465240641712,49.91610738255034,0.56455,0.013195254225242878,0.00027476494891965665,0.009769792251544063,0.05289163391353169,0.008813782251544063,0.05193562391353169
1784020233.1318517,SOL,SELL,-1,2,0,62.0,True,75.13,0.3,-1.9,0.5,range,0.3,123890,"('SOL', 'SELL', 123890)",-4.037e-07,351191791.0,-0.0003849728,1.65,1784019265.0,0.1331,0.0456,0.034,0.0305,0.9912,-6.6525,4.54824158486e-05,2.44,0.4631,1784020022.0,4.27807486631016,44.46142093200917,97.98657718120806,0.1278,0.003402132738228056,-0.1454710735610731,-0.003141221882071221,-0.029389058964461645,-0.004054531882071221,-0.030302368964461646
1784020233.1318517,XRP,BUY,1,1,1,56.5,True,1.07,,-0.9,0.2,range,0.3,123890,"('XRP', 'BUY', 123890)",2.5402e-06,99672533.0,-0.0005605905,2.98,1784019265.0,0.9358,0.2105,0.1302,0.0364,0.1319,-4.6768,-1.06464906513e-05,2.95,10.7661,1784020022.0,18.509984639016896,64.36251920122888,78.02013422818791,0.90705,0.0010508607588302981,0.2034472532766119,0.0017757009345793495,0.031962616822429846,0.0007821209345793495,0.030969036822429845
1784020233.1318517,HYPE,SELL,-1,2,0,55.5,True,63.49,0.0,-2.3,0.5,range,0.3,123890,"('HYPE', 'SELL', 123890)",1.25e-05,1375117366.0,0.0011451879,3.63,1784019265.0,0.157,-0.0848,0.0308,-0.0159,0.9699,-3.1389,0.0001,1.54,0.3948,1784020022.0,12.787136294027565,43.797856049004594,100.0,0.1488,0.005151474034084182,-0.04655548970593572,-0.004851157662624006,-0.01923137501968819,-0.005766857662624006,-0.02014707501968819
1784032650.8034048,BTC,BUY,1,1,0,57.0,True,62729.5,-0.1,0.1,0.9,range,0.9,123891,"('BTC', 'BUY', 123891)",1.25e-05,2269374332.0,-0.0002068187,1.3,1784031877.0,0.1589,0.1044,-0.0714,-0.0568,0.4961,-4.4002,1.53809239441e-05,1.64,3.8889,1784032622.0,9.545454545454547,56.28787878787879,84.24543946932008,0.1591,-0.0015840259324161627,-0.0456016708856598,0.03184307223873928,0.02890984305629729,0.03092718223873928,0.02799395305629729
1784032650.8034048,ETH,BUY,1,1,0,57.0,True,1797.0,-0.2,1.4,0.3,range,0.9,123891,"('ETH', 'BUY', 123891)",1.25e-05,1599247705.0,0.0001001046,1.35,1784031877.0,0.555,0.051,-0.0365,-0.0463,0.4364,-4.5514,-5.6485506237e-06,1.43,2.7456,1784032622.0,11.270801815431165,12.178517397881997,27.69485903814262,0.5644,0.004698130372674939,0.03292652648632999,0.04351697273233168,0.04435169727323318,0.042561472732331684,0.043396197273233184
1784032650.8034048,SOL,BUY,1,1,1,59.0,True,75.95,0.7,0.1,,range,0.9,123891,"('SOL', 'BUY', 123891)",1.25e-05,351524221.0,-0.0003713774,1.59,1784031877.0,0.1326,-0.0363,0.0141,0.0203,0.2529,-6.6287,1.86167303798e-05,2.49,3.6611,1784032622.0,17.170953101361576,41.67927382753404,100.0,0.1278,0.001421561687974115,-0.14889608848166813,0.018275181040157795,0.015852534562211806,0.017361921040157796,0.014939274562211807
1784032650.8034048,XRP,BUY,1,1,1,56.5,True,1.08,0.9,0.7,0.7,range,0.9,123891,"('XRP', 'BUY', 123891)",6.0333e-06,99774073.0,-0.0004662439,2.94,1784031877.0,0.9324,0.0722,-0.1167,0.0258,0.8643,-8.3861,-1.52366577439e-05,2.96,2.7693,1784032622.0,27.680608365019012,61.97718631178707,80.43117744610282,0.90725,0.0017697578066200232,0.2003556791288745,0.02240740740740743,0.032037037037037086,0.021414167407407432,0.031043797037037087
1784032650.8034048,HYPE,SELL,-1,2,0,55.5,True,63.49,-0.7,-1.2,0.4,range,0.9,123891,"('HYPE', 'SELL', 123891)",1.25e-05,1377229779.0,0.0004782888,3.79,1784031877.0,0.1565,0.1628,0.095,-0.1247,0.0452,-4.8477,0.0001,1.57,2.9039,1784032622.0,12.661106899166036,47.23275208491281,99.83416252072969,0.14884999999999998,-0.002067954240767663,-0.04194190267789222,-0.01923137501968819,-0.027516144274688736,-0.02014702501968819,-0.028431794274688737
1784056330.7448404,BTC,BUY,1,1,0,35.0,True,64588.5,-0.0,3.7,0.5,trend,0.2,123892,"('BTC', 'BUY', 123892)",1.25e-05,2294942566.0,-0.0002786809,0.87,1784056292.0,0.1549,-0.1864,0.1725,0.0595,0.4716,-4.2284,0.0001,1.29,1.6325,1784056021.0,9.814126394052044,27.28624535315985,22.15909090909091,0.159,-0.0012484032842592673,0.014324062124877166,0.0010450776841077758,0.0012927998018223974,0.00012958768410777587,0.0003773098018223975
1784056330.7448404,ETH,BUY,1,1,0,40.0,True,1875.2,0.2,5.6,0.3,trend,0.2,123892,"('ETH', 'BUY', 123892)",1.25e-05,1695682358.0,-9.06875e-05,1.63,1784056292.0,0.5339,-0.0142,0.043,-0.0166,0.0047,-5.2317,8.98498458133e-05,0.99,1.0143,1784056021.0,11.061618411284336,34.372680029695616,0.16233766233766234,0.564,0.0030800195017300636,0.09050031650594523,0.0007465870307166167,-0.0025597269624573205,-0.00020680296928338323,-0.0035131169624573206
1784056330.7448404,SOL,BUY,1,1,0,35.0,True,77.34,0.2,2.9,0.3,trend,0.2,123892,"('SOL', 'BUY', 123892)",1.25e-05,361903118.0,-0.0002084207,1.71,1784056292.0,0.1296,0.0688,0.1826,0.0654,0.2876,-5.182,7.42806756434e-05,2.4,1.1272,1784056021.0,16.926503340757236,47.43875278396437,93.26298701298701,0.1279,0.0025011481780247086,-0.02638496346073619,-0.002042927333850586,0.0008663046289112408,-0.002955887333850586,-4.665537108875916e-05
1784056330.7448404,HYPE,BUY,1,1,0,55.0,True,65.13,-0.1,2.3,1.7,trend,0.2,123892,"('HYPE', 'BUY', 123892)",1.25e-05,1430454921.0,0.0005175256,4.68,1784056292.0,0.1526,-0.0105,-0.0239,-0.233,0.9967,-2.8988,0.0001,1.61,1.7645,1784056021.0,12.425595238095239,63.61607142857143,98.53896103896103,0.149,0.012291021280285358,0.0322256759964571,0.007385229540918248,-0.0008291110087517151,0.006469969540918248,-0.001744371008751715
1784067642.0912848,BTC,BUY,1,1,0,35.0,True,64600.5,0.1,4.4,0.8,trend,-0.4,123893,"('BTC', 'BUY', 123893)",1.25e-05,2331836820.0,-0.0002315601,0.89,1784066956.0,0.1547,0.1671,0.1149,0.16,0.0027,-4.2526,0.0001,1.27,0.5538,1784066822.0,9.734513274336283,30.01474926253687,19.935691318327976,0.159,0.0055367208337873015,0.030411970906229893,0.0033823267621768682,0.0023142235741209216,0.0024668567621768684,0.0013987535741209218
1784067642.0912848,ETH,BUY,1,1,0,40.0,True,1872.2,-0.2,6.5,0.4,trend,-0.4,123893,"('ETH', 'BUY', 123893)",1.25e-05,1706738203.0,5.32425e-05,1.8,1784066956.0,0.533,0.0046,0.0706,0.0379,0.1361,-5.4901,2.68743080619e-05,0.99,0.8955,1784066822.0,10.972017673048601,49.70544918998527,0.1607717041800643,0.5639,0.002736532885904725,0.11517458739612495,0.005287896592244268,0.0022967631663284305,0.004334596592244268,0.0013434631663284304
1784067642.0912848,SOL,BUY,1,1,0,35.0,True,77.13,-0.0,3.6,0.2,trend,-0.4,123893,"('SOL', 'BUY', 123893)",1.25e-05,362181229.0,-0.0004151519,2.05,1784066956.0,0.1296,0.2608,0.1366,0.1022,0.3737,-6.4758,5.82119500584e-05,2.4,0.9708,1784066822.0,16.863033873343152,51.76730486008837,92.44372990353698,0.1279,0.004294226419486308,0.015558458125821911,0.006664073641903467,0.011150006482561814,0.005751113641903467,0.010237046482561813
1784067642.0912848,XRP,BUY,1,1,0,35.0,True,1.11,-0.4,4.5,0.4,trend,-0.4,123893,"('XRP', 'BUY', 123893)",1.22939e-05,101394974.0,-0.0005407354,4.86,1784066956.0,0.9031,0.1238,0.0754,0.0417,0.0176,-4.513,0.0001,2.82,0.088,1784066822.0,40.71058475203553,86.38045891931903,39.951768488745984,0.9072,-0.002488785952346862,0.02983610503829225,-0.0018918918918918726,-0.006396396396396442,-0.0028822018918918725,-0.0073867063963964415
1784067642.0912848,HYPE,BUY,1,1,0,45.0,True,65.58,-0.3,3.8,1.5,trend,-0.4,123893,"('HYPE', 'BUY', 123893)",3.06766e-05,1426203379.0,0.0007082423,4.71,1784066956.0,0.1524,0.3191,0.0463,-0.0935,0.9988,-0.3048,0.0001,1.58,0.3236,1784066822.0,99.40959409594096,63.76383763837639,96.94533762057877,0.149,0.0013854734121040014,0.047146779988071555,0.0017993290637388082,0.01927416895394929,0.0008840890637388082,0.018358928953949288
1784092889.7040062,BTC,BUY,1,2,0,58.0,True,64612.5,-0.3,3.0,0.3,range,-0.8,123895,"('BTC', 'BUY', 123895)",1.25e-05,2338288020.0,0.0,0.82,1784092538.0,0.1543,0.2001,0.059,-0.0141,0.96,-3.7498,0.0001,1.25,2.846,1784092021.0,9.55137481910275,20.69464544138929,16.19496855345912,0.1589,0.011693657646337072,0.044159089967523026,-0.0009053975623911636,0.001803056684078097,-0.0018208275623911637,0.0008876266840780971
1784092889.7040062,ETH,BUY,1,2,0,60.5,True,1872.5,-0.2,4.8,0.4,range,-0.8,123895,"('ETH', 'BUY', 123895)",1.25e-05,1714220975.0,0.0002076346,1.89,1784092538.0,0.5325,0.1407,0.0774,0.0571,0.9947,-4.5268,7.14313008569e-05,1.06,1.2545,1784092021.0,10.765895953757225,52.74566473988439,4.245283018867925,0.5637,0.012106345959033303,0.1016632482887368,-0.001335113484646211,0.006461949265687439,-0.002288363484646211,0.005508699265687439
1784092889.7040062,SOL,BUY,1,2,0,71.5,True,77.76,-0.0,3.2,0.7,range,-0.8,123895,"('SOL', 'BUY', 123895)",1.25e-05,373281244.0,-0.0001973817,2.22,1784092538.0,0.1281,-0.144,-0.0643,-0.0351,0.9977,-5.1243,8.14368355482e-05,2.33,2.3525,1784092021.0,16.690751445086704,58.02023121387283,88.91509433962264,0.128,0.01071135479031803,0.05147994337001641,-0.004873971193415705,-0.0035622427983539318,-0.005786781193415705,-0.004475052798353932
1784092889.7040062,XRP,BUY,1,1,0,45.0,True,1.1,-0.1,3.0,3.2,range,-0.8,123895,"('XRP', 'BUY', 123895)",1.25e-05,100988158.0,-0.0004530217,4.25,1784092538.0,0.9065,0.5733,-0.0579,0.0012,1.0,-4.5282,0.0001,2.73,4.1453,1784092021.0,40.66811909949165,84.0958605664488,31.761006289308174,0.907,0.002490269368459814,0.014580110638166456,0.003090909090909033,0.0072727272727273196,0.002100259090909033,0.0062820772727273195
1784092889.7040062,HYPE,BUY,1,1,0,70.0,True,66.78,-0.8,4.8,0.8,range,-0.8,123895,"('HYPE', 'BUY', 123895)",2.06354e-05,1458758174.0,0.0007457043,4.34,1784092538.0,0.1496,0.6609,0.1765,0.1987,0.9881,-0.2993,0.0001,1.36,0.3899,1784092021.0,98.91383055756698,57.711803041274436,84.04088050314465,0.149,-0.0040053664757268995,0.06562989923796898,0.0011680143755616879,0.025037436358191112,0.00025305437556168793,0.024122476358191113
1784141410.1186316,BTC,BUY,1,3,0,63.3,True,65142.5,0.1,0.9,0.6,trend,0.8,123898,"('BTC', 'BUY', 123898)",1.25e-05,2364918903.0,-0.0001076327,1.16,1784140544.0,0.1536,0.0859,-0.0522,-0.0985,0.9672,-3.579,6.24692534175e-05,1.25,1.6814,1784140622.0,9.30888575458392,48.23695345557123,16.6412213740458,0.1588,-0.009971774775855586,0.028549413901725964,-0.0052270023410215805,-0.006593237901523552,-0.00614236234102158,-0.007508597901523552
1784141410.1186316,ETH,BUY,1,2,0,65.0,True,1921.5,0.1,2.5,0.6,trend,0.8,123898,"('ETH', 'BUY', 123898)",1.25e-05,1739813909.0,0.0001036323,2.12,1784140544.0,0.5178,0.1384,0.0243,-0.0161,0.3078,-4.66,6.68316176007e-05,1.12,0.4392,1784140622.0,10.492957746478874,64.01408450704226,6.7175572519083975,0.5634,0.0077637328158564126,0.028025980593366914,0.0003642987249545815,0.000676554774915461,-0.0005874812750454185,-0.00027522522508453893
1784141410.1186316,SOL,BUY,1,2,0,50.5,True,77.83,0.3,0.7,0.8,trend,0.8,123898,"('SOL', 'BUY', 123898)",1.25e-05,369597120.0,-0.0003314202,2.47,1784140544.0,0.3847,0.4026,0.1869,-0.0904,0.5849,-5.1269,-6.4810135618e-06,2.4,0.7108,1784140622.0,17.535211267605632,71.7605633802817,91.29770992366413,0.1281,-0.0010753874819846218,0.022122879978323746,-0.005691892586406233,-0.010060388025183054,-0.006630362586406233,-0.010998858025183054
1784141410.1186316,XRP,BUY,1,2,0,68.0,True,1.12,0.1,0.3,2.3,trend,0.8,123898,"('XRP', 'BUY', 123898)",1.25e-05,101638063.0,-0.0004024145,3.38,1784140544.0,0.8924,0.1005,-0.0763,0.016,0.9943,-5.3528,5.26911240096e-05,2.76,1.7623,1784140622.0,39.84430290162774,73.74380750176928,34.27480916030534,0.906,-0.0025910458210790877,0.0032593322688355486,-0.0044642857142858094,-0.0060714285714287275,-0.005453525714285809,-0.007060668571428727
1784141410.1186316,HYPE,BUY,1,1,1,75.5,True,67.89,0.8,3.5,0.8,trend,0.8,123898,"('HYPE', 'BUY', 123898)",1.25e-05,1530402568.0,0.0004486911,3.59,1784140544.0,0.1466,0.0276,-0.1025,-0.1723,0.9597,0.1465,0.0001,1.15,1.195,1784140622.0,11.785462244177841,39.94354269583628,52.519083969465655,0.149,0.0011043809929466317,0.07580112441147376,-0.011827956989247324,-0.017719840919133922,-0.012742616989247323,-0.018634500919133924
1784188477.3814957,BTC,BUY,1,1,1,54.0,True,64632.5,-0.4,0.1,0.5,range,-1.5,123901,"('BTC', 'BUY', 123901)",1.25e-05,2377787179.0,-0.0002012228,1.52,1784187937.0,0.1556,-0.1043,0.1252,0.0747,0.9973,-4.5879,3.45859465665e-05,1.32,0.6074,1784188321.0,9.264305177111716,74.86376021798365,31.988261188554656,0.1586,-0.005111654093081992,-0.004655622222421188,-0.006676207790198396,-0.001817970835106153,-0.007591767790198396,-0.002733530835106153
1784188477.3814957,ETH,BUY,1,1,1,57.5,True,1919.3,-0.4,2.6,0.3,range,-1.5,123901,"('ETH', 'BUY', 123901)",1.25e-05,1791383529.0,2.08457e-05,2.21,1784187937.0,0.5234,-0.0657,0.116,0.0695,0.0366,-3.3518,6.83472420072e-05,1.17,0.6389,1784188321.0,10.136054421768707,69.8639455782313,12.472487160674982,0.5628,-0.001377803028225399,0.0421003354818488,-0.016099619652998443,-0.01849632678580737,-0.017051959652998442,-0.01944866678580737
1784188477.3814957,SOL,BUY,1,2,0,52.5,True,76.31,-1.5,-1.4,0.4,range,-1.5,123901,"('SOL', 'BUY', 123901)",6.2405e-06,363352116.0,-0.0004017365,2.25,1784187937.0,0.1309,0.2184,0.2432,0.0293,0.1793,-5.2349,1.21058316892e-05,2.4,0.6448,1784188321.0,8.91156462585034,59.93197278911565,88.70139398385913,0.1281,-0.0004223950747352739,-0.030666213056132714,-0.0019001441488664117,0.001834621936836589,-0.0028132341488664118,0.0009215319368365891
1784188477.3814957,HYPE,BUY,1,2,2,56.6,True,66.86,,,0.5,range,-1.5,123901,"('HYPE', 'BUY', 123901)",1.25e-05,1491606101.0,0.0002365092,3.85,1784187937.0,0.1506,-0.1207,-0.079,0.009,0.8815,-6.0218,0.0001,1.35,0.741,1784188321.0,11.38377641445126,47.51192910702113,83.85913426265591,0.149,0.004523326602019704,0.017165356902053883,-0.01408914148967988,-0.017334729285073402,-0.01500420148967988,-0.0182497892850734
1784230595.0018792,BTC,SELL,-1,1,0,47.0,True,64232.5,0.3,-1.1,0.6,range,1.1,123904,"('BTC', 'SELL', 123904)",1.25e-05,2409376389.0,-0.0001369995,1.44,1784230591.0,0.1557,0.0882,0.0045,0.0318,0.6685,-3.7813,7.2799325098e-05,1.43,4.6825,1784229722.0,9.00066181336863,71.80675049636002,41.589779985805535,0.1585,0.004448783276219948,0.026392859623238563,0.0043669481960066925,0.011544000311368818,0.0034513781960066924,0.010628430311368819
1784230595.0018792,ETH,BUY,1,1,1,51.0,True,1880.8,0.6,-2.2,0.6,range,1.1,123904,"('ETH', 'BUY', 123904)",1.25e-05,1811270750.0,0.000106678,2.12,1784230591.0,0.5332,0.0183,0.1068,0.0308,0.0023,-4.2671,8.48494174503e-05,1.49,0.6162,1784229722.0,9.841479524438574,63.73844121532365,56.84882895670689,0.5623,0.012583098123013893,0.03997556543318949,-0.0060612505316886,-0.0174393874946831,-0.0070145705316886,-0.0183927074946831
1784230595.0018792,SOL,SELL,-1,2,0,72.5,True,75.77,0.3,-1.8,1.2,range,1.1,123904,"('SOL', 'SELL', 123904)",-3.871e-07,333409010.0,-0.0004176303,1.87,1784230591.0,0.1322,-0.1892,0.081,-0.0172,0.7279,-7.926,3.22254765047e-05,2.51,1.7809,1784229722.0,5.746367239101717,46.23513870541612,99.07735982966643,0.1282,-0.0017747360773756368,-0.10030390988179404,0.0066121156130393155,0.010611059786195143,0.005698895613039315,0.009697839786195143
1784230595.0018792,XRP,BUY,1,1,1,61.5,True,1.11,1.1,-0.3,1.7,range,1.1,123904,"('XRP', 'BUY', 123904)",1.25e-05,102993467.0,-0.0002741479,5.11,1784230591.0,0.9145,-0.05,-0.1125,-0.1281,0.953,-5.485,7.60477105941e-05,2.78,7.2389,1784229722.0,39.243027888446214,87.91500664010624,41.234918381831086,0.9048,-0.0009783370429457573,0.018529693937432538,-0.018378378378378524,-0.020270270270270396,-0.019369828378378525,-0.021261720270270398
1784230595.0018792,HYPE,SELL,-1,3,0,65.7,True,62.84,0.1,-5.9,1.5,range,1.1,123904,"('HYPE', 'SELL', 123904)",-5.0952e-06,1410340423.0,-0.0002320836,3.27,1784230591.0,0.1599,0.1669,0.139,0.0118,0.0034,-11.6552,-4.90602486838e-05,1.55,1.3936,1784229722.0,4.500330906684315,24.81800132362674,95.8126330731015,0.1492,-0.00034037140593945356,-0.06510370473284309,0.01510184595798858,0.04040420114576704,0.01418585595798858,0.03948821114576704
1784250773.917625,BTC,SELL,-1,1,0,70.0,True,63827.5,-0.2,-1.1,,range,-1.4,123906,"('BTC', 'SELL', 123906)",1.25e-05,2389073597.0,-0.0002039152,1.44,1784250537.0,0.1567,-0.0566,-0.1404,0.0224,0.0296,-5.4671,4.82761564293e-05,1.47,3.2692,1784250421.0,8.883082952318746,70.93403004572176,51.047486033519554,0.1584,-0.0010313458670156977,0.020482432154435643,0.004002976773334388,0.015487054952802448,0.003087306773334388,0.014571384952802448
1784250773.917625,ETH,SELL,-1,1,0,62.0,True,1866.0,-0.2,-2.6,1.1,range,-1.4,123906,"('ETH', 'SELL', 123906)",1.25e-05,1751362323.0,-0.0003230496,1.97,1784250537.0,0.537,-0.0636,-0.0901,-0.1257,0.0137,-3.9202,7.02172458847e-05,1.52,1.0165,1784250421.0,9.713168187744458,54.563233376792695,63.89664804469274,0.56205,-0.014850625062262932,-0.010088151274332475,0.007288317256162857,0.020310825294748147,0.006334617256162857,0.019357125294748145
1784250773.917625,SOL,SELL,-1,2,0,79.0,True,75.51,0.3,-1.8,1.3,range,-1.4,123906,"('SOL', 'SELL', 123906)",-3.9893e-06,324278685.0,-0.0005047821,1.83,1784250537.0,0.1326,0.0279,-0.0596,0.0465,0.9971,-6.6278,1.71999556832e-05,2.53,3.0377,1784250421.0,4.041720990873533,44.71968709256845,99.4413407821229,0.1282,-0.002862802098003868,-0.11144324895062442,0.004105416501125725,0.012303006224341217,0.003192156501125725,0.011389746224341218
1784250773.917625,XRP,SELL,-1,2,0,69.0,True,1.09,0.2,-1.7,0.8,range,-1.4,123906,"('XRP', 'SELL', 123906)",2.7526e-06,100341351.0,-0.0003683241,5.72,1784250537.0,0.9173,0.3231,-0.1432,-0.1172,0.8553,-4.5834,4.15080678524e-05,2.76,1.9183,1784250421.0,17.573770491803277,89.37704918032787,37.77932960893855,0.9053,-0.019002585041011523,-0.046096604091642894,-0.001743119266055082,0.00614678899082588,-0.0027348492660550817,0.00515505899082588
1784250773.917625,HYPE,SELL,-1,1,0,65.0,True,61.03,-1.4,-8.4,2.1,range,-1.4,123906,"('HYPE', 'SELL', 123906)",1.25e-05,1373860891.0,0.0001960768,2.75,1784250537.0,0.1639,0.0422,-0.0037,0.0901,0.8991,-3.2759,-8.3096931239e-06,1.66,1.5623,1784250421.0,12.148922273024167,11.952971913781841,99.93016759776536,0.1492,0.00786773530801745,-0.0713205558361002,0.017925610355562838,0.03958708831722113,0.017009220355562838,0.03867069831722113
1784264566.3872578,BTC,SELL,-1,1,0,60.0,True,63520.5,0.0,-1.7,0.7,range,-0.5,123907,"('BTC', 'SELL', 123907)",1.25e-05,2417038951.0,4.57615e-05,1.31,1784264107.0,0.1578,-0.266,0.1385,0.0732,0.1383,-3.9299,4.69794444492e-05,1.52,0.7755,1784263921.0,8.802588996763754,56.50485436893204,66.68970283344852,0.1583,-0.0018023710250144715,0.03075440326771156,0.01072881982981877,0.003455577333301818,0.00981303982981877,0.0025397973333018183
1784264566.3872578,ETH,SELL,-1,2,0,59.5,True,1850.7,0.1,-3.5,0.5,range,-0.5,123907,"('ETH', 'SELL', 123907)",1.25e-05,1752007081.0,-4.87303e-05,1.81,1784264107.0,0.542,0.0671,0.1216,0.1006,0.0407,-3.5767,7.1173134499e-05,1.58,1.1521,1784263921.0,9.62532299741602,45.15503875968992,72.21838286109191,0.5619,-0.003759943190436448,-0.013679047600853084,0.012211595612470982,0.006484033068568595,0.011257395612470982,0.005529833068568596
1784264566.3872578,SOL,SELL,-1,2,0,63.0,True,75.24,0.4,-2.0,1.1,range,-0.5,123907,"('SOL', 'SELL', 123907)",1.25e-05,331958533.0,-0.0002001895,1.74,1784264107.0,0.1336,-0.0156,-0.0515,0.0118,0.4385,-6.6765,4.01782427755e-05,2.55,1.5115,1784263921.0,22.60981912144703,42.31266149870801,99.17069799585349,0.1282,-0.0008434656925118295,-0.07789129384756552,0.008758639021796855,0.005489101541733099,0.007845279021796854,0.004575741541733099
1784264566.3872578,XRP,SELL,-1,2,0,53.0,True,1.09,0.3,-2.0,0.4,range,-0.5,123907,"('XRP', 'SELL', 123907)",8.9737e-06,100842486.0,-0.0002534086,5.45,1784264107.0,0.9192,0.0669,0.1227,0.0434,0.1666,-4.5939,0.0001,2.68,1.126,1784263921.0,31.708901884340477,87.19948018193632,27.78161713890809,0.9055,-0.00514394198107776,-0.040992426261776876,0.00614678899082588,0.005137614678899172,0.00515486899082588,0.004145694678899171
1784264566.3872578,HYPE,SELL,-1,1,0,55.0,True,60.0,-0.5,-9.7,0.4,range,-0.5,123907,"('HYPE', 'SELL', 123907)",1.25e-05,1353554583.0,-0.0001052749,2.51,1784264107.0,0.1673,0.1317,0.6309,0.4076,0.2812,-5.8476,0.0001,1.72,0.9325,1784263921.0,12.03883495145631,7.119741100323624,100.0,0.1493,-0.01221490741780124,-0.07742082065552658,0.02310000000000001,-0.005116666666666658,0.02218327000000001,-0.006033396666666658
1784270830.1528907,BTC,BUY,1,1,1,70.4,True,62951.5,-0.9,-2.8,1.5,range,-1.3,123907,"('BTC', 'BUY', 123907)",1.25e-05,2462506660.0,0.000381358,1.28,1784269923.0,0.1593,0.5408,0.469,0.3194,0.9991,-4.9226,5.50052883169e-05,1.71,0.597,1784270221.0,8.768536428110895,53.6428110896196,94.63548830811554,0.1583,0.012850473233515096,0.029055031775668736,0.0009769425668968434,0.003661548970238959,6.1012566896843424e-05,0.002745618970238959
1784279235.059561,BTC,SELL,-1,1,0,65.0,True,62939.5,-0.0,-1.8,0.6,trend,0.9,123908,"('BTC', 'SELL', 123908)",1.25e-05,2516208454.0,0.0001114827,1.37,1784278647.0,0.159,0.2837,0.0426,0.0809,0.0,-5.5498,1.70821380864e-05,1.75,1.2333,1784279222.0,8.717948717948717,64.74358974358975,96.58469945355192,0.1584,-0.004003518342385844,0.06732828326968834,-0.005743610927954723,-0.008555835365708253,-0.006659510927954723,-0.009471735365708254
1784279235.059561,ETH,SELL,-1,1,0,65.0,True,1831.8,-0.0,-2.9,0.6,trend,0.9,123908,"('ETH', 'SELL', 123908)",1.25e-05,1730630013.0,-0.0001698993,1.82,1784278647.0,0.5463,0.0635,-0.0065,0.0002,0.4535,-5.2985,4.86599634912e-05,1.74,1.8649,1784279222.0,9.532949456174023,46.57709532949456,84.49453551912568,0.5618,-0.005612448716878399,-0.007742415650489003,-0.003766786767114283,0.0005459111256687077,-0.004721416767114283,-0.00040871887433129223
1784279235.059561,SOL,SELL,-1,2,0,71.5,True,74.57,,-2.0,0.6,trend,0.9,123908,"('SOL', 'SELL', 123908)",3.7804e-06,329631407.0,-0.0004192703,1.87,1784278647.0,0.1342,-0.1737,-0.11,-0.0282,0.9843,-5.3655,5.46570083287e-05,2.58,4.4325,1784279222.0,8.829174664107486,46.64107485604607,99.6584699453552,0.1283,-4.552756928965844e-05,-0.05526362626580033,-0.003446426176746842,-0.0021858656296098733,-0.004359846176746842,-0.003099285629609873
1784279235.059561,XRP,SELL,-1,2,0,74.0,True,1.09,-0.1,-1.9,0.3,trend,0.9,123908,"('XRP', 'SELL', 123908)",9.9614e-06,100524610.0,-0.0003948487,5.63,1784278647.0,0.922,0.2534,-0.0741,-0.0761,0.7022,-4.6079,6.13433367801e-05,2.73,8.7886,1784279222.0,33.397683397683394,88.86743886743886,32.78688524590164,0.9057,-0.0019028804097483325,-0.032906883940294646,0.005137614678899172,0.006697247706422105,0.004145414678899171,0.005705047706422104
1784279235.059561,HYPE,SELL,-1,1,0,55.0,True,59.72,0.9,-9.5,1.3,trend,0.9,123908,"('HYPE', 'SELL', 123908)",-5.8845e-06,1335166425.0,-0.0009088303,2.15,1784278647.0,0.168,0.0317,-0.1029,0.0514,0.9457,-11.41,4.3887251003e-05,1.73,7.9408,1784279222.0,4.294871794871795,0.641025641025641,99.38524590163934,0.1493,0.0063293648954387055,-0.08517779765483172,-0.009829202947086557,-0.01771600803750828,-0.010746002947086558,-0.01863280803750828
1784293516.0978348,BTC,SELL,-1,1,0,65.0,True,63131.5,-0.1,-1.3,0.9,trend,-0.7,123909,"('BTC', 'SELL', 123909)",1.25e-05,2529503254.0,0.0001012841,1.35,1784293188.0,0.1583,0.0779,0.1738,0.0319,0.8154,-5.2405,-1.01767808721e-05,1.83,0.6909,1784292722.0,8.634920634920636,61.84126984126984,98.10682893847193,0.1584,-0.0025958998362800834,0.07719126537894612,-0.005488543753910502,-0.016228031965025425,-0.006404373753910502,-0.017143861965025424
1784293516.0978348,ETH,SELL,-1,1,0,65.0,True,1828.8,-0.4,-2.3,0.6,trend,-0.7,123909,"('ETH', 'SELL', 123909)",1.25e-05,1761444710.0,-0.0002398212,2.04,1784293188.0,0.5458,0.0906,0.1184,0.0737,0.0,-4.6933,1.54416181541e-05,1.84,1.7692,1784292722.0,9.44233206590621,58.87198986058302,88.9790398918188,0.5616,0.0011478493383255055,0.011768622148381211,-0.0010936132983376812,-0.008092738407698974,-0.002048193298337681,-0.009047318407698974
1784293516.0978348,SOL,SELL,-1,2,0,55.5,True,74.44,-0.4,-1.9,0.4,trend,-0.7,123909,"('SOL', 'SELL', 123909)",1.25e-05,332049346.0,-0.000522473,1.95,1784293188.0,0.1342,-0.0497,0.0623,0.0567,0.0005,-6.7087,3.7974763111e-05,2.64,0.7815,1784292722.0,22.877059569074778,48.92268694550063,99.66193373901284,0.1283,-0.001241573017451895,-0.0489593265982928,-0.00393605588393342,-0.00980655561526067,-0.00484947588393342,-0.01071997561526067
1784293516.0978348,XRP,SELL,-1,2,0,58.0,True,1.08,-0.7,-2.0,0.8,trend,-0.7,123909,"('XRP', 'SELL', 123909)",1.25e-05,100817551.0,-0.0004161465,5.59,1784293188.0,0.9259,0.1646,0.1543,0.1941,0.3949,-4.6279,1.94666596988e-05,2.73,0.7196,1784292722.0,40.02549394518802,87.95411089866157,32.72481406355646,0.9059,-0.0030433429573664596,-0.031657138057984154,-0.0024999999999999467,-0.009907407407407254,-0.0034925899999999465,-0.010899997407407254
1784293516.0978348,HYPE,SELL,-1,2,0,53.0,True,59.76,-0.7,-8.6,0.3,trend,-0.7,123909,"('HYPE', 'SELL', 123909)",1.25e-05,1348774411.0,-1.16651e-05,2.03,1784293188.0,0.8334,0.3996,0.3246,0.1174,0.0966,-7.9923,-0.0002757655013128,1.87,1.0828,1784292722.0,12.253968253968255,0.0,99.18864097363083,0.1494,-0.007167863598765013,-0.07847994711877644,-0.017034805890227656,-0.008467202141900998,-0.018018145890227655,-0.009450542141900997
1784408279.6846116,BTC,BUY,1,1,0,55.0,True,64595.5,0.1,0.7,2.2,range,0.2,123917,"('BTC', 'BUY', 123917)",1.25e-05,2602933947.0,0.0,3.51,1784407571.0,0.1548,0.219,0.1016,-0.1318,0.0001,-5.4955,-1.50985338408e-05,1.54,0.2551,1784407922.0,8.033077377436504,99.64559952746603,64.2190416925949,0.1581,0.00902276281395659,0.04237861225566927,0.0035838409796347115,0.0015248740237323588,0.0026683609796347117,0.0006093940237323588
1784408279.6846116,ETH,BUY,1,2,0,81.5,True,1857.8,0.0,0.8,3.6,range,0.2,123917,"('ETH', 'BUY', 123917)",1.25e-05,1836827225.0,0.0003221304,5.28,1784407571.0,0.5385,-0.0317,0.0668,0.0531,0.4175,-5.5473,-1.70607290633e-05,1.93,1.2374,1784407922.0,8.785377358490566,98.23113207547169,94.89732420659614,0.5603,-0.004746263725986949,0.04602438090656535,0.0027990095812251425,0.00532888362579409,0.0018451595812251425,0.00437503362579409
1784408279.6846116,SOL,BUY,1,2,0,62.5,True,75.3,0.1,0.3,0.8,range,0.2,123917,"('SOL', 'BUY', 123917)",-7.152e-07,331142081.0,-0.0003865231,6.74,1784407571.0,0.1328,-0.0137,0.0773,0.062,0.0,-6.6366,3.94629497439e-05,2.72,0.7256,1784407922.0,7.311320754716981,99.82311320754717,99.62663347853142,0.1287,0.004309849411396209,0.005480654961015051,0.0025365205843292937,0.008725099601593511,0.001623240584329294,0.007811819601593511
1784408279.6846116,XRP,BUY,1,2,0,64.0,True,1.09,0.2,0.4,0.7,range,0.2,123917,"('XRP', 'BUY', 123917)",1.25e-05,102983869.0,-0.0003648636,12.49,1784407571.0,0.915,-0.0785,0.1233,0.1808,0.9474,-6.4026,3.65793604728e-05,3.0,0.0971,1784407922.0,39.83402489626556,99.407231772377,90.72806471686373,0.9086,0.006883606506327764,0.0006422214363305354,0.0020183486238531945,0.004128440366972352,0.0010268486238531945,0.003136940366972352
1784408279.6846116,HYPE,BUY,1,1,1,68.0,True,59.97,0.1,0.5,0.6,range,0.2,123917,"('HYPE', 'BUY', 123917)",1.25e-05,1368421697.0,4.98778e-05,7.52,1784407571.0,0.1667,-0.0305,0.1487,-0.0348,0.9627,-4.8322,-4.37931412132e-05,2.28,0.9281,1784407922.0,11.399881866509155,93.20732427643237,99.62663347853142,0.1499,0.002217639423697785,0.010678264003551971,0.003651825912956541,0.011989327997331989,0.002735155912956541,0.01107265799733199
1784419398.8447204,BTC,BUY,1,1,0,52.0,True,64804.5,0.1,1.4,0.7,range,0.4,123918,"('BTC', 'BUY', 123918)",1.25e-05,2666517970.0,-4.62813e-05,3.46,1784419204.0,0.1543,-0.0162,-0.3253,-0.2326,0.7874,-4.6288,1.58228819825e-05,1.48,0.6001,1784418721.0,7.976539589442816,99.06158357771261,50.463248919085856,0.1581,0.00017894399157863182,0.06550133697978985,0.00014659475808009859,-0.0015199561758828528,-0.0007688352419199014,-0.002435386175882853
1784419398.8447204,ETH,BUY,1,2,0,64.5,True,1862.0,0.0,1.1,0.6,range,0.4,123918,"('ETH', 'BUY', 123918)",1.25e-05,1842587411.0,6.44371e-05,5.61,1784419204.0,0.5371,0.0281,0.0175,0.0125,0.0805,-5.2638,-2.54660722914e-05,1.9,0.9784,1784418721.0,8.723653395784543,98.65339578454333,90.61148857319333,0.5601,0.0004138400344063054,0.04295579247938028,0.0052631578947368585,0.004135338345864659,0.0043094478947368585,0.0031816283458646587
1784419398.8447204,SOL,BUY,1,1,0,65.0,True,75.46,0.0,0.6,1.9,range,0.4,123918,"('SOL', 'BUY', 123918)",1.25e-05,333930167.0,-0.0002913328,6.28,1784419204.0,0.1325,-0.1713,-0.1322,-0.019,0.9932,-5.298,5.01371523788e-05,2.71,0.4292,1784418721.0,27.810304449648708,98.53629976580797,97.71463866584311,0.1287,0.008936819663475974,0.013313539808454494,0.00948847071296055,0.008322289954943107,0.00857522071296055,0.007409039954943107
1784419398.8447204,XRP,BUY,1,2,0,66.0,True,1.09,-0.1,0.4,0.7,range,0.4,123918,"('XRP', 'BUY', 123918)",1.04383e-05,102602150.0,-0.0003733187,12.37,1784419204.0,0.9156,0.3613,0.0496,0.0302,0.657,-7.3213,3.27563105208e-05,3.02,0.7771,1784418721.0,33.19599764567393,98.7051206592113,92.15565163681285,0.9087,0.001281349781731583,0.00021068323895903138,0.00596330275229362,0.005504587155963359,0.00497174275229362,0.004513027155963359
1784419398.8447204,HYPE,BUY,1,1,0,52.0,True,60.25,0.4,0.9,1.3,range,0.4,123918,"('HYPE', 'BUY', 123918)",1.25e-05,1367213116.0,-0.0001409735,7.67,1784419204.0,0.1659,-0.0545,0.0751,-0.0609,0.3197,-5.9684,-6.12503048535e-05,2.31,1.0381,1784418721.0,11.319648093841641,93.25513196480938,99.81470043236565,0.15,-0.0005852134392666197,0.013882614701708311,0.009742738589211708,0.009493775933610005,0.008826148589211708,0.008577185933610005
1784434263.030536,BTC,BUY,1,1,0,47.0,True,64692.5,-0.2,1.2,0.5,range,-0.4,123919,"('BTC', 'BUY', 123919)",1.25e-05,2640721190.0,-0.000214961,3.08,1784433747.0,0.1546,0.0542,-0.0615,-0.194,0.9922,-4.0343,2.47481125151e-05,1.4,0.9649,1784434021.0,7.906976744186046,93.48837209302326,31.60146699266504,0.158,-0.006569907492537368,0.05533415547495148,0.00020867952235570364,-0.001970862155582176,-0.0007067804776442964,-0.002886322155582176
1784434263.030536,ETH,BUY,1,2,0,54.0,True,1866.7,-0.3,1.2,0.4,range,-0.4,123919,"('ETH', 'BUY', 123919)",1.25e-05,1849926876.0,0.0001071811,5.96,1784433747.0,0.5356,0.0514,0.0378,0.0304,0.426,-3.8032,3.6985014168e-06,1.85,1.5513,1784434021.0,8.647707486941382,99.1874637260592,85.51344743276283,0.56,-0.00038944259359173934,0.042933530964533916,0.0016071141586757598,0.0031606578453955425,0.0006535541586757598,0.0022070978453955425
1784434263.030536,SOL,BUY,1,1,0,34.0,True,75.87,-0.4,1.1,1.2,range,-0.4,123919,"('SOL', 'BUY', 123919)",1.25e-05,350078249.0,-0.0001791477,5.26,1784433747.0,0.1317,0.2007,0.0702,0.0123,0.1144,-5.268,2.74109335249e-05,2.76,1.0017,1784434021.0,27.568195008705747,97.04004643064422,100.0,0.1287,-0.008524974762829735,0.05341974580013051,0.002873335969421298,0.00482404112297341,0.001960165969421298,0.003910871122973411
1784434263.030536,XRP,BUY,1,1,0,52.0,True,1.09,-0.2,0.6,0.3,range,-0.4,123919,"('XRP', 'BUY', 123919)",1.25e-05,102978489.0,-0.0003590517,15.3,1784433747.0,0.9139,0.2396,-0.0381,-0.0999,0.8466,-6.3939,4.36747745017e-05,2.99,0.7851,1784434021.0,39.78996499416569,99.88331388564761,88.6919315403423,0.909,-0.00412945164801055,0.010056635504945441,0.005504587155963359,0.006605504587155808,0.004513197155963359,0.005614114587155808
1784434263.030536,HYPE,BUY,1,1,0,34.0,True,60.68,-0.3,2.4,0.5,range,-0.4,123919,"('HYPE', 'BUY', 123919)",1.25e-05,1376938674.0,4.44227e-05,7.27,1784433747.0,0.1647,0.0547,0.0901,0.0356,0.2171,-6.4201,-2.20086507129e-05,2.07,2.0465,1784434021.0,11.220930232558139,91.27906976744185,96.82151589242054,0.1501,-0.0034691709519539516,0.024038935941293263,0.0023401450230720044,0.004812129202373061,0.0014236750230720045,0.003895659202373061
1784448176.3701048,BTC,BUY,1,1,0,56.0,True,64722.5,0.0,1.1,0.3,trend,0.2,123920,"('BTC', 'BUY', 123920)",1.25e-05,2666629744.0,-0.0001699866,3.07,1784447317.0,0.1546,0.1645,0.0559,-0.1806,0.0077,-3.6622,5.54979365326e-05,1.37,1.0905,1784447522.0,7.8431372549019605,92.84890426758939,29.43670502725621,0.158,-0.0008780500187825788,0.06387648216635997,-0.0024334659507898593,-0.002078102669087256,-0.003348925950789859,-0.002993562669087256
1784448176.3701048,ETH,BUY,1,2,0,57.5,True,1870.0,0.1,1.4,0.2,trend,0.2,123920,"('ETH', 'BUY', 123920)",1.25e-05,1856651125.0,0.0,5.83,1784447317.0,0.5349,0.0386,0.02,0.0089,0.9445,-5.1351,1.41171848612e-05,1.83,1.731,1784447522.0,8.578008059873344,98.33045480713875,80.86008479709267,0.5599,-0.0006153824195632363,0.04172400521623293,0.0013903743315506478,0.0027272727272726893,0.00043688433155064784,0.0017737827272726893
1784448176.3701048,SOL,BUY,1,1,0,47.0,True,76.14,0.2,1.6,0.4,trend,0.2,123920,"('SOL', 'BUY', 123920)",1.25e-05,351713361.0,-0.0004465165,5.1,1784447317.0,0.1313,0.1814,-0.0549,0.014,0.0201,-6.5608,5.67398375544e-05,2.77,1.2634,1784447522.0,27.34599884858952,96.60333909038572,99.57601453664445,0.1287,-0.0003163507631433488,0.06570299969938742,0.0012608353033884967,0.0033884948778564183,0.00034770530338849674,0.0024753648778564185
1784448176.3701048,XRP,BUY,1,1,0,65.0,True,1.1,-0.0,0.7,0.7,trend,0.2,123920,"('XRP', 'BUY', 123920)",1.25e-05,103336804.0,-0.0004057997,15.06,1784447317.0,0.9127,0.0346,-0.0066,0.0192,0.0,-5.4745,5.02149495296e-05,3.04,1.634,1784447522.0,39.467592592592595,99.01620370370371,93.3373712901272,0.9092,5.8665987320598164e-05,0.016514673972000776,-0.0025454545454546285,-0.0014545454545454861,-0.0035367245454546283,-0.002445815454545486
1784448176.3701048,HYPE,BUY,1,1,0,44.0,True,60.75,,2.4,0.4,trend,0.2,123920,"('HYPE', 'BUY', 123920)",1.25e-05,1377914336.0,-0.0002137595,8.2,1784447317.0,0.1643,-0.2276,-0.0873,-0.1589,0.7042,-4.926,7.4777093055e-06,2.01,0.8734,1784447522.0,11.13033448673587,96.30911188004615,96.06299212598425,0.1502,0.0028152593780627613,0.03798730427200252,0.0036543209876542804,0.003259259259259295,0.00273789098765428,0.002342829259259295
1784469730.4144993,BTC,BUY,1,1,1,58.0,True,64409.5,-0.1,0.5,1.5,trend,-0.3,123921,"('BTC', 'BUY', 123921)",1.25e-05,2603733414.0,0.0,2.7,1784468929.0,0.1552,-0.0069,-0.0552,-0.0526,0.9517,-4.8407,7.92356528681e-05,1.37,2.7501,1784469122.0,7.744874715261959,88.95216400911163,29.910447761194032,0.1579,0.002997298986088408,0.03979261632958911,0.001963995994379797,0.001963995994379797,0.001048475994379797,0.001048475994379797
1784469730.4144993,ETH,BUY,1,2,0,68.0,True,1869.0,-0.1,1.5,0.9,trend,-0.3,123921,"('ETH', 'BUY', 123921)",1.25e-05,1887571338.0,1.07089e-05,6.42,1784468929.0,0.5344,-0.0104,0.0637,-0.0168,0.9328,-4.2229,3.81710340296e-05,1.73,2.1134,1784469122.0,8.470722001137009,99.1472427515634,73.43283582089552,0.5597,0.0011367179458101416,0.0659513643405136,-0.0009630818619582593,-0.0010700909577313622,-0.0019165218619582591,-0.002023530957731362
1784469730.4144993,SOL,BUY,1,1,0,65.0,True,75.96,-0.1,1.7,3.7,trend,-0.3,123921,"('SOL', 'BUY', 123921)",1.25e-05,350694300.0,-0.0002502964,4.37,1784468929.0,0.1315,0.0037,-0.0612,-0.0781,0.403,-5.2597,0.0001,2.61,2.1078,1784469122.0,27.00397953382604,94.82660602615123,87.64179104477611,0.1288,0.020366886078014495,0.07423220486361987,-0.0010268562401262171,0.0018562401263824135,-0.001940006240126217,0.0009430901263824136
1784469730.4144993,XRP,SELL,-1,1,0,65.0,True,1.09,-0.3,0.7,2.7,trend,-0.3,123921,"('XRP', 'SELL', 123921)",1.25e-05,103540888.0,-0.0003778764,14.19,1784468929.0,0.9145,0.3283,-0.2156,-0.0931,0.072,-6.398,-2.31269073367e-05,2.99,11.0552,1784469122.0,39.42857142857143,98.05714285714285,86.68656716417911,0.9098,0.004489195818900514,0.022032921930936672,-0.003486238532110164,-0.005779816513761471,-0.004477688532110164,-0.006771266513761471
1784469730.4144993,HYPE,BUY,1,1,0,52.0,True,61.14,0.2,4.2,1.3,trend,-0.3,123921,"('HYPE', 'BUY', 123921)",3.489e-06,1372470094.0,-0.000312716,8.17,1784468929.0,0.1638,-0.1794,-0.0336,-0.0947,0.9791,-6.708,-0.0001030226509468,1.89,0.5153,1784469122.0,7.858769931662871,95.72892938496584,91.1044776119403,0.1503,0.00046846197919593304,0.03174885028029047,-0.007507360157016696,0.0024697415767092057,-0.008423740157016696,0.0015533615767092056
1784500406.243943,BTC,BUY,1,1,1,59.0,True,64718.5,0.3,-0.1,1.1,range,-0.3,123923,"('BTC', 'BUY', 123923)",1.25e-05,2588765064.0,-9.31576e-05,3.32,1784499917.0,0.1554,0.3634,0.1567,0.1283,1.0,-4.971,1.29782478502e-05,1.4,1.1584,1784499721.0,7.606263982102908,96.86800894854586,32.65067290813341,0.1578,-0.007694016579000398,-0.03000639135795253,-0.0017692004604557,-0.009572224325347434,-0.0026847404604556997,-0.010487764325347433
1784500406.243943,ETH,SELL,-1,2,1,64.3,True,1871.3,0.2,0.4,0.9,range,-0.3,123923,"('ETH', 'SELL', 123923)",1.25e-05,1838106983.0,-5.37115e-05,6.95,1784499917.0,1.0764,0.009,0.0444,0.0351,0.0001,-5.595,3.35199492141e-05,1.65,1.5793,1784499721.0,8.319374651032943,99.49748743718592,67.29081334113516,0.5592,-0.00309011818978816,-0.00015916615786632947,0.0011756532891572524,0.008870838454550278,0.00016801328915725246,0.007863198454550278
1784500406.243943,SOL,SELL,-1,1,0,55.0,True,76.22,0.2,0.9,2.0,range,-0.3,123923,"('SOL', 'SELL', 123923)",1.13334e-05,341055390.0,-0.0005410042,3.74,1784499917.0,0.1322,-0.1974,0.0617,-0.019,0.2794,-9.247,-1.18733828172e-05,2.64,1.232,1784499721.0,24.581005586592177,90.27932960893855,87.47805734347571,0.1289,-0.02185568346971207,0.030189329162789283,-0.0017580687483600421,0.00452637103122544,-0.0026712887483600423,0.00361315103122544
1784500406.243943,XRP,SELL,-1,2,0,63.5,True,1.09,-0.1,0.2,,range,-0.3,123923,"('XRP', 'SELL', 123923)",3.2048e-06,104015606.0,-0.0001721218,12.85,1784499917.0,0.9151,-0.1169,-0.0736,-0.0923,0.0,-6.405,4.15382387621e-05,2.97,0.7626,1784499721.0,16.507580011229646,96.35036496350365,81.50965476887069,0.9101,-0.0016587830019363379,0.013727712227481922,-0.005596330275229322,0.0016513761467890076,-0.006587840275229322,0.0006598661467890077
1784500406.243943,HYPE,BUY,1,1,0,35.0,True,61.1,-0.3,1.0,0.8,range,-0.3,123923,"('HYPE', 'BUY', 123923)",1.25e-05,1369783140.0,-0.0002133316,9.06,1784499917.0,0.1642,0.444,0.2444,0.0344,0.121,-6.4011,5.05488789593e-05,1.86,1.143,1784499721.0,11.639619473978735,99.10464465584778,87.53657109420713,0.1507,-0.007628903597313288,0.002315252336826747,-0.01486088379705408,-0.013371522094926314,-0.015777303797054082,-0.014287942094926313
1784527829.4592335,BTC,BUY,1,1,1,56.5,True,64117.5,-0.6,-0.9,1.5,range,-0.8,123925,"('BTC', 'BUY', 123925)",6.4088e-06,2526413307.0,-0.000609623,1.88,1784527059.0,0.156,-0.0783,0.2771,0.2299,0.0319,-5.4412,2.4182650192e-05,1.44,0.8364,1784527621.0,4.295154185022026,81.33259911894272,41.37931034482759,0.15765,-0.032221384915705746,-0.05025716315317055,-0.0014426638593207919,0.007977541232892627,-0.002358263859320792,0.007061941232892627
1784527829.4592335,ETH,BUY,1,1,1,59.0,True,1855.8,-0.7,-0.7,3.2,range,-0.8,123925,"('ETH', 'BUY', 123925)",1.25e-05,1798659089.0,0.0,3.95,1784527059.0,0.5389,-0.0348,0.0523,0.052,0.0036,-3.6105,2.97666635359e-05,1.81,1.3488,1784527621.0,8.191313908741067,87.85046728971963,77.70114942528735,0.5589,-0.009577445903316642,-0.03187356202678178,0.002263174911089516,0.00959155081366525,0.001309284911089516,0.00863766081366525
1784527829.4592335,SOL,BUY,1,2,0,58.5,True,75.86,-0.8,-0.3,,range,-0.8,123925,"('SOL', 'BUY', 123925)",6.7012e-06,342695859.0,-0.0004600118,2.56,1784527059.0,0.1319,-0.0449,0.0963,0.0107,0.0323,-7.9124,-1.0162373486e-06,2.67,1.4255,1784527621.0,15.896589658965896,73.43234323432343,89.82758620689654,0.129,-0.00946903262466899,-0.02594026047001881,0.003110993936198403,0.011165304508304663,0.002197803936198403,0.010252114508304664
1784527829.4592335,XRP,SELL,-1,1,0,77.0,True,1.09,-0.7,-0.8,0.9,range,-0.8,123925,"('XRP', 'SELL', 123925)",1.04908e-05,104414626.0,-0.0003751605,7.66,1784527059.0,0.9194,0.1991,0.0235,0.1263,0.8217,-5.5132,2.32267767361e-05,2.94,2.1879,1784527621.0,32.78054173576562,89.4416804864566,71.0919540229885,0.9102,-0.0070293803574863,0.012168536033891186,0.002477064220183567,-0.008623853211009003,0.001485124220183567,-0.009615793211009003
1784527829.4592335,HYPE,SELL,-1,3,0,67.7,True,60.28,0.4,-0.9,0.7,range,-0.8,123925,"('HYPE', 'SELL', 123925)",3.2726e-06,1360787197.0,-0.0005911598,7.29,1784527059.0,0.1664,-0.0217,-0.1861,-0.0323,0.0183,-7.1438,-3.2664394428e-06,1.78,1.0299,1784527621.0,8.539944903581267,86.831955922865,84.19540229885058,0.15125,0.00026442718173795056,-0.01152996854174697,-0.0051260783012607725,-0.016456536164565216,-0.006042718301260772,-0.017373176164565216
1784540163.8614726,BTC,SELL,-1,2,0,71.0,True,64163.5,-0.1,-0.5,1.5,trend,0.3,123926,"('BTC', 'SELL', 123926)",1.18572e-05,2486336596.0,-0.0003840689,1.55,1784539660.0,0.1563,0.0472,-0.0238,0.0791,0.084,-4.6076,-1.19583658563e-05,1.42,1.0488,1784539322.0,7.927829414980864,70.20229633679607,37.30747290359384,0.1576,-0.0013453667714260964,-0.06491220446885175,-0.007254903488743691,-0.020424384580018273,-0.008170533488743692,-0.021340014580018274
1784540163.8614726,ETH,SELL,-1,1,0,50.0,True,1861.5,-0.1,-0.3,1.3,trend,0.3,123926,"('ETH', 'SELL', 123926)",1.25e-05,1808820379.0,-0.0003708381,2.71,1784539660.0,0.5382,0.0895,0.1194,0.073,0.9982,-5.3262,-1.97705295456e-05,1.7,0.8182,1784539322.0,8.133187772925764,72.10698689956332,70.50770108385625,0.5588,-0.006153042792848067,-0.02580197626090036,-0.006500134300295501,-0.020145044319097583,-0.007453954300295502,-0.021098864319097584
1784540163.8614726,SOL,BUY,1,1,0,35.0,True,76.43,0.3,0.6,1.4,trend,0.3,123926,"('SOL', 'BUY', 123926)",-2.5389e-06,340409412.0,-0.0003936631,2.31,1784539660.0,0.1315,-0.044,0.0179,0.0214,0.79,-6.5703,-3.30178619869e-05,2.62,0.2473,1784539322.0,5.133806663025669,60.2403058438012,84.36965202509982,0.129,0.0023913971047472993,-0.03377865803797718,0.0036242313227787815,0.015739892712285597,0.0027110813227787817,0.014826742712285597
1784540163.8614726,XRP,SELL,-1,3,0,68.3,True,1.09,-0.1,-0.6,0.4,trend,0.3,123926,"('XRP', 'SELL', 123926)",4.5505e-06,103519590.0,-0.0005052129,6.94,1784539660.0,0.9201,-0.0567,-0.0099,0.1478,0.2218,-7.3577,-8.5325155779e-06,2.91,6.2009,1784539322.0,18.88035126234907,87.92535675082327,62.52139189960069,0.9105,-0.0009346008157200553,0.00010849365210694092,-0.008623853211009003,-0.02155963302752273,-0.009615863211009002,-0.02255164302752273
1784540163.8614726,HYPE,BUY,1,1,1,57.0,True,60.73,0.1,-0.9,0.6,trend,0.3,123926,"('HYPE', 'BUY', 123926)",1.25e-05,1367794681.0,-9.57728e-05,7.27,1784539660.0,0.1655,-0.0471,-0.1902,-0.2121,0.6025,-7.4405,1.34061071475e-05,1.78,0.9761,1784539322.0,12.417943107221006,86.59737417943107,83.74215630347976,0.1514,-0.0035321527643224914,-0.010567665976883236,0.008924748888522904,0.025720401778363433,0.008008198888522904,0.024803851778363434
1784562717.0439742,BTC,BUY,1,1,1,38.0,True,65177.5,1.3,0.9,1.4,range,1.5,123927,"('BTC', 'BUY', 123927)",1.25e-05,2528111103.0,-0.000284863,1.3,1784561955.0,0.154,0.1233,-0.118,-0.0772,0.0508,-5.1892,1.34479784671e-05,1.4,0.6133,1784561822.0,8.369330453563716,47.786177105831534,32.00224971878515,0.1575,0.019508049010337383,-0.03461040973179001,0.0003452111541559777,-0.0011890606420927874,-0.0005701888458440223,-0.0021044606420927876
1784562717.0439742,ETH,BUY,1,1,1,64.0,True,1890.2,1.5,1.0,1.2,range,1.5,123927,"('ETH', 'BUY', 123927)",1.25e-05,1864285578.0,-0.0003501586,2.19,1784561955.0,0.5311,-0.0078,0.0238,-0.0223,0.9311,-4.9909,-6.3106329744e-06,1.77,0.6327,1784561822.0,8.032345013477089,61.61725067385445,75.42182227221598,0.5586,0.016214332311921282,-0.017868705120953104,0.00465559200084642,0.0025923182731986127,0.00370248200084642,0.0016392082731986127
1784562717.0439742,SOL,SELL,-1,1,0,47.0,True,76.92,0.9,1.0,0.9,range,1.5,123927,"('SOL', 'SELL', 123927)",5.0456e-06,346978413.0,-0.0004413292,2.22,1784561955.0,0.13,0.0505,-0.0084,0.1087,0.518,-7.7963,1.6952900498e-06,2.53,0.4487,1784561822.0,14.347357065803667,53.29018338727076,80.59617547806525,0.129,0.008833872782902395,-0.011126068197775486,-0.009477379095163885,-0.006487259490379538,-0.010390379095163885,-0.0074002594903795375
1784562717.0439742,XRP,SELL,-1,1,0,30.0,True,1.1,1.2,0.5,1.5,range,1.5,123927,"('XRP', 'SELL', 123927)",6.3002e-06,104891733.0,-0.0006330831,5.81,1784561955.0,0.906,0.1564,0.0877,0.0985,0.4632,-4.5278,4.32876849086e-05,2.86,1.425,1784561822.0,22.981029810298104,81.57181571815718,51.181102362204726,0.9105,0.013385657524743872,0.0038869277734478354,-0.012636363636363557,-0.008636363636363553,-0.013626963636363556,-0.009626963636363553
1784562717.0439742,HYPE,BUY,1,1,1,55.5,True,61.55,1.2,1.1,1.1,range,1.5,123927,"('HYPE', 'BUY', 123927)",1.25e-05,1382368126.0,-0.0004537168,6.8,1784561955.0,0.1633,-0.2323,-0.0611,-0.137,0.4588,-6.8511,-2.97428660536e-05,1.81,0.6162,1784561822.0,12.533765532144786,81.95569962182604,83.91451068616423,0.15175,0.00948866814261782,0.0053828152680381585,0.010885458976441997,0.01124289195775785,0.009969128976441997,0.01032656195775785
1784566874.6625504,BTC,BUY,1,3,0,66.0,True,65439.5,1.6,1.4,3.0,trend,2.1,123928,"('BTC', 'BUY', 123928)",6.8439e-06,2616730611.0,-0.0004281346,1.17,1784566801.0,0.1529,-0.0207,-0.2435,-0.2418,0.0178,-4.6623,1.66828732027e-05,1.19,0.5233,1784566322.0,4.900376952073236,37.964458804523424,1.346045989904655,0.1574,0.01945534344140604,-0.006827489054016345,-0.005187998074557387,-0.0032625554901856146,-0.006103288074557387,-0.004177845490185615
1784566874.6625504,ETH,BUY,1,2,0,80.0,True,1899.0,1.7,1.7,1.6,trend,2.1,123928,"('ETH', 'BUY', 123928)",1.25e-05,1902302235.0,0.0,2.03,1784566801.0,0.5261,0.0824,-0.0036,0.0426,0.4223,-5.4181,-7.2582658268e-06,1.41,0.6313,1784566322.0,8.010752688172044,49.40860215053763,26.528323051037578,0.5586,0.02109015079589026,-0.0003729246224924451,-0.0007898894154818592,0.00263296471827279,-0.0017424994154818592,0.00168035471827279
1784566874.6625504,SOL,BUY,1,3,0,65.0,True,77.54,1.9,2.2,1.7,trend,2.1,123928,"('SOL', 'BUY', 123928)",1.25e-05,356766837.0,-0.00045328,2.09,1784566801.0,0.1289,0.057,0.0372,-0.0229,0.01,-6.4425,1.65029812296e-05,2.36,0.7507,1784566322.0,29.316837009144702,46.58418504572351,64.61020751542344,0.129,0.02769203343540424,0.01906319175557915,0.0008124838792880062,0.003507866907402457,-0.00010040612071199372,0.002594976907402457
1784566874.6625504,XRP,BUY,1,3,0,77.7,True,1.11,1.7,1.6,2.6,trend,2.1,123928,"('XRP', 'BUY', 123928)",1.25e-05,107562046.0,-0.0001798561,5.17,1784566801.0,0.8996,-0.0442,-0.0092,0.1562,0.7565,-3.5968,7.0366658418e-05,2.77,1.0024,1784566322.0,40.10810810810811,73.89189189189189,34.604598990465504,0.9105,0.023179521822398363,0.031544225706329664,0.0055855855855855285,0.0018918918918919836,0.004595625585585529,0.0009019318918919836
1784566874.6625504,HYPE,BUY,1,2,0,81.0,True,62.16,2.1,2.4,3.4,trend,2.1,123928,"('HYPE', 'BUY', 123928)",1.25e-05,1391604524.0,-6.43708e-05,5.57,1784566801.0,1.7715,-0.0104,-0.1596,-0.1046,0.9984,-4.6666,-3.11967316356e-05,1.77,0.9904,1784566322.0,12.5,75.16163793103449,82.22097588334269,0.1518,0.007219231956359611,0.01589772050338567,-0.00268661518661506,0.004617117117117209,-0.00376376518661506,0.003539967117117209
1784655981.0152721,BTC,BUY,1,1,0,47.0,True,66391.5,-0.4,1.3,0.6,trend,-2.2,123934,"('BTC', 'BUY', 123934)",-2.6706e-06,2421264773.0,-0.0005206954,1.0,1784655975.0,0.1506,0.2408,0.1005,0.179,0.0235,-4.1535,-1.75021660661e-05,1.01,0.4182,1784655421.0,1.539250897896357,31.349409953822473,0.0,0.1569,-0.025576293633387526,-0.07254798748107649,-0.00026358795930203627,0.003035027074248964,-0.0011786479593020364,0.0021199670742489637
1784655981.0152721,ETH,BUY,1,2,0,53.0,True,1925.2,-0.3,0.9,1.9,trend,-2.2,123934,"('ETH', 'BUY', 123934)",1.25e-05,1927112941.0,-0.0001559333,2.53,1784655975.0,0.5199,0.1078,0.1315,0.1064,0.9979,-3.9507,2.04821901493e-05,1.14,0.8583,1784655421.0,7.684426229508197,70.64549180327869,7.704569606801276,0.55755,-0.01004468767792322,0.012648048409289913,-0.001402451693330642,0.006856430500727262,-0.0023544416933306417,0.005904440500727262
1784655981.0152721,SOL,BUY,1,1,1,64.0,True,77.87,-0.3,0.2,1.6,trend,-2.2,123934,"('SOL', 'BUY', 123934)",1.25e-05,361050812.0,-0.0004106513,3.61,1784655975.0,0.1283,0.207,-0.0393,0.0546,0.4024,-5.1315,6.40634553779e-05,2.18,0.3458,1784655421.0,31.163505894413124,90.31266017426961,50.79702444208289,0.1289,-0.005704845464918192,0.01208838961637042,-8.989341209719726e-05,0.007576730448182634,-0.0010027234120971971,0.006663900448182634
1784655981.0152721,XRP,BUY,1,2,0,59.5,True,1.16,0.1,3.7,2.2,trend,-2.2,123934,"('XRP', 'BUY', 123934)",3.3737e-06,99065941.0,-0.0004346692,1.35,1784655975.0,0.8693,0.1978,0.0193,-0.0732,0.9979,-6.0817,5.39300986397e-05,2.32,1.646,1784655421.0,17.4562306900103,0.0,0.8501594048884166,0.9094,-0.00680204555228846,-0.08114684176525018,-0.009999999999999898,-0.012586206896551655,-0.010986929999999898,-0.013573136896551655
1784655981.0152721,HYPE,SELL,-1,2,0,71.0,True,60.38,-2.2,-2.5,1.2,trend,-2.2,123934,"('HYPE', 'SELL', 123934)",1.25e-05,1348842986.0,-0.0005606624,6.27,1784655975.0,0.163,-0.027,0.1006,0.0796,0.0004,-5.0471,7.4815749721e-05,1.56,0.184,1784655421.0,12.378017462763227,80.73959938366718,72.74176408076515,0.15284999999999999,-0.006885876899982205,-0.031620287361025214,-0.00036435905929121937,-0.012255713812520552,-0.0012806590592912195,-0.013172013812520552
1784690246.7152016,BTC,BUY,1,2,0,49.0,True,66263.5,-0.2,1.1,0.3,trend,-0.4,123936,"('BTC', 'BUY', 123936)",1.25e-05,2411558512.0,-0.0003769829,1.15,1784689392.0,0.1508,0.0166,0.1514,0.0732,0.2825,-5.2597,4.12773250386e-05,1.01,1.3609,1784689622.0,13.004032258064516,39.516129032258064,1.0416666666666665,0.1568,-0.003040832343365669,-0.02580315264943882,-0.004655655074060405,-0.005455492088404679,-0.005570735074060406,-0.006370572088404679
1784690246.7152016,ETH,BUY,1,2,0,60.5,True,1930.7,-0.1,0.2,0.4,trend,-0.4,123936,"('ETH', 'BUY', 123936)",1.25e-05,1959166805.0,-0.0002022937,2.35,1784689392.0,0.5181,-0.002,-0.0253,0.0496,0.2302,-6.0094,-5.07688940282e-05,1.19,1.7807,1784689622.0,7.549068948163059,67.03573225968798,13.229166666666666,0.5572,-0.0017253613744340319,0.02372166097734809,-0.006059978246231945,-0.003418449267105217,-0.007011788246231945,-0.004370259267105217
1784690246.7152016,SOL,BUY,1,2,0,49.0,True,78.01,-0.3,-0.2,0.7,trend,-0.4,123936,"('SOL', 'BUY', 123936)",2.9707e-06,368634793.0,-0.0004692393,3.31,1784689392.0,0.128,-0.0433,0.0399,0.0628,0.8904,-5.1164,3.48626680928e-05,2.16,2.0676,1784689622.0,11.983887210473315,87.26082578046325,49.010416666666664,0.1288,-0.0034822790457282446,0.029133220457994536,-0.008075887706704421,-0.006358159210357761,-0.008988687706704421,-0.007270959210357761
1784690246.7152016,XRP,BUY,1,2,0,53.0,True,1.14,-0.4,1.3,0.2,trend,-0.4,123936,"('XRP', 'BUY', 123936)",4.2089e-06,96223346.0,-0.0003498644,1.18,1784689392.0,0.8755,-0.43,0.0739,0.0888,0.0931,-4.376,0.0001,2.32,3.8653,1784689622.0,19.575113808801213,0.15174506828528073,2.1354166666666665,0.909,-0.0021943701744678488,-0.16268573196225902,-0.0061403508771928905,-0.004999999999999893,-0.007127900877192891,-0.005987549999999894
1784690246.7152016,HYPE,SELL,-1,2,0,58.0,True,60.69,-0.1,-3.1,0.2,trend,-0.4,123936,"('HYPE', 'SELL', 123936)",2.7187e-06,1342843029.0,-0.0009381944,4.29,1784689392.0,0.1646,-0.1368,-0.1201,-0.1998,0.9333,-4.934,-7.91114917023e-05,1.56,1.1803,1784689622.0,8.829465186680121,51.41271442986882,71.66666666666667,0.15355,-0.0027725828673365468,-0.030276329662738258,0.02751688910858452,0.02891744933267415,0.026600429108584518,0.02800098933267415
1784738735.9746485,BTC,BUY,1,1,1,61.0,True,65957.5,0.3,-0.8,2.2,range,-1.4,123940,"('BTC', 'BUY', 123940)",1.25e-05,2462450762.0,-0.0003150083,1.31,1784737863.0,0.1516,0.2685,0.0329,0.0017,0.7232,-4.8028,3.8125609796e-06,1.26,0.3503,1784738222.0,13.274336283185843,52.8023598820059,22.593718338399192,0.1567,0.015269741240001035,-0.011861262690065329,-0.0007808058219307412,0.0019482242353030532,-0.0016959658219307411,0.0010330642353030533
1784738735.9746485,ETH,BUY,1,3,0,71.7,True,1939.2,0.3,0.7,4.2,range,-1.4,123940,"('ETH', 'BUY', 123940)",1.25e-05,2066452789.0,-0.0003090553,2.86,1784737863.0,1.5456,0.0006,0.2483,0.1307,0.008,-4.4299,-1.87923231753e-05,1.1,0.7059,1784738222.0,7.363770250368189,75.89592538046146,3.900709219858156,0.5567,0.008142250666640939,0.05547968325710634,-0.007683580858085848,-0.0029909240924091973,-0.008738140858085847,-0.004045484092409197
1784738735.9746485,SOL,BUY,1,2,0,76.5,True,78.17,0.4,,4.3,range,-1.4,123940,"('SOL', 'BUY', 123940)",4.9565e-06,365099586.0,-0.0004973855,2.56,1784737863.0,0.1278,-0.1078,0.1382,-0.0025,0.7446,-5.1086,6.5580525727e-05,2.12,0.7254,1784738222.0,16.846758349705304,69.30255402750491,44.42755825734549,0.1288,-0.011081718153609196,0.005791201339061951,-0.006856850454138419,-0.003159779966739107,-0.007769630454138419,-0.004072559966739107
1784738735.9746485,XRP,BUY,1,2,0,76.5,True,1.15,0.5,-0.2,1.1,range,-1.4,123940,"('XRP', 'BUY', 123940)",5.1572e-06,95869532.0,-0.0004336871,2.74,1784737863.0,0.871,-0.1243,0.0887,0.0979,0.2123,-4.3524,4.15443792041e-05,2.39,1.6184,1784738222.0,22.74296990626542,39.81253083374445,7.3961499493414395,0.9082,0.007894606699879375,-0.041990710452245145,-0.011130434782608667,-0.0074782608695651565,-0.012117534782608666,-0.008465360869565156
1784738735.9746485,HYPE,SELL,-1,1,0,65.0,True,57.64,-1.4,-6.8,1.4,range,-1.4,123940,"('HYPE', 'SELL', 123940)",-3.62179e-05,1305615230.0,-0.0006852752,3.1,1784737863.0,0.1728,-0.4463,0.0408,-0.0073,0.9656,-8.2879,1.12874906537e-05,1.73,1.0636,1784738222.0,0.19685039370078738,20.12795275590551,82.01621073961499,0.1543,-0.011388084288117164,-0.03861006155630063,-0.02649201943095081,-0.029424011103400316,-0.027409299430950808,-0.030341291103400315
1784820311.142342,BTC,SELL,-1,2,0,68.5,True,64771.5,-0.1,-1.9,2.0,range,-1.1,123945,"('BTC', 'SELL', 123945)",1.25e-05,2420098800.0,-0.0003283171,1.2,1784820222.0,0.1543,-0.0866,0.0871,0.1918,0.7825,-4.8883,2.97675021832e-05,1.51,0.7906,1784820122.0,14.548889938592346,43.41048653755314,66.97336561743342,0.1565,0.01967292509095858,-0.005798023981984264,0.0017831916815266302,-0.005750986159035909,0.0008677616815266303,-0.006666416159035909
1784820311.142342,ETH,SELL,-1,2,1,75.7,True,1883.2,-0.8,-3.0,1.5,range,-1.1,123945,"('ETH', 'SELL', 123945)",1.25e-05,1936153345.0,-0.0004169107,1.94,1784820222.0,0.5292,0.073,-0.009,0.0907,0.9251,-5.2383,-2.14898442413e-05,1.44,0.4872,1784820122.0,8.671065032987748,39.20829406220547,39.66101694915255,0.5559,-0.014724225494379198,-0.05136570872487301,0.003026762956669482,0.0006372132540357622,0.002073842956669482,-0.00031570674596423777
1784820311.142342,SOL,SELL,-1,2,1,67.5,True,75.81,-1.1,-3.3,1.7,range,-1.1,123945,"('SOL', 'SELL', 123945)",-4.143e-07,354436655.0,-0.0006019761,2.96,1784820222.0,0.1315,0.0648,-0.0452,0.1533,0.9927,-6.5712,-1.89250758045e-05,2.35,0.4825,1784820122.0,9.806694955209807,79.53795379537954,68.57142857142857,0.1288,-0.006649864250068823,-0.03649910608922926,0.002704128742909928,-0.0023479752011608124,0.0017909787429099282,-0.003261125201160812
1784820311.142342,XRP,SELL,-1,2,0,66.0,True,1.11,-0.5,-3.9,2.1,range,-1.1,123945,"('XRP', 'SELL', 123945)",4.9516e-06,87547332.0,-0.000630858,3.7,1784820222.0,0.9045,-0.1434,-0.0557,0.15,0.497,-6.3274,5.38998734514e-05,2.62,1.0156,1784820122.0,24.763257575757574,62.83143939393939,26.779661016949152,0.9065,-0.0209304497225475,-0.07685666600447172,0.006846846846846888,0.0003603603603604677,0.005856396846846888,-0.0006300896396395322
1784820311.142342,HYPE,BUY,1,2,1,54.7,True,59.71,1.0,2.9,2.2,range,-1.1,123945,"('HYPE', 'BUY', 123945)",1.25e-05,1359331089.0,0.0002392557,4.0,1784820222.0,0.5027,0.1493,0.1162,0.0461,0.1682,-7.5345,2.17077639746e-05,1.48,1.251,1784820122.0,15.210203117619272,48.03967879074161,63.922518159806295,0.1569,0.009167125230936263,0.03303963661456053,-0.02485345838218056,-0.03506950259588015,-0.02580372838218056,-0.036019772595880156
1784825866.4021916,BTC,SELL,-1,2,0,68.5,True,64757.5,-0.2,-2.2,1.5,range,-2.3,123946,"('BTC', 'SELL', 123946)",1.25e-05,2435365923.0,-0.0005554013,1.25,1784825068.0,0.1544,0.1418,0.174,0.2112,0.9239,-4.1066,3.60132672636e-05,1.56,0.9613,1784825521.0,14.514608859566447,47.502356267672006,75.18107194591984,0.1565,0.01014892165639188,-0.010999139320049478,-0.0011813303478360737,-0.004810253638574791,-0.0020967703478360737,-0.005725693638574791
1784825866.4021916,ETH,SELL,-1,2,1,75.7,True,1888.7,-0.4,-3.1,1.7,range,-2.3,123946,"('ETH', 'SELL', 123946)",1.25e-05,1916242347.0,-0.0003178976,2.07,1784825068.0,0.5297,0.0586,0.1233,0.1393,0.03,-3.2306,1.58655732232e-05,1.51,0.6575,1784825521.0,8.838740009402915,47.62576398683592,57.411878319652345,0.55585,-0.0003504465807517033,-0.07268999456440038,0.00725366654312487,0.0058241118229469535,0.00630069654312487,0.0048711418229469535
1784825866.4021916,SOL,SELL,-1,2,1,67.5,True,76.05,-0.4,-3.2,3.2,range,-2.3,123946,"('SOL', 'SELL', 123946)",-5.6318e-06,351993137.0,-0.0004870344,3.2,1784825068.0,0.1316,-0.0484,0.0848,0.0024,0.9996,-6.5755,-8.834093449e-06,2.4,0.266,1784825521.0,4.51552210724365,85.9360301034807,72.28392081120232,0.1288,0.004688002728420471,-0.03589828502298,0.004326101249178094,0.0027350427350426587,0.0034129412491780936,0.0018218827350426586
1784825866.4021916,XRP,SELL,-1,2,0,61.0,True,1.11,-0.1,-3.8,2.4,range,-2.3,123946,"('XRP', 'SELL', 123946)",8.0124e-06,86166346.0,-0.000631769,3.45,1784825068.0,0.9018,0.1607,0.1371,0.0226,0.0,-5.4083,3.86358523762e-05,2.63,0.8819,1784825521.0,33.20736891828059,58.52621634388285,27.6195074843071,0.9063,0.0015748884147463507,-0.10121240604366359,0.005495495495495439,0.0025225225225226078,0.004505315495495439,0.0015323425225226078
1784825866.4021916,HYPE,BUY,1,1,1,66.5,True,58.46,-2.3,0.4,0.9,range,-2.3,123946,"('HYPE', 'BUY', 123946)",1.25e-05,1335861277.0,-0.0003140783,4.28,1784825068.0,0.1708,-0.5849,-0.0387,-0.1046,0.0716,-2.7294,6.56788375164e-05,1.44,0.3063,1784825521.0,15.174363807728557,54.194156456173424,63.013037180106224,0.157,-0.014269309926720786,0.02316612605690882,-0.008980499486828553,-0.01763599042080055,-0.009897579486828553,-0.018553070420800552
1784863533.9021182,BTC,SELL,-1,1,0,35.0,True,65131.5,0.1,-0.8,,trend,-0.3,123948,"('BTC', 'SELL', 123948)",9.1224e-06,2446768496.0,-0.0005388595,1.49,1784862880.0,0.1534,0.2922,-0.025,-0.0661,0.0935,-5.3357,-3.42786986622e-05,1.58,1.1563,1784863322.0,11.707542804257288,71.95742711707543,75.95835305253195,0.1564,0.0023923264491416915,0.004964122561209558,-0.002387477641387026,0.0006525260434658842,-0.0033028176413870255,-0.0002628139565341158
1784863533.9021182,ETH,SELL,-1,1,0,55.0,True,1872.8,0.0,-2.4,0.4,trend,-0.3,123948,"('ETH', 'SELL', 123948)",1.25e-05,1924225056.0,-0.0003216641,2.26,1784862880.0,0.5335,-0.0479,-0.0217,-0.0918,0.9894,-4.4803,-2.93676553845e-05,1.64,0.9738,1784863322.0,9.09510618651893,62.78855032317636,69.71131093232371,0.5556,-0.005749025610692689,-0.033251226690474936,-0.00395130286202483,-0.007689021785561856,-0.004904652862024831,-0.008642371785561856
1784863533.9021182,SOL,SELL,-1,3,0,68.0,True,75.8,0.2,-2.3,1.2,trend,-0.3,123948,"('SOL', 'SELL', 123948)",-1.11521e-05,348954462.0,-0.0007142212,3.44,1784862880.0,0.1321,-0.095,-0.2011,-0.1231,0.9944,-6.6033,1.1021651141e-06,2.47,1.6321,1784863322.0,0.8314087759815243,87.75981524249423,79.46048272598202,0.1289,-0.00896636687006959,-0.04099835831846254,0.0009630606860157043,0.002968337730870685,4.985068601570425e-05,0.0020551277308706846
1784863533.9021182,XRP,SELL,-1,1,0,40.0,True,1.11,-0.0,-2.2,0.4,trend,-0.3,123948,"('XRP', 'SELL', 123948)",5.787e-06,88401260.0,-0.00040689,3.25,1784862880.0,0.9019,-0.0098,-0.1459,-0.0044,0.9357,-7.2111,3.76212480659e-05,2.72,1.4518,1784863322.0,27.690166975881265,53.849721706864564,35.39990534784666,0.9058,-0.004420961126864085,-0.053502259929222036,0.00045045045045055687,0.0018918918918918726,-0.0005397395495494431,0.0009017018918918726
1784863533.9021182,HYPE,SELL,-1,2,0,63.0,True,57.82,-0.3,-2.1,0.5,trend,-0.3,123948,"('HYPE', 'SELL', 123948)",1.449e-07,1307973137.0,-0.0005673862,4.73,1784862880.0,0.1731,-0.0733,0.2928,-0.0092,0.3411,-8.4719,1.883947036e-05,1.57,0.5632,1784863322.0,7.681628875520592,61.499305876908835,70.51585423568386,0.1575,-0.00785291368590003,-0.028142256230108707,-0.009581459702525219,-0.016897267381528858,-0.010498769702525218,-0.01781457738152886
1784931329.3544915,BTC,SELL,-1,1,0,55.0,True,64120.5,-0.0,-1.6,0.4,range,-2.3,123953,"('BTC', 'SELL', 123953)",1.25e-05,2436747633.0,-0.0002946776,1.11,1784931217.0,0.156,0.1598,0.1043,0.1735,0.9578,-4.5365,2.83221845915e-05,1.83,0.7657,1784930822.0,15.188172043010754,33.82616487455197,98.35466179159049,0.1564,-0.0018487859332953045,-0.023391183963161172,0.0011306836347190208,-0.0004600712720581601,0.00021508363471902086,-0.00137567127205816
1784931329.3544915,ETH,SELL,-1,2,0,61.6,True,1856.2,-0.2,-1.4,0.2,range,-2.3,123953,"('ETH', 'SELL', 123953)",3.3416e-06,1920271683.0,-0.0004842094,2.39,1784931217.0,0.5382,-0.098,-0.035,-0.0058,0.1277,-5.165,5.9613193454e-06,1.85,2.1751,1784930822.0,2.592758158247653,68.39517210549843,88.02011888431642,0.5544,-0.008046172641122685,-0.0033750775376722732,-0.0016700786553172087,-0.0021549402004095164,-0.002623898655317209,-0.0031087602004095166
1784931329.3544915,SOL,SELL,-1,1,0,55.0,True,73.71,-0.0,-3.2,,range,-2.3,123953,"('SOL', 'SELL', 123953)",-1.82154e-05,327698176.0,-0.0006372449,2.31,1784931217.0,0.1356,-0.0135,-0.0607,-0.0301,0.1881,-6.7778,6.6824389247e-06,2.78,0.5746,1784930822.0,0.6708407871198568,51.699463327370296,99.9542961608775,0.129,-0.0010466084098315035,-0.07087692770967458,-0.005087505087504995,-0.007393840727174084,-0.006001065087504995,-0.008307400727174084
1784931329.3544915,XRP,SELL,-1,1,0,55.0,True,1.09,-0.0,-2.0,0.8,range,-2.3,123953,"('XRP', 'SELL', 123953)",-8.2216e-06,84938947.0,-0.0006822246,3.56,1784931217.0,0.9174,-0.4164,0.0046,0.0731,0.0,-8.2531,-2.00165918977e-05,3.04,4.1601,1784930822.0,4.806828391734052,61.904761904761905,94.10420475319927,0.9059,0.00012083078879650615,-0.041882709152524934,-0.0028440366972475317,-0.002477064220183456,-0.003835776697247532,-0.003468804220183456
1784931329.3544915,HYPE,SELL,-1,2,1,72.7,True,56.63,-2.3,-1.6,4.2,range,-2.3,123953,"('HYPE', 'SELL', 123953)",1.25e-05,1285333211.0,-0.0001788329,6.27,1784931217.0,0.1754,-0.4287,-0.2258,0.1885,0.2915,-1.577,3.55292155676e-05,1.56,0.9742,1784930822.0,15.412186379928317,82.61648745519713,68.09872029250457,0.1583,-0.01643252534614597,-0.01776009913230651,-0.012413914886102662,-0.013526399434928393,-0.013331454886102661,-0.014443939434928393
1785005022.5085337,BTC,BUY,1,1,1,65.5,True,64404.5,0.3,0.2,1.1,range,0.9,123958,"('BTC', 'BUY', 123958)",1.25e-05,2391358916.0,-0.0003387144,3.01,1785004890.0,0.1554,-0.0276,-0.1984,-0.108,0.075,-4.6454,3.16764457568e-05,1.75,0.7242,1785004622.0,15.684575389948009,92.93760831889082,94.18502202643172,0.1563,0.00675409728108229,-0.014323066317455809,-0.0013430738535350484,0.00048909625880178,-0.0022586138535350482,-0.00042644374119821997
1785005022.5085337,ETH,BUY,1,1,0,65.0,True,1874.5,0.4,0.7,2.3,range,0.9,123958,"('ETH', 'BUY', 123958)",9.3991e-06,1920925407.0,-0.0004482056,7.69,1785004890.0,0.5339,0.0766,-0.0325,-0.0152,0.9954,-4.2694,3.59202043117e-05,1.88,0.813,1785004622.0,8.214440121054906,99.82706441850411,89.86337593653592,0.5528,-0.0011138257736201024,-0.011099374408600562,-0.0014403841024273056,0.001600426780474784,-0.0023937741024273058,0.0006470367804747841
1785005022.5085337,SOL,BUY,1,2,1,63.3,True,74.58,0.4,0.9,0.9,range,0.9,123958,"('SOL', 'BUY', 123958)",-6.2355e-06,324686946.0,-0.0005365526,4.8,1785004890.0,0.1343,-0.0047,0.0986,-0.0333,0.2763,-5.3677,8.1516638575e-06,2.92,0.8139,1785004622.0,6.877162629757786,96.06401384083046,99.91189427312776,0.1291,0.0003527255505512527,-0.003785809080868169,-0.0021051220166263818,0.002695092518101516,-0.0030185520166263816,0.0017816625181015162
1785005022.5085337,XRP,BUY,1,2,1,70.4,True,1.1,-0.0,1.4,2.5,range,0.9,123958,"('XRP', 'BUY', 123958)",-9.8232e-06,85238372.0,-0.0008158825,5.24,1785004890.0,0.9073,0.1269,0.0741,0.0413,0.699,-7.2543,2.10699752858e-05,3.27,0.8525,1785004622.0,4.691572545612511,79.01824500434404,99.95594713656388,0.90715,0.008739073259015236,-0.0005716220422674823,-0.00081818181818194,-0.001000000000000112,-0.00180891181818194,-0.001990730000000112
1785005022.5085337,HYPE,BUY,1,2,1,56.0,True,58.42,0.9,-0.3,2.7,range,0.9,123958,"('HYPE', 'BUY', 123958)",1.25e-05,1325284523.0,-0.0003254874,8.13,1785004890.0,0.1713,0.4255,0.0507,0.0616,0.6708,-5.4774,-1.83166681893e-05,1.67,0.8389,1785004622.0,15.857885615251298,94.23743500866551,80.88105726872247,0.15925,0.008375499755265406,0.0035282657645449235,-0.006384799726121271,-0.0011126326600480185,-0.007301929726121271,-0.0020297626600480185
1785010987.7662818,BTC,BUY,1,1,0,65.0,True,64356.5,-0.1,0.3,0.8,range,-0.8,123959,"('BTC', 'BUY', 123959)",1.25e-05,2410046012.0,-0.0002328759,3.21,1785010706.0,0.1554,0.0654,-0.1227,-0.0759,0.0423,-3.931,4.13387760662e-05,1.74,0.4695,1785010922.0,15.643906655142612,95.85133967156439,92.97321036451471,0.1563,0.006074762983935296,-0.020457700301084784,0.0005205379410004873,0.0021676132170020956,-0.0003950020589995126,0.0012520732170020958
1785010987.7662818,ETH,BUY,1,1,0,42.0,True,1873.2,-0.1,0.7,,range,-0.8,123959,"('ETH', 'BUY', 123959)",1.25e-05,1919583370.0,-0.0004797953,7.61,1785010706.0,0.5339,0.0666,0.0536,0.021,0.2423,-4.5356,3.40306567671e-05,1.87,0.4828,1785010922.0,11.815437688658905,99.52565761103924,88.09314586994728,0.55265,0.0016555198615947626,-0.009629863047324104,0.0010676916506513479,0.0037369207772794955,0.00011430165065134793,0.0027835307772794953
1785010987.7662818,SOL,BUY,1,2,1,64.0,True,74.47,-0.2,1.0,1.2,range,-0.8,123959,"('SOL', 'BUY', 123959)",5.9771e-06,317439251.0,-0.0004423296,4.42,1785010706.0,0.1343,-0.2813,-0.03,0.0846,0.0605,-5.3706,3.3020517772e-06,2.92,1.1426,1785010922.0,27.0060396893874,95.55651423641069,99.60474308300395,0.1291,-0.014132547626425183,-0.030233201970517994,-1.34282261313734e-05,0.005317577548005881,-0.0009268582261313734,0.004404147548005881
1785010987.7662818,XRP,BUY,1,2,1,72.7,True,1.1,-0.3,0.9,1.6,range,-0.8,123959,"('XRP', 'BUY', 123959)",-4.1331e-06,84972792.0,-0.0005414756,5.45,1785010706.0,0.9098,0.1057,0.1319,0.1374,0.7116,-6.3642,1.10088193976e-05,3.21,1.9096,1785010922.0,11.481802426343155,80.84922010398613,99.16556873078612,0.9072,-0.004075152595825579,-0.001306133944952209,-9.090909090903043e-05,-9.090909090903043e-05,-0.0010818890909090305,-0.0010818890909090305
1785010987.7662818,HYPE,BUY,1,2,1,60.0,True,57.88,-0.8,-0.1,1.4,range,-0.8,123959,"('HYPE', 'BUY', 123959)",1.4697e-06,1314806673.0,0.0,8.35,1785010706.0,0.1722,-0.344,0.2231,0.0367,0.615,-6.1907,-5.936706937e-07,1.67,0.3287,1785010922.0,8.210890233362143,95.24632670700086,80.67632850241546,0.1594,-0.00734882330554234,0.004230578624220606,0.004060124395300679,0.011040082930200423,0.0031429043953006795,0.010122862930200423
1785068622.023693,BTC,BUY,1,1,0,47.0,True,64478.5,-0.0,0.6,0.4,range,-0.3,123963,"('BTC', 'BUY', 123963)",6.1565e-06,2375840224.0,-0.0004805233,5.44,1785068249.0,0.1548,0.0978,-0.1697,-0.1733,0.0,-4.936,1.08697234738e-05,1.72,2.6749,1785068522.0,8.466722830665544,100.0,88.33831695856472,0.1563,-0.0005153964309071342,0.013160042976294932,0.003171599835604111,0.003590344068177709,0.002256119835604111,0.002674864068177709
1785068622.023693,ETH,BUY,1,2,0,66.5,True,1890.5,0.3,1.7,1.5,range,-0.3,123963,"('ETH', 'BUY', 123963)",1.25e-05,1944056627.0,-0.0003179987,8.14,1785068249.0,0.5292,0.0635,0.0853,0.0545,0.0539,-5.0256,9.4354508885e-06,1.68,1.9715,1785068522.0,12.400168137873056,97.94031105506515,67.73504273504274,0.55045,-0.0003348297410235116,0.02675679854169205,0.0038614123247817655,0.012430573922242782,0.0029084923247817657,0.011477653922242783
1785068622.023693,SOL,BUY,1,1,1,77.5,True,74.98,-0.2,1.4,4.6,range,-0.3,123963,"('SOL', 'BUY', 123963)",1.25e-05,319113423.0,-0.0005070385,3.85,1785068249.0,0.1332,0.0293,0.0032,0.0081,0.1978,-5.3248,3.45554802203e-05,2.82,3.5081,1785068522.0,41.58957106812448,89.65517241379311,96.24092268261427,0.1292,0.011047765273516868,-0.012589471419233703,0.0004534542544678555,0.005334755934915947,-0.00045986574553214454,0.004421435934915946
1785068622.023693,XRP,SELL,-1,1,0,41.0,True,1.1,-0.0,0.9,0.5,range,-0.3,123963,"('XRP', 'SELL', 123963)",1.20498e-05,86453973.0,-0.0004089236,6.32,1785068249.0,0.9072,-0.107,0.0182,-0.0825,0.7689,-4.5343,-6.40292065094e-05,3.07,0.7379,1785068522.0,49.17617237008872,88.25517532741868,91.71294318667236,0.9079,0.0006744780044090388,0.029414626608286715,0.0009090909090909705,-0.0020909090909091432,-8.16290909090296e-05,-0.0030816290909091433
1785068622.023693,HYPE,BUY,1,1,0,60.0,True,58.55,-0.3,1.8,0.4,range,-0.3,123963,"('HYPE', 'BUY', 123963)",-5.427e-07,1323973367.0,-0.000648265,13.29,1785068249.0,0.1706,0.3857,-0.0214,-0.0724,0.9902,-4.4298,-5.42291796442e-05,1.64,1.4429,1785068522.0,7.371524852569503,99.70513900589722,75.82229816317813,0.1601,-0.002645402198974137,0.013027066310098553,0.002459436379163238,0.007361229718189755,0.001542376379163238,0.006444169718189755
1785139526.9914193,BTC,BUY,1,3,0,58.6,True,65282.5,-0.2,1.5,1.5,range,-0.2,123968,"('BTC', 'BUY', 123968)",3.472e-06,2385165488.0,-0.0004660224,2.63,1785138649.0,0.1532,0.1322,-0.0087,-0.008,0.5404,-4.0881,4.51503588028e-05,1.58,0.3231,1785138722.0,6.497752349816101,84.38904781364937,67.92062835882597,0.1562,0.0021685001489543435,0.006699646365971101,0.00032933787768540945,-0.00942825412629722,-0.0005859821223145905,-0.01034357412629722
1785139526.9914193,ETH,BUY,1,2,0,65.0,True,1967.8,0.1,4.6,1.5,range,-0.2,123968,"('ETH', 'BUY', 123968)",1.25e-05,2131219901.0,-0.0001978601,3.07,1785138649.0,0.5083,-0.3297,0.0997,0.1104,0.0127,-4.6752,2.84542403287e-05,1.18,0.9206,1785138722.0,12.194127243066884,76.5089722675367,10.959470636889991,0.5484,0.0009793245654202915,0.1094855322188633,-0.00045736355320658006,-0.01844699664600058,-0.00140819355320658,-0.01939782664600058
1785139526.9914193,SOL,BUY,1,1,0,57.0,True,76.53,-0.0,2.3,0.9,range,-0.2,123968,"('SOL', 'BUY', 123968)",1.25e-05,334650913.0,-0.0002870938,2.57,1785138649.0,0.1307,-0.1371,0.0086,0.033,0.6628,-6.5334,0.0001,2.57,0.441,1785138722.0,41.86046511627907,61.89310485516116,75.40305911533692,0.1294,-0.004398914468440109,0.057123483525515426,0.0006925388736442883,-0.01426891415131315,-0.00022053112635571164,-0.01518198415131315
1785139526.9914193,XRP,BUY,1,2,0,69.0,True,1.11,-0.2,0.9,0.6,range,-0.2,123968,"('XRP', 'BUY', 123968)",7.864e-06,88340321.0,-0.000287258,5.36,1785138649.0,0.9023,0.0982,0.1428,0.1545,0.7947,-6.3131,4.17568013612e-05,3.18,0.6767,1785138722.0,38.84331419196062,76.16899097621001,97.76767259198016,0.9076,-0.0015668471849249032,0.03965077605341079,-0.0024324324324325186,-0.018018018018018056,-0.0034226624324325185,-0.019008248018018058
1785139526.9914193,HYPE,BUY,1,1,0,65.0,True,60.02,-0.1,2.5,0.8,range,-0.2,123968,"('HYPE', 'BUY', 123968)",1.25e-05,1344484155.0,-0.0004653187,9.96,1785138649.0,0.1666,-0.113,-0.1269,0.001,1.0,-4.3287,1.5086740755e-06,1.62,0.5721,1785138722.0,18.226399673069064,94.93257049448303,70.85572550640761,0.1612,-0.0025142094434283456,0.012505529751723119,0.005498167277574018,-0.03073975341552826,0.004581507277574018,-0.03165641341552826
1785189529.5090027,BTC,BUY,1,2,0,53.0,True,64779.5,-0.3,-0.1,0.4,trend,-0.9,123971,"('BTC', 'BUY', 123971)",-7.0563e-06,2404152610.0,-0.0006105119,1.35,1785189136.0,0.1543,-0.1797,0.0637,0.0039,0.001,-3.5622,5.06287059293e-05,1.54,1.4542,1785189122.0,0.6802721088435374,54.94197679071628,61.494949494949495,0.1561,-0.0023501275762348303,0.004349073451753082,-0.02050803109008248,-0.02234503199314597,-0.021423461090082477,-0.023260461993145968
1785189529.5090027,ETH,BUY,1,2,0,57.0,True,1940.7,-0.3,0.8,0.2,trend,-0.9,123971,"('ETH', 'BUY', 123971)",1.25e-05,2088381470.0,-0.0003597122,2.1,1785189136.0,0.515,0.0561,0.052,0.0304,0.9906,-4.427,8.6536690312e-06,1.28,1.2957,1785189122.0,12.539936102236421,43.25079872204473,22.514147130153596,0.5468,0.001973254237043234,0.027417742233660378,-0.0322048745298088,-0.03215334673056114,-0.0331563745298088,-0.03310484673056114
1785189529.5090027,SOL,SELL,-1,1,0,47.0,True,75.52,-0.6,-0.1,0.6,trend,-0.9,123971,"('SOL', 'SELL', 123971)",-1.9007e-06,324726364.0,-0.0005416832,2.05,1785189136.0,0.1324,-0.0056,0.0242,-0.0284,0.0473,-6.6155,-4.6708760951e-05,2.53,1.9582,1785189122.0,13.423891330403514,34.03915301638034,72.80808080808082,0.1295,-0.010639406144468806,0.004570387042600235,0.024337923728813493,0.03138241525423713,0.023424683728813494,0.03046917525423713
1785189529.5090027,XRP,SELL,-1,2,0,63.0,True,1.09,-0.4,-1.5,,trend,-0.9,123971,"('XRP', 'SELL', 123971)",-5.3333e-06,87875573.0,-0.0006601666,3.61,1785189136.0,0.9201,0.0532,0.021,0.1225,0.5842,-6.4356,-2.56799662371e-05,3.02,1.4068,1785189122.0,9.959839357429718,56.666666666666664,82.38383838383838,0.9076,0.000734314976973524,0.025472393103675148,0.029357798165137616,0.031284403669724736,0.028365788165137615,0.030292393669724735
1785189529.5090027,HYPE,SELL,-1,2,0,58.0,True,56.77,-0.9,-3.9,0.6,trend,-0.9,123971,"('HYPE', 'SELL', 123971)",1.25e-05,1287878102.0,0.0,4.55,1785189136.0,0.1759,0.325,0.097,-0.1634,0.9896,-4.5706,0.0001,1.77,1.4276,1785189122.0,17.92717086834734,50.98039215686274,86.82828282828284,0.1632,-0.0037886448308683796,-0.023198923240038624,0.010692267042452075,0.010234278668310726,0.009774677042452076,0.009316688668310726
1785196578.0808084,SOL,BUY,1,1,1,72.0,True,73.98,-2.1,-3.6,1.8,trend,-2.6,123971,"('SOL', 'BUY', 123971)",-1.96797e-05,318431400.0,-0.0005650478,2.13,1785195921.0,0.1348,-0.0529,0.0473,0.0141,0.0002,-6.7376,-1.34299524984e-05,2.64,0.9148,1785196322.0,0.9960159362549801,38.12749003984064,80.58799838904551,0.1295,-0.015182306882021017,-0.05117276919833644,-0.00888077858880798,-0.0077723709110570915,-0.00979425858880798,-0.008685850911057091
1785197463.5225825,BTC,BUY,1,1,1,72.5,True,63707.5,-0.1,-2.1,2.4,trend,-0.6,123972,"('BTC', 'BUY', 123972)",1.25e-05,2333928739.0,-0.0005640335,1.18,1785196891.0,0.1569,-0.1283,-0.113,0.0669,0.9094,-4.9096,2.489294039e-05,1.65,2.6343,1785197222.0,19.94415636218588,36.53769445552453,81.64251207729468,0.1561,-0.02513567836793514,-0.023715349989669326,-0.008609661342856012,-0.0013577679237138929,-0.009525351342856012,-0.0022734579237138927
1785197463.5225825,ETH,BUY,1,2,1,53.4,True,1888.0,-0.2,-2.8,1.7,trend,-0.6,123972,"('ETH', 'BUY', 123972)",-7.3857e-06,1957732911.0,-0.0005813032,1.89,1785196891.0,0.5295,-0.0907,-0.0949,0.0188,1.0,-4.4979,5.5621320866e-06,1.47,1.1693,1785197222.0,0.15923566878980894,30.931528662420384,44.05960531614982,0.5465,-0.04693821508106908,-0.05105903274392735,-0.006779661016949157,-0.00010593220338983578,-0.007732611016949157,-0.0010588822033898357
1785197463.5225825,SOL,BUY,1,1,1,72.0,True,73.98,-0.1,-3.1,1.5,trend,-0.6,123972,"('SOL', 'BUY', 123972)",-1.7872e-05,317394505.0,-0.0007539041,2.15,1785196891.0,0.135,0.0275,-0.1611,-0.0165,0.0049,-8.0928,-1.59729018569e-05,2.66,1.8964,1785197222.0,1.2345679012345678,38.59020310633214,82.4476650563607,0.1295,-0.0159948771570795,-0.043986856959186534,-0.00888077858880798,-0.0077723709110570915,-0.00979427858880798,-0.008685870911057091
1785197463.5225825,XRP,SELL,-1,1,0,65.0,True,1.07,-0.0,-3.9,,trend,-0.6,123972,"('XRP', 'SELL', 123972)",-1.88414e-05,85031920.0,-0.000516335,2.8,1785196891.0,0.9393,-0.0972,-0.0786,-0.12,0.4059,-7.5075,-4.47792692293e-05,3.14,1.2407,1785197222.0,1.4011208967173738,34.22738190552442,93.96135265700482,0.9076,-0.02865463525582835,-0.029989032039435832,0.012429906542056113,0.00981308411214954,0.011435976542056112,0.008819154112149539
1785197463.5225825,HYPE,SELL,-1,1,0,60.0,True,55.84,-0.6,-5.9,2.0,trend,-0.6,123972,"('HYPE', 'SELL', 123972)",1.25e-05,1270280524.0,0.0,4.14,1785196891.0,0.1787,0.0736,-0.0123,0.1251,0.9366,-3.9269,0.0001,1.77,1.8517,1785197222.0,17.869964100518548,42.99960111687275,86.79549114331722,0.1634,-0.00479093140875391,-0.04653418867110612,0.0010924068767907968,0.006823065902578751,0.00017453687679079685,0.005905195902578751
1785200907.1163435,BTC,SELL,-1,2,0,66.0,True,63353.5,-0.6,-2.8,1.3,trend,-0.8,123972,"('BTC', 'SELL', 123972)",1.25e-05,2332448075.0,-0.0003924524,1.14,1785200768.0,0.1576,0.2093,0.1838,0.1008,0.0,-4.8816,1.81920090232e-05,1.64,0.7437,1785200822.0,19.952210274790918,32.2978892871366,80.2652733118971,0.1561,-0.0006344084012755284,-0.015123338427789011,0.0005287789940571219,-0.0019967326193501833,-0.000386981005942878,-0.002912492619350183
1785201675.4778347,ETH,SELL,-1,2,1,65.7,True,1873.0,-1.0,-3.8,,trend,-1.4,123972,"('ETH', 'SELL', 123972)",-5.8574e-06,1945204477.0,-0.0007103327,1.9,1785200768.0,0.5328,-0.0077,0.0568,0.1114,0.9666,-4.4185,6.7580321881e-06,1.52,0.9576,1785200822.0,0.3179650238473768,31.63751987281399,53.839967832730196,0.5463,-0.00639946027857321,-0.05177999024509455,-0.004004271222637579,-0.0052856380138814885,-0.004957551222637579,-0.006238918013881488
1785201675.4778347,SOL,SELL,-1,3,0,71.7,True,73.15,-1.4,-4.4,1.6,trend,-1.4,123972,"('SOL', 'SELL', 123972)",-2.8521e-05,324322732.0,-0.0007162646,2.06,1785200768.0,0.1357,-0.0907,0.0373,0.0414,0.386,-8.1356,-3.15824634776e-05,2.63,0.5473,1785200822.0,0.039761431411530816,34.11530815109344,79.2604501607717,0.1295,0.02182844028758469,-0.015564608340251418,-0.0010389610389609505,-0.0013943950786055037,-0.0019525310389609503,-0.0023079650786055035
1785218964.8579807,BTC,SELL,-1,1,0,65.0,True,63484.5,0.3,-3.0,0.3,trend,-2.0,123973,"('BTC', 'SELL', 123973)",1.25e-05,2312678847.0,-0.0003624844,0.99,1785218473.0,0.1575,-0.0631,-0.0047,-0.0431,0.0019,-4.534,-3.29293327323e-05,1.81,0.6438,1785218822.0,20.086990905496243,24.001581652827205,96.77033492822966,0.1562,-0.005254561262577987,-0.034770405939714394,0.0012995298064881755,-0.000921484771873482,0.0003837798064881755,-0.0018372347718734819
1785218964.8579807,ETH,SELL,-1,1,0,60.0,True,1884.8,0.2,-4.1,0.3,trend,-2.0,123973,"('ETH', 'SELL', 123973)",8.9983e-06,1953003892.0,-0.0005629733,1.92,1785218473.0,0.5302,-0.0946,-0.0135,-0.0251,0.8755,-5.2989,-3.905958723e-07,1.77,0.8795,1785218822.0,8.760852407261247,33.03078137332281,76.22656561627443,0.545,0.0024474497832098273,-0.05825433289555042,0.0007958404074702718,-0.003607809847198551,-0.0001571795925297281,-0.004560829847198551
1785218964.8579807,SOL,SELL,-1,2,0,66.5,True,73.21,-0.0,-4.4,0.3,trend,-2.0,123973,"('SOL', 'SELL', 123973)",-2.10701e-05,321687079.0,-0.0006960082,1.95,1785218473.0,0.1363,-0.1429,-0.111,-0.1669,0.9232,-6.8129,-0.0001034016207618,2.78,0.5107,1785218822.0,1.6186340307935254,31.34622976707461,93.22169059011163,0.1295,-0.001308812999032106,-0.03364455504229783,-0.001475208304876352,-0.001871329053408033,-0.002388838304876352,-0.002784959053408033
1785218964.8579807,XRP,SELL,-1,1,0,55.0,True,1.06,0.0,-4.7,0.5,trend,-2.0,123973,"('XRP', 'SELL', 123973)",-2.20022e-05,83797641.0,-0.0006069533,2.47,1785218473.0,0.9446,-0.2854,-0.137,-0.1066,0.6756,-8.4962,-0.0001247371991559,3.22,0.1916,1785218822.0,0.8333333333333334,24.126984126984127,99.16267942583733,0.908,0.0036900181163961776,-0.054524714020651385,0.004056603773584855,0.006320754716981236,0.003062143773584855,0.005326294716981236
1785218964.8579807,HYPE,SELL,-1,2,0,58.0,True,55.0,-2.0,-8.5,0.2,trend,-2.0,123973,"('HYPE', 'SELL', 123973)",1.25e-05,1271838528.0,-0.0003196193,3.92,1785217504.0,0.1803,0.7501,0.1682,0.2183,0.9982,-3.0609,-1.07316836706e-05,1.85,1.636,1785218822.0,17.72151898734177,38.96360759493671,90.03189792663477,0.1636,0.0027772184688366858,-0.05891284898088321,-0.0037818181818181085,0.013090909090909042,-0.004699848181818109,0.012172879090909042
1785226902.4944654,BTC,SELL,-1,1,0,55.0,True,63498.5,-0.2,-2.5,0.2,trend,-0.5,123974,"('BTC', 'SELL', 123974)",1.25e-05,2319291922.0,-0.0004724856,1.02,1785226219.0,0.1576,-0.0462,0.1327,-0.0289,0.9905,-6.0005,-1.53708631899e-05,1.8,0.477,1785226022.0,20.023649980291683,25.975561687031927,96.18441971383149,0.1562,-0.0005868652104133103,-0.020830505074250848,0.0007480491665157185,0.0015512177453010922,-0.00016771083348428144,0.0006354577453010923
1785226902.4944654,ETH,SELL,-1,1,0,50.0,True,1883.0,-0.3,-4.2,0.7,trend,-0.5,123974,"('ETH', 'SELL', 123974)",4.671e-07,1955862073.0,-0.0004990338,2.03,1785226219.0,0.5314,0.021,0.0502,0.0702,0.7163,-6.055,-9.7871194366e-06,1.75,0.6592,1785226022.0,1.8095987411487018,38.74901652242329,75.2286282306163,0.5448,-0.0004706009964558476,-0.07802186991879569,0.0028146574614975606,-0.0026553372278279586,0.0018615174614975607,-0.0036084772278279584
1785226902.4944654,SOL,SELL,-1,1,0,55.0,True,73.31,-0.1,-3.9,0.3,trend,-0.5,123974,"('SOL', 'SELL', 123974)",-8.209e-06,319164535.0,-0.0006417696,2.0,1785226219.0,0.1367,0.0366,-0.0055,-0.0492,0.0069,-6.8287,-8.46020370959e-05,2.78,0.4014,1785226022.0,5.9818968909878,33.09720582447856,92.9650238473768,0.1295,-0.007401443759429724,-0.04336361868520494,0.0027417814759242987,-0.0009821306779429495,0.0018281114759242986,-0.0018958006779429496
1785226902.4944654,XRP,SELL,-1,1,0,55.0,True,1.06,-0.4,-4.6,0.8,trend,-0.5,123974,"('XRP', 'SELL', 123974)",-1.63587e-05,78479413.0,-0.0006941071,1.98,1785226219.0,0.9476,0.1717,-0.0076,-0.0119,0.7589,-8.5219,-0.0001388721583101,3.25,1.0018,1785226022.0,2.8876582278481013,14.042721518987342,99.76152623211448,0.9081,-0.0033833660722060502,-0.109853830735489,0.004905660377358623,0.00584905660377355,0.003910900377358623,0.00485429660377355
1785226902.4944654,HYPE,SELL,-1,2,0,71.5,True,55.18,-0.5,-8.3,0.3,trend,-0.5,123974,"('HYPE', 'SELL', 123974)",1.25e-05,1249923047.0,-2.7266e-05,3.44,1785226219.0,0.1812,0.4643,-0.1338,-0.046,0.4574,-4.7026,4.02529551721e-05,1.82,0.598,1785226022.0,17.665615141955836,26.813880126182966,88.23529411764706,0.16365000000000002,-0.006188819368895071,-0.07003254162422698,0.009967379485320671,0.006270387821674439,0.009049259485320671,0.005352267821674439
1785240671.6146808,BTC,SELL,-1,1,0,55.0,True,63411.5,-0.1,-2.5,0.5,range,-0.6,123975,"('BTC', 'SELL', 123975)",1.25e-05,2322943705.0,-0.0003403687,1.02,1785239789.0,0.1575,-0.0281,0.0298,-0.0856,1.0,-5.3227,-1.89322155786e-05,1.75,2.3058,1785240423.0,19.9921599372795,25.833006664053315,91.15323854660348,0.1562,0.0073360538079142775,-0.02837630762041397,0.00018135511697403572,-0.004565417944694561,-0.0007343948830259643,-0.005481167944694561
1785240671.6146808,ETH,SELL,-1,1,0,55.0,True,1874.2,-0.2,-4.2,,range,-0.6,123975,"('ETH', 'SELL', 123975)",-5.742e-07,1949729875.0,-0.0007144609,1.96,1785239789.0,0.533,0.0087,0.0357,0.0005,0.2222,-5.1677,-1.40763527917e-05,1.78,0.9016,1785240423.0,1.5649452269170578,34.82003129890454,76.72856578427499,0.5441,-0.0031162638820509737,-0.08502520910738108,-0.0073631416070856215,-0.01904812720093907,-0.008316441607085622,-0.02000142720093907
1785240671.6146808,SOL,SELL,-1,1,0,55.0,True,73.09,-0.0,-4.9,1.2,range,-0.6,123975,"('SOL', 'SELL', 123975)",-1.37023e-05,319704579.0,-0.0004926445,1.95,1785239789.0,0.1367,-0.0551,-0.1329,-0.1127,0.6426,-5.4652,-2.72452561334e-05,2.78,1.6197,1785240423.0,3.1702544031311155,31.07632093933464,92.81200631911533,0.1296,0.005588497691803272,-0.049771116858868286,-0.0039950745656041065,-0.010220276371596615,-0.0049087445656041066,-0.011133946371596615
1785240671.6146808,XRP,SELL,-1,2,0,82.5,True,1.05,-0.6,-5.1,0.9,range,-0.6,123975,"('XRP', 'SELL', 123975)",-1.78426e-05,78606660.0,-0.0006391648,1.88,1785239789.0,0.9535,0.0662,0.1418,0.0073,0.2254,-6.6692,-0.000107475750499,3.24,2.8356,1785240423.0,2.6357199055861527,9.520062942564909,99.21011058451816,0.9084,0.002701093800633072,-0.11720816771111596,-0.003619047619047633,-0.006857142857142673,-0.004614397619047633,-0.007852492857142672
1785240671.6146808,HYPE,SELL,-1,1,0,65.0,True,54.36,-0.5,-9.0,1.4,range,-0.6,123975,"('HYPE', 'SELL', 123975)",1.25e-05,1238643146.0,9.1958e-06,3.24,1785239789.0,1.2853,0.0418,0.2801,0.4061,0.0306,-1.8339,0.0001,1.8,1.8896,1785240423.0,17.568627450980394,20.235294117647058,86.84834123222748,0.16385,-0.011499103466663297,-0.07675388402432139,-0.008719646799117076,-0.013079470198675391,-0.009748176799117075,-0.014108000198675391
1785348955.4604504,BTC,BUY,1,1,1,61.0,True,64035.5,0.4,0.5,1.8,trend,1.1,123982,"('BTC', 'BUY', 123982)",1.25e-05,2320016535.0,-0.0004237215,1.43,1785348735.0,0.1562,0.0293,0.0017,-0.0519,0.0587,-3.887,0.0001,1.53,2.3105,1785348423.0,21.39097744360902,65.82706766917293,57.42835595776772,0.1562,0.012189740342089727,0.010190709475065216,-0.008409397912095606,-0.005614073443636736,-0.009325017912095607,-0.0065296934436367355
1785348955.4604504,ETH,SELL,-1,2,0,68.5,True,1903.7,0.5,-0.3,2.7,trend,1.1,123982,"('ETH', 'SELL', 123982)",1.25e-05,1857443068.0,-0.0003680724,2.92,1785348735.0,0.5252,0.0228,-0.0864,-0.0493,0.805,-3.9892,2.1291652267e-05,1.64,1.3715,1785348423.0,17.073170731707318,76.21013133208255,65.56016597510373,0.5421,0.0038495971984211525,-0.04980667861188276,0.010663444870515293,0.0031517571045858173,0.009710924870515293,0.002199237104585817
1785348955.4604504,SOL,SELL,-1,3,0,70.0,True,74.02,1.1,0.2,2.8,trend,1.1,123982,"('SOL', 'SELL', 123982)",1.25e-05,334102782.0,-0.0005028961,1.92,1785348735.0,0.1362,0.2206,0.0141,-0.22,0.3741,-5.4451,-6.9991809497e-06,2.78,1.4377,1785348423.0,45.75825825825826,30.067567567567565,91.66666666666666,0.1299,0.06567518722969283,0.05001004399628019,0.01908943528775997,0.010186436098351681,0.01817581528775997,0.00927281609835168
1785348955.4604504,XRP,BUY,1,1,1,38.0,True,1.08,0.5,1.7,2.0,trend,1.1,123982,"('XRP', 'BUY', 123982)",1.25e-05,76260722.0,-0.0002447459,2.17,1785348735.0,0.9298,0.085,-0.0248,0.0081,0.9386,-6.5074,6.43903134793e-05,3.0,0.4092,1785348423.0,53.26291965296115,20.74688796680498,75.03770739064856,0.9092,0.007982721970372118,0.008671943851814506,-0.013425925925926063,-0.009629629629629544,-0.014418905925926064,-0.010622609629629545
1785348955.4604504,HYPE,SELL,-1,2,1,62.3,True,54.9,0.3,-0.3,0.9,trend,1.1,123982,"('HYPE', 'SELL', 123982)",1.25e-05,1228341261.0,-0.0004537994,5.59,1785348735.0,0.1825,0.179,-0.2077,-0.0161,0.3311,-6.1961,5.69066194006e-05,2.0,1.4982,1785348423.0,17.48777735990974,70.32719067318541,93.89140271493213,0.1645,0.00465603539586534,-0.018423251449544098,0.02489981785063744,0.0175956284153006,0.02398156785063744,0.016677378415300603
1785351137.565719,ETH,BUY,1,1,0,38.0,True,1920.0,1.3,0.5,2.7,trend,1.7,123982,"('ETH', 'BUY', 123982)",1.25e-05,1864169838.0,-0.000481091,2.49,1785350674.0,0.5251,-0.3458,-0.0881,-0.0933,0.0794,-5.6162,2.83960281927e-05,1.6,0.7281,1785351125.0,16.99812382739212,66.19136960600375,61.37905048982668,0.5421,0.003063693524502517,-0.04879801177872243,-0.011822916666666683,-0.002083333333333326,-0.012775426666666683,-0.003035843333333326
1785352073.65902,SOL,BUY,1,2,1,52.0,True,74.23,0.4,-0.1,3.4,trend,0.7,123982,"('SOL', 'BUY', 123982)",8.5004e-06,333979059.0,-0.0005223091,1.76,1785351245.0,0.1345,-0.4405,-0.2806,-0.1395,0.9413,-5.3814,1.50855041888e-05,2.71,0.9426,1785352023.0,36.8993993993994,25.262762762762765,84.11144578313254,0.1299,-0.0017691881212721326,0.036636828401587544,-0.01444160043109255,-0.003219722484170906,-0.015355050431092549,-0.004133172484170906
1785354880.5500805,HYPE,BUY,1,2,1,60.3,True,53.4,-2.8,-3.6,2.4,trend,-2.8,123982,"('HYPE', 'BUY', 123982)",1.25e-05,1223482845.0,-1.65072e-05,5.49,1785354153.0,0.1866,0.7873,0.0201,0.1424,0.9892,-6.1501,5.45298052621e-05,2.08,0.6797,1785354723.0,17.63820985332832,69.12373072583678,97.96916133884919,0.1646,-0.013020443492958252,-0.025167017225957836,0.007097378277153732,0.007659176029962467,0.006178718277153732,0.006740516029962467
1785357631.3893728,BTC,SELL,-1,2,0,69.6,True,63666.5,-1.3,-0.3,2.8,range,-3.1,123983,"('BTC', 'SELL', 123983)",-6.369e-07,2223070131.0,0.0,1.02,1785357061.0,0.1571,-0.0012,-0.0251,0.065,0.9922,-4.9298,0.0001,1.49,1.188,1785357424.0,3.1578947368421053,24.32330827067669,50.30052592036063,0.1562,-0.03551776606132008,-0.03450393031843025,-0.00464137340673676,-0.0074057785491585815,-0.00555708340673676,-0.008321488549158582
1785357631.3893728,ETH,BUY,1,1,0,35.0,True,1889.7,-1.5,-1.5,3.2,range,-3.1,123983,"('ETH', 'BUY', 123983)",1.6563e-06,1825963319.0,-0.0001590415,1.86,1785357061.0,0.5292,0.1287,-0.0717,0.0027,0.9667,-4.1784,2.67507233623e-05,1.58,1.447,1785357424.0,4.090056285178236,31.21951219512195,59.939872228485534,0.5421,-0.045954218493386455,-0.059160325653865135,0.010742445890882024,0.010266179816902143,0.009789525890882025,0.009313259816902144
1785357631.3893728,SOL,SELL,-1,2,0,78.5,True,72.76,-1.9,-1.7,1.4,range,-3.1,123983,"('SOL', 'SELL', 123983)",7.9224e-06,328726401.0,-0.0005499416,1.54,1785357061.0,0.1369,-0.0974,-0.0083,-0.1227,0.5396,-5.4742,2.73352794103e-05,2.75,1.1174,1785357424.0,35.43543543543544,19.96996996996997,87.41547708489857,0.1299,-0.013318861451327766,0.01632593234788367,-0.012135788894997113,-0.012589334799340213,-0.013049478894997113,-0.013503024799340213
1785357631.3893728,XRP,BUY,1,1,1,59.0,True,1.06,-2.0,0.1,1.2,range,-3.1,123983,"('XRP', 'BUY', 123983)",9.6244e-06,76128607.0,-0.0004692192,1.91,1785357061.0,0.9351,0.0839,-0.1068,-0.0246,0.936,-6.5439,4.04205647249e-05,3.04,4.0893,1785357424.0,45.115050924179556,13.579781214635986,80.69120961682945,0.9093,-0.0101726675055324,-0.004428836139405425,0.012452830188679043,0.013679245283018782,0.011459320188679043,0.012685735283018782
1785357631.3893728,HYPE,SELL,-1,4,0,83.2,True,53.48,-3.1,-3.5,5.1,range,-3.1,123983,"('HYPE', 'SELL', 123983)",1.25e-05,1214334712.0,0.0,4.49,1785357061.0,0.1864,0.2626,-0.1076,-0.2074,0.0549,-4.8421,6.18718461866e-05,2.03,0.6509,1785357424.0,17.63820985332832,52.049642722828125,95.49211119459054,0.1646,-0.022258625615218304,-0.028175892820809536,-0.007161555721765245,-0.010228122662677697,-0.008080195721765245,-0.011146762662677697
1785359554.4710953,XRP,SELL,-1,3,0,68.0,True,1.07,-0.4,-0.2,1.2,range,0.8,123983,"('XRP', 'SELL', 123983)",1.05314e-05,75909801.0,-0.0004203136,1.87,1785358999.0,0.9387,0.6931,0.3831,0.336,1.0,-5.6306,3.45766937428e-05,3.07,0.5429,1785359223.0,47.30290456431535,11.20331950207469,83.93393393393393,0.90935,-0.0023017042823962265,-0.005934785248546878,-0.0029906542056072905,-0.004205607476635453,-0.0039845242056072904,-0.005199477476635453
1785406513.9376032,BTC,BUY,1,1,0,47.0,True,64541.5,0.4,0.2,0.5,range,0.4,123986,"('BTC', 'BUY', 123986)",1.23387e-05,2202080860.0,-0.0005107331,0.95,1785406111.0,0.1549,-0.0978,-0.0319,-0.0867,0.3923,-4.3662,7.96580293621e-05,1.52,0.6316,1785406022.0,20.75187969924812,20.48872180451128,54.74963181148749,0.1562,0.0019368320278509066,-0.057909628805710635,0.0054306144108828835,0.003834741987713386,0.004515124410882884,0.0029192519877133862
1785406513.9376032,ETH,BUY,1,1,0,47.0,True,1917.0,0.1,0.3,,range,0.4,123986,"('ETH', 'BUY', 123986)",1.25e-05,1864037932.0,-0.0003700017,1.74,1785406111.0,0.5213,-0.0433,-0.0115,-0.0137,0.791,-5.2626,6.2166392064e-06,1.42,0.9454,1785406022.0,16.77298311444653,23.151969981238274,32.59668508287293,0.5419,0.015388874316242725,-0.025447493366523643,0.00391236306729259,0.0007303077725613338,0.0029602330672925904,-0.0002218222274386661
1785406513.9376032,SOL,BUY,1,2,1,53.3,True,74.01,0.3,0.2,0.7,range,0.4,123986,"('SOL', 'BUY', 123986)",9.2843e-06,329628674.0,-0.0004723347,1.81,1785406111.0,0.1351,0.3013,0.0406,0.0361,0.0163,-6.7504,-3.51897971097e-05,2.64,0.3214,1785406022.0,39.71471471471472,26.238738738738736,74.59499263622975,0.1301,0.028934158206203854,-0.004646266987550942,0.0050398594784486495,0.007390893122551034,0.004126349478448649,0.006477383122551034
1785406513.9376032,XRP,BUY,1,1,0,52.0,True,1.08,0.3,-0.5,0.5,range,0.4,123986,"('XRP', 'BUY', 123986)",1.25e-05,74672861.0,-0.0003701647,2.04,1785406111.0,0.9255,-0.0976,0.008,0.0077,0.5069,-6.4761,4.42984086103e-05,3.04,0.338,1785406022.0,51.35746606334841,20.248868778280542,80.04418262150222,0.9097,-0.00031892982023137736,-0.04860437571453068,0.002962962962962834,0.008796296296296191,0.001970412962962834,0.007803746296296191
1785406513.9376032,HYPE,SELL,-1,2,0,46.5,True,54.01,0.2,-1.3,0.2,range,0.4,123986,"('HYPE', 'SELL', 123986)",1.25e-05,1204952199.0,-0.0001980539,4.59,1785406111.0,0.1853,0.1187,0.0045,0.0072,0.0082,-4.0711,8.07267307577e-05,2.15,1.0771,1785406022.0,18.007518796992482,53.383458646616546,98.04860088365243,0.1649,0.0016499141955970834,-0.021152035282011105,0.015015737826328479,-0.014997222736530258,0.014097207826328478,-0.01591575273653026
1785431372.4601278,BTC,BUY,1,1,0,65.0,True,64801.5,0.2,1.6,1.1,range,2.1,123988,"('BTC', 'BUY', 123988)",-3.4148e-06,2241788256.0,-0.0004901976,0.97,1785430765.0,0.1544,-0.0529,0.0082,-0.0842,0.9895,-3.81,7.13204343035e-05,1.26,1.1309,1785431222.0,1.954152574220218,20.81924088688463,16.72740524781341,0.1562,-0.0021974919421139036,-0.016055474473755726,-0.0005015316003487147,-0.0007330077235866428,-0.0014169716003487147,-0.0016484477235866428
1785431372.4601278,ETH,BUY,1,2,0,65.5,True,1918.3,0.1,1.2,1.6,range,2.1,123988,"('ETH', 'BUY', 123988)",-9.1062e-06,1900536783.0,-0.0005202102,1.64,1785430765.0,0.5213,-0.0739,-0.1278,-0.0321,1.0,-4.324,1.87707039577e-05,1.38,2.9559,1785431222.0,0.30007501875468867,16.616654163540886,30.36820998906307,0.5415,0.015319003314393852,0.02455823518509675,0.00208517958609189,-0.00036490642756614733,0.00113304958609189,-0.0013170364275661471
1785431372.4601278,SOL,BUY,1,1,0,60.0,True,74.59,,1.9,1.5,range,2.1,123988,"('SOL', 'BUY', 123988)",1.06045e-05,328743906.0,-0.0003748578,1.83,1785430765.0,0.1341,0.0531,-0.0111,-0.0613,1.0,-5.3619,2.27535131168e-05,2.51,1.7067,1785431222.0,43.71482176360225,26.82926829268293,64.32215743440233,0.1302,-0.001710945805145493,0.04554405305733673,0.0023595656254189468,-0.0014881351387585617,0.0014461556254189468,-0.0024015451387585617
1785431372.4601278,XRP,BUY,1,2,1,72.3,True,1.09,0.3,1.9,1.4,range,2.1,123988,"('XRP', 'BUY', 123988)",1.25e-05,74100129.0,-0.000444797,2.55,1785430765.0,0.9179,-0.3564,-0.036,0.0963,0.0591,-5.5046,5.10803010443e-05,3.01,1.1567,1785431222.0,50.3957783641161,34.300791556728235,74.96355685131195,0.9099,-0.005034115790060953,-0.022640383977940888,-0.0006422018348625214,-0.007339449541284404,-0.0016339918348625213,-0.008331239541284403
1785431372.4601278,HYPE,BUY,1,1,1,63.5,True,54.86,2.1,0.2,1.8,range,2.1,123988,"('HYPE', 'BUY', 123988)",1.25e-05,1218009787.0,0.0,3.81,1785430765.0,0.9124,0.0931,0.0379,-0.0507,0.9789,-6.3808,9.4765010787e-06,2.32,1.7682,1785431222.0,18.22623074032319,34.19767004885381,99.70845481049562,0.1651,0.014632096820601482,-0.007787988714997112,0.009132336857455403,0.017499088589135958,0.008141096857455402,0.016507848589135957
