t_ms,o,h,l,c,v
1773486000000,0.09952,0.10023,0.09942,0.10014,195348.4
1773489600000,0.10009,0.10018,0.09962,0.10002,220130.5
1773493200000,0.09997,0.10078,0.09992,0.10077,329918.1
1773496800000,0.10075,0.10077,0.10002,0.1002,130583.9
1773500400000,0.10014,0.10037,0.09996,0.10036,136647.9
1773504000000,0.10034,0.10068,0.09996,0.10065,146101.0
1773507600000,0.10065,0.10067,0.10023,0.10036,46706.9
1773511200000,0.10031,0.10058,0.10015,0.10044,117071.4
1773514800000,0.10034,0.10044,0.10014,0.10014,138894.3
1773518400000,0.10017,0.10017,0.09976,0.1001,557771.1
1773522000000,0.09999,0.10024,0.0999,0.10022,160974.9
1773525600000,0.10021,0.10034,0.10002,0.10011,84337.8
1773529200000,0.10013,0.10117,0.10013,0.10092,348608.9
1773532800000,0.10095,0.1011,0.10036,0.10036,390787.3
1773536400000,0.10042,0.1012,0.10013,0.1012,199475.0
1773540000000,0.1012,0.10284,0.1012,0.10248,673826.5
1773543600000,0.10251,0.10277,0.10156,0.10194,344258.7
1773547200000,0.10196,0.10241,0.10143,0.10169,243351.9
1773550800000,0.10177,0.10224,0.10151,0.1016,226214.3
1773554400000,0.10165,0.10184,0.1012,0.10134,168149.9
1773558000000,0.10139,0.1018,0.10122,0.10171,168940.1
1773561600000,0.10179,0.10196,0.10161,0.10182,341204.5
1773565200000,0.10176,0.10227,0.10161,0.10173,303662.8
1773568800000,0.10173,0.10258,0.10166,0.10236,366297.2
1773572400000,0.10235,0.1026,0.10209,0.10228,204020.8
1773576000000,0.10239,0.1032,0.10228,0.10249,600153.4
1773579600000,0.10251,0.1026,0.1011,0.10181,425711.2
1773583200000,0.10183,0.10208,0.10111,0.10165,174045.1
1773586800000,0.10165,0.10171,0.10112,0.10122,85378.5
1773590400000,0.10125,0.10189,0.10121,0.10125,327864.6
1773594000000,0.1013,0.10263,0.1013,0.10219,417352.7
1773597600000,0.10228,0.10235,0.10139,0.10155,1440121.2
1773601200000,0.10156,0.1025,0.10156,0.10245,110302.2
1773604800000,0.10245,0.10315,0.10204,0.10266,2698324.2999999998
1773608400000,0.10271,0.10352,0.10245,0.10329,1622242.3999999999
1773612000000,0.10333,0.10455,0.1024,0.10428,2866921.8999999999
1773615600000,0.10423,0.10441,0.103,0.10385,1458752.8
1773619200000,0.10387,0.10427,0.10319,0.10395,513187.3
1773622800000,0.10394,0.10431,0.10333,0.10415,372275.9
1773626400000,0.10415,0.10438,0.10353,0.10417,141888.7
1773630000000,0.10412,0.10725,0.10387,0.10603,5601833.2000000002
1773633600000,0.10603,0.10796,0.10603,0.1074,1054991.2
1773637200000,0.10744,0.10866,0.10718,0.10847,812884.0
1773640800000,0.10855,0.10873,0.10748,0.10836,588807.8
1773644400000,0.10838,0.10915,0.10828,0.10867,393024.6
1773648000000,0.10888,0.10997,0.10774,0.10812,1307850.3
1773651600000,0.10812,0.10869,0.10806,0.10825,275507.4
1773655200000,0.10819,0.10837,0.10724,0.10795,702855.1
1773658800000,0.10795,0.10817,0.10729,0.10735,465162.0
1773662400000,0.10735,0.10782,0.10709,0.10766,379716.0
1773666000000,0.10767,0.10841,0.10719,0.10763,800244.8
1773669600000,0.10765,0.1083,0.10636,0.10775,2836311.5
1773673200000,0.10782,0.10792,0.10648,0.10671,2401429.8999999999
1773676800000,0.10668,0.10897,0.10663,0.10862,1312662.8999999999
1773680400000,0.1086,0.1094,0.10859,0.10906,332107.7
1773684000000,0.10905,0.10998,0.10878,0.10878,904062.5
1773687600000,0.10877,0.10993,0.10853,0.10906,432965.9
1773691200000,0.10902,0.10989,0.10883,0.10966,275610.4
1773694800000,0.10973,0.11108,0.1095,0.11031,821068.6
1773698400000,0.11042,0.11144,0.11041,0.111,978548.4
1773702000000,0.11096,0.11098,0.1098,0.1104,915783.4
1773705600000,0.1104,0.11121,0.10993,0.11087,481892.9
1773709200000,0.11098,0.111,0.10974,0.11016,566797.2
1773712800000,0.11016,0.11057,0.10958,0.10958,196092.7
1773716400000,0.10966,0.10992,0.10806,0.10868,397202.0
1773720000000,0.10879,0.1089,0.10688,0.10761,560909.3
1773723600000,0.10756,0.10788,0.10698,0.10749,207852.0
1773727200000,0.10752,0.10809,0.10704,0.10776,613597.0
1773730800000,0.10777,0.10889,0.10777,0.10846,210979.9
1773734400000,0.10845,0.1088,0.10823,0.10846,353934.8
1773738000000,0.10839,0.10879,0.10816,0.10848,283154.0
1773741600000,0.10848,0.10849,0.10804,0.10848,290020.4
1773745200000,0.10853,0.10908,0.10775,0.10786,451367.8
1773748800000,0.10793,0.10802,0.10692,0.10719,522336.7
1773752400000,0.10719,0.10784,0.10666,0.10726,382923.7
1773756000000,0.10713,0.10898,0.10687,0.10827,1026514.0
1773759600000,0.10829,0.10888,0.10677,0.10764,464780.9
1773763200000,0.1076,0.10829,0.10755,0.10778,295814.3
1773766800000,0.10781,0.10875,0.10765,0.10868,170312.4
1773770400000,0.10862,0.10893,0.10819,0.10859,661649.1
1773774000000,0.10861,0.1087,0.10792,0.10799,195563.1
1773777600000,0.10798,0.10865,0.10788,0.10854,218723.5
1773781200000,0.10854,0.10908,0.10848,0.10882,225449.2
1773784800000,0.1088,0.10917,0.1078,0.10847,293514.8
1773788400000,0.10847,0.10855,0.10778,0.10783,76975.3
1773792000000,0.10785,0.10809,0.10724,0.10776,388331.1
1773795600000,0.10778,0.10823,0.10773,0.10773,213618.8
1773799200000,0.10777,0.10863,0.10775,0.10837,502448.3
1773802800000,0.10845,0.10926,0.10831,0.10864,194791.3
1773806400000,0.10868,0.10868,0.10785,0.10817,136994.1
1773810000000,0.10823,0.10922,0.10791,0.10805,249804.1
1773813600000,0.10822,0.10857,0.10783,0.10783,65812.3
1773817200000,0.10782,0.10794,0.10734,0.10785,208402.6
1773820800000,0.10794,0.10826,0.10772,0.10778,277259.8
1773824400000,0.10775,0.10829,0.1076,0.10784,109354.0
1773828000000,0.10785,0.10796,0.10694,0.10742,155942.4
1773831600000,0.10742,0.10777,0.10471,0.10504,1413862.7
1773835200000,0.10485,0.10492,0.1028,0.10309,1109298.8
1773838800000,0.10308,0.10371,0.10258,0.10314,365783.5
1773842400000,0.10315,0.10326,0.10081,0.10099,1633018.6000000001
1773846000000,0.10107,0.10171,0.10014,0.10144,348756.2
1773849600000,0.10134,0.10139,0.10051,0.10101,695529.1
1773853200000,0.10099,0.10207,0.10056,0.10166,591039.2
1773856800000,0.10176,0.10275,0.10129,0.1014,703718.7
1773860400000,0.10173,0.10249,0.10165,0.10173,480818.9
1773864000000,0.10171,0.10241,0.10082,0.10229,576672.3
1773867600000,0.10221,0.10301,0.10212,0.10283,351933.7
1773871200000,0.10283,0.10283,0.10232,0.10248,271913.4
1773874800000,0.10247,0.10298,0.10227,0.10287,282573.7
1773878400000,0.10291,0.10298,0.10238,0.10241,235786.9
1773882000000,0.10244,0.10259,0.10223,0.10238,237407.1
1773885600000,0.10232,0.10246,0.10185,0.10214,354263.0
1773889200000,0.10215,0.10381,0.10207,0.10279,168714.0
1773892800000,0.10268,0.10283,0.10221,0.10228,303836.8
1773896400000,0.10217,0.1023,0.10151,0.10177,490703.1
1773900000000,0.10182,0.10207,0.1011,0.10165,312398.4
1773903600000,0.10166,0.10172,0.09987,0.10055,732835.2
1773907200000,0.10059,0.10085,0.09998,0.10039,1803058.1000000001
1773910800000,0.1004,0.1014,0.10033,0.10118,878472.0
1773914400000,0.10119,0.10126,0.1004,0.10043,195711.8
1773918000000,0.10041,0.10073,0.10033,0.10047,558210.5
1773921600000,0.10038,0.10039,0.09879,0.09896,539672.0
1773925200000,0.09892,0.09955,0.09818,0.09921,1066518.1000000001
1773928800000,0.09931,0.09962,0.09815,0.09897,464484.6
1773932400000,0.09877,0.09911,0.0977,0.09865,989200.3
1773936000000,0.09856,0.09856,0.09795,0.09816,796214.5
1773939600000,0.09815,0.09904,0.09777,0.09874,793787.3
1773943200000,0.09873,0.09873,0.09793,0.09829,374733.3
1773946800000,0.09823,0.09945,0.09822,0.09885,489934.5
1773950400000,0.09887,0.0992,0.09877,0.09886,285172.4
1773954000000,0.09883,0.0993,0.09881,0.09918,875831.5
1773957600000,0.09919,0.09919,0.09841,0.09891,217754.3
1773961200000,0.09902,0.09927,0.09871,0.09922,222885.1
1773964800000,0.09924,0.09974,0.09907,0.09968,569988.1
1773968400000,0.09974,0.10052,0.09974,0.10023,460213.3
1773972000000,0.10027,0.10034,0.09964,0.10018,181122.9
1773975600000,0.10016,0.10049,0.10003,0.10014,301715.1
1773979200000,0.10014,0.10068,0.09985,0.10068,106391.4
1773982800000,0.10067,0.10141,0.10066,0.10108,486060.4
1773986400000,0.10107,0.10119,0.10082,0.10091,179603.2
1773990000000,0.1009,0.10093,0.1001,0.10059,143336.0
1773993600000,0.10064,0.10149,0.10052,0.10079,827237.1
1773997200000,0.10075,0.10094,0.10011,0.10049,454087.6
1774000800000,0.10054,0.10072,0.10003,0.10066,374677.2
1774004400000,0.1007,0.10132,0.10007,0.10048,222060.9
1774008000000,0.10056,0.10091,0.10018,0.10025,223963.2
1774011600000,0.10028,0.10065,0.09966,0.09968,772682.0
1774015200000,0.09962,0.10033,0.0992,0.09927,366033.4
1774018800000,0.0993,0.09968,0.09881,0.0996,420083.5
1774022400000,0.09961,0.1,0.09937,0.09991,208011.9
1774026000000,0.09989,0.10013,0.09938,0.10006,246446.4
1774029600000,0.10006,0.10032,0.09881,0.09914,1568940.8
1774033200000,0.09933,0.09944,0.09841,0.09934,282757.8
1774036800000,0.09939,0.09945,0.09851,0.09918,343049.8
1774040400000,0.0992,0.10039,0.09903,0.10009,287907.4
1774044000000,0.10009,0.10078,0.10009,0.10016,141906.4
1774047600000,0.1001,0.10012,0.09954,0.09976,101335.4
1774051200000,0.09977,0.10016,0.09976,0.09993,348392.9
1774054800000,0.09991,0.10011,0.0995,0.09955,283614.6
1774058400000,0.09954,0.10003,0.09945,0.09996,89977.7
1774062000000,0.09991,0.09992,0.09961,0.09963,85986.7
1774065600000,0.09966,0.09985,0.09953,0.09956,751611.4
1774069200000,0.09956,0.10012,0.09956,0.0997,2808290.6000000001
1774072800000,0.09972,0.10018,0.09966,0.09997,193484.3
1774076400000,0.09996,0.10006,0.09963,0.0997,283982.0
1774080000000,0.09971,0.0999,0.09949,0.09986,300815.6
1774083600000,0.09984,0.10016,0.0996,0.09963,227034.8
1774087200000,0.09965,0.09967,0.09917,0.0993,183296.4
1774090800000,0.09925,0.09935,0.09909,0.09935,193604.2
1774094400000,0.09934,0.09949,0.09917,0.09923,92943.3
1774098000000,0.09929,0.09932,0.09911,0.09925,83988.7
1774101600000,0.09929,0.09986,0.09922,0.09927,979397.7
1774105200000,0.09932,0.10056,0.09932,0.10056,497723.8
1774108800000,0.10056,0.10062,0.09985,0.09989,493611.1
1774112400000,0.09996,0.10015,0.09965,0.10004,164648.8
1774116000000,0.09993,0.10008,0.09978,0.09979,320441.3
1774119600000,0.0998,0.09982,0.09954,0.09973,65357.9
1774123200000,0.09976,0.10014,0.09972,0.10006,57596.1
1774126800000,0.10016,0.10016,0.09948,0.09955,180236.6
1774130400000,0.09954,0.09968,0.09931,0.0995,128572.4
1774134000000,0.09941,0.09941,0.09563,0.09624,2472540.0
1774137600000,0.09621,0.09641,0.09387,0.09584,2526001.1000000001
1774141200000,0.096,0.09641,0.09541,0.096,757161.4
1774144800000,0.09605,0.0968,0.09572,0.09632,258251.2
1774148400000,0.09616,0.09709,0.09592,0.09621,264605.3
1774152000000,0.09617,0.09678,0.096,0.09642,196565.7
1774155600000,0.09647,0.09647,0.0959,0.09597,128331.9
1774159200000,0.09596,0.09597,0.09563,0.09584,387700.5
1774162800000,0.09579,0.0959,0.09491,0.09491,124377.2
1774166400000,0.09493,0.09514,0.094,0.09465,2627660.8999999999
1774170000000,0.09464,0.09493,0.09427,0.09436,851644.0
1774173600000,0.09436,0.09437,0.09362,0.09372,620450.5
1774177200000,0.09372,0.0938,0.09337,0.09349,723369.0
1774180800000,0.09353,0.09429,0.09346,0.09371,1596412.6000000001
1774184400000,0.09372,0.09417,0.09326,0.09348,964532.5
1774188000000,0.09345,0.09381,0.09312,0.0933,422807.5
1774191600000,0.0933,0.09376,0.0933,0.0936,318004.7
1774195200000,0.09361,0.09369,0.09315,0.09315,530533.3
1774198800000,0.09315,0.09316,0.09264,0.0927,692100.1
1774202400000,0.09269,0.09279,0.09185,0.0925,930583.7
1774206000000,0.0925,0.0925,0.09181,0.09226,2240819.3999999999
1774209600000,0.09226,0.09291,0.09225,0.09239,369673.7
1774213200000,0.09239,0.09257,0.09105,0.09222,828379.6
1774216800000,0.0923,0.09292,0.09163,0.09279,569854.1
1774220400000,0.09279,0.09322,0.09237,0.09248,1813963.8
1774224000000,0.09248,0.09343,0.0924,0.09319,1189211.8999999999
1774227600000,0.09319,0.09363,0.09267,0.09335,1948906.1000000001
1774231200000,0.09336,0.09445,0.09332,0.09407,3247813.6000000001
1774234800000,0.09407,0.09467,0.09379,0.09382,349709.8
1774238400000,0.09382,0.09429,0.09379,0.09427,493571.0
1774242000000,0.09428,0.09448,0.09387,0.09432,213193.3
1774245600000,0.09433,0.09433,0.09254,0.09287,668820.3
1774249200000,0.09287,0.09287,0.09161,0.09236,1150677.6000000001
1774252800000,0.09239,0.09271,0.0919,0.09196,1299749.3
1774256400000,0.09193,0.09212,0.09119,0.09206,5050129.7999999998
1774260000000,0.09213,0.0928,0.09196,0.0923,1539069.8
1774263600000,0.09232,0.09723,0.09232,0.09489,6175496.0
1774267200000,0.09506,0.09535,0.09423,0.09502,1108911.3
1774270800000,0.0952,0.09622,0.09468,0.09616,604845.3
1774274400000,0.09632,0.09655,0.09571,0.09624,959237.6
1774278000000,0.09607,0.09667,0.09407,0.09407,595316.0
1774281600000,0.09427,0.09488,0.09354,0.09416,1062869.3
1774285200000,0.09434,0.09483,0.09375,0.09476,828489.7
1774288800000,0.09481,0.09579,0.09442,0.09578,284223.9
1774292400000,0.09575,0.09628,0.09479,0.09479,3917063.7000000002
1774296000000,0.09488,0.09627,0.09455,0.09623,1092763.3999999999
1774299600000,0.09632,0.09704,0.09579,0.09675,779028.0
1774303200000,0.09671,0.09671,0.09579,0.09641,474466.9
1774306800000,0.09631,0.09769,0.09561,0.09748,1005156.5
1774310400000,0.09751,0.0981,0.0959,0.09673,773619.8
1774314000000,0.09663,0.09665,0.09528,0.09601,577096.3
1774317600000,0.096,0.09676,0.09559,0.09575,472771.3
1774321200000,0.09578,0.09664,0.09575,0.09658,284438.8
1774324800000,0.09656,0.09679,0.09554,0.09617,5412961.2999999998
1774328400000,0.09616,0.0968,0.09582,0.09675,389749.4
1774332000000,0.0968,0.09686,0.0957,0.0962,3687603.0
1774335600000,0.09615,0.09681,0.09593,0.0968,777198.7
1774339200000,0.09672,0.09776,0.09654,0.09738,682144.3
1774342800000,0.09729,0.09796,0.09687,0.09763,1088561.8
1774346400000,0.09759,0.09762,0.09671,0.09703,411855.9
1774350000000,0.09697,0.0978,0.09637,0.09699,646507.6
1774353600000,0.09701,0.0974,0.0966,0.09718,301177.0
1774357200000,0.09711,0.09753,0.09624,0.09645,686127.3
1774360800000,0.09642,0.09732,0.09575,0.09703,780572.7
1774364400000,0.09733,0.09743,0.09649,0.09649,585583.9
1774368000000,0.09649,0.09713,0.09603,0.09603,354689.9
1774371600000,0.09609,0.09609,0.09459,0.09521,1191918.8
1774375200000,0.09528,0.09639,0.09516,0.09568,579837.0
1774378800000,0.09568,0.09676,0.09568,0.09612,301309.2
1774382400000,0.09612,0.09852,0.09594,0.09783,3827551.1000000001
1774386000000,0.09792,0.098,0.09712,0.09792,1190473.8999999999
1774389600000,0.09807,0.09841,0.09692,0.09692,548191.0
1774393200000,0.09703,0.09796,0.09698,0.09746,690651.2
1774396800000,0.09753,0.09817,0.09686,0.09751,1137105.8
1774400400000,0.09755,0.09797,0.09736,0.09778,377010.9
1774404000000,0.0978,0.09805,0.09765,0.0977,873279.0
1774407600000,0.0977,0.09797,0.09712,0.09786,351870.4
1774411200000,0.09787,0.09822,0.09758,0.09822,254980.8
1774414800000,0.09812,0.09859,0.09774,0.09823,263858.6
1774418400000,0.09819,0.09854,0.09795,0.09824,594128.8
1774422000000,0.09813,0.09904,0.09812,0.09854,945648.3
1774425600000,0.09855,0.09968,0.09855,0.09891,699042.7
1774429200000,0.09893,0.09901,0.09824,0.09851,476644.9
1774432800000,0.09855,0.09927,0.0984,0.09916,268491.0
1774436400000,0.09914,0.09932,0.09885,0.09919,768091.4
1774440000000,0.09923,0.09996,0.09875,0.09936,934517.9
1774443600000,0.09945,0.09973,0.0988,0.0988,276440.7
1774447200000,0.09878,0.09965,0.0986,0.0994,496164.2
1774450800000,0.09942,0.09955,0.09832,0.0988,259485.0
1774454400000,0.09885,0.09974,0.09846,0.09921,605874.6
1774458000000,0.09928,0.09962,0.09905,0.09911,304861.3
1774461600000,0.09911,0.09952,0.09873,0.09895,227569.2
1774465200000,0.09897,0.09921,0.09858,0.09872,173950.0
1774468800000,0.09878,0.0988,0.09798,0.09823,471235.1
1774472400000,0.09823,0.09862,0.09798,0.09832,298689.4
1774476000000,0.09832,0.09913,0.09817,0.09879,142534.4
1774479600000,0.09875,0.09878,0.09828,0.09861,543036.7
1774483200000,0.09866,0.09875,0.09817,0.09833,220920.5
1774486800000,0.09834,0.09907,0.09821,0.09875,502304.6
1774490400000,0.09862,0.09868,0.09752,0.09793,227354.9
1774494000000,0.09788,0.0979,0.09693,0.09712,431344.6
1774497600000,0.09715,0.09718,0.09636,0.09671,405648.7
1774501200000,0.09672,0.09679,0.09538,0.09544,739898.2
1774504800000,0.09536,0.09568,0.09495,0.09507,433645.4
1774508400000,0.09506,0.0953,0.09478,0.09516,341251.4
1774512000000,0.09516,0.09518,0.09444,0.09472,362847.0
1774515600000,0.09472,0.09503,0.09341,0.09386,1201578.3999999999
1774519200000,0.09372,0.09407,0.09354,0.09395,356134.5
1774522800000,0.09396,0.09428,0.09366,0.09394,231243.8
1774526400000,0.0939,0.09426,0.0937,0.09408,193692.3
1774530000000,0.09406,0.09531,0.09401,0.09479,498861.0
1774533600000,0.095,0.09521,0.0945,0.09482,474788.1
1774537200000,0.09481,0.09481,0.09389,0.0941,382794.8
1774540800000,0.09404,0.09431,0.09379,0.09383,259906.0
1774544400000,0.09377,0.09441,0.09346,0.09372,320396.9
1774548000000,0.09378,0.09386,0.09294,0.0932,523024.2
1774551600000,0.09321,0.09325,0.0926,0.09273,236853.4
1774555200000,0.09278,0.0946,0.09253,0.09369,677091.8
1774558800000,0.09371,0.0947,0.09355,0.09433,177381.8
1774562400000,0.0944,0.09453,0.09382,0.09422,228062.6
1774566000000,0.09419,0.09434,0.09366,0.09376,249266.1
1774569600000,0.09374,0.09425,0.09372,0.0941,493350.9
1774573200000,0.09412,0.09488,0.09406,0.09479,288205.6
1774576800000,0.09483,0.09498,0.09465,0.09474,103053.6
1774580400000,0.09478,0.0948,0.09434,0.09445,211573.4
1774584000000,0.09447,0.09447,0.09368,0.09392,488589.5
1774587600000,0.09388,0.09422,0.09358,0.09385,316379.6
1774591200000,0.09385,0.09396,0.09358,0.09389,149666.1
1774594800000,0.09396,0.09443,0.0939,0.09441,165975.6
1774598400000,0.09443,0.09456,0.09307,0.09376,544824.4
1774602000000,0.09373,0.09373,0.09243,0.09278,626545.6
1774605600000,0.09267,0.09281,0.09042,0.09059,1162960.3999999999
1774609200000,0.09058,0.09117,0.09025,0.0909,877293.1
1774612800000,0.09093,0.09093,0.09031,0.09068,520278.6
1774616400000,0.09068,0.09092,0.08992,0.09029,462571.3
1774620000000,0.09027,0.09084,0.08993,0.0905,929717.3
1774623600000,0.09053,0.09132,0.0901,0.09034,475301.0
1774627200000,0.09036,0.09055,0.08993,0.09028,612720.7
1774630800000,0.09031,0.09093,0.08993,0.09005,295685.5
1774634400000,0.09002,0.09011,0.08957,0.08998,260036.4
1774638000000,0.08988,0.09045,0.08942,0.0903,375921.9
1774641600000,0.0903,0.0905,0.08977,0.09038,325973.9
1774645200000,0.09028,0.09054,0.09005,0.09009,143331.4
1774648800000,0.09015,0.09018,0.08989,0.0899,99220.5
1774652400000,0.08989,0.09004,0.08953,0.08994,189008.6
1774656000000,0.08996,0.09008,0.0895,0.08951,683957.1
1774659600000,0.08953,0.0896,0.0886,0.08922,889866.0
1774663200000,0.08924,0.08963,0.08908,0.08921,227675.0
1774666800000,0.0893,0.08934,0.08911,0.08932,115706.8
1774670400000,0.08931,0.08935,0.08903,0.08907,318576.9
1774674000000,0.08915,0.08924,0.08887,0.08911,148941.4
1774677600000,0.0891,0.08951,0.08907,0.08917,291581.3
1774681200000,0.08922,0.08966,0.08921,0.08966,392344.2
1774684800000,0.08967,0.09025,0.08967,0.08991,991565.0
1774688400000,0.09,0.09019,0.08953,0.08974,196039.0
1774692000000,0.08972,0.0904,0.08967,0.09009,298514.4
1774695600000,0.09004,0.09039,0.08994,0.0903,99286.0
1774699200000,0.09036,0.09071,0.09006,0.09029,137239.3
1774702800000,0.09024,0.092,0.09014,0.09169,1243323.2
1774706400000,0.0917,0.09187,0.09116,0.09125,570923.7
1774710000000,0.09131,0.09216,0.09117,0.09142,455413.5
1774713600000,0.09148,0.09226,0.09148,0.09224,1292507.8
1774717200000,0.09217,0.09233,0.09155,0.09177,668368.6
1774720800000,0.09175,0.09198,0.09165,0.09198,203866.1
1774724400000,0.0919,0.09206,0.09156,0.09164,98970.8
1774728000000,0.09172,0.09194,0.09154,0.09165,66057.0
1774731600000,0.09159,0.09172,0.09068,0.09086,231171.2
1774735200000,0.09073,0.09088,0.09052,0.09075,79056.1
1774738800000,0.09077,0.0908,0.0894,0.0897,704780.3
1774742400000,0.08974,0.08998,0.08933,0.08949,768185.0
1774746000000,0.08956,0.09015,0.08956,0.08993,393860.2
1774749600000,0.08995,0.09012,0.08985,0.08997,75817.2
1774753200000,0.08998,0.09069,0.08998,0.09026,151579.0
1774756800000,0.09024,0.09033,0.08998,0.09007,136112.1
1774760400000,0.09003,0.09005,0.08967,0.08995,133837.4
1774764000000,0.08989,0.09007,0.08964,0.08982,246098.6
1774767600000,0.08973,0.08978,0.08947,0.08959,133591.9
1774771200000,0.08961,0.08966,0.08935,0.08952,348850.1
1774774800000,0.08951,0.08962,0.08926,0.08937,434345.9
1774778400000,0.08934,0.08934,0.0887,0.08883,450630.9
1774782000000,0.08881,0.08947,0.08874,0.08916,335775.4
1774785600000,0.08911,0.08913,0.08812,0.08845,375566.3
1774789200000,0.08842,0.08866,0.0878,0.08836,727643.8
1774792800000,0.08836,0.08891,0.08817,0.08863,414122.9
1774796400000,0.0888,0.08885,0.08835,0.08858,141188.0
1774800000000,0.08857,0.08902,0.08849,0.08861,314934.6
1774803600000,0.08866,0.08887,0.08825,0.08881,365623.2
1774807200000,0.08883,0.0891,0.08852,0.08893,430216.8
1774810800000,0.08892,0.08893,0.08856,0.0886,207293.5
1774814400000,0.08859,0.08947,0.08859,0.08926,300757.2
1774818000000,0.08929,0.08972,0.08917,0.08966,279574.9
1774821600000,0.08966,0.08966,0.08581,0.08776,1806803.2
1774825200000,0.08795,0.08853,0.08776,0.08823,2274065.3999999999
1774828800000,0.08827,0.09033,0.08816,0.08937,1304111.1000000001
1774832400000,0.08931,0.09048,0.08931,0.09023,528760.5
1774836000000,0.09036,0.09165,0.09025,0.09095,655539.2
1774839600000,0.09116,0.09135,0.09073,0.09115,291461.8
1774843200000,0.0913,0.09219,0.09127,0.09185,430986.3
1774846800000,0.09185,0.09201,0.09118,0.09125,364935.5
1774850400000,0.09121,0.09159,0.09103,0.09152,147592.7
1774854000000,0.09147,0.09281,0.09147,0.09267,809920.8
1774857600000,0.09271,0.09323,0.09262,0.0929,664228.8
1774861200000,0.09296,0.09297,0.09192,0.09204,464564.9
1774864800000,0.09203,0.09228,0.09184,0.09217,441085.5
1774868400000,0.09217,0.0933,0.09217,0.09262,355724.7
1774872000000,0.09269,0.09348,0.09263,0.09325,5695599.0
1774875600000,0.09332,0.09365,0.09247,0.09249,697403.5
1774879200000,0.09261,0.09297,0.09176,0.09275,782003.1
1774882800000,0.09275,0.09275,0.09188,0.09211,398629.0
1774886400000,0.0921,0.0923,0.09159,0.09191,399942.1
1774890000000,0.09193,0.09214,0.0907,0.09119,581381.3
1774893600000,0.09118,0.0914,0.09039,0.09051,255941.0
1774897200000,0.09052,0.09065,0.09003,0.09063,354015.3
1774900800000,0.09063,0.09087,0.09039,0.09056,167136.5
1774904400000,0.09054,0.09165,0.09047,0.09127,259050.6
1774908000000,0.0913,0.09157,0.09076,0.09086,151948.9
1774911600000,0.09085,0.09126,0.09054,0.09094,541789.7
1774915200000,0.09105,0.09175,0.09085,0.09156,713991.0
1774918800000,0.0916,0.09369,0.09146,0.09272,1131217.3999999999
1774922400000,0.09276,0.09344,0.0926,0.09297,389907.6
1774926000000,0.09286,0.09288,0.09228,0.09246,433729.3
1774929600000,0.0926,0.09282,0.09221,0.09236,383293.4
1774933200000,0.09234,0.09288,0.09223,0.09263,204923.5
1774936800000,0.09263,0.09308,0.09244,0.09308,557306.1
1774940400000,0.09306,0.09312,0.09229,0.09275,491429.7
1774944000000,0.09281,0.09296,0.09186,0.09196,423039.3
1774947600000,0.09192,0.09211,0.09069,0.09096,513394.1
1774951200000,0.09101,0.09153,0.09095,0.09098,344222.3
1774954800000,0.09097,0.09225,0.09092,0.09222,266364.2
1774958400000,0.09233,0.09255,0.09164,0.09179,366456.7
1774962000000,0.09184,0.09301,0.09184,0.09279,152785.1
1774965600000,0.09272,0.09342,0.09139,0.09171,227253.9
1774969200000,0.09179,0.0928,0.09122,0.09131,264537.8
1774972800000,0.0913,0.09288,0.09126,0.09284,942125.4
1774976400000,0.0929,0.094,0.09248,0.09263,819457.3
1774980000000,0.09271,0.09316,0.09244,0.09282,117249.4
1774983600000,0.09284,0.09301,0.09239,0.0927,433047.5
1774987200000,0.09276,0.09306,0.09263,0.09306,799503.8
1774990800000,0.09305,0.0931,0.0925,0.09286,124152.3
1774994400000,0.09284,0.09284,0.0922,0.09278,310980.7
1774998000000,0.09274,0.09303,0.09263,0.09292,82169.0
1775001600000,0.0929,0.09292,0.09251,0.09289,364042.9
1775005200000,0.09291,0.09302,0.09221,0.09236,206441.3
1775008800000,0.09239,0.09263,0.09212,0.09244,138759.1
1775012400000,0.09245,0.09357,0.09245,0.09314,260160.5
1775016000000,0.09321,0.09395,0.09313,0.09377,241562.9
1775019600000,0.0937,0.09494,0.09357,0.09472,643373.0
1775023200000,0.09483,0.09594,0.0947,0.09591,531950.2
1775026800000,0.09597,0.096,0.09514,0.09573,701044.3
1775030400000,0.09573,0.09625,0.09547,0.0955,778668.8
1775034000000,0.0955,0.09553,0.09472,0.09518,232931.9
1775037600000,0.09521,0.09534,0.09457,0.09479,1183081.8999999999
1775041200000,0.09475,0.09562,0.09459,0.09535,219050.3
1775044800000,0.09531,0.09661,0.09519,0.09573,1611457.5
1775048400000,0.09576,0.09576,0.09421,0.09437,949463.4
1775052000000,0.09438,0.09465,0.09387,0.09435,523182.0
1775055600000,0.09435,0.09456,0.09395,0.09456,379617.6
1775059200000,0.0946,0.09504,0.09422,0.09482,200640.8
1775062800000,0.09477,0.0958,0.09453,0.09475,3671220.0
1775066400000,0.09474,0.09487,0.09414,0.09423,446193.8
1775070000000,0.09425,0.09491,0.09423,0.09469,289818.3
1775073600000,0.09467,0.09474,0.09401,0.09442,509609.4
1775077200000,0.09441,0.09514,0.09441,0.09498,325585.0
1775080800000,0.09482,0.09486,0.09397,0.0941,3293439.0
1775084400000,0.09412,0.09433,0.09403,0.09433,373515.7
1775088000000,0.09436,0.09543,0.09426,0.09526,600984.4
1775091600000,0.09525,0.09525,0.092,0.09267,1374538.3999999999
1775095200000,0.09252,0.09291,0.09069,0.0913,1058719.3999999999
1775098800000,0.09125,0.09164,0.09046,0.09096,1008626.0
1775102400000,0.09088,0.09115,0.09058,0.09065,284085.1
1775106000000,0.09067,0.09144,0.09036,0.09136,609155.5
1775109600000,0.09136,0.09194,0.09121,0.09152,1007640.2
1775113200000,0.09149,0.09162,0.09125,0.09138,657974.1
1775116800000,0.09131,0.09144,0.09066,0.09076,317378.1
1775120400000,0.09076,0.09111,0.09051,0.09109,398481.2
1775124000000,0.09109,0.0912,0.09073,0.09097,237112.1
1775127600000,0.09098,0.09127,0.09059,0.09109,137328.5
1775131200000,0.091,0.09102,0.09045,0.09045,158051.4
1775134800000,0.09049,0.09049,0.08967,0.0902,1452873.7
1775138400000,0.09015,0.09219,0.09003,0.09207,1090582.6000000001
1775142000000,0.09206,0.09206,0.09086,0.09149,328629.4
1775145600000,0.09145,0.09237,0.09103,0.09173,603828.9
1775149200000,0.09174,0.09251,0.09091,0.091,395492.9
1775152800000,0.09116,0.09152,0.0907,0.09135,431664.6
1775156400000,0.09137,0.09138,0.0907,0.09122,167540.9
1775160000000,0.0912,0.09163,0.09091,0.09128,246107.9
1775163600000,0.09122,0.09132,0.09067,0.09101,212639.4
1775167200000,0.09092,0.09116,0.0908,0.0908,506803.0
1775170800000,0.09078,0.09101,0.09061,0.09075,173279.2
1775174400000,0.09077,0.09099,0.0907,0.09089,341532.6
1775178000000,0.09089,0.09122,0.09062,0.09101,139040.0
1775181600000,0.09104,0.0917,0.09082,0.0917,177512.5
1775185200000,0.09174,0.09233,0.09142,0.0922,131262.7
1775188800000,0.09218,0.09293,0.09209,0.09283,351986.0
1775192400000,0.09285,0.0937,0.0926,0.09332,296124.9
1775196000000,0.09331,0.09418,0.09315,0.09382,373057.5
1775199600000,0.09386,0.09409,0.09325,0.09336,1430382.2
1775203200000,0.09348,0.09445,0.09347,0.09417,415213.7
1775206800000,0.0942,0.09481,0.09398,0.09453,915765.1
1775210400000,0.09454,0.09477,0.09336,0.09348,1291348.1000000001
1775214000000,0.0935,0.09399,0.09348,0.0938,223433.0
1775217600000,0.09378,0.09432,0.09292,0.09326,335634.1
1775221200000,0.09328,0.09329,0.09238,0.0927,440694.0
1775224800000,0.0927,0.09317,0.09249,0.09303,281279.8
1775228400000,0.093,0.09303,0.09225,0.09235,1352992.1000000001
1775232000000,0.09225,0.09306,0.09225,0.0929,172316.7
1775235600000,0.09298,0.09307,0.09237,0.09256,102061.8
1775239200000,0.09251,0.09289,0.09238,0.09244,95036.5
1775242800000,0.09246,0.09257,0.09193,0.09249,324472.7
1775246400000,0.0925,0.09291,0.09243,0.09254,186268.0
1775250000000,0.09255,0.09284,0.0925,0.09266,270323.4
1775253600000,0.09267,0.09268,0.0921,0.0921,102163.2
1775257200000,0.0921,0.09237,0.09194,0.09222,153978.8
1775260800000,0.09222,0.09225,0.09163,0.09164,1482187.0
1775264400000,0.09161,0.09188,0.09158,0.0917,459806.4
1775268000000,0.0917,0.09177,0.09141,0.09143,127992.0
1775271600000,0.09144,0.09214,0.09138,0.09163,1074931.7
1775275200000,0.09157,0.09189,0.09149,0.09187,228848.7
1775278800000,0.09186,0.09208,0.09165,0.09167,209415.0
1775282400000,0.09165,0.0922,0.09147,0.09217,221833.7
1775286000000,0.09219,0.09219,0.09183,0.09187,322440.7
1775289600000,0.09192,0.09201,0.09155,0.09158,90359.5
1775293200000,0.09157,0.09172,0.09148,0.09159,267476.1
1775296800000,0.09158,0.09191,0.09142,0.09186,278657.6
1775300400000,0.09191,0.09207,0.09165,0.09205,162697.2
1775304000000,0.09206,0.09228,0.09183,0.09197,349294.6
1775307600000,0.09196,0.09242,0.09175,0.09184,271120.6
1775311200000,0.09182,0.0924,0.09163,0.0924,302199.2
1775314800000,0.0924,0.09316,0.0924,0.09251,380384.8
1775318400000,0.09252,0.09284,0.09227,0.09227,125933.9
1775322000000,0.09225,0.0934,0.09214,0.09309,198763.9
1775325600000,0.09311,0.09334,0.09281,0.09287,170747.0
1775329200000,0.09282,0.09369,0.09275,0.09295,311512.4
1775332800000,0.09295,0.09299,0.09265,0.09266,234492.6
1775336400000,0.09267,0.0929,0.09256,0.09264,170593.6
1775340000000,0.09256,0.09297,0.09256,0.09279,145418.2
1775343600000,0.09279,0.09281,0.09247,0.09264,263174.0
1775347200000,0.09268,0.09273,0.09242,0.09244,204477.8
1775350800000,0.09252,0.09257,0.09214,0.09217,151669.5
1775354400000,0.09215,0.09218,0.09195,0.09206,422790.4
1775358000000,0.09202,0.09209,0.09178,0.09196,106551.1
1775361600000,0.09188,0.09188,0.09154,0.09154,261975.4
1775365200000,0.09155,0.09169,0.09112,0.09114,134184.9
1775368800000,0.09113,0.09118,0.09043,0.0908,1130981.8
1775372400000,0.09074,0.09085,0.09033,0.0904,281516.6
1775376000000,0.09043,0.09054,0.09032,0.09053,780799.6
1775379600000,0.09053,0.0908,0.0905,0.09077,128627.0
1775383200000,0.09078,0.09104,0.09054,0.09055,148662.3
1775386800000,0.09053,0.09069,0.09042,0.09056,1108459.3
1775390400000,0.09059,0.09069,0.08978,0.09016,423449.5
1775394000000,0.09014,0.09061,0.08967,0.09058,166138.7
1775397600000,0.09059,0.09075,0.09038,0.09054,108801.2
1775401200000,0.09056,0.09173,0.09016,0.091,466301.8
1775404800000,0.091,0.09131,0.09043,0.09048,560470.4
1775408400000,0.09058,0.09111,0.09034,0.09111,134403.7
1775412000000,0.0911,0.09137,0.09085,0.09115,124749.8
1775415600000,0.09116,0.09168,0.09089,0.09125,393452.7
1775419200000,0.09129,0.09152,0.09115,0.0913,153911.0
1775422800000,0.09131,0.09137,0.09074,0.09109,123449.1
1775426400000,0.09109,0.09264,0.09083,0.09264,1705935.7
1775430000000,0.09268,0.09466,0.09235,0.0941,1953174.7
1775433600000,0.09419,0.09663,0.09416,0.09535,1841151.6000000001
1775437200000,0.09534,0.09534,0.09451,0.09495,782894.4
1775440800000,0.095,0.09624,0.09495,0.09586,1407039.7
1775444400000,0.09584,0.09597,0.09525,0.09547,456411.1
1775448000000,0.09556,0.09588,0.09531,0.0955,186269.5
1775451600000,0.09549,0.09567,0.0952,0.0954,235364.5
1775455200000,0.09543,0.09557,0.09501,0.09542,283493.8
1775458800000,0.09541,0.09568,0.09507,0.09555,237096.7
1775462400000,0.09565,0.09715,0.09565,0.09651,1060507.8999999999
1775466000000,0.09654,0.09818,0.09653,0.09753,876406.8
1775469600000,0.09759,0.09835,0.09758,0.09828,2021789.3
1775473200000,0.09832,0.09872,0.09791,0.09858,275929.9
1775476800000,0.09857,0.09888,0.09757,0.0978,711425.3
1775480400000,0.0978,0.09797,0.09698,0.09726,443873.1
1775484000000,0.09723,0.09737,0.09612,0.09697,597780.3
1775487600000,0.09693,0.09744,0.09676,0.09712,346629.3
1775491200000,0.09713,0.09725,0.09638,0.0965,219228.0
1775494800000,0.09651,0.09658,0.09579,0.09613,308088.0
1775498400000,0.0961,0.09641,0.09601,0.09613,167206.3
1775502000000,0.09601,0.09604,0.0956,0.09593,334705.6
1775505600000,0.09586,0.09603,0.09575,0.09584,1188254.1000000001
1775509200000,0.09578,0.0959,0.095,0.09516,2310921.5
1775512800000,0.09504,0.0953,0.09384,0.09385,619403.7
1775516400000,0.09378,0.09389,0.09304,0.09362,892305.8
1775520000000,0.09356,0.09413,0.09328,0.09356,978757.1
1775523600000,0.09338,0.0937,0.09296,0.09302,275303.8
1775527200000,0.09297,0.09335,0.09249,0.09324,3432463.5
1775530800000,0.09325,0.09359,0.09323,0.09354,368482.9
1775534400000,0.09353,0.09446,0.09333,0.09408,2973155.1000000001
1775538000000,0.09403,0.09418,0.09376,0.09398,170849.9
1775541600000,0.09402,0.09446,0.0935,0.09446,135863.1
1775545200000,0.09427,0.09495,0.0941,0.09488,526247.2
1775548800000,0.0948,0.09536,0.09456,0.09508,245542.6
1775552400000,0.09503,0.09579,0.09503,0.09546,317601.9
1775556000000,0.09548,0.09558,0.09389,0.09396,627692.2
1775559600000,0.094,0.09424,0.09365,0.09376,553348.1
1775563200000,0.09371,0.09377,0.09276,0.09337,1426562.8999999999
1775566800000,0.09345,0.09379,0.09328,0.09328,158212.4
1775570400000,0.09333,0.09383,0.09287,0.09308,334746.1
1775574000000,0.09308,0.09397,0.09282,0.09344,223810.2
1775577600000,0.09342,0.09388,0.09342,0.0936,459347.0
1775581200000,0.09358,0.09531,0.09339,0.0947,434198.3
1775584800000,0.09471,0.09529,0.0946,0.09489,203519.7
1775588400000,0.09487,0.09694,0.09484,0.09694,646791.4
1775592000000,0.09692,0.09768,0.09661,0.09698,1239797.7
1775595600000,0.09697,0.09969,0.09697,0.09947,1927530.3999999999
1775599200000,0.09946,0.10206,0.09905,0.10197,1470922.7
1775602800000,0.10216,0.10302,0.10156,0.10196,1785997.3
1775606400000,0.10197,0.10234,0.10083,0.10102,631258.1
1775610000000,0.10107,0.102,0.10074,0.10182,254727.5
1775613600000,0.10188,0.10307,0.10166,0.10205,277124.9
1775617200000,0.10198,0.10275,0.10197,0.10247,249869.6
1775620800000,0.10252,0.10388,0.10234,0.1031,3440618.8999999999
1775624400000,0.1032,0.10447,0.10297,0.10303,3622032.2999999998
1775628000000,0.10308,0.10332,0.1025,0.10285,646345.6
1775631600000,0.10286,0.10337,0.10257,0.10333,470043.7
1775635200000,0.10333,0.10394,0.10321,0.10358,1041392.3
1775638800000,0.10358,0.1036,0.10258,0.10275,425845.6
1775642400000,0.10275,0.10295,0.10223,0.10224,585970.5
1775646000000,0.1022,0.10227,0.10139,0.10187,393333.8
1775649600000,0.10193,0.1021,0.10085,0.10137,729784.5
1775653200000,0.10138,0.10217,0.10128,0.1016,351975.5
1775656800000,0.10162,0.1017,0.09967,0.09979,3134962.2999999998
1775660400000,0.09979,0.10067,0.0996,0.10056,1823376.6000000001
1775664000000,0.10056,0.10098,0.1004,0.10093,1241023.7
1775667600000,0.10096,0.10163,0.10077,0.10122,471137.8
1775671200000,0.10124,0.10124,0.09998,0.09998,2221592.1000000001
1775674800000,0.10005,0.10132,0.09993,0.10132,1208324.6000000001
1775678400000,0.10135,0.10241,0.10126,0.10192,1525580.8
1775682000000,0.10199,0.1053,0.10199,0.10521,8913583.6999999993
1775685600000,0.10513,0.10642,0.1049,0.10497,7352599.2999999998
1775689200000,0.10495,0.10559,0.10402,0.1053,2123680.6000000001
1775692800000,0.10543,0.10574,0.10134,0.10217,2378534.3999999999
1775696400000,0.10206,0.10235,0.10049,0.10112,842578.8
1775700000000,0.10115,0.10181,0.10055,0.10124,354837.2
1775703600000,0.10124,0.10168,0.10055,0.10149,817959.1
1775707200000,0.10155,0.10215,0.10134,0.10197,338025.9
1775710800000,0.10203,0.1031,0.10148,0.10164,1869627.1000000001
1775714400000,0.10155,0.10213,0.10151,0.10206,247119.8
1775718000000,0.10215,0.103,0.10167,0.10196,936215.2
1775721600000,0.10194,0.10204,0.10149,0.10182,562253.5
1775725200000,0.10175,0.102,0.10076,0.10165,6847227.0
1775728800000,0.10159,0.10233,0.10138,0.10182,1032865.8
1775732400000,0.10168,0.10195,0.10142,0.10145,759648.7
1775736000000,0.10147,0.10238,0.10139,0.10177,1091046.6000000001
1775739600000,0.10177,0.10185,0.10094,0.10171,1616042.8999999999
1775743200000,0.10183,0.10311,0.10108,0.10268,1314048.6000000001
1775746800000,0.10268,0.10517,0.10221,0.10375,3487705.2000000002
1775750400000,0.10375,0.10455,0.1027,0.10296,2804236.7000000002
1775754000000,0.103,0.1034,0.10244,0.10313,863466.5
1775757600000,0.10309,0.10315,0.1024,0.10295,482115.5
1775761200000,0.10271,0.10329,0.1024,0.10285,3466859.6000000001
1775764800000,0.10281,0.10403,0.10276,0.10382,405748.2
1775768400000,0.10382,0.10748,0.10351,0.107,4286817.7999999998
1775772000000,0.10702,0.10989,0.10687,0.10789,3585307.1000000001
1775775600000,0.10789,0.10894,0.10709,0.10767,1695421.7
1775779200000,0.10782,0.10987,0.10719,0.10949,2488276.5
1775782800000,0.10965,0.11107,0.10867,0.10961,1840242.2
1775786400000,0.10965,0.11003,0.1085,0.10931,2067325.6000000001
1775790000000,0.10944,0.10987,0.10846,0.10914,666129.5
1775793600000,0.10912,0.11195,0.10908,0.11193,1060112.8999999999
1775797200000,0.11199,0.11233,0.11049,0.11167,1477653.0
1775800800000,0.11174,0.11174,0.10795,0.109,3525419.2000000002
1775804400000,0.10908,0.11009,0.10868,0.10955,1882289.3
1775808000000,0.10959,0.11055,0.10851,0.10906,3557002.3999999999
1775811600000,0.10895,0.11078,0.10881,0.11033,2178414.7000000002
1775815200000,0.11042,0.11136,0.10874,0.10897,1014189.5
1775818800000,0.10897,0.10986,0.10872,0.10884,1044768.3
1775822400000,0.10878,0.11003,0.10868,0.10902,632293.0
1775826000000,0.109,0.11015,0.10871,0.1097,706088.4
1775829600000,0.10971,0.11011,0.10902,0.11006,502442.6
1775833200000,0.11016,0.11039,0.10922,0.10955,889522.4
1775836800000,0.10971,0.11037,0.1086,0.11027,5832916.7000000002
1775840400000,0.11028,0.11055,0.10975,0.11008,430313.2
1775844000000,0.1102,0.11122,0.11005,0.11059,1221549.1000000001
1775847600000,0.11057,0.11223,0.11045,0.11172,1523671.1000000001
1775851200000,0.11178,0.11275,0.11139,0.11222,2602021.6000000001
1775854800000,0.11216,0.11363,0.1116,0.113,3095906.7000000002
1775858400000,0.11303,0.11597,0.113,0.11533,5386040.0999999996
1775862000000,0.11539,0.11657,0.11419,0.11647,1380845.1000000001
1775865600000,0.1165,0.11665,0.11315,0.11412,5130892.9000000004
1775869200000,0.11401,0.11599,0.11395,0.11519,2882141.7999999998
1775872800000,0.11524,0.119,0.11518,0.119,4756199.5
1775876400000,0.11901,0.12114,0.11858,0.12035,3694261.2999999998
1775880000000,0.12046,0.1224,0.11583,0.1163,25222391.1999999993
1775883600000,0.116,0.11677,0.11429,0.11535,4370431.0999999996
1775887200000,0.11533,0.11571,0.11414,0.11467,1470296.1000000001
1775890800000,0.1147,0.11516,0.11403,0.11476,926245.8
1775894400000,0.11482,0.11564,0.11363,0.11459,2398875.2000000002
1775898000000,0.11458,0.11516,0.11324,0.11456,1095680.7
1775901600000,0.11446,0.1146,0.11338,0.11398,2880705.3999999999
1775905200000,0.11398,0.11497,0.11388,0.11474,401993.4
1775908800000,0.11473,0.11504,0.11404,0.11435,520194.5
1775912400000,0.11455,0.1148,0.1134,0.11475,444933.2
1775916000000,0.11483,0.11571,0.11474,0.115,1740117.1000000001
1775919600000,0.11502,0.11565,0.11493,0.11501,837298.4
1775923200000,0.11498,0.1177,0.11482,0.11689,860010.6
1775926800000,0.11694,0.1174,0.11605,0.11623,1165336.8999999999
1775930400000,0.11618,0.11762,0.11596,0.11663,904079.7
1775934000000,0.11669,0.11787,0.11651,0.11772,1384531.1000000001
1775937600000,0.11777,0.11786,0.11602,0.11687,270614.2
1775941200000,0.1169,0.11737,0.11666,0.1167,141576.2
1775944800000,0.11699,0.11761,0.11557,0.11625,2520569.2000000002
1775948400000,0.11618,0.11626,0.11514,0.11535,1125114.3
1775952000000,0.11545,0.11573,0.11461,0.11556,525132.0
1775955600000,0.11561,0.11609,0.11245,0.11294,1215682.3
1775959200000,0.11294,0.11376,0.11214,0.1136,619908.1
1775962800000,0.11361,0.11389,0.11211,0.11236,1969140.3
1775966400000,0.11232,0.11248,0.1108,0.11096,1846359.3
1775970000000,0.11094,0.11131,0.11053,0.11129,1245957.8999999999
1775973600000,0.11115,0.11123,0.11041,0.11069,971817.6
1775977200000,0.1107,0.11122,0.11052,0.1109,2714109.0
1775980800000,0.11088,0.11088,0.10918,0.10918,3808181.3999999999
1775984400000,0.1093,0.11012,0.10882,0.10986,4282167.0999999996
1775988000000,0.10986,0.1114,0.10986,0.11052,5829266.4000000004
1775991600000,0.11059,0.11194,0.11026,0.11128,883337.8
1775995200000,0.11121,0.11185,0.11073,0.11135,1204276.3
1775998800000,0.11124,0.11235,0.11124,0.11191,815248.4
1776002400000,0.11189,0.11221,0.11058,0.11058,924945.2
1776006000000,0.11053,0.11077,0.1101,0.11063,301451.2
1776009600000,0.1106,0.11098,0.11005,0.1102,123090.8
1776013200000,0.11025,0.11278,0.11013,0.11239,1193640.1000000001
1776016800000,0.11262,0.11309,0.11179,0.11196,3646444.2999999998
1776020400000,0.11196,0.11229,0.11157,0.11182,320065.9
1776024000000,0.11194,0.11262,0.11141,0.11235,519655.0
1776027600000,0.11231,0.11231,0.11107,0.11143,330365.2
1776031200000,0.11141,0.11141,0.1104,0.11072,281622.5
1776034800000,0.11076,0.11085,0.11036,0.11085,323795.5
1776038400000,0.11088,0.11164,0.11067,0.11128,816415.3
1776042000000,0.1113,0.11183,0.11111,0.1116,364648.9
1776045600000,0.11163,0.11178,0.11098,0.11098,167841.7
1776049200000,0.11103,0.11124,0.11064,0.11118,240987.7
1776052800000,0.11124,0.11199,0.11098,0.11125,163787.1
1776056400000,0.11131,0.1118,0.11093,0.11171,301883.6
1776060000000,0.11183,0.11367,0.11181,0.11217,563096.8
1776063600000,0.11217,0.11217,0.11107,0.11107,427165.9
1776067200000,0.11106,0.11111,0.11056,0.11057,794904.9
1776070800000,0.11055,0.11092,0.11041,0.11049,830285.0
1776074400000,0.1105,0.11077,0.11026,0.11055,256525.0
1776078000000,0.11072,0.11143,0.11066,0.11127,284938.1
1776081600000,0.11127,0.11208,0.1102,0.11163,185741.1
1776085200000,0.11166,0.11168,0.11035,0.1111,289351.6
1776088800000,0.11101,0.11169,0.11048,0.11145,990667.1
1776092400000,0.1115,0.11155,0.11047,0.11052,1192951.7
1776096000000,0.11053,0.11149,0.10985,0.11144,1004192.4
1776099600000,0.1114,0.11196,0.11048,0.11064,758128.1
1776103200000,0.11054,0.11137,0.11051,0.11121,144326.9
1776106800000,0.11121,0.11241,0.11114,0.11226,764526.0
1776110400000,0.1123,0.11231,0.11079,0.11083,671963.5
1776114000000,0.11085,0.11159,0.11063,0.11146,337729.2
1776117600000,0.11145,0.11332,0.11132,0.11303,2316586.7000000002
1776121200000,0.11303,0.11365,0.11239,0.11348,867202.5
1776124800000,0.11352,0.11373,0.11213,0.11241,1662740.2
1776128400000,0.11242,0.11291,0.11196,0.11222,133356.9
1776132000000,0.11222,0.11322,0.11214,0.11281,179882.0
1776135600000,0.11282,0.11353,0.11248,0.1125,293859.2
1776139200000,0.1125,0.11336,0.11242,0.11318,248236.3
1776142800000,0.11308,0.11347,0.11256,0.11288,325966.9
1776146400000,0.11293,0.11331,0.11263,0.11316,189547.6
1776150000000,0.11308,0.11337,0.11236,0.11271,361571.4
1776153600000,0.11273,0.11333,0.11259,0.11292,273612.6
1776157200000,0.11289,0.11311,0.11237,0.11256,222474.1
1776160800000,0.11249,0.1125,0.11116,0.11123,576952.6
1776164400000,0.11127,0.11131,0.11027,0.11096,744869.0
1776168000000,0.11086,0.11145,0.11064,0.11135,358157.8
1776171600000,0.11127,0.11134,0.11038,0.11134,664997.7
1776175200000,0.11137,0.11159,0.11036,0.11067,1135226.8999999999
1776178800000,0.1106,0.11083,0.10892,0.10998,937082.9
1776182400000,0.10997,0.11184,0.10987,0.11143,484318.6
1776186000000,0.11145,0.11241,0.11107,0.11148,721164.7
1776189600000,0.11152,0.11197,0.1095,0.10977,255285.9
1776193200000,0.10977,0.11021,0.10911,0.11,346918.4
1776196800000,0.11016,0.1102,0.10936,0.10943,235993.1
1776200400000,0.10953,0.11028,0.10941,0.11026,274873.2
1776204000000,0.11022,0.11024,0.10953,0.1097,101501.1
1776207600000,0.1098,0.11026,0.10954,0.11006,132160.9
1776211200000,0.11009,0.11107,0.10998,0.11053,918717.2
1776214800000,0.11053,0.11262,0.11047,0.11182,1072323.0
1776218400000,0.11181,0.11236,0.11144,0.11236,274992.1
1776222000000,0.11243,0.11258,0.11183,0.11215,104498.9
1776225600000,0.11215,0.11396,0.11213,0.11391,452577.2
1776229200000,0.11394,0.11453,0.11267,0.11298,747042.2
1776232800000,0.11291,0.11291,0.11156,0.11173,276223.5
1776236400000,0.11178,0.11248,0.11124,0.1114,505937.9
1776240000000,0.11139,0.11294,0.11127,0.11264,2320008.0
1776243600000,0.11268,0.11293,0.11205,0.11227,221604.8
1776247200000,0.11235,0.11297,0.11194,0.11238,234528.0
1776250800000,0.11244,0.11387,0.11229,0.11319,279604.3
1776254400000,0.11318,0.11372,0.11274,0.11348,882591.2
1776258000000,0.11354,0.11434,0.11287,0.11336,1702470.8
1776261600000,0.11337,0.11502,0.11293,0.11485,1981152.0
1776265200000,0.11502,0.11552,0.11384,0.11541,7465232.2000000002
1776268800000,0.11541,0.11748,0.11541,0.11645,5399739.7999999998
1776272400000,0.11647,0.1172,0.11544,0.11583,1317367.6000000001
1776276000000,0.11582,0.11669,0.11487,0.11628,823099.4
1776279600000,0.11626,0.11669,0.11568,0.11646,831322.4
1776283200000,0.1165,0.11673,0.11571,0.11636,1475847.3
1776286800000,0.11628,0.11648,0.11539,0.11638,737396.3
1776290400000,0.11636,0.11658,0.11501,0.11506,886414.1
1776294000000,0.11506,0.11507,0.11406,0.1148,1695353.7
1776297600000,0.11485,0.11558,0.11419,0.1154,1444174.3
1776301200000,0.1154,0.11581,0.11495,0.11551,613404.8
1776304800000,0.11571,0.11687,0.11558,0.11622,937314.3
1776308400000,0.11614,0.11701,0.11612,0.11659,1377909.8999999999
1776312000000,0.11657,0.11767,0.1162,0.11741,550538.7
1776315600000,0.11737,0.11842,0.11675,0.11818,777727.5
1776319200000,0.11827,0.11851,0.11738,0.118,1427777.6000000001
1776322800000,0.11815,0.11961,0.11807,0.11953,1219869.8999999999
1776326400000,0.11951,0.11971,0.11797,0.11799,629547.1
1776330000000,0.11795,0.11929,0.11765,0.11783,4010952.3999999999
1776333600000,0.11764,0.11867,0.11698,0.11759,3485552.0
1776337200000,0.11758,0.11893,0.11725,0.11886,1538601.8
1776340800000,0.11891,0.12135,0.11887,0.12131,3625034.8999999999
1776344400000,0.12132,0.12519,0.1212,0.12296,6705389.9000000004
1776348000000,0.12307,0.12307,0.1184,0.12035,5605534.7999999998
1776351600000,0.12032,0.12497,0.12009,0.12404,3071284.6000000001
1776355200000,0.12408,0.12529,0.12071,0.12113,4349317.2000000002
1776358800000,0.12107,0.12411,0.12099,0.12386,2300440.2999999998
1776362400000,0.12381,0.12802,0.1236,0.12747,5586798.7999999998
1776366000000,0.12753,0.1326,0.127,0.13227,7925908.7999999998
1776369600000,0.13235,0.13325,0.12946,0.12989,3841706.2999999998
1776373200000,0.13,0.13012,0.12669,0.12862,2485438.6000000001
1776376800000,0.12862,0.12979,0.1279,0.12895,777770.6
1776380400000,0.12892,0.1295,0.12799,0.12886,445319.2
1776384000000,0.12883,0.12983,0.12784,0.12957,467333.3
1776387600000,0.12944,0.12997,0.12595,0.127,7567896.2999999998
1776391200000,0.127,0.12819,0.12651,0.1276,792867.9
1776394800000,0.12764,0.12887,0.12694,0.1285,1711244.8999999999
1776398400000,0.12835,0.129,0.12783,0.1287,588321.6
1776402000000,0.12837,0.12898,0.1275,0.12855,319820.3
1776405600000,0.12837,0.13196,0.128,0.13042,1996969.2
1776409200000,0.1304,0.1318,0.1295,0.13162,1902889.3999999999
1776412800000,0.1316,0.13183,0.12957,0.1304,1330688.7
1776416400000,0.13037,0.13069,0.12861,0.13034,893301.5
1776420000000,0.13025,0.13121,0.12942,0.13,3306596.2999999998
1776423600000,0.13011,0.13454,0.13011,0.13358,1757994.3
1776427200000,0.13383,0.13618,0.13353,0.136,3336422.3999999999
1776430800000,0.13592,0.13674,0.13354,0.13373,2491622.7000000002
1776434400000,0.13352,0.13544,0.1324,0.13293,2038510.7
1776438000000,0.13278,0.13278,0.13045,0.1308,4046249.0
1776441600000,0.1308,0.13305,0.1303,0.13279,3597886.7000000002
1776445200000,0.1327,0.13341,0.13128,0.13183,864172.5
1776448800000,0.13197,0.13321,0.13113,0.13238,545579.7
1776452400000,0.13241,0.13355,0.132,0.13303,306978.3
1776456000000,0.133,0.13362,0.1326,0.13296,327776.5
1776459600000,0.13286,0.13332,0.13189,0.1321,759701.1
1776463200000,0.13208,0.13243,0.13156,0.13209,248427.1
1776466800000,0.13203,0.13203,0.12958,0.13119,7873330.7999999998
1776470400000,0.1312,0.1315,0.12987,0.13085,939400.7
1776474000000,0.13067,0.13192,0.12977,0.12995,2460761.7999999998
1776477600000,0.13009,0.13075,0.12961,0.13053,3602462.7999999998
1776481200000,0.13051,0.13054,0.12948,0.12994,420095.3
1776484800000,0.12987,0.13073,0.12955,0.13027,823106.8
1776488400000,0.13024,0.13094,0.13024,0.13069,432254.9
1776492000000,0.13082,0.13348,0.13082,0.133,6290801.5
1776495600000,0.13297,0.13431,0.13272,0.13303,1671238.0
1776499200000,0.1331,0.13364,0.13017,0.13093,3270580.8999999999
1776502800000,0.13105,0.13111,0.12976,0.13012,1636619.3999999999
1776506400000,0.13011,0.1302,0.12767,0.1283,3806937.7999999998
1776510000000,0.1283,0.12854,0.12717,0.12832,1512056.0
1776513600000,0.12824,0.12943,0.12821,0.12931,1757464.1000000001
1776517200000,0.12931,0.12935,0.12789,0.1283,568043.0
1776520800000,0.12834,0.12864,0.12759,0.12851,511198.0
1776524400000,0.1285,0.12885,0.12796,0.12819,157533.6
1776528000000,0.12815,0.12908,0.12756,0.12821,481318.9
1776531600000,0.12814,0.12865,0.12796,0.12803,117475.3
1776535200000,0.12801,0.12801,0.1264,0.12676,2197341.8999999999
1776538800000,0.12677,0.12761,0.126,0.12647,1487532.8999999999
1776542400000,0.12646,0.12684,0.12579,0.12665,349198.3
1776546000000,0.12658,0.1279,0.12658,0.1277,216228.3
1776549600000,0.12773,0.12918,0.12729,0.12862,919735.2
1776553200000,0.12856,0.12928,0.12841,0.129,1448182.8999999999
1776556800000,0.12906,0.12906,0.12724,0.12777,2539307.8999999999
1776560400000,0.12795,0.1285,0.12631,0.12722,1793917.5
1776564000000,0.12727,0.12742,0.12584,0.12667,3362388.5
1776567600000,0.12655,0.12833,0.12625,0.12725,2433522.7000000002
1776571200000,0.12747,0.12813,0.12635,0.12759,945030.9
1776574800000,0.12747,0.12794,0.12658,0.12676,2417394.2000000002
1776578400000,0.12669,0.12674,0.12591,0.12609,270519.0
1776582000000,0.12614,0.12616,0.12425,0.12506,1814160.1000000001
1776585600000,0.12498,0.12525,0.12429,0.12492,928334.1
1776589200000,0.12502,0.126,0.12502,0.12537,408402.8
1776592800000,0.12533,0.12533,0.12465,0.12494,3074843.7000000002
1776596400000,0.12489,0.12657,0.12489,0.12624,3441298.2999999998
1776600000000,0.12614,0.12706,0.12579,0.12657,555549.7
1776603600000,0.12656,0.1281,0.12652,0.12736,3199032.1000000001
1776607200000,0.12738,0.12859,0.12666,0.12824,2300170.2999999998
1776610800000,0.12821,0.12832,0.12661,0.12778,4940881.4000000004
1776614400000,0.12776,0.12776,0.12625,0.12646,1218172.7
1776618000000,0.12632,0.12643,0.12345,0.12387,3248657.7999999998
1776621600000,0.1239,0.12433,0.12345,0.12421,1508158.3
1776625200000,0.12426,0.12606,0.12426,0.12533,414720.2
1776628800000,0.12527,0.12533,0.12421,0.12454,526487.6
1776632400000,0.12444,0.12557,0.12436,0.12461,163268.9
1776636000000,0.12455,0.12455,0.12163,0.12188,1603823.7
1776639600000,0.12185,0.12199,0.12114,0.12135,816890.9
1776643200000,0.12136,0.12366,0.12136,0.12349,3142003.2000000002
1776646800000,0.12332,0.12635,0.12306,0.126,5366725.7999999998
1776650400000,0.12603,0.12642,0.12429,0.12475,8060057.2999999998
1776654000000,0.12465,0.12514,0.12422,0.12495,1581964.3
1776657600000,0.12497,0.12626,0.12474,0.12568,219163.9
1776661200000,0.12567,0.12567,0.12378,0.12455,1175838.7
1776664800000,0.12449,0.12594,0.12409,0.12529,664277.5
1776668400000,0.12528,0.12847,0.12518,0.12621,1859765.1000000001
1776672000000,0.12629,0.12716,0.12556,0.126,329696.5
1776675600000,0.12593,0.12762,0.12561,0.12706,1961030.2
1776679200000,0.12711,0.12838,0.1269,0.12696,547806.6
1776682800000,0.12684,0.12761,0.12662,0.12738,244954.2
1776686400000,0.1274,0.12891,0.12703,0.1283,684115.0
1776690000000,0.12823,0.12842,0.12661,0.12765,1240600.0
1776693600000,0.12774,0.12838,0.1264,0.12673,3520971.1000000001
1776697200000,0.12681,0.12814,0.12569,0.1277,3378538.3999999999
1776700800000,0.12785,0.12873,0.12725,0.12802,3538477.8999999999
1776704400000,0.12793,0.12909,0.12758,0.12877,1064469.3999999999
1776708000000,0.12871,0.12931,0.12844,0.12868,1090413.7
1776711600000,0.12864,0.12899,0.1276,0.12787,2195046.7999999998
1776715200000,0.12784,0.12852,0.12714,0.12833,1031254.7
1776718800000,0.12834,0.12899,0.12757,0.12832,1112762.3
1776722400000,0.12848,0.12848,0.12758,0.12767,426148.9
1776726000000,0.12754,0.12754,0.12679,0.12697,616690.8
1776729600000,0.12696,0.1272,0.12659,0.12694,442449.3
1776733200000,0.12694,0.12713,0.12611,0.12616,411596.6
1776736800000,0.12613,0.12613,0.12543,0.12586,415861.2
1776740400000,0.12582,0.12661,0.12542,0.12628,4491791.0
1776744000000,0.12625,0.12646,0.12532,0.12565,3387011.1000000001
1776747600000,0.12561,0.12663,0.12561,0.1265,2747665.5
1776751200000,0.1266,0.12731,0.12572,0.12657,1622626.7
1776754800000,0.12646,0.12699,0.12612,0.12628,473131.8
1776758400000,0.12627,0.1272,0.12614,0.1264,693058.0
1776762000000,0.12636,0.12719,0.12616,0.12718,227629.6
1776765600000,0.12721,0.12729,0.12662,0.12712,403814.5
1776769200000,0.12701,0.12701,0.12555,0.12614,362452.7
1776772800000,0.126,0.12627,0.12508,0.12544,505670.9
1776776400000,0.12542,0.1258,0.12492,0.12574,357199.8
1776780000000,0.12583,0.12773,0.12567,0.12669,7167168.5999999996
1776783600000,0.12687,0.12813,0.12667,0.12799,984566.8
1776787200000,0.12806,0.12874,0.12622,0.1263,1843494.2
1776790800000,0.12625,0.12634,0.12416,0.12495,6617770.2000000002
1776794400000,0.12485,0.1252,0.1242,0.12504,663840.0
1776798000000,0.12512,0.12576,0.1231,0.12367,1320036.5
1776801600000,0.1237,0.12487,0.12272,0.12418,4022110.8999999999
1776805200000,0.12409,0.12417,0.12348,0.124,607163.9
1776808800000,0.1239,0.12414,0.12325,0.12404,593800.9
1776812400000,0.12403,0.12553,0.12403,0.12528,689201.9
1776816000000,0.12529,0.1257,0.12478,0.12491,3277296.2999999998
1776819600000,0.12494,0.12503,0.12393,0.12444,448819.4
1776823200000,0.12435,0.12764,0.1242,0.12728,1753176.1000000001
1776826800000,0.12737,0.12769,0.12681,0.12764,1712122.8
1776830400000,0.12758,0.12813,0.12712,0.12807,484281.4
1776834000000,0.1281,0.13051,0.12782,0.12904,2010928.3
1776837600000,0.12911,0.12931,0.1284,0.12855,615173.5
1776841200000,0.12866,0.1287,0.12825,0.12846,235969.3
1776844800000,0.12834,0.12877,0.12816,0.12859,646748.9
1776848400000,0.1284,0.12893,0.12749,0.12766,468114.7
1776852000000,0.12765,0.12838,0.12742,0.12838,2370202.0
1776855600000,0.12839,0.1286,0.12687,0.12743,936063.4
1776859200000,0.1274,0.12744,0.12649,0.12744,1034969.7
1776862800000,0.12741,0.12765,0.12618,0.1265,3424140.8999999999
1776866400000,0.12657,0.12782,0.12656,0.12767,705118.2
1776870000000,0.12763,0.1281,0.12696,0.12711,473844.7
1776873600000,0.1271,0.12879,0.12684,0.12868,1818013.3999999999
1776877200000,0.12873,0.13231,0.12873,0.13156,10502142.0
1776880800000,0.13166,0.13391,0.13129,0.13218,4145258.0
1776884400000,0.13234,0.13246,0.12987,0.1308,763138.3
1776888000000,0.13082,0.13118,0.12939,0.12973,916001.8
1776891600000,0.12975,0.13229,0.12971,0.13215,2673241.3999999999
1776895200000,0.13213,0.13226,0.13,0.13069,439309.4
1776898800000,0.13064,0.13093,0.12828,0.12835,3195187.2999999998
1776902400000,0.1286,0.12914,0.12563,0.1269,1215727.2
1776906000000,0.12685,0.127,0.12553,0.12663,692341.4
1776909600000,0.12656,0.12656,0.12485,0.12514,1712916.6000000001
1776913200000,0.12505,0.12551,0.12403,0.12408,2377064.0
1776916800000,0.12404,0.12481,0.12346,0.12462,367688.7
1776920400000,0.12463,0.12563,0.12454,0.12546,293516.7
1776924000000,0.12552,0.12667,0.12526,0.12654,432276.7
1776927600000,0.12656,0.12789,0.12634,0.12656,1716357.3
1776931200000,0.12658,0.12667,0.12515,0.126,408173.4
1776934800000,0.126,0.126,0.12454,0.12504,939680.0
1776938400000,0.125,0.12524,0.12357,0.12384,340801.7
1776942000000,0.12404,0.12495,0.12364,0.12467,159405.1
1776945600000,0.12464,0.12551,0.12454,0.12515,1320355.6000000001
1776949200000,0.12523,0.12575,0.12483,0.12543,365882.8
1776952800000,0.12539,0.12722,0.12506,0.12707,2222318.7000000002
1776956400000,0.1271,0.12883,0.12635,0.12872,6124992.7000000002
1776960000000,0.12866,0.1293,0.12738,0.12753,1667334.8
1776963600000,0.12757,0.12765,0.12326,0.12484,1508195.6000000001
1776967200000,0.12479,0.1264,0.12475,0.12544,896843.9
1776970800000,0.12539,0.12658,0.12512,0.12628,474106.5
1776974400000,0.12615,0.12772,0.12601,0.12713,248729.5
1776978000000,0.12714,0.12878,0.12692,0.12822,1169406.1000000001
1776981600000,0.1281,0.12864,0.1277,0.1277,557338.2
1776985200000,0.12782,0.12877,0.12735,0.12837,1478999.2
1776988800000,0.12848,0.13074,0.12848,0.1306,513837.7
1776992400000,0.1307,0.1307,0.12951,0.13011,567261.1
1776996000000,0.13002,0.13008,0.12847,0.12906,2107276.7000000002
1776999600000,0.12904,0.1294,0.12777,0.12848,346075.1
1777003200000,0.12853,0.12955,0.12807,0.12833,904849.2
1777006800000,0.12825,0.12947,0.12791,0.12917,326745.6
1777010400000,0.12912,0.12959,0.12776,0.12789,1907124.7
1777014000000,0.12787,0.12839,0.12749,0.12794,352893.8
1777017600000,0.12796,0.12924,0.12734,0.12894,435946.2
1777021200000,0.12893,0.12893,0.12779,0.1281,2021307.2
1777024800000,0.1281,0.12993,0.12768,0.12945,368978.8
1777028400000,0.12949,0.13071,0.12949,0.13029,1194668.8
1777032000000,0.13033,0.13163,0.13005,0.13148,2122996.2000000002
1777035600000,0.13148,0.13229,0.12906,0.12957,2016152.7
1777039200000,0.12957,0.13066,0.12905,0.13006,3672680.7999999998
1777042800000,0.13008,0.13184,0.1293,0.1316,2718670.7999999998
1777046400000,0.1316,0.13195,0.12994,0.13023,742834.9
1777050000000,0.13026,0.13056,0.12956,0.1298,672240.8
1777053600000,0.12983,0.13079,0.12954,0.13049,505418.5
1777057200000,0.13059,0.131,0.12814,0.12938,1297098.8
1777060800000,0.12951,0.13009,0.12839,0.12966,921148.2
1777064400000,0.12963,0.13016,0.12915,0.12964,554823.1
1777068000000,0.12954,0.12954,0.12804,0.1282,293418.5
1777071600000,0.12821,0.129,0.12796,0.12864,163824.0
1777075200000,0.12864,0.13071,0.12857,0.13068,342413.7
1777078800000,0.13066,0.13232,0.13066,0.13164,2022720.1000000001
1777082400000,0.13168,0.13263,0.13124,0.13232,1997769.8
1777086000000,0.1324,0.13265,0.13157,0.13188,275851.4
1777089600000,0.13188,0.13242,0.13181,0.13189,130855.5
1777093200000,0.13191,0.13191,0.13081,0.13112,488743.0
1777096800000,0.13124,0.13224,0.13124,0.13191,1283693.7
1777100400000,0.13171,0.1327,0.13132,0.1323,1266828.3999999999
1777104000000,0.13215,0.13293,0.1311,0.13139,671179.2
1777107600000,0.1314,0.13229,0.13079,0.13167,1247169.1000000001
1777111200000,0.13165,0.13188,0.13109,0.13109,113535.4
1777114800000,0.13101,0.13106,0.12978,0.12998,345916.4
1777118400000,0.12997,0.1302,0.1293,0.1299,434485.7
1777122000000,0.12986,0.13054,0.12978,0.12994,216142.1
1777125600000,0.13003,0.13007,0.12946,0.12957,237452.4
1777129200000,0.12957,0.12985,0.12886,0.12932,601615.6
1777132800000,0.12933,0.12994,0.12836,0.12855,571786.2
1777136400000,0.12869,0.12872,0.1278,0.12823,634920.7
1777140000000,0.12826,0.12882,0.12796,0.12811,1381593.6000000001
1777143600000,0.12813,0.12814,0.12764,0.12786,513858.6
1777147200000,0.12782,0.12831,0.12725,0.12826,538453.1
1777150800000,0.12831,0.12843,0.128,0.12812,191170.0
1777154400000,0.12806,0.12914,0.12799,0.12867,750047.7
1777158000000,0.12863,0.12926,0.12862,0.12915,145305.7
1777161600000,0.12909,0.12915,0.12841,0.12859,773478.3
1777165200000,0.12856,0.12864,0.12774,0.12782,146196.0
1777168800000,0.12784,0.12879,0.12784,0.12862,96833.0
1777172400000,0.12873,0.12897,0.12811,0.12895,208399.9
1777176000000,0.12885,0.13024,0.12875,0.12975,141785.4
1777179600000,0.12975,0.13175,0.12964,0.13053,786816.1
1777183200000,0.13063,0.13188,0.13063,0.13139,137200.5
1777186800000,0.13142,0.13188,0.13093,0.13132,288970.1
1777190400000,0.13137,0.13193,0.13083,0.13169,589316.6
1777194000000,0.13187,0.13244,0.13154,0.13177,389355.5
1777197600000,0.13153,0.13193,0.13115,0.13186,184319.7
1777201200000,0.13186,0.13238,0.1313,0.13214,194289.1
1777204800000,0.13205,0.13266,0.12963,0.13034,633725.4
1777208400000,0.13034,0.13056,0.12947,0.12973,366410.8
1777212000000,0.12977,0.13078,0.12949,0.13041,449006.0
1777215600000,0.13031,0.13085,0.13025,0.13073,343397.8
1777219200000,0.13085,0.13085,0.12966,0.12979,342938.4
1777222800000,0.1298,0.13032,0.12922,0.13032,2921131.7999999998
1777226400000,0.13015,0.13089,0.12984,0.13044,2417320.3999999999
1777230000000,0.13036,0.13079,0.13,0.1302,420584.1
1777233600000,0.13017,0.13048,0.12989,0.13014,261228.0
1777237200000,0.13009,0.13042,0.12844,0.12972,1351898.3999999999
1777240800000,0.12967,0.13015,0.12857,0.1292,879001.7
1777244400000,0.1292,0.12984,0.12891,0.12932,161926.9
1777248000000,0.12935,0.13061,0.12917,0.13046,655064.5
1777251600000,0.13062,0.13158,0.13033,0.13137,438471.6
1777255200000,0.13137,0.13219,0.13044,0.13151,417097.8
1777258800000,0.13143,0.13281,0.1314,0.13218,489648.3
1777262400000,0.13217,0.13232,0.13102,0.13119,430115.9
1777266000000,0.13135,0.13139,0.1268,0.12741,1607358.3999999999
1777269600000,0.12739,0.12739,0.12567,0.12642,1184568.3999999999
1777273200000,0.12624,0.12647,0.12562,0.12562,386173.6
1777276800000,0.12563,0.12645,0.12553,0.12635,1173860.8999999999
1777280400000,0.12634,0.12701,0.12608,0.12684,407511.4
1777284000000,0.12682,0.12705,0.12635,0.12644,339078.3
1777287600000,0.12642,0.12711,0.12612,0.12693,284209.4
1777291200000,0.12698,0.12704,0.12577,0.12591,394158.1
1777294800000,0.1259,0.12617,0.1244,0.12478,1382999.5
1777298400000,0.12479,0.12672,0.12468,0.12596,524758.9
1777302000000,0.12605,0.12605,0.12323,0.12363,2496700.7999999998
1777305600000,0.12363,0.12466,0.12334,0.12448,1089816.1000000001
1777309200000,0.12449,0.12529,0.12443,0.12467,672487.5
1777312800000,0.1246,0.12516,0.12441,0.1251,563308.6
1777316400000,0.12503,0.1251,0.12415,0.1245,616848.0
1777320000000,0.12458,0.12525,0.12452,0.12488,534000.5
1777323600000,0.12489,0.12534,0.12452,0.12496,508269.6
1777327200000,0.12502,0.12602,0.12491,0.12576,335611.5
1777330800000,0.12575,0.12687,0.12559,0.12656,914529.3
1777334400000,0.12657,0.12748,0.12626,0.12656,404581.9
1777338000000,0.12654,0.12686,0.12591,0.12601,606834.6
1777341600000,0.12607,0.12615,0.12474,0.12514,446159.9
1777345200000,0.1251,0.12545,0.12472,0.12542,229019.0
1777348800000,0.12544,0.12636,0.12519,0.1261,632591.1
1777352400000,0.12611,0.1265,0.12545,0.12569,223464.0
1777356000000,0.1256,0.12594,0.12515,0.12582,379236.4
1777359600000,0.12574,0.12672,0.12424,0.12478,632943.5
1777363200000,0.12482,0.12611,0.12476,0.12525,223573.7
1777366800000,0.12519,0.1253,0.12389,0.1242,3581847.1000000001
1777370400000,0.1242,0.12472,0.12415,0.12457,746459.7
1777374000000,0.12472,0.12478,0.12366,0.12407,457387.2
1777377600000,0.1242,0.12492,0.12364,0.12446,1591856.8999999999
1777381200000,0.12447,0.12515,0.12371,0.12479,793187.1
1777384800000,0.12467,0.12472,0.12283,0.12405,2485624.8999999999
1777388400000,0.12414,0.12447,0.12357,0.1239,1019324.6
1777392000000,0.12384,0.12419,0.12306,0.12351,1418013.8
1777395600000,0.12342,0.12428,0.12299,0.12391,226083.6
1777399200000,0.12392,0.12439,0.12361,0.1242,428741.1
1777402800000,0.1242,0.12539,0.12394,0.12526,310378.2
1777406400000,0.12529,0.12557,0.12472,0.12483,600049.1
1777410000000,0.12482,0.12522,0.1244,0.12458,388930.2
1777413600000,0.12453,0.1249,0.12424,0.12443,302753.9
1777417200000,0.12437,0.12445,0.12404,0.12433,189866.6
1777420800000,0.12435,0.12461,0.12407,0.12438,431662.6
1777424400000,0.12434,0.12457,0.12373,0.12438,607268.0
1777428000000,0.12439,0.1247,0.12394,0.1244,413335.6
1777431600000,0.12441,0.12609,0.12441,0.12592,199910.9
1777435200000,0.12596,0.12728,0.12563,0.12711,601742.1
1777438800000,0.12718,0.12722,0.12674,0.12691,550366.3
1777442400000,0.12694,0.12734,0.12684,0.12696,174107.4
1777446000000,0.12701,0.12773,0.12688,0.1277,355350.8
1777449600000,0.12772,0.12843,0.12721,0.12807,662949.6
1777453200000,0.12802,0.13105,0.12802,0.13105,1841172.2
1777456800000,0.13106,0.13283,0.13096,0.13238,1230437.3999999999
1777460400000,0.13225,0.13248,0.13018,0.13045,709244.0
1777464000000,0.13049,0.13052,0.12721,0.12788,1095466.1000000001
1777467600000,0.12783,0.12829,0.12638,0.12718,1019028.7
1777471200000,0.12704,0.12803,0.12588,0.12667,1491055.8
1777474800000,0.12666,0.12673,0.1237,0.12449,1844085.6000000001
1777478400000,0.12453,0.12487,0.124,0.12457,1325572.8999999999
1777482000000,0.12464,0.12616,0.12464,0.12616,1077916.0
1777485600000,0.12601,0.12601,0.12052,0.12353,1445427.8
1777489200000,0.12359,0.12407,0.12245,0.12298,403360.3
1777492800000,0.12307,0.12512,0.12307,0.12434,650482.2
1777496400000,0.12433,0.12583,0.12424,0.12501,791207.7
1777500000000,0.1249,0.12533,0.12474,0.125,306900.1
1777503600000,0.12498,0.12537,0.12442,0.1253,281600.9
1777507200000,0.12532,0.12883,0.12531,0.1285,1303398.3999999999
1777510800000,0.12839,0.12858,0.12733,0.12819,270077.7
1777514400000,0.12816,0.12832,0.12517,0.12567,951658.7
1777518000000,0.1257,0.1264,0.12523,0.12613,192239.4
1777521600000,0.12609,0.12611,0.1247,0.1247,211467.6
1777525200000,0.12466,0.12522,0.12397,0.12445,294099.3
1777528800000,0.1245,0.12555,0.1242,0.12525,422990.9
1777532400000,0.12526,0.12603,0.12513,0.12594,160603.4
1777536000000,0.12601,0.12621,0.12574,0.12579,170212.4
1777539600000,0.12583,0.12747,0.12583,0.12677,451327.7
1777543200000,0.12678,0.12744,0.12637,0.12737,267834.6
1777546800000,0.12753,0.12847,0.12691,0.1274,164340.3
1777550400000,0.12749,0.12858,0.12695,0.127,110394.8
1777554000000,0.12702,0.12738,0.12621,0.12637,604475.3
1777557600000,0.12633,0.12687,0.12561,0.12611,343892.8
1777561200000,0.12626,0.12744,0.12603,0.12727,102328.0
1777564800000,0.12725,0.12761,0.12487,0.12487,217218.1
1777568400000,0.12487,0.12521,0.12462,0.12465,238249.4
1777572000000,0.12467,0.12557,0.12432,0.12516,520482.4
1777575600000,0.12502,0.12559,0.12469,0.12469,104581.8
1777579200000,0.12464,0.12489,0.12441,0.12457,355181.3
1777582800000,0.12456,0.12468,0.12387,0.12391,402866.3
1777586400000,0.12396,0.12407,0.12349,0.12367,353872.4
1777590000000,0.12359,0.12382,0.12332,0.12348,171260.5
1777593600000,0.12357,0.12445,0.12318,0.12343,826945.5
1777597200000,0.12342,0.12517,0.12336,0.12489,194257.6
1777600800000,0.12494,0.12583,0.12405,0.12424,500774.3
1777604400000,0.12422,0.12678,0.12393,0.12543,643334.5
1777608000000,0.12544,0.12618,0.12514,0.12558,157206.5
1777611600000,0.12549,0.12602,0.12527,0.12535,175082.5
1777615200000,0.12534,0.12566,0.12424,0.1245,272747.4
1777618800000,0.12447,0.1255,0.1241,0.125,291391.5
1777622400000,0.12495,0.12564,0.12479,0.12512,349340.3
1777626000000,0.12509,0.12524,0.12449,0.12477,105562.8
1777629600000,0.12485,0.12496,0.12401,0.12475,389209.6
1777633200000,0.12471,0.12541,0.1242,0.12492,2997317.6000000001
1777636800000,0.12497,0.12587,0.1246,0.12549,473362.6
1777640400000,0.12548,0.1272,0.12547,0.12703,273761.0
1777644000000,0.12707,0.12717,0.12521,0.12569,744637.1
1777647600000,0.12561,0.12626,0.12496,0.12545,423374.6
1777651200000,0.12546,0.12589,0.12427,0.12498,798899.8
1777654800000,0.12494,0.12556,0.1246,0.12552,281506.6
1777658400000,0.12536,0.12548,0.12486,0.12511,89530.2
1777662000000,0.12513,0.12544,0.12476,0.12505,108741.8
1777665600000,0.1251,0.12528,0.12368,0.12407,265069.1
1777669200000,0.12404,0.12472,0.1238,0.12446,179181.2
1777672800000,0.12448,0.12503,0.12384,0.12384,132945.7
1777676400000,0.12377,0.12383,0.12258,0.12353,251506.6
1777680000000,0.12353,0.12408,0.12335,0.12369,209456.8
1777683600000,0.12378,0.12435,0.12365,0.12396,202257.9
1777687200000,0.12397,0.1242,0.12332,0.12339,82990.7
1777690800000,0.12333,0.12341,0.1227,0.12306,83184.9
1777694400000,0.12311,0.12325,0.12208,0.12221,323436.0
1777698000000,0.12218,0.12251,0.12161,0.12224,211942.3
1777701600000,0.12212,0.12275,0.12203,0.12269,279929.9
1777705200000,0.12263,0.1228,0.1222,0.1222,95855.6
1777708800000,0.1222,0.1222,0.12182,0.12202,766545.1
1777712400000,0.12201,0.12275,0.122,0.12241,349975.4
1777716000000,0.12239,0.12284,0.1222,0.12221,96245.3
1777719600000,0.1222,0.1222,0.12159,0.12187,185676.5
1777723200000,0.12179,0.12218,0.12153,0.12179,166683.4
1777726800000,0.12178,0.12276,0.12176,0.12247,106849.9
1777730400000,0.12247,0.12291,0.12231,0.12265,158241.6
1777734000000,0.12267,0.12323,0.1224,0.12315,469005.1
1777737600000,0.12316,0.12409,0.12316,0.12401,209207.6
1777741200000,0.12401,0.12422,0.12236,0.12238,982099.7
1777744800000,0.12236,0.12268,0.12161,0.1224,330988.7
1777748400000,0.12237,0.12298,0.12232,0.12282,728332.8
1777752000000,0.12281,0.12304,0.12245,0.1228,464814.2
1777755600000,0.1228,0.12445,0.12247,0.12392,323423.2
1777759200000,0.12391,0.12424,0.12334,0.12377,1588943.2
1777762800000,0.12371,0.12371,0.1224,0.12251,147480.9
1777766400000,0.12264,0.12289,0.12045,0.12121,826685.2
1777770000000,0.12121,0.12121,0.11903,0.11926,2456023.7000000002
1777773600000,0.11926,0.11931,0.11842,0.11907,278022.3
1777777200000,0.11909,0.11928,0.11875,0.11897,105427.8
1777780800000,0.11886,0.11891,0.11825,0.11836,154093.6
1777784400000,0.11851,0.11872,0.118,0.1187,332630.5
1777788000000,0.11856,0.11901,0.11793,0.11868,304075.0
1777791600000,0.11871,0.11928,0.11871,0.11892,259939.4
1777795200000,0.11895,0.1193,0.11858,0.11906,2448737.6000000001
1777798800000,0.11905,0.12,0.11859,0.11963,790274.6
1777802400000,0.11964,0.12006,0.11771,0.11771,3085337.3999999999
1777806000000,0.11771,0.11891,0.1165,0.11798,9034225.1999999993
1777809600000,0.1179,0.11852,0.11765,0.11771,1012531.8
1777813200000,0.11777,0.11792,0.11716,0.11737,592432.8
1777816800000,0.11737,0.11806,0.11698,0.11744,617674.1
1777820400000,0.11743,0.11826,0.11741,0.11773,305000.9
1777824000000,0.11777,0.11798,0.11712,0.11754,345448.5
1777827600000,0.11769,0.11826,0.11712,0.11768,317081.9
1777831200000,0.11772,0.11805,0.11765,0.11775,257624.4
1777834800000,0.11776,0.11835,0.11743,0.11783,447416.2
1777838400000,0.11779,0.11912,0.11771,0.1183,851329.3
1777842000000,0.11833,0.11872,0.11713,0.11767,645025.1
1777845600000,0.11778,0.1193,0.11778,0.11871,960731.9
1777849200000,0.11869,0.119,0.11705,0.11727,830295.5
1777852800000,0.11729,0.11729,0.1158,0.11664,3230338.6000000001
1777856400000,0.11657,0.11823,0.11543,0.11817,2746300.2999999998
1777860000000,0.1183,0.11952,0.11801,0.11908,586191.9
1777863600000,0.11906,0.11929,0.11816,0.119,898675.1
1777867200000,0.11909,0.12035,0.11897,0.11966,636274.9
1777870800000,0.1197,0.11978,0.11838,0.11919,493973.6
1777874400000,0.1192,0.1192,0.11724,0.11846,1085569.7
1777878000000,0.11856,0.11876,0.11764,0.11775,2708049.8999999999
1777881600000,0.11775,0.11809,0.11735,0.11735,1181146.8999999999
1777885200000,0.11734,0.11826,0.11686,0.11777,1488203.1000000001
1777888800000,0.1178,0.11781,0.11378,0.11421,2415464.0
1777892400000,0.11409,0.11448,0.11366,0.11431,1129036.2
1777896000000,0.11422,0.11517,0.11385,0.1146,288977.8
1777899600000,0.11453,0.11511,0.114,0.11471,453051.4
1777903200000,0.11479,0.11746,0.11431,0.11697,626126.5
1777906800000,0.11687,0.11687,0.11382,0.11457,800318.4
1777910400000,0.11461,0.11532,0.11401,0.11426,407953.8
1777914000000,0.11431,0.11723,0.11431,0.11685,520544.9
1777917600000,0.11668,0.11703,0.11585,0.11665,232639.7
1777921200000,0.11674,0.1168,0.11571,0.11588,299882.3
1777924800000,0.11596,0.116,0.11516,0.1155,236509.9
1777928400000,0.1155,0.11776,0.11549,0.11734,307260.8
1777932000000,0.11727,0.11744,0.11588,0.11615,302586.5
1777935600000,0.11606,0.11619,0.11552,0.11616,224642.1
1777939200000,0.11618,0.11674,0.11605,0.11654,455914.9
1777942800000,0.11652,0.11773,0.1164,0.11711,374063.9
1777946400000,0.11707,0.11813,0.11665,0.11713,1834365.8999999999
1777950000000,0.11714,0.11783,0.11664,0.11693,1188765.5
1777953600000,0.11696,0.11752,0.11651,0.11653,317860.3
1777957200000,0.11653,0.11731,0.11644,0.11715,1146620.3999999999
1777960800000,0.1172,0.11771,0.11653,0.11759,358935.8
1777964400000,0.11764,0.11881,0.11757,0.11825,639829.0
1777968000000,0.11817,0.11852,0.11789,0.1183,297518.0
1777971600000,0.11827,0.11934,0.11784,0.11904,213444.5
1777975200000,0.11905,0.12024,0.11885,0.11963,597490.1
1777978800000,0.11972,0.1199,0.11833,0.11953,1036454.9
1777982400000,0.11956,0.11956,0.11896,0.11928,895591.7
1777986000000,0.11928,0.11968,0.11844,0.119,933242.3
1777989600000,0.11901,0.11932,0.11802,0.11848,426091.3
1777993200000,0.1185,0.11911,0.11841,0.11865,255452.9
1777996800000,0.11869,0.11953,0.1183,0.11896,1003107.2
1778000400000,0.11884,0.11928,0.11851,0.11895,550814.2
1778004000000,0.11899,0.1197,0.11889,0.11899,318253.9
1778007600000,0.11901,0.11955,0.119,0.11943,243932.4
1778011200000,0.11952,0.12089,0.11951,0.12089,799559.2
1778014800000,0.12089,0.12134,0.12006,0.12013,378887.6
1778018400000,0.12011,0.12048,0.11891,0.11953,741261.6
1778022000000,0.11954,0.11998,0.11876,0.11972,280754.8
1778025600000,0.11969,0.12002,0.11822,0.11891,894303.4
1778029200000,0.11884,0.12047,0.11872,0.12028,328902.7
1778032800000,0.12035,0.12046,0.11902,0.12032,311649.7
1778036400000,0.12033,0.12162,0.12019,0.12132,576073.5
1778040000000,0.12136,0.12145,0.12017,0.1205,732231.3
1778043600000,0.12044,0.1212,0.11974,0.12109,323976.8
1778047200000,0.12102,0.12115,0.12016,0.12102,425062.2
1778050800000,0.12099,0.12162,0.12078,0.12128,198833.4
1778054400000,0.12136,0.12448,0.12125,0.12405,1473188.5
1778058000000,0.12411,0.12505,0.12363,0.12492,1052465.5
1778061600000,0.12501,0.1251,0.12436,0.12467,891133.1
1778065200000,0.12467,0.12547,0.12432,0.12504,1146760.8
1778068800000,0.12505,0.12572,0.12469,0.12568,819705.8
1778072400000,0.12572,0.12572,0.12257,0.12325,1008356.3
1778076000000,0.12317,0.12453,0.12158,0.12378,1037210.7
1778079600000,0.12378,0.12491,0.12264,0.12392,3065781.2000000002
1778083200000,0.12393,0.12516,0.1232,0.12467,1639614.3999999999
1778086800000,0.12472,0.12516,0.12356,0.12373,203525.7
1778090400000,0.12382,0.12391,0.12291,0.12334,440957.8
1778094000000,0.12329,0.12432,0.12306,0.12418,527409.9
1778097600000,0.12415,0.12582,0.12415,0.1252,241629.5
1778101200000,0.12518,0.12878,0.12507,0.12819,747284.2
1778104800000,0.12826,0.12913,0.1269,0.12798,934186.6
1778108400000,0.12808,0.12835,0.12648,0.12795,524626.6
1778112000000,0.12795,0.13009,0.12549,0.12588,3291373.2999999998
1778115600000,0.12582,0.12582,0.12343,0.12404,856033.3
1778119200000,0.12402,0.12432,0.12283,0.12336,212749.6
1778122800000,0.1233,0.12442,0.1229,0.1229,206134.2
1778126400000,0.1231,0.12563,0.12292,0.12555,631721.8
1778130000000,0.12541,0.12733,0.12541,0.12733,450319.0
1778133600000,0.1273,0.12861,0.12583,0.12829,572738.4
1778137200000,0.12851,0.12851,0.1275,0.12818,817456.5
1778140800000,0.12822,0.12864,0.12724,0.12756,2536654.0
1778144400000,0.12758,0.12824,0.12657,0.12713,867570.9
1778148000000,0.12713,0.12833,0.12618,0.12745,820333.0
1778151600000,0.1274,0.1285,0.12731,0.12749,467541.7
1778155200000,0.12756,0.1303,0.12754,0.13009,1082702.8999999999
1778158800000,0.13013,0.13036,0.12705,0.12715,1356366.8
1778162400000,0.12734,0.12787,0.12464,0.12602,1775982.6000000001
1778166000000,0.12586,0.12676,0.1248,0.12552,641779.5
1778169600000,0.12546,0.12655,0.12494,0.12603,1776738.6000000001
1778173200000,0.12601,0.12685,0.12527,0.12639,501619.5
1778176800000,0.12641,0.12747,0.12592,0.12621,328637.7
1778180400000,0.12614,0.12702,0.12558,0.1262,273059.3
1778184000000,0.12639,0.12735,0.12543,0.12543,389877.3
1778187600000,0.12539,0.12673,0.12458,0.1258,723691.9
1778191200000,0.12578,0.12667,0.12513,0.12612,3503009.1000000001
1778194800000,0.12608,0.12701,0.12605,0.12652,261673.7
1778198400000,0.12662,0.12776,0.12628,0.12776,1736483.8999999999
1778202000000,0.1278,0.12869,0.12724,0.12848,735696.8
1778205600000,0.12852,0.129,0.12694,0.1282,2756597.1000000001
1778209200000,0.12818,0.12943,0.12673,0.12855,2834678.5
1778212800000,0.12847,0.13007,0.12806,0.12861,659318.6
1778216400000,0.12863,0.12903,0.12771,0.12771,1392533.8999999999
1778220000000,0.12765,0.12836,0.12687,0.128,1836153.8
1778223600000,0.12808,0.12927,0.12725,0.12913,2786870.6000000001
1778227200000,0.12918,0.13194,0.12903,0.1319,1660208.5
1778230800000,0.132,0.13575,0.13106,0.13185,5024317.0999999996
1778234400000,0.1319,0.13388,0.13127,0.1314,2896987.7999999998
1778238000000,0.1314,0.13575,0.13081,0.13488,5676603.0
1778241600000,0.13499,0.13633,0.13212,0.13263,3001060.6000000001
1778245200000,0.13263,0.13311,0.1309,0.13232,3587641.2999999998
1778248800000,0.13245,0.13535,0.13215,0.1351,7522157.5999999996
1778252400000,0.13511,0.13789,0.13429,0.13784,3246015.3999999999
1778256000000,0.1379,0.13939,0.13588,0.13712,2938703.0
1778259600000,0.13709,0.14319,0.13706,0.14192,5196277.5
1778263200000,0.14208,0.14637,0.14128,0.14446,1538418.0
1778266800000,0.14433,0.14738,0.14369,0.14635,2048984.5
1778270400000,0.14651,0.1467,0.14293,0.1444,2084239.7
1778274000000,0.14448,0.14688,0.14401,0.14657,1678853.7
1778277600000,0.14654,0.1477,0.14387,0.14418,941852.5
1778281200000,0.144,0.144,0.14182,0.14258,751370.4
1778284800000,0.14258,0.14552,0.14225,0.14306,920568.8
1778288400000,0.14303,0.14413,0.1425,0.14325,917705.4
1778292000000,0.14323,0.14576,0.1432,0.14541,626413.9
1778295600000,0.14548,0.14619,0.14339,0.14433,701377.1
1778299200000,0.14441,0.14522,0.14303,0.14389,552059.2
1778302800000,0.14357,0.14504,0.14313,0.14415,745739.3
1778306400000,0.14413,0.14681,0.14409,0.14654,1090519.7
1778310000000,0.14661,0.14824,0.1455,0.14667,4205992.5
1778313600000,0.14677,0.1496,0.14656,0.14665,2667154.0
1778317200000,0.14654,0.14654,0.14196,0.14282,2487656.0
1778320800000,0.14281,0.14323,0.14186,0.143,1634049.7
1778324400000,0.14282,0.14362,0.1424,0.14269,1841105.8
1778328000000,0.14265,0.14324,0.14193,0.14239,417400.1
1778331600000,0.14242,0.1429,0.13989,0.14151,1444237.7
1778335200000,0.14151,0.14185,0.14042,0.14114,928346.3
1778338800000,0.14123,0.14136,0.13932,0.13947,1317105.3
1778342400000,0.13945,0.14145,0.13872,0.14051,2152019.2000000002
1778346000000,0.14051,0.1422,0.14048,0.14167,1564139.2
1778349600000,0.14163,0.14242,0.14158,0.14213,404798.0
1778353200000,0.14203,0.14242,0.14164,0.14229,699919.9
1778356800000,0.14236,0.14256,0.14169,0.14248,455364.5
1778360400000,0.14243,0.14328,0.14205,0.14252,432578.6
1778364000000,0.14263,0.14272,0.14206,0.14257,627133.5
1778367600000,0.1426,0.14277,0.14178,0.14248,428020.2
1778371200000,0.1424,0.14249,0.14068,0.14112,1048241.8
1778374800000,0.14115,0.1412,0.13953,0.13969,404953.1
1778378400000,0.1397,0.14016,0.13922,0.13973,1309148.8
1778382000000,0.13981,0.14064,0.13968,0.13993,162083.2
1778385600000,0.14,0.14056,0.13957,0.14043,533776.6
1778389200000,0.14037,0.14046,0.13988,0.14012,311381.0
1778392800000,0.14005,0.14025,0.1397,0.14001,58925.8
1778396400000,0.14004,0.14133,0.14004,0.14076,522440.7
1778400000000,0.14075,0.14311,0.14062,0.14228,917442.9
1778403600000,0.14237,0.14266,0.14174,0.14182,330203.5
1778407200000,0.1418,0.144,0.14085,0.14378,524108.6
1778410800000,0.14385,0.14433,0.14216,0.14258,373219.7
1778414400000,0.14273,0.14401,0.14219,0.1432,622483.9
1778418000000,0.14338,0.14447,0.14267,0.14393,642586.2
1778421600000,0.1441,0.14473,0.14104,0.14154,975591.9
1778425200000,0.14159,0.14336,0.14157,0.14299,541471.2
1778428800000,0.14299,0.14431,0.14278,0.14355,548673.0
1778432400000,0.14345,0.14512,0.1429,0.14473,1319131.3999999999
1778436000000,0.1447,0.1458,0.144,0.14542,564212.9
1778439600000,0.14535,0.14614,0.14439,0.14525,2545413.7000000002
1778443200000,0.14526,0.14616,0.13863,0.14082,5139560.4000000004
1778446800000,0.14082,0.14269,0.1401,0.14164,4756735.4000000004
1778450400000,0.14154,0.14517,0.14119,0.14499,5454260.5
1778454000000,0.14492,0.14532,0.14369,0.144,3597311.6000000001
1778457600000,0.14408,0.14504,0.14208,0.14291,4221732.7999999998
1778461200000,0.14291,0.14431,0.14223,0.14345,2889091.7999999998
1778464800000,0.14349,0.14369,0.14169,0.14226,3788621.6000000001
1778468400000,0.14237,0.14241,0.13979,0.14129,683313.4
1778472000000,0.14119,0.14164,0.14045,0.14125,185826.6
1778475600000,0.14123,0.14241,0.14096,0.1418,380465.1
1778479200000,0.14183,0.14214,0.14105,0.14127,187944.5
1778482800000,0.14108,0.14169,0.14048,0.14168,280976.4
1778486400000,0.1417,0.14233,0.14065,0.14207,370350.4
1778490000000,0.142,0.14299,0.14185,0.1428,948188.8
1778493600000,0.14271,0.14419,0.14198,0.14211,1745422.8
1778497200000,0.14211,0.1432,0.14185,0.14235,432400.6
1778500800000,0.14237,0.14285,0.14124,0.14156,2051969.6000000001
1778504400000,0.14153,0.14329,0.14153,0.14289,1710938.8
1778508000000,0.14286,0.14396,0.14034,0.14142,951057.3
1778511600000,0.14144,0.14218,0.14016,0.14217,1532508.3
1778515200000,0.14209,0.14277,0.14075,0.14138,504401.5
1778518800000,0.14149,0.1435,0.14087,0.14321,280237.7
1778522400000,0.14306,0.14378,0.14171,0.14171,472855.1
1778526000000,0.14177,0.14261,0.14146,0.1423,702524.0
1778529600000,0.14234,0.14318,0.14125,0.14173,3375371.5
1778533200000,0.14174,0.14202,0.14117,0.14117,156052.2
1778536800000,0.14113,0.14172,0.14074,0.14113,543564.8
1778540400000,0.14109,0.14175,0.14053,0.14106,647371.3
1778544000000,0.14101,0.14205,0.14059,0.14177,401327.6
1778547600000,0.14164,0.14167,0.13824,0.13888,1462405.5
1778551200000,0.1389,0.13967,0.13858,0.13912,861561.9
1778554800000,0.13921,0.1394,0.13846,0.13872,226113.3
1778558400000,0.13859,0.13875,0.13722,0.13851,7102711.0999999996
1778562000000,0.13845,0.14004,0.13836,0.13971,1020725.0
1778565600000,0.13964,0.13972,0.13871,0.13919,963187.7
1778569200000,0.1391,0.13921,0.13801,0.13876,380420.5
1778572800000,0.13874,0.13887,0.13772,0.13836,128393.4
1778576400000,0.13827,0.13909,0.1376,0.13844,438134.4
1778580000000,0.13848,0.13879,0.1368,0.13743,343405.2
1778583600000,0.13736,0.13754,0.13641,0.13742,316416.1
1778587200000,0.13747,0.13865,0.1368,0.13813,629415.5
1778590800000,0.13821,0.13861,0.13622,0.13642,1783860.3
1778594400000,0.13646,0.13722,0.13469,0.13541,909717.9
1778598000000,0.13541,0.13638,0.13519,0.13576,359914.5
1778601600000,0.13571,0.13645,0.13414,0.13478,367203.0
1778605200000,0.13482,0.13674,0.13482,0.13646,358442.2
1778608800000,0.13651,0.13722,0.13632,0.13674,240813.3
1778612400000,0.13681,0.13766,0.13681,0.13728,541063.0
1778616000000,0.13728,0.13756,0.13701,0.13713,93790.1
1778619600000,0.13721,0.13748,0.13696,0.13701,162828.8
1778623200000,0.13704,0.13764,0.13696,0.13696,113164.8
1778626800000,0.13701,0.13711,0.13614,0.13618,181982.2
1778630400000,0.13621,0.13719,0.136,0.1367,432298.6
1778634000000,0.13686,0.13955,0.13682,0.13899,1126253.1000000001
1778637600000,0.139,0.13976,0.13869,0.13974,781584.4
1778641200000,0.1398,0.14077,0.13948,0.14055,626966.1
1778644800000,0.14073,0.14198,0.14058,0.14152,1905913.8999999999
1778648400000,0.14144,0.14182,0.1393,0.13983,983807.6
1778652000000,0.13977,0.14062,0.13944,0.13987,400681.4
1778655600000,0.13978,0.1402,0.13939,0.14015,99243.6
1778659200000,0.14024,0.14076,0.13978,0.14034,269804.1
1778662800000,0.14034,0.14336,0.14015,0.14253,605301.9
1778666400000,0.14258,0.14269,0.1399,0.14042,506208.8
1778670000000,0.14031,0.14046,0.13828,0.13868,1066812.7
1778673600000,0.13861,0.13907,0.13437,0.13567,939833.9
1778677200000,0.13569,0.13617,0.1335,0.13383,452263.8
1778680800000,0.13383,0.13492,0.133,0.13388,1078173.6000000001
1778684400000,0.13394,0.13435,0.13091,0.13124,1230424.3
1778688000000,0.13119,0.13285,0.13115,0.1325,377954.6
1778691600000,0.13251,0.13312,0.13219,0.13269,103691.1
1778695200000,0.13272,0.13406,0.13272,0.13304,276434.8
1778698800000,0.133,0.13321,0.13209,0.13228,116923.2
1778702400000,0.13239,0.13309,0.13222,0.1328,81660.9
1778706000000,0.13291,0.13291,0.13142,0.13142,844774.3
1778709600000,0.13159,0.13207,0.13099,0.13192,143910.4
1778713200000,0.13197,0.13233,0.13169,0.13195,88955.8
1778716800000,0.13189,0.13266,0.13189,0.1322,221304.3
1778720400000,0.13216,0.13237,0.13158,0.13165,2444193.2000000002
1778724000000,0.13167,0.13189,0.13021,0.13046,343535.4
1778727600000,0.13044,0.13081,0.12842,0.12879,1037825.6
1778731200000,0.12872,0.12952,0.12831,0.12932,319166.4
1778734800000,0.12932,0.13033,0.12917,0.13015,557431.9
1778738400000,0.13009,0.1309,0.12998,0.13027,269746.2
1778742000000,0.1302,0.13065,0.12975,0.12975,760971.0
1778745600000,0.12981,0.13064,0.12934,0.13012,2341688.0
1778749200000,0.13002,0.13056,0.12976,0.12993,2109204.8999999999
1778752800000,0.12995,0.13035,0.12935,0.13028,401824.3
1778756400000,0.13029,0.13033,0.12899,0.12901,797743.0
1778760000000,0.12898,0.13032,0.12898,0.13016,475476.6
1778763600000,0.13018,0.13093,0.12969,0.13022,540813.0
1778767200000,0.13022,0.13366,0.12955,0.13352,561214.1
1778770800000,0.13355,0.13437,0.13263,0.13426,1054088.3999999999
1778774400000,0.13435,0.13584,0.13269,0.13447,775536.2
1778778000000,0.13445,0.13499,0.13287,0.13368,896226.7
1778781600000,0.13367,0.13488,0.13297,0.13451,348053.3
1778785200000,0.13445,0.13495,0.13295,0.1334,205034.5
1778788800000,0.13339,0.13341,0.13189,0.13276,2081827.1000000001
1778792400000,0.13289,0.13311,0.13215,0.13265,200761.9
1778796000000,0.1326,0.1329,0.13235,0.13235,66900.1
1778799600000,0.13224,0.1323,0.13095,0.13128,2332276.8999999999
1778803200000,0.13125,0.13249,0.13124,0.13149,346958.6
1778806800000,0.13154,0.13176,0.13042,0.13044,484406.5
1778810400000,0.13043,0.13128,0.12932,0.13109,887333.0
1778814000000,0.13101,0.13125,0.13022,0.13038,677817.6
1778817600000,0.13038,0.13039,0.12922,0.12922,264164.3
1778821200000,0.12918,0.12952,0.12681,0.1271,1046834.2
1778824800000,0.12697,0.12848,0.12677,0.12812,666276.4
1778828400000,0.12817,0.1296,0.12788,0.12878,1459836.2
1778832000000,0.12858,0.1286,0.12735,0.12808,1065917.3
1778835600000,0.1281,0.12843,0.12779,0.12814,778132.7
1778839200000,0.12808,0.12938,0.12795,0.12896,821268.5
1778842800000,0.12896,0.12909,0.12828,0.12828,142688.7
1778846400000,0.12832,0.12836,0.12694,0.12704,1456742.5
1778850000000,0.12702,0.12702,0.12277,0.12309,4720491.0
1778853600000,0.12321,0.12449,0.12234,0.12376,2174961.1000000001
1778857200000,0.12377,0.12404,0.12307,0.12381,285401.6
1778860800000,0.12385,0.12541,0.1236,0.1253,600877.2
1778864400000,0.1253,0.12614,0.12526,0.12604,724104.9
1778868000000,0.12622,0.12637,0.12556,0.12599,215957.2
1778871600000,0.12598,0.12617,0.12539,0.12551,178849.3
1778875200000,0.1255,0.1256,0.12469,0.12504,165574.9
1778878800000,0.125,0.12531,0.12432,0.12446,277463.7
1778882400000,0.12448,0.12488,0.12435,0.12471,435074.4
1778886000000,0.12466,0.12496,0.12462,0.12467,164354.1
1778889600000,0.12475,0.12503,0.12439,0.12453,1003470.3
1778893200000,0.12464,0.12479,0.12403,0.12478,89553.6
1778896800000,0.12477,0.1249,0.12417,0.12448,131646.4
1778900400000,0.12453,0.12502,0.12418,0.12455,110826.0
1778904000000,0.12454,0.12459,0.12325,0.12366,331810.3
1778907600000,0.12364,0.12365,0.12271,0.12278,385708.6
1778911200000,0.12287,0.1229,0.12086,0.12125,582693.6
1778914800000,0.12124,0.12124,0.11846,0.12022,813022.7
1778918400000,0.12025,0.12055,0.1198,0.11982,754369.1
1778922000000,0.11983,0.11996,0.11812,0.11844,3051766.2999999998
1778925600000,0.11842,0.11871,0.1178,0.11861,948176.4
1778929200000,0.11872,0.11948,0.11872,0.1189,3860980.2999999998
1778932800000,0.11888,0.11941,0.11873,0.11915,327165.1
1778936400000,0.11915,0.11956,0.11898,0.11908,181251.1
1778940000000,0.11918,0.12043,0.11883,0.11988,227899.0
1778943600000,0.11991,0.12087,0.11974,0.12032,4690662.0999999996
1778947200000,0.12032,0.12108,0.12027,0.12066,338200.6
1778950800000,0.12069,0.12109,0.12061,0.12091,202494.3
1778954400000,0.12084,0.12085,0.12022,0.12027,212167.8
1778958000000,0.1203,0.12038,0.11989,0.11996,819100.0
1778961600000,0.12002,0.1202,0.11979,0.11987,327485.5
1778965200000,0.11986,0.12004,0.11974,0.11986,347001.0
1778968800000,0.11983,0.11985,0.11941,0.1195,226954.5
1778972400000,0.11949,0.11968,0.11925,0.11937,163771.9
1778976000000,0.11935,0.11968,0.11873,0.11892,262405.7
1778979600000,0.11893,0.11924,0.11821,0.11845,269065.0
1778983200000,0.11846,0.11886,0.11837,0.11852,153355.2
1778986800000,0.11858,0.11941,0.11858,0.11922,101077.1
1778990400000,0.11918,0.12009,0.11911,0.11968,155088.8
1778994000000,0.11969,0.12122,0.11969,0.1209,3109823.2999999998
1778997600000,0.12096,0.12219,0.12092,0.12208,370608.9
1779001200000,0.12199,0.12214,0.12139,0.12174,237811.0
1779004800000,0.12177,0.12184,0.1207,0.12088,276075.3
1779008400000,0.12089,0.12184,0.12076,0.12164,109015.9
1779012000000,0.12167,0.12219,0.12161,0.12184,183850.7
1779015600000,0.12185,0.122,0.12156,0.12183,111261.7
1779019200000,0.1218,0.12233,0.12131,0.12144,141793.2
1779022800000,0.1214,0.12187,0.11919,0.11979,562207.9
1779026400000,0.11982,0.11985,0.11872,0.11893,220374.6
1779030000000,0.11892,0.1194,0.1188,0.11935,214055.3
1779033600000,0.11938,0.11968,0.11858,0.11868,124688.8
1779037200000,0.11872,0.11886,0.11835,0.11866,96849.9
1779040800000,0.11865,0.11903,0.11798,0.11871,248384.9
1779044400000,0.11872,0.11929,0.11851,0.11911,446347.3
1779048000000,0.11904,0.11916,0.1185,0.1185,163722.6
1779051600000,0.1185,0.11966,0.11837,0.11944,165243.9
1779055200000,0.11946,0.11946,0.11783,0.11799,1064082.7
1779058800000,0.11791,0.11801,0.11267,0.11637,4982154.7999999998
1779062400000,0.11639,0.11639,0.11493,0.11614,941658.1
1779066000000,0.11623,0.11673,0.11522,0.11643,586859.5
1779069600000,0.11641,0.1174,0.11641,0.11693,1018587.6
1779073200000,0.11695,0.11726,0.11621,0.1164,478188.8
1779076800000,0.1164,0.11699,0.11632,0.11683,232098.1
1779080400000,0.11683,0.11683,0.11587,0.11599,498198.4
1779084000000,0.11607,0.11628,0.11535,0.11599,457402.0
1779087600000,0.11611,0.11633,0.11517,0.11585,567333.3
1779091200000,0.11589,0.11618,0.11576,0.11611,639250.6
1779094800000,0.11611,0.11619,0.115,0.115,791927.5
1779098400000,0.11509,0.11513,0.1144,0.11484,1528206.0
1779102000000,0.11484,0.11666,0.11446,0.11606,490747.8
1779105600000,0.11617,0.11739,0.11617,0.11698,468746.8
1779109200000,0.11694,0.11697,0.11519,0.11629,789516.8
1779112800000,0.11619,0.11631,0.11474,0.11514,536865.0
1779116400000,0.1151,0.11544,0.11391,0.11508,542649.7
1779120000000,0.11516,0.11582,0.11491,0.11559,325935.6
1779123600000,0.11548,0.11627,0.11547,0.11598,209306.1
1779127200000,0.11603,0.11603,0.11408,0.11418,364015.9
1779130800000,0.11417,0.11699,0.11416,0.11655,410618.0
1779134400000,0.11665,0.11708,0.11607,0.1165,301487.8
1779138000000,0.11651,0.11773,0.11611,0.11757,484561.2
1779141600000,0.11757,0.11781,0.11692,0.11739,116864.1
1779145200000,0.11731,0.11753,0.11701,0.1175,439732.4
1779148800000,0.11751,0.11867,0.11746,0.11807,279867.3
1779152400000,0.11802,0.11802,0.11673,0.11683,377178.6
1779156000000,0.11668,0.11738,0.11633,0.11635,276602.6
1779159600000,0.11641,0.11738,0.11622,0.11682,277133.1
1779163200000,0.11681,0.11745,0.11661,0.11688,184952.2
1779166800000,0.11698,0.117,0.11595,0.11644,870800.9
1779170400000,0.1165,0.11713,0.11635,0.11697,147524.0
1779174000000,0.11691,0.11762,0.11674,0.11742,203566.4
1779177600000,0.1174,0.11752,0.11643,0.11701,469576.2
1779181200000,0.117,0.1171,0.11565,0.11614,1434574.2
1779184800000,0.11613,0.1163,0.11526,0.11576,568711.6
1779188400000,0.11576,0.11588,0.11471,0.11497,139255.5
1779192000000,0.11492,0.11538,0.11479,0.11538,291060.2
1779195600000,0.11544,0.11642,0.1149,0.11593,416006.7
1779199200000,0.11596,0.1162,0.11423,0.1149,680687.9
1779202800000,0.11491,0.11548,0.11448,0.11486,238995.5
1779206400000,0.11494,0.11576,0.11452,0.11563,833299.4
1779210000000,0.11564,0.11573,0.11471,0.11478,214662.6
1779213600000,0.1149,0.11517,0.11433,0.11436,332121.2
1779217200000,0.11441,0.11491,0.11408,0.11415,890875.6
1779220800000,0.11431,0.11488,0.11427,0.11472,143142.8
1779224400000,0.11473,0.11504,0.11423,0.11432,493048.3
1779228000000,0.11421,0.11421,0.1133,0.1133,443019.2
1779231600000,0.11324,0.11383,0.11318,0.11354,340025.1
1779235200000,0.11346,0.11364,0.11277,0.11313,509262.4
1779238800000,0.1132,0.11368,0.11237,0.11347,538999.9
1779242400000,0.11354,0.1136,0.11228,0.11239,318784.4
1779246000000,0.11239,0.113,0.11217,0.11227,142757.6
1779249600000,0.11234,0.11313,0.11223,0.11313,347301.3
1779253200000,0.11317,0.11412,0.11317,0.11372,675757.8
1779256800000,0.11374,0.11423,0.11362,0.11405,157903.8
1779260400000,0.11402,0.1143,0.11367,0.11377,268344.2
1779264000000,0.11384,0.11455,0.11361,0.11361,1000274.7
1779267600000,0.11358,0.11386,0.11283,0.1129,238821.9
1779271200000,0.11305,0.11329,0.11265,0.11284,223392.6
1779274800000,0.11293,0.11309,0.11215,0.11242,1194813.3999999999
1779278400000,0.11238,0.11383,0.11203,0.11341,572877.8
1779282000000,0.11348,0.11352,0.11135,0.11206,491037.2
1779285600000,0.11199,0.11373,0.1118,0.11336,704816.7
1779289200000,0.11335,0.11402,0.11263,0.11292,595602.5
1779292800000,0.11293,0.11321,0.11203,0.11246,374965.7
1779296400000,0.11244,0.11359,0.11223,0.11273,1452525.7
1779300000000,0.11265,0.1128,0.11154,0.11168,879620.7
1779303600000,0.11168,0.11222,0.11103,0.11191,1256597.2
1779307200000,0.11192,0.1123,0.11113,0.11222,587427.8
1779310800000,0.11224,0.11246,0.11069,0.11079,450409.9
1779314400000,0.11078,0.11098,0.11,0.11048,1461442.1000000001
1779318000000,0.11044,0.11048,0.10958,0.10996,304498.2
1779321600000,0.10995,0.11204,0.10976,0.11176,1479633.7
1779325200000,0.1117,0.11239,0.11137,0.1118,287102.2
1779328800000,0.11181,0.11247,0.11155,0.11173,608990.4
1779332400000,0.11176,0.11285,0.11147,0.11263,683529.8
1779336000000,0.11271,0.11351,0.11247,0.11303,710889.8
1779339600000,0.11292,0.11323,0.11059,0.11129,1000048.9
1779343200000,0.11127,0.11161,0.11084,0.1113,879119.1
1779346800000,0.11121,0.11169,0.11072,0.11131,838400.2
1779350400000,0.11121,0.11231,0.11121,0.11138,773274.3
1779354000000,0.11143,0.11177,0.10995,0.11005,705113.2
1779357600000,0.11004,0.11029,0.10851,0.10875,1263069.3999999999
1779361200000,0.10872,0.10926,0.10852,0.10876,1343226.1000000001
1779364800000,0.10881,0.10973,0.10834,0.1093,834370.5
1779368400000,0.10929,0.11036,0.10882,0.11023,1181640.1000000001
1779372000000,0.11022,0.11108,0.10985,0.11059,721979.5
1779375600000,0.11053,0.11264,0.11018,0.11219,4547311.5999999996
1779379200000,0.11218,0.1127,0.11085,0.11154,827425.8
1779382800000,0.11161,0.11549,0.11149,0.11459,5372318.7000000002
1779386400000,0.11482,0.11577,0.1128,0.11367,2035869.7
1779390000000,0.11375,0.11451,0.11325,0.11416,2901583.1000000001
1779393600000,0.11415,0.11474,0.11378,0.11405,803407.0
1779397200000,0.11405,0.11476,0.11381,0.11391,1480538.0
1779400800000,0.11401,0.11402,0.11282,0.11291,1109109.0
1779404400000,0.11289,0.11325,0.11233,0.11282,1007170.7
1779408000000,0.1129,0.1129,0.11151,0.11176,1855426.1000000001
1779411600000,0.11173,0.11243,0.11148,0.11221,1436352.5
1779415200000,0.11225,0.11328,0.11225,0.11312,1922769.2
1779418800000,0.11309,0.11434,0.113,0.11419,1507468.3
1779422400000,0.11424,0.11518,0.11371,0.11429,1244776.6000000001
1779426000000,0.11424,0.11513,0.11395,0.11434,1541141.1000000001
1779429600000,0.11439,0.11439,0.11338,0.11369,863428.8
1779433200000,0.11366,0.11426,0.11291,0.11335,863116.4
1779436800000,0.11334,0.11416,0.1123,0.11288,857123.4
1779440400000,0.11281,0.11308,0.11215,0.11251,1075423.0
1779444000000,0.11251,0.11312,0.11202,0.11285,921881.1
1779447600000,0.11297,0.11435,0.11274,0.11421,761202.9
1779451200000,0.11417,0.1156,0.11376,0.1156,995088.0
1779454800000,0.11559,0.11567,0.11366,0.11431,1147270.5
1779458400000,0.11422,0.11422,0.1118,0.11215,999624.6
1779462000000,0.11211,0.11296,0.11148,0.11242,305276.1
1779465600000,0.11238,0.11306,0.11215,0.11288,549897.5
1779469200000,0.11292,0.11352,0.1122,0.11227,1221601.6000000001
1779472800000,0.11224,0.11236,0.10863,0.11024,3143705.2999999998
1779476400000,0.11024,0.11059,0.10809,0.1091,1167524.0
1779480000000,0.1091,0.11017,0.10895,0.11,668480.5
1779483600000,0.10999,0.11048,0.10969,0.11015,429046.3
1779487200000,0.11011,0.11021,0.10944,0.10973,451731.0
1779490800000,0.10996,0.11029,0.10809,0.10872,1810843.2
1779494400000,0.10871,0.10957,0.10833,0.10948,642598.1
1779498000000,0.10963,0.10989,0.10891,0.10969,255514.1
1779501600000,0.10976,0.10982,0.10923,0.10971,176959.2
1779505200000,0.10975,0.11006,0.10963,0.10982,168961.1
1779508800000,0.1098,0.10984,0.10875,0.10894,349902.6
1779512400000,0.10895,0.10899,0.10827,0.10873,307642.1
1779516000000,0.10874,0.10882,0.1077,0.10801,516631.2
1779519600000,0.10804,0.10805,0.10316,0.10415,3476889.7999999998
1779523200000,0.10407,0.1048,0.10332,0.10471,1868503.8
1779526800000,0.10464,0.10511,0.10464,0.10482,558949.9
1779530400000,0.10482,0.10512,0.10459,0.1048,325875.6
1779534000000,0.10486,0.10513,0.10479,0.10491,176481.3
1779537600000,0.10483,0.10492,0.10445,0.10462,174767.0
1779541200000,0.10467,0.10598,0.10467,0.10565,1108820.2
1779544800000,0.10571,0.10725,0.1055,0.1071,1539563.6000000001
1779548400000,0.1071,0.10796,0.10692,0.10746,339972.0
1779552000000,0.10752,0.10872,0.10726,0.10849,424890.8
1779555600000,0.10858,0.10902,0.10794,0.10824,725545.9
1779559200000,0.10823,0.11029,0.10821,0.10966,467006.3
1779562800000,0.10961,0.11021,0.10941,0.10955,286642.8
1779566400000,0.10954,0.11195,0.10896,0.11195,1514835.8
1779570000000,0.11204,0.11221,0.10972,0.1101,691267.4
1779573600000,0.11015,0.1103,0.10871,0.109,309419.2
1779577200000,0.10898,0.10961,0.10894,0.10937,150028.1
1779580800000,0.10942,0.10972,0.10912,0.10958,871256.8
1779584400000,0.10958,0.10992,0.10926,0.10945,1429695.2
1779588000000,0.10944,0.10955,0.10865,0.10913,613942.5
1779591600000,0.1091,0.10949,0.10866,0.10889,223687.2
1779595200000,0.10887,0.10919,0.10874,0.10878,264107.5
1779598800000,0.10878,0.10878,0.10812,0.10863,181952.9
1779602400000,0.10874,0.10935,0.10847,0.10921,184061.0
1779606000000,0.10918,0.10949,0.10889,0.10899,328292.5
1779609600000,0.10903,0.10923,0.10852,0.10898,506129.6
1779613200000,0.10893,0.10909,0.10727,0.10784,780912.6
1779616800000,0.10782,0.10826,0.1071,0.10726,367275.5
1779620400000,0.10728,0.10737,0.10634,0.10635,468493.8
1779624000000,0.10641,0.10648,0.106,0.10634,688071.1
1779627600000,0.10644,0.10666,0.10569,0.10626,862967.2
1779631200000,0.10623,0.10651,0.10468,0.1061,624765.1
1779634800000,0.10609,0.10613,0.10555,0.1058,182734.6
1779638400000,0.10574,0.10647,0.10565,0.10595,210705.2
1779642000000,0.10585,0.10621,0.10568,0.10598,733841.1
1779645600000,0.10596,0.10621,0.10571,0.10577,307850.3
1779649200000,0.10593,0.10637,0.1058,0.10632,117047.1
1779652800000,0.10639,0.10643,0.10546,0.10555,171573.5
1779656400000,0.10555,0.10573,0.10331,0.10397,965266.5
1779660000000,0.10404,0.10563,0.10398,0.10472,599958.4
1779663600000,0.10483,0.10586,0.10481,0.10558,210350.8
1779667200000,0.10572,0.10588,0.10537,0.10548,2575868.7000000002
1779670800000,0.10563,0.10604,0.10459,0.10459,248458.0
1779674400000,0.10477,0.10621,0.10449,0.10501,4737124.7000000002
1779678000000,0.10501,0.10513,0.10478,0.10496,824594.6
1779681600000,0.10495,0.10643,0.10473,0.10618,948580.7
1779685200000,0.10611,0.10745,0.10606,0.10711,647005.1
1779688800000,0.10707,0.1076,0.10649,0.10744,525851.2
1779692400000,0.10746,0.10793,0.10692,0.10726,1842519.7
1779696000000,0.10726,0.10779,0.10702,0.10773,829730.5
1779699600000,0.10772,0.10784,0.10711,0.10714,318521.4
1779703200000,0.10715,0.10817,0.10704,0.10786,630441.5
1779706800000,0.10786,0.10786,0.10756,0.10762,1152378.7
1779710400000,0.10753,0.10842,0.10727,0.10812,344924.3
1779714000000,0.10802,0.10843,0.10774,0.1083,1142200.3999999999
1779717600000,0.1083,0.10943,0.10824,0.10886,1007679.1
1779721200000,0.10893,0.10944,0.10847,0.10933,1004731.3
1779724800000,0.10932,0.11031,0.10899,0.10992,643769.6
1779728400000,0.10989,0.11067,0.10968,0.11034,423785.6
1779732000000,0.11036,0.11096,0.10988,0.10991,448761.9
1779735600000,0.10989,0.10989,0.10898,0.10938,1766124.8999999999
1779739200000,0.1094,0.11009,0.10859,0.10876,631667.8
1779742800000,0.10883,0.10909,0.10856,0.10904,318575.6
1779746400000,0.10891,0.109,0.10758,0.10784,578865.1
1779750000000,0.10776,0.1086,0.10759,0.10836,2808198.1000000001
1779753600000,0.10836,0.10859,0.10676,0.10757,4987298.7000000002
1779757200000,0.10752,0.10776,0.10643,0.10719,913489.7
1779760800000,0.10717,0.10727,0.10665,0.10698,371309.5
1779764400000,0.10702,0.10763,0.10672,0.10756,312975.7
1779768000000,0.10751,0.10845,0.10716,0.10802,1689061.7
1779771600000,0.108,0.10951,0.1078,0.10932,979816.4
1779775200000,0.10935,0.10987,0.10854,0.10954,390963.2
1779778800000,0.1096,0.10975,0.1083,0.10893,341685.7
1779782400000,0.10904,0.11027,0.10903,0.11002,692768.0
1779786000000,0.11014,0.1111,0.10982,0.11089,304537.1
1779789600000,0.11086,0.11286,0.11039,0.11239,2518711.3999999999
1779793200000,0.1124,0.11261,0.11136,0.11156,563838.8
1779796800000,0.11154,0.1124,0.11079,0.11226,687898.9
1779800400000,0.11228,0.11297,0.11083,0.11138,5556139.9000000004
1779804000000,0.11146,0.113,0.11073,0.11141,4167592.5
1779807600000,0.11139,0.11145,0.10874,0.10998,1008121.7
1779811200000,0.10984,0.11003,0.10871,0.10916,1416478.6000000001
1779814800000,0.10915,0.10959,0.10723,0.10775,859023.1
1779818400000,0.10774,0.10862,0.10743,0.10792,561123.8
1779822000000,0.10793,0.10861,0.10744,0.10845,183089.8
1779825600000,0.1085,0.1088,0.1081,0.1088,241308.1
1779829200000,0.1088,0.10917,0.108,0.10822,698646.5
1779832800000,0.10828,0.10864,0.10807,0.10825,1672777.5
1779836400000,0.10835,0.10916,0.10835,0.10865,205754.9
1779840000000,0.10874,0.11027,0.10865,0.11027,857887.3
1779843600000,0.11024,0.11041,0.10922,0.10922,637953.6
1779847200000,0.10937,0.10949,0.10843,0.1092,564854.0
1779850800000,0.10929,0.10948,0.10818,0.10828,458598.7
1779854400000,0.10814,0.10833,0.10646,0.10797,3732365.7000000002
1779858000000,0.10796,0.10905,0.10782,0.10895,498311.4
1779861600000,0.10892,0.10957,0.10846,0.1093,249682.2
1779865200000,0.10936,0.1095,0.1087,0.10916,225414.5
1779868800000,0.10916,0.10997,0.10877,0.10884,2223246.5
1779872400000,0.10885,0.1091,0.10831,0.10861,395020.0
1779876000000,0.10856,0.10887,0.10828,0.10881,195861.4
1779879600000,0.10874,0.10944,0.10861,0.10866,391279.9
1779883200000,0.10869,0.11068,0.10835,0.1096,2277818.2999999998
1779886800000,0.10966,0.10975,0.10714,0.10839,882159.5
1779890400000,0.10834,0.10908,0.10763,0.10851,1386473.1000000001
1779894000000,0.10854,0.11054,0.10839,0.11008,831468.3
1779897600000,0.11009,0.1111,0.10933,0.11003,581135.2
1779901200000,0.11002,0.11004,0.10781,0.10824,625348.4
1779904800000,0.10823,0.1095,0.10765,0.10935,297307.0
1779908400000,0.10936,0.10985,0.10896,0.10925,351550.3
1779912000000,0.10919,0.10966,0.10872,0.10956,198245.8
1779915600000,0.10952,0.10972,0.10572,0.10659,1495056.2
1779919200000,0.10661,0.10748,0.10629,0.107,526383.3
1779922800000,0.10685,0.10743,0.10656,0.10707,375461.8
1779926400000,0.10707,0.10746,0.1068,0.10705,578752.1
1779930000000,0.10704,0.10704,0.10486,0.10643,655272.4
1779933600000,0.10647,0.10686,0.10624,0.10657,685707.0
1779937200000,0.10644,0.10644,0.1031,0.10351,2631682.8999999999
1779940800000,0.10343,0.10344,0.10142,0.10285,3215950.3999999999
1779944400000,0.10294,0.10309,0.1018,0.1023,379610.5
1779948000000,0.10226,0.10246,0.10106,0.10188,1009974.9
1779951600000,0.102,0.10313,0.10185,0.10308,650052.2
1779955200000,0.10315,0.10316,0.10235,0.1024,895516.0
1779958800000,0.10239,0.10294,0.10223,0.10284,1173594.1000000001
1779962400000,0.10283,0.10297,0.10197,0.10197,4247307.7000000002
1779966000000,0.10198,0.10241,0.10181,0.10213,303830.8
1779969600000,0.10214,0.1025,0.10128,0.10246,720206.0
1779973200000,0.10251,0.1027,0.10138,0.10169,877521.6
1779976800000,0.10169,0.10288,0.10048,0.10182,1689682.1000000001
1779980400000,0.10185,0.10244,0.10109,0.10191,466216.8
1779984000000,0.10194,0.10374,0.1011,0.10358,953966.6
1779987600000,0.10367,0.10482,0.10346,0.10481,572366.2
1779991200000,0.10482,0.10602,0.1047,0.10592,1550973.8999999999
1779994800000,0.10594,0.10594,0.1047,0.10474,410934.6
1779998400000,0.10476,0.10578,0.10407,0.10519,494098.6
1780002000000,0.10512,0.10591,0.1048,0.10534,361854.6
1780005600000,0.10526,0.10549,0.10374,0.10393,472733.4
1780009200000,0.10392,0.10461,0.10379,0.10441,248998.0
1780012800000,0.10433,0.10482,0.10423,0.10439,374837.5
1780016400000,0.10441,0.10484,0.10395,0.10451,656314.2
1780020000000,0.10455,0.105,0.10344,0.1036,496814.7
1780023600000,0.10366,0.10431,0.10361,0.1037,492091.0
1780027200000,0.10373,0.1042,0.10291,0.1042,740883.7
1780030800000,0.10428,0.10478,0.10407,0.1044,725533.3
1780034400000,0.10443,0.10641,0.10442,0.1056,823375.0
1780038000000,0.10563,0.10614,0.10434,0.105,1732634.6000000001
1780041600000,0.10492,0.1058,0.10478,0.10501,362417.6
1780045200000,0.10502,0.10579,0.105,0.10548,553805.8
1780048800000,0.10542,0.10543,0.10414,0.10453,291098.6
1780052400000,0.10444,0.1046,0.1032,0.10368,344060.2
1780056000000,0.10371,0.10382,0.10251,0.10259,1267305.3
1780059600000,0.10255,0.10279,0.10194,0.10255,1062404.2
1780063200000,0.10271,0.10288,0.10041,0.10241,1637207.1000000001
1780066800000,0.10239,0.1065,0.1022,0.10519,2175514.2000000002
1780070400000,0.10524,0.10532,0.10389,0.10508,682336.6
1780074000000,0.10496,0.10555,0.10445,0.10491,850528.2
1780077600000,0.10493,0.10546,0.1033,0.10366,764123.1
1780081200000,0.10368,0.10392,0.1026,0.10354,278633.4
1780084800000,0.1035,0.10386,0.10313,0.10326,1029528.5
1780088400000,0.10333,0.10406,0.10253,0.10261,1824746.0
1780092000000,0.10266,0.1031,0.10228,0.10284,1215915.8999999999
1780095600000,0.10283,0.10332,0.10271,0.10311,283932.2
1780099200000,0.10309,0.10378,0.10296,0.10368,348234.5
1780102800000,0.10364,0.10531,0.10364,0.10529,3616654.8999999999
1780106400000,0.10533,0.10676,0.10533,0.10663,605093.5
1780110000000,0.10663,0.107,0.10522,0.10544,3812356.7999999998
1780113600000,0.10555,0.10598,0.10336,0.10461,482567.7
1780117200000,0.10462,0.10537,0.10428,0.10508,305310.9
1780120800000,0.1051,0.10525,0.10477,0.10503,2667965.7000000002
1780124400000,0.10502,0.10503,0.10444,0.10476,1159175.6000000001
1780128000000,0.10475,0.10485,0.10435,0.10436,491333.6
1780131600000,0.10436,0.10488,0.10426,0.10464,620110.0
1780135200000,0.10468,0.10477,0.10441,0.10447,757023.9
1780138800000,0.10446,0.10478,0.10404,0.10457,239480.5
1780142400000,0.10457,0.1048,0.1043,0.10478,334760.2
1780146000000,0.10478,0.10524,0.10435,0.10509,390760.5
1780149600000,0.10513,0.10584,0.10509,0.1053,1402772.7
1780153200000,0.10535,0.10552,0.10464,0.10486,1089705.2
1780156800000,0.10486,0.10557,0.10463,0.10493,408732.0
1780160400000,0.10498,0.10501,0.10418,0.1048,274083.2
1780164000000,0.10476,0.10503,0.10451,0.10489,285759.9
1780167600000,0.10486,0.10499,0.10448,0.10474,257788.9
1780171200000,0.10471,0.10488,0.10453,0.10467,227065.1
1780174800000,0.10473,0.10508,0.10455,0.10462,187149.6
1780178400000,0.10462,0.10462,0.10327,0.10354,309506.5
1780182000000,0.10353,0.10377,0.10277,0.10324,3748908.7999999998
1780185600000,0.1033,0.10398,0.10303,0.10396,953710.7
1780189200000,0.10393,0.10452,0.10389,0.10406,360595.4
1780192800000,0.10406,0.10483,0.10362,0.10434,514499.2
1780196400000,0.10436,0.10474,0.10408,0.10455,369954.0
1780200000000,0.10455,0.10504,0.10444,0.10493,1030137.6
1780203600000,0.10493,0.105,0.10438,0.10438,1013704.7
1780207200000,0.10444,0.10445,0.1036,0.10363,375980.2
1780210800000,0.10358,0.10358,0.10247,0.10285,666393.7
1780214400000,0.10283,0.10325,0.10263,0.10285,459216.4
1780218000000,0.10281,0.10344,0.10252,0.10283,498210.2
1780221600000,0.10282,0.10286,0.10174,0.10244,5438884.7999999998
1780225200000,0.10245,0.10299,0.10245,0.10283,560013.2
1780228800000,0.10282,0.10334,0.10252,0.1032,769711.3
1780232400000,0.10318,0.10341,0.10241,0.10241,452958.8
1780236000000,0.10242,0.10242,0.1003,0.10125,2449807.7000000002
1780239600000,0.10117,0.10198,0.10103,0.10103,570659.4
1780243200000,0.10103,0.10119,0.10012,0.10066,785776.8
1780246800000,0.10066,0.10152,0.10045,0.10149,553552.9
1780250400000,0.1015,0.10168,0.10098,0.10118,508947.8
1780254000000,0.10117,0.10133,0.10041,0.10102,1040319.1
1780257600000,0.10103,0.10185,0.10103,0.10168,1207445.7
1780261200000,0.1017,0.10299,0.10157,0.10261,589356.7
1780264800000,0.10276,0.10367,0.10232,0.10344,698186.5
1780268400000,0.1036,0.10444,0.10248,0.10347,2087385.2
1780272000000,0.10356,0.10402,0.1032,0.1033,514890.1
1780275600000,0.10335,0.1034,0.10156,0.10176,253063.6
1780279200000,0.10174,0.10348,0.10136,0.10332,756148.1
1780282800000,0.10348,0.10421,0.10332,0.10349,446609.1
1780286400000,0.10356,0.1042,0.10191,0.10294,1239970.6000000001
1780290000000,0.10271,0.10289,0.10189,0.10221,763251.2
1780293600000,0.1023,0.10242,0.10068,0.10143,1664551.5
1780297200000,0.10143,0.10186,0.10035,0.10064,929553.8
1780300800000,0.10066,0.10096,0.10005,0.10074,1091425.6000000001
1780304400000,0.10084,0.10156,0.10084,0.1011,321406.4
1780308000000,0.10119,0.10126,0.10048,0.10102,637850.2
1780311600000,0.1011,0.10145,0.1004,0.10054,401381.2
1780315200000,0.10065,0.10085,0.09958,0.10011,2053579.5
1780318800000,0.10022,0.10033,0.09823,0.09906,3099439.1000000001
1780322400000,0.09914,0.09947,0.0987,0.09915,1274521.2
1780326000000,0.09917,0.10015,0.09863,0.09982,1289158.8
1780329600000,0.09988,0.10126,0.09903,0.10124,1123932.8999999999
1780333200000,0.1011,0.10277,0.10081,0.10241,3613958.1000000001
1780336800000,0.10236,0.10356,0.10188,0.10281,1721185.7
1780340400000,0.1028,0.10325,0.10191,0.10307,195677.3
1780344000000,0.10319,0.10364,0.10264,0.10276,971129.0
1780347600000,0.10261,0.10261,0.1012,0.10146,614356.4
1780351200000,0.1014,0.10195,0.10075,0.10188,520155.5
1780354800000,0.10187,0.10232,0.10149,0.10227,357269.9
1780358400000,0.10227,0.10268,0.10152,0.10152,627940.6
1780362000000,0.10154,0.10193,0.09993,0.09993,670541.6
1780365600000,0.10007,0.10076,0.09892,0.10076,653483.8
1780369200000,0.10081,0.1014,0.10042,0.1014,495275.0
1780372800000,0.10134,0.10164,0.10036,0.10037,1525512.6000000001
1780376400000,0.10037,0.10069,0.09922,0.09925,649438.3
1780380000000,0.09926,0.09958,0.09833,0.09875,2663384.7000000002
1780383600000,0.09876,0.09885,0.09745,0.09834,2111773.7999999998
1780387200000,0.09834,0.09852,0.09792,0.09819,751948.4
1780390800000,0.09822,0.09822,0.09726,0.0973,672101.0
1780394400000,0.09739,0.09815,0.0968,0.09815,2664249.7999999998
1780398000000,0.09817,0.09862,0.09783,0.09799,2017982.3
1780401600000,0.09797,0.09858,0.09758,0.09829,1101242.8999999999
1780405200000,0.09831,0.09885,0.09789,0.09814,898627.8
1780408800000,0.09817,0.0982,0.09349,0.09491,5821169.0999999996
1780412400000,0.09505,0.09559,0.09227,0.09408,5095265.0
1780416000000,0.09408,0.09625,0.09373,0.09498,4009187.2999999998
1780419600000,0.09497,0.09664,0.09496,0.09591,2310592.6000000001
1780423200000,0.09589,0.09665,0.09425,0.09459,2180020.2000000002
1780426800000,0.09471,0.0951,0.09282,0.0946,1180896.2
1780430400000,0.09456,0.0953,0.09365,0.09444,495231.3
1780434000000,0.09449,0.0953,0.09392,0.0944,1428781.0
1780437600000,0.09431,0.09431,0.09133,0.09193,2010003.1000000001
1780441200000,0.09207,0.09291,0.09086,0.09279,2835300.0
1780444800000,0.09286,0.09345,0.09241,0.09296,2849475.7999999998
1780448400000,0.09274,0.09309,0.09162,0.09189,1337738.8999999999
1780452000000,0.09186,0.09196,0.09114,0.0917,4104396.2000000002
1780455600000,0.09172,0.09179,0.0892,0.08973,2713837.2000000002
1780459200000,0.08985,0.09199,0.08978,0.0918,1345684.0
1780462800000,0.09193,0.09405,0.09183,0.09396,3371009.2000000002
1780466400000,0.09396,0.0959,0.09374,0.09491,1382389.0
1780470000000,0.09491,0.09603,0.09458,0.09601,4066254.2999999998
1780473600000,0.096,0.09604,0.09522,0.09557,906869.4
1780477200000,0.09553,0.09603,0.09464,0.09573,485204.8
1780480800000,0.09561,0.09761,0.0956,0.09731,1589068.7
1780484400000,0.09729,0.09804,0.0961,0.0963,1350520.6000000001
1780488000000,0.09636,0.09636,0.09552,0.09632,1368276.8999999999
1780491600000,0.09636,0.09694,0.09558,0.09623,1032053.0
1780495200000,0.09628,0.09661,0.09547,0.0961,1382861.5
1780498800000,0.09611,0.09611,0.09458,0.09463,858368.8
1780502400000,0.09474,0.09486,0.09304,0.0942,2572272.6000000001
1780506000000,0.09422,0.09516,0.09306,0.09456,3029320.7999999998
1780509600000,0.09458,0.095,0.09368,0.09481,2976606.0
1780513200000,0.09498,0.09501,0.09309,0.09321,913548.5
1780516800000,0.09322,0.09485,0.09155,0.09205,3563303.0
1780520400000,0.09207,0.09538,0.09186,0.09492,5412674.0
1780524000000,0.09491,0.09542,0.09359,0.09389,2080496.8
1780527600000,0.09391,0.09404,0.09289,0.09293,211658.4
1780531200000,0.09284,0.09398,0.09133,0.09201,973555.8
1780534800000,0.09205,0.09256,0.08886,0.08921,4407077.4000000004
1780538400000,0.08925,0.09053,0.08527,0.08976,11471313.8000000007
1780542000000,0.08976,0.09238,0.08976,0.09221,2868579.2000000002
1780545600000,0.09224,0.09272,0.09123,0.09133,1855966.7
1780549200000,0.09134,0.09135,0.08955,0.09042,980528.7
1780552800000,0.09043,0.0915,0.09031,0.09046,308564.2
1780556400000,0.09053,0.09057,0.08912,0.08917,713951.1
1780560000000,0.08917,0.08972,0.08831,0.08917,505357.6
1780563600000,0.08914,0.08915,0.08638,0.08756,2402856.5
1780567200000,0.08757,0.08777,0.0862,0.08677,827932.4
1780570800000,0.08673,0.0883,0.08651,0.08823,1185761.6000000001
1780574400000,0.08837,0.09064,0.0876,0.09046,1526666.5
1780578000000,0.0905,0.09141,0.08903,0.09125,1278738.8
1780581600000,0.09137,0.09153,0.09021,0.09056,2586464.2999999998
1780585200000,0.0906,0.09189,0.0902,0.09165,1163710.3
1780588800000,0.09162,0.09167,0.0904,0.09088,2014926.3
1780592400000,0.09088,0.09127,0.08922,0.08981,2030614.2
1780596000000,0.08994,0.09102,0.0891,0.09057,541929.6
1780599600000,0.09052,0.09096,0.08999,0.09023,382548.9
1780603200000,0.09027,0.09028,0.08905,0.08968,2195499.5
1780606800000,0.08951,0.09,0.0875,0.08776,763377.8
1780610400000,0.0877,0.08877,0.08726,0.0887,909144.5
1780614000000,0.08869,0.08929,0.08798,0.08925,529293.4
1780617600000,0.08926,0.08977,0.0884,0.08853,579807.4
1780621200000,0.08849,0.08934,0.08773,0.08914,604365.9
1780624800000,0.0891,0.08912,0.0861,0.0863,1911198.3
1780628400000,0.08616,0.08701,0.08531,0.08591,1040213.9
1780632000000,0.08591,0.0875,0.0855,0.08742,1249519.8999999999
1780635600000,0.0875,0.0876,0.08437,0.08443,702788.6
1780639200000,0.08454,0.08468,0.08012,0.08255,11289590.8000000007
1780642800000,0.08247,0.08437,0.0808,0.08391,1292098.2
1780646400000,0.08395,0.08404,0.08269,0.08309,1005640.6
1780650000000,0.08313,0.08511,0.08311,0.08468,1375095.3
1780653600000,0.0847,0.0849,0.08352,0.0839,754469.2
1780657200000,0.08392,0.08403,0.08182,0.08184,1742356.3999999999
1780660800000,0.08181,0.08235,0.08055,0.08125,2428861.3999999999
1780664400000,0.08127,0.08423,0.0809,0.08103,2508091.2000000002
1780668000000,0.08092,0.08316,0.08003,0.0823,3195486.7000000002
1780671600000,0.08232,0.0826,0.0803,0.08107,3017975.7999999998
1780675200000,0.08093,0.08256,0.07892,0.08241,3410656.6000000001
1780678800000,0.0824,0.08266,0.08075,0.08125,1369200.2
1780682400000,0.08121,0.08189,0.07786,0.07836,1489846.7
1780686000000,0.07834,0.08039,0.07698,0.07983,4115445.2999999998
1780689600000,0.07986,0.0818,0.07897,0.08168,1829861.1000000001
1780693200000,0.08168,0.08231,0.08154,0.08165,1571633.0
1780696800000,0.08158,0.08158,0.07997,0.0811,1477003.1000000001
1780700400000,0.08116,0.0815,0.079,0.08028,964867.0
1780704000000,0.08027,0.08109,0.08025,0.08077,1008989.3
1780707600000,0.08088,0.08115,0.07998,0.08017,659227.3
1780711200000,0.08013,0.08024,0.07949,0.07966,482266.9
1780714800000,0.07957,0.07957,0.07849,0.07888,1016091.9
1780718400000,0.07882,0.07918,0.0746,0.07503,2630244.1000000001
1780722000000,0.07499,0.07751,0.07398,0.07747,1912592.6000000001
1780725600000,0.07749,0.07902,0.07749,0.07777,1442126.0
1780729200000,0.07783,0.079,0.07771,0.07887,879243.9
1780732800000,0.07892,0.08026,0.07865,0.0799,964966.7
1780736400000,0.07994,0.08063,0.07925,0.07938,552957.7
1780740000000,0.07944,0.07951,0.07779,0.07893,1272796.2
1780743600000,0.0788,0.07977,0.07855,0.07952,947603.5
1780747200000,0.07959,0.08018,0.07879,0.07987,658546.7
1780750800000,0.0799,0.08061,0.0797,0.08013,1699505.8999999999
1780754400000,0.08014,0.0808,0.0801,0.08023,1685045.8
1780758000000,0.08027,0.0803,0.07874,0.07938,2451677.1000000001
1780761600000,0.07935,0.07985,0.07876,0.07963,1005082.5
1780765200000,0.07969,0.07985,0.07849,0.07868,682684.7
1780768800000,0.07868,0.0796,0.07866,0.07917,884067.5
1780772400000,0.07918,0.07968,0.07861,0.07861,256315.5
1780776000000,0.0786,0.07904,0.07846,0.07893,585651.2
1780779600000,0.07895,0.07964,0.07889,0.07907,803450.7
1780783200000,0.07908,0.07934,0.0788,0.07916,472655.9
1780786800000,0.07911,0.07994,0.07911,0.07988,361727.7
1780790400000,0.07984,0.08046,0.07968,0.08001,514643.6
1780794000000,0.07999,0.0823,0.07993,0.08195,1407078.6000000001
1780797600000,0.08196,0.08212,0.08134,0.08188,756733.9
1780801200000,0.08186,0.08223,0.08157,0.08201,835511.0
1780804800000,0.08208,0.08212,0.08102,0.08208,747492.7
1780808400000,0.08203,0.08262,0.0817,0.08242,1219661.6000000001
1780812000000,0.08252,0.08382,0.08224,0.08279,3514762.1000000001
1780815600000,0.08274,0.08309,0.08218,0.08265,1362000.2
1780819200000,0.08262,0.08351,0.08204,0.08349,1136020.8999999999
1780822800000,0.08349,0.08386,0.08268,0.08272,935041.5
1780826400000,0.08279,0.08301,0.08204,0.0821,540124.0
1780830000000,0.08207,0.0829,0.08191,0.08247,592854.8
1780833600000,0.08247,0.08256,0.08047,0.08124,696030.3
1780837200000,0.08127,0.08147,0.08099,0.08134,555009.7
1780840800000,0.08131,0.08264,0.08124,0.08204,914991.8
1780844400000,0.08201,0.08205,0.08137,0.08172,536132.1
1780848000000,0.08175,0.08192,0.08136,0.08159,1333981.8
1780851600000,0.08159,0.08214,0.08151,0.08179,1155267.8
1780855200000,0.0818,0.08202,0.08099,0.08101,402184.6
1780858800000,0.08104,0.08107,0.07925,0.07972,1342132.8
1780862400000,0.07965,0.08079,0.07948,0.08057,1062632.1000000001
1780866000000,0.08056,0.08078,0.08001,0.0804,436729.8
1780869600000,0.08046,0.08509,0.08046,0.08235,2245685.8999999999
1780873200000,0.08238,0.08318,0.08228,0.08301,1345058.7
1780876800000,0.083,0.08394,0.08253,0.08347,3304422.7999999998
1780880400000,0.08352,0.08365,0.08167,0.08237,1089372.7
1780884000000,0.0824,0.08272,0.08209,0.08225,243866.6
1780887600000,0.08239,0.08289,0.08209,0.08246,1280224.2
1780891200000,0.08247,0.08256,0.08126,0.08127,586372.1
1780894800000,0.08132,0.08149,0.08088,0.08136,403343.9
1780898400000,0.08143,0.08214,0.08143,0.08179,613105.4
1780902000000,0.0818,0.08247,0.08146,0.08218,480590.2
1780905600000,0.0822,0.0822,0.08106,0.08134,2309465.6000000001
1780909200000,0.08138,0.08258,0.0813,0.08258,1285476.0
1780912800000,0.08259,0.0831,0.08218,0.08287,896690.8
1780916400000,0.08286,0.08399,0.08258,0.08337,1758110.3
1780920000000,0.08334,0.08429,0.0824,0.08401,2053004.2
1780923600000,0.08401,0.08414,0.08318,0.08336,2717273.0
1780927200000,0.08335,0.08394,0.08294,0.08379,2903620.8999999999
1780930800000,0.08387,0.0845,0.08337,0.08353,1468752.0
1780934400000,0.08354,0.0843,0.08291,0.08304,3127004.1000000001
1780938000000,0.08313,0.08366,0.08268,0.08361,1099193.6000000001
1780941600000,0.0837,0.08385,0.08304,0.08315,235613.8
1780945200000,0.08317,0.08359,0.08312,0.08321,638254.3
1780948800000,0.08322,0.0833,0.08248,0.08304,1023016.7
1780952400000,0.08312,0.08387,0.08305,0.08305,556082.6
1780956000000,0.083,0.08304,0.08214,0.08246,573316.5
1780959600000,0.08241,0.08279,0.08172,0.08212,1299883.3
1780963200000,0.08208,0.08214,0.08002,0.08017,3358517.8999999999
