t_ms,o,h,l,c,v
1773482400000,2066.3,2067.8,2060.7,2065.3,6143.6403
1773486000000,2065.3,2075.7,2064.9,2072.9,10401.4036
1773489600000,2072.7,2076.8,2069.2,2074.4,7805.4259
1773493200000,2074.1,2079.5,2071.9,2077.9,3967.2071
1773496800000,2077.8,2079.2,2068.5,2070.1,8848.3805
1773500400000,2070.0,2076.8,2068.9,2073.6,7301.0806
1773504000000,2073.5,2078.2,2068.0,2076.7,8653.2161
1773507600000,2076.7,2077.0,2072.6,2074.1,1833.0124
1773511200000,2074.1,2077.0,2071.6,2075.9,1823.3101
1773514800000,2075.9,2078.2,2074.0,2076.3,2164.5495
1773518400000,2076.3,2086.4,2075.0,2085.1,13100.2387
1773522000000,2085.2,2087.7,2080.7,2085.6,7986.3482
1773525600000,2085.8,2087.4,2081.8,2083.6,2174.3371
1773529200000,2083.4,2098.1,2083.1,2095.4,5677.7297
1773532800000,2095.5,2095.8,2085.4,2087.0,10706.8997
1773536400000,2086.9,2090.0,2082.2,2087.4,4518.366
1773540000000,2087.5,2108.0,2087.5,2101.3,14048.4339
1773543600000,2101.3,2104.3,2092.9,2095.4,3875.0471
1773547200000,2095.4,2103.4,2095.3,2103.2,4326.6004
1773550800000,2103.3,2114.7,2101.4,2106.9,11163.5049
1773554400000,2106.9,2110.3,2102.2,2106.9,4963.155
1773558000000,2107.0,2112.6,2102.6,2105.0,3172.8678
1773561600000,2105.1,2112.4,2105.0,2111.9,3576.5696
1773565200000,2111.9,2122.5,2111.8,2116.8,13832.1709
1773568800000,2116.7,2120.7,2113.4,2118.2,3881.9607
1773572400000,2118.1,2120.6,2114.0,2119.0,5549.9521
1773576000000,2119.0,2119.3,2107.3,2108.7,3211.4876
1773579600000,2108.8,2111.5,2085.2,2096.7,37720.9151
1773583200000,2096.4,2097.8,2085.2,2095.7,21189.9456
1773586800000,2095.8,2096.1,2089.5,2092.8,7151.2988
1773590400000,2092.8,2098.3,2087.8,2090.3,17290.3283
1773594000000,2090.4,2117.5,2090.2,2109.8,11586.3957
1773597600000,2110.0,2112.2,2093.5,2098.0,14672.6012
1773601200000,2097.9,2113.4,2096.0,2112.4,16623.5154
1773604800000,2112.4,2138.2,2108.5,2128.2,21744.2057
1773608400000,2128.3,2143.5,2122.4,2137.9,18332.6656
1773612000000,2138.2,2192.4,2124.9,2183.1,58283.0755
1773615600000,2183.4,2202.6,2165.1,2177.3,53908.7773
1773619200000,2177.4,2185.7,2163.8,2170.3,20530.2937
1773622800000,2170.4,2189.1,2164.0,2184.9,21670.0086
1773626400000,2185.0,2188.1,2169.1,2179.4,12264.3205
1773630000000,2179.3,2251.2,2176.2,2234.8,60955.7833
1773633600000,2234.9,2277.3,2234.9,2262.3,43765.9923
1773637200000,2262.2,2287.1,2256.8,2279.3,26252.4936
1773640800000,2279.3,2280.3,2260.1,2260.3,18369.1978
1773644400000,2260.3,2267.9,2244.9,2247.8,16718.5462
1773648000000,2248.1,2257.6,2234.4,2242.4,22641.5569
1773651600000,2242.7,2264.5,2239.5,2259.4,9533.4916
1773655200000,2259.3,2277.6,2255.2,2276.7,14724.928
1773658800000,2276.8,2278.8,2264.6,2268.9,10111.4722
1773662400000,2268.9,2301.4,2268.8,2277.9,58717.893
1773666000000,2277.9,2307.5,2271.0,2287.4,39801.612
1773669600000,2287.1,2303.5,2254.1,2286.4,52103.8356
1773673200000,2286.3,2296.7,2268.3,2271.5,22910.4454
1773676800000,2272.0,2298.7,2268.8,2295.7,16575.8379
1773680400000,2295.8,2320.0,2292.2,2313.1,46944.4562
1773684000000,2313.2,2343.9,2312.7,2320.2,61062.2434
1773687600000,2320.5,2347.2,2317.4,2329.6,34658.4528
1773691200000,2329.6,2346.5,2322.1,2344.3,20806.5527
1773694800000,2344.4,2375.1,2342.6,2359.1,90087.1103
1773698400000,2359.1,2383.7,2353.3,2355.9,62446.3673
1773702000000,2356.1,2359.8,2327.7,2350.9,39276.8124
1773705600000,2351.0,2374.5,2339.1,2356.0,77559.0335
1773709200000,2355.9,2372.4,2344.5,2359.6,37241.1536
1773712800000,2359.5,2360.0,2343.2,2349.7,30512.9066
1773716400000,2349.8,2354.0,2306.8,2318.7,26768.5885
1773720000000,2318.7,2328.6,2295.5,2310.1,25126.2573
1773723600000,2310.2,2316.5,2296.5,2306.0,16571.9544
1773727200000,2306.0,2322.0,2297.2,2313.9,17209.3977
1773730800000,2313.8,2336.8,2313.8,2326.7,18656.3211
1773734400000,2326.7,2333.9,2316.0,2319.7,14582.3642
1773738000000,2319.7,2327.9,2306.4,2314.4,13013.2634
1773741600000,2314.4,2315.8,2303.8,2311.7,8426.663
1773745200000,2311.6,2331.8,2310.5,2325.9,12374.6879
1773748800000,2325.9,2334.0,2311.4,2315.0,29976.3894
1773752400000,2314.9,2345.0,2312.2,2327.4,29232.3654
1773756000000,2327.6,2348.2,2317.8,2342.4,44449.8785
1773759600000,2342.7,2356.5,2302.7,2314.9,55377.0869
1773763200000,2314.9,2335.2,2311.3,2325.6,12698.1237
1773766800000,2325.6,2341.6,2319.8,2338.7,9297.687
1773770400000,2338.8,2341.5,2327.0,2331.8,10194.4698
1773774000000,2331.8,2338.5,2316.2,2319.3,9101.4247
1773777600000,2319.2,2328.9,2316.6,2327.3,15884.7442
1773781200000,2327.2,2344.2,2327.2,2337.4,14254.3919
1773784800000,2337.5,2340.9,2317.3,2329.0,8142.5331
1773788400000,2328.9,2332.0,2315.5,2316.1,6340.7458
1773792000000,2316.1,2324.9,2306.3,2323.4,28263.4704
1773795600000,2323.4,2334.7,2322.1,2323.6,6088.3246
1773799200000,2323.6,2339.7,2323.5,2330.4,7668.4364
1773802800000,2330.4,2348.3,2327.4,2339.8,7866.3742
1773806400000,2339.7,2340.9,2325.3,2325.9,8042.669
1773810000000,2325.9,2329.5,2313.1,2317.4,7627.795
1773813600000,2317.4,2330.1,2317.2,2321.3,4875.6369
1773817200000,2321.4,2322.0,2311.1,2316.5,7621.6011
1773820800000,2316.6,2324.3,2316.1,2321.3,5044.1044
1773824400000,2321.3,2332.3,2320.6,2328.3,15259.4814
1773828000000,2328.4,2330.7,2307.8,2311.4,17049.0236
1773831600000,2311.5,2317.4,2261.8,2268.2,73522.5968
1773835200000,2268.1,2269.2,2234.9,2236.8,94662.0127
1773838800000,2236.8,2243.7,2222.1,2234.6,32388.3427
1773842400000,2234.6,2236.1,2186.4,2188.8,120074.6181
1773846000000,2188.8,2195.0,2168.4,2186.8,90048.9495
1773849600000,2186.8,2190.1,2166.6,2180.6,27154.8942
1773853200000,2180.6,2211.1,2176.3,2203.8,28601.4734
1773856800000,2203.9,2219.0,2175.0,2180.5,48773.1037
1773860400000,2180.4,2196.2,2178.3,2185.1,21436.2491
1773864000000,2185.1,2192.0,2151.6,2186.9,46170.9958
1773867600000,2186.9,2206.0,2185.0,2201.6,13599.1275
1773871200000,2201.5,2202.4,2186.4,2193.3,15556.5332
1773874800000,2193.4,2205.6,2188.0,2202.4,32671.5302
1773878400000,2202.5,2206.9,2189.9,2191.9,30994.9758
1773882000000,2192.2,2201.2,2186.3,2195.8,13191.2558
1773885600000,2195.8,2204.1,2187.7,2195.2,9381.8316
1773889200000,2195.5,2232.7,2195.3,2211.0,29756.0136
1773892800000,2210.9,2211.5,2189.6,2192.3,14152.019
1773896400000,2192.3,2197.3,2185.3,2187.9,9798.1234
1773900000000,2187.9,2194.3,2176.2,2179.3,16238.0974
1773903600000,2179.1,2180.8,2142.0,2165.0,32041.5049
1773907200000,2165.1,2169.7,2156.8,2159.1,12835.4794
1773910800000,2159.2,2189.5,2159.2,2188.0,39059.7936
1773914400000,2188.1,2190.3,2171.2,2171.4,10670.5235
1773918000000,2171.4,2176.5,2164.2,2165.3,18985.2069
1773921600000,2165.4,2165.8,2128.5,2130.8,51471.4044
1773925200000,2130.9,2142.2,2110.1,2136.4,74275.8396
1773928800000,2136.5,2145.3,2101.0,2120.8,46001.7773
1773932400000,2120.7,2135.2,2096.6,2117.7,60754.8791
1773936000000,2117.8,2120.9,2105.6,2114.5,20029.7102
1773939600000,2114.5,2130.6,2103.6,2126.1,35454.4136
1773943200000,2126.2,2128.4,2113.1,2124.0,15075.2408
1773946800000,2124.1,2156.9,2124.0,2140.7,75204.8554
1773950400000,2140.6,2152.0,2138.5,2145.7,27039.9675
1773954000000,2145.7,2154.8,2144.5,2149.3,10266.3002
1773957600000,2149.3,2151.6,2131.9,2139.3,10493.5702
1773961200000,2139.4,2146.9,2130.4,2136.9,19085.096
1773964800000,2136.9,2147.9,2133.9,2144.6,11469.827
1773968400000,2144.7,2160.1,2144.1,2150.2,10960.5353
1773972000000,2150.3,2150.9,2131.8,2143.9,21648.6424
1773975600000,2143.9,2156.4,2142.9,2150.4,11418.6762
1773979200000,2150.4,2159.3,2138.9,2147.8,18607.8962
1773982800000,2147.7,2150.6,2137.1,2139.4,11371.0788
1773986400000,2139.3,2140.8,2132.0,2135.8,18491.9261
1773990000000,2135.7,2152.8,2120.6,2150.3,31922.2674
1773993600000,2150.2,2176.8,2145.9,2163.4,23096.7223
1773997200000,2163.3,2163.4,2133.9,2140.4,29761.8533
1774000800000,2140.2,2150.9,2130.4,2147.5,19809.894
1774004400000,2147.4,2158.6,2133.9,2140.4,24353.8514
1774008000000,2140.5,2152.0,2134.1,2139.8,26922.401
1774011600000,2139.9,2150.9,2121.6,2126.3,32081.6513
1774015200000,2126.2,2146.9,2117.6,2128.2,46257.6186
1774018800000,2128.2,2136.9,2119.2,2133.2,11605.7037
1774022400000,2133.1,2143.1,2129.2,2136.1,14943.6077
1774026000000,2136.3,2140.2,2118.8,2135.5,12071.4106
1774029600000,2135.5,2136.4,2116.1,2122.1,20764.3938
1774033200000,2122.1,2133.6,2116.2,2131.3,14766.7255
1774036800000,2131.7,2135.8,2122.9,2132.0,19143.4376
1774040400000,2132.0,2155.7,2129.5,2146.6,21088.283
1774044000000,2146.7,2166.0,2146.6,2153.5,8444.4939
1774047600000,2153.6,2154.3,2142.0,2145.4,6831.4488
1774051200000,2145.2,2155.2,2143.0,2152.2,4397.2869
1774054800000,2152.1,2159.1,2146.4,2146.5,18056.4682
1774058400000,2146.5,2155.5,2145.0,2154.1,4756.5081
1774062000000,2154.0,2155.0,2150.0,2152.3,1505.2733
1774065600000,2152.2,2157.4,2149.5,2150.8,6039.3603
1774069200000,2150.8,2156.6,2150.8,2152.1,2096.7655
1774072800000,2152.0,2155.2,2151.2,2154.4,3546.6711
1774076400000,2154.5,2160.0,2153.5,2154.4,2770.2841
1774080000000,2154.5,2156.0,2148.4,2152.7,5831.688
1774083600000,2152.7,2157.5,2152.4,2157.2,8362.644
1774087200000,2157.1,2157.6,2151.7,2153.3,4885.0829
1774090800000,2152.9,2156.3,2151.6,2156.1,1019.6267
1774094400000,2156.1,2159.3,2155.7,2156.6,2363.2757
1774098000000,2156.6,2158.5,2153.4,2154.7,3329.4969
1774101600000,2154.7,2167.6,2149.3,2150.9,20052.1057
1774105200000,2150.8,2156.7,2145.4,2154.1,12768.9932
1774108800000,2154.2,2154.4,2143.3,2145.4,3036.7423
1774112400000,2145.4,2149.3,2141.6,2147.4,8528.1864
1774116000000,2147.2,2154.6,2146.7,2150.3,7379.1449
1774119600000,2150.3,2152.0,2148.2,2151.2,1949.6031
1774123200000,2151.1,2155.7,2149.3,2154.6,11959.297
1774126800000,2154.6,2156.0,2151.2,2152.5,2242.5325
1774130400000,2152.5,2152.5,2148.0,2148.8,3542.2943
1774134000000,2148.7,2148.7,2069.3,2083.1,77069.3696
1774137600000,2083.1,2094.1,2048.5,2086.2,131054.685
1774141200000,2086.2,2093.0,2081.3,2090.2,15621.6839
1774144800000,2090.2,2108.2,2086.9,2101.0,14965.2379
1774148400000,2101.1,2125.6,2097.2,2112.5,21060.6904
1774152000000,2112.8,2121.7,2102.4,2118.2,43206.479
1774155600000,2118.3,2118.9,2111.3,2111.6,11055.7022
1774159200000,2111.7,2112.2,2106.3,2107.4,9248.1929
1774162800000,2107.3,2111.0,2092.0,2092.4,15999.5771
1774166400000,2092.5,2094.3,2073.3,2085.4,23334.3338
1774170000000,2085.4,2094.3,2078.3,2084.2,17846.3711
1774173600000,2084.2,2085.5,2075.6,2080.3,9729.5677
1774177200000,2080.3,2082.5,2065.8,2068.7,10163.0757
1774180800000,2068.5,2086.9,2067.1,2081.5,17832.9882
1774184400000,2081.7,2091.6,2071.5,2077.5,19703.8338
1774188000000,2077.7,2084.3,2071.0,2076.9,27838.5536
1774191600000,2077.0,2083.1,2075.0,2081.6,7676.5976
1774195200000,2081.6,2083.5,2076.7,2081.2,4169.1283
1774198800000,2081.2,2083.5,2076.5,2078.4,5464.5819
1774202400000,2078.2,2079.3,2055.7,2071.1,13781.9109
1774206000000,2070.8,2071.6,2052.9,2061.8,44309.9493
1774209600000,2061.9,2071.1,2055.2,2057.4,21892.3418
1774213200000,2057.4,2059.3,2024.5,2044.5,74737.3578
1774216800000,2044.4,2064.3,2030.8,2061.5,62301.111
1774220400000,2061.6,2072.6,2049.7,2052.5,22389.7903
1774224000000,2052.5,2061.7,2034.0,2042.2,20305.3785
1774227600000,2042.1,2061.0,2037.7,2046.5,11331.2886
1774231200000,2046.7,2068.7,2045.2,2062.6,10880.0808
1774234800000,2062.2,2070.8,2050.6,2051.1,14898.2822
1774238400000,2051.2,2064.8,2049.4,2064.3,6560.1524
1774242000000,2064.4,2071.0,2059.4,2068.3,9008.3321
1774245600000,2068.3,2068.3,2027.4,2036.0,24394.6368
1774249200000,2036.2,2049.5,2022.0,2043.4,20065.3934
1774252800000,2043.4,2057.7,2043.4,2046.8,9371.7053
1774256400000,2046.9,2047.9,2028.0,2042.5,15246.2684
1774260000000,2042.5,2052.8,2039.2,2047.9,11646.8887
1774263600000,2047.9,2197.8,2047.9,2133.1,197781.4292
1774267200000,2133.2,2147.1,2106.8,2143.0,66172.868
1774270800000,2143.1,2187.1,2139.0,2184.5,52632.7657
1774274400000,2184.6,2191.2,2168.3,2180.2,40197.8687
1774278000000,2180.5,2186.6,2123.8,2127.3,54246.7183
1774281600000,2127.2,2141.8,2116.7,2134.4,36502.518
1774285200000,2134.8,2157.5,2123.7,2151.9,35089.64
1774288800000,2151.8,2170.1,2144.5,2168.4,24108.049
1774292400000,2168.1,2176.9,2150.8,2153.4,13256.7706
1774296000000,2153.3,2165.7,2149.6,2160.4,4964.7352
1774299600000,2160.5,2162.7,2153.3,2156.9,7863.5083
1774303200000,2157.1,2159.0,2143.2,2151.9,11665.709
1774306800000,2151.6,2153.9,2140.1,2151.0,16482.1561
1774310400000,2150.9,2155.0,2130.2,2141.9,20481.3095
1774314000000,2141.9,2148.7,2123.1,2136.3,24313.475
1774317600000,2136.4,2144.5,2131.5,2134.8,8384.3623
1774321200000,2134.7,2142.0,2129.5,2140.6,7748.1272
1774324800000,2140.6,2151.4,2130.4,2134.7,8134.528
1774328400000,2135.0,2137.4,2127.6,2132.8,10653.3635
1774332000000,2132.7,2145.6,2131.0,2144.6,10663.8555
1774335600000,2144.6,2169.6,2143.2,2164.6,19082.4026
1774339200000,2164.6,2166.5,2151.4,2154.3,19881.4233
1774342800000,2154.1,2166.3,2145.9,2164.0,12053.0111
1774346400000,2164.0,2164.0,2154.1,2160.2,6222.9749
1774350000000,2160.2,2174.6,2150.9,2164.9,15430.0704
1774353600000,2164.9,2169.4,2158.0,2161.3,12183.8332
1774357200000,2161.4,2164.7,2129.1,2137.1,45590.1951
1774360800000,2137.4,2147.3,2119.8,2133.3,36349.3805
1774364400000,2133.4,2146.6,2130.6,2134.4,22526.7192
1774368000000,2134.3,2139.5,2120.0,2126.3,22712.7033
1774371600000,2126.3,2127.8,2102.2,2107.8,24186.4759
1774375200000,2108.1,2126.9,2104.6,2118.1,22941.1477
1774378800000,2118.0,2126.7,2113.6,2116.0,26624.7837
1774382400000,2115.7,2154.4,2114.5,2147.6,34268.5486
1774386000000,2147.8,2151.3,2139.4,2148.0,14316.7385
1774389600000,2148.0,2155.0,2139.9,2144.6,9061.8296
1774393200000,2144.6,2163.2,2142.8,2155.4,11836.6021
1774396800000,2155.5,2168.3,2146.5,2160.9,12178.4133
1774400400000,2160.9,2166.0,2156.0,2156.0,4412.9376
1774404000000,2155.8,2160.6,2152.5,2154.5,6980.6573
1774407600000,2154.9,2159.5,2146.5,2157.5,10599.1618
1774411200000,2157.6,2166.8,2155.7,2165.6,16391.4786
1774414800000,2165.4,2179.0,2163.5,2168.2,6992.3113
1774418400000,2168.2,2172.2,2162.6,2163.0,18327.2178
1774422000000,2163.0,2176.6,2159.1,2163.6,21217.9218
1774425600000,2163.6,2190.0,2163.5,2175.7,59523.0848
1774429200000,2175.7,2188.4,2174.2,2185.7,41222.3068
1774432800000,2185.7,2188.3,2180.3,2184.8,22007.8917
1774436400000,2184.7,2198.6,2180.2,2185.7,24819.238
1774440000000,2185.5,2193.0,2164.3,2183.0,44194.4769
1774443600000,2183.0,2197.3,2179.2,2183.8,29092.8473
1774447200000,2183.9,2187.0,2172.5,2173.4,20486.444
1774450800000,2173.3,2176.3,2146.9,2161.8,24527.2678
1774454400000,2161.8,2185.4,2155.5,2173.3,40840.5589
1774458000000,2173.1,2175.4,2160.0,2163.0,19033.5481
1774461600000,2163.0,2172.4,2157.3,2161.4,11476.7321
1774465200000,2161.4,2175.3,2158.5,2171.7,7432.0015
1774468800000,2171.9,2172.1,2158.6,2165.8,6869.6795
1774472400000,2165.8,2168.9,2161.2,2163.0,1959.6062
1774476000000,2163.0,2182.2,2160.7,2173.3,15417.5865
1774479600000,2173.3,2176.3,2163.8,2168.1,7807.6535
1774483200000,2168.2,2171.4,2161.6,2165.6,9313.684
1774486800000,2165.5,2168.5,2159.4,2164.1,4222.718
1774490400000,2163.8,2164.8,2142.7,2148.9,18763.438
1774494000000,2148.8,2154.6,2143.2,2152.1,6500.7895
1774497600000,2152.2,2153.5,2146.7,2148.5,3334.2993
1774501200000,2148.4,2149.7,2111.7,2118.4,39012.1313
1774504800000,2118.3,2123.7,2110.2,2120.8,11783.6971
1774508400000,2120.8,2123.7,2112.1,2122.5,9207.9866
1774512000000,2122.5,2125.5,2113.4,2118.4,25796.5153
1774515600000,2118.5,2120.8,2073.1,2081.6,39861.4513
1774519200000,2081.6,2082.4,2071.8,2077.1,10985.6207
1774522800000,2077.2,2080.0,2062.5,2066.8,21707.237
1774526400000,2067.0,2074.3,2063.5,2072.5,34591.4776
1774530000000,2072.5,2091.8,2068.1,2079.8,26374.891
1774533600000,2079.7,2084.2,2065.4,2075.1,22900.6532
1774537200000,2074.9,2075.4,2052.0,2069.4,19777.1294
1774540800000,2069.3,2069.9,2059.0,2059.9,10953.3484
1774544400000,2059.9,2069.7,2045.7,2047.9,21634.1753
1774548000000,2047.9,2054.6,2032.3,2046.0,47182.9969
1774551600000,2046.1,2053.2,2038.2,2048.9,53402.787
1774555200000,2048.2,2079.5,2045.5,2063.7,53292.6303
1774558800000,2063.7,2075.2,2059.1,2067.1,7125.8118
1774562400000,2067.3,2071.8,2054.2,2064.7,9762.8371
1774566000000,2064.8,2068.8,2055.5,2059.4,5916.9769
1774569600000,2059.4,2066.6,2055.6,2064.1,11009.3509
1774573200000,2064.1,2073.7,2062.1,2073.1,6287.4704
1774576800000,2073.3,2075.8,2066.1,2067.2,3855.9237
1774580400000,2067.1,2068.2,2058.4,2060.3,5791.6687
1774584000000,2060.3,2060.8,2041.6,2052.2,12799.1055
1774587600000,2052.1,2065.4,2051.0,2060.0,3423.3957
1774591200000,2060.0,2066.7,2057.4,2061.5,3435.9955
1774594800000,2061.4,2070.5,2059.1,2064.8,6871.1198
1774598400000,2064.9,2068.0,2033.4,2046.8,29041.4198
1774602000000,2046.9,2050.7,2035.6,2040.0,7399.5886
1774605600000,2040.0,2043.3,1984.5,1990.1,42829.2099
1774609200000,1990.1,1997.0,1981.3,1990.3,28239.6674
1774612800000,1990.4,1992.3,1980.5,1987.8,20275.994
1774616400000,1988.0,1995.6,1964.4,1977.1,45860.1299
1774620000000,1977.2,1988.6,1970.5,1988.6,30559.1274
1774623600000,1988.6,2009.3,1982.2,1990.0,29828.027
1774627200000,1990.0,1991.4,1979.4,1985.8,12327.515
1774630800000,1985.9,1996.2,1973.7,1976.3,10515.9957
1774634400000,1976.3,1985.1,1973.2,1983.4,16421.5757
1774638000000,1983.2,1996.6,1977.9,1990.7,20385.129
1774641600000,1990.5,1994.8,1980.0,1984.5,12529.4794
1774645200000,1984.8,1989.9,1983.3,1984.5,3714.7815
1774648800000,1984.6,1985.9,1980.4,1984.6,3737.3823
1774652400000,1984.5,1992.9,1979.4,1991.8,7788.2901
1774656000000,1991.7,1994.2,1988.5,1991.4,5726.8295
1774659600000,1991.4,1991.7,1984.1,1989.3,8376.1362
1774663200000,1989.4,1992.6,1981.8,1986.0,2906.1773
1774666800000,1986.1,1990.0,1985.8,1987.7,6561.295
1774670400000,1987.8,1991.3,1986.0,1989.3,2470.002
1774674000000,1989.4,1994.1,1987.0,1993.6,14923.8617
1774677600000,1993.7,2006.0,1992.7,2000.3,28380.3128
1774681200000,2000.3,2007.6,2000.0,2006.3,9079.7433
1774684800000,2006.3,2007.9,1997.3,1998.2,8779.2134
1774688400000,1998.3,1999.3,1994.8,1998.8,15405.4387
1774692000000,1998.9,2004.4,1992.2,1995.8,10678.2809
1774695600000,1995.9,1999.9,1995.0,1997.0,3509.2692
1774699200000,1996.8,2003.8,1991.7,1998.8,9103.8104
1774702800000,1998.8,2041.1,1998.7,2025.7,46671.8418
1774706400000,2025.6,2028.4,2015.9,2020.3,14972.8044
1774710000000,2020.2,2037.7,2017.9,2026.1,19057.233
1774713600000,2026.4,2029.7,2021.0,2024.0,8004.1967
1774717200000,2024.1,2026.5,2016.1,2020.2,9619.7421
1774720800000,2020.1,2024.0,2019.8,2021.2,3709.9604
1774724400000,2021.2,2022.2,2016.7,2020.0,1935.05
1774728000000,2019.9,2026.2,2019.9,2024.1,2196.9369
1774731600000,2024.2,2025.2,2006.2,2009.0,13981.8004
1774735200000,2009.0,2012.5,2004.8,2011.4,11709.6767
1774738800000,2011.4,2011.4,1989.2,1993.9,16260.0189
1774742400000,1993.8,1998.8,1990.6,1998.6,10669.7904
1774746000000,1998.3,2006.1,1997.1,2004.7,15915.8712
1774749600000,2004.7,2009.9,2002.0,2008.7,2736.2534
1774753200000,2008.7,2018.6,2006.5,2010.6,6949.6834
1774756800000,2010.6,2012.0,2003.8,2005.0,10887.3262
1774760400000,2004.9,2006.6,1996.8,2004.5,4001.2161
1774764000000,2004.5,2007.6,1999.2,2004.3,1551.3919
1774767600000,2004.0,2008.8,1999.3,2005.4,5844.4972
1774771200000,2005.4,2006.8,2001.9,2003.5,3494.6644
1774774800000,2003.5,2004.6,1995.6,1998.3,1900.2121
1774778400000,1998.3,1998.3,1991.0,1995.2,5893.2351
1774782000000,1995.2,2007.3,1994.7,2002.9,4883.875
1774785600000,2003.0,2004.2,1997.3,2001.0,2171.7038
1774789200000,2001.0,2001.2,1982.9,1986.3,15245.5035
1774792800000,1986.4,2002.0,1983.9,1993.4,5827.7193
1774796400000,1993.4,1998.0,1986.1,1992.0,12836.926
1774800000000,1992.1,2003.7,1991.3,1997.1,9058.0713
1774803600000,1997.1,1999.1,1987.0,1994.5,7439.1928
1774807200000,1994.5,2000.5,1990.7,1996.5,7657.6662
1774810800000,1996.4,1999.2,1993.3,1995.0,2729.6717
1774814400000,1994.9,2008.6,1994.9,2001.8,23403.669
1774818000000,2001.7,2006.5,2000.6,2005.5,4126.5368
1774821600000,2005.6,2005.6,1935.2,1972.4,69122.6957
1774825200000,1972.5,1994.7,1972.4,1983.3,33338.5342
1774828800000,1983.4,2022.9,1979.4,1996.3,51085.9872
1774832400000,1996.3,2015.3,1996.2,2009.4,11301.5362
1774836000000,2009.5,2042.8,2007.0,2029.1,11948.926
1774839600000,2029.1,2041.2,2026.9,2035.0,11716.5383
1774843200000,2035.0,2051.3,2035.0,2048.0,14356.7593
1774846800000,2047.8,2057.9,2045.8,2046.9,15095.1207
1774850400000,2046.9,2051.8,2040.9,2041.5,10397.7937
1774854000000,2041.6,2065.0,2040.7,2058.7,9607.5616
1774857600000,2058.7,2073.7,2057.4,2061.5,22648.0766
1774861200000,2061.4,2061.9,2053.0,2054.3,9747.002
1774864800000,2054.3,2057.0,2048.4,2057.0,8928.1243
1774868400000,2057.0,2078.9,2056.9,2070.2,25551.2998
1774872000000,2070.4,2077.9,2068.0,2073.2,6888.8011
1774875600000,2073.3,2086.0,2057.1,2059.7,25980.0062
1774879200000,2059.6,2075.0,2043.6,2070.9,24550.7968
1774882800000,2070.9,2078.8,2061.2,2073.6,21631.5979
1774886400000,2073.8,2074.3,2058.0,2065.1,9208.4833
1774890000000,2065.1,2071.2,2032.0,2040.7,34282.4753
1774893600000,2040.8,2043.3,2026.9,2031.7,27890.5169
1774897200000,2031.6,2031.6,2011.9,2023.0,47571.995
1774900800000,2023.0,2026.8,2019.7,2022.2,17221.2617
1774904400000,2022.2,2047.8,2020.1,2034.7,15495.7176
1774908000000,2034.8,2043.4,2029.0,2032.1,3850.8849
1774911600000,2032.2,2032.2,2012.7,2025.5,11625.5198
1774915200000,2025.5,2039.9,2015.0,2035.7,20314.2118
1774918800000,2035.9,2090.1,2031.4,2072.3,34536.6088
1774922400000,2072.4,2081.7,2066.4,2072.2,13681.3145
1774926000000,2072.2,2075.9,2061.0,2066.0,7972.1232
1774929600000,2066.0,2071.7,2056.2,2059.9,17301.7345
1774933200000,2059.8,2067.8,2054.2,2063.1,16243.2866
1774936800000,2063.1,2064.0,2054.2,2061.5,6572.5707
1774940400000,2061.6,2062.1,2041.0,2055.0,66213.126
1774944000000,2055.1,2058.3,2035.2,2039.1,23048.2106
1774947600000,2039.1,2043.3,2010.7,2016.7,57979.9024
1774951200000,2016.9,2029.0,2015.9,2025.3,11666.4525
1774954800000,2025.3,2043.6,2022.1,2040.1,35259.5851
1774958400000,2040.4,2057.0,2034.8,2047.1,26647.3267
1774962000000,2046.8,2079.2,2046.8,2073.8,28301.0076
1774965600000,2073.9,2090.9,2036.3,2044.9,72655.7848
1774969200000,2045.1,2077.4,2044.3,2053.8,34046.0329
1774972800000,2053.7,2108.8,2053.2,2090.3,71335.9573
1774976400000,2090.3,2122.4,2087.9,2092.1,64805.8928
1774980000000,2092.2,2113.9,2092.2,2098.6,26572.9465
1774983600000,2098.7,2102.9,2090.7,2095.9,27836.3719
1774987200000,2095.9,2109.0,2094.9,2106.5,22086.8661
1774990800000,2106.5,2107.2,2092.8,2101.6,16972.6154
1774994400000,2101.5,2103.0,2088.0,2095.3,30082.4984
1774998000000,2095.4,2107.4,2091.8,2104.0,46910.4785
1775001600000,2103.9,2116.0,2095.8,2113.9,23407.4219
1775005200000,2113.8,2115.0,2089.9,2091.8,20552.9625
1775008800000,2092.0,2095.2,2082.0,2087.2,17774.8466
1775012400000,2087.3,2105.7,2087.3,2102.1,13151.8015
1775016000000,2101.9,2115.0,2099.2,2110.4,29727.4664
1775019600000,2110.4,2135.7,2105.5,2121.5,28555.917
1775023200000,2121.9,2155.9,2121.6,2150.5,44267.482
1775026800000,2150.9,2156.1,2129.0,2129.9,58262.9066
1775030400000,2130.0,2142.0,2123.9,2136.0,42113.7216
1775034000000,2136.0,2139.6,2127.1,2135.7,17418.939
1775037600000,2135.7,2136.9,2125.5,2131.6,9280.2326
1775041200000,2131.5,2138.7,2129.6,2134.5,5920.3909
1775044800000,2134.5,2146.4,2121.0,2129.8,25305.4398
1775048400000,2129.8,2133.9,2107.8,2118.1,47439.3837
1775052000000,2118.2,2129.6,2112.9,2125.8,14807.6938
1775055600000,2125.7,2136.8,2121.3,2134.1,12418.0265
1775059200000,2134.0,2150.0,2123.9,2145.0,37303.0539
1775062800000,2144.9,2166.9,2132.4,2135.9,55768.375
1775066400000,2135.8,2136.6,2122.7,2127.7,27906.2336
1775070000000,2127.6,2143.4,2126.4,2139.4,38868.292
1775073600000,2139.5,2146.1,2129.0,2142.1,24472.405
1775077200000,2142.1,2163.2,2141.4,2155.3,26898.3954
1775080800000,2155.1,2156.7,2136.5,2138.9,40971.2446
1775084400000,2138.9,2144.4,2133.8,2138.5,8787.9914
1775088000000,2138.4,2157.8,2134.7,2154.7,23671.752
1775091600000,2154.6,2154.7,2088.4,2098.5,137252.7793
1775095200000,2098.4,2098.4,2063.9,2072.6,50765.2529
1775098800000,2072.6,2075.3,2045.6,2054.8,18182.4158
1775102400000,2054.7,2057.0,2040.2,2043.3,26926.1677
1775106000000,2043.2,2050.1,2038.0,2049.4,24121.6965
1775109600000,2049.2,2052.9,2044.4,2049.1,9452.338
1775113200000,2049.1,2055.5,2043.1,2054.9,13318.3735
1775116800000,2054.8,2054.9,2045.0,2045.2,8074.4697
1775120400000,2045.1,2047.0,2038.9,2042.9,5682.4582
1775124000000,2042.9,2044.1,2032.0,2037.7,15251.7653
1775127600000,2037.8,2039.3,2025.0,2032.2,9839.5198
1775131200000,2032.2,2032.5,2023.4,2025.8,15275.1999
1775134800000,2026.1,2040.0,2016.0,2038.1,41909.6263
1775138400000,2038.0,2071.1,2031.9,2062.9,46406.2396
1775142000000,2062.9,2066.5,2047.5,2058.5,35764.1315
1775145600000,2058.6,2073.3,2051.2,2062.2,17109.0808
1775149200000,2062.1,2071.2,2043.7,2045.9,21383.7489
1775152800000,2046.0,2061.4,2042.5,2057.5,18061.8256
1775156400000,2057.6,2065.4,2053.7,2064.1,20518.6625
1775160000000,2064.1,2073.4,2060.0,2067.2,11516.1763
1775163600000,2067.3,2069.6,2054.9,2062.1,16076.4663
1775167200000,2062.1,2063.8,2052.2,2058.9,2675.8082
1775170800000,2058.9,2060.5,2052.7,2055.9,11363.4129
1775174400000,2056.0,2058.5,2049.0,2051.7,5948.6667
1775178000000,2051.7,2061.6,2044.0,2049.0,8748.9035
1775181600000,2049.0,2058.6,2040.0,2051.5,6220.1438
1775185200000,2051.4,2056.1,2049.1,2053.3,11253.9795
1775188800000,2053.2,2056.6,2048.3,2053.2,2612.9887
1775192400000,2053.6,2064.2,2046.7,2056.2,14828.6101
1775196000000,2056.3,2065.6,2054.2,2062.7,5114.9575
1775199600000,2062.8,2074.3,2061.0,2064.6,5471.9919
1775203200000,2064.7,2070.9,2057.5,2059.7,10067.5541
1775206800000,2059.7,2063.0,2056.0,2060.4,2466.3692
1775210400000,2060.3,2060.3,2052.1,2058.7,11948.7289
1775214000000,2058.8,2063.8,2056.6,2062.0,5696.4504
1775217600000,2062.0,2080.0,2043.5,2048.6,16927.9303
1775221200000,2048.9,2049.9,2040.7,2047.0,15241.1921
1775224800000,2047.0,2056.0,2044.2,2053.4,11160.285
1775228400000,2053.3,2056.7,2048.3,2050.1,3144.5751
1775232000000,2050.2,2055.6,2048.8,2053.9,6003.3373
1775235600000,2053.9,2054.3,2042.5,2049.3,12294.9311
1775239200000,2049.3,2052.9,2047.0,2048.1,13952.2817
1775242800000,2048.6,2053.5,2044.7,2051.9,5171.4312
1775246400000,2051.9,2053.9,2050.9,2051.8,3459.4698
1775250000000,2051.8,2059.6,2051.8,2057.7,7412.4403
1775253600000,2057.4,2058.4,2048.6,2051.0,3316.5317
1775257200000,2050.9,2053.1,2048.0,2052.8,2339.9932
1775260800000,2052.7,2052.9,2050.4,2051.3,1109.9529
1775264400000,2051.2,2052.9,2048.7,2050.4,1142.7652
1775268000000,2050.4,2052.6,2046.9,2049.0,1467.0161
1775271600000,2049.1,2051.3,2048.9,2049.0,680.1774
1775275200000,2049.2,2050.6,2047.5,2050.2,1896.3296
1775278800000,2050.3,2053.9,2049.7,2052.8,570.0204
1775282400000,2052.8,2057.1,2052.0,2055.6,3314.5344
1775286000000,2055.5,2056.1,2051.1,2052.7,1886.3589
1775289600000,2052.8,2054.4,2048.5,2049.6,2674.1021
1775293200000,2049.6,2051.0,2048.3,2049.4,879.1297
1775296800000,2049.5,2054.1,2047.0,2053.5,7747.6603
1775300400000,2053.5,2054.3,2050.1,2050.9,5045.3933
1775304000000,2051.0,2052.5,2047.0,2049.0,7786.1562
1775307600000,2049.0,2053.8,2048.8,2052.5,5196.8935
1775311200000,2052.5,2053.8,2043.7,2052.1,4782.4476
1775314800000,2052.1,2060.0,2051.3,2055.4,5496.013
1775318400000,2055.3,2061.4,2052.4,2054.9,3204.4667
1775322000000,2054.9,2057.7,2052.1,2056.0,6096.3472
1775325600000,2056.0,2057.8,2054.0,2054.3,3979.9123
1775329200000,2054.4,2083.6,2054.3,2063.7,29612.1082
1775332800000,2063.8,2064.0,2059.0,2061.9,6063.0958
1775336400000,2062.0,2070.7,2061.9,2068.0,4916.4443
1775340000000,2068.1,2071.2,2067.4,2068.1,3287.7257
1775343600000,2068.2,2068.2,2061.7,2064.5,4241.6802
1775347200000,2064.5,2064.7,2059.6,2061.2,3307.4818
1775350800000,2061.3,2061.4,2056.2,2056.5,2026.2852
1775354400000,2056.5,2058.9,2053.2,2058.7,2205.9671
1775358000000,2058.7,2059.4,2054.2,2055.4,4341.7869
1775361600000,2055.5,2057.2,2053.1,2054.1,1490.3917
1775365200000,2054.2,2055.5,2046.0,2047.5,7883.1246
1775368800000,2047.4,2047.8,2026.3,2037.4,21713.8122
1775372400000,2037.6,2041.6,2033.4,2036.3,4261.1011
1775376000000,2036.2,2038.8,2034.7,2038.5,2287.0675
1775379600000,2038.5,2045.0,2037.9,2043.4,4947.7411
1775383200000,2043.4,2051.7,2041.7,2043.8,4017.6421
1775386800000,2043.8,2044.9,2039.5,2041.5,2252.5357
1775390400000,2041.4,2041.4,2021.0,2027.1,14978.3781
1775394000000,2027.1,2036.4,2024.7,2035.9,5193.9299
1775397600000,2035.7,2042.0,2034.3,2037.3,3455.0541
1775401200000,2037.4,2068.6,2033.4,2052.7,27877.9046
1775404800000,2053.0,2058.3,2050.0,2050.9,5919.2966
1775408400000,2050.9,2061.2,2048.0,2061.2,9029.3312
1775412000000,2061.1,2065.5,2056.6,2061.6,13649.5756
1775415600000,2061.7,2068.7,2057.2,2060.9,4434.2579
1775419200000,2061.0,2073.8,2060.9,2067.9,5578.6799
1775422800000,2067.9,2068.2,2056.1,2059.1,3177.235
1775426400000,2059.1,2087.6,2048.9,2084.6,32208.1394
1775430000000,2084.7,2122.2,2081.6,2108.7,51148.2676
1775433600000,2109.0,2134.7,2109.0,2121.0,27301.4721
1775437200000,2121.1,2123.5,2111.7,2113.9,7259.4266
1775440800000,2113.9,2144.8,2113.5,2132.8,19192.4643
1775444400000,2132.7,2136.3,2125.3,2128.1,19383.2297
1775448000000,2128.1,2133.4,2123.9,2130.1,7694.4499
1775451600000,2130.0,2133.8,2127.6,2130.7,7279.8792
1775455200000,2130.6,2138.0,2119.1,2126.5,10669.3892
1775458800000,2126.4,2139.9,2121.9,2134.2,24948.9206
1775462400000,2134.2,2146.8,2132.5,2138.0,15004.6116
1775466000000,2137.9,2172.7,2137.6,2149.8,32701.5429
1775469600000,2150.0,2156.4,2148.8,2152.6,7346.9732
1775473200000,2152.5,2152.6,2146.0,2150.2,8121.5748
1775476800000,2150.2,2153.5,2140.7,2142.0,13496.6519
1775480400000,2141.9,2148.5,2137.2,2145.3,23824.4188
1775484000000,2145.2,2163.6,2136.8,2155.3,29692.1859
1775487600000,2155.4,2168.1,2154.5,2163.4,13975.6146
1775491200000,2163.5,2167.5,2139.3,2139.5,29789.3861
1775494800000,2139.4,2139.8,2122.7,2134.0,46006.0
1775498400000,2134.0,2147.4,2130.5,2143.7,17702.0335
1775502000000,2143.8,2144.7,2135.0,2143.0,15087.6017
1775505600000,2143.3,2153.5,2138.9,2147.8,5171.0587
1775509200000,2147.7,2147.7,2136.9,2138.4,8146.1918
1775512800000,2138.3,2140.0,2104.0,2104.0,27348.8707
1775516400000,2104.1,2109.4,2087.3,2106.4,43375.9042
1775520000000,2106.2,2118.9,2103.6,2111.5,32373.121
1775523600000,2111.5,2118.9,2096.4,2098.2,11339.5677
1775527200000,2098.2,2110.7,2091.7,2105.9,26184.7592
1775530800000,2105.7,2108.9,2102.8,2107.3,10921.2431
1775534400000,2107.2,2118.5,2102.5,2112.9,4578.4661
1775538000000,2113.2,2113.5,2103.0,2104.8,4338.3647
1775541600000,2104.5,2105.3,2095.9,2103.0,5491.7349
1775545200000,2103.1,2105.0,2098.0,2102.9,5489.033
1775548800000,2102.9,2116.3,2102.3,2113.8,16341.3237
1775552400000,2113.9,2132.2,2113.3,2127.4,22554.3562
1775556000000,2127.5,2130.5,2085.2,2088.1,41693.836
1775559600000,2088.2,2092.9,2081.2,2088.4,18547.1958
1775563200000,2088.4,2091.1,2073.0,2085.9,44740.7105
1775566800000,2085.8,2092.3,2073.9,2075.3,32666.2777
1775570400000,2075.0,2079.6,2060.0,2068.5,23946.5103
1775574000000,2068.6,2082.3,2064.1,2079.4,16771.1835
1775577600000,2079.2,2089.7,2076.6,2083.1,14868.795
1775581200000,2083.1,2112.6,2079.0,2098.4,33997.3152
1775584800000,2098.5,2100.6,2081.3,2085.4,22895.168
1775588400000,2085.4,2115.9,2083.2,2113.4,46588.8585
1775592000000,2113.2,2124.8,2110.0,2114.7,48159.8035
1775595600000,2114.8,2152.7,2114.8,2144.2,68987.3368
1775599200000,2144.4,2218.5,2144.4,2218.0,145850.9391
1775602800000,2218.5,2274.1,2215.2,2239.7,120829.2447
1775606400000,2239.6,2249.7,2228.0,2235.4,49705.4465
1775610000000,2235.8,2242.4,2230.0,2233.4,26994.5518
1775613600000,2233.5,2246.5,2229.8,2236.4,20783.6879
1775617200000,2236.4,2238.5,2231.8,2233.9,6177.4371
1775620800000,2233.9,2251.8,2233.9,2242.3,30380.6315
1775624400000,2241.9,2244.5,2238.2,2239.8,8441.5219
1775628000000,2239.8,2253.0,2234.8,2245.1,10242.6319
1775631600000,2245.3,2259.9,2243.8,2253.0,12572.6441
1775635200000,2253.0,2258.5,2249.5,2255.8,10941.683
1775638800000,2255.8,2262.3,2245.6,2249.0,21766.5562
1775642400000,2249.1,2253.3,2242.2,2242.2,9923.7233
1775646000000,2242.2,2254.6,2236.9,2246.5,15828.0437
1775649600000,2246.8,2258.6,2243.0,2255.2,14433.8748
1775653200000,2255.3,2269.7,2231.0,2236.0,56491.049
1775656800000,2235.8,2239.9,2186.2,2194.5,66135.8824
1775660400000,2194.5,2217.4,2193.0,2215.2,31508.4305
1775664000000,2215.2,2223.6,2210.7,2220.3,32687.1913
1775667600000,2220.3,2238.5,2212.1,2231.1,32919.5503
1775671200000,2231.1,2232.0,2198.7,2200.3,25764.809
1775674800000,2200.4,2211.1,2196.5,2210.7,15005.6863
1775678400000,2210.4,2215.7,2204.6,2209.0,15358.9591
1775682000000,2208.9,2221.6,2206.9,2213.8,14352.4781
1775685600000,2213.7,2213.9,2186.5,2188.9,15090.7973
1775689200000,2188.8,2192.9,2179.2,2189.1,25649.2347
1775692800000,2189.0,2192.8,2178.1,2182.5,7936.084
1775696400000,2182.5,2184.1,2161.0,2177.6,22566.2202
1775700000000,2177.5,2184.1,2173.2,2180.6,10248.1876
1775703600000,2180.7,2183.2,2175.2,2181.4,2067.7754
1775707200000,2181.3,2181.7,2175.7,2176.9,2967.4359
1775710800000,2176.8,2188.0,2174.3,2181.2,9019.7553
1775714400000,2181.1,2185.3,2174.6,2180.7,4656.847
1775718000000,2180.6,2184.9,2179.0,2180.0,9622.9636
1775721600000,2180.0,2189.7,2175.5,2185.2,8532.3238
1775725200000,2185.1,2200.0,2178.6,2193.3,23943.9914
1775728800000,2193.3,2194.7,2187.2,2189.5,11217.4622
1775732400000,2189.5,2191.7,2176.9,2178.8,29504.8498
1775736000000,2178.8,2185.7,2173.4,2182.1,8726.798
1775739600000,2182.1,2184.8,2157.8,2164.2,40333.9344
1775743200000,2164.1,2180.8,2156.7,2176.7,25451.4797
1775746800000,2176.7,2224.0,2168.8,2217.1,64158.2356
1775750400000,2217.0,2227.9,2192.7,2207.1,30289.5289
1775754000000,2207.1,2224.7,2205.6,2221.7,33489.9021
1775757600000,2221.9,2223.2,2200.0,2206.0,24223.4527
1775761200000,2206.0,2223.7,2203.6,2216.3,50323.6661
1775764800000,2216.2,2221.5,2210.4,2212.6,10401.6045
1775768400000,2212.5,2225.3,2207.1,2210.0,12420.8643
1775772000000,2210.3,2245.8,2196.2,2196.9,40610.099
1775775600000,2196.8,2200.0,2182.7,2189.1,23713.1574
1775779200000,2189.1,2196.2,2181.4,2194.1,14038.5812
1775782800000,2194.1,2203.3,2177.0,2193.8,17930.5213
1775786400000,2193.8,2197.4,2185.8,2188.0,3258.5726
1775790000000,2187.9,2191.3,2181.7,2185.0,4027.3111
1775793600000,2185.3,2198.8,2185.1,2195.1,3658.0309
1775797200000,2195.0,2202.4,2191.8,2196.0,7308.5452
1775800800000,2196.0,2197.8,2183.1,2185.1,7729.6297
1775804400000,2185.2,2187.5,2175.4,2178.7,5387.9289
1775808000000,2178.8,2189.2,2176.4,2184.9,10055.5027
1775811600000,2184.9,2196.7,2184.8,2195.5,7326.6475
1775815200000,2195.4,2197.8,2190.1,2196.2,9583.8331
1775818800000,2196.2,2223.4,2196.1,2215.0,19788.3102
1775822400000,2215.0,2228.1,2207.3,2218.0,31051.2069
1775826000000,2217.9,2224.7,2207.8,2222.1,21441.3573
1775829600000,2222.0,2252.6,2220.3,2241.4,42886.5067
1775833200000,2241.3,2256.0,2219.6,2222.4,28235.5515
1775836800000,2222.7,2245.9,2220.5,2244.1,31073.4899
1775840400000,2244.2,2248.7,2238.4,2247.4,11003.4463
1775844000000,2247.2,2250.0,2238.2,2248.7,15585.1368
1775847600000,2248.7,2254.7,2241.9,2252.2,21398.7906
1775851200000,2252.4,2256.0,2242.1,2254.4,13192.2339
1775854800000,2254.5,2254.9,2242.1,2253.8,16599.2807
1775858400000,2253.8,2254.2,2235.0,2241.4,7574.833
1775862000000,2241.4,2244.6,2238.2,2244.1,2606.8204
1775865600000,2244.1,2244.2,2234.8,2237.8,2582.4627
1775869200000,2237.8,2245.5,2234.1,2243.1,2607.9359
1775872800000,2243.5,2250.0,2241.3,2247.1,2212.5973
1775876400000,2247.1,2249.9,2234.9,2236.0,3392.0926
1775880000000,2236.0,2242.0,2235.0,2239.9,4542.8866
1775883600000,2239.9,2240.0,2227.9,2232.0,1915.4125
1775887200000,2232.0,2235.6,2229.0,2234.8,7576.6296
1775890800000,2234.8,2235.6,2230.2,2231.8,2428.8007
1775894400000,2232.0,2234.4,2231.4,2232.1,1677.2812
1775898000000,2232.1,2248.2,2231.5,2242.4,7917.5985
1775901600000,2242.5,2243.9,2236.8,2239.2,9605.4508
1775905200000,2239.3,2245.8,2237.2,2244.9,7708.8281
1775908800000,2245.0,2246.1,2240.5,2244.4,3145.3007
1775912400000,2244.5,2244.5,2232.0,2238.9,13590.753
1775916000000,2238.7,2242.9,2237.7,2241.3,9156.2611
1775919600000,2241.3,2254.5,2240.7,2248.7,9755.6297
1775923200000,2248.7,2272.1,2245.5,2257.9,18939.9602
1775926800000,2257.9,2264.1,2252.6,2258.7,8208.7092
1775930400000,2258.7,2310.2,2256.3,2304.3,56993.5414
1775934000000,2304.4,2329.1,2304.4,2315.2,30759.3471
1775937600000,2315.2,2316.2,2287.6,2297.6,13809.4914
1775941200000,2298.0,2303.5,2292.0,2298.7,3220.6232
1775944800000,2298.4,2307.4,2289.0,2296.3,6897.1926
1775948400000,2296.3,2296.3,2275.8,2284.0,7520.2218
1775952000000,2284.1,2287.4,2276.7,2285.1,9112.6745
1775955600000,2285.1,2287.9,2207.9,2217.8,76392.5571
1775959200000,2217.8,2232.5,2206.0,2222.6,24871.4245
1775962800000,2222.6,2225.6,2211.8,2212.7,6897.5955
1775966400000,2212.7,2215.2,2208.9,2211.2,12632.4197
1775970000000,2211.3,2218.4,2207.7,2216.1,11026.3959
1775973600000,2216.1,2219.7,2213.8,2214.7,8235.8143
1775977200000,2214.5,2219.3,2211.7,2217.9,10715.2954
1775980800000,2217.8,2217.9,2211.4,2213.1,5126.9828
1775984400000,2213.1,2215.1,2210.5,2213.3,5194.7995
1775988000000,2213.4,2215.9,2193.1,2200.2,13875.2237
1775991600000,2200.3,2206.3,2195.8,2203.6,10260.3252
1775995200000,2203.4,2206.5,2188.0,2193.5,8611.4025
1775998800000,2193.4,2197.6,2184.3,2185.7,8959.5288
1776002400000,2185.7,2192.4,2177.1,2179.6,15814.1807
1776006000000,2179.6,2187.0,2174.7,2185.3,7307.6347
1776009600000,2185.3,2189.4,2182.3,2186.3,8920.1048
1776013200000,2186.3,2203.8,2186.3,2201.3,16766.3731
1776016800000,2201.4,2205.8,2198.6,2199.5,13438.5096
1776020400000,2199.4,2204.2,2196.1,2196.8,6796.0776
1776024000000,2196.8,2216.8,2192.2,2212.2,18745.7549
1776027600000,2212.2,2216.4,2203.9,2210.5,6817.5999
1776031200000,2210.4,2210.4,2183.0,2199.1,21243.8695
1776034800000,2199.1,2199.2,2185.2,2190.3,6590.2854
1776038400000,2190.5,2206.9,2186.3,2204.1,16104.0186
1776042000000,2204.1,2207.5,2199.8,2202.7,5179.5856
1776045600000,2202.7,2204.6,2191.6,2193.1,4566.9864
1776049200000,2193.1,2194.7,2189.5,2193.1,4188.6492
1776052800000,2193.2,2198.3,2186.5,2189.2,2789.6787
1776056400000,2189.2,2190.4,2181.5,2190.4,9510.6864
1776060000000,2190.4,2200.7,2189.6,2197.2,9106.1346
1776063600000,2197.4,2198.9,2182.0,2185.5,8783.1096
1776067200000,2185.5,2188.7,2178.7,2184.0,11014.018
1776070800000,2184.1,2193.9,2184.1,2186.8,5128.643
1776074400000,2186.8,2187.5,2177.5,2181.9,8593.1276
1776078000000,2182.0,2190.4,2181.4,2186.3,8198.8411
1776081600000,2186.3,2198.1,2174.1,2191.5,15072.4255
1776085200000,2191.5,2214.6,2180.6,2214.2,41657.221
1776088800000,2214.2,2234.0,2202.3,2233.4,47956.2535
1776092400000,2233.0,2235.0,2198.2,2208.1,29464.9449
1776096000000,2208.1,2233.1,2199.3,2225.0,21838.1949
1776099600000,2224.8,2241.7,2221.6,2224.0,17350.4454
1776103200000,2223.9,2233.1,2217.4,2231.1,11545.6134
1776106800000,2231.2,2267.4,2226.9,2261.4,68364.9242
1776110400000,2261.3,2261.7,2246.8,2251.3,19592.2357
1776114000000,2251.2,2264.4,2248.5,2259.0,8024.9412
1776117600000,2259.0,2362.9,2258.8,2351.4,102827.5964
1776121200000,2351.6,2391.7,2340.2,2368.2,53202.6544
1776124800000,2368.2,2373.3,2358.3,2360.5,25883.0061
1776128400000,2360.1,2372.4,2353.7,2367.6,15050.9138
1776132000000,2367.5,2376.4,2365.5,2366.6,8024.1017
1776135600000,2366.5,2369.2,2361.1,2364.2,3994.4507
1776139200000,2364.3,2367.0,2361.0,2362.8,4520.0796
1776142800000,2362.8,2368.2,2353.7,2353.8,12038.3503
1776146400000,2353.9,2374.8,2353.8,2372.4,6018.1459
1776150000000,2372.3,2388.1,2369.7,2376.7,13500.2943
1776153600000,2376.7,2394.5,2373.3,2386.4,21788.9208
1776157200000,2386.4,2393.0,2381.9,2385.5,19405.4244
1776160800000,2385.5,2386.3,2371.5,2373.8,8823.6168
1776164400000,2373.4,2376.0,2366.1,2373.1,9553.5773
1776168000000,2373.1,2376.8,2367.2,2372.5,9432.5
1776171600000,2372.6,2394.0,2371.1,2389.0,101149.4366
1776175200000,2389.0,2413.8,2351.0,2351.1,105608.1181
1776178800000,2351.1,2369.6,2329.4,2362.9,62571.3951
1776182400000,2362.9,2369.1,2327.0,2331.9,31089.2461
1776186000000,2332.0,2343.2,2322.0,2336.4,31429.0888
1776189600000,2336.6,2342.5,2307.6,2311.9,26202.9016
1776193200000,2311.9,2321.0,2301.3,2311.4,20493.9295
1776196800000,2311.3,2320.9,2306.7,2313.3,16499.3639
1776200400000,2313.2,2324.5,2313.2,2322.4,14805.8981
1776204000000,2322.2,2330.4,2310.6,2313.4,12870.4826
1776207600000,2313.5,2324.9,2312.6,2320.9,9307.7974
1776211200000,2320.7,2341.2,2320.3,2332.5,9418.5108
1776214800000,2332.6,2340.4,2330.0,2334.3,8365.2815
1776218400000,2334.4,2336.6,2316.1,2323.4,11172.0332
1776222000000,2323.6,2328.0,2319.3,2327.2,3646.5744
1776225600000,2327.3,2333.0,2326.7,2331.9,14775.0087
1776229200000,2331.9,2336.3,2313.0,2317.9,14187.3436
1776232800000,2317.9,2319.0,2314.0,2315.5,7080.2812
1776236400000,2315.6,2322.0,2308.0,2314.9,11047.5144
1776240000000,2315.1,2331.2,2312.7,2326.2,11180.0535
1776243600000,2326.2,2327.8,2317.0,2318.8,7761.2274
1776247200000,2318.9,2326.5,2311.2,2315.3,16923.0436
1776250800000,2315.3,2336.6,2315.3,2335.9,10256.4556
1776254400000,2336.0,2338.0,2328.5,2331.5,10461.7391
1776258000000,2331.5,2333.0,2316.6,2325.6,12631.1836
1776261600000,2325.6,2343.7,2320.7,2336.1,27458.1342
1776265200000,2336.3,2347.9,2318.5,2330.3,24803.1871
1776268800000,2330.4,2348.8,2328.1,2340.0,40206.1753
1776272400000,2340.0,2356.8,2338.4,2346.9,32943.5878
1776276000000,2346.9,2358.0,2344.9,2357.1,22860.4985
1776279600000,2357.2,2383.0,2355.7,2372.6,28552.6902
1776283200000,2372.8,2374.0,2351.7,2361.1,30011.1204
1776286800000,2361.1,2362.1,2346.9,2359.8,17027.5077
1776290400000,2359.5,2378.8,2358.6,2361.7,25475.3866
1776294000000,2361.6,2361.8,2348.0,2358.3,13312.9458
1776297600000,2358.2,2362.2,2348.5,2359.1,8928.5424
1776301200000,2359.0,2359.0,2344.3,2350.5,8703.7941
1776304800000,2350.5,2367.7,2348.5,2355.5,5966.6262
1776308400000,2355.4,2363.7,2354.6,2356.1,2282.6809
1776312000000,2356.1,2361.9,2346.7,2352.3,5662.818
1776315600000,2352.3,2359.1,2348.1,2354.9,2457.8442
1776319200000,2355.0,2358.9,2348.6,2354.3,3777.7027
1776322800000,2354.2,2355.0,2334.2,2340.2,11690.135
1776326400000,2340.3,2344.0,2333.4,2337.3,5493.3242
1776330000000,2337.3,2346.8,2336.1,2336.2,8911.4902
1776333600000,2336.2,2338.4,2326.8,2330.5,14639.5026
1776337200000,2330.6,2334.3,2328.0,2333.9,25027.3706
1776340800000,2333.8,2346.8,2333.8,2338.7,9675.1331
1776344400000,2338.8,2349.6,2288.7,2306.6,60622.1454
1776348000000,2306.3,2314.6,2283.4,2308.4,43426.3121
1776351600000,2308.4,2348.0,2307.1,2337.8,38679.7931
1776355200000,2337.7,2347.3,2308.1,2315.0,18855.12
1776358800000,2315.1,2328.0,2308.2,2324.5,13242.385
1776362400000,2324.2,2345.4,2318.7,2342.0,27777.3651
1776366000000,2342.1,2360.6,2333.6,2358.8,42239.2605
1776369600000,2358.8,2363.4,2340.1,2349.0,19643.0487
1776373200000,2348.9,2355.2,2334.7,2339.9,9454.6386
1776376800000,2339.9,2349.0,2337.9,2341.3,14096.8286
1776380400000,2341.3,2353.6,2340.4,2347.4,7074.6266
1776384000000,2347.4,2349.7,2340.1,2343.2,4456.5747
1776387600000,2343.1,2347.7,2326.3,2333.7,8436.7505
1776391200000,2333.8,2337.4,2323.4,2330.4,5231.8218
1776394800000,2330.4,2330.6,2322.5,2324.2,3121.3908
1776398400000,2324.3,2332.4,2322.7,2327.6,3899.9987
1776402000000,2327.7,2328.2,2316.8,2318.0,5644.9949
1776405600000,2317.9,2330.9,2316.7,2329.8,4799.0737
1776409200000,2329.8,2340.7,2328.9,2332.7,11561.5243
1776412800000,2332.7,2357.6,2331.7,2353.1,9664.708
1776416400000,2353.4,2375.0,2346.9,2357.5,15719.792
1776420000000,2357.6,2359.8,2334.7,2342.5,14382.539
1776423600000,2342.4,2355.6,2342.0,2353.2,8421.781
1776427200000,2353.5,2380.0,2348.2,2370.5,14618.9354
1776430800000,2370.8,2439.2,2365.7,2434.8,94631.3129
1776434400000,2435.2,2455.7,2424.7,2444.9,61591.0421
1776438000000,2444.9,2447.8,2431.6,2440.1,51208.4219
1776441600000,2440.4,2462.5,2439.1,2449.2,40031.2043
1776445200000,2449.2,2450.2,2421.1,2438.8,31598.0283
1776448800000,2438.9,2441.0,2413.6,2418.4,21425.0359
1776452400000,2418.6,2431.2,2415.8,2426.1,17699.1375
1776456000000,2426.1,2433.3,2415.1,2425.4,10103.5947
1776459600000,2425.3,2431.7,2417.5,2427.8,3505.3585
1776463200000,2427.8,2440.1,2421.0,2431.2,8044.0183
1776466800000,2431.3,2431.3,2413.6,2417.1,8489.5133
1776470400000,2417.1,2421.9,2408.1,2419.0,9686.7438
1776474000000,2419.1,2426.0,2415.3,2419.4,2531.4794
1776477600000,2419.5,2423.1,2415.4,2417.7,2401.2748
1776481200000,2417.8,2417.9,2398.8,2403.4,5986.2382
1776484800000,2403.5,2408.7,2398.4,2406.0,3922.9546
1776488400000,2405.9,2411.9,2404.3,2407.5,2326.7669
1776492000000,2407.5,2410.2,2403.9,2408.2,2467.6933
1776495600000,2408.2,2409.4,2400.4,2402.4,4314.6462
1776499200000,2402.3,2403.5,2367.0,2379.4,23898.5839
1776502800000,2379.3,2379.3,2368.2,2374.4,8289.1828
1776506400000,2374.5,2374.5,2352.8,2357.9,10848.0911
1776510000000,2357.9,2359.3,2342.7,2351.6,14074.7806
1776513600000,2351.5,2360.4,2350.4,2356.4,10518.7938
1776517200000,2356.5,2358.5,2344.0,2353.8,9347.4067
1776520800000,2353.9,2363.8,2348.1,2363.8,10574.4405
1776524400000,2363.7,2367.6,2357.0,2361.8,7990.6474
1776528000000,2361.8,2373.2,2353.9,2359.3,11021.1273
1776531600000,2359.0,2363.2,2352.2,2360.1,7648.285
1776535200000,2360.2,2362.3,2337.2,2345.4,18787.1838
1776538800000,2345.6,2353.9,2344.8,2346.9,5230.3961
1776542400000,2347.0,2353.5,2343.1,2350.7,7762.1453
1776546000000,2350.7,2353.7,2346.0,2353.6,5297.4761
1776549600000,2353.7,2357.7,2346.8,2355.2,4648.895
1776553200000,2355.2,2357.6,2348.9,2348.9,5607.7158
1776556800000,2348.9,2353.9,2342.9,2347.5,5403.8879
1776560400000,2347.5,2351.9,2340.0,2346.4,4185.7414
1776564000000,2346.4,2347.8,2332.0,2337.1,6806.3019
1776567600000,2337.1,2342.3,2330.7,2338.4,8792.7995
1776571200000,2338.4,2344.5,2320.8,2331.5,7024.8707
1776574800000,2331.5,2337.0,2327.3,2331.1,4922.7846
1776578400000,2331.1,2331.6,2320.1,2325.5,6443.0009
1776582000000,2325.5,2325.8,2296.8,2314.2,29311.5055
1776585600000,2314.2,2319.6,2310.0,2316.9,14367.2202
1776589200000,2317.0,2317.8,2304.4,2308.5,10750.52
1776592800000,2308.5,2318.6,2305.2,2316.5,10651.0646
1776596400000,2316.6,2329.6,2315.9,2327.7,18273.9201
1776600000000,2327.7,2335.3,2323.1,2329.6,15312.7336
1776603600000,2329.6,2348.4,2329.0,2336.9,13608.3264
1776607200000,2336.9,2341.9,2325.4,2336.5,10087.3561
1776610800000,2336.4,2340.4,2314.3,2329.1,22293.125
1776614400000,2329.2,2329.4,2302.3,2309.9,42160.7205
1776618000000,2310.1,2316.1,2292.5,2294.8,54222.9597
1776621600000,2294.7,2299.9,2286.7,2294.4,19298.394
1776625200000,2294.5,2303.6,2292.8,2298.7,28327.8274
1776628800000,2298.7,2298.8,2272.1,2278.8,22431.9053
1776632400000,2278.9,2288.9,2273.2,2274.6,14829.5389
1776636000000,2274.4,2274.6,2251.0,2268.2,51613.469
1776639600000,2268.7,2268.8,2255.9,2261.3,35655.0592
1776643200000,2261.3,2281.7,2259.0,2278.6,17533.8496
1776646800000,2278.6,2293.4,2276.8,2285.0,24139.5625
1776650400000,2285.0,2285.8,2271.0,2276.4,9257.056
1776654000000,2276.5,2287.3,2274.7,2285.5,7233.4268
1776657600000,2285.4,2285.5,2277.6,2282.3,3846.035
1776661200000,2282.3,2282.3,2262.4,2269.1,18305.0952
1776664800000,2269.6,2288.1,2267.2,2284.8,13101.1047
1776668400000,2285.1,2332.0,2281.7,2296.8,44765.8059
1776672000000,2296.8,2307.0,2288.5,2292.8,10426.1816
1776675600000,2292.8,2312.7,2292.1,2307.8,6104.0953
1776679200000,2308.1,2318.9,2302.0,2302.1,11604.3694
1776682800000,2302.1,2311.3,2298.6,2307.3,8425.8441
1776686400000,2307.3,2322.0,2303.4,2318.3,15916.0613
1776690000000,2318.0,2325.0,2300.9,2309.6,41786.5109
1776693600000,2309.5,2320.0,2282.0,2289.5,44530.5661
1776697200000,2289.5,2317.5,2277.7,2312.4,42287.2198
1776700800000,2312.7,2313.3,2297.1,2298.7,13088.3118
1776704400000,2298.7,2321.3,2296.2,2315.5,36007.3674
1776708000000,2315.8,2343.0,2315.8,2332.6,28718.7372
1776711600000,2332.6,2334.6,2325.7,2330.5,8677.021
1776715200000,2330.6,2338.1,2324.2,2336.1,11628.2717
1776718800000,2336.1,2345.9,2313.5,2320.2,18166.1426
1776722400000,2320.2,2326.6,2315.2,2317.7,5824.5791
1776726000000,2317.6,2317.6,2306.1,2312.1,9276.0766
1776729600000,2312.1,2323.0,2309.9,2320.7,23362.9217
1776733200000,2320.6,2324.8,2311.0,2313.4,15520.3469
1776736800000,2313.4,2314.0,2304.9,2306.8,11299.4658
1776740400000,2306.9,2311.8,2298.0,2310.5,11463.0921
1776744000000,2310.4,2314.0,2303.2,2313.3,6837.5972
1776747600000,2313.4,2319.7,2311.3,2312.9,15067.3687
1776751200000,2312.8,2325.7,2306.6,2316.0,5122.7963
1776754800000,2316.1,2323.3,2310.3,2317.0,8940.8935
1776758400000,2317.0,2337.1,2312.6,2322.1,10380.2939
1776762000000,2322.2,2326.5,2316.8,2323.9,10576.5327
1776765600000,2324.2,2335.8,2323.6,2329.8,8441.168
1776769200000,2329.8,2330.2,2315.0,2318.8,12695.867
1776772800000,2319.1,2322.5,2292.3,2307.3,32601.3811
1776776400000,2307.1,2316.6,2300.1,2311.6,31167.0206
1776780000000,2311.8,2328.0,2294.7,2298.4,30645.9534
1776783600000,2298.4,2309.6,2290.0,2309.0,37418.9779
1776787200000,2308.9,2323.4,2305.2,2306.0,26090.924
1776790800000,2306.0,2317.9,2283.8,2304.7,48049.5798
1776794400000,2304.8,2312.3,2299.6,2311.4,16141.1842
1776798000000,2311.5,2330.0,2285.9,2296.5,51777.7722
1776801600000,2297.0,2324.5,2295.3,2315.7,63938.6061
1776805200000,2315.5,2316.9,2308.8,2311.2,5708.6493
1776808800000,2311.2,2315.6,2301.1,2310.2,8959.4017
1776812400000,2310.2,2328.6,2309.6,2326.3,16937.5064
1776816000000,2326.4,2329.0,2321.3,2324.3,6850.6599
1776819600000,2324.3,2327.8,2312.6,2321.3,8713.1962
1776823200000,2321.5,2373.6,2319.1,2369.1,46629.2689
1776826800000,2369.5,2378.1,2357.2,2363.1,38750.793
1776830400000,2363.1,2368.4,2357.6,2362.4,10139.8626
1776834000000,2362.5,2412.1,2360.9,2395.7,35320.4171
1776837600000,2395.5,2395.6,2388.3,2392.1,12461.1261
1776841200000,2392.1,2396.6,2383.6,2388.6,10228.0838
1776844800000,2388.6,2392.5,2381.6,2387.0,4160.3256
1776848400000,2386.9,2393.1,2383.9,2386.4,4022.6384
1776852000000,2386.5,2392.6,2384.0,2389.2,2917.125
1776855600000,2389.1,2399.7,2385.2,2397.2,11778.0934
1776859200000,2397.3,2405.7,2394.5,2403.8,27132.7399
1776862800000,2403.7,2421.7,2400.2,2416.1,25964.7292
1776866400000,2416.2,2422.2,2390.4,2402.1,39614.9446
1776870000000,2402.1,2412.5,2390.9,2401.9,28582.1978
1776873600000,2402.0,2412.4,2383.3,2384.6,17007.0349
1776877200000,2384.5,2401.5,2384.5,2398.0,35218.6857
1776880800000,2398.1,2403.3,2394.0,2395.3,18795.2249
1776884400000,2395.4,2406.0,2388.3,2396.5,9646.7368
1776888000000,2396.6,2401.1,2390.0,2390.2,9730.1269
1776891600000,2390.3,2404.8,2390.2,2401.4,6032.4144
1776895200000,2401.3,2404.0,2393.0,2399.2,5640.8341
1776898800000,2398.8,2399.3,2372.6,2372.7,19517.3043
1776902400000,2372.7,2380.1,2343.3,2370.9,41212.527
1776906000000,2371.0,2371.3,2359.4,2365.7,12230.6894
1776909600000,2365.7,2365.9,2343.0,2350.6,23826.6423
1776913200000,2350.5,2351.9,2330.8,2339.9,17512.6764
1776916800000,2339.8,2347.4,2335.8,2346.5,5687.9311
1776920400000,2346.4,2351.3,2339.4,2347.1,8027.6839
1776924000000,2347.3,2357.3,2347.3,2353.1,7287.467
1776927600000,2353.3,2355.6,2340.0,2342.9,13365.0376
1776931200000,2342.9,2343.6,2334.1,2338.8,7525.796
1776934800000,2338.8,2338.8,2313.2,2315.4,31571.9778
1776938400000,2315.3,2317.8,2303.9,2312.8,18174.8387
1776942000000,2312.8,2330.7,2312.8,2328.0,25585.3809
1776945600000,2328.1,2333.9,2320.7,2327.6,8501.9751
1776949200000,2327.7,2331.3,2314.3,2318.6,24309.8299
1776952800000,2318.4,2333.5,2315.1,2333.0,21769.1256
1776956400000,2333.0,2341.5,2323.0,2331.9,12083.4988
1776960000000,2332.0,2334.2,2322.1,2324.7,5769.7212
1776963600000,2324.8,2328.0,2283.9,2309.2,58467.1312
1776967200000,2309.2,2317.9,2304.1,2304.5,19050.1018
1776970800000,2304.4,2317.8,2298.2,2311.8,42698.0867
1776974400000,2311.7,2328.2,2311.6,2324.4,20740.1156
1776978000000,2324.3,2327.8,2319.6,2321.6,14178.2202
1776981600000,2321.4,2337.9,2320.2,2330.6,36149.112
1776985200000,2330.5,2331.6,2323.0,2328.9,5792.9073
1776988800000,2328.9,2336.8,2325.5,2331.3,6602.6917
1776992400000,2331.5,2332.9,2317.5,2331.5,15474.8061
1776996000000,2331.6,2333.8,2312.6,2318.4,19113.1252
1776999600000,2318.3,2320.2,2299.8,2307.4,10369.2335
1777003200000,2307.3,2310.2,2299.1,2305.1,7296.8167
1777006800000,2305.0,2315.4,2298.8,2313.7,10884.4509
1777010400000,2313.8,2315.6,2307.5,2307.8,1859.6131
1777014000000,2307.8,2315.2,2307.6,2310.2,7860.8202
1777017600000,2310.2,2322.1,2306.4,2314.0,14976.4119
1777021200000,2313.9,2314.6,2301.5,2308.5,12039.5919
1777024800000,2308.5,2318.2,2304.6,2314.6,4849.6787
1777028400000,2314.6,2331.1,2314.6,2326.9,19465.1466
1777032000000,2326.9,2330.5,2317.2,2324.1,12145.9132
1777035600000,2324.0,2329.4,2309.3,2315.7,28867.0224
1777039200000,2315.5,2317.2,2302.9,2312.3,28034.6523
1777042800000,2312.4,2328.7,2301.0,2322.7,14401.2111
1777046400000,2322.8,2323.3,2309.0,2315.8,11364.0109
1777050000000,2315.6,2320.4,2307.2,2318.5,9604.9324
1777053600000,2318.5,2320.0,2308.7,2318.8,8991.8111
1777057200000,2319.0,2323.7,2318.0,2320.4,4687.1316
1777060800000,2320.4,2327.5,2314.3,2325.5,9233.7491
1777064400000,2325.5,2326.4,2311.3,2314.0,4557.3766
1777068000000,2314.2,2315.0,2306.0,2310.9,7054.5823
1777071600000,2311.1,2314.9,2311.1,2313.8,1602.042
1777075200000,2313.8,2314.7,2310.2,2314.4,2882.8593
1777078800000,2314.7,2320.0,2314.3,2316.8,2254.5698
1777082400000,2316.8,2318.2,2313.5,2316.0,3682.6059
1777086000000,2316.1,2319.2,2314.4,2317.4,2497.4717
1777089600000,2317.5,2317.9,2315.0,2315.8,1966.3396
1777093200000,2315.8,2315.8,2312.2,2315.0,699.0163
1777096800000,2315.0,2316.5,2313.6,2315.4,1538.5287
1777100400000,2315.4,2317.6,2313.3,2315.6,2950.7532
1777104000000,2315.5,2320.3,2314.9,2318.3,6760.3834
1777107600000,2318.4,2322.3,2316.1,2318.2,3049.3947
1777111200000,2318.2,2321.7,2317.8,2319.4,3125.1242
1777114800000,2319.4,2319.4,2310.1,2312.6,4556.6041
1777118400000,2312.7,2316.0,2310.6,2312.4,2691.4322
1777122000000,2312.4,2316.7,2312.3,2315.5,796.0712
1777125600000,2315.4,2317.9,2313.2,2315.1,19141.6496
1777129200000,2315.1,2317.1,2303.0,2306.9,7114.6104
1777132800000,2306.8,2309.5,2300.0,2308.7,8150.8383
1777136400000,2308.6,2312.4,2306.2,2308.1,2734.6293
1777140000000,2308.2,2312.9,2307.4,2310.5,4872.825
1777143600000,2310.5,2311.4,2306.2,2308.7,2025.2698
1777147200000,2308.8,2312.2,2308.0,2312.1,1815.7166
1777150800000,2312.2,2316.2,2311.9,2314.7,7465.4853
1777154400000,2314.6,2319.6,2314.1,2316.5,3333.7845
1777158000000,2316.5,2318.6,2315.9,2318.1,1345.1989
1777161600000,2318.1,2318.3,2311.1,2314.1,1723.369
1777165200000,2314.1,2316.7,2312.1,2312.8,925.4325
1777168800000,2312.5,2317.2,2312.1,2313.8,1042.9803
1777172400000,2313.6,2315.2,2304.9,2308.7,4346.3186
1777176000000,2308.7,2318.0,2308.0,2316.4,2667.0244
1777179600000,2316.3,2334.2,2316.1,2326.6,14967.6294
1777183200000,2326.5,2332.1,2326.4,2328.8,2720.6953
1777186800000,2328.7,2331.0,2327.4,2330.2,1825.9751
1777190400000,2330.2,2336.2,2329.4,2331.3,6735.63
1777194000000,2331.2,2334.4,2328.5,2333.1,1528.9673
1777197600000,2333.1,2335.0,2330.5,2331.6,1290.4388
1777201200000,2331.5,2336.3,2331.4,2335.0,3301.4269
1777204800000,2335.0,2335.2,2323.8,2327.8,4760.8073
1777208400000,2327.8,2334.8,2326.7,2333.7,6699.0718
1777212000000,2333.7,2351.5,2332.2,2345.0,14730.4363
1777215600000,2344.9,2347.5,2342.8,2346.8,6204.6524
1777219200000,2346.8,2348.2,2341.5,2341.6,3526.6445
1777222800000,2341.5,2348.7,2338.8,2348.3,2509.9401
1777226400000,2348.2,2367.8,2346.3,2360.5,27283.4138
1777230000000,2360.5,2374.8,2358.2,2366.1,22337.2248
1777233600000,2366.1,2371.9,2361.4,2361.8,9962.8748
1777237200000,2361.6,2369.1,2346.7,2363.1,15463.8746
1777240800000,2363.2,2378.7,2352.4,2360.7,17416.9258
1777244400000,2360.6,2377.4,2356.0,2368.4,12603.9187
1777248000000,2368.5,2389.7,2358.4,2388.0,14502.3877
1777251600000,2388.0,2403.4,2376.6,2393.7,22824.6458
1777255200000,2393.7,2395.9,2386.3,2391.5,10610.6481
1777258800000,2391.3,2399.0,2389.6,2393.7,5604.625
1777262400000,2393.6,2394.9,2379.7,2381.9,3788.8277
1777266000000,2382.1,2382.3,2317.8,2322.0,70683.2261
1777269600000,2322.1,2327.8,2312.0,2320.1,16269.5152
1777273200000,2320.2,2322.4,2314.0,2315.0,10150.8186
1777276800000,2314.8,2318.7,2307.8,2318.7,15980.4346
1777280400000,2318.7,2324.2,2314.7,2321.2,6087.064
1777284000000,2321.2,2322.6,2317.5,2319.0,6014.6108
1777287600000,2319.1,2321.6,2315.7,2319.4,7335.7
1777291200000,2319.3,2319.6,2311.5,2312.8,13682.5503
1777294800000,2312.9,2319.0,2302.7,2311.4,16770.7778
1777298400000,2311.4,2328.4,2307.8,2313.6,17073.3825
1777302000000,2313.7,2314.1,2262.2,2273.4,59602.4228
1777305600000,2273.4,2279.2,2269.1,2276.2,8173.3053
1777309200000,2276.3,2291.8,2276.3,2286.2,16814.4196
1777312800000,2286.1,2290.4,2283.5,2287.6,4661.2612
1777316400000,2287.6,2290.0,2273.5,2287.8,5471.3943
1777320000000,2287.8,2295.0,2287.8,2290.2,4539.8537
1777323600000,2290.2,2290.9,2285.5,2286.0,2676.8244
1777327200000,2286.1,2294.5,2283.5,2293.2,4450.9536
1777330800000,2293.1,2307.6,2290.0,2302.3,7440.6154
1777334400000,2302.4,2309.4,2298.2,2305.6,9087.8039
1777338000000,2305.7,2307.3,2296.5,2297.3,5138.1484
1777341600000,2297.3,2299.6,2279.7,2288.1,10814.5866
1777345200000,2288.1,2290.0,2281.3,2289.5,1975.5326
1777348800000,2289.5,2293.1,2282.0,2287.4,7405.4434
1777352400000,2287.5,2295.5,2285.1,2287.0,4427.3352
1777356000000,2287.0,2289.3,2268.1,2276.3,9700.7408
1777359600000,2276.3,2286.9,2269.0,2286.3,9057.3627
1777363200000,2286.4,2290.0,2282.2,2285.6,4266.0494
1777366800000,2285.6,2287.4,2275.1,2281.0,4450.1062
1777370400000,2280.9,2286.1,2279.3,2283.0,3217.4414
1777374000000,2283.0,2284.0,2269.0,2273.9,7200.3997
1777377600000,2273.9,2279.5,2270.3,2276.9,8706.7064
1777381200000,2276.8,2284.8,2255.3,2275.4,43193.8234
1777384800000,2275.4,2275.5,2260.3,2272.4,28380.1039
1777388400000,2272.4,2279.5,2268.5,2278.7,14639.311
1777392000000,2278.6,2287.4,2273.4,2284.8,11017.161
1777395600000,2284.8,2292.4,2277.9,2289.7,12711.8379
1777399200000,2289.6,2297.2,2286.8,2296.2,10139.935
1777402800000,2296.1,2304.5,2289.2,2300.9,7867.9348
1777406400000,2300.8,2304.9,2294.6,2294.6,7097.9341
1777410000000,2294.7,2296.2,2285.0,2289.5,16455.9852
1777413600000,2289.4,2293.7,2284.3,2285.3,2541.7262
1777417200000,2285.2,2289.5,2283.0,2288.8,3964.8114
1777420800000,2288.9,2293.2,2284.7,2291.7,3035.5676
1777424400000,2291.7,2296.6,2278.4,2291.8,8986.01
1777428000000,2291.8,2294.9,2283.8,2288.2,2738.4688
1777431600000,2288.2,2316.4,2286.8,2311.1,25343.411
1777435200000,2311.2,2341.4,2308.9,2325.8,26390.4815
1777438800000,2325.9,2331.2,2322.1,2327.8,8008.7202
1777442400000,2327.8,2335.3,2319.9,2323.7,17410.2242
1777446000000,2323.7,2329.4,2320.7,2323.0,3563.2508
1777449600000,2322.9,2328.1,2320.2,2324.4,5418.7946
1777453200000,2324.5,2345.4,2322.0,2338.8,11797.2351
1777456800000,2338.9,2345.5,2329.4,2332.6,10128.7603
1777460400000,2332.5,2334.4,2327.8,2330.5,5276.5807
1777464000000,2330.6,2330.7,2305.7,2315.2,37412.2553
1777467600000,2315.2,2316.9,2289.2,2301.8,24962.2434
1777471200000,2301.8,2307.1,2293.0,2298.6,13394.2286
1777474800000,2298.5,2300.0,2262.1,2270.8,37647.1177
1777478400000,2271.0,2278.1,2262.3,2265.9,15349.8129
1777482000000,2266.0,2282.2,2265.3,2282.2,14869.6072
1777485600000,2282.3,2284.9,2218.0,2238.8,112022.1264
1777489200000,2238.7,2241.4,2224.1,2232.3,22418.1435
1777492800000,2232.4,2247.9,2229.4,2239.5,45481.0945
1777496400000,2239.5,2262.4,2237.5,2251.9,27894.7275
1777500000000,2252.0,2257.9,2249.0,2256.5,6345.6992
1777503600000,2256.6,2259.5,2249.3,2251.5,3204.673
1777507200000,2251.5,2274.0,2248.9,2271.6,14477.6448
1777510800000,2271.4,2278.2,2266.0,2267.9,32768.245
1777514400000,2267.9,2271.9,2234.3,2244.1,20277.4818
1777518000000,2244.0,2255.3,2242.5,2252.0,8596.0672
1777521600000,2251.9,2252.8,2235.4,2238.0,7209.3827
1777525200000,2237.9,2247.0,2230.4,2241.7,4278.9436
1777528800000,2241.6,2251.2,2240.8,2247.1,3742.8985
1777532400000,2246.9,2261.4,2243.0,2259.3,33572.6076
1777536000000,2259.4,2261.3,2254.4,2255.3,15877.3763
1777539600000,2255.4,2271.0,2254.8,2260.8,21142.8074
1777543200000,2260.8,2264.4,2255.5,2260.5,8104.799
1777546800000,2260.5,2272.4,2250.0,2256.7,36896.9445
1777550400000,2256.8,2270.1,2256.3,2264.2,27506.7518
1777554000000,2264.3,2271.3,2253.2,2263.0,24755.715
1777557600000,2262.7,2269.5,2244.4,2261.4,58215.2349
1777561200000,2261.4,2274.5,2256.5,2264.9,8074.2691
1777564800000,2264.9,2266.2,2254.6,2256.0,10091.1869
1777568400000,2256.1,2259.6,2250.4,2257.4,12751.305
1777572000000,2257.3,2264.5,2253.6,2258.9,11604.7683
1777575600000,2259.0,2266.2,2256.9,2261.4,18442.7612
1777579200000,2261.2,2266.2,2259.5,2263.5,2655.2102
1777582800000,2263.4,2263.7,2253.4,2255.4,15772.6391
1777586400000,2255.3,2260.4,2251.3,2253.6,5680.6564
1777590000000,2253.5,2257.9,2252.8,2256.4,11565.5752
1777593600000,2256.5,2265.3,2256.4,2259.0,4985.4289
1777597200000,2259.1,2269.9,2259.1,2266.8,11145.418
1777600800000,2266.8,2268.9,2265.0,2266.1,7000.1064
1777604400000,2266.1,2294.0,2265.2,2281.7,19310.674
1777608000000,2281.7,2285.0,2276.7,2279.3,3720.7418
1777611600000,2279.3,2286.0,2277.9,2282.4,2856.0317
1777615200000,2282.5,2285.6,2271.4,2276.8,7911.357
1777618800000,2276.8,2280.2,2272.4,2278.8,7500.7396
1777622400000,2278.7,2287.7,2276.8,2285.8,13450.5854
1777626000000,2285.7,2285.8,2278.9,2281.0,3739.5605
1777629600000,2281.1,2284.5,2275.9,2281.5,10277.6507
1777633200000,2281.4,2292.6,2280.6,2285.3,13555.8504
1777636800000,2285.2,2310.9,2282.9,2300.3,33608.2224
1777640400000,2300.2,2322.9,2300.2,2317.3,33903.9656
1777644000000,2317.2,2324.2,2300.5,2307.1,30896.6574
1777647600000,2307.2,2316.2,2297.9,2306.9,18676.1938
1777651200000,2306.8,2313.4,2297.2,2301.0,24651.7673
1777654800000,2301.0,2312.6,2297.8,2311.0,5391.4729
1777658400000,2311.0,2311.5,2302.6,2303.6,4347.5593
1777662000000,2303.6,2307.0,2301.2,2303.9,5164.2102
1777665600000,2303.9,2304.9,2278.0,2283.9,29719.5223
1777669200000,2283.9,2292.8,2282.6,2291.4,15443.6818
1777672800000,2291.4,2298.4,2289.8,2292.0,5616.7637
1777676400000,2292.0,2295.3,2288.0,2294.7,5941.8426
1777680000000,2294.7,2298.4,2291.9,2296.6,2057.4343
1777683600000,2296.5,2299.3,2295.0,2297.5,3506.0539
1777687200000,2297.5,2306.6,2294.5,2302.6,3695.4455
1777690800000,2302.5,2307.3,2300.3,2303.4,4024.1259
1777694400000,2303.4,2304.0,2298.4,2300.2,2017.9069
1777698000000,2300.1,2300.3,2296.0,2298.5,2616.3733
1777701600000,2298.5,2306.0,2296.0,2304.5,13148.753
1777705200000,2304.5,2305.3,2300.2,2300.2,4764.883
1777708800000,2300.2,2303.8,2298.4,2302.4,2872.409
1777712400000,2302.5,2306.9,2302.4,2304.3,2997.5072
1777716000000,2304.3,2305.0,2301.5,2302.5,4306.4076
1777719600000,2302.5,2303.9,2299.3,2301.2,5130.3542
1777723200000,2301.1,2304.7,2300.2,2302.5,3722.2186
1777726800000,2302.5,2310.8,2302.5,2306.9,4462.3483
1777730400000,2307.0,2307.5,2304.1,2305.4,3895.2981
1777734000000,2305.5,2309.2,2304.3,2307.9,4475.0586
1777737600000,2308.0,2312.4,2306.8,2308.3,5082.3035
1777741200000,2308.4,2309.0,2304.7,2304.9,2599.1728
1777744800000,2305.0,2310.5,2303.2,2309.4,6010.9011
1777748400000,2309.4,2312.7,2308.3,2310.5,10615.7726
1777752000000,2310.5,2311.2,2309.2,2311.1,3278.1704
1777755600000,2311.1,2341.9,2310.3,2324.9,28879.2287
1777759200000,2325.0,2327.3,2317.1,2326.4,10230.1477
1777762800000,2326.2,2326.2,2313.8,2316.0,5319.3921
1777766400000,2316.1,2316.6,2308.6,2313.1,4564.3309
1777770000000,2313.2,2313.4,2302.3,2303.2,5399.7214
1777773600000,2303.0,2305.8,2298.0,2302.5,7078.7554
1777777200000,2302.5,2303.0,2298.8,2301.1,1823.3014
1777780800000,2301.0,2303.5,2296.8,2300.4,4087.1001
1777784400000,2300.5,2304.0,2300.4,2303.0,2049.3803
1777788000000,2303.1,2305.5,2298.9,2303.7,2483.1408
1777791600000,2303.7,2313.0,2303.4,2308.1,5107.0958
1777795200000,2308.1,2311.5,2306.5,2307.4,1847.7678
1777798800000,2307.4,2320.5,2306.6,2315.5,13402.6709
1777802400000,2315.6,2315.6,2310.4,2310.6,5173.4397
1777806000000,2310.7,2326.8,2309.5,2318.6,22769.4762
1777809600000,2318.5,2335.4,2318.5,2324.4,28223.8467
1777813200000,2324.4,2327.5,2319.8,2321.2,4976.9075
1777816800000,2321.1,2328.4,2320.4,2327.2,4714.335
1777820400000,2327.3,2332.4,2324.0,2327.4,4108.367
1777824000000,2327.5,2333.7,2321.3,2327.5,3989.2569
1777827600000,2327.6,2334.5,2323.3,2330.7,5075.7047
1777831200000,2330.7,2332.0,2327.2,2329.8,6477.0988
1777834800000,2329.8,2336.7,2327.4,2334.7,5521.0097
1777838400000,2334.7,2344.0,2327.3,2328.5,12936.6427
1777842000000,2328.4,2333.3,2313.8,2322.8,12323.1995
1777845600000,2322.8,2355.5,2322.8,2342.7,28502.7116
1777849200000,2342.7,2346.5,2319.1,2321.7,20251.2648
1777852800000,2321.8,2321.8,2308.4,2318.1,8579.2646
1777856400000,2318.2,2353.0,2312.3,2349.9,17204.6045
1777860000000,2349.9,2385.8,2344.5,2373.1,55703.2727
1777863600000,2373.2,2390.0,2370.6,2383.9,18992.2212
1777867200000,2383.9,2397.9,2383.2,2389.2,17106.6804
1777870800000,2389.2,2390.2,2374.2,2375.2,12305.7851
1777874400000,2375.2,2377.0,2353.2,2367.3,14795.3053
1777878000000,2367.3,2372.0,2361.7,2361.9,8636.3294
1777881600000,2361.8,2364.1,2356.8,2359.2,8190.1345
1777885200000,2359.2,2370.4,2356.8,2367.7,11419.3022
1777888800000,2367.7,2368.7,2313.3,2337.3,65192.8668
1777892400000,2337.2,2342.5,2331.8,2336.4,7106.3572
1777896000000,2336.4,2342.5,2332.1,2334.6,6544.63
1777899600000,2334.6,2343.8,2324.7,2335.3,15306.8024
1777903200000,2335.5,2380.7,2326.6,2370.2,42890.9951
1777906800000,2370.3,2373.0,2335.3,2349.0,43313.6153
1777910400000,2349.0,2363.9,2335.7,2354.3,29099.6458
1777914000000,2354.1,2378.3,2352.8,2368.9,18149.989
1777917600000,2369.0,2373.9,2355.8,2360.2,15889.4638
1777921200000,2360.3,2363.1,2352.9,2355.4,7783.5325
1777924800000,2355.4,2358.0,2346.2,2348.7,5281.4144
1777928400000,2348.8,2363.1,2348.7,2359.6,4526.0193
1777932000000,2359.6,2364.3,2352.6,2353.4,4153.1026
1777935600000,2353.4,2353.4,2343.2,2346.0,7021.6089
1777939200000,2345.9,2358.1,2343.9,2357.7,4901.343
1777942800000,2357.6,2363.4,2354.0,2361.0,5326.2113
1777946400000,2361.0,2377.2,2358.5,2366.6,14721.9512
1777950000000,2366.6,2388.3,2363.5,2381.5,19851.2585
1777953600000,2381.5,2384.8,2373.9,2379.8,18119.4474
1777957200000,2379.7,2389.2,2376.5,2379.0,7017.5171
1777960800000,2379.0,2380.3,2366.3,2377.8,9599.5202
1777964400000,2377.7,2387.5,2374.8,2379.7,8612.0178
1777968000000,2379.5,2383.4,2371.7,2375.4,9450.5855
1777971600000,2375.4,2375.6,2366.0,2368.6,4039.9744
1777975200000,2368.6,2378.3,2366.2,2377.4,8336.8142
1777978800000,2377.3,2382.0,2372.1,2378.6,6075.6743
1777982400000,2378.6,2389.2,2375.2,2388.1,25339.3202
1777986000000,2388.0,2398.4,2382.6,2387.7,28136.2937
1777989600000,2387.4,2391.5,2367.5,2377.5,52440.3609
1777993200000,2377.3,2387.2,2374.2,2380.2,22974.4637
1777996800000,2380.2,2382.5,2359.6,2364.8,33500.9229
1778000400000,2364.9,2368.9,2358.3,2361.9,10515.521
1778004000000,2362.1,2373.8,2362.1,2371.1,9254.8358
1778007600000,2371.2,2375.2,2368.4,2370.7,5228.6558
1778011200000,2370.8,2386.0,2370.5,2381.6,19160.9996
1778014800000,2381.7,2387.5,2367.4,2374.2,23088.4952
1778018400000,2374.2,2380.7,2352.9,2366.2,28602.7328
1778022000000,2366.1,2368.6,2353.1,2359.3,16869.4043
1778025600000,2359.3,2366.1,2353.2,2363.4,30475.2471
1778029200000,2363.3,2374.3,2361.4,2371.8,14178.3789
1778032800000,2372.0,2372.1,2358.3,2368.0,7006.0867
1778036400000,2368.0,2379.9,2366.6,2375.6,7642.8619
1778040000000,2375.5,2378.3,2360.2,2365.0,7117.9887
1778043600000,2364.9,2365.8,2353.3,2364.0,11082.1045
1778047200000,2363.9,2370.9,2359.7,2370.1,24272.5347
1778050800000,2370.1,2374.2,2367.7,2370.8,6119.0508
1778054400000,2370.8,2395.7,2368.6,2393.5,22514.9465
1778058000000,2393.5,2417.8,2381.6,2412.4,93919.2182
1778061600000,2412.4,2414.8,2404.2,2410.0,37662.2926
1778065200000,2410.1,2423.8,2407.5,2409.7,40687.626
1778068800000,2409.8,2413.7,2398.3,2404.7,42517.3154
1778072400000,2404.7,2404.7,2363.9,2368.1,68117.1586
1778076000000,2368.2,2372.3,2337.9,2358.6,52104.903
1778079600000,2358.7,2365.3,2353.4,2358.1,14280.3258
1778083200000,2358.2,2366.5,2349.4,2357.0,12923.6829
1778086800000,2357.0,2359.9,2346.6,2348.7,16073.36
1778090400000,2348.7,2351.4,2336.3,2343.9,12169.4176
1778094000000,2344.0,2349.0,2341.2,2348.0,9357.578
1778097600000,2348.0,2356.0,2344.1,2349.8,15700.9216
1778101200000,2349.8,2356.3,2344.9,2353.2,6722.2161
1778104800000,2353.4,2354.1,2344.0,2346.6,12681.9739
1778108400000,2346.6,2350.6,2337.0,2350.2,9490.7255
1778112000000,2350.2,2351.7,2327.8,2328.2,28014.586
1778115600000,2328.2,2333.8,2313.0,2326.0,27891.9604
1778119200000,2326.0,2326.4,2312.8,2321.2,14379.8912
1778122800000,2321.3,2324.9,2314.5,2321.1,5921.3086
1778126400000,2321.1,2326.6,2316.6,2326.6,10869.5926
1778130000000,2326.5,2332.8,2326.4,2330.0,3813.2884
1778133600000,2330.2,2337.0,2318.8,2336.3,8880.52
1778137200000,2335.9,2345.9,2335.6,2343.4,16578.0721
1778140800000,2343.5,2345.7,2331.0,2332.7,9100.7317
1778144400000,2332.9,2336.2,2325.8,2327.7,16341.7192
1778148000000,2327.8,2330.4,2316.0,2326.1,19587.5808
1778151600000,2325.9,2330.5,2324.0,2328.9,4777.8726
1778155200000,2329.0,2335.7,2327.9,2332.0,10532.6556
1778158800000,2331.9,2331.9,2303.2,2313.3,18938.8728
1778162400000,2313.2,2317.5,2287.2,2298.2,42672.2173
1778166000000,2298.1,2303.7,2285.0,2293.6,27481.6842
1778169600000,2293.9,2297.7,2285.0,2291.3,10614.6769
1778173200000,2291.2,2301.0,2279.3,2299.4,17975.5194
1778176800000,2299.4,2303.8,2291.1,2295.7,16332.0677
1778180400000,2295.6,2296.5,2288.1,2295.6,11163.7466
1778184000000,2295.6,2302.3,2287.9,2288.7,12490.1459
1778187600000,2288.7,2294.0,2281.0,2288.0,12087.423
1778191200000,2288.0,2289.8,2280.6,2286.8,11168.6034
1778194800000,2286.7,2293.2,2285.9,2290.6,2815.2366
1778198400000,2290.7,2293.9,2283.4,2286.1,4225.0559
1778202000000,2286.1,2288.8,2279.3,2284.3,10397.4517
1778205600000,2284.2,2284.8,2266.7,2278.4,15040.4424
1778209200000,2278.3,2280.9,2263.4,2278.0,33149.3344
1778212800000,2278.0,2283.9,2275.8,2280.8,2314.2019
1778216400000,2280.8,2283.3,2275.4,2275.4,2277.2851
1778220000000,2275.4,2277.7,2268.0,2274.4,5777.8514
1778223600000,2274.4,2281.3,2266.0,2280.3,7975.6465
1778227200000,2280.3,2288.5,2279.0,2282.7,3882.0317
1778230800000,2282.6,2291.0,2279.2,2283.4,5779.3145
1778234400000,2283.4,2290.0,2280.1,2286.7,4530.1247
1778238000000,2286.6,2296.6,2286.6,2294.5,7405.6292
1778241600000,2294.4,2300.0,2281.9,2283.7,14420.6098
1778245200000,2283.7,2286.0,2268.4,2275.2,12640.6737
1778248800000,2275.0,2292.4,2272.3,2284.9,22259.4048
1778252400000,2284.9,2293.8,2274.1,2292.5,26571.675
1778256000000,2292.4,2293.9,2285.4,2289.2,12677.881
1778259600000,2289.3,2314.8,2288.7,2304.1,40742.5226
1778263200000,2304.1,2321.1,2304.1,2312.8,23753.6606
1778266800000,2312.7,2320.1,2311.5,2314.9,25754.5149
1778270400000,2315.0,2315.9,2304.7,2306.1,12400.1278
1778274000000,2306.2,2314.3,2303.7,2314.0,5887.1306
1778277600000,2314.0,2318.4,2310.0,2310.6,7510.7457
1778281200000,2310.5,2310.5,2302.4,2306.8,23383.8193
1778284800000,2306.8,2311.6,2304.0,2307.8,13456.2427
1778288400000,2307.8,2318.0,2307.7,2314.0,14532.9955
1778292000000,2314.1,2320.1,2313.6,2316.6,3744.0579
1778295600000,2316.6,2319.7,2312.3,2315.1,5058.6461
1778299200000,2314.9,2325.3,2311.0,2311.9,9451.7622
1778302800000,2311.9,2317.5,2310.5,2314.0,6037.1351
1778306400000,2314.1,2318.4,2311.9,2313.3,4128.8946
1778310000000,2313.3,2317.8,2310.4,2314.2,4712.7271
1778313600000,2314.1,2319.6,2313.3,2316.4,8486.8114
1778317200000,2316.3,2316.7,2310.6,2312.3,2164.735
1778320800000,2312.3,2314.0,2309.2,2311.9,3470.9055
1778324400000,2311.8,2314.8,2311.8,2314.1,1510.4797
1778328000000,2314.1,2317.7,2312.6,2315.8,3460.9612
1778331600000,2315.9,2315.9,2311.1,2313.6,1761.5395
1778335200000,2313.7,2314.0,2304.3,2307.3,12953.498
1778338800000,2307.3,2316.3,2298.8,2316.3,11927.6118
1778342400000,2316.3,2323.7,2314.1,2318.7,17313.5167
1778346000000,2318.6,2332.6,2318.6,2328.8,21350.161
1778349600000,2328.8,2337.5,2328.0,2329.4,7391.6158
1778353200000,2329.4,2332.2,2326.0,2331.1,3139.2534
1778356800000,2331.1,2332.0,2326.5,2328.5,2610.6991
1778360400000,2328.5,2331.0,2327.9,2330.2,2053.1476
1778364000000,2330.2,2332.8,2326.6,2329.1,4979.4433
1778367600000,2329.1,2331.3,2324.0,2326.0,3444.6005
1778371200000,2326.0,2329.5,2321.3,2323.3,19006.7292
1778374800000,2323.3,2324.1,2317.7,2323.3,5906.0187
1778378400000,2323.4,2327.7,2320.0,2327.0,4492.4993
1778382000000,2327.0,2332.5,2323.3,2327.1,5461.1073
1778385600000,2327.2,2330.2,2325.7,2328.0,6866.612
1778389200000,2327.9,2329.4,2325.6,2326.7,2456.5753
1778392800000,2326.7,2329.8,2326.2,2328.7,3932.498
1778396400000,2328.7,2331.3,2327.0,2327.1,3363.5983
1778400000000,2327.0,2331.0,2325.8,2329.5,3785.9041
1778403600000,2329.5,2332.9,2326.5,2327.8,2418.6774
1778407200000,2327.7,2328.4,2322.9,2325.2,6258.5677
1778410800000,2325.1,2327.3,2318.3,2322.5,2413.6227
1778414400000,2322.4,2324.8,2320.6,2323.7,2190.5324
1778418000000,2323.7,2331.5,2322.8,2329.5,3550.9781
1778421600000,2329.5,2334.9,2326.9,2330.5,2652.0924
1778425200000,2330.6,2351.0,2330.5,2347.5,15701.9102
1778428800000,2347.6,2350.6,2339.8,2349.7,17811.9385
1778432400000,2349.7,2367.7,2344.9,2363.2,22503.6471
1778436000000,2363.3,2366.0,2355.4,2357.5,23059.3144
1778439600000,2357.6,2366.3,2350.6,2365.1,15982.217
1778443200000,2365.2,2369.3,2310.6,2328.2,59202.3755
1778446800000,2328.3,2336.4,2323.6,2330.3,13341.1385
1778450400000,2330.3,2377.3,2327.2,2373.5,34130.3124
1778454000000,2373.7,2382.3,2367.8,2370.6,26098.1653
1778457600000,2370.7,2374.3,2344.4,2352.3,27293.0218
1778461200000,2352.3,2364.9,2344.9,2358.3,16792.6144
1778464800000,2358.4,2360.2,2342.7,2344.8,6564.207
1778468400000,2344.9,2344.9,2319.2,2329.8,20572.9807
1778472000000,2329.9,2335.4,2326.0,2332.5,7133.7045
1778475600000,2332.2,2339.9,2331.4,2334.6,1959.6481
1778479200000,2334.6,2341.0,2329.6,2333.0,3647.0278
1778482800000,2333.1,2333.1,2327.5,2330.0,3398.737
1778486400000,2330.0,2334.4,2326.0,2330.2,7011.077
1778490000000,2330.3,2338.2,2329.8,2335.7,2949.79
1778493600000,2335.6,2339.1,2329.1,2329.1,5050.4158
1778497200000,2329.1,2335.3,2326.8,2335.3,4412.2169
1778500800000,2335.3,2338.2,2328.0,2328.7,5260.3044
1778504400000,2328.7,2332.3,2313.6,2321.4,17207.7871
1778508000000,2321.3,2328.0,2302.1,2315.6,34812.8511
1778511600000,2315.6,2335.1,2311.9,2332.7,24838.9665
1778515200000,2332.6,2340.1,2326.2,2328.7,18569.2748
1778518800000,2328.6,2342.5,2322.5,2336.1,18064.1464
1778522400000,2336.1,2343.5,2334.3,2334.5,8836.0015
1778526000000,2334.6,2343.5,2331.2,2339.5,6030.7605
1778529600000,2339.5,2345.3,2335.7,2337.4,14234.2044
1778533200000,2337.4,2341.7,2335.9,2340.0,5358.4958
1778536800000,2340.0,2345.1,2336.0,2340.6,7824.456
1778540400000,2340.6,2341.7,2334.4,2339.0,4635.9122
1778544000000,2339.0,2340.0,2331.2,2332.6,5583.2373
1778547600000,2332.5,2334.7,2293.6,2310.6,29776.6727
1778551200000,2310.5,2316.2,2306.2,2315.0,9941.13
1778554800000,2315.0,2316.3,2306.3,2308.3,9699.7457
1778558400000,2308.4,2313.4,2304.8,2310.1,6011.5906
1778562000000,2310.1,2313.4,2308.9,2309.9,5264.5343
1778565600000,2309.8,2313.2,2302.0,2303.1,5417.8013
1778569200000,2302.9,2303.8,2290.8,2294.5,14003.266
1778572800000,2294.5,2295.1,2279.5,2287.5,18303.0521
1778576400000,2287.4,2294.0,2280.4,2292.0,16651.9844
1778580000000,2292.1,2292.9,2281.5,2285.2,8758.1505
1778583600000,2285.3,2286.2,2278.0,2285.8,7325.7982
1778587200000,2285.9,2293.3,2280.0,2288.1,10327.4927
1778590800000,2288.2,2291.5,2267.5,2270.4,17489.4867
1778594400000,2270.3,2280.5,2261.3,2267.8,19646.2596
1778598000000,2267.7,2273.1,2255.4,2260.6,38479.1609
1778601600000,2260.5,2270.0,2255.2,2262.7,13412.01
1778605200000,2262.8,2276.9,2262.8,2275.4,7919.3261
1778608800000,2275.4,2283.9,2274.0,2278.4,14027.5914
1778612400000,2278.3,2286.5,2278.2,2283.7,6202.9301
1778616000000,2283.7,2286.5,2280.1,2283.9,5123.0549
1778619600000,2283.9,2286.6,2282.4,2284.6,5490.6789
1778623200000,2284.7,2290.2,2281.4,2281.4,4168.4524
1778626800000,2281.5,2283.1,2272.8,2273.7,4422.9595
1778630400000,2273.7,2285.7,2272.4,2280.5,3118.0282
1778634000000,2280.6,2295.0,2280.0,2289.0,12945.4286
1778637600000,2289.1,2300.5,2286.3,2293.4,23341.9997
1778641200000,2293.4,2303.5,2291.6,2301.2,23620.2197
1778644800000,2301.3,2308.1,2298.2,2306.5,4772.1762
1778648400000,2306.5,2307.3,2295.3,2297.4,4656.5487
1778652000000,2297.4,2304.7,2297.0,2301.1,2636.7815
1778655600000,2301.2,2302.2,2296.4,2300.6,1946.3701
1778659200000,2300.6,2316.3,2300.5,2316.3,14421.2786
1778662800000,2316.3,2323.2,2314.1,2320.7,6500.3574
1778666400000,2320.7,2321.3,2305.6,2308.2,10896.1843
1778670000000,2308.2,2308.4,2298.1,2301.3,6468.6119
1778673600000,2301.3,2306.8,2270.0,2283.6,22263.033
1778677200000,2283.6,2288.1,2257.8,2262.0,27192.626
1778680800000,2262.0,2270.0,2250.4,2266.7,22365.4748
1778684400000,2266.7,2269.3,2233.6,2235.8,47457.4311
1778688000000,2235.8,2253.2,2234.7,2250.5,23284.6032
1778691600000,2250.6,2261.4,2250.6,2258.1,24737.6993
1778695200000,2258.0,2267.9,2258.0,2259.2,14392.96
1778698800000,2259.2,2260.1,2249.7,2256.1,7991.2817
1778702400000,2256.1,2263.8,2256.0,2263.1,2815.9774
1778706000000,2263.3,2263.4,2252.9,2255.0,8117.4152
1778709600000,2255.0,2259.8,2250.1,2258.8,5550.5991
1778713200000,2258.7,2261.3,2254.1,2258.0,2176.09
1778716800000,2258.0,2269.0,2257.6,2265.9,5570.7627
1778720400000,2265.7,2268.8,2259.2,2264.3,4538.5814
1778724000000,2264.2,2265.8,2246.5,2250.8,8380.4517
1778727600000,2250.7,2254.1,2237.7,2241.3,7729.1422
1778731200000,2241.3,2257.6,2238.5,2255.9,8240.3557
1778734800000,2255.9,2273.0,2255.0,2267.5,5285.5159
1778738400000,2267.6,2274.5,2265.9,2266.9,6731.4892
1778742000000,2266.9,2269.9,2263.2,2264.3,3373.2812
1778745600000,2264.3,2270.0,2261.1,2265.5,4892.5875
1778749200000,2265.5,2266.9,2251.6,2256.9,5907.1331
1778752800000,2256.9,2264.7,2254.8,2261.1,13025.6112
1778756400000,2261.1,2263.1,2251.3,2252.9,28059.5389
1778760000000,2252.8,2262.6,2247.1,2260.6,11918.3752
1778763600000,2260.6,2264.8,2248.1,2248.8,15521.3413
1778767200000,2248.9,2287.8,2245.1,2286.1,26172.2679
1778770800000,2286.2,2298.5,2279.5,2297.5,30602.4874
1778774400000,2297.5,2317.5,2292.5,2315.5,36006.6116
1778778000000,2315.5,2318.7,2295.4,2307.3,20878.941
1778781600000,2307.3,2316.0,2301.8,2308.9,12990.1799
1778785200000,2308.8,2311.2,2296.4,2297.2,9555.7922
1778788800000,2297.3,2300.3,2287.3,2297.1,15379.3617
1778792400000,2297.1,2299.2,2288.8,2296.2,5484.5048
1778796000000,2296.3,2300.0,2294.1,2297.0,4345.8787
1778799600000,2296.9,2296.9,2279.8,2282.1,8100.1601
1778803200000,2282.2,2299.3,2280.9,2290.6,6469.9113
1778806800000,2290.6,2293.8,2273.8,2274.6,12677.4701
1778810400000,2274.7,2278.4,2259.3,2275.6,46726.3774
1778814000000,2275.8,2278.5,2266.9,2272.4,14456.4859
1778817600000,2272.4,2272.7,2261.4,2262.0,6361.3158
1778821200000,2262.0,2266.0,2236.2,2244.1,23536.8674
1778824800000,2244.1,2256.0,2242.5,2254.3,8378.5145
1778828400000,2254.4,2270.4,2252.7,2264.3,12391.1352
1778832000000,2264.3,2264.6,2249.2,2256.4,6363.875
1778835600000,2256.5,2259.0,2249.7,2253.3,6121.6862
1778839200000,2253.4,2263.5,2251.3,2261.5,6266.4652
1778842800000,2261.6,2263.0,2256.5,2256.6,7258.8282
1778846400000,2256.6,2259.3,2249.7,2253.1,14878.0433
1778850000000,2253.0,2253.0,2209.3,2212.3,67574.0693
1778853600000,2212.3,2223.4,2204.0,2212.6,81233.836
1778857200000,2212.7,2222.7,2209.0,2221.9,30827.9749
1778860800000,2222.0,2230.0,2217.1,2223.4,31401.7569
1778864400000,2223.4,2232.0,2223.1,2228.2,22689.8387
1778868000000,2228.4,2231.6,2224.0,2227.0,5319.1112
1778871600000,2226.9,2227.3,2221.2,2222.3,5049.1724
1778875200000,2222.2,2225.3,2215.7,2219.0,20647.9552
1778878800000,2219.0,2223.9,2213.3,2215.6,4447.6001
1778882400000,2215.7,2223.3,2215.7,2223.1,3351.2955
1778886000000,2223.0,2225.2,2221.5,2223.3,3114.6983
1778889600000,2223.3,2230.5,2222.7,2225.7,1749.1531
1778893200000,2225.8,2229.9,2222.1,2228.6,20758.9727
1778896800000,2228.7,2230.3,2226.0,2228.9,1929.5461
1778900400000,2228.8,2229.4,2226.0,2226.9,1393.8784
1778904000000,2226.9,2227.7,2217.4,2224.6,12779.4723
1778907600000,2224.6,2225.8,2221.4,2224.2,1557.4972
1778911200000,2224.2,2225.8,2208.1,2214.0,17197.2125
1778914800000,2214.0,2214.4,2180.9,2193.7,48498.6994
1778918400000,2193.6,2195.7,2190.9,2192.2,3442.8165
1778922000000,2192.2,2192.7,2161.2,2172.4,26512.2739
1778925600000,2172.4,2173.9,2161.4,2172.8,22653.1744
1778929200000,2172.9,2180.0,2172.9,2175.6,10524.9881
1778932800000,2175.6,2178.5,2172.8,2175.8,17745.2036
1778936400000,2175.8,2179.1,2171.8,2176.1,14263.8911
1778940000000,2176.2,2187.5,2173.0,2179.1,34086.8881
1778943600000,2179.1,2182.7,2176.2,2179.1,5260.2931
1778947200000,2179.1,2182.6,2169.1,2173.1,4674.783
1778950800000,2173.3,2180.0,2173.3,2178.1,5606.7432
1778954400000,2178.1,2183.5,2175.5,2180.4,3061.7578
1778958000000,2180.5,2182.2,2178.2,2178.7,2302.4538
1778961600000,2178.7,2182.1,2178.7,2180.5,3321.1261
1778965200000,2180.3,2181.3,2180.1,2181.2,6878.513
1778968800000,2181.1,2181.3,2178.5,2179.3,3084.1941
1778972400000,2179.3,2181.9,2178.1,2179.4,2879.4092
1778976000000,2179.3,2184.6,2172.9,2176.2,3106.5991
1778979600000,2176.1,2182.0,2166.6,2168.0,33923.6192
1778983200000,2168.1,2175.0,2168.0,2173.0,4637.6958
1778986800000,2173.0,2182.9,2173.0,2180.5,3268.6463
1778990400000,2180.4,2188.5,2180.0,2186.3,3568.1502
1778994000000,2186.2,2193.8,2184.6,2184.8,3729.5758
1778997600000,2184.7,2186.8,2180.2,2183.7,12531.358
1779001200000,2183.6,2187.2,2181.2,2185.4,6099.2901
1779004800000,2185.1,2185.9,2182.0,2184.9,1329.0842
1779008400000,2184.9,2190.0,2184.7,2189.0,4190.6841
1779012000000,2188.9,2196.8,2188.9,2192.6,5261.8717
1779015600000,2192.5,2193.5,2186.5,2190.8,14633.4177
1779019200000,2190.7,2197.2,2190.1,2193.2,6016.2594
1779022800000,2193.1,2194.0,2186.0,2190.6,10564.1047
1779026400000,2190.6,2191.1,2177.2,2185.5,8738.4987
1779030000000,2185.4,2187.4,2180.1,2185.6,6039.1399
1779033600000,2185.5,2187.6,2181.1,2181.4,3329.9364
1779037200000,2181.4,2184.0,2175.3,2183.1,16078.9357
1779040800000,2183.1,2187.6,2178.3,2187.6,7259.6844
1779044400000,2187.6,2192.7,2186.4,2191.4,6579.897
1779048000000,2191.4,2192.7,2185.8,2188.4,8269.2902
1779051600000,2188.3,2193.8,2186.2,2190.9,2156.1948
1779055200000,2190.8,2190.8,2173.4,2179.2,44844.0835
1779058800000,2179.2,2179.2,2089.4,2130.1,105123.809
1779062400000,2130.2,2130.8,2103.9,2114.5,36516.1388
1779066000000,2114.4,2120.4,2105.4,2116.4,14180.4237
1779069600000,2116.4,2122.8,2111.5,2115.5,8859.6986
1779073200000,2115.6,2122.7,2115.0,2117.5,4741.3908
1779076800000,2117.5,2124.5,2113.3,2123.7,8848.2788
1779080400000,2123.7,2124.8,2116.1,2117.2,4945.1404
1779084000000,2117.3,2120.2,2109.1,2117.8,13596.6606
1779087600000,2118.0,2122.6,2110.9,2119.5,9697.7036
1779091200000,2119.5,2122.7,2116.2,2120.3,7369.3757
1779094800000,2120.3,2120.8,2114.5,2115.7,3955.6732
1779098400000,2115.7,2116.4,2111.3,2113.3,9679.3029
1779102000000,2113.3,2138.7,2109.3,2132.5,30442.4763
1779105600000,2132.5,2156.1,2132.4,2149.9,62822.6626
1779109200000,2149.9,2150.3,2119.1,2129.9,52732.4771
1779112800000,2129.9,2129.9,2097.8,2109.4,34210.9131
1779116400000,2109.4,2110.4,2092.3,2106.4,42926.0279
1779120000000,2106.5,2110.6,2090.0,2096.7,21769.9638
1779123600000,2096.8,2109.7,2094.7,2107.2,8271.2028
1779127200000,2107.3,2108.3,2077.0,2080.5,34395.9412
1779130800000,2080.4,2127.8,2078.7,2124.1,86442.6592
1779134400000,2124.0,2130.2,2114.5,2116.7,19320.8479
1779138000000,2116.8,2142.1,2114.0,2136.8,55314.5129
1779141600000,2136.7,2143.1,2129.6,2135.4,26343.2997
1779145200000,2135.4,2138.5,2127.5,2129.7,11142.2909
1779148800000,2129.7,2146.3,2128.0,2135.5,8896.7968
1779152400000,2135.5,2137.8,2122.8,2124.1,24631.3329
1779156000000,2124.0,2135.1,2118.4,2122.3,11008.5788
1779159600000,2122.3,2133.6,2121.2,2130.3,5821.6394
1779163200000,2130.2,2136.0,2127.4,2133.2,7960.6667
1779166800000,2133.2,2136.9,2122.5,2134.4,5926.6393
1779170400000,2134.4,2139.3,2131.9,2136.6,5037.3377
1779174000000,2136.5,2144.0,2134.5,2140.0,5304.4817
1779177600000,2140.1,2140.4,2130.2,2132.7,4025.4818
1779181200000,2132.7,2133.5,2110.6,2113.3,16263.7496
1779184800000,2113.3,2121.0,2105.6,2117.7,16564.4545
1779188400000,2117.9,2119.6,2108.2,2109.8,10597.2124
1779192000000,2109.8,2118.6,2108.0,2117.4,5159.7293
1779195600000,2117.4,2126.6,2106.9,2118.2,32328.0993
1779199200000,2118.2,2122.7,2093.5,2105.7,42229.9928
1779202800000,2105.5,2112.2,2103.0,2109.2,9641.3778
1779206400000,2109.3,2121.6,2106.4,2120.5,10523.0067
1779210000000,2120.5,2124.6,2112.1,2114.9,6818.0707
1779213600000,2115.0,2118.9,2109.9,2114.5,8605.5046
1779217200000,2114.6,2122.6,2109.3,2112.3,9630.5794
1779220800000,2112.4,2118.2,2111.5,2117.5,1723.83
1779224400000,2117.5,2119.8,2115.9,2115.9,2960.3281
1779228000000,2115.9,2115.9,2101.5,2105.4,6938.1976
1779231600000,2105.5,2117.6,2103.7,2110.8,4502.8755
1779235200000,2110.9,2114.7,2102.6,2110.2,6585.6344
1779238800000,2110.5,2117.6,2102.5,2114.5,6575.3649
1779242400000,2114.3,2116.4,2105.5,2108.1,5262.9973
1779246000000,2108.2,2115.3,2105.1,2110.5,2962.121
1779249600000,2110.6,2113.8,2106.3,2112.7,17458.8409
1779253200000,2112.8,2129.7,2112.8,2124.8,11103.8227
1779256800000,2124.6,2133.7,2124.6,2133.5,12502.4693
1779260400000,2133.5,2135.9,2127.9,2128.8,10106.2245
1779264000000,2128.7,2137.5,2128.0,2130.9,8187.6189
1779267600000,2131.0,2132.3,2127.0,2128.6,2189.0495
1779271200000,2128.6,2136.3,2128.6,2130.1,2941.5619
1779274800000,2130.0,2131.4,2123.7,2127.6,3775.8022
1779278400000,2127.6,2139.7,2126.4,2133.3,7702.6731
1779282000000,2133.4,2134.9,2114.7,2120.1,17462.4135
1779285600000,2120.1,2138.5,2113.6,2135.2,28503.1735
1779289200000,2134.9,2148.1,2128.3,2136.0,16276.5095
1779292800000,2136.0,2139.8,2123.3,2134.9,8619.7627
1779296400000,2134.9,2148.2,2131.7,2139.9,11519.4825
1779300000000,2139.9,2140.3,2130.5,2131.5,6013.9882
1779303600000,2131.5,2140.7,2128.3,2138.3,4654.7491
1779307200000,2138.5,2140.1,2129.0,2135.2,21358.99
1779310800000,2135.2,2137.7,2129.7,2129.8,10915.7311
1779314400000,2129.7,2129.7,2117.4,2127.9,10703.7504
1779318000000,2127.7,2129.8,2122.2,2129.1,3813.4358
1779321600000,2129.0,2144.9,2127.9,2142.4,13697.9873
1779325200000,2142.4,2156.7,2138.6,2140.5,62539.7533
1779328800000,2140.5,2147.6,2139.0,2141.1,4194.7122
1779332400000,2141.2,2146.8,2140.2,2145.4,2533.7719
1779336000000,2145.5,2148.5,2142.1,2144.4,2203.9743
1779339600000,2144.4,2147.7,2132.9,2136.0,9243.0891
1779343200000,2135.9,2138.2,2127.1,2127.9,6931.5303
1779346800000,2128.0,2136.1,2123.9,2134.7,13152.2214
1779350400000,2134.5,2147.6,2134.4,2137.4,20365.2891
1779354000000,2137.3,2140.2,2127.2,2127.5,5375.3048
1779357600000,2127.4,2129.2,2108.7,2113.3,23517.1023
1779361200000,2113.4,2119.0,2111.4,2114.0,11933.0591
1779364800000,2114.1,2118.8,2111.3,2116.2,13623.8136
1779368400000,2116.1,2124.1,2104.2,2120.1,26898.6962
1779372000000,2120.1,2125.0,2110.2,2121.2,17624.657
1779375600000,2121.3,2137.9,2118.7,2131.9,19268.8534
1779379200000,2131.9,2136.1,2122.0,2126.9,34101.4057
1779382800000,2126.9,2153.0,2125.1,2146.2,25290.639
1779386400000,2146.1,2147.6,2120.3,2125.8,21741.8527
1779390000000,2125.8,2145.4,2125.6,2142.7,32034.723
1779393600000,2142.7,2143.0,2136.5,2138.0,3412.6413
1779397200000,2138.1,2140.4,2133.6,2134.4,6818.4554
1779400800000,2134.5,2136.4,2130.4,2131.2,6105.9246
1779404400000,2131.0,2136.3,2126.5,2133.1,6580.0687
1779408000000,2133.3,2134.4,2128.5,2128.5,4233.9165
1779411600000,2128.5,2136.3,2124.7,2135.2,4215.1663
1779415200000,2135.2,2139.5,2133.8,2137.4,3423.1301
1779418800000,2137.3,2140.7,2134.7,2137.1,1793.6041
1779422400000,2137.1,2140.9,2132.1,2133.1,2399.3975
1779426000000,2133.2,2135.2,2127.1,2128.6,3001.2355
1779429600000,2128.6,2130.0,2123.1,2125.1,4417.3515
1779433200000,2125.0,2132.3,2121.6,2128.1,7664.0205
1779436800000,2128.0,2133.0,2118.6,2121.6,19845.7196
1779440400000,2121.4,2124.7,2118.2,2123.4,9356.4238
1779444000000,2123.4,2124.7,2120.5,2122.5,2772.7261
1779447600000,2122.5,2130.6,2119.6,2130.2,12156.5987
1779451200000,2130.3,2137.5,2128.9,2134.4,10853.1668
1779454800000,2134.6,2135.3,2123.2,2129.5,11938.0776
1779458400000,2129.5,2129.5,2111.6,2116.4,15231.122
1779462000000,2116.4,2125.3,2111.5,2119.1,9626.4791
1779465600000,2119.0,2123.5,2117.4,2122.1,8764.5018
1779469200000,2122.2,2129.1,2118.2,2118.7,17461.4925
1779472800000,2118.7,2121.0,2082.9,2098.9,77198.6384
1779476400000,2099.0,2102.1,2056.2,2064.7,95075.5329
1779480000000,2064.6,2078.1,2063.8,2072.3,33321.3543
1779483600000,2072.1,2078.7,2070.6,2077.3,9770.1788
1779487200000,2077.3,2078.5,2065.1,2072.1,25298.4824
1779490800000,2072.0,2076.2,2056.2,2064.8,27544.7823
1779494400000,2064.9,2069.6,2052.1,2063.4,38298.9872
1779498000000,2063.5,2069.1,2061.8,2068.1,13991.6235
1779501600000,2068.2,2069.5,2063.8,2067.7,2866.6687
1779505200000,2067.6,2071.2,2067.1,2069.9,3017.4932
1779508800000,2070.0,2070.4,2065.0,2066.4,10683.5602
1779512400000,2066.5,2067.1,2061.5,2064.0,3944.9206
1779516000000,2064.0,2064.9,2059.7,2060.7,2882.9718
1779519600000,2060.9,2062.2,2008.5,2027.6,70714.2693
1779523200000,2027.5,2031.4,2020.2,2029.3,29542.4766
1779526800000,2029.3,2029.9,2026.2,2026.4,4578.1214
1779530400000,2026.4,2032.1,2026.1,2030.4,12854.9657
1779534000000,2030.3,2034.4,2029.6,2030.4,4266.1935
1779537600000,2030.4,2030.8,2025.7,2029.8,12134.9398
1779541200000,2029.8,2044.8,2029.8,2043.7,10220.2276
1779544800000,2043.6,2064.2,2040.0,2060.4,23629.6689
1779548400000,2060.4,2067.6,2054.5,2059.0,16737.1077
1779552000000,2058.9,2063.8,2056.0,2060.5,7372.2418
1779555600000,2060.4,2064.0,2057.7,2062.7,6431.4319
1779559200000,2062.7,2081.8,2062.4,2073.1,24236.4962
1779562800000,2073.0,2079.7,2068.8,2076.3,6939.0079
1779566400000,2076.3,2145.9,2073.7,2145.4,107401.1686
1779570000000,2145.4,2149.0,2105.2,2115.7,82783.038
1779573600000,2115.7,2119.1,2101.6,2116.1,58157.7837
1779577200000,2116.0,2121.2,2113.7,2116.8,14590.777
1779580800000,2116.8,2120.4,2112.4,2118.8,6111.3878
1779584400000,2118.8,2124.4,2117.6,2121.7,9665.5467
1779588000000,2121.7,2124.5,2117.7,2121.7,3083.8418
1779591600000,2121.7,2126.2,2116.2,2118.4,6269.9939
1779595200000,2118.2,2122.9,2118.2,2119.5,2115.912
1779598800000,2119.4,2120.6,2112.9,2119.1,2997.2738
1779602400000,2119.1,2129.5,2116.8,2127.4,4490.3902
1779606000000,2127.4,2129.1,2118.8,2120.3,2851.2365
1779609600000,2120.4,2122.5,2118.5,2119.9,2248.335
1779613200000,2119.8,2123.4,2118.5,2122.6,5549.308
1779616800000,2122.7,2130.0,2118.6,2121.3,7111.23
1779620400000,2121.3,2126.8,2121.3,2124.7,2017.7678
1779624000000,2125.2,2125.7,2117.0,2119.2,11207.6742
1779627600000,2119.3,2120.2,2105.0,2109.3,7961.5349
1779631200000,2109.3,2111.5,2078.5,2096.9,32861.2425
1779634800000,2097.1,2099.0,2093.1,2094.6,7719.906
1779638400000,2094.6,2108.0,2094.0,2102.7,13781.9709
1779642000000,2102.8,2105.7,2100.5,2102.0,5585.4424
1779645600000,2102.0,2103.9,2096.8,2098.8,4472.412
1779649200000,2098.9,2101.5,2095.2,2099.7,2687.6162
1779652800000,2099.7,2101.0,2090.8,2092.0,7332.776
1779656400000,2092.0,2097.8,2061.4,2069.5,26670.052
1779660000000,2069.5,2098.8,2069.5,2091.0,39324.6842
1779663600000,2091.1,2105.8,2090.5,2098.6,8955.6871
1779667200000,2098.6,2108.0,2098.6,2103.9,4791.9969
1779670800000,2104.0,2106.8,2091.8,2092.8,9696.2503
1779674400000,2092.8,2112.3,2092.8,2096.9,30035.3573
1779678000000,2097.0,2098.5,2091.0,2094.0,12734.0014
1779681600000,2094.1,2106.9,2090.9,2104.8,8257.0998
1779685200000,2104.7,2110.6,2103.0,2106.8,13482.0604
1779688800000,2106.7,2109.8,2098.0,2108.0,19339.419
1779692400000,2108.1,2116.6,2105.5,2115.0,8708.2457
1779696000000,2115.0,2116.8,2110.7,2115.7,2760.4287
1779699600000,2115.8,2123.2,2115.1,2115.7,4877.1902
1779703200000,2115.8,2119.9,2113.8,2116.1,5446.2956
1779706800000,2116.1,2119.2,2113.3,2113.9,3078.241
1779710400000,2114.0,2118.7,2111.4,2116.4,5715.6303
1779714000000,2116.4,2118.7,2113.4,2115.5,3289.7357
1779717600000,2115.4,2129.3,2114.6,2127.7,15101.1972
1779721200000,2127.6,2136.8,2122.0,2126.1,28061.3428
1779724800000,2126.2,2141.0,2124.1,2135.6,8109.4396
1779728400000,2135.7,2139.8,2127.4,2127.9,4198.0079
1779732000000,2127.8,2133.0,2125.9,2126.1,3961.788
1779735600000,2126.1,2126.1,2115.1,2120.7,11672.0894
1779739200000,2120.5,2122.2,2106.5,2107.3,12728.0549
1779742800000,2107.5,2112.0,2106.8,2109.8,3817.2573
1779746400000,2109.8,2114.4,2101.4,2102.5,13374.393
1779750000000,2102.5,2113.5,2101.0,2112.4,21296.4919
1779753600000,2112.4,2113.2,2084.3,2097.3,47900.5163
1779757200000,2097.3,2099.7,2087.5,2093.9,25356.633
1779760800000,2093.9,2095.1,2084.1,2088.1,19951.2429
1779764400000,2088.3,2093.1,2084.0,2092.5,3796.6946
1779768000000,2092.6,2095.7,2088.0,2093.0,5764.6822
1779771600000,2093.0,2102.9,2091.2,2100.1,3647.4421
1779775200000,2099.8,2104.1,2094.4,2100.8,2687.4161
1779778800000,2100.9,2101.8,2090.0,2094.7,9328.2124
1779782400000,2094.8,2099.4,2094.4,2096.3,4711.2588
1779786000000,2096.4,2098.9,2093.4,2095.9,2683.3143
1779789600000,2096.0,2137.1,2093.5,2126.8,37863.7619
1779793200000,2126.8,2129.9,2117.7,2119.9,15974.5304
1779796800000,2119.9,2126.1,2110.5,2125.6,6284.5421
1779800400000,2125.6,2131.0,2108.8,2124.2,17350.9001
1779804000000,2124.4,2140.0,2105.2,2108.4,48955.7411
1779807600000,2108.3,2111.0,2077.6,2086.4,38022.9093
1779811200000,2086.4,2088.6,2073.0,2078.4,22329.113
1779814800000,2078.6,2082.9,2053.6,2070.0,24549.0465
1779818400000,2070.0,2079.7,2065.5,2067.6,13876.067
1779822000000,2067.7,2076.1,2064.5,2073.3,8157.8514
1779825600000,2073.3,2077.7,2072.7,2077.2,13787.8551
1779829200000,2077.2,2077.8,2068.2,2071.8,5325.4509
1779832800000,2072.0,2075.4,2064.8,2067.6,6625.3235
1779836400000,2067.7,2075.8,2067.7,2072.6,2732.7424
1779840000000,2072.7,2083.1,2072.6,2082.1,4752.2834
1779843600000,2082.1,2082.6,2070.6,2073.2,10340.2779
1779847200000,2073.2,2075.0,2068.0,2075.0,4569.7966
1779850800000,2075.0,2079.0,2068.0,2068.6,6794.0365
1779854400000,2068.6,2072.0,2055.0,2071.1,17713.3441
1779858000000,2071.0,2078.0,2070.5,2076.2,6954.9595
1779861600000,2076.2,2080.4,2074.0,2078.6,7665.0224
1779865200000,2078.6,2083.3,2074.9,2082.9,7779.9951
1779868800000,2082.8,2095.8,2082.8,2084.0,11649.8032
1779872400000,2084.0,2087.0,2077.3,2082.5,6419.6867
1779876000000,2082.5,2086.8,2078.7,2078.7,10533.805
1779879600000,2078.7,2084.6,2078.2,2079.7,8490.1685
1779883200000,2079.9,2096.2,2073.6,2078.0,23530.0207
1779886800000,2077.9,2080.0,2051.4,2063.8,41248.1528
1779890400000,2063.9,2071.3,2054.1,2061.9,18336.955
1779894000000,2061.8,2078.8,2060.6,2070.9,17578.1203
1779897600000,2071.1,2073.8,2059.5,2069.7,10925.8055
1779901200000,2069.8,2069.8,2044.2,2051.2,15982.4663
1779904800000,2051.2,2055.9,2042.6,2055.6,20682.9546
1779908400000,2055.7,2060.5,2053.7,2056.7,6489.6568
1779912000000,2056.7,2065.2,2056.4,2062.5,13077.2395
1779915600000,2062.4,2062.5,2015.2,2020.2,48544.3809
1779919200000,2020.3,2034.3,2015.7,2024.3,42324.89
1779922800000,2024.3,2029.3,2017.1,2023.9,23570.2848
1779926400000,2023.8,2028.4,2019.7,2027.5,11225.8842
1779930000000,2027.5,2028.4,2011.3,2019.0,15531.5562
1779933600000,2019.0,2020.9,2014.4,2016.7,10837.3475
1779937200000,2016.6,2020.0,1970.7,1980.5,76099.5754
1779940800000,1980.6,1985.3,1966.6,1981.2,30098.6652
1779944400000,1981.1,1982.6,1974.5,1977.5,17461.1227
1779948000000,1977.4,1983.5,1971.3,1983.2,13196.3971
1779951600000,1983.3,1995.8,1981.5,1994.2,13274.6141
1779955200000,1994.2,1994.6,1983.7,1987.0,7027.9075
1779958800000,1987.0,1994.4,1983.8,1992.7,4963.6993
1779962400000,1992.7,1997.1,1988.1,1989.0,7447.7842
1779966000000,1989.1,1991.7,1985.5,1988.7,5375.492
1779969600000,1988.7,1993.5,1980.5,1991.2,10895.6382
1779973200000,1991.3,1994.2,1974.5,1980.6,24006.468
1779976800000,1980.8,2005.5,1966.7,1992.7,76161.3344
1779980400000,1992.8,1998.3,1982.7,1989.7,11197.6483
1779984000000,1989.7,2014.0,1984.2,2012.7,39698.5147
1779987600000,2012.8,2026.6,2008.9,2018.9,35389.1309
1779991200000,2018.9,2029.3,2017.5,2024.5,18503.8833
1779994800000,2024.5,2024.8,2013.3,2013.4,17874.032
1779998400000,2013.4,2019.7,2005.9,2013.6,25223.2102
1780002000000,2013.7,2024.1,2012.9,2019.6,6825.4604
1780005600000,2019.6,2022.4,2004.3,2005.0,10918.7295
1780009200000,2004.9,2011.5,2004.9,2009.2,2263.5474
1780012800000,2009.2,2016.9,2009.2,2012.1,19913.7421
1780016400000,2012.1,2016.0,2005.5,2007.7,5162.2525
1780020000000,2007.7,2010.1,1997.0,1998.8,8723.8861
1780023600000,1998.8,2007.2,1998.8,2002.3,3627.1684
1780027200000,2002.3,2008.1,1997.7,2008.0,9058.5983
1780030800000,2008.0,2014.9,2007.5,2014.1,10076.3203
1780034400000,2014.1,2021.1,2011.9,2017.7,12426.2377
1780038000000,2017.7,2019.4,2003.0,2007.1,10034.1536
1780041600000,2007.2,2012.9,2004.8,2005.6,5286.6894
1780045200000,2005.7,2015.7,2005.5,2014.2,5459.4559
1780048800000,2014.2,2014.4,2009.3,2010.7,2655.1036
1780052400000,2010.7,2013.8,2001.6,2006.8,10471.5002
1780056000000,2006.7,2006.8,1993.8,1999.1,11956.3913
1780059600000,1999.0,2005.9,1986.6,1998.7,21126.1152
1780063200000,1998.6,2003.6,1976.1,2000.9,33306.8187
1780066800000,2000.9,2046.7,1998.6,2031.0,148105.1321
1780070400000,2031.1,2043.0,2021.7,2040.2,45421.8432
1780074000000,2040.3,2043.9,2025.2,2027.5,42864.4008
1780077600000,2027.5,2030.9,2005.7,2010.5,29354.0459
1780081200000,2010.6,2021.3,2003.2,2016.2,22463.1721
1780084800000,2016.2,2023.2,2014.4,2017.2,3722.7765
1780088400000,2017.3,2023.2,2007.1,2008.5,8905.7329
1780092000000,2008.7,2016.6,2006.9,2012.8,6087.4312
1780095600000,2012.9,2014.8,2006.3,2013.7,3708.126
1780099200000,2013.7,2015.4,2010.0,2013.9,2439.2103
1780102800000,2013.9,2021.1,2013.0,2018.8,7216.087
1780106400000,2018.7,2020.6,2016.4,2020.5,2027.9959
1780110000000,2020.7,2022.9,2014.3,2016.0,7144.1356
1780113600000,2016.1,2017.9,2001.1,2010.1,28988.0854
1780117200000,2010.1,2018.0,2007.2,2015.2,4359.0521
1780120800000,2015.3,2020.0,2012.0,2016.3,11302.0986
1780124400000,2016.2,2016.9,2012.8,2015.2,785.2779
1780128000000,2015.2,2015.2,2012.9,2013.4,2144.3034
1780131600000,2013.4,2016.2,2013.3,2015.9,3969.1657
1780135200000,2016.0,2021.5,2015.6,2017.0,6581.537
1780138800000,2017.0,2018.4,2014.4,2016.6,2315.0849
1780142400000,2016.5,2019.6,2016.5,2019.3,1000.9706
1780146000000,2019.3,2021.8,2016.7,2020.0,2924.8294
1780149600000,2020.3,2030.4,2019.7,2026.3,20164.6767
1780153200000,2026.4,2032.7,2023.7,2026.1,54422.8661
1780156800000,2026.2,2027.7,2023.7,2026.5,8422.5347
1780160400000,2026.5,2028.3,2018.4,2026.3,5595.9584
1780164000000,2026.4,2029.5,2023.7,2026.8,2024.584
1780167600000,2026.9,2028.7,2023.9,2027.9,3123.0283
1780171200000,2028.1,2028.9,2025.1,2026.5,3148.5318
1780174800000,2026.5,2031.1,2026.5,2027.7,9252.7602
1780178400000,2027.5,2027.5,2020.0,2022.5,3904.5943
1780182000000,2022.5,2025.4,2019.3,2021.6,2511.8262
1780185600000,2021.6,2026.9,2019.9,2026.2,2934.4077
1780189200000,2026.2,2034.1,2026.2,2028.6,7738.8908
1780192800000,2028.5,2037.2,2027.3,2033.5,6309.4803
1780196400000,2033.4,2036.2,2031.6,2033.1,2144.6314
1780200000000,2033.1,2034.5,2030.8,2033.5,3161.1312
1780203600000,2033.3,2033.5,2029.0,2029.8,2405.1462
1780207200000,2029.7,2030.7,2028.1,2029.5,2035.8115
1780210800000,2029.4,2029.4,2022.3,2023.6,5136.8434
1780214400000,2023.5,2028.4,2022.1,2026.8,7014.2725
1780218000000,2026.8,2027.8,2017.6,2020.2,7361.4568
1780221600000,2020.3,2020.8,2014.5,2020.2,5167.2441
1780225200000,2020.1,2023.5,2020.1,2022.3,2730.337
1780228800000,2022.3,2024.0,2018.6,2021.5,1521.1553
1780232400000,2021.4,2025.7,2019.0,2019.5,1834.5082
1780236000000,2019.4,2020.7,2005.1,2007.4,33584.1519
1780239600000,2007.4,2014.7,2006.8,2010.0,21190.9047
1780243200000,2009.9,2011.6,1997.9,2001.6,15438.9421
1780246800000,2001.6,2007.3,1996.3,2005.2,4711.0476
1780250400000,2005.3,2005.7,1998.5,2000.2,3306.5467
1780254000000,2000.2,2002.2,1993.4,1999.2,8325.9709
1780257600000,1999.1,2007.8,1999.1,2006.7,3801.4424
1780261200000,2006.8,2014.2,2004.8,2012.0,8693.2908
1780264800000,2011.9,2014.0,2004.6,2012.4,12445.3406
1780268400000,2012.6,2023.1,2000.0,2006.7,31392.0624
1780272000000,2006.8,2021.5,2006.0,2015.3,31334.9837
1780275600000,2015.4,2016.4,1993.7,1994.1,20552.6806
1780279200000,1994.0,2017.1,1991.3,2011.2,14470.1529
1780282800000,2011.1,2017.3,2008.3,2008.6,6224.6793
1780286400000,2008.7,2011.3,1993.2,1999.4,16106.2381
1780290000000,1999.3,2001.0,1991.1,1993.9,9737.7443
1780293600000,1993.9,1995.0,1979.1,1987.4,18700.9053
1780297200000,1987.4,1990.2,1971.0,1975.8,19827.3356
1780300800000,1975.8,1984.8,1971.2,1983.3,11837.373
1780304400000,1983.4,1989.6,1983.2,1987.1,8365.9504
1780308000000,1987.0,1988.5,1980.3,1983.7,6080.3235
1780311600000,1983.8,1986.4,1976.7,1980.8,4298.2834
1780315200000,1980.8,1993.8,1967.7,1989.1,27662.1397
1780318800000,1989.2,1989.6,1954.8,1970.0,79253.4595
1780322400000,1969.9,1976.6,1964.3,1967.8,23881.0337
1780326000000,1967.8,1980.0,1959.7,1967.8,20161.7068
1780329600000,1967.9,1978.3,1957.9,1977.7,14138.9427
1780333200000,1977.7,1996.3,1977.3,1990.4,20007.6615
1780336800000,1990.5,1995.3,1982.9,1992.3,21136.8204
1780340400000,1992.3,2008.8,1991.7,2004.2,17167.7738
1780344000000,2004.2,2008.5,2000.9,2005.6,14559.2679
1780347600000,2005.7,2009.0,1992.3,1994.4,14621.4767
1780351200000,1994.3,2006.4,1984.4,2004.8,16479.3209
1780354800000,2004.8,2008.8,1998.2,2006.9,20154.9798
1780358400000,2007.0,2007.0,1995.4,1996.3,10402.7312
1780362000000,1996.3,1998.8,1978.3,1979.4,21155.8583
1780365600000,1979.4,1996.7,1961.9,1996.7,43362.9558
1780369200000,1996.7,2005.0,1994.9,2003.9,24216.5916
1780372800000,2003.9,2006.6,1995.8,1996.6,16527.0498
1780376400000,1996.6,2001.3,1984.1,1984.3,17726.945
1780380000000,1984.3,1989.0,1977.6,1981.6,16166.6613
1780383600000,1982.0,1989.7,1973.5,1981.4,26823.8201
1780387200000,1981.3,1988.9,1976.6,1979.0,20414.3586
1780390800000,1979.0,1979.5,1966.4,1974.7,18042.046
1780394400000,1974.8,1983.8,1971.2,1983.3,10312.5684
1780398000000,1983.2,1983.7,1975.3,1978.2,9443.0383
1780401600000,1978.2,1982.3,1971.9,1975.8,7353.4674
1780405200000,1975.7,1981.8,1971.2,1974.1,42942.2131
1780408800000,1974.1,1974.9,1924.5,1941.2,117972.3663
1780412400000,1941.0,1941.4,1889.0,1914.4,99062.4883
1780416000000,1914.4,1943.3,1908.9,1919.9,75633.4001
1780419600000,1919.9,1930.7,1918.4,1923.5,22333.3527
1780423200000,1923.5,1927.1,1903.0,1912.2,27250.9651
1780426800000,1912.2,1916.9,1882.3,1911.4,34992.116
1780430400000,1911.6,1917.8,1894.6,1906.1,22254.6461
1780434000000,1906.2,1910.9,1896.4,1899.7,11392.7754
1780437600000,1899.8,1909.2,1861.8,1867.7,35533.439
1780441200000,1867.7,1872.6,1838.0,1859.0,49739.711
1780444800000,1859.2,1873.4,1853.7,1866.4,12156.3226
1780448400000,1866.6,1869.0,1849.0,1863.8,10309.8867
1780452000000,1863.7,1863.9,1850.6,1853.4,8387.1092
1780455600000,1853.4,1855.9,1816.5,1826.8,91535.3371
1780459200000,1826.8,1851.4,1826.8,1850.3,34413.8303
1780462800000,1850.4,1875.4,1849.3,1873.2,30441.5727
1780466400000,1873.1,1883.9,1870.0,1871.2,16982.8409
1780470000000,1871.4,1879.8,1867.6,1878.0,12463.8169
1780473600000,1877.9,1883.1,1872.8,1879.8,8200.4434
1780477200000,1879.8,1885.4,1869.1,1875.5,23465.4016
1780480800000,1875.5,1892.0,1874.2,1883.9,22149.5966
1780484400000,1884.0,1887.2,1875.4,1877.3,20683.9792
1780488000000,1877.3,1879.0,1867.1,1875.5,22529.2113
1780491600000,1875.5,1878.6,1860.4,1866.4,42323.8259
1780495200000,1866.4,1867.4,1851.9,1857.8,27736.4377
1780498800000,1857.8,1858.8,1835.3,1835.9,25642.9201
1780502400000,1836.2,1843.1,1810.0,1831.6,53329.8656
1780506000000,1831.6,1838.4,1817.4,1827.3,19291.3943
1780509600000,1827.4,1833.7,1820.6,1831.6,16062.0059
1780513200000,1831.7,1833.0,1794.1,1802.6,41636.2397
1780516800000,1802.5,1812.1,1770.0,1780.5,63883.889
1780520400000,1780.4,1850.0,1776.5,1850.0,96652.1266
1780524000000,1849.9,1850.8,1823.0,1828.4,51988.7905
1780527600000,1828.4,1830.3,1812.0,1812.3,39599.5551
1780531200000,1812.3,1819.9,1781.7,1792.9,61741.6185
1780534800000,1793.0,1800.7,1754.0,1758.9,89431.9254
1780538400000,1759.0,1777.9,1716.7,1766.0,124765.593
1780542000000,1766.1,1811.7,1766.0,1808.6,45076.5888
1780545600000,1808.7,1817.8,1801.9,1804.8,18199.3721
1780549200000,1804.7,1804.7,1779.9,1783.3,23078.5045
1780552800000,1783.2,1801.2,1780.9,1789.0,18658.1543
1780556400000,1789.1,1789.9,1772.5,1776.6,22307.957
1780560000000,1776.6,1782.5,1763.0,1772.7,25154.667
1780563600000,1772.7,1773.1,1743.8,1765.8,34855.0674
1780567200000,1765.8,1766.1,1729.4,1736.3,35454.5231
1780570800000,1736.2,1754.0,1731.9,1750.6,24225.1034
1780574400000,1750.6,1782.1,1743.5,1777.3,34281.8883
1780578000000,1777.4,1789.7,1755.0,1784.7,39247.1417
1780581600000,1784.9,1793.6,1765.7,1773.7,30630.997
1780585200000,1773.6,1790.7,1770.0,1776.3,22419.4137
1780588800000,1776.3,1780.2,1765.5,1771.5,17481.0503
1780592400000,1771.5,1775.2,1753.5,1767.2,32028.6688
1780596000000,1767.3,1782.7,1759.2,1775.7,19877.4582
1780599600000,1775.6,1786.3,1770.2,1776.1,20395.0608
1780603200000,1776.0,1776.6,1763.7,1774.2,24342.415
1780606800000,1774.2,1782.5,1756.8,1760.4,27132.3733
1780610400000,1760.4,1769.7,1752.0,1768.3,25610.5572
1780614000000,1768.1,1776.1,1756.7,1770.3,11328.7892
1780617600000,1770.1,1773.9,1757.7,1758.8,13085.9236
1780621200000,1758.8,1763.2,1746.0,1752.4,17941.6951
1780624800000,1752.5,1753.9,1726.8,1729.5,31003.6045
1780628400000,1729.6,1738.7,1721.6,1728.5,31240.6764
1780632000000,1728.7,1745.6,1717.6,1744.0,42872.4492
1780635600000,1743.9,1746.8,1680.0,1683.2,64062.3416
1780639200000,1683.4,1687.9,1623.2,1655.6,122951.7142
1780642800000,1655.5,1678.8,1632.1,1678.3,56662.806
1780646400000,1678.2,1678.3,1658.4,1663.0,39446.1976
1780650000000,1663.0,1689.2,1662.1,1681.7,37519.0233
1780653600000,1681.7,1684.4,1671.4,1675.9,11891.3136
1780657200000,1675.9,1680.7,1661.4,1662.3,29621.681
1780660800000,1662.1,1670.5,1645.0,1656.1,45280.4714
1780664400000,1656.2,1676.9,1612.8,1614.2,85797.9996
1780668000000,1614.1,1623.2,1589.4,1599.9,125935.1385
1780671600000,1599.8,1603.2,1571.0,1582.4,75078.7665
1780675200000,1582.3,1611.8,1546.2,1607.5,192662.9922
1780678800000,1607.6,1612.1,1587.2,1593.3,50463.6156
1780682400000,1593.3,1597.9,1546.0,1552.2,94123.5389
1780686000000,1552.1,1579.0,1539.4,1573.3,102901.0216
1780689600000,1573.3,1607.4,1556.2,1603.5,62265.3699
1780693200000,1603.5,1618.4,1602.1,1609.2,47883.2227
1780696800000,1609.3,1609.7,1590.0,1596.6,25357.121
1780700400000,1596.6,1603.6,1560.0,1582.4,56413.1035
1780704000000,1582.3,1600.7,1581.9,1592.2,17214.8963
1780707600000,1592.3,1596.0,1577.3,1582.3,9288.8063
1780711200000,1582.2,1584.8,1565.5,1575.4,13794.8461
1780714800000,1575.3,1575.4,1554.6,1562.2,16397.6096
1780718400000,1562.2,1568.9,1509.4,1521.3,70065.9024
1780722000000,1521.3,1567.8,1504.4,1566.1,57691.7101
1780725600000,1566.2,1581.1,1555.5,1559.3,33212.6709
1780729200000,1559.3,1579.3,1555.4,1574.3,18398.4573
1780732800000,1574.4,1592.4,1569.5,1581.7,18916.5359
1780736400000,1581.9,1588.0,1565.3,1569.9,19349.6451
1780740000000,1569.9,1569.9,1534.9,1547.7,32791.0587
1780743600000,1547.8,1565.8,1546.4,1557.8,14851.5807
1780747200000,1557.9,1574.2,1550.1,1570.2,27728.3813
1780750800000,1570.4,1572.2,1553.5,1556.2,24023.6744
1780754400000,1556.4,1566.1,1555.3,1557.1,15834.9901
1780758000000,1557.2,1565.0,1544.1,1559.7,14529.1351
1780761600000,1559.7,1565.1,1553.1,1562.9,12065.6452
1780765200000,1563.0,1565.6,1546.4,1552.4,9449.0863
1780768800000,1552.5,1565.2,1548.8,1555.8,14234.1551
1780772400000,1555.9,1562.9,1552.6,1553.7,10748.9754
1780776000000,1553.9,1559.0,1550.1,1556.5,7441.6178
1780779600000,1556.6,1564.5,1556.5,1557.4,14445.3577
1780783200000,1557.5,1561.0,1550.6,1557.4,15503.1306
1780786800000,1557.6,1569.1,1555.9,1568.8,12477.9557
1780790400000,1568.9,1571.5,1563.3,1564.2,5412.6965
1780794000000,1564.3,1596.3,1563.5,1589.4,39555.2133
1780797600000,1589.4,1593.5,1581.7,1592.0,16865.9621
1780801200000,1592.0,1599.9,1588.9,1594.2,13612.2273
1780804800000,1594.0,1598.4,1584.0,1596.4,21714.7053
1780808400000,1596.3,1608.4,1592.6,1603.3,15932.1228
1780812000000,1603.3,1622.0,1597.7,1611.2,24932.6975
1780815600000,1611.1,1616.0,1606.4,1614.4,9936.8626
1780819200000,1614.4,1642.2,1607.8,1640.7,25817.2543
1780822800000,1640.6,1647.7,1628.3,1632.6,21738.2562
1780826400000,1632.6,1634.8,1624.1,1625.0,11766.3979
1780830000000,1625.0,1633.3,1621.8,1629.4,10726.5323
1780833600000,1629.5,1630.5,1606.3,1619.5,32770.0411
1780837200000,1619.1,1622.1,1612.6,1616.8,6807.1564
1780840800000,1616.7,1639.1,1616.1,1627.6,27936.6879
1780844400000,1627.4,1635.3,1620.0,1629.3,19026.3662
1780848000000,1629.3,1632.7,1622.5,1627.8,13378.6592
1780851600000,1627.7,1636.9,1627.0,1630.4,21259.2284
1780855200000,1630.3,1635.7,1627.6,1628.8,12217.6425
1780858800000,1629.2,1629.5,1602.5,1612.2,39392.0168
1780862400000,1612.0,1630.5,1608.4,1627.1,16318.1913
1780866000000,1627.1,1633.8,1623.0,1633.3,7926.1151
1780869600000,1633.6,1720.2,1628.0,1671.8,110004.3791
1780873200000,1671.9,1690.3,1670.0,1689.4,25498.5116
1780876800000,1689.6,1711.3,1682.6,1696.8,60402.4445
1780880400000,1696.7,1699.3,1670.3,1686.5,22093.2455
1780884000000,1686.4,1688.5,1677.4,1683.2,19281.9276
1780887600000,1683.3,1692.0,1675.8,1678.8,14077.3101
1780891200000,1678.8,1680.1,1655.1,1656.5,19374.3741
1780894800000,1656.2,1658.9,1643.7,1652.7,18040.7941
1780898400000,1652.6,1668.8,1651.8,1665.5,18285.0914
1780902000000,1665.6,1677.5,1661.0,1672.9,25455.9734
1780905600000,1672.8,1672.8,1658.3,1660.3,10116.1247
1780909200000,1660.4,1671.1,1656.5,1670.2,16691.3292
1780912800000,1670.2,1675.3,1662.9,1671.3,10101.1293
1780916400000,1671.4,1696.4,1667.0,1683.1,45251.8497
1780920000000,1683.0,1698.0,1666.9,1693.9,25703.5298
1780923600000,1693.9,1695.9,1677.8,1680.8,28951.2902
1780927200000,1680.8,1693.4,1676.0,1690.4,14451.9826
1780930800000,1690.5,1705.2,1687.7,1690.6,43820.7651
1780934400000,1690.6,1703.0,1681.5,1681.5,27372.9949
1780938000000,1681.5,1686.5,1675.0,1685.6,60397.7758
1780941600000,1685.7,1692.2,1677.7,1683.7,47637.6519
1780945200000,1683.6,1689.1,1680.3,1683.5,34471.7664
1780948800000,1683.4,1688.7,1677.7,1688.7,17577.4603
1780952400000,1688.7,1713.8,1688.7,1702.6,34049.6024
1780956000000,1702.6,1703.2,1687.0,1702.2,28578.369
1780959600000,1702.3,1713.7,1685.6,1688.8,50609.3217
1780963200000,1688.6,1696.6,1659.3,1662.7,112359.5806
