t_ms,o,h,l,c,v
1773482400000,0.2583,0.25842,0.25758,0.2582,102297.0
1773486000000,0.25825,0.26052,0.25824,0.26021,138944.0
1773489600000,0.26021,0.26033,0.25857,0.25903,26036.0
1773493200000,0.25895,0.26052,0.25876,0.2599,12440.0
1773496800000,0.26001,0.26076,0.25881,0.25894,91690.0
1773500400000,0.25887,0.25937,0.25803,0.25895,14874.0
1773504000000,0.25871,0.26013,0.25859,0.25994,15335.0
1773507600000,0.25997,0.26,0.25886,0.2592,20848.0
1773511200000,0.25903,0.25947,0.25842,0.25894,7804.0
1773514800000,0.25898,0.25898,0.25815,0.25815,75452.0
1773518400000,0.25831,0.25906,0.25808,0.25877,26991.0
1773522000000,0.25868,0.25928,0.25823,0.25914,6102.0
1773525600000,0.2592,0.25967,0.259,0.25937,7640.0
1773529200000,0.25931,0.26258,0.25931,0.26258,45196.0
1773532800000,0.26246,0.2626,0.26032,0.26084,125777.0
1773536400000,0.26076,0.26219,0.26037,0.26219,43962.0
1773540000000,0.26233,0.26607,0.26233,0.26552,73449.0
1773543600000,0.26567,0.26624,0.2638,0.26456,16339.0
1773547200000,0.26474,0.266,0.26399,0.26486,22982.0
1773550800000,0.26491,0.26582,0.26392,0.26402,18413.0
1773554400000,0.26395,0.26426,0.26261,0.26362,58867.0
1773558000000,0.26365,0.26449,0.263,0.2636,15811.0
1773561600000,0.26418,0.26515,0.26396,0.26485,40065.0
1773565200000,0.26503,0.266,0.2644,0.26475,14211.0
1773568800000,0.26487,0.26648,0.26469,0.26613,44134.0
1773572400000,0.26613,0.26673,0.26567,0.26673,18757.0
1773576000000,0.26656,0.26676,0.26561,0.26607,125570.0
1773579600000,0.26608,0.26611,0.26274,0.26424,60732.0
1773583200000,0.26463,0.26485,0.2634,0.2647,58832.0
1773586800000,0.2647,0.2647,0.2635,0.26375,45736.0
1773590400000,0.26399,0.26552,0.26377,0.26398,21209.0
1773594000000,0.264,0.26723,0.264,0.26628,24686.0
1773597600000,0.26678,0.26678,0.26401,0.2643,73364.0
1773601200000,0.26472,0.2662,0.26452,0.2662,43145.0
1773604800000,0.26613,0.26816,0.26517,0.26722,75205.0
1773608400000,0.26722,0.26844,0.26582,0.26784,54311.0
1773612000000,0.26786,0.27214,0.26582,0.27107,161985.0
1773615600000,0.27157,0.27175,0.26803,0.27005,85102.0
1773619200000,0.27027,0.27173,0.26932,0.27028,170267.0
1773622800000,0.27027,0.27163,0.26882,0.27109,71683.0
1773626400000,0.27117,0.27154,0.26891,0.27067,163743.0
1773630000000,0.27021,0.27773,0.27021,0.27523,269104.0
1773633600000,0.27576,0.28029,0.27564,0.27876,111724.0
1773637200000,0.27879,0.28158,0.27799,0.28115,40662.0
1773640800000,0.2812,0.2812,0.2792,0.28029,51675.0
1773644400000,0.28099,0.2827,0.28099,0.28133,64135.0
1773648000000,0.28249,0.28386,0.27876,0.2797,303821.0
1773651600000,0.2798,0.28087,0.27942,0.28033,34985.0
1773655200000,0.28039,0.28144,0.27891,0.28051,29588.0
1773658800000,0.28053,0.28053,0.27782,0.27975,39248.0
1773662400000,0.27981,0.28199,0.27962,0.28082,430024.0
1773666000000,0.28081,0.2844,0.28038,0.281,444125.0
1773669600000,0.28109,0.28376,0.27782,0.28146,414874.0
1773673200000,0.28202,0.28248,0.27883,0.27955,116804.0
1773676800000,0.27948,0.28382,0.27946,0.28325,218082.0
1773680400000,0.28327,0.28597,0.28314,0.28496,287199.0
1773684000000,0.28488,0.28739,0.28441,0.28441,227245.0
1773687600000,0.28417,0.28655,0.28332,0.28443,25413.0
1773691200000,0.2849,0.28723,0.28436,0.28684,67311.0
1773694800000,0.2868,0.2904,0.28628,0.28813,169779.0
1773698400000,0.28808,0.29082,0.28808,0.28973,179507.0
1773702000000,0.28941,0.28992,0.28704,0.28904,77643.0
1773705600000,0.28904,0.29126,0.2877,0.28982,244371.0
1773709200000,0.28992,0.2913,0.28795,0.28929,201816.0
1773712800000,0.28944,0.28978,0.28761,0.28803,483928.0
1773716400000,0.288,0.28831,0.28252,0.28326,111076.0
1773720000000,0.28346,0.28405,0.2794,0.281,62751.0
1773723600000,0.28125,0.28157,0.27948,0.28068,45875.0
1773727200000,0.28113,0.28252,0.28008,0.28099,142883.0
1773730800000,0.28116,0.28403,0.28116,0.28254,112885.0
1773734400000,0.28286,0.2836,0.28203,0.28213,105197.0
1773738000000,0.28222,0.28282,0.28113,0.28173,82061.0
1773741600000,0.28169,0.28169,0.28024,0.28091,9660.0
1773745200000,0.28096,0.28236,0.28064,0.28086,49469.0
1773748800000,0.28075,0.28147,0.27766,0.27891,44078.0
1773752400000,0.27868,0.28111,0.27814,0.27931,68641.0
1773756000000,0.27881,0.28066,0.27821,0.28039,16178.0
1773759600000,0.28064,0.28205,0.27854,0.27998,87001.0
1773763200000,0.28004,0.2817,0.27949,0.28034,148412.0
1773766800000,0.28049,0.28225,0.28017,0.28195,21903.0
1773770400000,0.28173,0.28313,0.28162,0.28248,33332.0
1773774000000,0.28267,0.28267,0.28068,0.28068,112234.0
1773777600000,0.28087,0.28292,0.28072,0.28292,26316.0
1773781200000,0.28293,0.28452,0.28255,0.2837,124629.0
1773784800000,0.28368,0.28525,0.28158,0.28311,41918.0
1773788400000,0.28302,0.28302,0.2809,0.2809,80888.0
1773792000000,0.28096,0.28166,0.2783,0.27998,83738.0
1773795600000,0.28006,0.28157,0.28006,0.28082,13068.0
1773799200000,0.28096,0.28367,0.28096,0.28256,41334.0
1773802800000,0.28262,0.28542,0.28254,0.2836,61562.0
1773806400000,0.28384,0.28388,0.2814,0.28212,31774.0
1773810000000,0.28216,0.28463,0.28079,0.28128,41534.0
1773813600000,0.28154,0.28323,0.2811,0.2811,16224.0
1773817200000,0.28088,0.28122,0.2794,0.28043,18447.0
1773820800000,0.28052,0.28182,0.28033,0.28082,22314.0
1773824400000,0.28081,0.28185,0.28058,0.28092,12794.0
1773828000000,0.28114,0.28114,0.27874,0.27924,17145.0
1773831600000,0.27916,0.27998,0.27204,0.27327,252666.0
1773835200000,0.27289,0.27314,0.26886,0.26954,210442.0
1773838800000,0.26931,0.27045,0.26745,0.26867,1112037.0
1773842400000,0.26889,0.26889,0.26348,0.26348,940979.0
1773846000000,0.26376,0.26522,0.26247,0.26453,109287.0
1773849600000,0.26425,0.26425,0.2618,0.26303,193374.0
1773853200000,0.26317,0.26643,0.26237,0.26575,140464.0
1773856800000,0.26589,0.2682,0.2638,0.26426,79132.0
1773860400000,0.26444,0.26609,0.2641,0.26428,108945.0
1773864000000,0.26425,0.26556,0.26163,0.26525,220673.0
1773867600000,0.26514,0.26755,0.26499,0.26742,14618.0
1773871200000,0.26699,0.26699,0.2657,0.26641,26284.0
1773874800000,0.26644,0.26695,0.26563,0.26684,34199.0
1773878400000,0.26696,0.26705,0.2661,0.26616,28691.0
1773882000000,0.26624,0.26647,0.26528,0.26564,32049.0
1773885600000,0.26523,0.26586,0.26449,0.26536,11080.0
1773889200000,0.2654,0.26889,0.26536,0.2667,108121.0
1773892800000,0.2664,0.26692,0.26537,0.26539,145181.0
1773896400000,0.2653,0.26573,0.26352,0.26404,126553.0
1773900000000,0.26409,0.26435,0.26243,0.26349,106584.0
1773903600000,0.26359,0.26369,0.25907,0.26107,210443.0
1773907200000,0.2608,0.2614,0.26002,0.26055,311704.0
1773910800000,0.26059,0.26308,0.26059,0.26286,63049.0
1773914400000,0.26292,0.26292,0.2608,0.2611,198443.0
1773918000000,0.2611,0.2612,0.26005,0.26007,132018.0
1773921600000,0.25995,0.25995,0.25606,0.25628,271913.0
1773925200000,0.25625,0.25814,0.25511,0.2573,185490.0
1773928800000,0.25795,0.25849,0.25584,0.25738,67841.0
1773932400000,0.25719,0.25799,0.25386,0.25598,49383.0
1773936000000,0.25544,0.25564,0.25344,0.25414,147885.0
1773939600000,0.2541,0.25635,0.25273,0.25584,45473.0
1773943200000,0.25566,0.25566,0.25366,0.25447,15466.0
1773946800000,0.2544,0.25769,0.25436,0.25581,122857.0
1773950400000,0.2557,0.25703,0.25556,0.25659,28100.0
1773954000000,0.25672,0.25836,0.25672,0.25831,215776.0
1773957600000,0.25797,0.25836,0.25667,0.25766,35750.0
1773961200000,0.25805,0.25821,0.25654,0.25741,224720.0
1773964800000,0.25747,0.2584,0.25709,0.25829,98162.0
1773968400000,0.25844,0.26042,0.25844,0.25969,21358.0
1773972000000,0.25969,0.25989,0.25754,0.25872,44866.0
1773975600000,0.25881,0.26063,0.25853,0.26005,104254.0
1773979200000,0.26011,0.26093,0.25912,0.26093,17642.0
1773982800000,0.26083,0.26262,0.2607,0.26203,15802.0
1773986400000,0.26202,0.26225,0.26092,0.26102,10934.0
1773990000000,0.26046,0.26108,0.25884,0.26097,30832.0
1773993600000,0.26127,0.26398,0.26117,0.26194,177448.0
1773997200000,0.26175,0.26175,0.25926,0.25956,66745.0
1774000800000,0.2596,0.2607,0.2585,0.26043,53234.0
1774004400000,0.2605,0.26204,0.2594,0.26021,46477.0
1774008000000,0.26039,0.26091,0.25906,0.25936,21747.0
1774011600000,0.25948,0.26093,0.25804,0.25804,40593.0
1774015200000,0.25819,0.26014,0.25709,0.25753,61001.0
1774018800000,0.25794,0.25922,0.25681,0.25867,253099.0
1774022400000,0.25882,0.25907,0.25706,0.25831,1164526.0
1774026000000,0.25819,0.25869,0.25662,0.25858,132617.0
1774029600000,0.25885,0.2591,0.25627,0.2567,549899.0
1774033200000,0.25701,0.25772,0.25542,0.25758,17159.0
1774036800000,0.25754,0.25772,0.25566,0.25711,80234.0
1774040400000,0.25736,0.26014,0.25645,0.2594,34387.0
1774044000000,0.25966,0.26124,0.25966,0.26022,25111.0
1774047600000,0.26004,0.26024,0.25883,0.2601,144072.0
1774051200000,0.2601,0.26112,0.25976,0.26059,77052.0
1774054800000,0.26052,0.26116,0.25987,0.25987,14358.0
1774058400000,0.25985,0.26084,0.25974,0.26074,81879.0
1774062000000,0.2608,0.26087,0.25991,0.26013,14059.0
1774065600000,0.26004,0.26076,0.25931,0.25984,474917.0
1774069200000,0.25988,0.26158,0.25984,0.26053,127877.0
1774072800000,0.2606,0.26152,0.26003,0.26092,95122.0
1774076400000,0.26097,0.26132,0.26029,0.26063,10046.0
1774080000000,0.26049,0.26081,0.26033,0.26076,40571.0
1774083600000,0.2608,0.26149,0.25974,0.26,42209.0
1774087200000,0.2599,0.25997,0.25831,0.25841,85401.0
1774090800000,0.25852,0.25882,0.25816,0.25833,7273.0
1774094400000,0.25849,0.25887,0.25828,0.25846,18073.0
1774098000000,0.25837,0.25876,0.2579,0.25838,17099.0
1774101600000,0.25844,0.26046,0.25839,0.25877,82595.0
1774105200000,0.25865,0.26098,0.25863,0.26085,396689.0
1774108800000,0.26082,0.26111,0.25931,0.25942,43462.0
1774112400000,0.25953,0.25979,0.259,0.25959,16835.0
1774116000000,0.25957,0.2601,0.25931,0.25942,15077.0
1774119600000,0.25942,0.25969,0.25925,0.25962,11344.0
1774123200000,0.25949,0.26054,0.2594,0.26039,16853.0
1774126800000,0.26038,0.26119,0.26,0.26037,408672.0
1774130400000,0.26001,0.26015,0.2593,0.25945,108346.0
1774134000000,0.25935,0.25935,0.25073,0.25248,819602.0
1774137600000,0.25221,0.25374,0.24849,0.25229,279168.0
1774141200000,0.2529,0.25332,0.25145,0.25249,34447.0
1774144800000,0.25254,0.25473,0.25212,0.25413,32283.0
1774148400000,0.25399,0.25583,0.25303,0.25417,48203.0
1774152000000,0.25409,0.25541,0.25387,0.25464,12118.0
1774155600000,0.25456,0.25457,0.2529,0.25301,13084.0
1774159200000,0.25294,0.25294,0.2522,0.25271,9695.0
1774162800000,0.25266,0.25301,0.2508,0.2508,7242.0
1774166400000,0.25086,0.25086,0.24904,0.25021,159597.0
1774170000000,0.25016,0.25093,0.24965,0.24987,56536.0
1774173600000,0.2498,0.2498,0.24807,0.2482,83367.0
1774177200000,0.24819,0.24819,0.24696,0.24725,83241.0
1774180800000,0.24722,0.24961,0.24721,0.24866,45060.0
1774184400000,0.24879,0.24954,0.24784,0.24846,38921.0
1774188000000,0.24836,0.24893,0.24732,0.24769,36145.0
1774191600000,0.2477,0.2486,0.24756,0.24833,35017.0
1774195200000,0.24827,0.24859,0.2477,0.24799,63828.0
1774198800000,0.24765,0.24809,0.24728,0.24742,58128.0
1774202400000,0.24741,0.2477,0.2457,0.24677,60625.0
1774206000000,0.24668,0.24668,0.24504,0.24568,25183.0
1774209600000,0.24568,0.2466,0.24485,0.24506,65662.0
1774213200000,0.24515,0.24533,0.24245,0.24439,51393.0
1774216800000,0.24386,0.24659,0.24345,0.24631,19056.0
1774220400000,0.24624,0.24733,0.24524,0.2454,74649.0
1774224000000,0.24549,0.24659,0.24429,0.24587,52981.0
1774227600000,0.24534,0.24693,0.24505,0.24601,16284.0
1774231200000,0.24606,0.2477,0.24555,0.24688,30784.0
1774234800000,0.24729,0.24811,0.24606,0.24627,50883.0
1774238400000,0.24632,0.24797,0.24615,0.2478,30282.0
1774242000000,0.248,0.24854,0.24718,0.24821,16739.0
1774245600000,0.24757,0.24757,0.24375,0.24488,38894.0
1774249200000,0.245,0.24506,0.24273,0.24397,41519.0
1774252800000,0.24416,0.24495,0.24312,0.24341,92253.0
1774256400000,0.24311,0.24395,0.24179,0.24386,26406.0
1774260000000,0.24395,0.24539,0.24332,0.24399,45859.0
1774263600000,0.24424,0.25799,0.24408,0.25223,423252.0
1774267200000,0.25234,0.25441,0.25054,0.25435,294378.0
1774270800000,0.25458,0.25788,0.25372,0.25747,108211.0
1774274400000,0.25787,0.25911,0.25707,0.25873,66368.0
1774278000000,0.25855,0.26002,0.25265,0.25265,56885.0
1774281600000,0.25331,0.25411,0.24996,0.253,140004.0
1774285200000,0.25314,0.25484,0.25122,0.25422,47983.0
1774288800000,0.25432,0.25468,0.25334,0.25418,170902.0
1774292400000,0.2541,0.25427,0.24976,0.24993,57989.0
1774296000000,0.25004,0.2525,0.24957,0.2525,37545.0
1774299600000,0.25272,0.25422,0.25219,0.25348,31006.0
1774303200000,0.25368,0.25377,0.2519,0.25305,58226.0
1774306800000,0.25275,0.25403,0.25133,0.2539,204890.0
1774310400000,0.25415,0.25459,0.25238,0.25284,47009.0
1774314000000,0.25279,0.2532,0.25164,0.25195,58050.0
1774317600000,0.25213,0.25374,0.2517,0.25171,62816.0
1774321200000,0.25169,0.25333,0.25124,0.25291,65806.0
1774324800000,0.25296,0.25374,0.25168,0.25226,29982.0
1774328400000,0.25228,0.25249,0.25131,0.25201,39622.0
1774332000000,0.252,0.25344,0.25186,0.25344,30557.0
1774335600000,0.25331,0.25744,0.25331,0.25744,59151.0
1774339200000,0.25738,0.25832,0.25691,0.25731,182757.0
1774342800000,0.25721,0.25721,0.25507,0.25643,125085.0
1774346400000,0.25652,0.25652,0.25451,0.25562,114784.0
1774350000000,0.25544,0.26794,0.2542,0.25712,1130862.0
1774353600000,0.25755,0.25991,0.25703,0.2586,401741.0
1774357200000,0.25883,0.25912,0.25403,0.25403,68265.0
1774360800000,0.25436,0.25537,0.25164,0.25467,146094.0
1774364400000,0.2546,0.25533,0.25261,0.2527,102260.0
1774368000000,0.25248,0.25385,0.25104,0.2515,26224.0
1774371600000,0.25163,0.25168,0.24805,0.24879,71228.0
1774375200000,0.24902,0.2508,0.24826,0.24883,27651.0
1774378800000,0.2489,0.25019,0.2483,0.24859,65961.0
1774382400000,0.24874,0.25428,0.24864,0.25428,131188.0
1774386000000,0.25442,0.25582,0.25276,0.25543,119395.0
1774389600000,0.25554,0.25618,0.25376,0.25494,77446.0
1774393200000,0.25487,0.25687,0.2548,0.25581,26468.0
1774396800000,0.25592,0.25728,0.25584,0.25707,153806.0
1774400400000,0.25691,0.25717,0.25553,0.25564,53747.0
1774404000000,0.25541,0.25562,0.25434,0.25434,16820.0
1774407600000,0.25458,0.25554,0.25327,0.25532,17326.0
1774411200000,0.25532,0.25588,0.25447,0.25586,22540.0
1774414800000,0.25627,0.25864,0.25602,0.25768,41610.0
1774418400000,0.25768,0.25962,0.25725,0.25896,42142.0
1774422000000,0.25884,0.26104,0.25884,0.25975,26894.0
1774425600000,0.26014,0.26275,0.26014,0.26086,147217.0
1774429200000,0.26078,0.26096,0.25983,0.26068,20853.0
1774432800000,0.26057,0.26103,0.26034,0.26055,28866.0
1774436400000,0.26042,0.26288,0.26036,0.26188,359330.0
1774440000000,0.26204,0.26337,0.26025,0.26165,665949.0
1774443600000,0.2616,0.26248,0.2608,0.26096,59060.0
1774447200000,0.261,0.26184,0.26062,0.26117,127649.0
1774450800000,0.26109,0.2613,0.25754,0.25785,189903.0
1774454400000,0.25821,0.26084,0.25674,0.25984,134327.0
1774458000000,0.25994,0.2609,0.25878,0.2591,190022.0
1774461600000,0.25934,0.26093,0.25904,0.25999,41291.0
1774465200000,0.25993,0.26273,0.25987,0.26241,103467.0
1774468800000,0.26249,0.26251,0.25958,0.26171,90723.0
1774472400000,0.26183,0.26383,0.26116,0.2628,978914.0
1774476000000,0.26281,0.26687,0.2628,0.26597,118033.0
1774479600000,0.26591,0.2673,0.26486,0.2653,214876.0
1774483200000,0.26537,0.27094,0.26537,0.26934,275183.0
1774486800000,0.26936,0.27367,0.26936,0.27148,213371.0
1774490400000,0.27146,0.27198,0.26795,0.26954,121365.0
1774494000000,0.26994,0.27024,0.26551,0.26901,448831.0
1774497600000,0.26813,0.26955,0.2664,0.26777,41829.0
1774501200000,0.26785,0.26814,0.26138,0.26193,158866.0
1774504800000,0.26123,0.26654,0.26,0.26299,113188.0
1774508400000,0.26292,0.26503,0.26057,0.26341,56550.0
1774512000000,0.26357,0.26389,0.25881,0.25957,348486.0
1774515600000,0.25973,0.261,0.25488,0.25584,1240848.0
1774519200000,0.25569,0.25687,0.25569,0.25615,116441.0
1774522800000,0.25609,0.25675,0.25533,0.25546,45746.0
1774526400000,0.25532,0.25784,0.25427,0.2574,136390.0
1774530000000,0.25728,0.26259,0.25724,0.26043,185112.0
1774533600000,0.26107,0.26512,0.26094,0.26512,576847.0
1774537200000,0.26426,0.2647,0.26002,0.2626,571411.0
1774540800000,0.2626,0.26427,0.26181,0.26207,504321.0
1774544400000,0.26204,0.26412,0.25963,0.26062,164918.0
1774548000000,0.26094,0.26228,0.25893,0.26211,126639.0
1774551600000,0.26197,0.26204,0.25797,0.25901,250313.0
1774555200000,0.25861,0.2653,0.25789,0.2637,302571.0
1774558800000,0.26356,0.26742,0.26293,0.26516,132342.0
1774562400000,0.26506,0.26683,0.26357,0.26656,38320.0
1774566000000,0.26705,0.27,0.26705,0.26905,720363.0
1774569600000,0.26899,0.2724,0.26873,0.27204,204586.0
1774573200000,0.27207,0.28205,0.27207,0.28048,684751.0
1774576800000,0.28019,0.28735,0.27972,0.28454,552309.0
1774580400000,0.28459,0.28482,0.27694,0.27995,634940.0
1774584000000,0.28057,0.28302,0.27674,0.2823,704810.0
1774587600000,0.28231,0.28875,0.28176,0.28576,1497170.0
1774591200000,0.28608,0.29088,0.2859,0.28633,1864513.0
1774594800000,0.28587,0.28833,0.27924,0.28026,1502805.0
1774598400000,0.28085,0.28145,0.27486,0.27704,1898756.0
1774602000000,0.27721,0.27766,0.27334,0.27638,2216359.0
1774605600000,0.27603,0.2792,0.26736,0.2674,3059640.0
1774609200000,0.26756,0.27064,0.26646,0.26742,1147832.0
1774612800000,0.26709,0.26709,0.2608,0.26409,3356659.0
1774616400000,0.26396,0.26639,0.26144,0.26307,788629.0
1774620000000,0.26289,0.26499,0.2597,0.26366,263546.0
1774623600000,0.26345,0.26691,0.2616,0.26587,930555.0
1774627200000,0.26603,0.26699,0.26336,0.26528,473809.0
1774630800000,0.26547,0.26725,0.26194,0.26331,1216308.0
1774634400000,0.26331,0.26474,0.2615,0.26343,206029.0
1774638000000,0.26335,0.27125,0.26208,0.27097,1136642.0
1774641600000,0.27004,0.27328,0.26986,0.27123,1288408.0
1774645200000,0.27097,0.27448,0.27009,0.27079,1182820.0
1774648800000,0.27045,0.2718,0.26814,0.27031,829207.0
1774652400000,0.2705,0.27059,0.26784,0.26858,152551.0
1774656000000,0.26865,0.27131,0.26648,0.26648,409503.0
1774659600000,0.26653,0.26689,0.26009,0.26277,103918.0
1774663200000,0.26327,0.26461,0.26132,0.26214,75261.0
1774666800000,0.26215,0.26489,0.26215,0.26381,40641.0
1774670400000,0.26381,0.26662,0.2623,0.26427,192272.0
1774674000000,0.26406,0.26406,0.26051,0.2619,129295.0
1774677600000,0.26219,0.26509,0.2616,0.2621,189582.0
1774681200000,0.26199,0.26498,0.26199,0.26493,114569.0
1774684800000,0.26486,0.26568,0.26278,0.26278,578827.0
1774688400000,0.26295,0.26489,0.2627,0.26387,123801.0
1774692000000,0.26383,0.26642,0.26331,0.26571,157910.0
1774695600000,0.26571,0.26863,0.26427,0.26863,317181.0
1774699200000,0.26815,0.27082,0.26595,0.2674,289349.0
1774702800000,0.26759,0.2748,0.26759,0.27426,298158.0
1774706400000,0.27437,0.27497,0.2714,0.27223,648491.0
1774710000000,0.27245,0.27925,0.27236,0.27686,1103763.0
1774713600000,0.27714,0.27727,0.2753,0.27605,89546.0
1774717200000,0.27566,0.27797,0.27361,0.27419,197368.0
1774720800000,0.2743,0.2754,0.27296,0.27524,124855.0
1774724400000,0.27514,0.27557,0.27313,0.27449,155848.0
1774728000000,0.27472,0.27714,0.27472,0.27594,234101.0
1774731600000,0.27594,0.27691,0.27361,0.27455,76143.0
1774735200000,0.27459,0.2751,0.27233,0.27332,313973.0
1774738800000,0.27315,0.27315,0.26719,0.26825,130835.0
1774742400000,0.26833,0.2691,0.26698,0.26888,172957.0
1774746000000,0.26886,0.27069,0.2681,0.27055,30075.0
1774749600000,0.27025,0.27102,0.26879,0.26965,43428.0
1774753200000,0.26965,0.27167,0.26937,0.27088,65092.0
1774756800000,0.2709,0.27135,0.2695,0.27016,28800.0
1774760400000,0.27008,0.27109,0.26862,0.27021,59630.0
1774764000000,0.2701,0.27087,0.26885,0.27,68485.0
1774767600000,0.26955,0.26955,0.26778,0.26828,96478.0
1774771200000,0.26775,0.26864,0.26724,0.26771,86110.0
1774774800000,0.26771,0.26785,0.26595,0.26602,78901.0
1774778400000,0.26583,0.26694,0.26525,0.26598,36332.0
1774782000000,0.26614,0.26962,0.26614,0.2678,39775.0
1774785600000,0.26775,0.26803,0.26516,0.26578,22476.0
1774789200000,0.26555,0.26555,0.26299,0.2631,207597.0
1774792800000,0.26312,0.26573,0.26249,0.26251,66040.0
1774796400000,0.26298,0.26415,0.26192,0.2625,181882.0
1774800000000,0.26272,0.26338,0.2616,0.2621,53149.0
1774803600000,0.26232,0.26258,0.25928,0.26058,455368.0
1774807200000,0.26046,0.2616,0.25975,0.26043,171025.0
1774810800000,0.2604,0.2604,0.25838,0.25871,306896.0
1774814400000,0.25867,0.26101,0.25858,0.25977,152004.0
1774818000000,0.26035,0.26045,0.25913,0.25998,105446.0
1774821600000,0.25931,0.25931,0.25137,0.25628,771050.0
1774825200000,0.25641,0.25944,0.25641,0.25734,275662.0
1774828800000,0.25749,0.26463,0.2572,0.26123,336541.0
1774832400000,0.2616,0.26697,0.2616,0.26605,120859.0
1774836000000,0.26612,0.26929,0.26424,0.26836,125659.0
1774839600000,0.26883,0.27087,0.26749,0.26868,151560.0
1774843200000,0.26954,0.27138,0.2691,0.26978,227014.0
1774846800000,0.26984,0.27062,0.26696,0.2673,54575.0
1774850400000,0.26788,0.26809,0.26728,0.26788,75828.0
1774854000000,0.2679,0.27135,0.26744,0.27024,327347.0
1774857600000,0.27062,0.2725,0.26965,0.27084,161323.0
1774861200000,0.2711,0.2711,0.26782,0.26803,570666.0
1774864800000,0.26788,0.26874,0.26624,0.26712,362785.0
1774868400000,0.26729,0.26955,0.2669,0.2678,71849.0
1774872000000,0.26793,0.26842,0.26728,0.26728,31535.0
1774875600000,0.26741,0.26815,0.26539,0.26564,83438.0
1774879200000,0.26523,0.2691,0.26409,0.26885,101876.0
1774882800000,0.26863,0.27193,0.2673,0.2702,136264.0
1774886400000,0.2703,0.27102,0.2682,0.26895,122305.0
1774890000000,0.26909,0.26931,0.26533,0.26629,40611.0
1774893600000,0.26622,0.26649,0.26272,0.26324,55405.0
1774897200000,0.26317,0.26328,0.26138,0.26269,105551.0
1774900800000,0.2629,0.2637,0.26232,0.26291,100737.0
1774904400000,0.26286,0.26795,0.26277,0.26523,62988.0
1774908000000,0.26513,0.26601,0.26343,0.26352,12711.0
1774911600000,0.26364,0.26364,0.26129,0.26169,132844.0
1774915200000,0.26174,0.2638,0.26152,0.2624,403856.0
1774918800000,0.26244,0.2673,0.26087,0.26539,157190.0
1774922400000,0.26532,0.26655,0.26464,0.26623,95281.0
1774926000000,0.26594,0.26594,0.26327,0.26388,79088.0
1774929600000,0.26404,0.26433,0.26123,0.26123,57881.0
1774933200000,0.26117,0.26217,0.26015,0.26188,202135.0
1774936800000,0.26182,0.26268,0.26026,0.26234,131675.0
1774940400000,0.26259,0.26259,0.25996,0.26115,50223.0
1774944000000,0.26098,0.26259,0.25911,0.25911,302299.0
1774947600000,0.25935,0.25971,0.25584,0.25642,77129.0
1774951200000,0.25661,0.25755,0.25641,0.25695,430346.0
1774954800000,0.2567,0.25895,0.25613,0.25799,106317.0
1774958400000,0.25791,0.25918,0.25709,0.25854,73722.0
1774962000000,0.25901,0.26413,0.25897,0.26319,164642.0
1774965600000,0.26342,0.26613,0.26171,0.26424,156467.0
1774969200000,0.26336,0.26708,0.26229,0.26254,135222.0
1774972800000,0.26228,0.27021,0.26219,0.26867,198480.0
1774976400000,0.26955,0.27243,0.26667,0.26705,185358.0
1774980000000,0.26775,0.27026,0.26761,0.26973,44564.0
1774983600000,0.26999,0.27179,0.26871,0.27118,185464.0
1774987200000,0.27175,0.2797,0.27129,0.2797,365273.0
1774990800000,0.27976,0.28052,0.27437,0.27682,257444.0
1774994400000,0.27676,0.27676,0.27201,0.27236,280599.0
1774998000000,0.27243,0.27305,0.27059,0.27267,201505.0
1775001600000,0.27266,0.27509,0.27171,0.27346,498776.0
1775005200000,0.27346,0.27523,0.27174,0.27269,248157.0
1775008800000,0.27317,0.27359,0.27005,0.27019,204748.0
1775012400000,0.27041,0.27392,0.27041,0.2736,28846.0
1775016000000,0.27365,0.27565,0.273,0.2754,230084.0
1775019600000,0.2754,0.27847,0.27461,0.27729,325535.0
1775023200000,0.27714,0.2783,0.27664,0.27724,199478.0
1775026800000,0.27736,0.27876,0.27371,0.27391,79656.0
1775030400000,0.27407,0.27427,0.27141,0.27328,245533.0
1775034000000,0.27311,0.27445,0.27188,0.27404,34754.0
1775037600000,0.27368,0.27423,0.27208,0.27234,66110.0
1775041200000,0.27257,0.27392,0.27205,0.27356,53563.0
1775044800000,0.27351,0.27681,0.2728,0.27357,1277636.0
1775048400000,0.27307,0.27346,0.27053,0.27186,162814.0
1775052000000,0.27158,0.27317,0.27053,0.27184,512931.0
1775055600000,0.27196,0.2734,0.27051,0.2733,156107.0
1775059200000,0.2725,0.27433,0.27142,0.27274,158794.0
1775062800000,0.27292,0.27557,0.27038,0.27056,93905.0
1775066400000,0.27046,0.27162,0.26876,0.27018,464273.0
1775070000000,0.27018,0.27065,0.26939,0.27024,64858.0
1775073600000,0.27028,0.27028,0.26851,0.26965,235752.0
1775077200000,0.26965,0.27198,0.26957,0.27177,133200.0
1775080800000,0.27145,0.27163,0.26955,0.27028,17445.0
1775084400000,0.27029,0.27079,0.26935,0.26997,59918.0
1775088000000,0.26995,0.27344,0.26987,0.2734,376254.0
1775091600000,0.27233,0.27255,0.2628,0.26343,874342.0
1775095200000,0.26313,0.26456,0.2602,0.2616,117393.0
1775098800000,0.26147,0.26233,0.2589,0.25971,104165.0
1775102400000,0.25977,0.26102,0.25914,0.25924,44871.0
1775106000000,0.2592,0.26086,0.25817,0.26034,512429.0
1775109600000,0.26023,0.26204,0.26004,0.26204,96968.0
1775113200000,0.26241,0.26318,0.26132,0.26158,34648.0
1775116800000,0.26157,0.26265,0.26119,0.26184,115117.0
1775120400000,0.26182,0.26248,0.26083,0.26109,188479.0
1775124000000,0.26096,0.26097,0.25867,0.25888,43915.0
1775127600000,0.25874,0.25874,0.25658,0.257,396847.0
1775131200000,0.2567,0.25728,0.25617,0.25648,193348.0
1775134800000,0.25647,0.25655,0.25262,0.25508,650616.0
1775138400000,0.25505,0.26082,0.25466,0.26003,469126.0
1775142000000,0.25915,0.25944,0.2567,0.25817,294780.0
1775145600000,0.25812,0.26068,0.25679,0.2597,743349.0
1775149200000,0.25898,0.26086,0.25663,0.25683,742473.0
1775152800000,0.25678,0.25942,0.25664,0.25803,115726.0
1775156400000,0.25799,0.25813,0.25669,0.25798,41808.0
1775160000000,0.25775,0.25925,0.25739,0.25815,55174.0
1775163600000,0.25844,0.25855,0.25617,0.25692,285935.0
1775167200000,0.25684,0.25818,0.25673,0.25771,118675.0
1775170800000,0.25755,0.25792,0.25713,0.25745,16717.0
1775174400000,0.25761,0.25796,0.25633,0.25719,382873.0
1775178000000,0.25756,0.25879,0.25675,0.25748,215753.0
1775181600000,0.25746,0.25915,0.25639,0.25748,68312.0
1775185200000,0.25785,0.25878,0.2569,0.25858,40741.0
1775188800000,0.25851,0.26014,0.25809,0.25993,175584.0
1775192400000,0.26005,0.26222,0.25921,0.26109,90311.0
1775196000000,0.26105,0.26336,0.26072,0.26278,140564.0
1775199600000,0.26258,0.26302,0.26158,0.26214,67649.0
1775203200000,0.26213,0.26397,0.26208,0.26297,136275.0
1775206800000,0.26262,0.26317,0.26162,0.26265,74097.0
1775210400000,0.26256,0.26269,0.26077,0.26165,92441.0
1775214000000,0.26196,0.26197,0.26056,0.26143,68340.0
1775217600000,0.26141,0.26463,0.26036,0.26132,255217.0
1775221200000,0.26127,0.26172,0.25933,0.26047,305302.0
1775224800000,0.26019,0.26129,0.25941,0.26026,25189.0
1775228400000,0.26011,0.2606,0.25917,0.25917,286143.0
1775232000000,0.25922,0.26139,0.25914,0.26082,78377.0
1775235600000,0.26073,0.26103,0.25943,0.26004,64640.0
1775239200000,0.25992,0.26153,0.25972,0.25988,41329.0
1775242800000,0.25983,0.26017,0.25844,0.25977,38471.0
1775246400000,0.25983,0.26058,0.25976,0.26024,30004.0
1775250000000,0.2604,0.26093,0.25991,0.26034,51654.0
1775253600000,0.26056,0.26056,0.25963,0.25979,43705.0
1775257200000,0.25979,0.2598,0.25814,0.2591,179684.0
1775260800000,0.25907,0.25986,0.25855,0.25885,240992.0
1775264400000,0.25892,0.25923,0.25786,0.25815,40667.0
1775268000000,0.2582,0.25844,0.25711,0.25768,125488.0
1775271600000,0.25791,0.25832,0.25755,0.25768,10288.0
1775275200000,0.25776,0.25899,0.25767,0.25878,52368.0
1775278800000,0.25866,0.25866,0.25771,0.25781,10732.0
1775282400000,0.25791,0.25945,0.25767,0.2592,14615.0
1775286000000,0.25925,0.25937,0.25809,0.25827,61691.0
1775289600000,0.2582,0.25915,0.2575,0.25764,216570.0
1775293200000,0.25764,0.25798,0.25696,0.25755,63461.0
1775296800000,0.25753,0.25774,0.25638,0.25711,26249.0
1775300400000,0.25727,0.25746,0.25697,0.25709,119922.0
1775304000000,0.25718,0.25785,0.25622,0.2568,158442.0
1775307600000,0.25665,0.25704,0.25581,0.25631,17008.0
1775311200000,0.25617,0.25661,0.25449,0.25647,203733.0
1775314800000,0.25616,0.25732,0.25559,0.25606,40081.0
1775318400000,0.25599,0.25652,0.25526,0.25534,28874.0
1775322000000,0.25537,0.25735,0.255,0.25638,17773.0
1775325600000,0.2565,0.2565,0.25551,0.25581,24577.0
1775329200000,0.25563,0.25867,0.25542,0.25633,97095.0
1775332800000,0.25633,0.25648,0.25521,0.25534,11438.0
1775336400000,0.25531,0.25575,0.255,0.25528,14565.0
1775340000000,0.2553,0.25594,0.25529,0.25557,34595.0
1775343600000,0.25558,0.25558,0.2545,0.25523,63732.0
1775347200000,0.25535,0.25562,0.2536,0.25449,310684.0
1775350800000,0.25458,0.25458,0.25279,0.25349,321631.0
1775354400000,0.25343,0.25353,0.25245,0.2534,64913.0
1775358000000,0.25329,0.25353,0.2531,0.25348,18903.0
1775361600000,0.25345,0.25359,0.25221,0.25221,12015.0
1775365200000,0.25221,0.2531,0.25122,0.25134,14763.0
1775368800000,0.25124,0.25151,0.24886,0.24996,171663.0
1775372400000,0.24994,0.25,0.24846,0.2489,22295.0
1775376000000,0.24886,0.24938,0.24876,0.24933,180800.0
1775379600000,0.24933,0.25007,0.24887,0.24984,140957.0
1775383200000,0.24981,0.25015,0.24904,0.24939,27002.0
1775386800000,0.24921,0.24965,0.24893,0.24943,48317.0
1775390400000,0.24931,0.24931,0.24705,0.24772,70475.0
1775394000000,0.24781,0.24897,0.24717,0.24868,118319.0
1775397600000,0.24879,0.24912,0.24818,0.24884,20141.0
1775401200000,0.24875,0.25193,0.24762,0.25041,166864.0
1775404800000,0.25019,0.25129,0.24953,0.24953,57760.0
1775408400000,0.24966,0.25087,0.24932,0.25069,200913.0
1775412000000,0.25067,0.25087,0.25005,0.25005,86621.0
1775415600000,0.25015,0.25102,0.24907,0.24988,29045.0
1775419200000,0.24988,0.25124,0.24987,0.25061,27931.0
1775422800000,0.2507,0.25151,0.24978,0.25064,195524.0
1775426400000,0.25048,0.25403,0.25033,0.25396,287002.0
1775430000000,0.25397,0.25862,0.25334,0.25849,288730.0
1775433600000,0.25866,0.26239,0.25866,0.26073,256243.0
1775437200000,0.26079,0.26097,0.25831,0.26058,146223.0
1775440800000,0.2608,0.26632,0.26065,0.26598,136131.0
1775444400000,0.26614,0.2671,0.26434,0.26501,941343.0
1775448000000,0.26529,0.26835,0.26512,0.2663,43484.0
1775451600000,0.2663,0.26723,0.26259,0.26307,456265.0
1775455200000,0.26332,0.26359,0.26093,0.26207,359320.0
1775458800000,0.26205,0.26372,0.2612,0.26331,76908.0
1775462400000,0.26341,0.26552,0.26261,0.26535,218117.0
1775466000000,0.26555,0.26961,0.26515,0.26817,327965.0
1775469600000,0.26847,0.27027,0.26775,0.26778,183421.0
1775473200000,0.2678,0.26933,0.26691,0.26839,26453.0
1775476800000,0.26839,0.26888,0.26579,0.2662,172206.0
1775480400000,0.26613,0.26629,0.26427,0.26458,176407.0
1775484000000,0.26458,0.26588,0.26319,0.26505,76412.0
1775487600000,0.26499,0.26566,0.2644,0.26451,114256.0
1775491200000,0.26479,0.26555,0.26278,0.26308,92424.0
1775494800000,0.26311,0.26321,0.26136,0.26199,120646.0
1775498400000,0.26197,0.26337,0.26192,0.26266,126404.0
1775502000000,0.26234,0.26252,0.26071,0.26189,61280.0
1775505600000,0.26182,0.26293,0.26125,0.26179,28978.0
1775509200000,0.26185,0.26195,0.26052,0.26072,38779.0
1775512800000,0.2605,0.26077,0.25664,0.25664,263286.0
1775516400000,0.25664,0.25664,0.25457,0.25583,225027.0
1775520000000,0.25564,0.25697,0.25453,0.25487,187357.0
1775523600000,0.25466,0.25466,0.25246,0.25302,47984.0
1775527200000,0.25286,0.25458,0.25231,0.2542,36066.0
1775530800000,0.254,0.25438,0.25292,0.25378,35543.0
1775534400000,0.25392,0.25441,0.25249,0.25389,26092.0
1775538000000,0.25387,0.25387,0.25204,0.25242,78513.0
1775541600000,0.25256,0.25257,0.25118,0.25184,57714.0
1775545200000,0.25181,0.25273,0.25159,0.25238,48148.0
1775548800000,0.25216,0.25347,0.25196,0.25325,249686.0
1775552400000,0.25329,0.25538,0.25313,0.25444,250717.0
1775556000000,0.25457,0.25485,0.24982,0.25015,191880.0
1775559600000,0.2499,0.25057,0.24916,0.24985,28581.0
1775563200000,0.24967,0.25225,0.24759,0.25218,159344.0
1775566800000,0.25219,0.25346,0.25091,0.25109,147113.0
1775570400000,0.25097,0.25194,0.24966,0.25041,177222.0
1775574000000,0.25025,0.25206,0.24965,0.24965,87751.0
1775577600000,0.24967,0.25113,0.24954,0.25045,82343.0
1775581200000,0.25051,0.2538,0.2505,0.2529,129339.0
1775584800000,0.25299,0.25299,0.24996,0.25031,17702.0
1775588400000,0.25021,0.25366,0.24994,0.25359,160538.0
1775592000000,0.25347,0.25541,0.25347,0.25442,55883.0
1775595600000,0.25464,0.26139,0.25445,0.26091,518075.0
1775599200000,0.26116,0.26905,0.26098,0.26886,385331.0
1775602800000,0.26925,0.27279,0.26765,0.26979,264681.0
1775606400000,0.26965,0.27014,0.26711,0.2691,290932.0
1775610000000,0.26927,0.27041,0.26832,0.26973,179474.0
1775613600000,0.26992,0.27081,0.2679,0.2691,54372.0
1775617200000,0.26955,0.2697,0.26838,0.2692,26924.0
1775620800000,0.26961,0.27149,0.26956,0.27,59065.0
1775624400000,0.26994,0.2719,0.2698,0.27138,249308.0
1775628000000,0.27137,0.27261,0.2707,0.27129,165372.0
1775631600000,0.2713,0.2714,0.26924,0.2698,93382.0
1775635200000,0.26999,0.27121,0.26991,0.27092,260055.0
1775638800000,0.27127,0.27138,0.26965,0.2706,93830.0
1775642400000,0.27053,0.27121,0.26837,0.26837,240638.0
1775646000000,0.2682,0.26875,0.2667,0.26786,93140.0
1775649600000,0.26784,0.26913,0.26735,0.26877,588120.0
1775653200000,0.26877,0.27049,0.26664,0.26687,64334.0
1775656800000,0.26699,0.2671,0.26049,0.26102,504779.0
1775660400000,0.26089,0.26283,0.26089,0.26246,154020.0
1775664000000,0.26251,0.26363,0.26147,0.26323,78131.0
1775667600000,0.26323,0.26432,0.26177,0.26378,44774.0
1775671200000,0.26331,0.26364,0.25948,0.25948,28122.0
1775674800000,0.25928,0.25955,0.25839,0.25884,112672.0
1775678400000,0.25914,0.25974,0.25799,0.2589,138582.0
1775682000000,0.25912,0.26119,0.25872,0.2589,134688.0
1775685600000,0.25893,0.25893,0.2563,0.2567,130033.0
1775689200000,0.25627,0.25701,0.25541,0.25573,100127.0
1775692800000,0.25566,0.25566,0.25359,0.25477,219817.0
1775696400000,0.25494,0.25504,0.25293,0.25435,87389.0
1775700000000,0.25455,0.25594,0.25445,0.25545,59311.0
1775703600000,0.25534,0.25539,0.25038,0.25038,496836.0
1775707200000,0.25024,0.25197,0.24926,0.25152,90025.0
1775710800000,0.25179,0.25276,0.25126,0.25179,65425.0
1775714400000,0.25192,0.25271,0.25124,0.25271,160333.0
1775718000000,0.2529,0.25363,0.2524,0.2524,40786.0
1775721600000,0.25246,0.25373,0.25206,0.25262,300166.0
1775725200000,0.25266,0.25415,0.25166,0.25387,125654.0
1775728800000,0.25386,0.25388,0.25289,0.25359,28515.0
1775732400000,0.25338,0.25357,0.25155,0.25184,96023.0
1775736000000,0.25183,0.25288,0.25094,0.25265,183948.0
1775739600000,0.25247,0.25251,0.25046,0.25115,36981.0
1775743200000,0.25113,0.25333,0.25056,0.25273,182962.0
1775746800000,0.25276,0.25831,0.25164,0.25717,171252.0
1775750400000,0.25799,0.25877,0.25419,0.25581,373723.0
1775754000000,0.25603,0.25775,0.25523,0.25673,534747.0
1775757600000,0.25683,0.25692,0.25452,0.25534,127453.0
1775761200000,0.25522,0.25648,0.2538,0.25549,67181.0
1775764800000,0.2557,0.25756,0.25524,0.25719,164581.0
1775768400000,0.25722,0.25947,0.25704,0.25842,54553.0
1775772000000,0.25828,0.26315,0.25807,0.2584,230818.0
1775775600000,0.25839,0.25839,0.25378,0.25414,335252.0
1775779200000,0.25408,0.25463,0.25187,0.25248,367100.0
1775782800000,0.25259,0.2553,0.25111,0.25351,91040.0
1775786400000,0.25341,0.25525,0.2533,0.25332,302312.0
1775790000000,0.25318,0.25368,0.25216,0.25306,46590.0
1775793600000,0.25312,0.25627,0.25302,0.25554,99013.0
1775797200000,0.2559,0.25627,0.25488,0.25543,190377.0
1775800800000,0.25563,0.25637,0.25296,0.25336,139178.0
1775804400000,0.25365,0.2537,0.25154,0.25217,337500.0
1775808000000,0.25198,0.25355,0.2514,0.25217,255844.0
1775811600000,0.25217,0.25441,0.25217,0.25397,72679.0
1775815200000,0.25409,0.25413,0.25216,0.25259,109900.0
1775818800000,0.25238,0.2545,0.2523,0.25397,102375.0
1775822400000,0.25389,0.25518,0.25279,0.25411,134926.0
1775826000000,0.25411,0.25509,0.25274,0.25397,65851.0
1775829600000,0.25386,0.25765,0.25335,0.25661,427349.0
1775833200000,0.25713,0.25792,0.25187,0.2521,432157.0
1775836800000,0.25258,0.25517,0.25258,0.25517,379126.0
1775840400000,0.25492,0.25492,0.25327,0.25437,70239.0
1775844000000,0.25455,0.25637,0.25411,0.25622,95715.0
1775847600000,0.25635,0.25765,0.25628,0.25749,159153.0
1775851200000,0.25799,0.25857,0.2567,0.25804,200944.0
1775854800000,0.25779,0.25788,0.2557,0.25763,177346.0
1775858400000,0.25765,0.25865,0.25652,0.25719,93776.0
1775862000000,0.25699,0.25699,0.25585,0.25626,152699.0
1775865600000,0.25643,0.25653,0.25491,0.25513,199639.0
1775869200000,0.25501,0.25597,0.2541,0.25558,43391.0
1775872800000,0.25559,0.25621,0.25471,0.25501,16331.0
1775876400000,0.25502,0.25667,0.2538,0.2538,67927.0
1775880000000,0.25376,0.25458,0.25327,0.25395,27117.0
1775883600000,0.25408,0.25456,0.25283,0.25295,80239.0
1775887200000,0.2528,0.25368,0.25216,0.25333,138561.0
1775890800000,0.25331,0.25427,0.25331,0.25382,11995.0
1775894400000,0.25397,0.25434,0.25299,0.253,71123.0
1775898000000,0.25303,0.25458,0.25303,0.2543,11717.0
1775901600000,0.25416,0.25416,0.25307,0.2534,36036.0
1775905200000,0.25323,0.25371,0.25304,0.25342,19120.0
1775908800000,0.25349,0.25405,0.2529,0.25297,204372.0
1775912400000,0.25299,0.25299,0.25136,0.25255,62700.0
1775916000000,0.25255,0.25332,0.25197,0.25242,24845.0
1775919600000,0.25248,0.2542,0.25232,0.25409,298598.0
1775923200000,0.25394,0.25765,0.25394,0.25689,77666.0
1775926800000,0.25667,0.25701,0.25529,0.25552,98211.0
1775930400000,0.2556,0.26039,0.25498,0.25878,366098.0
1775934000000,0.25918,0.26149,0.259,0.26145,209808.0
1775937600000,0.2616,0.26197,0.25836,0.25904,45862.0
1775941200000,0.25889,0.25929,0.25799,0.25876,31618.0
1775944800000,0.25867,0.26018,0.2574,0.25796,55423.0
1775948400000,0.25784,0.25791,0.25542,0.25601,92738.0
1775952000000,0.25606,0.25627,0.25521,0.25622,67355.0
1775955600000,0.25612,0.25686,0.24719,0.24815,721198.0
1775959200000,0.24792,0.24935,0.24724,0.24844,193429.0
1775962800000,0.24857,0.24885,0.24754,0.24754,229888.0
1775966400000,0.24725,0.24757,0.24656,0.24725,91129.0
1775970000000,0.24729,0.24855,0.24657,0.24844,55285.0
1775973600000,0.24829,0.24874,0.24738,0.24783,126930.0
1775977200000,0.24777,0.24863,0.24746,0.24848,176983.0
1775980800000,0.24848,0.24908,0.24725,0.24762,171579.0
1775984400000,0.24768,0.24768,0.24673,0.24716,77166.0
1775988000000,0.24709,0.24724,0.24539,0.2461,171230.0
1775991600000,0.24587,0.24706,0.24548,0.24704,84041.0
1775995200000,0.2467,0.24788,0.24651,0.24651,620005.0
1775998800000,0.24675,0.24714,0.24507,0.24516,155826.0
1776002400000,0.24554,0.24683,0.2452,0.24543,50530.0
1776006000000,0.24548,0.24548,0.244,0.24478,122307.0
1776009600000,0.2447,0.24564,0.24423,0.24491,32277.0
1776013200000,0.24515,0.24667,0.24475,0.24607,29174.0
1776016800000,0.24604,0.24658,0.24541,0.24585,27337.0
1776020400000,0.24565,0.24625,0.24346,0.24379,38151.0
1776024000000,0.24378,0.24513,0.24258,0.24442,102463.0
1776027600000,0.24447,0.24584,0.24431,0.24485,110545.0
1776031200000,0.24487,0.24487,0.24159,0.24308,132942.0
1776034800000,0.24285,0.24285,0.24126,0.24234,81018.0
1776038400000,0.24216,0.24491,0.24191,0.24427,269352.0
1776042000000,0.24447,0.24608,0.24392,0.24552,343978.0
1776045600000,0.24584,0.24597,0.24411,0.24443,75944.0
1776049200000,0.24442,0.24548,0.24418,0.24513,39957.0
1776052800000,0.24518,0.24549,0.24386,0.24424,57045.0
1776056400000,0.24423,0.24504,0.24349,0.24504,128665.0
1776060000000,0.24513,0.24881,0.2451,0.24802,84752.0
1776063600000,0.24798,0.24798,0.24473,0.24488,192092.0
1776067200000,0.24502,0.24577,0.24424,0.24498,168021.0
1776070800000,0.24515,0.24693,0.24511,0.24667,217103.0
1776074400000,0.24659,0.24689,0.24555,0.24569,131383.0
1776078000000,0.24603,0.2479,0.24589,0.24764,282047.0
1776081600000,0.24757,0.24989,0.24643,0.24904,388876.0
1776085200000,0.24918,0.2529,0.2477,0.25281,355166.0
1776088800000,0.25288,0.25441,0.25127,0.25361,554851.0
1776092400000,0.25374,0.25388,0.24771,0.24845,1105534.0
1776096000000,0.24851,0.24932,0.24692,0.24864,494930.0
1776099600000,0.24828,0.25014,0.24732,0.24772,81878.0
1776103200000,0.24743,0.24902,0.24641,0.24895,317567.0
1776106800000,0.24921,0.25173,0.24887,0.25141,52631.0
1776110400000,0.25128,0.25128,0.24903,0.2491,188249.0
1776114000000,0.24922,0.25168,0.2489,0.25143,28800.0
1776117600000,0.25156,0.25792,0.25147,0.25684,733980.0
1776121200000,0.25681,0.25914,0.2556,0.25755,526805.0
1776124800000,0.25782,0.25813,0.25341,0.25427,215107.0
1776128400000,0.25393,0.25522,0.25363,0.25437,106213.0
1776132000000,0.25441,0.25523,0.25422,0.2543,87215.0
1776135600000,0.2543,0.25562,0.254,0.25554,146786.0
1776139200000,0.25512,0.25572,0.25412,0.2544,12445.0
1776142800000,0.25422,0.25445,0.25187,0.2524,56756.0
1776146400000,0.25269,0.25401,0.25269,0.25326,93918.0
1776150000000,0.25316,0.25441,0.253,0.25334,32430.0
1776153600000,0.25344,0.25615,0.2533,0.25553,113152.0
1776157200000,0.25537,0.25667,0.25505,0.25648,32498.0
1776160800000,0.25649,0.25725,0.25588,0.25588,111473.0
1776164400000,0.25584,0.2567,0.25497,0.25497,49676.0
1776168000000,0.25504,0.2552,0.25391,0.25494,169966.0
1776171600000,0.25513,0.26042,0.25502,0.26012,116853.0
1776175200000,0.26057,0.2609,0.25704,0.25704,249791.0
1776178800000,0.25686,0.25728,0.25341,0.25412,365489.0
1776182400000,0.254,0.25535,0.2521,0.25274,128565.0
1776186000000,0.25253,0.2542,0.25175,0.25329,99180.0
1776189600000,0.25365,0.2543,0.24808,0.24941,748915.0
1776193200000,0.24921,0.25027,0.2469,0.25027,694630.0
1776196800000,0.25038,0.2508,0.24946,0.24976,25738.0
1776200400000,0.24992,0.25079,0.24971,0.25065,17708.0
1776204000000,0.25065,0.2515,0.24962,0.24983,85862.0
1776207600000,0.24965,0.2512,0.24948,0.25096,189317.0
1776211200000,0.25096,0.25343,0.25096,0.2522,140914.0
1776214800000,0.25218,0.25406,0.25191,0.25331,40522.0
1776218400000,0.2533,0.25377,0.25073,0.2514,368373.0
1776222000000,0.25137,0.2524,0.25109,0.25184,252763.0
1776225600000,0.25157,0.25295,0.25146,0.25257,114025.0
1776229200000,0.25257,0.25332,0.25011,0.25102,491408.0
1776232800000,0.25066,0.25076,0.24944,0.2497,294919.0
1776236400000,0.24968,0.25064,0.24883,0.24917,47846.0
1776240000000,0.24904,0.25221,0.24904,0.25152,176868.0
1776243600000,0.25161,0.25197,0.25035,0.25077,67844.0
1776247200000,0.25075,0.25261,0.24993,0.2508,101607.0
1776250800000,0.25091,0.25399,0.25083,0.25282,345636.0
1776254400000,0.25282,0.25386,0.25246,0.25319,127029.0
1776258000000,0.25305,0.25332,0.2519,0.25261,34430.0
1776261600000,0.25241,0.25553,0.25204,0.25519,169264.0
1776265200000,0.25506,0.25539,0.25088,0.25202,174905.0
1776268800000,0.25211,0.25451,0.25208,0.25383,272676.0
1776272400000,0.25415,0.25478,0.25332,0.25445,164199.0
1776276000000,0.25429,0.25571,0.25429,0.25526,26063.0
1776279600000,0.25521,0.25916,0.25521,0.25821,397425.0
1776283200000,0.25819,0.25841,0.25674,0.25811,95977.0
1776286800000,0.25824,0.25824,0.25622,0.25791,166246.0
1776290400000,0.25807,0.26001,0.25787,0.25884,71527.0
1776294000000,0.25793,0.2588,0.25667,0.2583,135800.0
1776297600000,0.25885,0.25893,0.25705,0.25794,320334.0
1776301200000,0.25754,0.258,0.25644,0.25699,249548.0
1776304800000,0.25739,0.26069,0.25731,0.25942,782278.0
1776308400000,0.2595,0.26112,0.25904,0.26057,78267.0
1776312000000,0.26065,0.26336,0.25272,0.26141,2974572.0
1776315600000,0.26141,0.26292,0.26058,0.26244,357595.0
1776319200000,0.26261,0.26366,0.26166,0.26356,118593.0
1776322800000,0.26373,0.26477,0.26141,0.26246,430600.0
1776326400000,0.26256,0.26377,0.26209,0.26281,250939.0
1776330000000,0.2629,0.2652,0.26249,0.26325,222951.0
1776333600000,0.26335,0.26385,0.26139,0.26144,66745.0
1776337200000,0.26141,0.26363,0.26048,0.2633,251382.0
1776340800000,0.26368,0.26729,0.26368,0.2656,2329880.0
1776344400000,0.2656,0.26955,0.26072,0.26291,662044.0
1776348000000,0.26281,0.26377,0.2585,0.2629,1260081.0
1776351600000,0.26252,0.2692,0.26252,0.26875,517737.0
1776355200000,0.2688,0.27047,0.26429,0.26583,443281.0
1776358800000,0.26567,0.26776,0.26453,0.26714,315466.0
1776362400000,0.26746,0.27242,0.267,0.27155,650617.0
1776366000000,0.27154,0.27337,0.27129,0.27316,313762.0
1776369600000,0.27346,0.27374,0.25896,0.27071,3655290.0
1776373200000,0.27087,0.2713,0.26772,0.26979,169994.0
1776376800000,0.27013,0.27093,0.26919,0.26952,29060.0
1776380400000,0.26952,0.27045,0.26919,0.26961,80000.0
1776384000000,0.26951,0.26991,0.26698,0.26849,846895.0
1776387600000,0.26834,0.2691,0.26567,0.26657,56604.0
1776391200000,0.26656,0.26681,0.26405,0.26449,464732.0
1776394800000,0.26458,0.26479,0.26298,0.26446,55152.0
1776398400000,0.2642,0.26601,0.26369,0.26405,102102.0
1776402000000,0.26433,0.26433,0.26142,0.26142,54998.0
1776405600000,0.26147,0.26436,0.26132,0.26342,473014.0
1776409200000,0.26375,0.26569,0.26374,0.26533,80615.0
1776412800000,0.26515,0.26735,0.26465,0.26651,211760.0
1776416400000,0.2662,0.26856,0.26551,0.26659,515240.0
1776420000000,0.26654,0.26707,0.26227,0.26336,366755.0
1776423600000,0.26347,0.26668,0.26347,0.26633,132911.0
1776427200000,0.26633,0.27109,0.26614,0.27037,742799.0
1776430800000,0.27014,0.27438,0.2689,0.27438,1324860.0
1776434400000,0.27439,0.27551,0.27265,0.27532,185453.0
1776438000000,0.27477,0.27526,0.2724,0.27404,1035945.0
1776441600000,0.27415,0.2797,0.27415,0.27964,341111.0
1776445200000,0.27964,0.27964,0.27287,0.27447,1022060.0
1776448800000,0.27473,0.2749,0.27135,0.27367,287159.0
1776452400000,0.27382,0.27571,0.27268,0.27398,114215.0
1776456000000,0.27402,0.27441,0.27151,0.2731,150924.0
1776459600000,0.2731,0.27476,0.27195,0.27256,409508.0
1776463200000,0.27252,0.27363,0.27156,0.27156,104241.0
1776466800000,0.27148,0.27193,0.269,0.2706,508849.0
1776470400000,0.27012,0.27147,0.26794,0.26961,194867.0
1776474000000,0.26996,0.27083,0.26867,0.2689,169836.0
1776477600000,0.26906,0.27101,0.26816,0.27068,68863.0
1776481200000,0.27055,0.2709,0.26899,0.26918,14254.0
1776484800000,0.26931,0.27039,0.26826,0.26978,196349.0
1776488400000,0.26978,0.2714,0.26978,0.27065,16342.0
1776492000000,0.27063,0.27213,0.26984,0.27122,690556.0
1776495600000,0.27091,0.2718,0.27054,0.27132,245152.0
1776499200000,0.27093,0.27093,0.26569,0.26746,891914.0
1776502800000,0.26768,0.26789,0.26523,0.26571,146562.0
1776506400000,0.26527,0.26527,0.26204,0.26236,615192.0
1776510000000,0.26208,0.26217,0.25946,0.26099,525141.0
1776513600000,0.26081,0.26189,0.26018,0.26149,508527.0
1776517200000,0.26151,0.26153,0.25825,0.26047,125586.0
1776520800000,0.26064,0.26156,0.25973,0.26098,72485.0
1776524400000,0.26103,0.26153,0.25984,0.26047,53421.0
1776528000000,0.26039,0.261,0.25836,0.25899,88873.0
1776531600000,0.25897,0.25954,0.25742,0.25885,317213.0
1776535200000,0.25853,0.25853,0.25549,0.25611,707043.0
1776538800000,0.25635,0.25762,0.25622,0.2569,34383.0
1776542400000,0.25691,0.25829,0.25627,0.25794,43961.0
1776546000000,0.25788,0.25886,0.25772,0.25884,12321.0
1776549600000,0.25881,0.25954,0.25767,0.25927,426901.0
1776553200000,0.25934,0.25997,0.25768,0.25776,196759.0
1776556800000,0.25771,0.25798,0.25545,0.25671,182168.0
1776560400000,0.2571,0.25759,0.25471,0.25569,56327.0
1776564000000,0.25574,0.25605,0.25253,0.25559,218443.0
1776567600000,0.25529,0.25716,0.25413,0.25588,257763.0
1776571200000,0.25591,0.25668,0.25455,0.25584,93476.0
1776574800000,0.25612,0.25686,0.25523,0.25523,21972.0
1776578400000,0.25523,0.25615,0.25394,0.25541,100915.0
1776582000000,0.25542,0.25542,0.25228,0.25435,418440.0
1776585600000,0.25429,0.25448,0.25369,0.25393,108819.0
1776589200000,0.25409,0.25415,0.25272,0.25307,66759.0
1776592800000,0.25297,0.25342,0.25241,0.25334,300052.0
1776596400000,0.25358,0.25619,0.25343,0.25589,65945.0
1776600000000,0.25609,0.25795,0.25575,0.25741,172845.0
1776603600000,0.25753,0.26119,0.25751,0.25883,888928.0
1776607200000,0.25875,0.26069,0.25757,0.25929,105489.0
1776610800000,0.25926,0.25926,0.25584,0.25842,136010.0
1776614400000,0.25885,0.25896,0.25659,0.25708,67639.0
1776618000000,0.25652,0.25669,0.25342,0.25349,172822.0
1776621600000,0.25381,0.25412,0.25308,0.25378,90898.0
1776625200000,0.25398,0.25534,0.25398,0.25476,59806.0
1776628800000,0.25471,0.25472,0.25284,0.25338,169947.0
1776632400000,0.25342,0.25458,0.25257,0.25281,301866.0
1776636000000,0.25253,0.25253,0.24924,0.25111,347400.0
1776639600000,0.25065,0.25074,0.24942,0.24998,129335.0
1776643200000,0.25017,0.25263,0.24996,0.25221,89905.0
1776646800000,0.25212,0.25334,0.2515,0.25286,39883.0
1776650400000,0.25294,0.25349,0.25201,0.25255,121690.0
1776654000000,0.2526,0.25328,0.25206,0.25304,275541.0
1776657600000,0.25297,0.25297,0.25138,0.25193,72822.0
1776661200000,0.25208,0.25208,0.24944,0.25015,70405.0
1776664800000,0.2501,0.2529,0.24992,0.25221,118578.0
1776668400000,0.25254,0.25627,0.25161,0.25244,752007.0
1776672000000,0.25268,0.25345,0.25134,0.25155,827423.0
1776675600000,0.25142,0.25395,0.25122,0.25325,537516.0
1776679200000,0.25318,0.25504,0.25256,0.25258,253063.0
1776682800000,0.25248,0.25385,0.25246,0.25319,73062.0
1776686400000,0.25288,0.2548,0.25255,0.25433,210170.0
1776690000000,0.25414,0.25461,0.25247,0.25412,41611.0
1776693600000,0.25397,0.25468,0.25118,0.25127,86601.0
1776697200000,0.25186,0.25416,0.25082,0.25315,319284.0
1776700800000,0.25316,0.2536,0.25206,0.25272,277902.0
1776704400000,0.25297,0.2556,0.25276,0.25521,382371.0
1776708000000,0.25538,0.25734,0.25534,0.25666,417309.0
1776711600000,0.25683,0.25708,0.25544,0.25596,160896.0
1776715200000,0.25591,0.25722,0.25539,0.25701,76380.0
1776718800000,0.25714,0.25734,0.25513,0.25604,55959.0
1776722400000,0.25626,0.25665,0.25535,0.25554,35173.0
1776726000000,0.25498,0.25526,0.25364,0.25497,118621.0
1776729600000,0.25514,0.25745,0.25502,0.25731,305856.0
1776733200000,0.25717,0.25855,0.25618,0.25618,29700.0
1776736800000,0.25623,0.25624,0.25501,0.25514,25500.0
1776740400000,0.25498,0.25561,0.2538,0.25521,194528.0
1776744000000,0.25513,0.25631,0.25455,0.2563,30801.0
1776747600000,0.25631,0.25776,0.25631,0.25718,179847.0
1776751200000,0.25747,0.25756,0.2557,0.2567,55935.0
1776754800000,0.25628,0.25803,0.25601,0.25751,69193.0
1776758400000,0.25747,0.26001,0.25728,0.25835,463363.0
1776762000000,0.25847,0.25971,0.25786,0.25962,46613.0
1776765600000,0.25969,0.26096,0.25941,0.26092,33525.0
1776769200000,0.26078,0.26145,0.25905,0.26005,179779.0
1776772800000,0.25966,0.26015,0.25541,0.25765,510490.0
1776776400000,0.25767,0.25779,0.25597,0.25737,45458.0
1776780000000,0.25741,0.2588,0.25564,0.2561,113744.0
1776783600000,0.25609,0.2582,0.25541,0.25732,99757.0
1776787200000,0.25753,0.25811,0.25605,0.25605,21578.0
1776790800000,0.25629,0.25649,0.25311,0.25555,354989.0
1776794400000,0.25562,0.25583,0.25367,0.25498,83078.0
1776798000000,0.25541,0.25665,0.25206,0.25293,149470.0
1776801600000,0.25283,0.25645,0.25277,0.2552,328757.0
1776805200000,0.25515,0.2553,0.25403,0.25484,30182.0
1776808800000,0.2551,0.25541,0.25378,0.25506,22546.0
1776812400000,0.2551,0.25791,0.25509,0.25791,63680.0
1776816000000,0.25787,0.25878,0.25723,0.25807,81573.0
1776819600000,0.2582,0.25852,0.25748,0.25831,20568.0
1776823200000,0.25826,0.26496,0.25808,0.26496,182052.0
1776826800000,0.26487,0.2652,0.26312,0.26401,70297.0
1776830400000,0.26387,0.26571,0.26331,0.26565,228414.0
1776834000000,0.26579,0.27,0.26524,0.26727,546828.0
1776837600000,0.26702,0.26891,0.26672,0.26891,66611.0
1776841200000,0.26893,0.26954,0.2675,0.2689,82301.0
1776844800000,0.26879,0.27176,0.26875,0.26994,382972.0
1776848400000,0.26963,0.27025,0.26811,0.2686,626520.0
1776852000000,0.26861,0.27036,0.268,0.26915,419823.0
1776855600000,0.26937,0.27116,0.26937,0.27015,152171.0
1776859200000,0.27023,0.2708,0.2667,0.26738,166173.0
1776862800000,0.26701,0.2682,0.26614,0.26754,100285.0
1776866400000,0.26757,0.26878,0.26662,0.26808,61338.0
1776870000000,0.26839,0.26854,0.2672,0.26746,44311.0
1776873600000,0.26743,0.26794,0.26557,0.26576,91585.0
1776877200000,0.26576,0.26691,0.26499,0.2665,60303.0
1776880800000,0.26652,0.26694,0.26579,0.26594,125919.0
1776884400000,0.26594,0.26594,0.26302,0.26409,172444.0
1776888000000,0.26421,0.26455,0.26282,0.26282,21990.0
1776891600000,0.26282,0.26474,0.26282,0.26448,10856.0
1776895200000,0.26464,0.26468,0.2627,0.26293,46368.0
1776898800000,0.26282,0.26295,0.26076,0.26076,75703.0
1776902400000,0.26103,0.26188,0.25765,0.26076,940970.0
1776906000000,0.26086,0.26088,0.25871,0.2595,16202.0
1776909600000,0.25952,0.25952,0.25686,0.25774,79337.0
1776913200000,0.25739,0.25818,0.25516,0.25652,169728.0
1776916800000,0.25631,0.2575,0.25598,0.25734,44125.0
1776920400000,0.25752,0.25826,0.25681,0.25787,42855.0
1776924000000,0.25795,0.25937,0.25795,0.25927,76697.0
1776927600000,0.2595,0.2595,0.25829,0.2585,55567.0
1776931200000,0.25868,0.25907,0.25714,0.25787,130130.0
1776934800000,0.25774,0.25785,0.25553,0.25638,82696.0
1776938400000,0.25639,0.25651,0.25469,0.25581,168484.0
1776942000000,0.25585,0.25796,0.25574,0.25745,77932.0
1776945600000,0.25763,0.2592,0.25748,0.25828,78943.0
1776949200000,0.25855,0.25902,0.25799,0.25816,67987.0
1776952800000,0.25812,0.26092,0.25784,0.26082,192895.0
1776956400000,0.26096,0.2631,0.26014,0.263,70704.0
1776960000000,0.2633,0.2634,0.26167,0.26167,31546.0
1776963600000,0.26232,0.26241,0.25636,0.2592,135566.0
1776967200000,0.25914,0.25962,0.25748,0.25751,268543.0
1776970800000,0.25754,0.25874,0.25703,0.25822,73632.0
1776974400000,0.25803,0.26018,0.25803,0.25908,114967.0
1776978000000,0.25929,0.26148,0.25876,0.2604,159593.0
1776981600000,0.26057,0.26154,0.26047,0.2606,39721.0
1776985200000,0.2607,0.2623,0.26047,0.26204,51629.0
1776988800000,0.26232,0.264,0.26184,0.26399,204792.0
1776992400000,0.26398,0.2653,0.26222,0.2653,153597.0
1776996000000,0.2653,0.26556,0.2628,0.2633,73434.0
1776999600000,0.26321,0.26328,0.26054,0.26164,35397.0
1777003200000,0.26163,0.26182,0.26051,0.26073,81310.0
1777006800000,0.26066,0.26267,0.26025,0.2619,52631.0
1777010400000,0.26193,0.2625,0.26118,0.26148,22608.0
1777014000000,0.26171,0.26253,0.26063,0.26103,89353.0
1777017600000,0.2613,0.2625,0.26081,0.26186,82395.0
1777021200000,0.26192,0.262,0.26011,0.26028,38568.0
1777024800000,0.2601,0.26292,0.2598,0.2628,128279.0
1777028400000,0.26285,0.2649,0.26284,0.26401,211804.0
1777032000000,0.26416,0.2646,0.26275,0.26304,84205.0
1777035600000,0.2634,0.26456,0.2623,0.26289,265122.0
1777039200000,0.26289,0.26422,0.2618,0.2637,32167.0
1777042800000,0.2633,0.26659,0.26189,0.26659,335754.0
1777046400000,0.26659,0.26721,0.26497,0.26586,350246.0
1777050000000,0.2661,0.26645,0.26454,0.26522,374784.0
1777053600000,0.26528,0.26576,0.26365,0.26524,102043.0
1777057200000,0.26527,0.26568,0.26391,0.26543,56132.0
1777060800000,0.26559,0.26579,0.26336,0.26567,145113.0
1777064400000,0.26545,0.26573,0.26303,0.26325,80857.0
1777068000000,0.2631,0.26334,0.26132,0.26193,32944.0
1777071600000,0.26203,0.26242,0.26158,0.26199,39302.0
1777075200000,0.2619,0.26233,0.26019,0.26099,92248.0
1777078800000,0.26102,0.26297,0.26102,0.26285,203744.0
1777082400000,0.26304,0.2635,0.26226,0.2625,22358.0
1777086000000,0.2629,0.26369,0.2622,0.26316,35309.0
1777089600000,0.2633,0.26349,0.26225,0.26235,24059.0
1777093200000,0.26248,0.26248,0.26148,0.26204,126470.0
1777096800000,0.26206,0.26303,0.26206,0.26239,72333.0
1777100400000,0.2622,0.26268,0.2619,0.26206,57190.0
1777104000000,0.26199,0.2628,0.2618,0.26264,44784.0
1777107600000,0.26283,0.26389,0.26225,0.26365,77971.0
1777111200000,0.26345,0.26399,0.26281,0.26302,15853.0
1777114800000,0.26298,0.26298,0.26032,0.26122,65410.0
1777118400000,0.2613,0.2616,0.26052,0.26121,18697.0
1777122000000,0.26116,0.26225,0.26116,0.26151,9789.0
1777125600000,0.26175,0.26229,0.26072,0.26104,82159.0
1777129200000,0.26075,0.26158,0.25961,0.26007,12538.0
1777132800000,0.26002,0.26046,0.25793,0.25902,89667.0
1777136400000,0.25898,0.25913,0.25761,0.25807,224752.0
1777140000000,0.2583,0.25919,0.25802,0.25836,17768.0
1777143600000,0.2583,0.25855,0.2578,0.25825,457060.0
1777147200000,0.25822,0.25944,0.25802,0.25944,54976.0
1777150800000,0.25944,0.26028,0.25942,0.26002,62299.0
1777154400000,0.25981,0.261,0.25981,0.26029,22805.0
1777158000000,0.2601,0.26099,0.25985,0.2609,121338.0
1777161600000,0.26086,0.26086,0.2587,0.25914,50520.0
1777165200000,0.25897,0.25919,0.25829,0.25837,221452.0
1777168800000,0.25838,0.25956,0.25838,0.25932,121858.0
1777172400000,0.25918,0.26,0.25829,0.25919,22214.0
1777176000000,0.25911,0.26075,0.25871,0.26029,16693.0
1777179600000,0.2602,0.26224,0.2602,0.26135,67909.0
1777183200000,0.26182,0.26279,0.26181,0.26217,26448.0
1777186800000,0.2623,0.2635,0.26212,0.26342,32993.0
1777190400000,0.26356,0.26363,0.2626,0.26299,110782.0
1777194000000,0.26297,0.26377,0.26279,0.26368,20852.0
1777197600000,0.26361,0.26587,0.26329,0.26574,36680.0
1777201200000,0.26573,0.27312,0.26512,0.27062,281125.0
1777204800000,0.27117,0.2726,0.26789,0.269,314437.0
1777208400000,0.26924,0.26933,0.26668,0.26681,312632.0
1777212000000,0.26682,0.26932,0.26662,0.26787,332000.0
1777215600000,0.26805,0.26971,0.26782,0.26961,23910.0
1777219200000,0.26994,0.27009,0.26808,0.2686,28373.0
1777222800000,0.26826,0.26839,0.26718,0.26797,136442.0
1777226400000,0.26788,0.26876,0.26766,0.26845,327374.0
1777230000000,0.26844,0.27003,0.26799,0.26799,93581.0
1777233600000,0.26814,0.26885,0.26746,0.268,90282.0
1777237200000,0.2678,0.26872,0.26534,0.26797,88377.0
1777240800000,0.26808,0.26901,0.266,0.26694,84576.0
1777244400000,0.26682,0.26731,0.26559,0.2671,18150.0
1777248000000,0.2673,0.26975,0.26646,0.2697,103779.0
1777251600000,0.26994,0.27333,0.26986,0.27312,68312.0
1777255200000,0.2733,0.27335,0.27093,0.27237,33800.0
1777258800000,0.27212,0.27273,0.27153,0.27153,11376.0
1777262400000,0.27149,0.27172,0.26973,0.27011,141671.0
1777266000000,0.26999,0.26999,0.26353,0.26403,156314.0
1777269600000,0.26393,0.26408,0.26121,0.26259,226796.0
1777273200000,0.26259,0.26267,0.26127,0.26161,581827.0
1777276800000,0.26139,0.2622,0.26016,0.26126,180616.0
1777280400000,0.26117,0.26281,0.26117,0.26228,76577.0
1777284000000,0.26224,0.26288,0.2622,0.26227,17970.0
1777287600000,0.2621,0.26219,0.26108,0.26172,16548.0
1777291200000,0.2619,0.2621,0.2613,0.26165,32845.0
1777294800000,0.26193,0.26268,0.26055,0.26141,843243.0
1777298400000,0.26141,0.26505,0.26138,0.26361,899019.0
1777302000000,0.26388,0.26388,0.25725,0.26029,440342.0
1777305600000,0.26014,0.26227,0.25968,0.2612,1100086.0
1777309200000,0.2613,0.26284,0.26082,0.26177,320270.0
1777312800000,0.2616,0.26244,0.2613,0.26187,324744.0
1777316400000,0.26195,0.26195,0.25935,0.26013,186563.0
1777320000000,0.26044,0.26105,0.26011,0.26062,23613.0
1777323600000,0.26051,0.26188,0.2601,0.26098,75024.0
1777327200000,0.26136,0.26319,0.26122,0.26304,41198.0
1777330800000,0.26319,0.2663,0.26303,0.2663,305371.0
1777334400000,0.26634,0.26718,0.2646,0.26629,358554.0
1777338000000,0.26631,0.267,0.2652,0.2652,125584.0
1777341600000,0.26517,0.26608,0.26302,0.26322,460793.0
1777345200000,0.26334,0.2634,0.26229,0.2629,40867.0
1777348800000,0.26296,0.2649,0.26226,0.26301,50109.0
1777352400000,0.2631,0.26368,0.26196,0.2626,25476.0
1777356000000,0.26283,0.26405,0.26065,0.26136,326692.0
1777359600000,0.26124,0.26206,0.26017,0.26179,37065.0
1777363200000,0.26163,0.26267,0.2612,0.26191,35603.0
1777366800000,0.26204,0.26255,0.26105,0.26184,22803.0
1777370400000,0.26204,0.26326,0.26147,0.26214,269284.0
1777374000000,0.26238,0.26238,0.2598,0.26027,20417.0
1777377600000,0.26057,0.26258,0.25963,0.26126,458322.0
1777381200000,0.26143,0.26216,0.25898,0.26153,197771.0
1777384800000,0.26153,0.26153,0.25947,0.2613,118298.0
1777388400000,0.2616,0.2644,0.26152,0.2644,284237.0
1777392000000,0.2644,0.26504,0.2629,0.2637,91888.0
1777395600000,0.26374,0.26391,0.2621,0.26364,43615.0
1777399200000,0.26331,0.26524,0.26331,0.26471,305501.0
1777402800000,0.26475,0.26488,0.26316,0.264,219822.0
1777406400000,0.26386,0.26435,0.2631,0.26339,8525.0
1777410000000,0.26328,0.26381,0.26261,0.2633,62912.0
1777413600000,0.26343,0.26473,0.26323,0.26359,19314.0
1777417200000,0.26359,0.26481,0.26324,0.26431,10936.0
1777420800000,0.26406,0.26525,0.26344,0.26453,100450.0
1777424400000,0.26453,0.26538,0.26368,0.26489,41570.0
1777428000000,0.26488,0.26588,0.26464,0.2655,40519.0
1777431600000,0.2657,0.2667,0.26541,0.26644,31716.0
1777435200000,0.26699,0.26803,0.26645,0.2677,43595.0
1777438800000,0.26775,0.26775,0.26618,0.26668,29477.0
1777442400000,0.26678,0.26738,0.26529,0.2659,95176.0
1777446000000,0.2658,0.26657,0.26505,0.26552,305070.0
1777449600000,0.26565,0.26565,0.26437,0.26454,221608.0
1777453200000,0.26431,0.26871,0.2642,0.26849,320083.0
1777456800000,0.2687,0.2701,0.26837,0.2694,47389.0
1777460400000,0.2694,0.27031,0.26889,0.26932,459921.0
1777464000000,0.26943,0.26951,0.26562,0.26696,140433.0
1777467600000,0.26694,0.26729,0.2644,0.26618,405034.0
1777471200000,0.2661,0.2661,0.26398,0.26398,47679.0
1777474800000,0.26405,0.26405,0.26029,0.26081,164273.0
1777478400000,0.2608,0.26202,0.26,0.26,76235.0
1777482000000,0.26027,0.26248,0.26027,0.26244,31426.0
1777485600000,0.26206,0.26213,0.25273,0.25813,1282796.0
1777489200000,0.2582,0.25855,0.25713,0.25825,186705.0
1777492800000,0.25849,0.2612,0.2583,0.26073,187596.0
1777496400000,0.26049,0.2628,0.26035,0.26202,38546.0
1777500000000,0.26232,0.26294,0.26175,0.26275,68862.0
1777503600000,0.26291,0.26368,0.26229,0.2635,177411.0
1777507200000,0.26351,0.26699,0.26321,0.26685,149450.0
1777510800000,0.26658,0.26802,0.26605,0.26717,51256.0
1777514400000,0.2672,0.26725,0.26126,0.26222,114968.0
1777518000000,0.26238,0.2631,0.26173,0.26241,63998.0
1777521600000,0.26232,0.26232,0.25958,0.25964,17685.0
1777525200000,0.25989,0.2607,0.25867,0.26016,67324.0
1777528800000,0.26033,0.26211,0.26027,0.26183,110308.0
1777532400000,0.26185,0.26377,0.26175,0.26377,38036.0
1777536000000,0.264,0.26572,0.26377,0.26518,604155.0
1777539600000,0.26513,0.26562,0.26367,0.26367,86103.0
1777543200000,0.26346,0.26382,0.26222,0.26241,46302.0
1777546800000,0.2626,0.26435,0.26214,0.26343,25291.0
1777550400000,0.2637,0.26484,0.26332,0.26357,419578.0
1777554000000,0.26359,0.26381,0.26203,0.2627,12206.0
1777557600000,0.26268,0.26351,0.26189,0.26217,76622.0
1777561200000,0.26249,0.26488,0.26196,0.26448,45160.0
1777564800000,0.26405,0.26408,0.26313,0.26333,9541.0
1777568400000,0.26325,0.26354,0.2622,0.26301,59034.0
1777572000000,0.26309,0.26407,0.26293,0.26341,88140.0
1777575600000,0.26348,0.26401,0.26273,0.2631,125004.0
1777579200000,0.26281,0.2634,0.26231,0.26281,24804.0
1777582800000,0.26297,0.26387,0.2627,0.26283,9150.0
1777586400000,0.26284,0.26358,0.26226,0.26236,73521.0
1777590000000,0.26246,0.26268,0.26156,0.26262,17646.0
1777593600000,0.26279,0.26321,0.26211,0.26256,106265.0
1777597200000,0.26292,0.26574,0.26292,0.26538,41919.0
1777600800000,0.26556,0.26668,0.26475,0.26583,91256.0
1777604400000,0.26594,0.2687,0.26556,0.26684,57282.0
1777608000000,0.2669,0.26839,0.26685,0.26685,14481.0
1777611600000,0.26684,0.26763,0.2661,0.2664,73260.0
1777615200000,0.26657,0.26657,0.26431,0.26506,31237.0
1777618800000,0.2649,0.267,0.26461,0.26631,132727.0
1777622400000,0.26633,0.26786,0.26618,0.26771,83539.0
1777626000000,0.26753,0.26758,0.26512,0.26572,62991.0
1777629600000,0.26587,0.26657,0.26476,0.26569,38639.0
1777633200000,0.26592,0.26622,0.26502,0.2655,51852.0
1777636800000,0.26555,0.26727,0.26533,0.26664,104746.0
1777640400000,0.26671,0.26945,0.2667,0.26898,437962.0
1777644000000,0.26913,0.27029,0.26821,0.27022,558018.0
1777647600000,0.27041,0.27301,0.26946,0.27149,1536467.0
1777651200000,0.27146,0.27396,0.27146,0.27294,967197.0
1777654800000,0.27276,0.27294,0.2691,0.27157,713623.0
1777658400000,0.27157,0.2725,0.27088,0.27089,387843.0
1777662000000,0.27087,0.27196,0.27041,0.27149,345596.0
1777665600000,0.27149,0.27158,0.26777,0.2686,361381.0
1777669200000,0.26863,0.26944,0.26835,0.26852,145446.0
1777672800000,0.26853,0.26993,0.26815,0.26835,211910.0
1777676400000,0.26829,0.26834,0.26722,0.26792,120604.0
1777680000000,0.26788,0.26885,0.26724,0.26793,78825.0
1777683600000,0.26816,0.26941,0.26792,0.26879,81879.0
1777687200000,0.26888,0.26975,0.26793,0.2693,10824.0
1777690800000,0.26946,0.27032,0.26901,0.26965,14685.0
1777694400000,0.26949,0.27018,0.26872,0.26955,127686.0
1777698000000,0.26951,0.26978,0.26771,0.26821,76447.0
1777701600000,0.26829,0.27201,0.26829,0.27201,171860.0
1777705200000,0.272,0.2721,0.26959,0.2699,34639.0
1777708800000,0.2698,0.27218,0.26953,0.2719,75247.0
1777712400000,0.27167,0.27266,0.27117,0.2717,45687.0
1777716000000,0.27189,0.27499,0.27188,0.27482,126366.0
1777719600000,0.27493,0.27804,0.27449,0.27505,188414.0
1777723200000,0.27522,0.27714,0.27444,0.2753,81539.0
1777726800000,0.27562,0.282,0.27517,0.28147,669173.0
1777730400000,0.28131,0.28568,0.27887,0.28528,1159800.0
1777734000000,0.28535,0.29029,0.28339,0.28936,871024.0
1777737600000,0.2895,0.28995,0.28634,0.28892,698701.0
1777741200000,0.28871,0.28889,0.28181,0.28272,1206589.0
1777744800000,0.28265,0.28556,0.28154,0.28487,225206.0
1777748400000,0.28446,0.28919,0.28404,0.28679,1044768.0
1777752000000,0.28701,0.28787,0.28549,0.28586,159775.0
1777755600000,0.28573,0.28584,0.28235,0.28241,1327155.0
1777759200000,0.28281,0.28453,0.28208,0.28365,823333.0
1777762800000,0.28336,0.28367,0.28262,0.28367,204897.0
1777766400000,0.28368,0.284,0.28033,0.2807,317504.0
1777770000000,0.28054,0.28065,0.27835,0.27848,766540.0
1777773600000,0.27848,0.27923,0.27696,0.27884,150842.0
1777777200000,0.27856,0.27916,0.27752,0.2784,496739.0
1777780800000,0.27811,0.27905,0.27783,0.2782,136939.0
1777784400000,0.27814,0.27888,0.27634,0.27732,376718.0
1777788000000,0.27724,0.27775,0.27639,0.27728,83689.0
1777791600000,0.27729,0.27995,0.27729,0.27915,502209.0
1777795200000,0.2794,0.28131,0.2794,0.28012,424966.0
1777798800000,0.28012,0.2805,0.27912,0.27949,224713.0
1777802400000,0.27893,0.27893,0.27555,0.27555,103784.0
1777806000000,0.27561,0.27783,0.27527,0.27714,247431.0
1777809600000,0.27735,0.27906,0.27735,0.27847,390686.0
1777813200000,0.27847,0.27936,0.27787,0.27836,362087.0
1777816800000,0.2787,0.27948,0.27825,0.27863,163904.0
1777820400000,0.27868,0.27944,0.27719,0.27743,381011.0
1777824000000,0.27739,0.2805,0.27702,0.27983,126747.0
1777827600000,0.2797,0.28378,0.27888,0.28377,300915.0
1777831200000,0.28379,0.28592,0.28214,0.2854,341559.0
1777834800000,0.28543,0.29578,0.28511,0.2926,1120827.0
1777838400000,0.29262,0.29416,0.28659,0.28753,2504176.0
1777842000000,0.28764,0.29042,0.28594,0.28658,759206.0
1777845600000,0.28649,0.29006,0.28649,0.2886,235325.0
1777849200000,0.2886,0.29101,0.28721,0.28764,5675591.0
1777852800000,0.28764,0.28774,0.28458,0.28766,403834.0
1777856400000,0.28766,0.29472,0.28595,0.29415,2020914.0
1777860000000,0.2944,0.3029,0.2934,0.30181,1317108.0
1777863600000,0.3018,0.30358,0.2965,0.29952,957494.0
1777867200000,0.29985,0.30133,0.2977,0.29999,430437.0
1777870800000,0.30031,0.31392,0.3,0.31328,1078756.0
1777874400000,0.3135,0.31884,0.30786,0.31168,3338973.0
1777878000000,0.31153,0.31153,0.30507,0.30687,1732075.0
1777881600000,0.3068,0.31716,0.30601,0.31291,1065192.0
1777885200000,0.31284,0.31787,0.3089,0.31196,1429853.0
1777888800000,0.3125,0.31251,0.30097,0.30505,947798.0
1777892400000,0.3051,0.30765,0.30266,0.30408,425432.0
1777896000000,0.30322,0.30567,0.30044,0.3036,995248.0
1777899600000,0.3033,0.31305,0.30089,0.30777,1308513.0
1777903200000,0.30789,0.31499,0.30661,0.31349,951978.0
1777906800000,0.31302,0.31861,0.30799,0.3106,2209097.0
1777910400000,0.31045,0.3138,0.30673,0.30841,470331.0
1777914000000,0.30856,0.3181,0.30795,0.31667,882489.0
1777917600000,0.31671,0.32206,0.31181,0.31828,1876120.0
1777921200000,0.3183,0.3263,0.31604,0.32404,2585040.0
1777924800000,0.32412,0.32412,0.31554,0.31706,1870139.0
1777928400000,0.31687,0.32425,0.31687,0.31892,1661813.0
1777932000000,0.31861,0.32446,0.31739,0.31806,1818766.0
1777935600000,0.31768,0.31796,0.31399,0.314,3762210.0
1777939200000,0.314,0.31675,0.31158,0.3117,1239325.0
1777942800000,0.31143,0.31166,0.30817,0.30935,2119658.0
1777946400000,0.30944,0.316,0.30626,0.31431,6368602.0
1777950000000,0.31479,0.32283,0.31422,0.32283,975118.0
1777953600000,0.32276,0.32942,0.31902,0.31961,1522090.0
1777957200000,0.31947,0.32187,0.31665,0.3185,2666421.0
1777960800000,0.31854,0.31922,0.31586,0.31891,804523.0
1777964400000,0.31891,0.3223,0.3166,0.31924,542707.0
1777968000000,0.31887,0.32665,0.31689,0.32501,852239.0
1777971600000,0.32498,0.32781,0.3203,0.32295,717403.0
1777975200000,0.32326,0.32476,0.31921,0.32267,606293.0
1777978800000,0.323,0.32414,0.31972,0.3222,311744.0
1777982400000,0.32222,0.32431,0.31972,0.3204,215609.0
1777986000000,0.32056,0.3224,0.31759,0.31997,592654.0
1777989600000,0.31954,0.3241,0.31435,0.31833,995508.0
1777993200000,0.31835,0.31931,0.3152,0.31659,366546.0
1777996800000,0.31649,0.32133,0.31509,0.32009,1031184.0
1778000400000,0.32035,0.32056,0.31693,0.31769,354130.0
1778004000000,0.31792,0.31887,0.31596,0.31783,815190.0
1778007600000,0.31776,0.31786,0.3134,0.31437,908774.0
1778011200000,0.31411,0.31704,0.31366,0.31704,948177.0
1778014800000,0.31696,0.32715,0.31665,0.3252,3635055.0
1778018400000,0.3252,0.33005,0.32115,0.323,2756876.0
1778022000000,0.32287,0.32624,0.31954,0.32171,1027779.0
1778025600000,0.32152,0.32304,0.31719,0.32234,862977.0
1778029200000,0.32224,0.32586,0.31999,0.32249,732072.0
1778032800000,0.32264,0.32411,0.31457,0.31954,2902084.0
1778036400000,0.3195,0.32106,0.3183,0.32064,193010.0
1778040000000,0.32049,0.32253,0.31662,0.31703,536364.0
1778043600000,0.31685,0.3183,0.31526,0.31797,1047687.0
1778047200000,0.31787,0.31964,0.31566,0.31642,378898.0
1778050800000,0.31637,0.32357,0.31633,0.32165,1716197.0
1778054400000,0.32153,0.32586,0.32091,0.32453,1220932.0
1778058000000,0.32454,0.32525,0.3214,0.32349,1889131.0
1778061600000,0.32351,0.32498,0.32295,0.32318,734095.0
1778065200000,0.32296,0.32475,0.31915,0.32077,718682.0
1778068800000,0.32069,0.32375,0.31955,0.32004,793570.0
1778072400000,0.31986,0.31986,0.31373,0.31468,2466227.0
1778076000000,0.31427,0.33311,0.30771,0.3304,5378274.0
1778079600000,0.33047,0.33927,0.32599,0.32856,4051900.0
1778083200000,0.3285,0.33317,0.32732,0.33138,910349.0
1778086800000,0.33138,0.33249,0.32423,0.32609,1177506.0
1778090400000,0.32623,0.32796,0.32357,0.32531,496632.0
1778094000000,0.32533,0.32734,0.32295,0.32622,884056.0
1778097600000,0.32609,0.3288,0.32166,0.32565,505424.0
1778101200000,0.32549,0.33033,0.32344,0.32771,1187129.0
1778104800000,0.32792,0.328,0.32258,0.32432,881646.0
1778108400000,0.32424,0.32498,0.3221,0.32378,222426.0
1778112000000,0.3238,0.32394,0.31693,0.31892,1319031.0
1778115600000,0.3183,0.32233,0.31708,0.32093,305320.0
1778119200000,0.32063,0.32134,0.31756,0.31941,237512.0
1778122800000,0.31941,0.32402,0.31928,0.32329,335419.0
1778126400000,0.32345,0.3342,0.32264,0.33338,1091468.0
1778130000000,0.33367,0.33835,0.33136,0.33334,976924.0
1778133600000,0.33322,0.3366,0.32906,0.33647,620864.0
1778137200000,0.33612,0.34847,0.33612,0.34677,1931628.0
1778140800000,0.34678,0.3573,0.34611,0.34793,4885891.0
1778144400000,0.34802,0.34818,0.34081,0.34486,2816832.0
1778148000000,0.3446,0.3461,0.33828,0.34347,1461723.0
1778151600000,0.34379,0.35019,0.34285,0.34931,637403.0
1778155200000,0.34916,0.37307,0.34865,0.372,3826261.0
1778158800000,0.37207,0.37884,0.35831,0.36208,5550696.0
1778162400000,0.36216,0.36763,0.35452,0.36141,2116831.0
1778166000000,0.36175,0.36922,0.35496,0.35621,2810616.0
1778169600000,0.35649,0.36157,0.35238,0.35542,3575571.0
1778173200000,0.35615,0.3605,0.3461,0.34935,1804350.0
1778176800000,0.34948,0.35324,0.34745,0.34802,616499.0
1778180400000,0.34839,0.3534,0.34578,0.35146,355983.0
1778184000000,0.35145,0.35372,0.3467,0.34774,1362463.0
1778187600000,0.34736,0.35306,0.34706,0.3495,404899.0
1778191200000,0.34916,0.35307,0.34701,0.35307,681200.0
1778194800000,0.35272,0.35446,0.34917,0.35293,279658.0
1778198400000,0.35308,0.35468,0.34695,0.35065,748882.0
1778202000000,0.35078,0.35086,0.34667,0.34882,304814.0
1778205600000,0.34892,0.35298,0.34476,0.34948,454465.0
1778209200000,0.3489,0.36126,0.3476,0.3594,1116895.0
1778212800000,0.35924,0.3629,0.35642,0.36053,1210781.0
1778216400000,0.36049,0.37,0.35809,0.36357,1090194.0
1778220000000,0.36315,0.36364,0.35806,0.36051,882506.0
1778223600000,0.36123,0.36759,0.3576,0.36622,1230908.0
1778227200000,0.36613,0.37722,0.36576,0.37339,1953140.0
1778230800000,0.37332,0.38774,0.3726,0.38729,2964859.0
1778234400000,0.38736,0.40389,0.38736,0.39967,3746980.0
1778238000000,0.39972,0.40961,0.39614,0.39757,3649732.0
1778241600000,0.3974,0.40091,0.38883,0.40052,1982498.0
1778245200000,0.40017,0.40564,0.39131,0.40476,3347026.0
1778248800000,0.40543,0.41863,0.40165,0.41611,2280736.0
1778252400000,0.416,0.42738,0.40764,0.42553,2756709.0
1778256000000,0.42538,0.45353,0.41536,0.45235,5506091.0
1778259600000,0.45288,0.45389,0.43909,0.44808,3597607.0
1778263200000,0.44843,0.46574,0.44698,0.45049,4667771.0
1778266800000,0.45036,0.45257,0.42832,0.43425,8919987.0
1778270400000,0.43393,0.44392,0.4304,0.44275,2513301.0
1778274000000,0.44268,0.44985,0.4328,0.44519,3461047.0
1778277600000,0.44518,0.46105,0.44163,0.4486,5658464.0
1778281200000,0.44816,0.45559,0.4446,0.4522,1608004.0
1778284800000,0.4522,0.4872,0.44718,0.47256,5598226.0
1778288400000,0.47126,0.47968,0.45853,0.46151,4791182.0
1778292000000,0.46125,0.46847,0.45287,0.45529,3763953.0
1778295600000,0.45511,0.46087,0.4441,0.45106,2212097.0
1778299200000,0.45077,0.45162,0.44169,0.44289,1709122.0
1778302800000,0.44267,0.455,0.44207,0.44564,912399.0
1778306400000,0.44568,0.44583,0.43551,0.4375,1475245.0
1778310000000,0.43747,0.43951,0.43374,0.43544,605025.0
1778313600000,0.43536,0.43741,0.42476,0.42597,2066665.0
1778317200000,0.42585,0.42706,0.41182,0.41722,4129514.0
1778320800000,0.4172,0.42471,0.4132,0.42144,3717435.0
1778324400000,0.42184,0.42771,0.42123,0.42625,1107365.0
1778328000000,0.42618,0.42888,0.41977,0.42333,1817522.0
1778331600000,0.42349,0.42766,0.42186,0.42503,607658.0
1778335200000,0.42507,0.4261,0.41971,0.42428,738962.0
1778338800000,0.42463,0.4253,0.42003,0.42246,534007.0
1778342400000,0.42215,0.42544,0.42,0.42183,670479.0
1778346000000,0.42183,0.43325,0.42181,0.42707,1277732.0
1778349600000,0.42707,0.43147,0.42512,0.42703,1325628.0
1778353200000,0.42703,0.42746,0.42338,0.42492,446458.0
1778356800000,0.4252,0.42595,0.42162,0.42271,500767.0
1778360400000,0.42218,0.42619,0.42193,0.42492,456001.0
1778364000000,0.42527,0.4253,0.42263,0.4229,1132428.0
1778367600000,0.42277,0.42289,0.41828,0.41905,282374.0
1778371200000,0.41874,0.42447,0.41147,0.41584,1545112.0
1778374800000,0.41654,0.42,0.4095,0.41071,1010936.0
1778378400000,0.41064,0.41594,0.4092,0.41344,576488.0
1778382000000,0.41393,0.41479,0.40978,0.41096,182514.0
1778385600000,0.41075,0.41485,0.40985,0.41455,305082.0
1778389200000,0.41378,0.41423,0.41022,0.41112,518890.0
1778392800000,0.41112,0.41254,0.40206,0.40232,865308.0
1778396400000,0.4023,0.41154,0.4023,0.40602,928534.0
1778400000000,0.40608,0.40981,0.40584,0.40735,767435.0
1778403600000,0.4074,0.40846,0.40494,0.40577,372827.0
1778407200000,0.40566,0.41854,0.40475,0.4182,748100.0
1778410800000,0.41828,0.42172,0.4125,0.41466,951315.0
1778414400000,0.41471,0.41824,0.40992,0.41161,299145.0
1778418000000,0.41156,0.41554,0.41099,0.41321,597044.0
1778421600000,0.41349,0.41578,0.40913,0.41295,774274.0
1778425200000,0.41322,0.417,0.41026,0.417,882664.0
1778428800000,0.417,0.42339,0.417,0.42175,1418957.0
1778432400000,0.42109,0.42277,0.41718,0.41904,1002765.0
1778436000000,0.41874,0.41994,0.41282,0.41502,598497.0
1778439600000,0.4144,0.42058,0.41303,0.4185,1465586.0
1778443200000,0.41861,0.42187,0.40468,0.40992,1842152.0
1778446800000,0.40992,0.41298,0.40659,0.41009,648204.0
1778450400000,0.40992,0.42997,0.40945,0.42729,2808806.0
1778454000000,0.42705,0.42878,0.42229,0.4238,1158453.0
1778457600000,0.42401,0.44136,0.42008,0.43522,2552897.0
1778461200000,0.4344,0.4475,0.43206,0.43657,2888061.0
1778464800000,0.43665,0.43792,0.42448,0.4319,1160231.0
1778468400000,0.43304,0.43833,0.4245,0.43749,1099352.0
1778472000000,0.43771,0.45721,0.43087,0.45446,2683346.0
1778475600000,0.4546,0.46114,0.44118,0.44171,4306924.0
1778479200000,0.44159,0.44346,0.43767,0.43767,930453.0
1778482800000,0.43754,0.43754,0.42673,0.42891,2559124.0
1778486400000,0.42915,0.4307,0.42342,0.42723,1066610.0
1778490000000,0.42731,0.42951,0.42201,0.42261,2083010.0
1778493600000,0.42259,0.42614,0.42018,0.4215,896116.0
1778497200000,0.42184,0.42636,0.41897,0.4208,1017836.0
1778500800000,0.42082,0.42578,0.41525,0.42389,1172007.0
1778504400000,0.42348,0.42741,0.41859,0.42298,841711.0
1778508000000,0.42307,0.43124,0.42163,0.42569,2400093.0
1778511600000,0.42578,0.44095,0.42576,0.43377,1532902.0
1778515200000,0.43424,0.43463,0.42415,0.42613,1918283.0
1778518800000,0.42621,0.42793,0.42228,0.4255,917437.0
1778522400000,0.42537,0.42937,0.42406,0.42771,771930.0
1778526000000,0.42704,0.43518,0.42662,0.43257,787837.0
1778529600000,0.43251,0.43952,0.4284,0.42853,918271.0
1778533200000,0.42804,0.43334,0.4264,0.43273,815358.0
1778536800000,0.43185,0.43659,0.429,0.43069,1562394.0
1778540400000,0.43062,0.43482,0.42744,0.4293,979863.0
1778544000000,0.42888,0.44069,0.42785,0.43947,1569625.0
1778547600000,0.43949,0.44031,0.42552,0.43423,3165616.0
1778551200000,0.43393,0.44846,0.43392,0.4362,5872910.0
1778554800000,0.43604,0.4376,0.42767,0.42816,1568970.0
1778558400000,0.42767,0.43531,0.42675,0.43245,1522414.0
1778562000000,0.43224,0.43734,0.43005,0.4314,158928.0
1778565600000,0.43111,0.4341,0.42685,0.42805,679525.0
1778569200000,0.42781,0.42794,0.42025,0.42035,860660.0
1778572800000,0.42031,0.42118,0.41417,0.42077,4295792.0
1778576400000,0.42068,0.42255,0.4174,0.41979,497530.0
1778580000000,0.41987,0.42061,0.41133,0.41249,872679.0
1778583600000,0.413,0.41302,0.40501,0.40945,4183605.0
1778587200000,0.40979,0.4136,0.40381,0.40966,3362611.0
1778590800000,0.4108,0.41191,0.40292,0.40336,4581339.0
1778594400000,0.40367,0.40534,0.39299,0.39602,5416572.0
1778598000000,0.39612,0.39755,0.3893,0.3893,1448844.0
1778601600000,0.3893,0.39271,0.38717,0.3899,1227605.0
1778605200000,0.39048,0.39617,0.39048,0.39331,1125958.0
1778608800000,0.3939,0.39914,0.39362,0.39558,408387.0
1778612400000,0.39582,0.39873,0.39505,0.39509,848080.0
1778616000000,0.39504,0.39525,0.38983,0.39245,887927.0
1778619600000,0.39247,0.39324,0.39081,0.39237,114694.0
1778623200000,0.39238,0.39476,0.39092,0.39141,337582.0
1778626800000,0.39139,0.39139,0.38804,0.38835,445899.0
1778630400000,0.38819,0.39841,0.38787,0.39726,780736.0
1778634000000,0.39764,0.40819,0.39764,0.40745,2149736.0
1778637600000,0.40748,0.409,0.40252,0.40304,739287.0
1778641200000,0.40269,0.40919,0.40133,0.40796,1295148.0
1778644800000,0.4076,0.40953,0.40343,0.40454,89222.0
1778648400000,0.40435,0.40553,0.40193,0.40273,596975.0
1778652000000,0.4026,0.40392,0.39607,0.39629,409757.0
1778655600000,0.39641,0.39987,0.39623,0.39849,188548.0
1778659200000,0.3987,0.40227,0.39717,0.40072,421621.0
1778662800000,0.40061,0.40931,0.39855,0.40622,380247.0
1778666400000,0.40609,0.4075,0.40065,0.40068,877430.0
1778670000000,0.40053,0.40053,0.39299,0.39425,1163407.0
1778673600000,0.39391,0.39392,0.38344,0.39113,5142435.0
1778677200000,0.39111,0.39278,0.3829,0.3862,1681330.0
1778680800000,0.38601,0.39023,0.38352,0.3882,2242040.0
1778684400000,0.38799,0.39095,0.37765,0.37948,3276055.0
1778688000000,0.37917,0.38644,0.37917,0.38512,1131872.0
1778691600000,0.38501,0.38743,0.3836,0.38384,535400.0
1778695200000,0.38389,0.3868,0.38216,0.38392,621975.0
1778698800000,0.3838,0.38407,0.3801,0.38107,586031.0
1778702400000,0.38107,0.38384,0.38044,0.38208,530852.0
1778706000000,0.38207,0.38338,0.38027,0.38234,287562.0
1778709600000,0.38234,0.38554,0.38178,0.38354,327347.0
1778713200000,0.38357,0.38598,0.38266,0.38543,135954.0
1778716800000,0.38516,0.38589,0.38148,0.382,217516.0
1778720400000,0.38179,0.38463,0.38063,0.38217,100098.0
1778724000000,0.38223,0.38501,0.38004,0.38016,134817.0
1778727600000,0.3802,0.38135,0.37379,0.37432,2744575.0
1778731200000,0.37443,0.37798,0.37349,0.37792,1108918.0
1778734800000,0.37782,0.38506,0.37732,0.38444,818919.0
1778738400000,0.38519,0.38908,0.38417,0.38598,1296084.0
1778742000000,0.38593,0.3898,0.38222,0.3848,952208.0
1778745600000,0.38489,0.386,0.38253,0.38344,470558.0
1778749200000,0.3839,0.38521,0.3804,0.38239,258536.0
1778752800000,0.38249,0.3855,0.38215,0.38488,103024.0
1778756400000,0.38482,0.38482,0.37977,0.38013,400405.0
1778760000000,0.38042,0.39086,0.38042,0.38839,1037476.0
1778763600000,0.38859,0.39532,0.38523,0.39392,1998922.0
1778767200000,0.39419,0.41518,0.39164,0.41175,2653811.0
1778770800000,0.4124,0.41264,0.40094,0.40308,3752157.0
1778774400000,0.40329,0.40405,0.39438,0.40245,2558817.0
1778778000000,0.40265,0.40505,0.39706,0.39941,1287454.0
1778781600000,0.39953,0.4028,0.39628,0.39792,1499710.0
1778785200000,0.39773,0.39909,0.3928,0.39403,904180.0
1778788800000,0.39409,0.39413,0.38892,0.39027,693023.0
1778792400000,0.39027,0.39387,0.38796,0.39355,590077.0
1778796000000,0.39379,0.3953,0.38995,0.38995,425341.0
1778799600000,0.38989,0.39086,0.38627,0.38797,413686.0
1778803200000,0.38814,0.39313,0.38782,0.39174,1785081.0
1778806800000,0.39126,0.39464,0.38983,0.39025,169073.0
1778810400000,0.3901,0.3945,0.38828,0.393,587826.0
1778814000000,0.39286,0.39466,0.38742,0.38901,211668.0
1778817600000,0.38902,0.3899,0.38353,0.38357,1344157.0
1778821200000,0.38364,0.38534,0.37594,0.37859,2810169.0
1778824800000,0.37863,0.38131,0.37798,0.38081,476206.0
1778828400000,0.3806,0.38243,0.37958,0.38123,365345.0
1778832000000,0.38103,0.3814,0.37624,0.37807,1143996.0
1778835600000,0.37841,0.37968,0.37603,0.37731,592897.0
1778839200000,0.37729,0.38281,0.37698,0.38225,397425.0
1778842800000,0.38246,0.3829,0.37974,0.3812,335740.0
1778846400000,0.3812,0.38249,0.37646,0.37646,620674.0
1778850000000,0.37633,0.37769,0.36285,0.36495,4605604.0
1778853600000,0.36482,0.36917,0.36303,0.36754,3160675.0
1778857200000,0.36818,0.3691,0.35986,0.36144,2879933.0
1778860800000,0.36145,0.36642,0.35938,0.36488,566386.0
1778864400000,0.36519,0.37085,0.36519,0.37036,693738.0
1778868000000,0.37027,0.37172,0.36784,0.36967,218099.0
1778871600000,0.36969,0.36985,0.36686,0.36754,115074.0
1778875200000,0.36754,0.36754,0.36391,0.36435,344176.0
1778878800000,0.36435,0.36576,0.36305,0.36315,111638.0
1778882400000,0.3633,0.36451,0.36288,0.36315,170154.0
1778886000000,0.36338,0.36409,0.36185,0.36332,390358.0
1778889600000,0.36323,0.36473,0.3621,0.3621,119870.0
1778893200000,0.36255,0.36255,0.3585,0.3607,1278524.0
1778896800000,0.3609,0.36163,0.36018,0.36098,379363.0
1778900400000,0.36134,0.3618,0.35941,0.35989,110368.0
1778904000000,0.35977,0.35995,0.35451,0.35648,1298619.0
1778907600000,0.35648,0.35713,0.35435,0.35435,365417.0
1778911200000,0.35521,0.356,0.34936,0.35128,1503087.0
1778914800000,0.35116,0.35116,0.34565,0.34664,925361.0
1778918400000,0.34665,0.34889,0.34665,0.34785,410697.0
1778922000000,0.3478,0.34869,0.34192,0.34457,1360926.0
1778925600000,0.34481,0.34522,0.34061,0.34244,551309.0
1778929200000,0.34273,0.34626,0.34273,0.34485,180171.0
1778932800000,0.34479,0.34544,0.34278,0.34318,221024.0
1778936400000,0.3433,0.34468,0.34265,0.34432,291415.0
1778940000000,0.34473,0.34763,0.34345,0.34594,881688.0
1778943600000,0.34593,0.34822,0.34593,0.34693,607801.0
1778947200000,0.34686,0.34944,0.34686,0.34746,859311.0
1778950800000,0.3479,0.34887,0.34669,0.34684,616030.0
1778954400000,0.3466,0.34784,0.34571,0.34701,857295.0
1778958000000,0.34715,0.34818,0.3467,0.34715,478061.0
1778961600000,0.34721,0.34775,0.34617,0.34667,305823.0
1778965200000,0.34679,0.3477,0.34594,0.34633,134179.0
1778968800000,0.34625,0.34628,0.344,0.34446,233810.0
1778972400000,0.34455,0.34542,0.3434,0.34427,43954.0
1778976000000,0.34431,0.34575,0.34221,0.34292,94889.0
1778979600000,0.34311,0.34335,0.33851,0.33963,999280.0
1778983200000,0.3399,0.34185,0.33978,0.3407,121748.0
1778986800000,0.34063,0.34299,0.34063,0.34276,86212.0
1778990400000,0.34273,0.34858,0.34262,0.34812,599592.0
1778994000000,0.34818,0.35546,0.34805,0.35362,1057211.0
1778997600000,0.35363,0.35754,0.35239,0.35713,716390.0
1779001200000,0.35734,0.36033,0.3565,0.35764,899578.0
1779004800000,0.3579,0.35818,0.35417,0.35518,1542790.0
1779008400000,0.35501,0.36033,0.35426,0.36028,789349.0
1779012000000,0.36035,0.36337,0.35592,0.35658,707477.0
1779015600000,0.35685,0.3569,0.35418,0.35597,563112.0
1779019200000,0.35597,0.3586,0.35562,0.35639,418601.0
1779022800000,0.35615,0.35621,0.35137,0.35298,378882.0
1779026400000,0.35321,0.35323,0.34984,0.35172,828251.0
1779030000000,0.35146,0.35279,0.35027,0.35189,125224.0
1779033600000,0.35222,0.35307,0.34857,0.34936,172848.0
1779037200000,0.34945,0.35001,0.34682,0.34872,235267.0
1779040800000,0.34857,0.35146,0.3478,0.35146,195927.0
1779044400000,0.35154,0.3563,0.35154,0.35531,265568.0
1779048000000,0.3551,0.35557,0.35199,0.35252,493948.0
1779051600000,0.35244,0.3564,0.35156,0.35627,514109.0
1779055200000,0.35607,0.35625,0.34932,0.35056,462834.0
1779058800000,0.35054,0.35054,0.33346,0.34589,1347266.0
1779062400000,0.34574,0.34575,0.34049,0.34413,450822.0
1779066000000,0.34395,0.34463,0.33924,0.34204,590037.0
1779069600000,0.34179,0.34359,0.3405,0.34127,171018.0
1779073200000,0.34133,0.34315,0.33969,0.33996,182103.0
1779076800000,0.3401,0.34344,0.33974,0.34344,235770.0
1779080400000,0.34283,0.34364,0.33849,0.33871,720597.0
1779084000000,0.33896,0.3403,0.33695,0.33826,414102.0
1779087600000,0.33846,0.34021,0.33671,0.33917,442248.0
1779091200000,0.33948,0.34145,0.33857,0.33953,107115.0
1779094800000,0.33954,0.33954,0.33606,0.33606,167366.0
1779098400000,0.3364,0.3364,0.33359,0.33468,587183.0
1779102000000,0.33465,0.3421,0.33333,0.34066,239136.0
1779105600000,0.34091,0.3501,0.34066,0.34853,1534498.0
1779109200000,0.34805,0.34828,0.34106,0.34682,1618840.0
1779112800000,0.3461,0.34719,0.33938,0.34168,767673.0
1779116400000,0.34173,0.34278,0.33797,0.34146,828358.0
1779120000000,0.34125,0.34245,0.33956,0.34033,529547.0
1779123600000,0.34053,0.34728,0.33959,0.34657,366998.0
1779127200000,0.34667,0.34686,0.33811,0.33855,724135.0
1779130800000,0.3388,0.34945,0.3388,0.34794,600192.0
1779134400000,0.34816,0.355,0.34816,0.35148,701205.0
1779138000000,0.35148,0.38295,0.35052,0.38257,11448991.0
1779141600000,0.38279,0.38313,0.3729,0.37724,4595436.0
1779145200000,0.37744,0.38766,0.37744,0.38688,1709668.0
1779148800000,0.38612,0.39333,0.38065,0.38938,2653529.0
1779152400000,0.38955,0.38961,0.37832,0.38145,2178080.0
1779156000000,0.38145,0.39665,0.37755,0.39068,6127312.0
1779159600000,0.39077,0.39765,0.38721,0.39534,2088356.0
1779163200000,0.39537,0.39565,0.38021,0.38852,1858740.0
1779166800000,0.38858,0.39945,0.38592,0.39583,1996599.0
1779170400000,0.39558,0.39639,0.38869,0.38954,1358660.0
1779174000000,0.38937,0.39166,0.3852,0.38733,638542.0
1779177600000,0.38733,0.38734,0.38029,0.38326,1417066.0
1779181200000,0.3834,0.38486,0.377,0.37918,1045114.0
1779184800000,0.37911,0.38125,0.37342,0.37475,1439167.0
1779188400000,0.37487,0.37637,0.36595,0.36739,6794992.0
1779192000000,0.36756,0.36825,0.36156,0.36667,5204219.0
1779195600000,0.36678,0.37204,0.364,0.37084,1446543.0
1779199200000,0.3709,0.37146,0.3593,0.35988,4630186.0
1779202800000,0.35975,0.36527,0.35882,0.36527,2396443.0
1779206400000,0.3653,0.378,0.36452,0.37716,3870121.0
1779210000000,0.37702,0.37948,0.3691,0.37036,4600725.0
1779213600000,0.37024,0.37311,0.36733,0.3678,1295922.0
1779217200000,0.36799,0.3694,0.36356,0.36424,1250891.0
1779220800000,0.36425,0.36661,0.36334,0.36425,1117587.0
1779224400000,0.3643,0.36767,0.3617,0.36464,882562.0
1779228000000,0.36465,0.3655,0.36176,0.36361,644810.0
1779231600000,0.36319,0.3701,0.36315,0.36877,811623.0
1779235200000,0.36891,0.37076,0.36281,0.36864,3063245.0
1779238800000,0.3691,0.37062,0.36299,0.37003,1190182.0
1779242400000,0.36964,0.37849,0.36792,0.37137,915948.0
1779246000000,0.37167,0.37642,0.37013,0.37116,302443.0
1779249600000,0.37149,0.3781,0.37123,0.37636,675508.0
1779253200000,0.37698,0.38793,0.37561,0.38279,1788455.0
1779256800000,0.38274,0.38744,0.37751,0.38119,507943.0
1779260400000,0.38128,0.38143,0.3752,0.37658,280522.0
1779264000000,0.37687,0.38436,0.37448,0.37809,1445737.0
1779267600000,0.37808,0.37865,0.37234,0.37294,1027469.0
1779271200000,0.37315,0.38117,0.37306,0.38036,940426.0
1779274800000,0.38012,0.38675,0.38006,0.38621,722180.0
1779278400000,0.38655,0.39391,0.38525,0.38671,3143751.0
1779282000000,0.38691,0.38776,0.3802,0.3818,1893480.0
1779285600000,0.38179,0.39865,0.37868,0.39535,2097719.0
1779289200000,0.39548,0.40685,0.39156,0.40311,5410724.0
1779292800000,0.40311,0.40839,0.39492,0.39582,4089252.0
1779296400000,0.39581,0.40053,0.39492,0.39668,3012348.0
1779300000000,0.39628,0.40448,0.39541,0.39541,1577989.0
1779303600000,0.39522,0.4015,0.39332,0.39948,2294104.0
1779307200000,0.39927,0.40198,0.39371,0.40147,1681755.0
1779310800000,0.40115,0.40663,0.3998,0.3998,849767.0
1779314400000,0.39977,0.40473,0.39695,0.40034,2067560.0
1779318000000,0.40027,0.40416,0.39916,0.40164,741576.0
1779321600000,0.40191,0.40222,0.39754,0.39754,1457168.0
1779325200000,0.39799,0.41266,0.39621,0.41261,1958092.0
1779328800000,0.41288,0.4131,0.40091,0.4041,1549054.0
1779332400000,0.40424,0.41379,0.40367,0.40787,1530512.0
1779336000000,0.40779,0.41092,0.40221,0.40238,844701.0
1779339600000,0.40294,0.40416,0.39847,0.40205,1155133.0
1779343200000,0.40214,0.40816,0.39815,0.39942,1480591.0
1779346800000,0.39919,0.41013,0.39821,0.40609,346612.0
1779350400000,0.40613,0.41297,0.40129,0.40774,596688.0
1779354000000,0.40739,0.41815,0.40214,0.40464,2578130.0
1779357600000,0.40464,0.4054,0.39643,0.39764,1066736.0
1779361200000,0.3981,0.40773,0.39618,0.40655,517754.0
1779364800000,0.4064,0.40981,0.39844,0.40231,821520.0
1779368400000,0.40193,0.40616,0.39912,0.40356,1003366.0
1779372000000,0.4033,0.40565,0.39629,0.40023,1193429.0
1779375600000,0.40039,0.41729,0.39888,0.41001,3308087.0
1779379200000,0.40942,0.41623,0.40659,0.41623,961891.0
1779382800000,0.41639,0.42845,0.41521,0.42512,4102584.0
1779386400000,0.42495,0.42635,0.4116,0.416,3156069.0
1779390000000,0.41606,0.42092,0.41313,0.41808,997045.0
1779393600000,0.41813,0.42774,0.41813,0.42249,1317354.0
1779397200000,0.42285,0.42407,0.41639,0.42407,3435533.0
1779400800000,0.42394,0.42723,0.41836,0.4191,1247603.0
1779404400000,0.41854,0.42019,0.41329,0.41487,783505.0
1779408000000,0.41471,0.41701,0.40901,0.41044,737543.0
1779411600000,0.41014,0.41914,0.40914,0.41759,706380.0
1779415200000,0.41782,0.42144,0.41233,0.41401,439821.0
1779418800000,0.41432,0.41532,0.40997,0.41219,329543.0
1779422400000,0.41238,0.4158,0.41148,0.41328,1018957.0
1779426000000,0.4132,0.41339,0.40764,0.40968,582909.0
1779429600000,0.40933,0.41072,0.40666,0.40902,445494.0
1779433200000,0.40868,0.41168,0.40508,0.41015,418051.0
1779436800000,0.40982,0.4329,0.40892,0.42812,3013343.0
1779440400000,0.42762,0.44043,0.42307,0.42763,7547177.0
1779444000000,0.42676,0.43292,0.424,0.42553,4980389.0
1779447600000,0.4254,0.43082,0.4213,0.42806,1365358.0
1779451200000,0.42837,0.45304,0.4269,0.45302,4472772.0
1779454800000,0.45274,0.47613,0.45225,0.45929,26195493.0
1779458400000,0.459,0.46505,0.44628,0.45867,7553471.0
1779462000000,0.45884,0.46024,0.4416,0.44418,5443313.0
1779465600000,0.4441,0.44866,0.439,0.4457,2394144.0
1779469200000,0.44592,0.44922,0.43577,0.43681,3126514.0
1779472800000,0.43708,0.43717,0.39668,0.3996,28100567.0
1779476400000,0.39959,0.402,0.39025,0.39147,7508387.0
1779480000000,0.39154,0.39807,0.39102,0.3947,2035573.0
1779483600000,0.39456,0.39605,0.38626,0.38896,2619737.0
1779487200000,0.38863,0.39004,0.38155,0.38387,2366713.0
1779490800000,0.38412,0.38851,0.38,0.38355,2032457.0
1779494400000,0.38365,0.38616,0.38,0.38016,1354183.0
1779498000000,0.38033,0.38462,0.37581,0.38385,3927490.0
1779501600000,0.3838,0.38535,0.38046,0.38383,3301235.0
1779505200000,0.38354,0.38481,0.38145,0.38253,1917010.0
1779508800000,0.38247,0.38559,0.37784,0.37969,2291927.0
1779512400000,0.37982,0.38629,0.37925,0.38442,897805.0
1779516000000,0.38441,0.38638,0.38113,0.38291,2267060.0
1779519600000,0.38291,0.38355,0.37317,0.37931,2884100.0
1779523200000,0.37946,0.38921,0.37731,0.38892,1781976.0
1779526800000,0.38901,0.39425,0.38563,0.39413,2984171.0
1779530400000,0.39426,0.40323,0.39278,0.40045,3995092.0
1779534000000,0.40065,0.40321,0.39146,0.39256,1760132.0
1779537600000,0.3928,0.40291,0.39042,0.40151,2367924.0
1779541200000,0.40166,0.40737,0.39772,0.40142,2200234.0
1779544800000,0.40203,0.41856,0.40033,0.41566,4218854.0
1779548400000,0.41604,0.4219,0.41352,0.41672,6296521.0
1779552000000,0.41672,0.41804,0.41133,0.41362,2166775.0
1779555600000,0.41405,0.41629,0.40975,0.41197,1374721.0
1779559200000,0.4124,0.42109,0.41106,0.41735,5999668.0
1779562800000,0.41761,0.42714,0.41568,0.42635,2820003.0
1779566400000,0.42622,0.42721,0.41785,0.42371,1633593.0
1779570000000,0.4239,0.42764,0.41911,0.42029,2583564.0
1779573600000,0.4206,0.4264,0.41466,0.41953,4192358.0
1779577200000,0.41938,0.4275,0.41778,0.42617,2111709.0
1779580800000,0.42631,0.4275,0.4185,0.42613,1091840.0
1779584400000,0.42621,0.43693,0.42589,0.42703,4128120.0
1779588000000,0.42676,0.42855,0.41943,0.42787,775944.0
1779591600000,0.42814,0.43135,0.42006,0.42252,602499.0
1779595200000,0.42275,0.43017,0.41957,0.42825,657557.0
1779598800000,0.42849,0.42974,0.42194,0.42819,795048.0
1779602400000,0.42778,0.44265,0.42565,0.44008,1364718.0
1779606000000,0.43918,0.44135,0.43056,0.43233,872260.0
1779609600000,0.43218,0.44532,0.43208,0.43825,1523407.0
1779613200000,0.43836,0.44201,0.43521,0.44056,1210028.0
1779616800000,0.44074,0.44303,0.43518,0.44069,1764590.0
1779620400000,0.44047,0.44441,0.43829,0.44274,666940.0
1779624000000,0.44289,0.44861,0.43252,0.44795,2384579.0
1779627600000,0.44825,0.4511,0.43571,0.44157,3433333.0
1779631200000,0.44182,0.44568,0.42825,0.43699,3219466.0
1779634800000,0.43743,0.44507,0.43272,0.4432,4430193.0
1779638400000,0.44298,0.44703,0.43914,0.44621,1488724.0
1779642000000,0.44621,0.45245,0.44563,0.44826,1581700.0
1779645600000,0.44903,0.45161,0.44005,0.44014,1041255.0
1779649200000,0.44041,0.44297,0.43647,0.43772,1871085.0
1779652800000,0.43783,0.44194,0.43464,0.43707,1705090.0
1779656400000,0.43742,0.44001,0.42165,0.42724,2564324.0
1779660000000,0.42732,0.4371,0.42728,0.43408,1764608.0
1779663600000,0.43401,0.44128,0.43307,0.43938,1291485.0
1779667200000,0.43938,0.44848,0.43644,0.44334,1125479.0
1779670800000,0.44418,0.44835,0.4381,0.43988,545641.0
1779674400000,0.44008,0.44835,0.43988,0.44225,785390.0
1779678000000,0.44202,0.4425,0.43581,0.43828,1235916.0
1779681600000,0.43816,0.4421,0.43432,0.4421,1164515.0
1779685200000,0.4421,0.44436,0.43988,0.44179,612782.0
1779688800000,0.44187,0.44322,0.43594,0.43834,282887.0
1779692400000,0.43848,0.44565,0.43657,0.44338,1791571.0
1779696000000,0.44338,0.44417,0.43784,0.438,732543.0
1779699600000,0.43796,0.43934,0.43136,0.43171,523090.0
1779703200000,0.43179,0.43525,0.42812,0.43285,1001942.0
1779706800000,0.43278,0.43291,0.42873,0.4311,600662.0
1779710400000,0.43102,0.43382,0.42838,0.43364,530456.0
1779714000000,0.43331,0.44238,0.43331,0.4417,1481014.0
1779717600000,0.4417,0.44371,0.438,0.43971,604765.0
1779721200000,0.43988,0.44152,0.43391,0.43592,1345620.0
1779724800000,0.43592,0.43652,0.4308,0.43376,1750250.0
1779728400000,0.43376,0.44203,0.43373,0.43834,1226715.0
1779732000000,0.43857,0.44188,0.43447,0.43482,1252150.0
1779735600000,0.43482,0.43771,0.43265,0.43552,517845.0
1779739200000,0.43534,0.4433,0.43494,0.4367,709986.0
1779742800000,0.43678,0.44135,0.43627,0.44056,281754.0
1779746400000,0.4404,0.44216,0.43484,0.43674,1137018.0
1779750000000,0.43644,0.44155,0.424,0.42716,3561590.0
1779753600000,0.42746,0.42953,0.40851,0.41599,7613438.0
1779757200000,0.41605,0.41873,0.40874,0.40999,2886482.0
1779760800000,0.40974,0.41588,0.40873,0.41352,1873607.0
1779764400000,0.41355,0.41814,0.40923,0.41337,3326662.0
1779768000000,0.4135,0.4236,0.4135,0.42299,902890.0
1779771600000,0.42289,0.425,0.41839,0.42268,796333.0
1779775200000,0.42271,0.42473,0.4191,0.4191,777388.0
1779778800000,0.41938,0.42225,0.41624,0.4206,631553.0
1779782400000,0.42061,0.42291,0.41684,0.41946,679394.0
1779786000000,0.41913,0.43229,0.41795,0.42903,1518941.0
1779789600000,0.42905,0.43199,0.42463,0.42777,1001459.0
1779793200000,0.42762,0.42805,0.42029,0.42029,700557.0
1779796800000,0.42029,0.42197,0.41721,0.42048,1002901.0
1779800400000,0.42064,0.42302,0.41511,0.41764,1273931.0
1779804000000,0.41805,0.42126,0.41046,0.41294,1650246.0
1779807600000,0.41289,0.4206,0.41275,0.41754,1099410.0
1779811200000,0.41753,0.42924,0.41688,0.4202,2522307.0
1779814800000,0.42078,0.42148,0.40428,0.41282,1732115.0
1779818400000,0.412,0.41525,0.40822,0.40882,521613.0
1779822000000,0.40897,0.40947,0.40537,0.40739,518141.0
1779825600000,0.40817,0.4128,0.40755,0.4128,347498.0
1779829200000,0.4129,0.41309,0.40462,0.4059,893724.0
1779832800000,0.40588,0.4088,0.40466,0.40757,394124.0
1779836400000,0.40773,0.40961,0.40514,0.40514,468483.0
1779840000000,0.40504,0.41,0.40207,0.40919,574125.0
1779843600000,0.40888,0.41178,0.40725,0.40885,490993.0
1779847200000,0.40879,0.40986,0.40295,0.40934,369052.0
1779850800000,0.40944,0.41254,0.40653,0.40746,358930.0
1779854400000,0.40739,0.41056,0.40377,0.40993,519318.0
1779858000000,0.40991,0.41343,0.40793,0.41274,246699.0
1779861600000,0.4128,0.41474,0.40902,0.40961,593047.0
1779865200000,0.41029,0.41114,0.40532,0.40705,574752.0
1779868800000,0.40667,0.40861,0.40297,0.40381,474910.0
1779872400000,0.40407,0.40417,0.39748,0.39866,2203934.0
1779876000000,0.39839,0.40141,0.395,0.40141,881925.0
1779879600000,0.40057,0.40182,0.39567,0.39662,254379.0
1779883200000,0.39642,0.40764,0.39536,0.40285,730451.0
1779886800000,0.40346,0.40385,0.39662,0.39998,1175097.0
1779890400000,0.40026,0.40225,0.39278,0.39725,1177300.0
1779894000000,0.39709,0.40331,0.39587,0.40228,219738.0
1779897600000,0.40217,0.40362,0.39581,0.39861,413887.0
1779901200000,0.39881,0.3998,0.39314,0.39408,687244.0
1779904800000,0.39361,0.39818,0.3922,0.39778,631740.0
1779908400000,0.39787,0.39912,0.39604,0.39674,226812.0
1779912000000,0.39662,0.40064,0.39635,0.40016,542124.0
1779915600000,0.40017,0.40077,0.38956,0.3932,844422.0
1779919200000,0.39315,0.39467,0.38678,0.38679,837945.0
1779922800000,0.38679,0.38864,0.38295,0.38295,1035822.0
1779926400000,0.38342,0.38578,0.38028,0.38291,1029808.0
1779930000000,0.38304,0.38304,0.37484,0.37708,1775113.0
1779933600000,0.37761,0.37783,0.37264,0.3741,1834898.0
1779937200000,0.37378,0.37401,0.36041,0.36067,2150802.0
1779940800000,0.36043,0.36473,0.35136,0.3573,1848511.0
1779944400000,0.35725,0.36019,0.35391,0.35886,537070.0
1779948000000,0.35871,0.36034,0.35547,0.35791,885075.0
1779951600000,0.35805,0.36257,0.3571,0.36199,684710.0
1779955200000,0.36199,0.36317,0.35936,0.36015,670291.0
1779958800000,0.35963,0.36539,0.35897,0.36511,541880.0
1779962400000,0.36488,0.36488,0.35489,0.35604,797929.0
1779966000000,0.35599,0.35967,0.35544,0.35914,560943.0
1779969600000,0.35915,0.3593,0.35419,0.35785,527620.0
1779973200000,0.35806,0.35903,0.35465,0.35719,1194387.0
1779976800000,0.35734,0.36456,0.35327,0.36455,1701122.0
1779980400000,0.36452,0.36452,0.35885,0.36102,444027.0
1779984000000,0.36114,0.37116,0.35944,0.37034,1108336.0
1779987600000,0.37045,0.37332,0.36844,0.36968,1488339.0
1779991200000,0.36944,0.37521,0.36944,0.3742,2045717.0
1779994800000,0.3742,0.37423,0.36936,0.36936,260054.0
1779998400000,0.36953,0.37521,0.3674,0.3725,510956.0
1780002000000,0.37256,0.37314,0.37033,0.37033,367372.0
1780005600000,0.37035,0.37119,0.36586,0.36691,580226.0
1780009200000,0.3675,0.3692,0.36651,0.3692,158020.0
1780012800000,0.36913,0.37305,0.36798,0.37074,296477.0
1780016400000,0.37081,0.37228,0.36906,0.37113,509725.0
1780020000000,0.37147,0.37245,0.36648,0.36843,394675.0
1780023600000,0.36843,0.37113,0.36374,0.3643,593236.0
1780027200000,0.3643,0.36653,0.36169,0.36627,270523.0
1780030800000,0.36627,0.3686,0.36566,0.36697,398883.0
1780034400000,0.36679,0.37156,0.36627,0.37089,196417.0
1780038000000,0.37087,0.37391,0.36583,0.36904,368811.0
1780041600000,0.36855,0.37457,0.36855,0.37173,486893.0
1780045200000,0.37209,0.3737,0.36867,0.36972,270484.0
1780048800000,0.36959,0.36959,0.36635,0.36676,269152.0
1780052400000,0.36648,0.36785,0.36271,0.36524,363059.0
1780056000000,0.36531,0.36531,0.35882,0.35977,1102720.0
1780059600000,0.35977,0.3612,0.35541,0.35995,807456.0
1780063200000,0.36061,0.36441,0.35713,0.36164,646902.0
1780066800000,0.36191,0.3727,0.36086,0.36966,1246181.0
1780070400000,0.36928,0.3707,0.36392,0.36972,431316.0
1780074000000,0.37,0.37053,0.36648,0.36723,1106563.0
1780077600000,0.36684,0.36885,0.36262,0.36336,589872.0
1780081200000,0.36336,0.36474,0.35968,0.36183,571011.0
1780084800000,0.36202,0.36359,0.36065,0.36175,137124.0
1780088400000,0.3618,0.36419,0.35679,0.35734,407305.0
1780092000000,0.35726,0.36057,0.35683,0.35743,316545.0
1780095600000,0.35732,0.35732,0.35288,0.35464,519452.0
1780099200000,0.35462,0.3554,0.34591,0.34643,1301326.0
1780102800000,0.34631,0.35329,0.3453,0.35226,272755.0
1780106400000,0.352,0.35453,0.352,0.35453,336362.0
1780110000000,0.35431,0.35527,0.34772,0.34883,213760.0
1780113600000,0.34913,0.35,0.3447,0.34802,211399.0
1780117200000,0.34793,0.3509,0.34793,0.35023,198749.0
1780120800000,0.35014,0.3529,0.34861,0.35075,322238.0
1780124400000,0.35069,0.35069,0.34541,0.34612,517628.0
1780128000000,0.34602,0.34703,0.34521,0.34571,252626.0
1780131600000,0.34562,0.34692,0.3452,0.34568,739547.0
1780135200000,0.34559,0.34772,0.34365,0.3465,764839.0
1780138800000,0.3465,0.3484,0.34412,0.34795,1150466.0
1780142400000,0.34794,0.34817,0.34606,0.34716,233456.0
1780146000000,0.34713,0.34713,0.34117,0.34475,554588.0
1780149600000,0.3446,0.34651,0.34377,0.34605,1192578.0
1780153200000,0.34629,0.34698,0.342,0.3426,1020185.0
1780156800000,0.34278,0.3446,0.34189,0.34291,665256.0
1780160400000,0.34262,0.34512,0.3424,0.34455,301787.0
1780164000000,0.34422,0.3546,0.34412,0.35283,548392.0
1780167600000,0.35283,0.35763,0.35184,0.35528,751661.0
1780171200000,0.35523,0.36179,0.3536,0.3617,1280139.0
1780174800000,0.36105,0.37449,0.36079,0.37121,1979707.0
1780178400000,0.37103,0.37675,0.36544,0.37158,2190085.0
1780182000000,0.37126,0.37856,0.3695,0.37548,917857.0
1780185600000,0.37584,0.3889,0.37119,0.3802,5144919.0
1780189200000,0.37933,0.38553,0.37208,0.37338,4668457.0
1780192800000,0.37337,0.37545,0.36279,0.36775,1119086.0
1780196400000,0.36787,0.37719,0.36787,0.37656,2213052.0
1780200000000,0.37633,0.3777,0.36955,0.37434,928031.0
1780203600000,0.37389,0.37594,0.36792,0.36893,768012.0
1780207200000,0.36861,0.37235,0.36524,0.36933,808607.0
1780210800000,0.36919,0.36919,0.36027,0.3614,785530.0
1780214400000,0.36184,0.36466,0.35909,0.36192,6870796.0
1780218000000,0.36221,0.36568,0.36096,0.36119,1511469.0
1780221600000,0.36097,0.36585,0.36,0.36501,1023010.0
1780225200000,0.36495,0.36702,0.35677,0.35873,887889.0
1780228800000,0.35858,0.35866,0.35505,0.35797,533628.0
1780232400000,0.35825,0.36057,0.35631,0.35797,709537.0
1780236000000,0.3578,0.35913,0.35333,0.35663,569673.0
1780239600000,0.35664,0.36233,0.3551,0.3596,583018.0
1780243200000,0.35967,0.3607,0.35381,0.35615,921815.0
1780246800000,0.35622,0.35827,0.35393,0.35808,695758.0
1780250400000,0.35825,0.35895,0.35573,0.35829,260326.0
1780254000000,0.35816,0.35894,0.35548,0.35781,232525.0
1780257600000,0.35792,0.3636,0.35792,0.36312,2128444.0
1780261200000,0.36338,0.36421,0.36115,0.36319,586741.0
1780264800000,0.36315,0.36608,0.36174,0.36404,459615.0
1780268400000,0.36444,0.36675,0.3607,0.36369,562872.0
1780272000000,0.36397,0.3731,0.3633,0.37036,1083558.0
1780275600000,0.37031,0.3714,0.36202,0.36262,667459.0
1780279200000,0.36245,0.37116,0.36032,0.37011,1353588.0
1780282800000,0.37048,0.37235,0.3684,0.36963,1046935.0
1780286400000,0.37008,0.37206,0.36271,0.36454,488920.0
1780290000000,0.36443,0.36544,0.35667,0.35672,954612.0
1780293600000,0.35726,0.35726,0.35202,0.35434,717703.0
1780297200000,0.3543,0.35685,0.35253,0.3532,1318427.0
1780300800000,0.35358,0.35477,0.35025,0.35402,491462.0
1780304400000,0.35402,0.37352,0.34775,0.36059,4461988.0
1780308000000,0.36076,0.36464,0.35302,0.35655,2358238.0
1780311600000,0.35678,0.35729,0.3483,0.35149,2236206.0
1780315200000,0.35191,0.35484,0.34873,0.35313,2072920.0
1780318800000,0.35362,0.35729,0.34861,0.35279,1316698.0
1780322400000,0.35279,0.35369,0.34321,0.34495,10657316.0
1780326000000,0.34495,0.35088,0.34494,0.34641,2382983.0
1780329600000,0.34664,0.35599,0.34334,0.35529,728629.0
1780333200000,0.3546,0.3597,0.35421,0.35685,768199.0
1780336800000,0.35663,0.35866,0.35379,0.35624,1176241.0
1780340400000,0.35617,0.3585,0.35211,0.35757,295349.0
1780344000000,0.35773,0.35823,0.35469,0.35634,454205.0
1780347600000,0.35685,0.35696,0.3513,0.35256,366954.0
1780351200000,0.35188,0.35643,0.34887,0.35592,1885795.0
1780354800000,0.35594,0.35869,0.35386,0.35622,1488500.0
1780358400000,0.35624,0.35624,0.35044,0.35144,1683194.0
1780362000000,0.35168,0.35446,0.3478,0.3478,343419.0
1780365600000,0.34766,0.35336,0.345,0.35336,588317.0
1780369200000,0.3535,0.36741,0.35159,0.3641,1793414.0
1780372800000,0.36416,0.36739,0.35825,0.35825,1950389.0
1780376400000,0.3583,0.3621,0.35281,0.35284,528184.0
1780380000000,0.35301,0.35387,0.3504,0.35188,185821.0
1780383600000,0.3519,0.3548,0.34783,0.35347,342870.0
1780387200000,0.35325,0.35529,0.35098,0.35478,195910.0
1780390800000,0.35517,0.35558,0.35049,0.35224,352908.0
1780394400000,0.35228,0.36172,0.35079,0.36117,1630144.0
1780398000000,0.3607,0.36181,0.35602,0.35886,921993.0
1780401600000,0.35907,0.37427,0.3579,0.37217,2261216.0
1780405200000,0.37246,0.37752,0.36838,0.37632,2797282.0
1780408800000,0.37633,0.37764,0.35796,0.36191,6186791.0
1780412400000,0.36171,0.36457,0.35241,0.36378,2735720.0
1780416000000,0.36374,0.37692,0.36115,0.36628,3191608.0
1780419600000,0.36634,0.3963,0.36595,0.38858,9839737.0
1780423200000,0.38868,0.39242,0.37595,0.3788,2338094.0
1780426800000,0.37879,0.39306,0.37096,0.38514,2312570.0
1780430400000,0.3854,0.40393,0.37856,0.39779,7653451.0
1780434000000,0.39759,0.40283,0.38996,0.4001,2043644.0
1780437600000,0.3996,0.39971,0.38654,0.3901,2514266.0
1780441200000,0.39038,0.39412,0.37946,0.38831,4314732.0
1780444800000,0.38889,0.39415,0.38522,0.39029,1953059.0
1780448400000,0.39025,0.39557,0.38684,0.39314,613780.0
1780452000000,0.39304,0.39322,0.38253,0.38502,767349.0
1780455600000,0.38511,0.38895,0.3769,0.3789,1005739.0
1780459200000,0.37908,0.39615,0.37908,0.39504,1541253.0
1780462800000,0.3948,0.41058,0.39466,0.41058,3672486.0
1780466400000,0.41053,0.42045,0.40536,0.41745,1936140.0
1780470000000,0.41754,0.42061,0.41038,0.41102,2825600.0
1780473600000,0.4105,0.41826,0.40886,0.41756,1198754.0
1780477200000,0.41804,0.41893,0.41018,0.41334,991770.0
1780480800000,0.41334,0.42286,0.41332,0.42229,1360221.0
1780484400000,0.42242,0.42992,0.41011,0.41413,3392150.0
1780488000000,0.41429,0.42422,0.41157,0.42373,2209586.0
1780491600000,0.42389,0.43228,0.4214,0.42239,2089677.0
1780495200000,0.42237,0.4296,0.41706,0.429,2145079.0
1780498800000,0.429,0.43385,0.42082,0.42288,2107847.0
1780502400000,0.42292,0.427,0.41504,0.42346,1421786.0
1780506000000,0.42376,0.42793,0.41461,0.42301,1884002.0
1780509600000,0.42306,0.42465,0.41572,0.42283,658692.0
1780513200000,0.42292,0.42854,0.41847,0.42342,927597.0
1780516800000,0.42315,0.42826,0.41178,0.4153,2853824.0
1780520400000,0.4155,0.42694,0.41396,0.42675,2316816.0
1780524000000,0.42665,0.429,0.4176,0.42061,2150381.0
1780527600000,0.42063,0.42159,0.41353,0.41401,893848.0
1780531200000,0.41462,0.42427,0.40865,0.41311,3133600.0
1780534800000,0.41311,0.41763,0.3929,0.39506,6004082.0
1780538400000,0.39542,0.40537,0.37788,0.40308,4842242.0
1780542000000,0.40319,0.42529,0.40234,0.40981,4779852.0
1780545600000,0.4097,0.4116,0.39168,0.39428,3154844.0
1780549200000,0.39364,0.39753,0.3794,0.38204,6475966.0
1780552800000,0.38203,0.39156,0.38068,0.38773,1798018.0
1780556400000,0.38812,0.3883,0.37895,0.37896,1301926.0
1780560000000,0.37957,0.38211,0.36337,0.36797,4915597.0
1780563600000,0.36816,0.36816,0.35319,0.36024,6919544.0
1780567200000,0.35975,0.36022,0.35125,0.35307,1327798.0
1780570800000,0.35328,0.36245,0.3499,0.36245,1966732.0
1780574400000,0.36252,0.37872,0.36134,0.37726,2073699.0
1780578000000,0.37728,0.37911,0.36534,0.37769,1925109.0
1780581600000,0.37802,0.38222,0.37455,0.38168,1274999.0
1780585200000,0.38189,0.39141,0.37872,0.38261,2358425.0
1780588800000,0.38243,0.39489,0.38112,0.38972,821181.0
1780592400000,0.3899,0.39482,0.38183,0.38717,1540257.0
1780596000000,0.38732,0.38732,0.37575,0.3811,676391.0
1780599600000,0.38057,0.38443,0.37666,0.38229,402243.0
1780603200000,0.38188,0.38213,0.37464,0.37775,510674.0
1780606800000,0.37796,0.37958,0.36334,0.36455,1048683.0
1780610400000,0.36424,0.37271,0.36403,0.37258,956310.0
1780614000000,0.37235,0.37514,0.36726,0.3705,901845.0
1780617600000,0.36994,0.37285,0.36504,0.36774,553428.0
1780621200000,0.3679,0.37439,0.36221,0.3738,442483.0
1780624800000,0.37365,0.37512,0.35887,0.3605,1332879.0
1780628400000,0.3605,0.36316,0.35632,0.35766,1178687.0
1780632000000,0.35778,0.36869,0.35635,0.36794,885921.0
1780635600000,0.36859,0.3703,0.35664,0.35756,493435.0
1780639200000,0.35773,0.36043,0.34274,0.35589,1919914.0
1780642800000,0.35561,0.36566,0.34777,0.36416,1867640.0
1780646400000,0.36416,0.36416,0.35314,0.35464,356254.0
1780650000000,0.35493,0.35982,0.35367,0.35631,530595.0
1780653600000,0.35629,0.3586,0.34974,0.35158,456362.0
1780657200000,0.35157,0.35327,0.34822,0.35038,910428.0
1780660800000,0.35025,0.3542,0.34679,0.35316,1080766.0
1780664400000,0.35347,0.3628,0.34848,0.34848,1493208.0
1780668000000,0.34843,0.35627,0.34385,0.34685,2137231.0
1780671600000,0.34685,0.34776,0.32559,0.33021,15122585.0
1780675200000,0.33008,0.34253,0.32668,0.34046,3013028.0
1780678800000,0.34103,0.34509,0.33532,0.34243,1671537.0
1780682400000,0.34236,0.34401,0.32529,0.32592,2242530.0
1780686000000,0.3256,0.33432,0.32076,0.33241,1816804.0
1780689600000,0.33234,0.33894,0.32752,0.33876,2204583.0
1780693200000,0.33843,0.34679,0.33816,0.34679,1006085.0
1780696800000,0.3464,0.35154,0.33991,0.3491,2168864.0
1780700400000,0.34928,0.35172,0.33769,0.3439,750099.0
1780704000000,0.34409,0.34867,0.34344,0.34429,788572.0
1780707600000,0.3446,0.3468,0.33683,0.33743,663363.0
1780711200000,0.33702,0.33702,0.33096,0.33194,1071798.0
1780714800000,0.3314,0.33202,0.326,0.32939,1610220.0
1780718400000,0.32944,0.3304,0.3136,0.31644,887328.0
1780722000000,0.31636,0.32944,0.31308,0.32913,2169685.0
1780725600000,0.32968,0.33528,0.3262,0.32715,1212680.0
1780729200000,0.3272,0.3336,0.32656,0.3304,423941.0
1780732800000,0.33046,0.335,0.32784,0.33488,824255.0
1780736400000,0.33481,0.33772,0.32848,0.32848,428408.0
1780740000000,0.32889,0.32889,0.31961,0.32184,822279.0
1780743600000,0.32233,0.32622,0.32182,0.32349,355963.0
1780747200000,0.32347,0.32775,0.3214,0.32672,205093.0
1780750800000,0.32657,0.32888,0.32392,0.32452,1894194.0
1780754400000,0.32461,0.33208,0.3243,0.32631,452996.0
1780758000000,0.32674,0.32721,0.32107,0.32514,1078252.0
1780761600000,0.32496,0.32956,0.3234,0.32944,628173.0
1780765200000,0.32946,0.33026,0.3226,0.32344,247237.0
1780768800000,0.32331,0.32516,0.32041,0.3212,445717.0
1780772400000,0.32109,0.32321,0.31875,0.31911,736865.0
1780776000000,0.31923,0.32365,0.31814,0.32118,2237809.0
1780779600000,0.3213,0.32591,0.3213,0.32266,391335.0
1780783200000,0.32241,0.32455,0.32023,0.32301,768459.0
1780786800000,0.32264,0.32536,0.32084,0.32414,650421.0
1780790400000,0.32427,0.32863,0.32194,0.32797,461711.0
1780794000000,0.32797,0.33837,0.32692,0.33827,711894.0
1780797600000,0.33838,0.33869,0.33104,0.334,467982.0
1780801200000,0.33426,0.33687,0.33117,0.33329,254976.0
1780804800000,0.33328,0.3363,0.33035,0.33578,986828.0
1780808400000,0.33569,0.33921,0.33428,0.33655,1626332.0
1780812000000,0.33661,0.36223,0.33493,0.34542,3466728.0
1780815600000,0.34508,0.35424,0.3444,0.34923,1703716.0
1780819200000,0.34895,0.357,0.34499,0.35358,5807062.0
1780822800000,0.35333,0.35358,0.34253,0.34334,1682677.0
1780826400000,0.34344,0.34678,0.33928,0.34104,3252638.0
1780830000000,0.34085,0.34716,0.33994,0.3433,5187772.0
1780833600000,0.34353,0.34509,0.33296,0.33632,932740.0
1780837200000,0.33668,0.34375,0.33529,0.34324,2927648.0
1780840800000,0.34328,0.35133,0.34257,0.34733,528621.0
1780844400000,0.34724,0.35291,0.34356,0.34836,2151536.0
1780848000000,0.34842,0.35175,0.34383,0.34523,5133893.0
1780851600000,0.34532,0.35118,0.34125,0.34337,4702231.0
1780855200000,0.34344,0.34839,0.34135,0.34135,534575.0
1780858800000,0.34186,0.34186,0.32983,0.3321,3012254.0
1780862400000,0.33204,0.33739,0.33127,0.33589,357121.0
1780866000000,0.33602,0.338,0.33329,0.33661,603477.0
1780869600000,0.3367,0.35351,0.3367,0.34236,2852860.0
1780873200000,0.34288,0.34984,0.34159,0.34899,1396935.0
1780876800000,0.34918,0.35489,0.34389,0.35249,3482487.0
1780880400000,0.35233,0.35258,0.3433,0.34795,295258.0
1780884000000,0.34814,0.35133,0.34678,0.34789,1113514.0
1780887600000,0.34814,0.35018,0.34578,0.3494,916055.0
1780891200000,0.34936,0.34993,0.34292,0.3461,110092.0
1780894800000,0.34589,0.34724,0.34183,0.347,895190.0
1780898400000,0.347,0.36069,0.347,0.35668,2422787.0
1780902000000,0.35655,0.36542,0.35406,0.36225,700165.0
1780905600000,0.3621,0.3621,0.3548,0.35781,402261.0
1780909200000,0.35798,0.3638,0.35601,0.3636,761711.0
1780912800000,0.36385,0.3648,0.35716,0.35768,939056.0
1780916400000,0.35812,0.37045,0.35665,0.36421,1686077.0
1780920000000,0.36445,0.36994,0.35826,0.36821,1042550.0
1780923600000,0.36843,0.36957,0.36187,0.36558,1586311.0
1780927200000,0.36541,0.36759,0.36252,0.36759,1216371.0
1780930800000,0.3677,0.37096,0.36458,0.36986,1287284.0
1780934400000,0.36998,0.37893,0.36734,0.3686,2323550.0
1780938000000,0.36834,0.37516,0.36641,0.37516,906227.0
1780941600000,0.37526,0.37761,0.3726,0.37343,419945.0
1780945200000,0.3735,0.37968,0.37296,0.37493,1893668.0
1780948800000,0.37495,0.37505,0.36866,0.37395,1022837.0
1780952400000,0.37402,0.37812,0.37146,0.37146,912269.0
1780956000000,0.37149,0.37255,0.36555,0.36732,1081049.0
1780959600000,0.36718,0.36864,0.36306,0.36436,754698.0
1780963200000,0.36436,0.36461,0.35453,0.35493,3178175.0
