t_ms,o,h,l,c,v
1773482400000,86.767,86.846,86.445,86.586,73272.89
1773486000000,86.576,86.939,86.566,86.899,94616.3
1773489600000,86.899,87.062,86.75,87.052,35000.42
1773493200000,87.052,87.298,86.959,87.059,62602.65
1773496800000,87.058,87.184,86.533,86.645,80814.15
1773500400000,86.647,86.867,86.566,86.673,32206.68
1773504000000,86.673,87.077,86.574,87.016,24078.91
1773507600000,87.017,87.032,86.78,86.83,20954.39
1773511200000,86.831,87.045,86.746,86.979,22924.66
1773514800000,86.979,87.041,86.856,86.948,42863.78
1773518400000,86.949,87.081,86.807,87.041,27607.91
1773522000000,87.04,87.27,86.807,87.23,32340.07
1773525600000,87.24,87.38,87.159,87.254,55460.5
1773529200000,87.271,88.101,87.271,87.995,114883.65
1773532800000,87.982,88.175,87.612,87.704,69458.14
1773536400000,87.692,87.87,87.543,87.64,43570.23
1773540000000,87.641,88.59,87.64,88.241,66742.53
1773543600000,88.24,88.385,87.652,87.805,28033.64
1773547200000,87.806,88.279,87.806,88.273,27937.5
1773550800000,88.274,88.598,88.081,88.243,72690.57
1773554400000,88.245,88.551,88.092,88.306,90570.55
1773558000000,88.305,88.474,88.084,88.176,32102.87
1773561600000,88.176,88.48,88.092,88.466,34595.47
1773565200000,88.449,88.811,88.383,88.491,80480.77
1773568800000,88.492,88.669,88.327,88.432,33444.79
1773572400000,88.431,88.621,88.206,88.517,26679.83
1773576000000,88.498,88.499,88.143,88.201,19770.56
1773579600000,88.212,88.347,87.293,87.796,105022.84
1773583200000,87.796,87.959,87.555,87.935,50857.54
1773586800000,87.935,88.06,87.729,87.853,24796.09
1773590400000,87.852,88.0,87.413,87.504,38189.0
1773594000000,87.499,88.74,87.481,88.379,59059.04
1773597600000,88.377,88.62,87.788,87.859,84498.03
1773601200000,87.853,88.228,87.758,88.15,42248.6
1773604800000,88.15,88.996,87.924,88.708,111599.89
1773608400000,88.709,90.249,88.525,89.944,225970.26
1773612000000,89.959,92.904,89.808,92.61,488089.38
1773615600000,92.615,93.189,91.59,92.267,329919.33
1773619200000,92.266,92.985,91.821,91.965,195512.63
1773622800000,91.965,92.214,91.439,92.055,94484.34
1773626400000,92.072,92.237,91.136,91.441,88159.6
1773630000000,91.431,93.908,91.22,93.119,277236.66
1773633600000,93.126,94.355,92.919,93.574,176774.28
1773637200000,93.573,94.267,93.182,93.987,143209.92
1773640800000,93.995,94.001,93.107,93.365,135548.21
1773644400000,93.365,93.791,93.3,93.486,93188.85
1773648000000,93.498,93.967,92.508,92.815,156077.11
1773651600000,92.814,93.418,92.68,93.271,87730.36
1773655200000,93.271,93.908,93.247,93.861,75552.31
1773658800000,93.861,93.921,93.494,93.71,62486.92
1773662400000,93.71,94.145,93.414,93.727,149634.89
1773666000000,93.726,95.095,93.39,93.599,388871.61
1773669600000,93.608,94.484,92.323,93.525,451117.33
1773673200000,93.527,94.26,93.008,93.124,164783.94
1773676800000,93.12,93.967,93.063,93.742,118138.33
1773680400000,93.75,94.315,93.636,94.029,73692.65
1773684000000,94.029,95.037,94.013,94.333,163824.77
1773687600000,94.333,95.434,94.137,95.176,233213.57
1773691200000,95.188,95.922,95.03,95.746,151527.29
1773694800000,95.741,96.775,95.449,96.121,199520.74
1773698400000,96.121,97.638,96.103,96.3,200701.81
1773702000000,96.308,96.413,95.392,96.138,112515.12
1773705600000,96.138,96.901,95.087,95.438,194024.7
1773709200000,95.434,96.005,94.884,95.643,180145.68
1773712800000,95.643,95.718,94.85,95.072,103014.82
1773716400000,95.066,95.223,93.653,94.02,117611.46
1773720000000,94.032,94.208,93.175,93.732,120188.7
1773723600000,93.732,94.042,93.324,93.743,58698.33
1773727200000,93.745,94.236,93.405,93.835,95283.62
1773730800000,93.834,94.595,93.811,94.375,49763.08
1773734400000,94.376,94.882,94.232,94.354,72360.3
1773738000000,94.353,95.055,93.661,93.845,98419.8
1773741600000,93.845,93.989,93.21,93.523,95583.39
1773745200000,93.522,93.87,93.366,93.603,36432.9
1773748800000,93.594,94.015,93.134,93.374,47664.65
1773752400000,93.367,94.497,93.314,93.733,127251.86
1773756000000,93.736,94.619,93.45,94.437,167223.13
1773759600000,94.449,95.099,93.2,93.78,402515.58
1773763200000,93.766,94.748,93.673,94.337,106427.69
1773766800000,94.34,94.658,94.101,94.508,69594.24
1773770400000,94.509,95.56,94.4,95.265,111954.54
1773774000000,95.265,95.489,94.558,94.605,63503.67
1773777600000,94.6,94.982,94.381,94.838,46382.9
1773781200000,94.837,95.402,94.786,95.238,91637.89
1773784800000,95.219,95.574,94.522,95.264,133388.85
1773788400000,95.264,95.364,94.533,94.548,52160.81
1773792000000,94.548,94.845,94.044,94.49,92111.54
1773795600000,94.491,94.878,94.28,94.372,83661.07
1773799200000,94.372,95.16,94.353,94.874,69181.03
1773802800000,94.874,95.591,94.759,94.999,56110.26
1773806400000,95.0,95.053,94.0,94.064,156425.4
1773810000000,94.063,94.3,93.69,93.86,74879.14
1773813600000,93.861,94.576,93.86,94.168,50751.15
1773817200000,94.167,94.236,93.79,93.901,42539.59
1773820800000,93.901,94.2,93.901,93.975,31906.63
1773824400000,93.975,94.36,93.9,94.214,68907.58
1773828000000,94.217,94.38,93.432,93.79,116552.36
1773831600000,93.782,93.987,91.72,91.955,288759.65
1773835200000,91.937,91.946,90.27,90.363,258784.05
1773838800000,90.364,90.682,89.82,90.245,235885.37
1773842400000,90.246,90.307,88.814,88.901,311781.38
1773846000000,88.901,89.407,88.515,89.321,169941.83
1773849600000,89.32,89.32,88.586,88.915,112783.65
1773853200000,88.913,90.3,88.767,89.886,152342.97
1773856800000,89.872,90.77,89.32,89.51,188607.7
1773860400000,89.51,90.013,89.41,89.627,92015.84
1773864000000,89.627,90.05,88.925,89.972,197907.65
1773867600000,89.971,90.562,89.9,90.428,109197.06
1773871200000,90.427,90.427,89.884,89.969,95175.57
1773874800000,89.961,90.124,89.66,90.027,65863.63
1773878400000,90.028,90.255,89.782,90.061,37090.7
1773882000000,90.055,90.332,89.883,90.144,61980.13
1773885600000,90.143,90.33,89.752,89.922,57253.52
1773889200000,89.926,91.37,89.871,90.695,300224.94
1773892800000,90.695,90.695,89.682,89.851,126321.17
1773896400000,89.851,90.042,89.614,89.686,55337.18
1773900000000,89.686,90.068,89.455,89.787,99544.99
1773903600000,89.787,89.989,88.56,89.37,136679.59
1773907200000,89.359,89.562,89.045,89.299,96536.54
1773910800000,89.3,90.336,89.113,90.153,177353.43
1773914400000,90.15,90.406,89.749,89.755,114323.95
1773918000000,89.751,89.991,89.414,89.552,148145.97
1773921600000,89.558,89.56,87.984,88.054,387447.55
1773925200000,88.056,88.689,87.52,88.443,318433.26
1773928800000,88.475,88.805,87.4,88.176,242958.11
1773932400000,88.171,88.693,87.129,87.58,176668.84
1773936000000,87.593,87.753,87.0,87.663,157274.23
1773939600000,87.657,88.3,87.062,88.097,233569.07
1773943200000,88.094,88.27,87.631,88.09,67043.4
1773946800000,88.086,89.292,88.086,88.672,199280.22
1773950400000,88.674,89.149,88.617,88.946,46044.27
1773954000000,88.947,89.279,88.833,89.095,51629.63
1773957600000,89.081,89.138,88.364,88.721,105157.61
1773961200000,88.728,89.124,88.569,88.848,77972.03
1773964800000,88.853,89.397,88.828,89.368,153880.35
1773968400000,89.395,89.745,89.306,89.426,60716.55
1773972000000,89.427,89.538,88.862,89.265,32955.99
1773975600000,89.265,89.657,89.198,89.529,23824.01
1773979200000,89.522,89.721,88.694,89.231,39690.72
1773982800000,89.228,89.473,88.82,89.296,17578.73
1773986400000,89.299,89.316,88.889,89.034,19420.1
1773990000000,89.031,89.437,88.429,89.325,118768.75
1773993600000,89.315,90.415,89.262,89.722,161372.04
1773997200000,89.701,89.701,88.591,88.9,79898.64
1774000800000,88.899,89.408,88.53,89.245,75844.26
1774004400000,89.242,89.529,88.82,89.075,55863.3
1774008000000,89.077,89.451,88.974,89.067,24981.07
1774011600000,89.068,89.586,88.561,88.764,104498.52
1774015200000,88.744,89.685,88.453,88.87,128804.31
1774018800000,88.87,89.275,88.561,88.892,73159.87
1774022400000,88.891,89.16,88.578,88.869,92376.41
1774026000000,88.869,88.986,88.082,88.84,106656.81
1774029600000,88.846,88.958,88.09,88.5,68493.4
1774033200000,88.51,89.0,88.167,88.923,50406.83
1774036800000,88.93,89.328,88.61,88.947,66032.02
1774040400000,88.948,89.949,88.88,89.542,96188.91
1774044000000,89.542,90.221,89.542,90.069,76148.48
1774047600000,90.069,90.087,89.682,89.794,36703.4
1774051200000,89.794,90.182,89.789,89.964,43815.44
1774054800000,89.985,90.282,89.694,89.815,22551.03
1774058400000,89.821,90.58,89.719,90.427,101990.99
1774062000000,90.427,90.56,90.3,90.41,34112.08
1774065600000,90.429,90.784,90.115,90.237,70313.9
1774069200000,90.237,90.467,89.921,89.931,31948.71
1774072800000,89.931,90.254,89.9,90.124,10321.35
1774076400000,90.119,90.356,89.894,90.08,43912.51
1774080000000,90.079,90.08,89.79,89.944,29488.89
1774083600000,89.943,90.35,89.93,90.147,74664.33
1774087200000,90.15,90.181,89.862,89.92,39190.64
1774090800000,89.906,89.961,89.774,89.907,14274.95
1774094400000,89.909,90.156,89.829,90.128,21266.81
1774098000000,90.128,90.24,89.931,89.972,22736.31
1774101600000,89.972,90.37,89.592,89.616,68982.48
1774105200000,89.616,89.868,89.348,89.758,58638.07
1774108800000,89.784,89.956,89.526,89.606,22037.36
1774112400000,89.629,89.633,89.363,89.51,18387.74
1774116000000,89.497,89.872,89.491,89.736,34724.62
1774119600000,89.729,89.853,89.647,89.755,10883.5
1774123200000,89.747,90.22,89.726,90.105,29470.4
1774126800000,90.106,90.172,89.879,89.939,14647.75
1774130400000,89.94,89.999,89.759,89.843,21685.22
1774134000000,89.823,89.823,87.086,87.52,243715.02
1774137600000,87.521,87.711,86.267,87.26,357921.79
1774141200000,87.261,87.65,86.934,87.388,85702.51
1774144800000,87.389,88.43,87.385,88.101,125962.66
1774148400000,88.106,89.074,87.713,88.6,140056.24
1774152000000,88.6,89.123,88.528,88.945,44856.35
1774155600000,88.955,88.955,88.386,88.403,35756.73
1774159200000,88.402,88.402,88.09,88.141,49566.65
1774162800000,88.136,88.26,87.607,87.641,58513.2
1774166400000,87.647,87.675,86.806,87.308,206712.54
1774170000000,87.298,87.561,87.108,87.259,33930.19
1774173600000,87.259,87.439,87.161,87.256,19527.59
1774177200000,87.256,87.366,86.77,86.776,100460.75
1774180800000,86.775,87.366,86.748,87.198,109983.84
1774184400000,87.199,87.606,86.93,87.244,56423.93
1774188000000,87.244,87.523,86.978,87.14,60490.44
1774191600000,87.137,87.528,87.124,87.528,56637.0
1774195200000,87.518,87.64,87.193,87.418,65812.98
1774198800000,87.418,87.497,87.152,87.204,19823.63
1774202400000,87.204,87.259,86.463,86.966,58838.91
1774206000000,86.955,86.961,86.514,86.814,32340.36
1774209600000,86.815,87.125,86.512,86.536,44836.36
1774213200000,86.536,86.575,85.1,85.927,411691.79
1774216800000,85.932,86.726,85.452,86.705,151938.7
1774220400000,86.711,86.979,86.004,86.166,90390.48
1774224000000,86.16,86.557,85.441,85.827,107679.29
1774227600000,85.835,86.552,85.7,86.037,63559.07
1774231200000,86.04,86.95,86.004,86.665,57140.46
1774234800000,86.665,87.19,86.353,86.366,75317.69
1774238400000,86.367,86.871,86.287,86.871,54822.21
1774242000000,86.872,87.28,86.815,87.142,46133.84
1774245600000,87.141,87.141,85.439,85.692,61876.7
1774249200000,85.69,86.172,85.073,85.92,127632.76
1774252800000,85.94,86.39,85.815,85.899,193263.37
1774256400000,85.893,85.951,85.129,85.7,60040.23
1774260000000,85.699,86.253,85.596,85.998,110779.17
1774263600000,86.009,92.005,85.986,88.706,1143224.8799999999
1774267200000,88.719,90.449,88.3,90.194,238151.35
1774270800000,90.191,91.436,89.862,91.286,168531.24
1774274400000,91.305,91.699,91.0,91.48,175699.91
1774278000000,91.471,92.21,89.74,89.9,303479.99
1774281600000,89.89,90.385,89.347,90.279,144237.28
1774285200000,90.278,91.334,89.63,91.211,202803.44
1774288800000,91.204,91.721,90.881,91.561,128884.41
1774292400000,91.542,91.843,91.194,91.347,160255.19
1774296000000,91.327,91.95,91.179,91.729,145113.35
1774299600000,91.729,91.92,91.447,91.554,150581.8
1774303200000,91.555,91.853,91.12,91.471,157199.69
1774306800000,91.446,91.5,90.923,91.383,172236.72
1774310400000,91.384,91.615,90.571,90.958,97228.41
1774314000000,90.958,91.0,90.129,90.346,75410.7
1774317600000,90.351,90.716,90.072,90.099,56618.26
1774321200000,90.085,90.29,89.919,90.29,37710.21
1774324800000,90.281,90.765,90.105,90.275,91577.16
1774328400000,90.285,90.329,89.95,90.055,32277.81
1774332000000,90.064,90.49,90.005,90.419,40249.31
1774335600000,90.416,91.865,90.357,91.699,161882.04
1774339200000,91.675,91.905,91.26,91.562,215660.77
1774342800000,91.561,92.128,91.09,92.091,104345.55
1774346400000,92.092,92.184,91.681,91.81,89598.9
1774350000000,91.8,92.12,91.302,91.72,100250.97
1774353600000,91.721,91.824,91.334,91.534,84061.42
1774357200000,91.518,91.692,89.546,89.823,281671.54
1774360800000,89.822,90.199,88.671,89.541,293842.36
1774364400000,89.526,90.268,89.482,89.705,280741.26
1774368000000,89.694,89.927,89.075,89.228,110480.58
1774371600000,89.227,89.347,88.656,89.109,142073.53
1774375200000,89.121,89.626,88.831,88.848,75390.52
1774378800000,88.842,89.241,88.379,88.496,70649.51
1774382400000,88.487,90.208,88.449,89.991,254850.1
1774386000000,89.999,90.6,89.664,90.36,168256.27
1774389600000,90.343,90.726,90.076,90.292,161983.22
1774393200000,90.278,91.099,90.202,90.771,87314.41
1774396800000,90.771,91.558,90.705,91.28,133492.2
1774400400000,91.28,91.441,90.9,90.9,45777.68
1774404000000,90.911,91.473,90.784,91.09,31160.29
1774407600000,91.089,91.888,90.751,91.655,147710.49
1774411200000,91.656,92.067,91.574,92.011,69421.29
1774414800000,92.005,92.908,91.933,92.38,152015.6
1774418400000,92.403,92.884,92.244,92.357,44505.48
1774422000000,92.357,92.456,91.706,91.783,144160.14
1774425600000,91.786,92.71,91.786,92.319,116356.67
1774429200000,92.319,92.62,92.116,92.495,88153.1
1774432800000,92.507,92.634,92.344,92.607,67455.3
1774436400000,92.605,93.368,92.413,92.923,122793.34
1774440000000,92.929,93.366,92.281,92.971,162292.77
1774443600000,92.971,93.359,92.64,92.696,183541.18
1774447200000,92.683,92.839,91.88,91.902,186507.17
1774450800000,91.91,92.006,90.94,91.723,195765.82
1774454400000,91.723,92.658,91.56,92.16,183825.71
1774458000000,92.16,92.279,91.552,91.64,77762.99
1774461600000,91.65,92.143,91.41,91.652,93141.74
1774465200000,91.651,91.933,91.398,91.705,115175.35
1774468800000,91.706,91.714,91.088,91.43,54744.89
1774472400000,91.43,91.582,91.112,91.214,47226.7
1774476000000,91.215,91.897,90.975,91.7,91349.7
1774479600000,91.707,91.79,91.438,91.659,47014.82
1774483200000,91.659,91.923,91.447,91.648,74138.15
1774486800000,91.638,91.899,91.578,91.789,38735.29
1774490400000,91.773,91.796,90.559,90.897,107197.02
1774494000000,90.897,91.082,90.538,91.003,82694.36
1774497600000,91.003,91.003,90.604,90.743,70947.21
1774501200000,90.744,90.78,89.047,89.175,278784.36
1774504800000,89.171,89.224,88.814,88.994,196234.11
1774508400000,88.993,89.315,88.77,89.047,121467.62
1774512000000,89.048,89.048,88.605,88.813,57705.58
1774515600000,88.813,88.96,87.701,88.066,83519.3
1774519200000,88.066,88.286,87.713,87.885,61460.29
1774522800000,87.888,88.142,87.375,87.484,395256.39
1774526400000,87.499,87.722,87.333,87.521,166210.7
1774530000000,87.521,88.2,87.261,87.864,258086.42
1774533600000,87.865,88.1,87.109,87.477,170935.57
1774537200000,87.48,87.731,86.707,87.48,271486.04
1774540800000,87.481,87.669,87.094,87.151,93716.93
1774544400000,87.161,87.459,86.496,86.562,84121.26
1774548000000,86.573,86.77,85.689,86.002,235235.35
1774551600000,86.002,86.019,85.381,85.414,147976.87
1774555200000,85.408,87.088,85.371,86.254,272305.01
1774558800000,86.253,87.05,86.14,86.762,89976.13
1774562400000,86.751,86.82,86.166,86.75,205369.84
1774566000000,86.75,86.862,86.17,86.469,63613.71
1774569600000,86.476,86.769,86.124,86.492,124289.65
1774573200000,86.492,86.868,86.404,86.813,60205.92
1774576800000,86.828,86.986,86.479,86.656,30954.74
1774580400000,86.636,86.722,86.3,86.361,37439.93
1774584000000,86.36,86.363,85.679,86.09,246818.07
1774587600000,86.09,86.687,85.857,86.027,147206.95
1774591200000,86.026,86.309,85.86,85.988,61501.1
1774594800000,85.992,86.25,85.64,85.836,119729.37
1774598400000,85.836,86.028,84.3,85.027,203495.54
1774602000000,85.036,85.19,84.333,85.0,169217.93
1774605600000,85.009,85.066,82.563,82.921,361456.68
1774609200000,82.928,83.548,82.566,83.302,217771.68
1774612800000,83.312,83.333,82.98,83.027,125481.83
1774616400000,83.03,83.454,82.46,82.861,385095.44
1774620000000,82.86,83.267,82.551,83.118,173538.64
1774623600000,83.119,83.937,82.92,83.268,221321.4
1774627200000,83.268,83.287,82.58,82.951,189539.9
1774630800000,82.951,83.322,82.043,82.164,234275.16
1774634400000,82.165,82.419,81.788,82.323,112498.19
1774638000000,82.322,82.824,81.99,82.75,46453.37
1774641600000,82.75,82.908,82.313,82.71,48852.46
1774645200000,82.716,82.979,82.625,82.686,30039.79
1774648800000,82.697,82.766,82.458,82.673,40186.57
1774652400000,82.673,83.076,82.421,83.045,32813.62
1774656000000,83.045,83.045,82.669,82.799,35131.76
1774659600000,82.8,82.818,82.187,82.598,37539.48
1774663200000,82.611,82.844,82.325,82.495,33500.41
1774666800000,82.508,82.661,82.459,82.522,6497.01
1774670400000,82.543,82.701,82.336,82.505,31779.81
1774674000000,82.506,82.739,82.311,82.683,47404.02
1774677600000,82.711,83.213,82.604,83.122,53272.84
1774681200000,83.116,83.592,83.116,83.551,79080.63
1774684800000,83.551,83.649,83.335,83.349,245445.0
1774688400000,83.339,83.34,82.887,83.011,51137.2
1774692000000,83.011,83.303,82.7,82.962,101068.59
1774695600000,82.962,83.02,82.863,82.937,33906.68
1774699200000,82.904,83.162,82.561,82.642,96318.82
1774702800000,82.643,84.0,82.643,83.311,88632.87
1774706400000,83.307,83.485,82.948,83.176,69405.61
1774710000000,83.176,84.258,83.131,83.752,116022.81
1774713600000,83.766,83.88,83.417,83.501,43661.1
1774717200000,83.497,83.674,83.08,83.249,61012.0
1774720800000,83.25,83.462,83.24,83.316,38743.38
1774724400000,83.317,83.38,82.972,83.22,45451.88
1774728000000,83.221,83.443,83.221,83.326,34747.63
1774731600000,83.327,83.364,82.3,82.625,75124.55
1774735200000,82.625,82.835,82.412,82.719,117559.16
1774738800000,82.719,82.719,81.7,82.02,110189.97
1774742400000,82.005,82.211,81.802,82.17,82866.48
1774746000000,82.152,82.468,82.01,82.405,98888.61
1774749600000,82.404,82.768,82.324,82.709,26231.16
1774753200000,82.71,83.193,82.64,82.938,84462.03
1774756800000,82.937,82.972,82.66,82.721,46103.87
1774760400000,82.72,82.818,82.351,82.672,36066.51
1774764000000,82.647,82.765,82.231,82.436,68933.19
1774767600000,82.411,82.559,82.156,82.4,49934.16
1774771200000,82.397,82.561,82.286,82.397,9699.95
1774774800000,82.4,82.477,82.14,82.3,15642.74
1774778400000,82.295,82.295,81.922,82.06,10895.38
1774782000000,82.061,82.759,82.057,82.53,48727.14
1774785600000,82.524,82.575,82.171,82.388,24353.19
1774789200000,82.386,82.406,81.621,81.868,146881.6
1774792800000,81.868,82.383,81.666,81.861,66224.82
1774796400000,81.884,82.076,81.344,81.761,107482.85
1774800000000,81.76,82.051,81.56,81.64,56429.23
1774803600000,81.64,81.793,81.114,81.501,84611.01
1774807200000,81.501,81.843,81.34,81.759,45281.13
1774810800000,81.761,81.821,81.488,81.545,30368.72
1774814400000,81.541,82.163,81.539,81.873,44625.91
1774818000000,81.876,82.14,81.765,82.104,48431.73
1774821600000,82.099,82.099,78.862,80.845,404503.4
1774825200000,80.845,81.644,80.822,81.363,270889.87
1774828800000,81.364,82.958,81.107,81.835,212776.88
1774832400000,81.835,82.837,81.835,82.652,220930.86
1774836000000,82.684,83.883,82.42,83.3,183965.43
1774839600000,83.3,83.472,82.947,83.215,61968.91
1774843200000,83.254,83.8,83.219,83.744,72052.71
1774846800000,83.724,84.091,83.451,83.587,109524.23
1774850400000,83.587,83.812,83.297,83.412,149079.07
1774854000000,83.413,84.2,83.323,83.966,100283.64
1774857600000,83.964,85.143,83.951,84.483,355667.81
1774861200000,84.483,84.488,84.064,84.093,156229.5
1774864800000,84.105,84.167,83.64,83.876,275530.34
1774868400000,83.88,84.618,83.843,84.199,316322.32
1774872000000,84.2,84.548,84.1,84.46,107921.6
1774875600000,84.461,84.907,83.877,83.939,169043.97
1774879200000,83.96,84.574,83.594,84.343,212958.0
1774882800000,84.322,84.705,83.858,84.448,83577.28
1774886400000,84.441,84.477,83.861,84.16,72502.11
1774890000000,84.153,84.352,83.035,83.194,252146.91
1774893600000,83.193,83.352,82.385,82.623,116747.02
1774897200000,82.622,82.638,81.94,82.334,260152.96
1774900800000,82.33,82.849,82.295,82.747,104567.57
1774904400000,82.737,83.597,82.648,83.111,109337.43
1774908000000,83.11,83.43,82.589,82.773,60113.6
1774911600000,82.773,82.773,82.1,82.504,56366.26
1774915200000,82.506,82.917,82.119,82.678,173136.21
1774918800000,82.685,84.581,82.58,83.8,324125.14
1774922400000,83.812,84.03,83.558,83.79,21548.02
1774926000000,83.785,83.88,83.255,83.56,84213.48
1774929600000,83.56,83.882,83.254,83.299,45300.45
1774933200000,83.298,83.722,82.864,83.722,124985.71
1774936800000,83.713,83.769,83.02,83.362,64344.51
1774940400000,83.372,83.386,82.622,83.044,217113.98
1774944000000,83.044,83.298,82.192,82.192,205597.36
1774947600000,82.192,82.4,80.077,80.487,227728.49
1774951200000,80.498,80.884,80.281,80.411,139077.43
1774954800000,80.417,80.916,80.226,80.789,162412.4
1774958400000,80.79,81.04,80.36,80.731,149478.09
1774962000000,80.75,81.98,80.703,81.808,312450.7
1774965600000,81.808,82.543,80.34,80.562,668051.52
1774969200000,80.569,81.633,80.569,80.809,162905.73
1774972800000,80.828,82.965,80.828,82.348,486047.44
1774976400000,82.342,83.439,82.19,82.338,456410.33
1774980000000,82.339,83.066,82.339,82.854,143773.99
1774983600000,82.855,82.939,82.431,82.698,95805.73
1774987200000,82.682,83.348,82.576,83.142,313742.6
1774990800000,83.145,83.159,82.608,82.834,164859.3
1774994400000,82.834,82.877,82.315,82.717,167088.63
1774998000000,82.727,83.31,82.641,83.158,143002.69
1775001600000,83.168,83.57,82.828,83.359,78047.36
1775005200000,83.36,83.445,82.677,82.692,61458.84
1775008800000,82.696,82.867,82.471,82.602,33483.39
1775012400000,82.612,83.449,82.612,83.397,56948.42
1775016000000,83.398,83.786,83.23,83.718,132920.79
1775019600000,83.717,84.278,83.342,84.101,107272.64
1775023200000,84.1,84.69,84.01,84.443,106602.63
1775026800000,84.42,84.688,83.782,83.81,157556.17
1775030400000,83.809,84.006,83.328,83.58,219053.48
1775034000000,83.58,83.71,83.091,83.33,93080.09
1775037600000,83.331,83.425,83.018,83.33,56850.7
1775041200000,83.33,83.5,83.12,83.332,39815.62
1775044800000,83.321,83.698,82.74,82.964,159503.9
1775048400000,82.97,83.374,82.378,82.619,211475.36
1775052000000,82.619,83.513,82.46,83.34,232990.18
1775055600000,83.329,83.926,83.043,83.603,187782.39
1775059200000,83.591,85.279,83.051,85.194,435706.26
1775062800000,85.196,86.583,84.201,84.369,719559.29
1775066400000,84.385,84.408,83.5,83.598,453114.03
1775070000000,83.598,84.311,83.598,83.775,132269.36
1775073600000,83.776,83.835,82.263,82.524,212427.48
1775077200000,82.524,83.15,81.37,81.808,304074.92
1775080800000,81.807,81.899,80.749,81.138,181889.99
1775084400000,81.131,81.402,81.0,81.152,115643.39
1775088000000,81.152,81.732,80.881,81.59,193129.27
1775091600000,81.591,81.591,78.952,79.293,694830.21
1775095200000,79.283,79.283,78.25,78.814,186313.45
1775098800000,78.813,79.355,78.637,78.961,139876.03
1775102400000,78.949,79.148,78.704,78.797,105570.08
1775106000000,78.797,79.334,78.577,79.206,94440.85
1775109600000,79.218,79.399,78.92,79.077,87867.75
1775113200000,79.054,79.633,78.954,79.609,172340.18
1775116800000,79.596,79.596,79.007,79.082,109891.02
1775120400000,79.082,79.317,78.912,79.23,131906.94
1775124000000,79.23,79.274,78.752,78.846,59107.46
1775127600000,78.846,78.94,78.203,78.292,97799.33
1775131200000,78.292,78.572,77.859,77.92,202109.89
1775134800000,77.928,78.209,76.683,77.701,470101.89
1775138400000,77.701,79.658,77.467,79.056,445870.42
1775142000000,79.051,79.217,78.335,79.012,232053.23
1775145600000,79.009,79.84,78.689,79.411,310903.91
1775149200000,79.411,79.635,78.494,78.545,299422.18
1775152800000,78.552,79.25,78.398,79.1,211940.39
1775156400000,79.106,79.204,78.668,78.94,170935.5
1775160000000,78.939,79.35,78.745,79.135,178987.42
1775163600000,79.137,79.201,78.578,78.912,168591.97
1775167200000,78.911,79.085,78.696,78.94,39273.91
1775170800000,78.939,79.094,78.746,78.896,25669.05
1775174400000,78.9,79.32,78.836,79.172,25415.65
1775178000000,79.163,79.747,78.952,79.124,86907.14
1775181600000,79.123,79.545,78.832,79.313,194302.79
1775185200000,79.311,79.394,78.967,78.967,23627.14
1775188800000,78.967,79.489,78.955,79.27,15020.27
1775192400000,79.287,79.617,79.011,79.283,107438.06
1775196000000,79.29,79.66,79.173,79.612,51820.37
1775199600000,79.613,80.121,79.405,79.901,106496.87
1775203200000,79.909,80.1,79.593,79.734,156086.71
1775206800000,79.735,80.176,79.652,79.911,33820.96
1775210400000,79.908,80.205,79.661,80.094,241441.97
1775214000000,80.093,80.46,79.847,80.133,188372.85
1775217600000,80.131,81.099,79.201,79.3,277179.5
1775221200000,79.301,79.582,79.13,79.581,81868.94
1775224800000,79.567,80.35,79.4,80.248,334066.94
1775228400000,80.239,80.639,80.134,80.323,210185.74
1775232000000,80.327,80.646,80.225,80.555,67660.2
1775235600000,80.541,80.541,79.886,80.194,130212.62
1775239200000,80.171,80.43,80.073,80.088,109667.15
1775242800000,80.11,80.252,79.843,80.17,97012.58
1775246400000,80.17,80.297,80.134,80.144,31754.95
1775250000000,80.156,80.675,80.071,80.39,101481.69
1775253600000,80.391,80.458,79.912,80.114,100321.2
1775257200000,80.113,80.5,80.107,80.353,39920.08
1775260800000,80.353,80.365,80.101,80.188,65194.29
1775264400000,80.188,80.279,80.018,80.098,20513.12
1775268000000,80.09,80.247,80.006,80.13,63032.31
1775271600000,80.13,80.23,80.127,80.128,6422.48
1775275200000,80.128,80.271,80.108,80.201,16381.56
1775278800000,80.205,80.234,80.066,80.131,21178.3
1775282400000,80.147,80.5,80.094,80.421,17487.89
1775286000000,80.421,80.44,80.182,80.267,26463.03
1775289600000,80.267,80.348,79.88,79.937,30307.31
1775293200000,79.937,80.048,79.874,79.979,20666.01
1775296800000,79.986,80.236,79.968,80.195,44773.01
1775300400000,80.185,80.246,80.007,80.156,21675.73
1775304000000,80.156,80.224,79.96,80.048,94306.62
1775307600000,80.049,80.198,79.836,79.98,137117.65
1775311200000,79.98,80.359,79.545,80.289,83644.1
1775314800000,80.313,81.563,80.241,81.037,206243.02
1775318400000,81.036,81.3,80.698,80.715,93969.2
1775322000000,80.694,80.988,80.6,80.882,43342.31
1775325600000,80.882,81.09,80.691,80.794,88094.29
1775329200000,80.794,81.254,80.712,80.802,81579.55
1775332800000,80.802,80.829,80.56,80.762,58191.92
1775336400000,80.767,80.979,80.72,80.876,36365.38
1775340000000,80.877,81.021,80.84,80.952,36461.75
1775343600000,80.954,80.954,80.682,80.786,16855.9
1775347200000,80.799,80.809,80.503,80.611,197897.48
1775350800000,80.611,80.725,80.436,80.444,33189.6
1775354400000,80.443,80.576,80.32,80.526,35673.53
1775358000000,80.525,80.556,80.354,80.49,20173.06
1775361600000,80.498,80.498,80.222,80.275,60789.98
1775365200000,80.277,80.367,80.1,80.225,49509.54
1775368800000,80.229,80.304,79.329,79.565,211398.99
1775372400000,79.569,79.823,79.473,79.564,55614.67
1775376000000,79.552,79.665,79.51,79.589,28247.99
1775379600000,79.592,79.837,79.592,79.796,26981.87
1775383200000,79.797,80.213,79.75,79.805,97554.79
1775386800000,79.806,79.889,79.733,79.882,18391.87
1775390400000,79.882,79.916,78.778,78.976,135496.87
1775394000000,78.977,79.192,78.5,79.158,118741.58
1775397600000,79.162,79.431,79.1,79.246,32695.36
1775401200000,79.238,80.268,78.949,79.535,352520.15
1775404800000,79.537,79.759,79.341,79.404,162707.51
1775408400000,79.405,79.874,79.333,79.847,35094.3
1775412000000,79.836,80.057,79.67,79.885,29523.24
1775415600000,79.885,80.179,79.495,79.779,67702.66
1775419200000,79.789,80.174,79.764,80.121,35353.37
1775422800000,80.121,80.142,79.47,79.702,37761.1
1775426400000,79.699,80.671,79.074,80.531,177003.4
1775430000000,80.543,82.077,80.422,81.844,334796.22
1775433600000,81.87,82.915,81.87,82.302,310088.4
1775437200000,82.301,82.394,81.644,81.653,112323.45
1775440800000,81.665,82.75,81.642,82.378,164679.34
1775444400000,82.387,82.447,81.914,82.071,80756.49
1775448000000,82.079,82.287,81.764,81.955,78131.7
1775451600000,81.962,82.04,81.809,81.853,39421.65
1775455200000,81.861,82.097,80.947,81.454,148051.7
1775458800000,81.472,81.928,81.307,81.779,85784.64
1775462400000,81.78,82.218,81.667,81.971,153316.98
1775466000000,81.971,83.168,81.896,82.425,236990.6
1775469600000,82.462,82.876,82.462,82.647,87922.29
1775473200000,82.639,82.639,82.309,82.4,139265.62
1775476800000,82.401,82.498,82.16,82.221,38433.89
1775480400000,82.263,82.609,82.173,82.418,82191.9
1775484000000,82.418,82.711,81.713,82.186,129564.4
1775487600000,82.184,82.417,81.958,82.247,67790.06
1775491200000,82.248,82.445,81.533,81.561,122305.48
1775494800000,81.561,81.721,81.152,81.604,120141.68
1775498400000,81.605,82.174,81.519,81.844,75284.89
1775502000000,81.844,81.917,81.512,81.87,31932.62
1775505600000,81.875,82.091,81.762,81.951,62524.25
1775509200000,81.951,81.951,81.348,81.432,58307.95
1775512800000,81.428,81.458,80.126,80.131,178258.84
1775516400000,80.131,80.208,79.556,79.98,370493.66
1775520000000,79.979,80.165,79.563,79.84,117951.84
1775523600000,79.848,80.095,79.344,79.458,76948.23
1775527200000,79.459,79.87,79.412,79.669,52494.71
1775530800000,79.664,79.85,79.653,79.747,26486.05
1775534400000,79.74,80.144,79.615,79.88,41834.31
1775538000000,79.881,79.909,79.402,79.564,44326.4
1775541600000,79.533,79.6,79.244,79.486,62901.53
1775545200000,79.49,79.879,79.402,79.82,48507.69
1775548800000,79.821,80.3,79.767,80.101,173383.47
1775552400000,80.102,80.534,80.102,80.337,40164.6
1775556000000,80.337,80.409,79.143,79.307,163568.75
1775559600000,79.306,79.5,78.888,79.161,91663.13
1775563200000,79.161,79.294,78.613,79.093,106800.51
1775566800000,79.094,79.217,78.774,78.833,134125.13
1775570400000,78.832,79.0,78.342,78.54,172855.06
1775574000000,78.535,79.029,78.323,78.827,256479.98
1775577600000,78.809,79.162,78.62,78.865,107277.73
1775581200000,78.859,80.913,78.8,80.032,295490.21
1775584800000,80.033,80.16,79.456,79.883,146717.76
1775588400000,79.877,81.792,79.848,81.58,505587.21
1775592000000,81.582,82.424,81.582,81.881,484177.82
1775595600000,81.898,83.263,81.841,82.873,395521.94
1775599200000,82.873,85.197,82.873,85.196,709984.1800000001
1775602800000,85.2,87.0,85.089,85.521,696708.67
1775606400000,85.521,85.838,84.256,84.743,424705.3
1775610000000,84.756,84.942,84.424,84.654,188340.09
1775613600000,84.664,84.942,84.378,84.576,242621.62
1775617200000,84.588,84.66,84.371,84.546,45580.47
1775620800000,84.536,85.0,84.489,84.512,82722.16
1775624400000,84.508,84.733,84.146,84.205,102615.63
1775628000000,84.205,84.691,83.878,84.527,75280.94
1775631600000,84.532,84.678,84.2,84.487,41032.91
1775635200000,84.474,84.853,84.424,84.852,33078.31
1775638800000,84.853,84.92,84.502,84.628,139008.33
1775642400000,84.629,84.766,84.49,84.495,58865.45
1775646000000,84.481,84.815,84.151,84.434,129866.08
1775649600000,84.424,84.646,84.128,84.524,145934.6
1775653200000,84.529,84.92,83.879,84.036,340590.42
1775656800000,84.022,84.1,82.493,82.863,356428.51
1775660400000,82.88,83.432,82.773,83.309,107371.36
1775664000000,83.302,83.551,83.015,83.454,114230.75
1775667600000,83.455,84.134,83.28,83.935,162863.74
1775671200000,83.941,83.983,82.786,82.882,175065.04
1775674800000,82.881,83.18,82.753,83.16,54411.64
1775678400000,83.162,83.346,83.005,83.228,32768.56
1775682000000,83.229,83.591,83.151,83.367,46964.66
1775685600000,83.367,83.387,82.541,82.596,105369.18
1775689200000,82.578,82.97,82.207,82.542,113478.85
1775692800000,82.524,82.613,82.037,82.151,94463.39
1775696400000,82.15,82.25,81.652,82.187,108621.76
1775700000000,82.198,82.397,82.019,82.095,36187.13
1775703600000,82.095,82.136,81.85,81.991,24728.65
1775707200000,81.989,81.989,81.781,81.808,18335.29
1775710800000,81.801,82.276,81.705,82.11,45558.34
1775714400000,82.111,82.31,81.821,82.123,54384.96
1775718000000,82.13,82.429,82.13,82.257,64048.87
1775721600000,82.257,82.587,82.143,82.435,54383.25
1775725200000,82.436,82.625,82.1,82.573,77728.16
1775728800000,82.572,82.619,82.33,82.555,76785.14
1775732400000,82.555,82.68,81.976,82.141,39849.23
1775736000000,82.141,82.3,81.955,82.232,46862.52
1775739600000,82.232,82.365,81.55,81.83,69536.15
1775743200000,81.821,82.297,81.382,82.145,205779.2
1775746800000,82.146,83.88,81.879,83.723,420066.08
1775750400000,83.725,84.23,82.911,83.65,470759.06
1775754000000,83.649,84.678,83.647,84.631,445233.35
1775757600000,84.632,84.687,83.434,83.813,332954.87
1775761200000,83.812,84.263,83.413,84.115,79573.33
1775764800000,84.102,84.482,84.074,84.23,68282.97
1775768400000,84.23,84.699,84.137,84.248,63041.01
1775772000000,84.253,85.909,83.948,83.958,201662.59
1775775600000,83.96,84.019,83.107,83.307,118386.13
1775779200000,83.299,83.308,82.864,83.09,78234.58
1775782800000,83.064,83.733,82.8,83.128,101662.61
1775786400000,83.126,83.411,83.006,83.2,29989.41
1775790000000,83.213,83.216,82.673,82.856,42116.63
1775793600000,82.857,83.46,82.857,83.31,41099.06
1775797200000,83.319,83.546,83.088,83.358,39147.86
1775800800000,83.359,83.422,83.072,83.151,70328.55
1775804400000,83.163,83.218,82.824,82.905,81096.4
1775808000000,82.907,83.075,82.67,82.878,94316.71
1775811600000,82.879,83.558,82.871,83.493,96228.47
1775815200000,83.495,83.505,83.109,83.266,56110.8
1775818800000,83.267,83.707,83.266,83.501,81318.15
1775822400000,83.495,84.367,83.324,84.051,165243.29
1775826000000,84.057,84.33,83.532,84.22,119741.25
1775829600000,84.22,85.183,84.138,85.019,229742.61
1775833200000,85.019,85.539,84.04,84.177,237962.48
1775836800000,84.178,84.856,84.06,84.782,146859.87
1775840400000,84.793,84.85,84.449,84.836,89308.63
1775844000000,84.836,85.228,84.601,85.171,124544.48
1775847600000,85.171,85.439,85.07,85.419,116055.56
1775851200000,85.424,85.619,85.035,85.415,117030.25
1775854800000,85.413,85.414,84.934,85.196,54237.64
1775858400000,85.203,85.256,84.614,84.839,72502.44
1775862000000,84.832,84.915,84.709,84.78,26499.04
1775865600000,84.781,84.818,84.495,84.637,29150.93
1775869200000,84.64,84.679,84.35,84.63,33429.28
1775872800000,84.64,84.88,84.554,84.76,20373.86
1775876400000,84.772,84.857,84.289,84.35,17197.87
1775880000000,84.367,84.597,84.2,84.335,50737.76
1775883600000,84.335,84.363,84.036,84.045,44090.0
1775887200000,84.045,84.118,83.84,84.089,55595.76
1775890800000,84.089,84.288,84.025,84.212,49318.39
1775894400000,84.218,84.386,84.14,84.14,12493.47
1775898000000,84.13,84.75,84.116,84.45,41108.73
1775901600000,84.451,84.471,83.938,84.02,59687.04
1775905200000,84.02,84.242,83.791,84.204,118319.19
1775908800000,84.205,84.478,84.038,84.184,37315.75
1775912400000,84.189,84.277,83.788,84.06,44254.81
1775916000000,84.064,84.381,83.996,84.349,47930.0
1775919600000,84.333,84.83,84.219,84.618,80407.22
1775923200000,84.618,85.323,84.553,84.939,84281.67
1775926800000,84.939,84.96,84.629,84.766,67110.64
1775930400000,84.766,85.769,84.601,85.444,264908.06
1775934000000,85.445,86.193,85.387,85.97,203227.44
1775937600000,85.97,86.029,85.083,85.372,166089.91
1775941200000,85.373,85.494,85.17,85.301,15261.33
1775944800000,85.301,86.15,85.04,85.234,86710.08
1775948400000,85.235,85.235,84.502,84.9,72388.96
1775952000000,84.9,84.97,84.671,84.85,87370.5
1775955600000,84.85,84.939,82.0,82.24,391489.02
1775959200000,82.227,82.893,81.8,82.623,230405.03
1775962800000,82.62,82.738,82.272,82.272,95478.35
1775966400000,82.271,82.415,82.112,82.173,91572.29
1775970000000,82.173,82.413,82.047,82.343,38229.07
1775973600000,82.343,82.447,82.128,82.208,50162.92
1775977200000,82.195,82.4,82.18,82.229,31160.97
1775980800000,82.229,82.244,82.101,82.224,27114.67
1775984400000,82.224,82.343,82.086,82.139,30150.54
1775988000000,82.139,82.292,81.932,81.997,125832.35
1775991600000,81.997,82.327,81.916,82.167,36793.63
1775995200000,82.167,82.527,81.876,81.982,90177.94
1775998800000,81.982,82.183,81.732,81.84,96068.33
1776002400000,81.847,82.047,81.261,81.524,101714.45
1776006000000,81.524,81.786,81.286,81.555,42457.64
1776009600000,81.555,81.823,81.498,81.822,50389.53
1776013200000,81.822,82.26,81.714,82.132,71776.45
1776016800000,82.132,82.284,82.009,82.085,62952.12
1776020400000,82.086,82.282,81.89,81.94,28464.55
1776024000000,81.941,82.841,81.899,82.644,104313.8
1776027600000,82.644,82.848,82.401,82.77,57054.63
1776031200000,82.759,82.788,81.351,81.97,218904.76
1776034800000,81.97,81.97,81.267,81.479,117462.18
1776038400000,81.486,82.17,81.367,82.104,55746.83
1776042000000,82.111,82.284,81.926,82.276,43066.14
1776045600000,82.282,82.37,81.832,81.885,52356.8
1776049200000,81.892,82.003,81.701,81.858,36019.14
1776052800000,81.857,82.198,81.8,81.859,10526.82
1776056400000,81.859,81.914,81.483,81.782,58678.47
1776060000000,81.789,82.548,81.771,82.309,86681.08
1776063600000,82.32,82.36,81.825,82.111,28816.07
1776067200000,82.128,82.227,81.712,81.813,40653.37
1776070800000,81.814,82.166,81.757,81.811,28383.48
1776074400000,81.811,81.924,81.608,81.667,15429.9
1776078000000,81.667,82.005,81.652,81.826,25887.7
1776081600000,81.826,82.74,81.781,82.498,86803.28
1776085200000,82.499,83.645,82.27,83.57,281484.97
1776088800000,83.582,83.775,82.762,83.757,429742.18
1776092400000,83.741,83.758,82.321,82.621,174995.18
1776096000000,82.621,83.585,82.33,83.337,365266.75
1776099600000,83.332,83.777,82.993,83.014,120612.79
1776103200000,83.013,83.25,82.576,83.192,74018.46
1776106800000,83.193,84.215,83.073,84.086,322175.0
1776110400000,84.083,84.317,83.796,83.887,140286.86
1776114000000,83.894,84.082,83.8,83.932,69464.84
1776117600000,83.91,86.467,83.906,86.187,506037.9
1776121200000,86.188,86.78,85.866,86.497,273425.6
1776124800000,86.497,86.714,85.73,85.877,186000.49
1776128400000,85.876,86.086,85.602,85.925,121639.99
1776132000000,85.926,86.362,85.846,86.182,64047.92
1776135600000,86.182,86.23,85.954,86.02,40372.23
1776139200000,86.035,86.036,85.521,85.847,44542.1
1776142800000,85.847,85.883,85.411,85.468,62539.53
1776146400000,85.479,86.068,85.479,85.928,47423.4
1776150000000,85.929,86.162,85.753,85.86,79298.9
1776153600000,85.86,86.343,85.698,86.078,78838.48
1776157200000,86.079,86.209,85.947,86.058,32274.53
1776160800000,86.057,86.5,85.96,85.975,42313.64
1776164400000,85.975,86.048,85.575,85.744,45314.93
1776168000000,85.745,85.956,85.552,85.928,37377.74
1776171600000,85.928,87.387,85.9,87.258,228697.91
1776175200000,87.279,87.612,85.95,85.956,274359.6
1776178800000,85.954,86.254,85.2,85.916,272430.91
1776182400000,85.917,86.118,84.733,84.982,147370.85
1776186000000,84.982,85.39,84.66,85.195,118153.24
1776189600000,85.199,85.372,83.858,84.039,122015.26
1776193200000,84.037,84.261,83.675,83.864,106651.85
1776196800000,83.89,84.078,83.377,83.54,60143.99
1776200400000,83.551,83.902,83.495,83.763,40181.53
1776204000000,83.757,83.882,83.272,83.467,48123.98
1776207600000,83.459,84.0,83.42,83.679,74733.17
1776211200000,83.67,84.016,83.52,83.724,64497.32
1776214800000,83.714,83.979,83.52,83.876,36064.19
1776218400000,83.876,83.958,83.1,83.344,80693.06
1776222000000,83.353,83.455,83.237,83.413,20406.31
1776225600000,83.4,83.589,83.302,83.549,20793.69
1776229200000,83.554,83.733,82.919,83.082,46989.31
1776232800000,83.081,83.086,82.815,82.952,29582.99
1776236400000,82.951,83.172,82.597,82.862,68075.81
1776240000000,82.884,83.244,82.688,83.086,42795.43
1776243600000,83.087,83.188,82.847,83.115,28434.64
1776247200000,83.11,83.594,82.876,83.103,77205.16
1776250800000,83.104,83.628,83.023,83.56,49171.64
1776254400000,83.56,83.83,83.345,83.675,90748.58
1776258000000,83.674,83.766,83.21,83.591,82122.8
1776261600000,83.591,84.473,83.368,84.25,203718.72
1776265200000,84.263,84.44,83.484,83.973,154546.22
1776268800000,83.972,84.65,83.873,84.508,126534.58
1776272400000,84.517,85.198,84.418,84.664,248075.74
1776276000000,84.662,85.04,84.547,85.016,186022.49
1776279600000,85.016,85.793,84.92,85.479,219172.79
1776283200000,85.479,85.543,84.614,84.769,147595.88
1776286800000,84.763,84.88,84.17,84.748,185118.41
1776290400000,84.749,85.535,84.698,84.966,147887.67
1776294000000,84.967,84.967,84.62,84.851,48323.88
1776297600000,84.862,85.035,84.456,84.903,79775.31
1776301200000,84.893,84.893,84.401,84.8,64023.06
1776304800000,84.8,85.538,84.675,85.081,79022.52
1776308400000,85.061,85.44,85.032,85.245,48646.92
1776312000000,85.235,85.5,84.936,85.19,70428.43
1776315600000,85.19,85.484,85.007,85.34,31517.71
1776319200000,85.347,85.477,85.155,85.43,43758.01
1776322800000,85.43,85.594,85.06,85.144,49051.06
1776326400000,85.144,85.244,84.863,84.991,53158.63
1776330000000,84.99,85.471,84.925,85.137,109994.0
1776333600000,85.137,85.182,84.568,84.993,159002.85
1776337200000,84.992,85.102,84.886,85.021,68002.78
1776340800000,85.02,85.429,85.012,85.335,57697.38
1776344400000,85.334,86.219,83.775,84.734,423637.08
1776348000000,84.738,85.658,84.038,85.35,288485.8
1776351600000,85.344,87.05,85.244,86.548,409768.27
1776355200000,86.563,87.04,85.57,85.872,248170.4
1776358800000,85.882,86.7,85.67,86.58,155627.59
1776362400000,86.58,89.046,86.478,88.954,701979.66
1776366000000,88.954,90.099,88.624,90.038,533823.59
1776369600000,90.038,90.403,89.194,89.527,339116.93
1776373200000,89.527,89.68,88.69,88.877,162810.95
1776376800000,88.884,89.398,88.838,88.963,115791.13
1776380400000,88.946,89.176,88.776,89.025,109712.11
1776384000000,89.025,89.14,88.564,88.773,74135.69
1776387600000,88.773,88.973,87.89,88.2,143368.39
1776391200000,88.2,88.324,87.53,87.83,53419.76
1776394800000,87.83,87.925,87.451,87.675,46950.92
1776398400000,87.678,88.235,87.654,87.954,45074.8
1776402000000,87.954,87.957,87.368,87.368,49236.08
1776405600000,87.372,88.054,87.324,87.957,44109.42
1776409200000,87.959,88.433,87.934,88.106,75237.77
1776412800000,88.106,89.0,88.075,88.913,227564.84
1776416400000,88.913,89.479,88.274,88.673,269552.41
1776420000000,88.671,88.688,87.359,87.643,287495.61
1776423600000,87.638,88.308,87.597,88.177,54162.87
1776427200000,88.177,88.891,87.868,88.859,210177.54
1776430800000,88.856,90.5,88.557,90.089,836326.02
1776434400000,90.114,90.768,89.623,89.996,479139.18
1776438000000,89.997,90.14,89.449,89.908,271720.27
1776441600000,89.898,90.48,89.866,90.369,176922.54
1776445200000,90.37,90.376,89.03,89.685,254670.49
1776448800000,89.685,89.782,88.811,89.108,254355.95
1776452400000,89.117,89.439,88.876,89.164,202422.87
1776456000000,89.169,89.32,88.456,88.958,126435.53
1776459600000,88.955,89.201,88.739,89.071,71650.91
1776463200000,89.064,89.425,88.897,89.169,87693.85
1776466800000,89.161,89.161,88.445,88.704,110159.5
1776470400000,88.704,89.074,88.605,88.902,54262.16
1776474000000,88.914,89.1,88.633,88.806,44359.7
1776477600000,88.805,89.051,88.618,88.876,41486.29
1776481200000,88.875,88.875,88.183,88.262,78616.61
1776484800000,88.267,88.491,88.182,88.312,44114.49
1776488400000,88.307,88.591,88.12,88.34,30130.28
1776492000000,88.341,88.563,88.271,88.442,27116.48
1776495600000,88.44,88.497,88.269,88.395,22293.57
1776499200000,88.399,88.443,87.05,87.502,190660.56
1776502800000,87.501,87.624,87.111,87.56,90568.33
1776506400000,87.565,87.571,86.72,86.924,124615.95
1776510000000,86.924,86.928,86.259,86.521,161573.06
1776513600000,86.521,86.934,86.487,86.881,86684.34
1776517200000,86.88,86.939,86.396,86.71,67379.47
1776520800000,86.72,86.837,86.432,86.783,69726.09
1776524400000,86.792,86.924,86.564,86.726,74778.69
1776528000000,86.721,86.923,86.45,86.656,109659.69
1776531600000,86.651,86.823,86.501,86.725,154199.89
1776535200000,86.726,86.726,85.769,85.916,172026.7
1776538800000,85.927,86.248,85.899,86.1,106228.15
1776542400000,86.096,86.255,85.973,86.14,49036.26
1776546000000,86.135,86.224,86.009,86.179,22886.54
1776549600000,86.173,86.317,85.873,86.263,83004.03
1776553200000,86.263,86.409,86.101,86.104,48276.48
1776556800000,86.105,86.342,85.825,85.98,52091.86
1776560400000,85.98,86.171,85.55,85.704,37567.07
1776564000000,85.704,85.819,85.236,85.493,51209.6
1776567600000,85.486,85.738,85.268,85.553,39304.56
1776571200000,85.554,85.909,85.11,85.53,28197.59
1776574800000,85.53,85.745,85.367,85.44,17890.32
1776578400000,85.435,85.611,85.109,85.398,37085.61
1776582000000,85.393,85.393,84.375,84.846,124084.69
1776585600000,84.841,85.086,84.588,84.756,36740.44
1776589200000,84.757,84.987,84.539,84.539,33138.28
1776592800000,84.546,84.851,84.418,84.743,30823.92
1776596400000,84.744,85.639,84.725,85.555,73904.11
1776600000000,85.556,85.876,85.518,85.766,79882.25
1776603600000,85.766,86.892,85.727,86.295,149804.21
1776607200000,86.286,87.085,85.949,86.485,212472.89
1776610800000,86.485,86.638,85.542,86.323,127570.03
1776614400000,86.322,86.47,85.698,85.817,89546.99
1776618000000,85.816,85.943,84.971,85.087,106247.68
1776621600000,85.091,85.258,84.833,85.071,115487.02
1776625200000,85.074,85.507,85.074,85.273,152618.65
1776628800000,85.27,85.298,84.72,84.917,110064.84
1776632400000,84.916,85.194,84.568,84.656,85194.04
1776636000000,84.652,84.652,82.835,83.687,418885.03
1776639600000,83.695,83.719,83.278,83.386,79403.03
1776643200000,83.392,84.173,83.29,83.964,234468.63
1776646800000,83.965,84.5,83.899,84.299,71424.83
1776650400000,84.3,84.347,83.701,84.155,102754.69
1776654000000,84.155,84.559,84.081,84.535,31668.17
1776657600000,84.535,84.549,84.216,84.529,15995.96
1776661200000,84.527,84.542,83.723,83.812,47986.97
1776664800000,83.812,84.727,83.741,84.414,62002.45
1776668400000,84.435,85.743,84.397,84.687,197788.73
1776672000000,84.688,85.041,84.515,84.637,77835.63
1776675600000,84.632,85.212,84.586,85.034,60451.21
1776679200000,85.036,85.357,84.774,84.809,50315.57
1776682800000,84.81,85.31,84.739,85.027,35355.46
1776686400000,85.014,85.499,84.833,85.275,49163.58
1776690000000,85.274,85.489,84.841,85.278,52020.0
1776693600000,85.259,85.769,84.473,84.741,142151.95
1776697200000,84.74,85.835,84.366,85.804,119286.34
1776700800000,85.812,85.83,85.224,85.265,94841.18
1776704400000,85.265,86.095,85.219,85.651,74137.48
1776708000000,85.663,86.146,85.663,86.023,92076.92
1776711600000,86.031,86.076,85.736,85.768,55045.71
1776715200000,85.757,86.121,85.62,85.91,113146.95
1776718800000,85.91,86.152,85.536,85.755,73591.93
1776722400000,85.754,85.999,85.574,85.649,50133.54
1776726000000,85.649,85.653,85.178,85.239,57290.15
1776729600000,85.239,85.753,85.193,85.634,56851.63
1776733200000,85.633,85.771,85.31,85.383,98685.9
1776736800000,85.387,85.404,85.123,85.224,54917.73
1776740400000,85.23,85.468,84.945,85.129,69549.29
1776744000000,85.129,85.414,84.986,85.388,23754.67
1776747600000,85.381,85.789,85.371,85.613,51692.03
1776751200000,85.628,85.881,85.125,85.622,88044.42
1776754800000,85.62,85.951,85.37,85.683,81965.62
1776758400000,85.681,86.278,85.6,85.754,114596.37
1776762000000,85.754,85.843,85.47,85.83,35036.35
1776765600000,85.849,86.257,85.798,86.105,36631.22
1776769200000,86.118,86.124,85.67,85.791,48627.62
1776772800000,85.791,85.97,85.136,85.481,116438.79
1776776400000,85.482,85.83,85.254,85.774,91232.75
1776780000000,85.789,86.854,85.571,85.737,178650.33
1776783600000,85.743,86.257,85.4,86.012,168654.03
1776787200000,86.014,86.239,85.609,85.647,127884.18
1776790800000,85.642,85.728,84.701,85.276,221635.07
1776794400000,85.276,85.339,84.697,85.205,106225.32
1776798000000,85.209,85.675,84.247,84.514,213595.94
1776801600000,84.523,85.712,84.422,85.446,149260.16
1776805200000,85.44,85.525,84.98,85.12,44278.33
1776808800000,85.12,85.382,84.973,85.314,24229.86
1776812400000,85.309,86.077,85.296,85.999,70477.92
1776816000000,86.018,86.488,85.985,86.46,97909.2
1776819600000,86.46,86.496,86.06,86.238,51427.02
1776823200000,86.243,87.529,86.186,87.371,222016.43
1776826800000,87.372,87.855,87.089,87.215,149699.48
1776830400000,87.221,87.304,86.948,87.02,50751.09
1776834000000,87.026,88.27,86.981,87.989,116882.89
1776837600000,87.99,88.141,87.776,87.912,68582.52
1776841200000,87.903,88.204,87.676,88.013,84314.99
1776844800000,88.025,88.205,87.568,87.953,77673.34
1776848400000,87.954,88.8,87.774,88.272,147842.14
1776852000000,88.26,88.36,88.101,88.316,45770.45
1776855600000,88.302,88.4,88.133,88.298,65153.41
1776859200000,88.298,88.631,88.196,88.545,99477.32
1776862800000,88.545,89.114,88.407,89.067,108818.8
1776866400000,89.067,89.296,88.483,88.701,197828.37
1776870000000,88.71,88.748,88.009,88.131,199257.48
1776873600000,88.131,88.421,87.499,87.626,127486.56
1776877200000,87.622,87.985,87.598,87.798,64695.45
1776880800000,87.81,88.35,87.734,87.774,139978.34
1776884400000,87.765,87.8,87.06,87.343,139550.9
1776888000000,87.343,87.451,87.047,87.081,81905.2
1776891600000,87.082,87.644,87.072,87.559,98309.91
1776895200000,87.558,87.689,87.248,87.4,109765.67
1776898800000,87.4,87.442,86.778,86.843,89607.27
1776902400000,86.843,87.11,85.915,86.811,189295.86
1776906000000,86.822,86.832,86.085,86.391,95125.81
1776909600000,86.394,86.403,85.68,85.931,44623.23
1776913200000,85.902,86.03,85.458,85.731,61897.39
1776916800000,85.729,85.973,85.616,85.932,110677.63
1776920400000,85.93,86.085,85.499,85.827,27644.42
1776924000000,85.832,86.185,85.806,86.156,46724.04
1776927600000,86.163,86.195,85.83,85.869,64905.44
1776931200000,85.878,85.9,85.543,85.675,104238.53
1776934800000,85.675,85.676,85.253,85.492,75309.02
1776938400000,85.487,85.564,85.176,85.398,46339.88
1776942000000,85.402,85.87,85.38,85.783,68133.79
1776945600000,85.783,86.05,85.716,85.921,163217.12
1776949200000,85.928,86.0,85.522,85.728,54075.14
1776952800000,85.727,86.132,85.52,86.016,69071.66
1776956400000,86.016,86.626,85.764,86.31,134789.16
1776960000000,86.319,86.379,85.734,85.753,102794.94
1776963600000,85.763,85.829,84.5,85.306,426264.51
1776967200000,85.302,85.647,85.179,85.223,262108.36
1776970800000,85.223,85.512,85.1,85.272,109345.23
1776974400000,85.264,85.795,85.226,85.546,94088.08
1776978000000,85.54,85.94,85.452,85.759,98367.12
1776981600000,85.753,86.18,85.738,85.899,116674.33
1776985200000,85.899,86.136,85.567,86.074,24622.1
1776988800000,86.075,86.273,86.0,86.125,83314.92
1776992400000,86.125,86.234,85.778,86.225,42413.09
1776996000000,86.217,86.282,85.715,85.832,106119.88
1776999600000,85.823,85.875,85.376,85.653,165840.94
1777003200000,85.653,85.663,85.162,85.281,31419.6
1777006800000,85.276,85.753,85.128,85.656,76731.36
1777010400000,85.655,85.702,85.305,85.397,28798.05
1777014000000,85.396,85.581,85.316,85.45,20775.7
1777017600000,85.463,85.717,85.268,85.32,49458.75
1777021200000,85.32,85.431,84.932,85.429,130998.87
1777024800000,85.43,85.723,85.165,85.67,88544.68
1777028400000,85.672,86.245,85.672,86.157,111779.78
1777032000000,86.15,86.73,86.03,86.301,230921.96
1777035600000,86.302,86.511,85.796,86.033,74210.63
1777039200000,86.034,86.174,85.614,85.97,60638.01
1777042800000,85.993,86.5,85.494,86.461,145541.51
1777046400000,86.468,86.524,86.025,86.289,95864.6
1777050000000,86.289,86.497,86.06,86.417,199563.79
1777053600000,86.426,86.482,85.9,86.309,65456.68
1777057200000,86.31,86.449,86.186,86.281,128077.41
1777060800000,86.268,86.84,86.149,86.797,82969.3
1777064400000,86.811,86.88,86.317,86.4,47174.58
1777068000000,86.4,86.4,86.057,86.108,44581.02
1777071600000,86.119,86.236,86.09,86.124,37622.88
1777075200000,86.121,86.213,85.961,86.179,39736.2
1777078800000,86.186,86.302,86.087,86.223,27871.4
1777082400000,86.224,86.339,86.112,86.236,29438.19
1777086000000,86.242,86.436,86.221,86.403,21868.79
1777089600000,86.411,86.451,86.233,86.279,14075.36
1777093200000,86.27,86.27,86.079,86.159,19205.68
1777096800000,86.159,86.61,86.159,86.399,62072.88
1777100400000,86.399,86.421,86.213,86.334,26526.45
1777104000000,86.319,86.764,86.26,86.574,50317.26
1777107600000,86.585,86.731,86.522,86.529,14158.25
1777111200000,86.529,86.68,86.529,86.575,22264.72
1777114800000,86.575,86.576,86.209,86.313,46618.9
1777118400000,86.316,86.386,86.191,86.342,15664.48
1777122000000,86.341,86.628,86.341,86.553,19035.81
1777125600000,86.553,86.611,86.411,86.411,13674.72
1777129200000,86.406,86.58,86.106,86.171,41942.65
1777132800000,86.171,86.269,85.577,85.841,61645.61
1777136400000,85.842,85.842,85.518,85.518,45978.44
1777140000000,85.518,85.781,85.5,85.661,27757.07
1777143600000,85.643,85.672,85.529,85.632,23742.43
1777147200000,85.632,85.896,85.568,85.87,22392.84
1777150800000,85.874,86.043,85.712,85.839,22709.13
1777154400000,85.871,86.12,85.815,86.04,21997.34
1777158000000,86.05,86.118,85.989,86.118,8742.13
1777161600000,86.117,86.14,85.89,85.974,15421.13
1777165200000,85.98,86.071,85.926,85.939,11490.97
1777168800000,85.939,86.332,85.939,86.332,12753.72
1777172400000,86.332,86.397,85.799,85.94,27705.94
1777176000000,85.94,86.666,85.898,86.399,35042.33
1777179600000,86.394,86.648,86.126,86.412,47052.51
1777183200000,86.433,86.547,86.351,86.463,29897.83
1777186800000,86.463,86.588,86.412,86.588,11800.82
1777190400000,86.588,86.7,86.47,86.519,43667.15
1777194000000,86.516,86.543,86.412,86.491,5533.04
1777197600000,86.486,86.567,86.39,86.429,11803.88
1777201200000,86.451,86.597,86.427,86.447,21913.95
1777204800000,86.447,86.452,85.856,86.044,57463.63
1777208400000,86.053,86.195,85.924,86.077,59182.52
1777212000000,86.073,86.449,86.009,86.351,58976.59
1777215600000,86.36,86.568,86.32,86.506,34013.15
1777219200000,86.506,86.544,86.35,86.374,13876.87
1777222800000,86.357,86.56,86.23,86.496,70121.89
1777226400000,86.491,86.89,86.378,86.779,106350.72
1777230000000,86.776,87.149,86.63,86.834,132094.83
1777233600000,86.834,86.887,86.565,86.666,36178.82
1777237200000,86.665,87.07,86.161,86.758,101406.06
1777240800000,86.773,87.292,86.28,86.704,80128.78
1777244400000,86.678,87.099,86.488,86.876,32447.91
1777248000000,86.887,87.371,86.519,87.263,85702.73
1777251600000,87.276,87.865,87.241,87.78,210966.64
1777255200000,87.791,88.055,87.35,87.804,108540.96
1777258800000,87.803,88.046,87.67,87.706,36735.72
1777262400000,87.705,87.806,87.412,87.496,30479.22
1777266000000,87.509,87.51,85.769,85.922,251093.72
1777269600000,85.918,86.029,85.405,85.689,146997.4
1777273200000,85.684,85.758,85.221,85.222,97005.56
1777276800000,85.221,85.463,85.02,85.454,89546.77
1777280400000,85.459,85.579,85.126,85.429,49926.67
1777284000000,85.424,85.506,85.108,85.158,25842.0
1777287600000,85.14,85.237,85.026,85.213,45702.18
1777291200000,85.213,85.213,84.9,85.058,94924.33
1777294800000,85.058,85.329,84.665,85.092,124954.5
1777298400000,85.082,85.793,84.953,85.172,88086.17
1777302000000,85.171,85.2,83.608,84.116,440322.94
1777305600000,84.116,84.335,84.0,84.228,73579.99
1777309200000,84.229,84.63,84.221,84.425,55324.99
1777312800000,84.425,84.651,84.366,84.533,39915.42
1777316400000,84.529,84.607,83.8,84.118,77792.34
1777320000000,84.127,84.307,84.097,84.228,28227.31
1777323600000,84.227,84.432,84.069,84.211,39514.04
1777327200000,84.214,84.554,84.151,84.479,25813.76
1777330800000,84.477,84.848,84.41,84.768,22270.39
1777334400000,84.769,84.881,84.541,84.767,36237.69
1777338000000,84.759,84.822,84.332,84.349,39553.52
1777341600000,84.355,84.58,83.875,84.143,123644.77
1777345200000,84.142,84.149,83.99,84.128,27261.72
1777348800000,84.134,84.37,83.801,84.027,74903.58
1777352400000,84.028,84.389,84.005,84.16,16622.16
1777356000000,84.16,84.263,83.615,83.909,76946.67
1777359600000,83.901,84.007,83.598,83.97,115348.4
1777363200000,83.974,84.142,83.714,83.916,29252.47
1777366800000,83.907,83.916,83.394,83.599,62357.87
1777370400000,83.591,83.769,83.59,83.768,20106.62
1777374000000,83.768,83.8,83.244,83.354,65584.45
1777377600000,83.357,83.7,83.204,83.633,77526.14
1777381200000,83.633,83.975,83.142,83.497,137055.45
1777384800000,83.498,83.498,82.94,83.364,152268.22
1777388400000,83.364,83.482,83.171,83.434,81033.34
1777392000000,83.434,83.64,83.293,83.552,112253.96
1777395600000,83.553,83.809,83.34,83.588,93785.32
1777399200000,83.589,83.81,83.559,83.774,25051.29
1777402800000,83.774,84.0,83.66,83.856,25942.85
1777406400000,83.857,83.969,83.685,83.741,58500.78
1777410000000,83.741,83.911,83.608,83.694,33096.67
1777413600000,83.694,83.888,83.541,83.686,27548.12
1777417200000,83.679,84.109,83.612,84.033,48325.84
1777420800000,84.033,84.143,83.8,84.02,50591.75
1777424400000,84.016,84.173,83.8,84.057,138169.6
1777428000000,84.057,84.181,83.913,84.015,22933.89
1777431600000,84.016,84.7,84.016,84.556,94906.39
1777435200000,84.556,85.06,84.437,84.93,99902.79
1777438800000,84.929,84.974,84.691,84.822,74300.63
1777442400000,84.823,84.967,84.508,84.587,53568.18
1777446000000,84.596,84.825,84.578,84.666,22992.92
1777449600000,84.666,84.703,84.251,84.466,119170.6
1777453200000,84.46,85.521,84.437,85.236,136468.31
1777456800000,85.246,85.53,85.097,85.122,113508.95
1777460400000,85.107,85.131,84.748,84.881,28931.0
1777464000000,84.878,84.878,83.89,84.199,175979.48
1777467600000,84.199,84.234,83.6,83.952,174064.03
1777471200000,83.945,83.99,83.613,83.784,61656.87
1777474800000,83.791,83.855,82.966,83.218,260711.65
1777478400000,83.218,83.619,82.919,83.077,178911.69
1777482000000,83.077,83.328,82.658,83.328,76224.48
1777485600000,83.331,83.459,81.352,82.259,382172.35
1777489200000,82.259,82.323,81.949,82.146,88363.06
1777492800000,82.161,82.761,82.161,82.601,57656.2
1777496400000,82.6,83.203,82.499,82.869,72378.16
1777500000000,82.874,83.097,82.772,83.034,35342.51
1777503600000,83.034,83.075,82.791,83.021,48071.45
1777507200000,83.03,83.975,83.029,83.792,118491.69
1777510800000,83.79,83.946,83.636,83.715,45420.06
1777514400000,83.715,83.925,82.648,82.948,168555.03
1777518000000,82.935,83.187,82.842,83.022,21502.46
1777521600000,83.022,83.04,82.342,82.36,67869.1
1777525200000,82.369,82.744,82.128,82.539,45645.68
1777528800000,82.54,83.0,82.496,82.891,49538.05
1777532400000,82.891,83.335,82.855,83.308,71816.52
1777536000000,83.309,83.387,83.094,83.095,83575.37
1777539600000,83.094,83.526,83.036,83.112,24117.2
1777543200000,83.111,83.188,82.897,82.982,35437.11
1777546800000,82.965,83.328,82.778,82.97,34326.26
1777550400000,82.983,83.438,82.964,83.199,77024.39
1777554000000,83.187,83.526,82.857,83.187,69714.51
1777557600000,83.187,83.376,82.66,83.201,193758.61
1777561200000,83.187,83.777,82.99,83.315,66756.47
1777564800000,83.312,83.39,82.917,82.98,38026.12
1777568400000,82.976,83.092,82.84,83.008,17517.93
1777572000000,83.006,83.26,82.96,83.03,20210.01
1777575600000,83.029,83.249,82.984,83.062,24971.32
1777579200000,83.061,83.165,82.948,83.069,15754.96
1777582800000,83.077,83.11,82.818,82.84,25117.24
1777586400000,82.845,83.004,82.764,82.81,11444.76
1777590000000,82.823,83.078,82.821,83.044,9800.69
1777593600000,83.045,83.38,83.04,83.143,35419.89
1777597200000,83.163,83.647,83.158,83.581,26609.96
1777600800000,83.581,83.803,83.438,83.588,21682.52
1777604400000,83.589,84.35,83.538,83.844,134487.9
1777608000000,83.86,84.024,83.642,83.782,24709.59
1777611600000,83.782,84.2,83.725,84.017,20848.71
1777615200000,84.017,84.14,83.66,83.826,22403.15
1777618800000,83.819,83.932,83.638,83.907,22853.72
1777622400000,83.907,84.242,83.862,84.132,31221.52
1777626000000,84.132,84.132,83.89,83.918,24548.76
1777629600000,83.918,84.042,83.687,83.919,19256.94
1777633200000,83.918,84.163,83.819,83.975,27644.7
1777636800000,83.975,84.563,83.883,84.223,95702.04
1777640400000,84.224,84.8,84.188,84.555,150973.38
1777644000000,84.565,84.692,83.853,84.177,81444.04
1777647600000,84.176,84.576,83.957,84.431,68930.18
1777651200000,84.423,84.585,83.958,83.96,54527.19
1777654800000,83.967,84.229,83.884,84.198,38720.03
1777658400000,84.199,84.27,83.937,83.941,50614.39
1777662000000,83.942,84.032,83.756,83.856,85432.53
1777665600000,83.856,83.883,83.299,83.443,128385.29
1777669200000,83.444,83.747,83.397,83.688,46213.35
1777672800000,83.686,83.842,83.541,83.713,27171.82
1777676400000,83.706,83.832,83.521,83.719,32827.11
1777680000000,83.718,83.82,83.401,83.785,39124.49
1777683600000,83.788,84.028,83.724,84.0,36985.37
1777687200000,84.0,84.134,83.83,83.912,54118.85
1777690800000,83.912,83.934,83.71,83.778,14690.42
1777694400000,83.778,83.796,83.552,83.595,9218.08
1777698000000,83.599,83.701,83.507,83.684,11315.26
1777701600000,83.659,83.795,83.529,83.775,12300.07
1777705200000,83.776,83.813,83.675,83.689,21132.21
1777708800000,83.688,83.833,83.608,83.797,14921.0
1777712400000,83.799,84.11,83.787,83.96,26817.59
1777716000000,83.96,83.97,83.822,83.899,12891.59
1777719600000,83.889,83.889,83.489,83.66,29535.41
1777723200000,83.659,84.059,83.646,83.822,19975.54
1777726800000,83.827,84.031,83.827,83.899,41867.1
1777730400000,83.912,84.05,83.869,83.947,41723.38
1777734000000,83.947,84.021,83.903,84.007,20406.01
1777737600000,84.01,84.23,83.99,84.157,67478.06
1777741200000,84.153,84.17,83.974,84.01,27964.26
1777744800000,84.01,84.166,83.912,84.139,21461.82
1777748400000,84.14,84.29,84.127,84.175,32962.17
1777752000000,84.184,84.193,84.034,84.166,31694.36
1777755600000,84.17,84.931,84.128,84.503,86859.28
1777759200000,84.504,84.597,84.05,84.423,41138.57
1777762800000,84.417,84.456,84.203,84.228,38317.16
1777766400000,84.235,84.269,83.81,84.047,33721.76
1777770000000,84.048,84.048,83.712,83.721,31408.38
1777773600000,83.712,83.772,83.578,83.649,14322.38
1777777200000,83.642,83.699,83.549,83.642,17104.96
1777780800000,83.625,83.696,83.548,83.675,27060.27
1777784400000,83.674,83.787,83.635,83.718,21329.61
1777788000000,83.71,83.846,83.548,83.71,17316.74
1777791600000,83.711,83.973,83.711,83.834,42126.33
1777795200000,83.834,83.973,83.782,83.846,22714.37
1777798800000,83.85,84.045,83.832,84.022,26489.1
1777802400000,84.013,84.013,83.763,83.763,13658.37
1777806000000,83.76,84.136,83.663,83.899,46311.67
1777809600000,83.91,84.186,83.91,84.045,31170.45
1777813200000,84.052,84.154,83.935,84.043,14846.03
1777816800000,84.06,84.384,84.043,84.31,38649.9
1777820400000,84.309,84.38,84.067,84.099,29155.5
1777824000000,84.1,84.231,83.955,84.096,20380.46
1777827600000,84.096,84.267,83.96,84.144,19558.72
1777831200000,84.154,84.266,84.073,84.22,9071.64
1777834800000,84.22,84.442,84.207,84.328,15001.57
1777838400000,84.329,84.688,84.212,84.283,52725.84
1777842000000,84.282,84.416,83.835,84.091,52272.2
1777845600000,84.094,84.922,84.094,84.633,132479.58
1777849200000,84.634,84.738,83.807,83.875,82808.42
1777852800000,83.874,83.874,83.301,83.743,162459.81
1777856400000,83.748,84.884,83.392,84.735,91368.17
1777860000000,84.735,85.591,84.711,85.202,227056.49
1777863600000,85.203,85.541,85.073,85.331,172857.68
1777867200000,85.33,85.903,85.33,85.725,184980.51
1777870800000,85.725,85.741,85.303,85.33,91122.64
1777874400000,85.33,85.34,84.46,84.832,107239.48
1777878000000,84.832,84.97,84.64,84.827,48465.3
1777881600000,84.827,84.847,84.573,84.725,42775.96
1777885200000,84.718,85.16,84.647,85.013,70633.9
1777888800000,85.01,85.019,83.213,83.994,318568.85
1777892400000,83.995,84.097,83.784,83.921,59035.96
1777896000000,83.92,84.107,83.823,83.872,36105.95
1777899600000,83.865,84.291,83.566,83.961,94290.8
1777903200000,83.961,85.282,83.713,84.941,222920.69
1777906800000,84.956,85.146,83.942,84.452,210534.54
1777910400000,84.434,84.749,83.939,84.453,188818.42
1777914000000,84.455,85.142,84.455,84.89,91695.94
1777917600000,84.891,84.993,84.545,84.701,74821.12
1777921200000,84.705,84.723,84.336,84.425,36263.56
1777924800000,84.427,84.427,84.031,84.051,35801.64
1777928400000,84.051,84.474,84.05,84.389,38274.57
1777932000000,84.383,84.504,84.135,84.169,51611.19
1777935600000,84.164,84.187,83.966,84.046,36410.87
1777939200000,84.046,84.301,83.999,84.267,22293.73
1777942800000,84.274,84.409,84.096,84.363,19275.42
1777946400000,84.362,84.754,84.299,84.467,52374.64
1777950000000,84.468,84.983,84.37,84.745,99536.24
1777953600000,84.738,84.861,84.557,84.742,39545.9
1777957200000,84.739,85.08,84.688,84.884,41941.32
1777960800000,84.884,84.958,84.517,84.957,30451.71
1777964400000,84.954,85.024,84.746,84.831,50731.68
1777968000000,84.831,84.865,84.64,84.744,28134.24
1777971600000,84.748,84.755,84.414,84.519,25258.17
1777975200000,84.52,84.894,84.414,84.87,24147.84
1777978800000,84.87,84.97,84.674,84.94,59570.15
1777982400000,84.941,85.321,84.87,85.284,91725.35
1777986000000,85.284,86.068,85.279,85.588,325878.25
1777989600000,85.581,85.7,85.142,85.43,236837.85
1777993200000,85.427,85.832,85.302,85.459,60967.42
1777996800000,85.464,85.649,85.031,85.264,65511.27
1778000400000,85.281,85.485,85.077,85.416,51945.38
1778004000000,85.417,85.841,85.388,85.836,70584.05
1778007600000,85.836,86.526,85.788,86.493,220172.44
1778011200000,86.482,86.885,86.401,86.613,164055.4
1778014800000,86.614,86.899,86.232,86.691,129246.88
1778018400000,86.692,86.948,86.147,86.54,154953.29
1778022000000,86.537,86.636,86.131,86.242,84642.91
1778025600000,86.24,86.5,86.073,86.332,166789.85
1778029200000,86.333,86.963,86.262,86.801,86620.47
1778032800000,86.811,86.893,86.344,86.854,158345.44
1778036400000,86.858,87.432,86.845,87.285,114171.45
1778040000000,87.296,87.375,86.65,86.772,61729.72
1778043600000,86.77,87.43,86.72,87.381,58637.38
1778047200000,87.381,87.504,87.149,87.468,102737.79
1778050800000,87.464,87.871,87.432,87.678,118630.92
1778054400000,87.678,89.193,87.627,89.008,277015.93
1778058000000,89.009,89.508,88.58,89.446,220624.79
1778061600000,89.448,89.68,89.178,89.377,124776.85
1778065200000,89.378,89.999,89.306,89.855,232369.96
1778068800000,89.858,89.943,89.473,89.631,141560.41
1778072400000,89.63,89.631,88.045,88.312,323924.48
1778076000000,88.292,88.803,87.424,88.376,232497.5
1778079600000,88.362,89.039,88.285,88.936,170319.47
1778083200000,88.937,89.476,88.559,89.141,146064.5
1778086800000,89.142,89.421,88.304,88.749,363330.45
1778090400000,88.75,89.083,88.44,88.936,110422.05
1778094000000,88.93,89.248,88.846,89.213,78385.01
1778097600000,89.213,89.56,88.86,89.13,127322.92
1778101200000,89.13,89.53,89.02,89.416,38160.62
1778104800000,89.421,89.5,88.971,89.028,80223.2
1778108400000,89.028,89.129,88.58,89.103,61205.32
1778112000000,89.097,89.212,88.176,88.28,130933.95
1778115600000,88.271,88.475,87.846,88.25,110823.36
1778119200000,88.25,88.326,87.792,88.088,81766.3
1778122800000,88.094,88.1,87.611,87.719,48020.18
1778126400000,87.719,88.339,87.668,88.328,121494.39
1778130000000,88.329,88.86,88.308,88.624,119954.85
1778133600000,88.627,89.2,88.199,89.2,214735.81
1778137200000,89.203,90.425,89.106,90.121,447402.48
1778140800000,90.121,90.241,89.461,89.563,259139.67
1778144400000,89.552,89.557,89.198,89.413,158720.29
1778148000000,89.414,89.49,88.714,89.141,159684.96
1778151600000,89.13,89.65,89.13,89.529,93695.01
1778155200000,89.529,90.058,89.481,89.709,108386.05
1778158800000,89.71,89.71,88.366,88.629,401695.5
1778162400000,88.63,88.86,87.821,88.12,210260.99
1778166000000,88.121,88.552,87.784,88.27,164139.54
1778169600000,88.284,88.747,88.061,88.392,176194.03
1778173200000,88.401,88.812,87.946,88.759,286913.25
1778176800000,88.752,89.0,88.191,88.53,234444.32
1778180400000,88.524,88.679,88.154,88.397,125351.91
1778184000000,88.411,88.788,88.0,88.005,83198.43
1778187600000,88.008,88.17,87.57,87.917,244912.63
1778191200000,87.914,88.176,87.652,88.072,56827.9
1778194800000,88.036,88.438,88.013,88.382,30990.7
1778198400000,88.388,88.613,88.069,88.2,90659.7
1778202000000,88.209,88.309,87.872,88.088,62669.51
1778205600000,88.088,88.297,87.579,88.02,58912.47
1778209200000,88.013,88.318,87.6,88.183,82346.0
1778212800000,88.168,88.32,87.974,88.129,26526.97
1778216400000,88.129,88.358,88.004,88.008,32592.2
1778220000000,88.0,88.225,87.777,87.996,51703.32
1778223600000,87.989,88.18,87.611,88.179,98317.44
1778227200000,88.179,88.566,87.975,88.313,38565.04
1778230800000,88.313,88.663,88.182,88.371,50918.55
1778234400000,88.371,88.678,88.25,88.577,62440.15
1778238000000,88.578,88.674,88.435,88.603,74685.75
1778241600000,88.602,88.79,88.33,88.413,61405.28
1778245200000,88.423,88.502,87.975,88.295,110016.86
1778248800000,88.309,89.313,88.3,89.104,201300.58
1778252400000,89.103,89.553,88.374,89.553,139374.53
1778256000000,89.553,89.723,89.297,89.552,153072.82
1778259600000,89.536,91.937,89.525,91.635,885042.23
1778263200000,91.649,92.59,91.641,92.317,390360.7
1778266800000,92.323,92.787,92.061,92.589,226125.5
1778270400000,92.605,92.66,92.03,92.118,170640.98
1778274000000,92.119,92.396,91.733,92.318,118960.73
1778277600000,92.309,92.716,92.269,92.321,87281.39
1778281200000,92.321,92.321,91.772,92.028,61128.06
1778284800000,92.029,92.636,91.871,92.491,68033.59
1778288400000,92.492,93.849,92.463,93.531,183958.49
1778292000000,93.532,93.816,93.328,93.52,118795.82
1778295600000,93.528,93.794,93.445,93.667,113641.66
1778299200000,93.668,94.216,93.172,93.27,146182.29
1778302800000,93.27,93.828,92.903,93.79,262167.37
1778306400000,93.79,94.171,93.285,93.583,182661.61
1778310000000,93.583,94.068,93.41,93.812,90698.85
1778313600000,93.812,94.021,93.727,93.805,117938.11
1778317200000,93.806,93.806,93.158,93.336,117352.58
1778320800000,93.336,93.644,93.161,93.437,96618.68
1778324400000,93.438,93.75,93.379,93.682,79656.0
1778328000000,93.682,93.786,93.309,93.484,85167.89
1778331600000,93.483,93.514,93.064,93.506,91497.87
1778335200000,93.506,93.514,92.807,92.905,132280.88
1778338800000,92.903,93.045,92.436,93.04,144970.89
1778342400000,93.04,93.299,92.704,92.787,157434.19
1778346000000,92.789,93.5,92.788,93.229,79297.98
1778349600000,93.227,93.658,93.177,93.381,70041.76
1778353200000,93.381,93.6,93.233,93.521,46464.21
1778356800000,93.531,93.542,93.149,93.233,115985.74
1778360400000,93.233,93.53,93.233,93.476,49167.65
1778364000000,93.476,93.51,93.211,93.324,53099.65
1778367600000,93.316,93.485,93.035,93.118,34949.63
1778371200000,93.106,93.325,92.903,93.007,74468.92
1778374800000,93.006,93.007,92.581,92.943,89794.21
1778378400000,92.939,93.095,92.78,93.016,29786.84
1778382000000,93.016,93.466,92.994,93.387,70120.63
1778385600000,93.386,93.469,93.215,93.331,24535.02
1778389200000,93.323,93.483,93.212,93.315,24789.07
1778392800000,93.303,93.434,93.212,93.376,31932.47
1778396400000,93.376,93.619,93.347,93.428,41103.47
1778400000000,93.421,94.069,93.393,94.034,60353.36
1778403600000,94.035,94.777,94.035,94.292,116750.38
1778407200000,94.292,94.368,93.607,93.841,100602.35
1778410800000,93.841,93.99,92.905,93.538,89654.27
1778414400000,93.529,93.61,93.191,93.301,28557.31
1778418000000,93.307,93.921,93.214,93.758,82908.13
1778421600000,93.748,94.147,93.653,93.854,106501.99
1778425200000,93.855,94.697,93.855,94.509,214494.59
1778428800000,94.534,94.98,94.163,94.821,200846.51
1778432400000,94.829,96.597,94.829,96.592,478634.24
1778436000000,96.592,96.96,96.207,96.495,258908.84
1778439600000,96.495,96.947,95.834,96.543,182468.12
1778443200000,96.539,96.68,93.5,94.578,602086.1800000001
1778446800000,94.577,95.665,94.518,95.114,239411.9
1778450400000,95.112,96.4,94.932,96.302,247815.84
1778454000000,96.311,96.938,96.047,96.5,205867.68
1778457600000,96.52,96.724,95.376,95.851,282491.54
1778461200000,95.85,96.448,95.387,96.11,103650.01
1778464800000,96.115,96.195,95.125,95.339,165591.31
1778468400000,95.347,95.372,94.466,94.788,253393.87
1778472000000,94.787,95.23,94.45,94.977,69804.48
1778475600000,94.979,95.894,94.955,95.718,91378.52
1778479200000,95.716,96.185,95.422,95.491,83970.24
1778482800000,95.49,95.575,95.156,95.348,106444.09
1778486400000,95.339,95.355,94.573,94.807,89088.0
1778490000000,94.789,95.367,94.775,95.285,85719.65
1778493600000,95.286,95.594,95.059,95.07,181056.33
1778497200000,95.07,95.519,94.928,95.274,57497.52
1778500800000,95.28,95.422,94.666,94.785,184599.31
1778504400000,94.786,95.49,94.548,95.226,193968.29
1778508000000,95.227,95.924,94.133,95.157,426404.83
1778511600000,95.157,96.826,94.886,96.806,401781.88
1778515200000,96.806,98.021,96.499,97.322,477168.35
1778518800000,97.308,97.947,96.859,97.766,288687.68
1778522400000,97.76,98.068,97.266,97.283,240523.97
1778526000000,97.284,98.42,97.033,98.212,203180.19
1778529600000,98.2,98.403,97.612,97.643,158464.67
1778533200000,97.643,97.825,97.343,97.404,65614.59
1778536800000,97.396,97.856,97.368,97.66,74937.39
1778540400000,97.642,97.642,97.115,97.371,112839.38
1778544000000,97.372,97.681,97.2,97.517,62950.29
1778547600000,97.517,97.669,95.532,96.251,426176.42
1778551200000,96.25,96.702,96.12,96.53,117578.03
1778554800000,96.529,96.614,96.016,96.11,109993.76
1778558400000,96.11,96.495,96.037,96.335,76087.97
1778562000000,96.335,96.762,96.239,96.557,117439.29
1778565600000,96.558,96.992,96.126,96.164,118201.23
1778569200000,96.162,96.299,95.8,96.016,99644.01
1778572800000,96.016,96.105,95.401,95.625,163499.83
1778576400000,95.626,96.027,95.278,95.759,131283.38
1778580000000,95.759,95.945,94.905,94.956,141345.05
1778583600000,94.956,94.992,94.585,94.964,98917.61
1778587200000,94.951,95.574,94.351,95.196,257632.64
1778590800000,95.195,95.36,94.55,94.651,203173.81
1778594400000,94.672,95.198,94.378,94.52,314387.2
1778598000000,94.52,94.731,93.522,93.816,350540.13
1778601600000,93.813,94.27,93.557,93.814,211440.53
1778605200000,93.814,94.65,93.806,94.48,150805.39
1778608800000,94.474,94.744,94.324,94.517,107354.17
1778612400000,94.531,94.965,94.531,94.898,98498.84
1778616000000,94.901,94.968,94.592,94.711,72760.29
1778619600000,94.72,94.847,94.5,94.639,64872.34
1778623200000,94.64,95.0,94.613,94.637,33225.48
1778626800000,94.637,94.716,94.213,94.246,75967.77
1778630400000,94.244,94.591,94.013,94.442,76328.82
1778634000000,94.442,95.411,94.442,95.15,204965.13
1778637600000,95.151,95.55,95.0,95.196,79953.26
1778641200000,95.205,95.521,95.038,95.52,44341.45
1778644800000,95.52,95.944,95.4,95.457,107062.16
1778648400000,95.457,95.48,95.079,95.211,70930.98
1778652000000,95.212,95.639,95.075,95.091,65342.37
1778655600000,95.089,95.26,94.835,95.091,54741.49
1778659200000,95.097,95.717,94.982,95.524,69395.46
1778662800000,95.525,95.845,95.525,95.66,86171.12
1778666400000,95.66,95.72,94.67,94.762,142270.24
1778670000000,94.762,94.783,94.14,94.28,190630.04
1778673600000,94.269,94.58,92.185,93.13,493992.75
1778677200000,93.132,93.41,91.883,92.23,455553.64
1778680800000,92.23,92.29,91.373,91.736,288933.86
1778684400000,91.735,91.893,90.26,90.399,487911.72
1778688000000,90.399,91.25,90.38,90.845,338510.19
1778691600000,90.845,91.124,90.7,90.874,101004.82
1778695200000,90.875,91.386,90.734,90.901,172507.08
1778698800000,90.902,90.976,90.48,90.907,149439.78
1778702400000,90.908,91.294,90.908,91.192,47582.48
1778706000000,91.194,91.226,90.713,90.849,63521.26
1778709600000,90.85,91.197,90.61,91.134,43130.29
1778713200000,91.134,91.278,91.012,91.115,27597.18
1778716800000,91.122,91.384,91.046,91.169,45516.62
1778720400000,91.17,91.317,90.942,91.141,36229.71
1778724000000,91.118,91.216,90.411,90.523,114271.74
1778727600000,90.522,90.728,89.774,89.884,216247.77
1778731200000,89.884,90.588,89.802,90.435,95424.84
1778734800000,90.439,91.424,90.378,91.252,104914.78
1778738400000,91.252,91.423,91.108,91.356,72405.37
1778742000000,91.356,91.596,90.647,90.842,126128.18
1778745600000,90.842,91.25,90.647,91.015,74404.21
1778749200000,91.014,91.101,90.537,90.816,60374.47
1778752800000,90.806,91.095,90.596,90.999,53361.64
1778756400000,90.998,91.039,90.563,90.591,38463.25
1778760000000,90.59,91.227,90.5,91.161,64243.79
1778763600000,91.161,91.434,90.673,90.748,125916.27
1778767200000,90.748,92.245,90.57,92.228,444865.69
1778770800000,92.228,93.186,91.887,93.113,288310.0
1778774400000,93.112,93.6,92.299,93.31,292397.55
1778778000000,93.286,93.548,92.242,92.947,249606.19
1778781600000,92.967,93.611,92.63,93.393,247074.13
1778785200000,93.394,93.589,92.75,92.838,104458.61
1778788800000,92.839,92.921,92.319,92.671,67652.22
1778792400000,92.694,92.901,92.506,92.673,39340.37
1778796000000,92.673,92.869,92.572,92.608,20333.15
1778799600000,92.605,92.605,92.085,92.119,46478.78
1778803200000,92.111,92.623,92.066,92.406,170443.39
1778806800000,92.386,92.51,91.64,91.697,102504.03
1778810400000,91.696,92.385,91.426,92.318,197848.37
1778814000000,92.317,92.419,91.83,92.026,40363.53
1778817600000,92.025,92.025,91.143,91.216,153690.42
1778821200000,91.216,91.474,90.212,90.546,177553.45
1778824800000,90.546,91.021,90.432,90.958,79579.46
1778828400000,90.959,91.663,90.9,91.558,133860.03
1778832000000,91.559,91.588,90.918,91.215,61587.02
1778835600000,91.218,91.256,90.884,91.109,67591.67
1778839200000,91.116,91.518,90.954,91.421,63053.81
1778842800000,91.42,91.5,91.141,91.212,60551.99
1778846400000,91.208,91.218,90.527,90.626,83334.04
1778850000000,90.62,90.62,88.607,88.844,523932.18
1778853600000,88.843,89.511,88.457,89.01,306598.53
1778857200000,89.011,89.238,88.667,89.001,76701.49
1778860800000,89.009,89.66,88.77,89.489,212084.53
1778864400000,89.482,89.908,89.46,89.787,149615.81
1778868000000,89.788,90.057,89.464,89.768,94477.95
1778871600000,89.768,89.774,89.301,89.378,69609.26
1778875200000,89.383,89.468,89.05,89.237,94931.06
1778878800000,89.237,89.382,88.95,89.006,44409.11
1778882400000,89.008,89.306,89.008,89.29,19631.04
1778886000000,89.289,89.342,89.168,89.206,16648.71
1778889600000,89.204,89.379,89.112,89.177,38411.47
1778893200000,89.179,89.293,88.893,89.257,45100.36
1778896800000,89.257,89.34,88.923,89.15,25540.55
1778900400000,89.15,89.219,88.931,89.016,35698.41
1778904000000,88.99,89.03,88.121,88.783,339817.05
1778907600000,88.784,88.852,88.226,88.513,73227.56
1778911200000,88.526,88.601,87.777,87.961,123573.21
1778914800000,87.961,87.966,86.621,87.414,239831.34
1778918400000,87.413,87.575,87.313,87.443,29482.0
1778922000000,87.423,87.456,85.708,86.003,257125.51
1778925600000,86.002,86.092,85.45,85.949,119808.13
1778929200000,85.949,86.262,85.949,86.053,72512.93
1778932800000,86.044,86.37,85.959,86.199,74711.46
1778936400000,86.199,86.293,86.057,86.196,67643.28
1778940000000,86.196,86.62,86.001,86.342,116452.75
1778943600000,86.341,86.618,86.215,86.437,65234.76
1778947200000,86.437,86.727,86.33,86.574,43309.91
1778950800000,86.579,86.903,86.579,86.755,42473.93
1778954400000,86.755,86.925,86.57,86.769,34770.11
1778958000000,86.769,86.808,86.635,86.655,50023.85
1778961600000,86.655,86.86,86.635,86.637,19178.96
1778965200000,86.631,86.725,86.443,86.547,27296.38
1778968800000,86.545,86.65,86.415,86.486,12457.61
1778972400000,86.486,86.642,86.449,86.495,10425.59
1778976000000,86.492,86.684,85.905,86.05,66435.38
1778979600000,86.051,86.288,85.536,85.713,74945.49
1778983200000,85.702,86.204,85.702,85.954,24285.42
1778986800000,85.946,86.565,85.942,86.467,42940.35
1778990400000,86.463,86.928,86.422,86.804,28929.56
1778994000000,86.803,87.257,86.801,86.852,42260.41
1778997600000,86.852,86.966,86.688,86.808,26437.26
1779001200000,86.81,87.057,86.73,86.93,30418.72
1779004800000,86.93,86.976,86.557,86.781,17492.51
1779008400000,86.782,86.95,86.678,86.842,53843.91
1779012000000,86.842,87.212,86.763,86.954,50431.36
1779015600000,86.951,86.971,86.75,86.855,15524.78
1779019200000,86.856,86.973,86.68,86.723,27323.83
1779022800000,86.723,86.737,86.251,86.353,77908.33
1779026400000,86.355,86.423,85.917,86.268,178452.18
1779030000000,86.269,86.452,86.124,86.415,54780.96
1779033600000,86.416,86.66,86.185,86.268,86866.44
1779037200000,86.268,86.317,85.97,86.214,52067.81
1779040800000,86.214,86.391,85.978,86.391,25765.66
1779044400000,86.382,86.9,86.382,86.777,56447.1
1779048000000,86.763,86.823,86.545,86.649,37573.26
1779051600000,86.641,86.928,86.562,86.892,48613.98
1779055200000,86.891,86.891,85.967,86.185,83446.68
1779058800000,86.188,86.188,83.311,85.176,579269.75
1779062400000,85.177,85.309,84.337,85.304,181830.61
1779066000000,85.296,85.439,84.5,84.936,178278.91
1779069600000,84.936,85.3,84.668,84.832,56795.15
1779073200000,84.83,85.19,84.687,84.798,35137.02
1779076800000,84.799,85.25,84.556,85.199,46283.82
1779080400000,85.2,85.317,84.607,84.821,90664.45
1779084000000,84.822,84.92,84.205,84.681,81435.64
1779087600000,84.7,84.95,84.374,84.72,74858.2
1779091200000,84.716,84.95,84.576,84.867,47486.73
1779094800000,84.867,84.886,84.432,84.451,20572.23
1779098400000,84.449,84.475,84.179,84.233,61573.73
1779102000000,84.232,85.284,84.058,84.925,100977.03
1779105600000,84.927,85.762,84.927,85.523,346624.85
1779109200000,85.522,85.523,84.277,84.643,196753.72
1779112800000,84.649,84.65,83.662,83.947,225110.67
1779116400000,83.947,84.38,83.591,84.178,183421.28
1779120000000,84.18,84.479,83.976,84.295,245380.64
1779123600000,84.295,84.683,84.233,84.376,55396.88
1779127200000,84.377,84.413,83.484,83.507,149631.54
1779130800000,83.498,85.258,83.485,84.979,283276.99
1779134400000,84.98,85.384,84.814,84.893,115847.23
1779138000000,84.893,85.65,84.76,85.556,67204.31
1779141600000,85.556,85.754,85.259,85.44,62233.56
1779145200000,85.439,85.625,85.248,85.362,25623.67
1779148800000,85.363,85.926,85.311,85.566,62520.39
1779152400000,85.563,85.587,84.873,84.873,89998.89
1779156000000,84.873,85.26,84.587,84.826,71954.14
1779159600000,84.827,85.206,84.703,85.044,20448.74
1779163200000,85.045,85.279,84.765,85.118,30374.32
1779166800000,85.119,85.247,84.424,85.141,74767.48
1779170400000,85.142,85.547,85.08,85.218,39636.96
1779174000000,85.217,85.579,85.091,85.443,39515.25
1779177600000,85.452,85.544,85.0,85.195,33628.42
1779181200000,85.195,85.262,84.437,84.717,87800.99
1779184800000,84.717,84.82,84.295,84.655,49246.72
1779188400000,84.663,84.774,84.238,84.362,79600.93
1779192000000,84.357,84.76,84.26,84.74,60908.71
1779195600000,84.741,85.069,84.353,84.769,99060.92
1779199200000,84.769,84.909,83.665,84.069,144335.83
1779202800000,84.06,84.53,83.99,84.319,94873.51
1779206400000,84.32,84.872,84.111,84.822,66788.44
1779210000000,84.822,85.0,84.438,84.654,45386.93
1779213600000,84.649,84.786,84.215,84.335,57066.65
1779217200000,84.335,84.703,84.198,84.316,54142.56
1779220800000,84.315,84.567,84.275,84.502,29762.07
1779224400000,84.503,84.626,84.373,84.415,33495.43
1779228000000,84.419,84.419,84.0,84.099,60238.4
1779231600000,84.095,84.575,84.02,84.258,51401.11
1779235200000,84.269,84.369,83.91,84.2,47248.87
1779238800000,84.208,84.498,83.833,84.339,49329.18
1779242400000,84.338,84.464,83.894,83.942,88096.78
1779246000000,83.945,84.221,83.829,84.048,65445.92
1779249600000,84.065,84.174,83.85,84.174,20311.61
1779253200000,84.176,84.914,84.176,84.725,166321.14
1779256800000,84.725,84.98,84.7,84.947,55618.82
1779260400000,84.948,85.097,84.657,84.706,53922.1
1779264000000,84.713,85.133,84.679,84.944,26850.02
1779267600000,84.941,85.036,84.793,84.845,30125.94
1779271200000,84.841,85.158,84.841,84.926,19083.21
1779274800000,84.926,85.005,84.53,84.671,54314.66
1779278400000,84.662,85.297,84.573,85.066,68240.42
1779282000000,85.067,85.12,84.15,84.637,149178.64
1779285600000,84.641,86.142,84.297,85.856,247936.25
1779289200000,85.852,86.301,85.378,85.894,155132.62
1779292800000,85.904,86.8,85.51,86.451,237964.85
1779296400000,86.454,87.048,86.273,86.489,77881.3
1779300000000,86.489,86.542,85.678,85.816,75755.88
1779303600000,85.807,86.261,85.614,86.159,59048.76
1779307200000,86.155,86.218,85.523,86.17,105569.44
1779310800000,86.166,86.316,85.95,85.962,69910.52
1779314400000,85.961,86.2,85.591,86.004,62513.63
1779318000000,86.004,86.131,85.84,86.122,63692.93
1779321600000,86.133,86.805,86.071,86.62,95383.42
1779325200000,86.62,87.01,86.424,86.524,154256.5
1779328800000,86.525,86.856,86.418,86.6,55952.93
1779332400000,86.6,86.9,86.517,86.833,31796.3
1779336000000,86.827,87.214,86.765,86.977,201493.67
1779339600000,86.977,87.09,86.34,86.482,46758.39
1779343200000,86.491,86.575,86.206,86.292,29082.99
1779346800000,86.293,86.698,86.241,86.607,32546.49
1779350400000,86.608,87.183,86.608,86.835,124482.22
1779354000000,86.831,87.02,86.439,86.468,61161.49
1779357600000,86.469,86.636,85.689,85.69,143176.47
1779361200000,85.69,85.898,85.535,85.549,47220.2
1779364800000,85.549,85.816,85.407,85.726,47918.57
1779368400000,85.725,86.091,85.285,86.044,110162.92
1779372000000,86.037,86.5,85.579,85.991,381900.41
1779375600000,85.991,86.918,85.882,86.444,199687.47
1779379200000,86.445,86.574,86.036,86.238,103806.85
1779382800000,86.24,88.0,86.173,87.603,320746.76
1779386400000,87.603,87.77,86.785,87.064,118583.01
1779390000000,87.061,87.888,87.056,87.825,73506.97
1779393600000,87.837,87.913,87.5,87.551,38781.61
1779397200000,87.55,87.689,87.258,87.347,139461.54
1779400800000,87.347,87.488,87.128,87.18,30017.52
1779404400000,87.18,87.384,87.007,87.331,45623.23
1779408000000,87.337,87.35,86.828,86.829,58626.04
1779411600000,86.829,87.075,86.581,87.037,60988.57
1779415200000,87.041,87.21,86.975,87.15,44198.61
1779418800000,87.15,87.288,86.897,87.002,38182.22
1779422400000,87.003,87.372,86.894,86.951,45317.91
1779426000000,86.948,87.121,86.692,86.772,34626.73
1779429600000,86.772,86.816,86.482,86.68,64062.53
1779433200000,86.681,87.108,86.515,86.942,35465.89
1779436800000,86.941,87.486,86.822,87.112,60719.3
1779440400000,87.111,87.361,87.017,87.233,52199.84
1779444000000,87.233,87.252,86.87,86.959,15235.8
1779447600000,86.96,87.313,86.692,87.3,31025.32
1779451200000,87.307,87.761,87.224,87.739,88066.77
1779454800000,87.739,87.832,87.066,87.364,111015.38
1779458400000,87.363,87.363,86.334,86.584,89503.05
1779462000000,86.572,86.958,86.245,86.74,87319.95
1779465600000,86.735,86.994,86.625,86.898,34203.92
1779469200000,86.899,87.15,86.48,86.604,76362.91
1779472800000,86.604,86.645,84.511,85.43,190883.43
1779476400000,85.425,85.598,83.962,84.545,405761.33
1779480000000,84.542,85.045,84.542,84.973,111419.03
1779483600000,84.973,85.27,84.907,85.144,40811.85
1779487200000,85.145,85.195,84.776,84.922,45350.7
1779490800000,84.923,85.122,83.934,84.326,251981.16
1779494400000,84.33,84.499,84.035,84.395,104213.51
1779498000000,84.396,84.598,84.274,84.457,72697.16
1779501600000,84.457,84.526,84.156,84.469,65440.77
1779505200000,84.469,84.702,84.438,84.639,55537.73
1779508800000,84.642,84.672,84.31,84.36,37126.27
1779512400000,84.36,84.43,84.131,84.412,20344.01
1779516000000,84.412,84.452,84.129,84.209,24937.51
1779519600000,84.212,84.26,81.448,82.18,393917.88
1779523200000,82.187,82.271,81.617,82.075,160996.08
1779526800000,82.076,82.141,81.929,81.941,49329.36
1779530400000,81.947,82.308,81.946,82.181,39250.19
1779534000000,82.182,82.4,82.168,82.22,40913.81
1779537600000,82.218,82.49,82.084,82.424,153962.47
1779541200000,82.424,83.35,82.423,83.165,219423.74
1779544800000,83.167,84.431,83.038,84.068,140555.56
1779548400000,84.079,84.491,83.59,84.04,78740.33
1779552000000,84.04,84.249,83.877,84.063,58440.98
1779555600000,84.053,84.299,83.954,84.169,48834.92
1779559200000,84.179,85.1,84.132,84.668,179862.25
1779562800000,84.684,85.068,84.576,84.912,36056.03
1779566400000,84.923,87.084,84.751,87.04,234499.2
1779570000000,87.043,87.488,85.9,86.237,149728.46
1779573600000,86.241,86.559,85.464,85.756,209549.84
1779577200000,85.757,85.872,85.61,85.694,53050.31
1779580800000,85.696,85.958,85.562,85.84,87245.07
1779584400000,85.857,86.193,85.836,85.969,68541.8
1779588000000,85.97,86.054,85.683,85.922,45033.24
1779591600000,85.922,86.067,85.56,85.751,22837.99
1779595200000,85.74,86.064,85.74,85.886,50115.49
1779598800000,85.886,86.129,85.53,86.123,28783.36
1779602400000,86.122,86.447,85.891,86.4,26121.32
1779606000000,86.416,86.646,86.0,86.027,77092.26
1779609600000,86.047,86.479,85.982,86.471,34312.9
1779613200000,86.471,87.0,86.389,86.513,47612.09
1779616800000,86.523,86.689,86.219,86.453,54066.46
1779620400000,86.452,86.861,86.409,86.629,44636.99
1779624000000,86.636,86.647,86.102,86.298,86731.44
1779627600000,86.298,86.403,85.706,85.86,57159.13
1779631200000,85.861,85.967,84.416,85.202,222587.72
1779634800000,85.201,85.41,85.111,85.256,51203.18
1779638400000,85.257,85.811,85.141,85.61,150118.44
1779642000000,85.61,85.776,85.461,85.616,26617.28
1779645600000,85.616,85.65,85.216,85.35,28484.28
1779649200000,85.356,85.465,85.18,85.321,53593.06
1779652800000,85.321,85.369,84.54,84.742,70066.17
1779656400000,84.741,84.939,83.641,83.908,161745.39
1779660000000,83.908,85.282,83.908,84.935,118956.66
1779663600000,84.944,85.481,84.944,85.213,40815.25
1779667200000,85.222,85.598,85.217,85.437,25195.33
1779670800000,85.455,85.549,84.78,84.79,29216.03
1779674400000,84.796,85.74,84.796,85.007,210646.74
1779678000000,85.008,85.11,84.739,84.879,58050.57
1779681600000,84.88,85.878,84.856,85.794,74822.92
1779685200000,85.802,86.155,85.714,85.941,104567.36
1779688800000,85.941,86.128,85.602,85.935,68450.25
1779692400000,85.945,86.094,85.553,85.915,37572.62
1779696000000,85.916,86.042,85.725,85.977,36876.86
1779699600000,85.978,86.17,85.882,85.91,52091.73
1779703200000,85.905,86.065,85.861,86.025,14613.94
1779706800000,86.021,86.093,85.66,85.713,34922.33
1779710400000,85.731,86.053,85.633,85.83,44560.41
1779714000000,85.829,85.986,85.73,85.973,42169.63
1779717600000,85.973,86.423,85.907,86.311,102167.6
1779721200000,86.311,86.485,86.025,86.206,49176.1
1779724800000,86.208,86.394,85.947,86.239,37619.65
1779728400000,86.226,86.355,86.032,86.101,22040.51
1779732000000,86.099,86.265,85.855,85.865,17115.96
1779735600000,85.865,85.909,85.502,85.604,41070.08
1779739200000,85.604,85.868,85.265,85.363,85567.5
1779742800000,85.362,85.532,85.25,85.329,31559.19
1779746400000,85.328,85.49,84.67,84.772,60666.81
1779750000000,84.761,85.151,84.685,85.018,86745.76
1779753600000,85.018,85.04,83.866,84.351,103055.65
1779757200000,84.35,84.505,83.788,84.047,265969.2
1779760800000,84.048,84.173,83.868,83.962,70496.46
1779764400000,83.962,84.203,83.787,84.164,65195.44
1779768000000,84.164,84.529,83.953,84.324,208695.05
1779771600000,84.324,84.937,84.233,84.597,154892.33
1779775200000,84.598,84.765,84.355,84.542,34702.41
1779778800000,84.543,84.575,84.053,84.306,44728.94
1779782400000,84.31,84.519,84.3,84.398,15730.69
1779786000000,84.399,84.669,84.297,84.44,60313.05
1779789600000,84.441,85.762,84.33,85.519,169649.94
1779793200000,85.515,85.605,85.19,85.19,44932.82
1779796800000,85.19,85.362,84.778,85.288,62544.03
1779800400000,85.289,85.734,84.663,85.437,138369.15
1779804000000,85.466,86.088,84.743,85.213,326676.8
1779807600000,85.2,85.319,84.0,84.459,192010.66
1779811200000,84.459,84.518,83.913,84.183,119746.41
1779814800000,84.192,84.349,83.095,83.54,180350.94
1779818400000,83.539,84.05,83.43,83.561,115382.75
1779822000000,83.566,83.96,83.309,83.713,77648.36
1779825600000,83.727,83.914,83.681,83.89,41277.63
1779829200000,83.89,83.912,83.53,83.644,37594.77
1779832800000,83.644,83.814,83.482,83.603,75158.71
1779836400000,83.604,83.79,83.572,83.639,54937.98
1779840000000,83.64,84.142,83.64,84.1,102202.42
1779843600000,84.1,84.143,83.748,83.82,22135.72
1779847200000,83.82,83.898,83.523,83.898,24919.42
1779850800000,83.9,84.024,83.432,83.584,39366.42
1779854400000,83.575,83.638,82.792,83.597,54818.44
1779858000000,83.604,83.888,83.532,83.845,18530.43
1779861600000,83.845,84.009,83.7,84.002,24814.28
1779865200000,84.003,84.166,83.847,84.159,44262.44
1779868800000,84.161,84.381,83.85,83.896,25768.11
1779872400000,83.897,83.927,83.567,83.744,36805.81
1779876000000,83.749,84.055,83.64,83.918,13611.53
1779879600000,83.915,84.198,83.869,83.906,44014.41
1779883200000,83.907,84.651,83.53,83.893,111372.13
1779886800000,83.892,84.01,82.922,83.595,144944.61
1779890400000,83.598,84.11,83.207,83.863,214054.09
1779894000000,83.863,84.776,83.856,84.399,117144.98
1779897600000,84.398,84.704,83.833,84.147,76548.35
1779901200000,84.147,84.159,83.138,83.374,89417.47
1779904800000,83.374,83.974,83.158,83.916,44791.85
1779908400000,83.916,84.109,83.846,83.873,57121.5
1779912000000,83.896,84.098,83.713,83.784,31963.12
1779915600000,83.782,83.782,82.081,82.425,194137.78
1779919200000,82.426,82.977,82.228,82.397,139036.85
1779922800000,82.395,82.623,82.151,82.382,93834.95
1779926400000,82.379,82.7,82.316,82.666,114957.88
1779930000000,82.671,82.711,81.888,82.219,81592.03
1779933600000,82.219,82.383,81.984,82.067,42583.71
1779937200000,82.066,82.2,80.477,80.671,344310.72
1779940800000,80.679,80.896,79.991,80.852,204199.29
1779944400000,80.852,80.935,80.399,80.654,48029.84
1779948000000,80.654,81.022,80.496,80.909,100008.6
1779951600000,80.898,81.249,80.802,81.205,29769.39
1779955200000,81.201,81.232,80.78,80.939,22425.3
1779958800000,80.938,81.267,80.78,81.177,32363.61
1779962400000,81.177,81.27,80.696,80.706,74100.88
1779966000000,80.707,80.886,80.549,80.839,27093.44
1779969600000,80.831,81.214,80.534,81.093,45414.99
1779973200000,81.095,81.355,80.495,80.746,91279.25
1779976800000,80.752,81.641,79.953,81.143,337052.75
1779980400000,81.141,81.341,80.526,81.101,153545.17
1779984000000,81.101,82.165,80.887,82.019,231922.97
1779987600000,82.042,82.624,81.82,82.268,205205.69
1779991200000,82.266,82.979,82.221,82.876,154323.17
1779994800000,82.88,82.883,82.121,82.146,79497.18
1779998400000,82.153,82.588,81.76,82.268,83703.89
1780002000000,82.269,82.649,82.208,82.416,51001.33
1780005600000,82.41,82.605,81.902,82.02,220154.87
1780009200000,82.022,82.249,81.97,82.091,20686.74
1780012800000,82.091,82.452,82.091,82.3,24731.47
1780016400000,82.301,82.447,82.044,82.173,34722.31
1780020000000,82.174,82.287,81.452,81.526,49455.41
1780023600000,81.531,81.921,81.5,81.594,34613.7
1780027200000,81.597,81.926,81.342,81.906,49996.46
1780030800000,81.906,82.171,81.804,82.054,39845.97
1780034400000,82.021,82.473,81.996,82.273,33884.98
1780038000000,82.267,82.434,81.883,82.213,30414.51
1780041600000,82.213,82.471,82.143,82.184,31772.5
1780045200000,82.181,82.614,82.174,82.452,27464.33
1780048800000,82.414,82.414,82.074,82.127,26494.69
1780052400000,82.128,82.198,81.5,81.738,58248.83
1780056000000,81.737,81.779,81.279,81.477,86323.43
1780059600000,81.47,81.676,81.07,81.4,74723.97
1780063200000,81.405,81.571,80.333,81.312,309016.34
1780066800000,81.32,83.223,81.177,82.539,315871.61
1780070400000,82.552,83.089,82.169,82.913,87007.95
1780074000000,82.914,83.2,82.658,82.781,99250.76
1780077600000,82.769,82.977,81.814,82.034,76895.8
1780081200000,82.034,82.38,81.563,82.055,90995.57
1780084800000,82.052,82.33,82.009,82.205,37834.69
1780088400000,82.206,82.371,81.686,81.687,80604.24
1780092000000,81.686,81.982,81.598,81.964,37306.35
1780095600000,81.962,82.077,81.751,82.009,33536.27
1780099200000,82.009,82.327,81.937,82.263,25194.06
1780102800000,82.263,82.867,82.188,82.795,52626.25
1780106400000,82.795,82.999,82.75,82.962,52399.37
1780110000000,82.962,83.07,82.62,82.65,33347.53
1780113600000,82.645,82.767,81.843,82.294,116626.56
1780117200000,82.296,82.686,82.185,82.56,42260.6
1780120800000,82.561,82.7,82.36,82.447,17020.14
1780124400000,82.439,82.48,82.234,82.33,10203.93
1780128000000,82.331,82.352,82.18,82.189,65882.11
1780131600000,82.19,82.332,82.185,82.298,44636.47
1780135200000,82.298,82.466,82.284,82.346,21068.83
1780138800000,82.347,82.505,82.182,82.292,19388.34
1780142400000,82.292,82.402,82.21,82.396,33364.6
1780146000000,82.396,82.5,82.213,82.449,28153.52
1780149600000,82.449,82.712,82.414,82.6,56679.51
1780153200000,82.599,82.886,82.46,82.637,42015.58
1780156800000,82.643,82.896,82.599,82.855,45950.13
1780160400000,82.855,83.014,82.615,83.014,49272.53
1780164000000,83.014,83.091,82.839,82.978,21253.24
1780167600000,82.979,83.002,82.74,82.948,16312.68
1780171200000,82.949,83.039,82.839,82.918,15683.03
1780174800000,82.919,83.136,82.885,82.97,49362.86
1780178400000,82.98,82.98,82.408,82.617,60246.23
1780182000000,82.617,82.881,82.48,82.7,27228.82
1780185600000,82.7,82.923,82.602,82.915,21961.35
1780189200000,82.914,83.188,82.896,82.986,26411.29
1780192800000,82.987,83.384,82.84,83.12,55922.57
1780196400000,83.121,83.314,83.069,83.208,34207.52
1780200000000,83.207,83.289,83.072,83.212,50833.97
1780203600000,83.185,83.212,82.981,83.021,55693.36
1780207200000,83.021,83.021,82.824,82.945,13191.58
1780210800000,82.928,82.929,82.486,82.649,33720.89
1780214400000,82.649,82.847,82.574,82.784,18485.44
1780218000000,82.782,83.04,82.641,82.732,93341.08
1780221600000,82.732,82.732,82.462,82.688,22300.83
1780225200000,82.689,82.826,82.659,82.735,18927.66
1780228800000,82.734,82.919,82.562,82.807,14276.55
1780232400000,82.806,83.107,82.655,82.751,32096.03
1780236000000,82.752,82.752,81.6,81.932,201024.78
1780239600000,81.932,82.244,81.825,81.84,41635.1
1780243200000,81.84,82.003,81.402,81.541,63192.14
1780246800000,81.545,81.881,81.438,81.829,51148.27
1780250400000,81.832,81.844,81.592,81.715,19544.34
1780254000000,81.716,81.763,81.313,81.567,49154.31
1780257600000,81.568,81.982,81.567,81.94,31668.71
1780261200000,81.934,82.345,81.856,82.281,34605.85
1780264800000,82.283,82.673,82.005,82.499,64007.23
1780268400000,82.509,82.919,81.934,82.417,58184.84
1780272000000,82.417,83.094,82.342,82.812,69214.98
1780275600000,82.809,82.854,81.706,81.732,130540.6
1780279200000,81.732,82.866,81.61,82.668,158025.43
1780282800000,82.666,82.967,82.54,82.593,42245.65
1780286400000,82.6,82.746,81.741,81.998,132381.68
1780290000000,81.998,82.066,81.597,81.773,41418.96
1780293600000,81.772,81.831,81.09,81.416,66319.99
1780297200000,81.416,81.529,80.58,80.692,111082.71
1780300800000,80.679,81.014,80.418,80.943,102858.6
1780304400000,80.948,81.239,80.948,81.025,92374.93
1780308000000,81.031,81.133,80.8,81.041,55082.5
1780311600000,81.061,81.187,80.58,80.78,42410.68
1780315200000,80.79,81.054,80.232,80.807,137694.15
1780318800000,80.807,80.832,79.279,79.784,301209.2
1780322400000,79.797,80.07,79.4,79.65,134520.73
1780326000000,79.665,80.037,79.168,79.568,214377.18
1780329600000,79.579,80.412,79.091,80.381,242961.38
1780333200000,80.38,81.186,80.261,80.915,242023.57
1780336800000,80.913,81.226,80.558,80.85,140615.92
1780340400000,80.85,81.315,80.58,81.182,192871.6
1780344000000,81.184,81.218,80.95,81.104,52073.86
1780347600000,81.104,81.123,80.5,80.664,99673.13
1780351200000,80.665,81.455,80.313,81.388,135804.94
1780354800000,81.382,81.64,81.071,81.25,95930.5
1780358400000,81.256,81.272,80.859,80.861,26065.83
1780362000000,80.864,80.988,80.035,80.073,101171.94
1780365600000,80.073,80.747,79.375,80.744,167125.73
1780369200000,80.747,81.03,80.617,80.89,77746.98
1780372800000,80.896,81.0,80.355,80.409,62618.56
1780376400000,80.413,80.557,79.57,79.595,150846.35
1780380000000,79.594,79.79,79.319,79.542,59112.91
1780383600000,79.543,79.886,79.11,79.632,108071.0
1780387200000,79.636,79.759,79.432,79.573,63866.02
1780390800000,79.574,79.599,78.737,79.066,148907.76
1780394400000,79.066,79.438,78.93,79.41,48436.35
1780398000000,79.409,79.416,78.813,78.903,69449.37
1780401600000,78.898,79.114,78.636,78.931,102704.86
1780405200000,78.947,79.199,78.765,78.888,71575.59
1780408800000,78.906,78.938,76.708,77.395,497361.45
1780412400000,77.394,77.433,75.5,76.343,528254.29
1780416000000,76.34,77.6,76.11,76.672,277355.51
1780419600000,76.672,77.134,76.432,76.787,300263.69
1780423200000,76.787,77.023,75.778,76.095,160842.82
1780426800000,76.097,76.211,74.412,75.473,445896.27
1780430400000,75.473,75.873,74.734,75.39,186908.3
1780434000000,75.396,76.043,75.293,75.616,149578.51
1780437600000,75.615,75.615,73.3,73.584,412840.07
1780441200000,73.587,74.274,72.682,74.159,386389.8
1780444800000,74.18,75.088,73.959,74.769,211820.66
1780448400000,74.786,74.992,74.091,74.7,87232.55
1780452000000,74.7,74.758,74.164,74.367,48237.43
1780455600000,74.354,74.477,72.233,72.657,316093.24
1780459200000,72.66,74.081,72.653,74.018,360083.01
1780462800000,74.021,74.875,74.021,74.693,234330.01
1780466400000,74.694,75.3,74.627,74.813,124165.66
1780470000000,74.821,75.388,74.715,75.226,102043.04
1780473600000,75.225,75.294,74.826,74.959,100586.66
1780477200000,74.96,75.365,74.66,74.963,107801.93
1780480800000,74.964,75.558,74.929,75.519,91106.27
1780484400000,75.519,75.687,74.961,75.076,96623.9
1780488000000,75.078,75.227,74.654,75.132,95044.69
1780491600000,75.135,75.342,74.367,74.478,304179.76
1780495200000,74.513,74.533,73.803,74.408,275835.89
1780498800000,74.411,74.435,73.164,73.224,402493.76
1780502400000,73.228,73.409,71.981,72.947,371179.93
1780506000000,72.949,74.078,72.311,73.123,439750.68
1780509600000,73.13,73.433,72.41,73.055,217648.92
1780513200000,73.064,73.13,71.65,71.956,309291.56
1780516800000,71.957,72.38,70.888,71.173,452245.48
1780520400000,71.172,72.833,70.972,72.78,536254.63
1780524000000,72.78,73.118,71.921,72.183,165017.18
1780527600000,72.176,72.247,71.533,71.592,148070.56
1780531200000,71.593,72.06,70.29,70.72,314928.02
1780534800000,70.724,70.927,68.375,68.561,724783.9300000001
1780538400000,68.564,70.414,66.671,70.011,963935.75
1780542000000,70.004,71.601,70.004,71.427,353416.38
1780545600000,71.427,71.719,70.758,70.845,150129.32
1780549200000,70.844,70.844,69.879,70.301,237608.69
1780552800000,70.295,71.177,70.221,70.322,227404.06
1780556400000,70.323,70.364,69.096,69.114,267144.52
1780560000000,69.111,69.4,68.287,69.206,193441.53
1780563600000,69.193,69.209,67.697,68.829,274410.71
1780567200000,68.82,68.882,67.516,67.843,229640.32
1780570800000,67.84,68.656,67.364,68.654,298691.8
1780574400000,68.65,70.322,68.276,70.065,406125.22
1780578000000,70.065,70.542,69.008,70.328,293876.24
1780581600000,70.328,70.613,69.531,69.742,137184.86
1780585200000,69.741,70.48,69.374,69.612,181858.58
1780588800000,69.613,69.639,68.934,69.38,148045.07
1780592400000,69.38,69.719,68.483,69.21,296880.46
1780596000000,69.212,69.852,68.61,69.487,158262.24
1780599600000,69.48,69.687,69.0,69.064,173029.93
1780603200000,69.058,69.101,68.412,68.784,199491.16
1780606800000,68.774,69.007,67.573,67.757,228290.42
1780610400000,67.755,68.525,67.539,68.45,151465.18
1780614000000,68.444,68.88,67.969,68.843,97159.18
1780617600000,68.827,69.06,68.23,68.275,106265.56
1780621200000,68.27,68.777,67.504,68.459,161794.71
1780624800000,68.47,68.561,67.128,67.273,261779.93
1780628400000,67.289,67.83,66.9,67.019,231589.93
1780632000000,67.03,67.955,66.442,67.891,264360.57
1780635600000,67.904,68.064,66.026,66.165,237301.64
1780639200000,66.172,66.484,63.75,65.004,837239.47
1780642800000,64.985,66.258,63.876,66.115,320311.43
1780646400000,66.13,66.146,65.037,65.263,132522.3
1780650000000,65.264,66.554,65.259,66.517,234246.29
1780653600000,66.522,66.704,66.12,66.374,182605.27
1780657200000,66.379,66.751,65.8,66.036,190886.1
1780660800000,66.033,66.3,65.195,65.795,212222.54
1780664400000,65.785,66.776,64.265,64.287,428526.24
1780668000000,64.283,65.829,63.93,65.228,534659.53
1780671600000,65.234,65.297,63.72,64.22,372720.7
1780675200000,64.222,65.966,63.142,65.848,688075.7
1780678800000,65.845,66.038,64.765,65.076,206094.14
1780682400000,65.073,65.357,62.55,62.853,686069.39
1780686000000,62.841,63.791,61.44,63.42,834745.12
1780689600000,63.41,64.779,62.64,64.64,451840.62
1780693200000,64.64,65.372,64.52,64.887,274256.46
1780696800000,64.863,64.867,63.74,64.376,944114.8100000001
1780700400000,64.383,64.777,62.577,63.591,367983.86
1780704000000,63.591,64.785,63.59,64.623,174229.51
1780707600000,64.625,64.82,63.754,63.802,153127.03
1780711200000,63.802,63.891,63.232,63.483,235134.49
1780714800000,63.476,63.476,62.527,62.795,228043.63
1780718400000,62.788,63.059,60.271,60.798,813174.04
1780722000000,60.798,62.663,60.062,62.565,621008.6
1780725600000,62.579,63.293,62.048,62.186,225624.38
1780729200000,62.18,63.1,62.024,62.712,145634.79
1780732800000,62.742,63.555,62.494,63.118,235420.68
1780736400000,63.13,63.515,62.437,62.66,161709.86
1780740000000,62.659,62.659,61.142,61.805,240006.4
1780743600000,61.788,62.612,61.721,62.398,174838.74
1780747200000,62.398,63.051,61.99,62.856,116239.99
1780750800000,62.847,63.0,62.121,62.371,188615.44
1780754400000,62.386,62.878,62.258,62.287,166011.1
1780758000000,62.289,62.427,61.258,62.002,402306.52
1780761600000,62.0,62.358,61.363,62.088,155048.35
1780765200000,62.092,62.301,61.429,61.589,362125.04
1780768800000,61.589,62.115,61.389,61.7,144303.65
1780772400000,61.701,62.17,61.599,61.6,78479.57
1780776000000,61.603,61.914,61.33,61.819,121814.98
1780779600000,61.82,62.341,61.809,61.87,117616.32
1780783200000,61.868,61.943,61.433,61.683,140682.21
1780786800000,61.683,62.277,61.631,62.162,128388.12
1780790400000,62.166,62.609,61.924,62.064,153633.57
1780794000000,62.061,63.857,62.005,63.646,507144.76
1780797600000,63.651,63.777,63.065,63.528,170844.53
1780801200000,63.525,64.071,63.382,63.794,139740.08
1780804800000,63.793,64.107,63.268,64.063,157758.79
1780808400000,64.055,64.45,63.866,64.225,132614.79
1780812000000,64.217,64.968,64.0,64.813,162917.6
1780815600000,64.814,64.987,64.571,64.883,107377.57
1780819200000,64.884,65.921,64.399,65.921,395777.31
1780822800000,65.925,66.108,64.791,64.95,470923.65
1780826400000,64.944,65.011,64.393,64.617,143467.2
1780830000000,64.596,65.171,64.473,64.962,101980.67
1780833600000,64.973,65.035,63.604,64.277,738214.0699999999
1780837200000,64.261,64.384,64.037,64.279,148601.89
1780840800000,64.289,65.284,64.268,64.868,170639.01
1780844400000,64.858,65.178,64.584,64.926,76307.2
1780848000000,64.928,65.283,64.688,65.112,121286.92
1780851600000,65.105,65.569,65.035,65.279,177519.58
1780855200000,65.279,65.529,64.834,64.864,106710.53
1780858800000,64.89,64.92,63.6,63.894,354073.48
1780862400000,63.892,64.76,63.688,64.656,211799.9
1780866000000,64.651,64.864,64.254,64.568,95557.18
1780869600000,64.583,67.925,64.474,65.779,581972.8100000001
1780873200000,65.78,66.601,65.729,66.468,202715.7
1780876800000,66.457,67.063,65.977,66.676,199952.17
1780880400000,66.669,66.753,65.35,66.147,210823.05
1780884000000,66.129,66.576,66.017,66.419,75789.5
1780887600000,66.412,66.713,66.135,66.302,60633.44
1780891200000,66.317,66.367,65.32,65.383,115903.83
1780894800000,65.391,65.592,64.936,65.294,99976.76
1780898400000,65.294,65.83,65.248,65.619,194975.53
1780902000000,65.624,66.177,65.316,66.047,143105.5
1780905600000,66.042,66.045,65.418,65.576,106915.79
1780909200000,65.585,66.347,65.56,66.333,146126.4
1780912800000,66.335,66.405,65.771,66.157,137629.2
1780916400000,66.157,67.018,65.998,66.637,137020.87
1780920000000,66.652,67.317,65.966,67.202,277473.68
1780923600000,67.202,67.267,66.362,66.751,176814.28
1780927200000,66.75,67.305,66.423,67.253,274215.6
1780930800000,67.256,67.787,67.043,67.144,253160.94
1780934400000,67.155,67.739,66.865,66.907,140741.19
1780938000000,66.912,67.35,66.53,67.343,117704.31
1780941600000,67.344,67.58,67.118,67.397,81343.46
1780945200000,67.403,67.78,67.251,67.416,152517.64
1780948800000,67.433,67.482,66.899,67.444,163165.63
1780952400000,67.45,68.151,67.4,67.449,135966.0
1780956000000,67.449,67.449,66.804,67.149,100909.05
1780959600000,67.149,67.373,66.613,66.772,118920.73
1780963200000,66.772,66.831,65.265,65.399,250795.86
