t_ms,o,h,l,c,v
1773482400000,0.16492,0.16526,0.16401,0.16468,115155.0
1773486000000,0.16466,0.16521,0.16444,0.16479,240306.0
1773489600000,0.16465,0.16479,0.16353,0.16431,240679.0
1773493200000,0.16427,0.16486,0.16419,0.1644,81620.0
1773496800000,0.1644,0.16623,0.16424,0.16471,387810.0
1773500400000,0.16486,0.16689,0.16461,0.16649,238223.0
1773504000000,0.16613,0.16887,0.16588,0.16758,683049.0
1773507600000,0.16753,0.16753,0.16493,0.16517,151609.0
1773511200000,0.16496,0.16544,0.16429,0.16522,148160.0
1773514800000,0.16528,0.16535,0.1643,0.16437,161113.0
1773518400000,0.16442,0.16515,0.16407,0.16461,366813.0
1773522000000,0.16458,0.16506,0.16392,0.16496,230950.0
1773525600000,0.16492,0.16545,0.16466,0.16509,280105.0
1773529200000,0.16517,0.16689,0.16512,0.16638,185016.0
1773532800000,0.16638,0.16675,0.16569,0.16633,507792.0
1773536400000,0.16645,0.1678,0.16612,0.16768,346636.0
1773540000000,0.1677,0.17044,0.1677,0.16944,374485.0
1773543600000,0.16965,0.16971,0.16562,0.16635,476826.0
1773547200000,0.16637,0.16658,0.16512,0.166,235298.0
1773550800000,0.16614,0.16717,0.16609,0.16624,273857.0
1773554400000,0.16627,0.16637,0.16535,0.16586,126772.0
1773558000000,0.16584,0.16652,0.16545,0.1662,256528.0
1773561600000,0.16623,0.16656,0.16602,0.16638,190031.0
1773565200000,0.16647,0.16683,0.16512,0.16539,310845.0
1773568800000,0.16529,0.16643,0.16518,0.16591,171194.0
1773572400000,0.16588,0.16705,0.16586,0.16673,84519.0
1773576000000,0.16679,0.16735,0.1663,0.16669,463341.0
1773579600000,0.16674,0.16692,0.16441,0.16628,698797.0
1773583200000,0.16639,0.16696,0.1658,0.1665,196205.0
1773586800000,0.16649,0.16652,0.16545,0.16586,166995.0
1773590400000,0.16598,0.16692,0.16551,0.16595,254261.0
1773594000000,0.16591,0.16792,0.16591,0.16714,253721.0
1773597600000,0.16722,0.16722,0.16531,0.16558,241165.0
1773601200000,0.16563,0.16657,0.16536,0.16657,171685.0
1773604800000,0.1664,0.16764,0.16603,0.16649,341116.0
1773608400000,0.1665,0.16782,0.16605,0.16749,283789.0
1773612000000,0.16752,0.17001,0.16646,0.16945,348913.0
1773615600000,0.16988,0.17015,0.1672,0.16963,548324.0
1773619200000,0.16965,0.17135,0.16908,0.17095,612294.0
1773622800000,0.17107,0.17146,0.16942,0.17057,406228.0
1773626400000,0.17049,0.17066,0.16881,0.16999,359014.0
1773630000000,0.17001,0.17474,0.16958,0.17304,396535.0
1773633600000,0.17304,0.17624,0.17304,0.1761,465817.0
1773637200000,0.17621,0.1797,0.17539,0.1791,361068.0
1773640800000,0.17963,0.18116,0.17787,0.18079,480311.0
1773644400000,0.1812,0.18693,0.18067,0.18633,1248248.0
1773648000000,0.18633,0.18969,0.18407,0.18585,4571111.0
1773651600000,0.18566,0.19303,0.18326,0.19164,1808247.0
1773655200000,0.19156,0.19264,0.18445,0.1853,1494648.0
1773658800000,0.18531,0.1858,0.18126,0.18252,316068.0
1773662400000,0.1826,0.18869,0.18174,0.18791,995533.0
1773666000000,0.18782,0.19136,0.1854,0.18652,1198344.0
1773669600000,0.18686,0.19197,0.18537,0.19056,852507.0
1773673200000,0.19095,0.19184,0.18418,0.1846,812214.0
1773676800000,0.18472,0.18845,0.18366,0.18747,670664.0
1773680400000,0.18744,0.19133,0.18744,0.18993,592876.0
1773684000000,0.1898,0.19094,0.18798,0.19021,437199.0
1773687600000,0.19009,0.19264,0.18797,0.18986,1429974.0
1773691200000,0.18978,0.19003,0.18731,0.18758,460386.0
1773694800000,0.18747,0.18977,0.18669,0.18791,875005.0
1773698400000,0.18783,0.19081,0.18783,0.19026,537348.0
1773702000000,0.18992,0.19068,0.18801,0.18961,342469.0
1773705600000,0.18963,0.19058,0.18809,0.18992,641770.0
1773709200000,0.19024,0.19077,0.18863,0.18967,479456.0
1773712800000,0.18945,0.19049,0.18804,0.18883,356968.0
1773716400000,0.18903,0.19216,0.18644,0.18813,583145.0
1773720000000,0.18804,0.18844,0.18281,0.18467,1005968.0
1773723600000,0.1844,0.18558,0.18325,0.18415,593122.0
1773727200000,0.18455,0.1872,0.18379,0.18484,433759.0
1773730800000,0.18488,0.18876,0.18485,0.18828,309896.0
1773734400000,0.18845,0.19014,0.18779,0.18849,562288.0
1773738000000,0.18849,0.18965,0.18777,0.18833,352765.0
1773741600000,0.18837,0.1889,0.18748,0.1889,134470.0
1773745200000,0.18886,0.18912,0.1858,0.1858,91156.0
1773748800000,0.1855,0.18624,0.18369,0.18442,309245.0
1773752400000,0.1845,0.18777,0.18411,0.185,559541.0
1773756000000,0.18492,0.18804,0.18407,0.18698,237367.0
1773759600000,0.18705,0.18879,0.18543,0.18638,437429.0
1773763200000,0.18631,0.18691,0.18414,0.18515,548132.0
1773766800000,0.18515,0.1869,0.185,0.18668,226127.0
1773770400000,0.18672,0.18854,0.18649,0.18834,216725.0
1773774000000,0.18847,0.18876,0.18601,0.18615,225263.0
1773777600000,0.18614,0.1877,0.18538,0.18733,343289.0
1773781200000,0.18739,0.19069,0.18731,0.18969,2287510.0
1773784800000,0.18968,0.19071,0.18832,0.18973,582822.0
1773788400000,0.18973,0.19,0.18858,0.18866,195516.0
1773792000000,0.18873,0.18919,0.18603,0.18752,646017.0
1773795600000,0.18779,0.19043,0.18764,0.18897,788558.0
1773799200000,0.18892,0.19177,0.18892,0.19028,700072.0
1773802800000,0.19031,0.1936,0.18931,0.19009,723343.0
1773806400000,0.19024,0.19053,0.18728,0.18927,562298.0
1773810000000,0.18929,0.19151,0.18834,0.18852,910770.0
1773813600000,0.18876,0.19022,0.18828,0.18877,400457.0
1773817200000,0.18864,0.18895,0.18701,0.1889,196856.0
1773820800000,0.18898,0.19027,0.18794,0.18832,330533.0
1773824400000,0.18839,0.1884,0.18717,0.18749,179396.0
1773828000000,0.18736,0.18769,0.18488,0.18623,253961.0
1773831600000,0.18629,0.18629,0.18062,0.18156,809041.0
1773835200000,0.18161,0.18161,0.17715,0.17738,524398.0
1773838800000,0.1771,0.18059,0.17595,0.17862,646712.0
1773842400000,0.17864,0.17879,0.17481,0.17507,1042547.0
1773846000000,0.17528,0.17666,0.17408,0.17619,318858.0
1773849600000,0.17614,0.17614,0.17377,0.17432,549486.0
1773853200000,0.17435,0.17692,0.17352,0.17654,926826.0
1773856800000,0.17677,0.17939,0.1764,0.1767,358922.0
1773860400000,0.17681,0.17872,0.17641,0.17651,265316.0
1773864000000,0.17657,0.17832,0.17526,0.17824,593276.0
1773867600000,0.17799,0.18288,0.17788,0.1822,955590.0
1773871200000,0.18204,0.18221,0.18086,0.1817,396635.0
1773874800000,0.18179,0.18179,0.17955,0.18059,426396.0
1773878400000,0.1806,0.18152,0.17921,0.1793,617264.0
1773882000000,0.17974,0.17986,0.17881,0.17924,290545.0
1773885600000,0.17922,0.17922,0.17777,0.1782,288809.0
1773889200000,0.17833,0.18143,0.1779,0.17959,226075.0
1773892800000,0.1794,0.1798,0.17803,0.17845,192146.0
1773896400000,0.17825,0.17842,0.17617,0.17712,277533.0
1773900000000,0.17708,0.17742,0.17632,0.17697,348649.0
1773903600000,0.17701,0.1776,0.17467,0.17607,292933.0
1773907200000,0.17613,0.17641,0.17452,0.1755,393798.0
1773910800000,0.1758,0.17749,0.17532,0.17721,86871.0
1773914400000,0.1772,0.17736,0.17518,0.17532,268667.0
1773918000000,0.17528,0.17539,0.1745,0.17456,227571.0
1773921600000,0.17457,0.17458,0.17155,0.17155,827544.0
1773925200000,0.17158,0.1757,0.17095,0.17431,806325.0
1773928800000,0.17444,0.17514,0.1724,0.17242,173943.0
1773932400000,0.17232,0.1727,0.17017,0.17156,441986.0
1773936000000,0.17131,0.17165,0.17066,0.17131,227427.0
1773939600000,0.17131,0.17331,0.1707,0.17307,273485.0
1773943200000,0.17312,0.17327,0.17194,0.17243,109070.0
1773946800000,0.17238,0.17503,0.17172,0.17203,227439.0
1773950400000,0.17189,0.17221,0.17134,0.17159,165617.0
1773954000000,0.17167,0.17328,0.17165,0.17263,373206.0
1773957600000,0.17256,0.17256,0.17133,0.17211,196967.0
1773961200000,0.17242,0.17379,0.17215,0.17263,132581.0
1773964800000,0.17263,0.17339,0.17187,0.17337,231050.0
1773968400000,0.17335,0.17551,0.17335,0.17522,112386.0
1773972000000,0.17524,0.17571,0.17339,0.17417,181477.0
1773975600000,0.17429,0.17606,0.17386,0.17459,258268.0
1773979200000,0.17459,0.17641,0.17429,0.17629,195403.0
1773982800000,0.17631,0.17853,0.17608,0.17736,517264.0
1773986400000,0.1772,0.17798,0.17623,0.17647,249150.0
1773990000000,0.17617,0.17617,0.17423,0.17542,142668.0
1773993600000,0.17543,0.17814,0.17534,0.1772,591583.0
1773997200000,0.17721,0.17921,0.1759,0.178,333517.0
1774000800000,0.17806,0.17849,0.1761,0.17749,176828.0
1774004400000,0.17759,0.17924,0.1767,0.17781,99240.0
1774008000000,0.17776,0.17948,0.17683,0.17751,289211.0
1774011600000,0.17733,0.17918,0.1767,0.17765,312197.0
1774015200000,0.17775,0.17937,0.17595,0.17786,355373.0
1774018800000,0.17786,0.18132,0.17781,0.18086,507273.0
1774022400000,0.18083,0.18145,0.1783,0.17995,536878.0
1774026000000,0.17981,0.18015,0.17713,0.17902,224703.0
1774029600000,0.17924,0.1801,0.17601,0.1764,252689.0
1774033200000,0.17651,0.17715,0.1753,0.17715,125306.0
1774036800000,0.17726,0.17806,0.17561,0.17749,316035.0
1774040400000,0.17746,0.1803,0.177,0.17919,312968.0
1774044000000,0.17933,0.1806,0.17913,0.17928,108915.0
1774047600000,0.17914,0.17914,0.17787,0.17844,126754.0
1774051200000,0.17855,0.17909,0.17803,0.17867,248879.0
1774054800000,0.17846,0.17882,0.17789,0.17827,146541.0
1774058400000,0.17822,0.17978,0.17795,0.17951,67145.0
1774062000000,0.17973,0.18006,0.1788,0.17912,83381.0
1774065600000,0.17896,0.17996,0.17836,0.17873,187303.0
1774069200000,0.1788,0.1806,0.17878,0.17923,407419.0
1774072800000,0.17924,0.17994,0.1788,0.1792,82110.0
1774076400000,0.17921,0.17943,0.1785,0.17892,47734.0
1774080000000,0.17905,0.18076,0.17903,0.18067,107109.0
1774083600000,0.18067,0.18081,0.18007,0.18037,157921.0
1774087200000,0.18044,0.18056,0.17928,0.17941,198928.0
1774090800000,0.17933,0.18063,0.17898,0.17958,132804.0
1774094400000,0.17952,0.17983,0.17901,0.17905,372575.0
1774098000000,0.17909,0.17916,0.17854,0.1789,254538.0
1774101600000,0.1789,0.17989,0.17853,0.17853,118917.0
1774105200000,0.17859,0.1821,0.17859,0.1821,306686.0
1774108800000,0.1822,0.18258,0.1813,0.18193,365517.0
1774112400000,0.18182,0.18224,0.18018,0.18072,411368.0
1774116000000,0.1806,0.18106,0.17954,0.17973,108682.0
1774119600000,0.17962,0.18003,0.17921,0.17965,31730.0
1774123200000,0.17967,0.18211,0.1796,0.1815,407601.0
1774126800000,0.1817,0.18278,0.18148,0.18169,201676.0
1774130400000,0.18169,0.1821,0.18094,0.18142,103700.0
1774134000000,0.18134,0.18139,0.17245,0.17416,930261.0
1774137600000,0.17376,0.17512,0.17032,0.17321,976659.0
1774141200000,0.17329,0.17462,0.17235,0.17408,347397.0
1774144800000,0.17403,0.17648,0.1737,0.17641,305357.0
1774148400000,0.17628,0.1783,0.1752,0.17529,208903.0
1774152000000,0.17522,0.17636,0.17457,0.17524,359127.0
1774155600000,0.17521,0.17521,0.17321,0.17353,184164.0
1774159200000,0.17342,0.17342,0.17214,0.17315,223281.0
1774162800000,0.1732,0.17397,0.17186,0.17186,231572.0
1774166400000,0.17185,0.17284,0.17064,0.17263,569617.0
1774170000000,0.17255,0.17395,0.17249,0.17347,170261.0
1774173600000,0.17339,0.1737,0.17172,0.17191,291224.0
1774177200000,0.17194,0.17371,0.17178,0.17265,325290.0
1774180800000,0.17267,0.1757,0.17215,0.17428,305276.0
1774184400000,0.17435,0.17532,0.17385,0.17464,184603.0
1774188000000,0.17471,0.17597,0.17416,0.1743,199422.0
1774191600000,0.1743,0.17546,0.17386,0.17455,55568.0
1774195200000,0.17464,0.17524,0.17371,0.17498,232134.0
1774198800000,0.17499,0.17499,0.17369,0.17396,220726.0
1774202400000,0.17381,0.17393,0.1713,0.17214,105389.0
1774206000000,0.17234,0.17235,0.17033,0.17112,188755.0
1774209600000,0.17124,0.17212,0.17029,0.17061,386676.0
1774213200000,0.17079,0.17101,0.16715,0.16851,877609.0
1774216800000,0.16862,0.17213,0.16729,0.17213,776451.0
1774220400000,0.17221,0.17343,0.17129,0.17155,138514.0
1774224000000,0.17173,0.17276,0.1712,0.17261,798541.0
1774227600000,0.17223,0.17504,0.17203,0.17392,307983.0
1774231200000,0.17388,0.17581,0.17315,0.17447,156403.0
1774234800000,0.17474,0.17637,0.17474,0.17532,199697.0
1774238400000,0.17538,0.17815,0.17514,0.17763,243977.0
1774242000000,0.17786,0.1785,0.1767,0.17803,433981.0
1774245600000,0.17793,0.17793,0.17577,0.17649,255886.0
1774249200000,0.17644,0.17644,0.17323,0.17386,158575.0
1774252800000,0.17385,0.17479,0.1723,0.1723,330630.0
1774256400000,0.17225,0.17265,0.17086,0.1726,272124.0
1774260000000,0.17244,0.1742,0.17074,0.17194,153280.0
1774263600000,0.17197,0.18227,0.17197,0.17621,2275754.0
1774267200000,0.17638,0.18044,0.17542,0.18,589338.0
1774270800000,0.1803,0.1815,0.1791,0.1809,163925.0
1774274400000,0.18086,0.18354,0.1806,0.18346,319611.0
1774278000000,0.18346,0.18594,0.18345,0.1837,312161.0
1774281600000,0.18375,0.18523,0.18283,0.18499,603787.0
1774285200000,0.18531,0.18921,0.18441,0.18717,776455.0
1774288800000,0.18736,0.19344,0.18721,0.19344,429090.0
1774292400000,0.19353,0.1937,0.18816,0.18849,561742.0
1774296000000,0.18879,0.19112,0.188,0.18921,827070.0
1774299600000,0.18941,0.18954,0.18744,0.18744,218243.0
1774303200000,0.18756,0.18756,0.18455,0.18577,429253.0
1774306800000,0.18565,0.18686,0.18376,0.18638,292920.0
1774310400000,0.18639,0.18714,0.18446,0.18638,598793.0
1774314000000,0.18626,0.18686,0.18445,0.18496,287540.0
1774317600000,0.18494,0.18648,0.18438,0.18487,145988.0
1774321200000,0.18486,0.1874,0.18486,0.18669,141025.0
1774324800000,0.18685,0.1875,0.18597,0.18745,607941.0
1774328400000,0.18741,0.18855,0.18679,0.18721,358928.0
1774332000000,0.1873,0.18778,0.18619,0.18631,181592.0
1774335600000,0.18646,0.19028,0.18629,0.18961,378630.0
1774339200000,0.18945,0.19054,0.18815,0.19007,292847.0
1774342800000,0.19,0.19123,0.18869,0.19007,261750.0
1774346400000,0.18995,0.19059,0.18934,0.19034,160088.0
1774350000000,0.19008,0.19018,0.18649,0.18691,723376.0
1774353600000,0.18701,0.18726,0.18583,0.18704,163284.0
1774357200000,0.18708,0.18782,0.18644,0.18748,311600.0
1774360800000,0.18748,0.18885,0.18538,0.1876,252568.0
1774364400000,0.1878,0.19082,0.1876,0.18768,330642.0
1774368000000,0.18759,0.18893,0.18717,0.18806,334217.0
1774371600000,0.18844,0.18845,0.18578,0.187,194323.0
1774375200000,0.18714,0.18889,0.18687,0.18888,119419.0
1774378800000,0.18894,0.1912,0.18894,0.19028,250294.0
1774382400000,0.19027,0.19611,0.19012,0.19437,774698.0
1774386000000,0.19461,0.19476,0.19188,0.19427,562708.0
1774389600000,0.1944,0.19458,0.1917,0.1926,235302.0
1774393200000,0.19279,0.19279,0.19119,0.19213,289207.0
1774396800000,0.19212,0.1937,0.19078,0.19211,1076020.0
1774400400000,0.19207,0.19274,0.19128,0.1916,251200.0
1774404000000,0.19159,0.19206,0.19057,0.1909,229513.0
1774407600000,0.19076,0.19198,0.18968,0.19142,596127.0
1774411200000,0.19125,0.19384,0.19104,0.19371,189753.0
1774414800000,0.1937,0.19525,0.19333,0.19463,471244.0
1774418400000,0.19449,0.19849,0.19449,0.19614,434814.0
1774422000000,0.19616,0.19918,0.19584,0.19707,288381.0
1774425600000,0.19705,0.19876,0.19659,0.19715,776505.0
1774429200000,0.19736,0.19767,0.196,0.19725,361022.0
1774432800000,0.19704,0.19728,0.19602,0.19613,157181.0
1774436400000,0.19638,0.1977,0.19547,0.19718,165435.0
1774440000000,0.19731,0.2007,0.196,0.20011,457418.0
1774443600000,0.20019,0.20162,0.19923,0.19952,398903.0
1774447200000,0.19972,0.20004,0.19584,0.19624,497753.0
1774450800000,0.19603,0.19703,0.19405,0.19491,708115.0
1774454400000,0.19469,0.19697,0.19449,0.19604,667918.0
1774458000000,0.19594,0.19691,0.19426,0.19443,409225.0
1774461600000,0.19445,0.19555,0.193,0.1934,320549.0
1774465200000,0.19355,0.19397,0.19238,0.19249,143471.0
1774468800000,0.19272,0.19273,0.19026,0.19123,313564.0
1774472400000,0.19121,0.19198,0.19064,0.19157,177515.0
1774476000000,0.19173,0.19245,0.19088,0.19125,156599.0
1774479600000,0.19133,0.19133,0.18932,0.18976,123459.0
1774483200000,0.18991,0.19046,0.18881,0.18942,275192.0
1774486800000,0.18988,0.19085,0.18934,0.1896,108394.0
1774490400000,0.18983,0.19016,0.18851,0.19012,216857.0
1774494000000,0.19013,0.19024,0.18874,0.18993,98209.0
1774497600000,0.18999,0.19031,0.18973,0.18977,228598.0
1774501200000,0.18978,0.19007,0.18785,0.18827,216316.0
1774504800000,0.18815,0.18913,0.18795,0.18828,104605.0
1774508400000,0.18829,0.18928,0.18827,0.18854,54309.0
1774512000000,0.18832,0.18857,0.18721,0.18842,311629.0
1774515600000,0.18849,0.18957,0.18623,0.18661,236465.0
1774519200000,0.18677,0.18761,0.18641,0.18725,374197.0
1774522800000,0.18725,0.18726,0.1856,0.1859,162329.0
1774526400000,0.18588,0.18654,0.18498,0.18654,191372.0
1774530000000,0.18651,0.18903,0.18592,0.18825,130641.0
1774533600000,0.18841,0.18894,0.18651,0.18894,631997.0
1774537200000,0.18849,0.1887,0.18675,0.18708,123653.0
1774540800000,0.18709,0.18805,0.18673,0.18673,195521.0
1774544400000,0.18655,0.187,0.18453,0.18502,197818.0
1774548000000,0.18509,0.18569,0.18469,0.18542,103891.0
1774551600000,0.18546,0.18562,0.18389,0.18435,179329.0
1774555200000,0.18433,0.18804,0.18404,0.1864,526755.0
1774558800000,0.18641,0.18952,0.18619,0.18806,293466.0
1774562400000,0.18807,0.18865,0.18709,0.18752,272352.0
1774566000000,0.18774,0.18787,0.18638,0.1869,124795.0
1774569600000,0.18692,0.18809,0.18645,0.18809,506985.0
1774573200000,0.1881,0.18949,0.18763,0.18839,176280.0
1774576800000,0.18839,0.18888,0.1873,0.1873,71799.0
1774580400000,0.1873,0.18741,0.18594,0.18594,94165.0
1774584000000,0.186,0.18604,0.18415,0.18506,407930.0
1774587600000,0.18507,0.18569,0.18363,0.18385,231471.0
1774591200000,0.18385,0.18398,0.18252,0.1828,334530.0
1774594800000,0.1828,0.18474,0.18258,0.18471,201895.0
1774598400000,0.1847,0.1847,0.1793,0.18001,10629925.0
1774602000000,0.17996,0.17996,0.1775,0.1782,1584168.0
1774605600000,0.17814,0.18048,0.17549,0.17568,9676173.0
1774609200000,0.17571,0.17692,0.1753,0.17644,991317.0
1774612800000,0.1765,0.1765,0.17518,0.17593,703005.0
1774616400000,0.17583,0.17695,0.17477,0.17559,493197.0
1774620000000,0.17549,0.1764,0.17404,0.17455,226495.0
1774623600000,0.17452,0.17508,0.17275,0.1728,509857.0
1774627200000,0.1728,0.17305,0.17164,0.17249,716194.0
1774630800000,0.17249,0.17409,0.17243,0.17326,347628.0
1774634400000,0.17337,0.17358,0.17111,0.17123,1632049.0
1774638000000,0.1711,0.17176,0.17033,0.17142,281437.0
1774641600000,0.17133,0.17574,0.17133,0.17552,948444.0
1774645200000,0.17563,0.1795,0.16916,0.17032,3172758.0
1774648800000,0.17045,0.17083,0.16953,0.1704,235437.0
1774652400000,0.17037,0.17099,0.16986,0.1704,70924.0
1774656000000,0.17044,0.17353,0.17039,0.17296,461131.0
1774659600000,0.17302,0.1738,0.1718,0.17253,242566.0
1774663200000,0.17249,0.17322,0.17153,0.17154,223427.0
1774666800000,0.17156,0.17161,0.17082,0.17109,94559.0
1774670400000,0.17125,0.17125,0.17011,0.17011,404471.0
1774674000000,0.17025,0.17154,0.16998,0.17138,203987.0
1774677600000,0.17138,0.17257,0.1708,0.17125,199150.0
1774681200000,0.17116,0.17448,0.17113,0.17429,175202.0
1774684800000,0.17422,0.17467,0.17358,0.1742,654161.0
1774688400000,0.17422,0.17517,0.17367,0.17514,372393.0
1774692000000,0.17522,0.17659,0.17458,0.17509,228832.0
1774695600000,0.17513,0.1761,0.17445,0.1756,134431.0
1774699200000,0.17551,0.17683,0.17503,0.17547,397337.0
1774702800000,0.17539,0.18044,0.17539,0.18004,563717.0
1774706400000,0.18023,0.18193,0.17938,0.18064,526315.0
1774710000000,0.18073,0.1827,0.17934,0.17944,505784.0
1774713600000,0.1795,0.18019,0.17866,0.17932,571516.0
1774717200000,0.17923,0.17939,0.1778,0.17814,174987.0
1774720800000,0.17819,0.17958,0.17809,0.17906,161138.0
1774724400000,0.179,0.17923,0.1778,0.17906,127476.0
1774728000000,0.1791,0.1794,0.17809,0.17901,201997.0
1774731600000,0.17891,0.17939,0.17683,0.17737,227675.0
1774735200000,0.17725,0.17779,0.17684,0.1771,287893.0
1774738800000,0.1772,0.17721,0.17496,0.17545,188238.0
1774742400000,0.17551,0.17568,0.17358,0.17467,320394.0
1774746000000,0.17461,0.1755,0.17457,0.1747,479430.0
1774749600000,0.17457,0.17554,0.17441,0.17462,377178.0
1774753200000,0.1747,0.17562,0.17448,0.1753,199955.0
1774756800000,0.17536,0.17575,0.17493,0.17531,176901.0
1774760400000,0.17512,0.17569,0.17455,0.17464,200365.0
1774764000000,0.17452,0.17571,0.17444,0.17551,141237.0
1774767600000,0.1753,0.17546,0.17473,0.17491,103486.0
1774771200000,0.17491,0.17534,0.1741,0.17449,231874.0
1774774800000,0.17453,0.17489,0.17412,0.17424,167452.0
1774778400000,0.17423,0.17452,0.17353,0.1743,311954.0
1774782000000,0.1742,0.17573,0.17408,0.17423,123235.0
1774785600000,0.17418,0.17431,0.1723,0.17281,436427.0
1774789200000,0.17277,0.17288,0.17097,0.17191,250067.0
1774792800000,0.17185,0.17315,0.17131,0.17255,184875.0
1774796400000,0.17267,0.17307,0.17211,0.17261,105046.0
1774800000000,0.17251,0.17324,0.17195,0.17208,200857.0
1774803600000,0.17213,0.1725,0.17113,0.17175,142585.0
1774807200000,0.1718,0.17249,0.17128,0.17178,88519.0
1774810800000,0.17162,0.1719,0.17142,0.1715,46899.0
1774814400000,0.17145,0.1731,0.17143,0.17296,140885.0
1774818000000,0.17292,0.17408,0.17292,0.17344,161935.0
1774821600000,0.17342,0.17342,0.16713,0.17052,1304513.0
1774825200000,0.17057,0.17191,0.17039,0.17127,444961.0
1774828800000,0.17126,0.17492,0.17126,0.17307,578990.0
1774832400000,0.17304,0.17463,0.17303,0.17404,288775.0
1774836000000,0.17407,0.17633,0.17354,0.17515,411306.0
1774839600000,0.1751,0.17668,0.1749,0.17646,160095.0
1774843200000,0.17649,0.17862,0.17649,0.17852,641797.0
1774846800000,0.17837,0.17956,0.17802,0.17843,422080.0
1774850400000,0.17843,0.17962,0.17791,0.17942,336631.0
1774854000000,0.1793,0.18027,0.17838,0.17974,433597.0
1774857600000,0.17969,0.18017,0.1787,0.1787,798925.0
1774861200000,0.17878,0.17886,0.17659,0.17702,164725.0
1774864800000,0.17697,0.17884,0.17672,0.17854,434033.0
1774868400000,0.17855,0.18015,0.17836,0.17876,385401.0
1774872000000,0.17879,0.1794,0.17813,0.17904,283715.0
1774875600000,0.17924,0.17961,0.1782,0.17844,390335.0
1774879200000,0.17862,0.17995,0.1773,0.17959,295375.0
1774882800000,0.17953,0.17968,0.17769,0.17854,109279.0
1774886400000,0.1787,0.17925,0.17808,0.17835,192165.0
1774890000000,0.17856,0.17888,0.17639,0.17736,230841.0
1774893600000,0.1773,0.17759,0.17593,0.17601,98398.0
1774897200000,0.17602,0.17695,0.17541,0.17674,106418.0
1774900800000,0.17677,0.17677,0.17568,0.17607,122953.0
1774904400000,0.17605,0.17938,0.17599,0.17878,382109.0
1774908000000,0.17877,0.17917,0.17799,0.17829,163206.0
1774911600000,0.1782,0.1782,0.17618,0.17672,127648.0
1774915200000,0.17684,0.17746,0.17596,0.17697,205128.0
1774918800000,0.17697,0.1805,0.17676,0.1797,305259.0
1774922400000,0.17964,0.18064,0.17934,0.18047,453461.0
1774926000000,0.18016,0.18016,0.17819,0.17851,137639.0
1774929600000,0.17848,0.17886,0.17739,0.17748,189520.0
1774933200000,0.17735,0.1785,0.17637,0.17832,188281.0
1774936800000,0.17836,0.17836,0.1769,0.17759,160108.0
1774940400000,0.17759,0.17784,0.17663,0.17744,154659.0
1774944000000,0.1773,0.17871,0.17664,0.17727,491756.0
1774947600000,0.17713,0.17749,0.17369,0.17445,1253248.0
1774951200000,0.17464,0.17552,0.17381,0.17387,205035.0
1774954800000,0.1736,0.17665,0.17351,0.17628,938477.0
1774958400000,0.17648,0.17729,0.17579,0.17625,554105.0
1774962000000,0.17629,0.17984,0.17624,0.179,606075.0
1774965600000,0.17901,0.1808,0.17613,0.17697,790656.0
1774969200000,0.17694,0.1791,0.17575,0.17575,488404.0
1774972800000,0.17566,0.17944,0.17558,0.17903,519597.0
1774976400000,0.1791,0.18086,0.1782,0.17877,360549.0
1774980000000,0.179,0.18018,0.17884,0.18015,470883.0
1774983600000,0.18019,0.18079,0.17897,0.17981,145663.0
1774987200000,0.17962,0.18102,0.17962,0.18087,172501.0
1774990800000,0.18105,0.18111,0.17883,0.179,214861.0
1774994400000,0.1791,0.17935,0.17695,0.17761,313729.0
1774998000000,0.17762,0.17914,0.17752,0.17906,268877.0
1775001600000,0.17897,0.18001,0.17838,0.17975,558254.0
1775005200000,0.17974,0.18026,0.17836,0.17883,226392.0
1775008800000,0.17891,0.17937,0.17736,0.17823,95367.0
1775012400000,0.17848,0.18096,0.17841,0.18064,107923.0
1775016000000,0.18085,0.18167,0.18021,0.18079,189403.0
1775019600000,0.18089,0.18232,0.17976,0.18232,137208.0
1775023200000,0.18213,0.18384,0.18213,0.18344,190276.0
1775026800000,0.18343,0.18394,0.18283,0.18343,266330.0
1775030400000,0.18355,0.18455,0.18271,0.18329,176720.0
1775034000000,0.18325,0.18351,0.18169,0.18261,156791.0
1775037600000,0.18271,0.18417,0.18253,0.18333,191339.0
1775041200000,0.18324,0.18405,0.18288,0.18378,40827.0
1775044800000,0.18356,0.18685,0.18333,0.18552,695107.0
1775048400000,0.18539,0.18571,0.18396,0.18468,357144.0
1775052000000,0.18468,0.18551,0.18285,0.18454,242260.0
1775055600000,0.18469,0.18621,0.18369,0.1861,302953.0
1775059200000,0.18607,0.18761,0.18506,0.18548,473731.0
1775062800000,0.18563,0.18752,0.18456,0.18555,633122.0
1775066400000,0.1852,0.18557,0.18431,0.18458,186293.0
1775070000000,0.18462,0.18601,0.18336,0.18489,100750.0
1775073600000,0.18502,0.18531,0.18291,0.18328,299855.0
1775077200000,0.18315,0.18442,0.18299,0.18404,243879.0
1775080800000,0.18391,0.18398,0.18153,0.18221,210325.0
1775084400000,0.18229,0.18229,0.18072,0.18125,287485.0
1775088000000,0.18125,0.18293,0.18119,0.18254,192168.0
1775091600000,0.1824,0.1827,0.17625,0.17743,1149629.0
1775095200000,0.17702,0.1779,0.17459,0.17562,896422.0
1775098800000,0.17571,0.17696,0.1746,0.17557,423360.0
1775102400000,0.17542,0.17629,0.17474,0.17542,538913.0
1775106000000,0.17541,0.17834,0.17475,0.17795,238402.0
1775109600000,0.17801,0.1785,0.17739,0.17839,174927.0
1775113200000,0.17833,0.17914,0.17759,0.1782,82342.0
1775116800000,0.17803,0.17852,0.17639,0.17641,233306.0
1775120400000,0.17642,0.17739,0.17604,0.17727,166476.0
1775124000000,0.17738,0.17738,0.17584,0.17637,345657.0
1775127600000,0.17633,0.17665,0.17542,0.17564,366767.0
1775131200000,0.17535,0.17562,0.17438,0.17508,362218.0
1775134800000,0.17507,0.17646,0.17415,0.17556,465013.0
1775138400000,0.17545,0.18022,0.17496,0.17969,608376.0
1775142000000,0.17949,0.17956,0.17704,0.17729,247600.0
1775145600000,0.17722,0.17825,0.17622,0.17664,510791.0
1775149200000,0.17658,0.1787,0.17574,0.17642,418529.0
1775152800000,0.17642,0.17754,0.17604,0.17712,165685.0
1775156400000,0.17717,0.17783,0.17619,0.17749,218768.0
1775160000000,0.17776,0.17877,0.17705,0.17807,309981.0
1775163600000,0.17799,0.1793,0.17722,0.17889,201876.0
1775167200000,0.17862,0.18049,0.17843,0.17939,206962.0
1775170800000,0.17917,0.17974,0.17838,0.17908,55846.0
1775174400000,0.17926,0.17986,0.1787,0.17926,214565.0
1775178000000,0.17939,0.1803,0.17839,0.17849,122385.0
1775181600000,0.17847,0.18036,0.17763,0.18036,279788.0
1775185200000,0.18036,0.18169,0.18021,0.18119,147592.0
1775188800000,0.1813,0.18308,0.18113,0.18276,404602.0
1775192400000,0.18265,0.18438,0.18124,0.18353,290187.0
1775196000000,0.18344,0.18418,0.18231,0.18404,139466.0
1775199600000,0.18369,0.18512,0.1829,0.183,168997.0
1775203200000,0.18305,0.18353,0.18213,0.18337,446976.0
1775206800000,0.18355,0.18417,0.18293,0.18391,194529.0
1775210400000,0.18413,0.18447,0.18188,0.18276,147806.0
1775214000000,0.18274,0.18276,0.18171,0.1824,215495.0
1775217600000,0.18229,0.18457,0.18092,0.18198,553003.0
1775221200000,0.18217,0.18235,0.18108,0.18171,227420.0
1775224800000,0.18146,0.18158,0.17967,0.18146,247891.0
1775228400000,0.18146,0.18151,0.18049,0.18078,147218.0
1775232000000,0.18089,0.18209,0.18057,0.18183,126204.0
1775235600000,0.18171,0.18176,0.18051,0.18146,89346.0
1775239200000,0.18147,0.18295,0.18119,0.18231,147356.0
1775242800000,0.18228,0.18229,0.18077,0.18208,101125.0
1775246400000,0.18207,0.18269,0.18183,0.18183,100892.0
1775250000000,0.18201,0.18316,0.18201,0.18277,221068.0
1775253600000,0.1827,0.18284,0.18145,0.18154,80227.0
1775257200000,0.18146,0.18165,0.18102,0.18163,45667.0
1775260800000,0.18146,0.18176,0.18035,0.18058,247488.0
1775264400000,0.18046,0.18055,0.17934,0.17975,311473.0
1775268000000,0.1797,0.17972,0.17835,0.17852,146194.0
1775271600000,0.1785,0.17881,0.17795,0.17866,120558.0
1775275200000,0.17851,0.18026,0.17836,0.17939,293747.0
1775278800000,0.17936,0.1799,0.17893,0.17909,117533.0
1775282400000,0.17898,0.18047,0.17897,0.18041,49922.0
1775286000000,0.18022,0.18058,0.1797,0.18043,124157.0
1775289600000,0.18049,0.18062,0.17868,0.17881,221311.0
1775293200000,0.17889,0.17907,0.17811,0.1784,178735.0
1775296800000,0.17842,0.1791,0.17803,0.1785,63173.0
1775300400000,0.1785,0.17922,0.17814,0.17914,96958.0
1775304000000,0.17917,0.17991,0.17912,0.17952,70323.0
1775307600000,0.17952,0.17978,0.17828,0.17828,29137.0
1775311200000,0.17828,0.17958,0.17708,0.17958,279049.0
1775314800000,0.1794,0.18113,0.17921,0.1797,242869.0
1775318400000,0.17968,0.1806,0.17916,0.17932,67654.0
1775322000000,0.17928,0.1826,0.17917,0.18208,95423.0
1775325600000,0.18222,0.1827,0.18184,0.18223,50950.0
1775329200000,0.18223,0.1842,0.18173,0.18266,231579.0
1775332800000,0.18237,0.18237,0.18094,0.18094,112220.0
1775336400000,0.18104,0.18172,0.18062,0.18121,80855.0
1775340000000,0.18115,0.18219,0.18115,0.18158,21783.0
1775343600000,0.18157,0.18168,0.1811,0.18168,46861.0
1775347200000,0.18168,0.18178,0.18091,0.18143,65008.0
1775350800000,0.18165,0.18165,0.18077,0.18086,30242.0
1775354400000,0.18083,0.18083,0.17987,0.18002,148058.0
1775358000000,0.17999,0.18046,0.17942,0.18037,57621.0
1775361600000,0.18034,0.18064,0.18012,0.18037,21019.0
1775365200000,0.1803,0.18056,0.17778,0.17787,146336.0
1775368800000,0.17792,0.17849,0.1769,0.17797,118093.0
1775372400000,0.17799,0.17829,0.17641,0.17686,91850.0
1775376000000,0.17681,0.17706,0.17612,0.17655,213331.0
1775379600000,0.17649,0.1775,0.17634,0.17739,64651.0
1775383200000,0.17733,0.178,0.17621,0.17621,31570.0
1775386800000,0.17621,0.17667,0.17603,0.17667,28160.0
1775390400000,0.17658,0.17658,0.17458,0.17505,101660.0
1775394000000,0.17505,0.1758,0.17399,0.17567,192569.0
1775397600000,0.17569,0.17654,0.17557,0.17623,84222.0
1775401200000,0.17618,0.17849,0.17505,0.17619,234089.0
1775404800000,0.17619,0.17646,0.17511,0.17518,82385.0
1775408400000,0.17519,0.17585,0.17497,0.17555,72938.0
1775412000000,0.17559,0.17569,0.17503,0.17528,59085.0
1775415600000,0.17524,0.17617,0.17474,0.17546,31467.0
1775419200000,0.17535,0.1759,0.17502,0.17531,216921.0
1775422800000,0.17536,0.1758,0.1743,0.17517,146393.0
1775426400000,0.17523,0.17945,0.17521,0.17938,140632.0
1775430000000,0.1794,0.18229,0.17875,0.18229,269444.0
1775433600000,0.18236,0.18652,0.18233,0.18452,481271.0
1775437200000,0.18471,0.18528,0.18322,0.18438,138282.0
1775440800000,0.18469,0.18634,0.18407,0.18606,375942.0
1775444400000,0.18563,0.18593,0.18391,0.18469,182803.0
1775448000000,0.185,0.18687,0.185,0.18621,568384.0
1775451600000,0.18628,0.18662,0.185,0.18511,117231.0
1775455200000,0.18505,0.18576,0.18407,0.18529,124711.0
1775458800000,0.18528,0.18536,0.18397,0.18516,108702.0
1775462400000,0.18511,0.18622,0.18496,0.18524,149454.0
1775466000000,0.18522,0.18716,0.18522,0.18667,584473.0
1775469600000,0.18684,0.19046,0.18684,0.18921,549250.0
1775473200000,0.18929,0.18978,0.18857,0.18968,152121.0
1775476800000,0.18974,0.19129,0.18872,0.18965,230636.0
1775480400000,0.18955,0.1898,0.1881,0.1885,90114.0
1775484000000,0.18854,0.18946,0.18617,0.18772,750934.0
1775487600000,0.18759,0.18817,0.18632,0.18666,336393.0
1775491200000,0.18671,0.18707,0.18579,0.1867,117843.0
1775494800000,0.18677,0.18689,0.18571,0.18618,130346.0
1775498400000,0.18616,0.18748,0.18591,0.18732,91764.0
1775502000000,0.18706,0.18724,0.18497,0.186,101358.0
1775505600000,0.18595,0.1862,0.1853,0.18547,79138.0
1775509200000,0.18521,0.18521,0.18399,0.18409,178661.0
1775512800000,0.18404,0.18472,0.17996,0.17996,190302.0
1775516400000,0.17992,0.1801,0.1776,0.1784,278140.0
1775520000000,0.1783,0.17903,0.17749,0.17872,276541.0
1775523600000,0.1786,0.17977,0.17833,0.17851,258495.0
1775527200000,0.17837,0.17988,0.1781,0.17939,74237.0
1775530800000,0.1793,0.17997,0.17923,0.1799,38198.0
1775534400000,0.17973,0.18092,0.17928,0.18011,123095.0
1775538000000,0.18011,0.18052,0.17961,0.17961,156269.0
1775541600000,0.17973,0.17978,0.17902,0.17937,122030.0
1775545200000,0.17927,0.18029,0.17845,0.17937,126329.0
1775548800000,0.17937,0.18049,0.17908,0.17957,200389.0
1775552400000,0.17952,0.18151,0.17927,0.18119,160024.0
1775556000000,0.18125,0.1817,0.17811,0.1786,474193.0
1775559600000,0.17856,0.17889,0.1776,0.17782,174898.0
1775563200000,0.17782,0.17922,0.1763,0.17877,570292.0
1775566800000,0.17874,0.17949,0.17823,0.17919,363566.0
1775570400000,0.17912,0.18015,0.17827,0.1788,206611.0
1775574000000,0.17858,0.1799,0.1782,0.17914,553105.0
1775577600000,0.17912,0.18021,0.17906,0.17937,125120.0
1775581200000,0.17948,0.18368,0.17903,0.18223,280591.0
1775584800000,0.18229,0.18386,0.18139,0.18169,64054.0
1775588400000,0.18162,0.18655,0.18133,0.18655,213215.0
1775592000000,0.18658,0.18746,0.18531,0.18554,285747.0
1775595600000,0.18557,0.19187,0.18524,0.19162,363584.0
1775599200000,0.19184,0.20156,0.19184,0.20147,1337134.0
1775602800000,0.2016,0.20343,0.19863,0.19926,483894.0
1775606400000,0.19931,0.19978,0.1964,0.19753,732638.0
1775610000000,0.1974,0.19758,0.19534,0.19639,137456.0
1775613600000,0.19653,0.19806,0.19589,0.19715,201769.0
1775617200000,0.19725,0.1986,0.19711,0.19831,105838.0
1775620800000,0.19858,0.20075,0.19846,0.19858,860268.0
1775624400000,0.19857,0.20078,0.19826,0.20053,232399.0
1775628000000,0.20035,0.20164,0.19983,0.20078,504364.0
1775631600000,0.20075,0.2015,0.19984,0.2004,267764.0
1775635200000,0.20051,0.20053,0.19869,0.1996,349928.0
1775638800000,0.19962,0.2003,0.19852,0.19953,265425.0
1775642400000,0.19956,0.20148,0.19922,0.19944,75644.0
1775646000000,0.19935,0.20001,0.19642,0.19785,233781.0
1775649600000,0.1979,0.19805,0.19626,0.19654,1024028.0
1775653200000,0.19656,0.19796,0.1964,0.1967,317777.0
1775656800000,0.19669,0.19676,0.1916,0.19242,401197.0
1775660400000,0.19241,0.19377,0.19202,0.19367,280969.0
1775664000000,0.19377,0.19548,0.19318,0.19546,488876.0
1775667600000,0.19553,0.19668,0.19454,0.19534,520618.0
1775671200000,0.19543,0.1958,0.19261,0.1927,167791.0
1775674800000,0.19272,0.19358,0.19212,0.19358,179221.0
1775678400000,0.19359,0.19433,0.19272,0.1934,230478.0
1775682000000,0.19366,0.19603,0.19358,0.19519,161497.0
1775685600000,0.19525,0.19772,0.19497,0.19691,93559.0
1775689200000,0.1967,0.1967,0.1934,0.1941,340124.0
1775692800000,0.1941,0.19449,0.1926,0.19437,255658.0
1775696400000,0.19413,0.19427,0.19232,0.19364,353573.0
1775700000000,0.1937,0.19418,0.19262,0.19262,114033.0
1775703600000,0.19268,0.19268,0.19132,0.19142,210012.0
1775707200000,0.19132,0.19242,0.19045,0.19242,149643.0
1775710800000,0.19234,0.19241,0.19031,0.19037,297011.0
1775714400000,0.19042,0.19147,0.1891,0.19081,150282.0
1775718000000,0.19084,0.19164,0.1905,0.19077,122625.0
1775721600000,0.19068,0.19152,0.19022,0.19028,105284.0
1775725200000,0.19009,0.192,0.18897,0.19155,167762.0
1775728800000,0.19138,0.19184,0.19072,0.19072,85631.0
1775732400000,0.19067,0.1911,0.19025,0.19058,44271.0
1775736000000,0.19058,0.19192,0.19044,0.19141,113723.0
1775739600000,0.19152,0.19185,0.19076,0.19185,95340.0
1775743200000,0.19175,0.19299,0.19075,0.19227,48841.0
1775746800000,0.19236,0.19773,0.19154,0.19664,428569.0
1775750400000,0.19674,0.19836,0.19651,0.19749,133407.0
1775754000000,0.19746,0.2,0.19651,0.19922,442798.0
1775757600000,0.19912,0.1993,0.19713,0.19806,410647.0
1775761200000,0.19804,0.19968,0.19756,0.19918,83360.0
1775764800000,0.19931,0.2006,0.19926,0.19963,109235.0
1775768400000,0.19968,0.20069,0.1985,0.20009,136557.0
1775772000000,0.20016,0.20651,0.19946,0.20009,380198.0
1775775600000,0.20019,0.20082,0.19811,0.1986,183298.0
1775779200000,0.19861,0.20007,0.19751,0.19982,332479.0
1775782800000,0.19965,0.20076,0.19838,0.19838,346926.0
1775786400000,0.1984,0.20078,0.1984,0.2004,325672.0
1775790000000,0.20061,0.20119,0.1985,0.1989,151586.0
1775793600000,0.19896,0.20202,0.19896,0.20126,85683.0
1775797200000,0.20151,0.20151,0.2002,0.2005,113408.0
1775800800000,0.2005,0.2006,0.19742,0.19824,167141.0
1775804400000,0.19846,0.19903,0.19665,0.19674,134988.0
1775808000000,0.19679,0.19699,0.19492,0.19628,377250.0
1775811600000,0.19624,0.1968,0.19614,0.19642,115703.0
1775815200000,0.19628,0.19642,0.19441,0.19524,128562.0
1775818800000,0.19489,0.19586,0.19489,0.19519,63487.0
1775822400000,0.1953,0.197,0.19488,0.19571,524275.0
1775826000000,0.1958,0.1971,0.19517,0.1964,145472.0
1775829600000,0.19638,0.1986,0.19541,0.19848,638331.0
1775833200000,0.19867,0.19977,0.19735,0.19814,205925.0
1775836800000,0.19832,0.19934,0.19766,0.19851,346501.0
1775840400000,0.19844,0.19847,0.19656,0.19736,100402.0
1775844000000,0.19751,0.19873,0.1974,0.19854,87948.0
1775847600000,0.19851,0.20138,0.19851,0.20129,240721.0
1775851200000,0.20127,0.20141,0.19921,0.20019,265186.0
1775854800000,0.20027,0.20037,0.19842,0.1996,73828.0
1775858400000,0.19959,0.19963,0.19865,0.19904,52801.0
1775862000000,0.1992,0.19921,0.19775,0.19824,86015.0
1775865600000,0.19821,0.19821,0.19593,0.19601,396322.0
1775869200000,0.1959,0.1968,0.19462,0.1965,144248.0
1775872800000,0.19652,0.19724,0.19538,0.19562,100691.0
1775876400000,0.19578,0.1968,0.19494,0.19498,59291.0
1775880000000,0.1951,0.19561,0.1943,0.1944,82821.0
1775883600000,0.1944,0.19476,0.193,0.19329,111276.0
1775887200000,0.19327,0.19347,0.1925,0.19319,198970.0
1775890800000,0.19329,0.1942,0.19304,0.1936,124156.0
1775894400000,0.19366,0.19488,0.1935,0.1943,24879.0
1775898000000,0.19441,0.19603,0.19421,0.1956,85687.0
1775901600000,0.19563,0.19597,0.1944,0.19448,41802.0
1775905200000,0.19439,0.19452,0.19387,0.19419,24242.0
1775908800000,0.19415,0.19434,0.19323,0.19343,99977.0
1775912400000,0.19341,0.19353,0.19184,0.19351,236767.0
1775916000000,0.19348,0.19486,0.19348,0.19355,217572.0
1775919600000,0.19344,0.19593,0.19311,0.1958,187221.0
1775923200000,0.19565,0.19956,0.19532,0.19784,237882.0
1775926800000,0.19759,0.19832,0.19674,0.19712,182048.0
1775930400000,0.19711,0.20022,0.19606,0.19913,721914.0
1775934000000,0.19933,0.20315,0.19921,0.20315,972709.0
1775937600000,0.20326,0.20466,0.20022,0.20118,673086.0
1775941200000,0.20103,0.20221,0.20025,0.20067,144913.0
1775944800000,0.2008,0.2017,0.19887,0.19981,132697.0
1775948400000,0.19966,0.19981,0.19758,0.19867,26397.0
1775952000000,0.19879,0.19879,0.19672,0.19728,91418.0
1775955600000,0.19752,0.19813,0.18981,0.1902,692557.0
1775959200000,0.1901,0.19102,0.18901,0.1906,166722.0
1775962800000,0.19054,0.19118,0.19015,0.19044,98405.0
1775966400000,0.19024,0.19061,0.18996,0.19022,73135.0
1775970000000,0.1903,0.19162,0.1901,0.1914,46693.0
1775973600000,0.19131,0.19151,0.1902,0.19021,60313.0
1775977200000,0.19021,0.19042,0.18962,0.19026,56339.0
1775980800000,0.19,0.19044,0.18951,0.1897,213787.0
1775984400000,0.18972,0.18974,0.18909,0.18922,39962.0
1775988000000,0.18934,0.19054,0.18875,0.18923,37087.0
1775991600000,0.18918,0.1901,0.18859,0.18947,73241.0
1775995200000,0.18936,0.19108,0.18897,0.18963,263726.0
1775998800000,0.18945,0.18976,0.18839,0.18851,164236.0
1776002400000,0.18849,0.18928,0.18787,0.18824,87023.0
1776006000000,0.18832,0.18843,0.18724,0.1877,51216.0
1776009600000,0.18762,0.18845,0.18743,0.18837,186625.0
1776013200000,0.18859,0.1916,0.18859,0.19111,162460.0
1776016800000,0.19156,0.19172,0.19007,0.19007,69307.0
1776020400000,0.19007,0.19056,0.18955,0.19023,343461.0
1776024000000,0.19022,0.19215,0.18965,0.19114,91658.0
1776027600000,0.19114,0.19152,0.19014,0.19087,41373.0
1776031200000,0.19061,0.19067,0.18723,0.1884,264309.0
1776034800000,0.1884,0.1884,0.18708,0.18719,68327.0
1776038400000,0.18721,0.1898,0.18719,0.18932,441107.0
1776042000000,0.18937,0.18998,0.18889,0.18981,241498.0
1776045600000,0.18979,0.18984,0.1881,0.1882,109605.0
1776049200000,0.1883,0.1889,0.18765,0.18875,53614.0
1776052800000,0.18871,0.18945,0.1881,0.1881,131833.0
1776056400000,0.1881,0.18832,0.18727,0.1881,179256.0
1776060000000,0.18825,0.18953,0.18825,0.18922,130605.0
1776063600000,0.1892,0.1893,0.18719,0.18719,61713.0
1776067200000,0.18717,0.18753,0.18674,0.18749,113272.0
1776070800000,0.18749,0.18857,0.18748,0.18809,209264.0
1776074400000,0.188,0.18833,0.18738,0.18764,83935.0
1776078000000,0.18782,0.18822,0.1874,0.18769,112667.0
1776081600000,0.1877,0.19028,0.18689,0.18936,106462.0
1776085200000,0.18937,0.19058,0.187,0.19044,260125.0
1776088800000,0.19041,0.19053,0.18779,0.1894,190035.0
1776092400000,0.18942,0.18948,0.18591,0.18651,332928.0
1776096000000,0.18652,0.18824,0.18548,0.18729,249690.0
1776099600000,0.18722,0.18841,0.18615,0.1863,171837.0
1776103200000,0.18618,0.18679,0.18574,0.18679,120504.0
1776106800000,0.1867,0.19178,0.1867,0.1915,282582.0
1776110400000,0.1916,0.1917,0.18827,0.18906,285430.0
1776114000000,0.18898,0.19052,0.18814,0.1905,155920.0
1776117600000,0.19029,0.20158,0.19024,0.20101,968528.0
1776121200000,0.20082,0.20202,0.1989,0.2015,489437.0
1776124800000,0.20177,0.20344,0.19912,0.19972,255087.0
1776128400000,0.19986,0.20072,0.19752,0.19868,216855.0
1776132000000,0.19866,0.19893,0.19816,0.1983,69843.0
1776135600000,0.1983,0.20003,0.19798,0.19839,239670.0
1776139200000,0.19853,0.20043,0.1981,0.19869,125304.0
1776142800000,0.1989,0.19929,0.19432,0.19484,163927.0
1776146400000,0.19484,0.1962,0.1946,0.19551,136094.0
1776150000000,0.19528,0.19593,0.1938,0.1943,221158.0
1776153600000,0.19429,0.19653,0.19398,0.19552,88904.0
1776157200000,0.19557,0.19797,0.19503,0.1975,68294.0
1776160800000,0.19749,0.1993,0.19651,0.19767,103576.0
1776164400000,0.19758,0.1984,0.19707,0.19735,76513.0
1776168000000,0.19736,0.19741,0.1955,0.19642,130634.0
1776171600000,0.19645,0.19925,0.19606,0.1992,607649.0
1776175200000,0.1994,0.20079,0.1977,0.19843,522752.0
1776178800000,0.19841,0.1986,0.19327,0.19366,686800.0
1776182400000,0.19373,0.19568,0.19332,0.19472,151472.0
1776186000000,0.19476,0.19637,0.19333,0.19464,383046.0
1776189600000,0.19472,0.19538,0.19047,0.19075,225358.0
1776193200000,0.19062,0.19248,0.19015,0.19248,101202.0
1776196800000,0.19268,0.19305,0.19076,0.19079,96929.0
1776200400000,0.19097,0.19327,0.19097,0.19247,52150.0
1776204000000,0.19228,0.1926,0.19125,0.19227,71675.0
1776207600000,0.19231,0.19345,0.19169,0.19328,42935.0
1776211200000,0.19329,0.19544,0.19328,0.19423,115833.0
1776214800000,0.19404,0.19593,0.19319,0.19463,106804.0
1776218400000,0.19467,0.19545,0.1935,0.19432,72776.0
1776222000000,0.19446,0.19559,0.19404,0.19409,219149.0
1776225600000,0.19415,0.19517,0.19376,0.19478,286942.0
1776229200000,0.19477,0.19539,0.1928,0.19348,61358.0
1776232800000,0.19358,0.19358,0.19224,0.19248,62158.0
1776236400000,0.19247,0.19298,0.19029,0.1905,93457.0
1776240000000,0.19044,0.19377,0.19037,0.19237,208871.0
1776243600000,0.19237,0.19316,0.19203,0.19227,72610.0
1776247200000,0.19214,0.19346,0.19139,0.19208,107334.0
1776250800000,0.19222,0.19538,0.19214,0.19458,79654.0
1776254400000,0.19448,0.19547,0.19367,0.19542,240200.0
1776258000000,0.19545,0.1963,0.19466,0.19517,160094.0
1776261600000,0.19498,0.19938,0.19466,0.19857,480979.0
1776265200000,0.19877,0.19877,0.19457,0.19606,191236.0
1776268800000,0.19583,0.19834,0.19577,0.19802,111395.0
1776272400000,0.19824,0.19947,0.19685,0.19863,215161.0
1776276000000,0.19857,0.20109,0.19846,0.20006,526025.0
1776279600000,0.19988,0.2026,0.19914,0.20058,399559.0
1776283200000,0.2006,0.20183,0.19943,0.19976,290216.0
1776286800000,0.19977,0.20088,0.19885,0.20081,101482.0
1776290400000,0.20102,0.20236,0.19956,0.19956,93621.0
1776294000000,0.19947,0.20042,0.19829,0.1995,121543.0
1776297600000,0.19981,0.2021,0.19899,0.20099,94183.0
1776301200000,0.20119,0.20225,0.19949,0.20155,164960.0
1776304800000,0.20188,0.2081,0.20182,0.2044,1050218.0
1776308400000,0.20441,0.20835,0.20428,0.20785,719521.0
1776312000000,0.20789,0.21351,0.20661,0.21072,1276765.0
1776315600000,0.21067,0.21195,0.20741,0.20741,945236.0
1776319200000,0.20761,0.20971,0.20714,0.20971,242266.0
1776322800000,0.20985,0.213,0.2096,0.21193,557695.0
1776326400000,0.21191,0.21191,0.20898,0.21055,208122.0
1776330000000,0.2104,0.21336,0.20776,0.208,424825.0
1776333600000,0.20813,0.2085,0.20638,0.20744,225827.0
1776337200000,0.20738,0.20925,0.20644,0.20898,189344.0
1776340800000,0.20888,0.21492,0.20887,0.21422,203960.0
1776344400000,0.214,0.22095,0.20946,0.21183,6959594.0
1776348000000,0.21191,0.21241,0.20755,0.21047,1018116.0
1776351600000,0.21035,0.21852,0.20982,0.21826,537747.0
1776355200000,0.21827,0.2198,0.20987,0.21288,846728.0
1776358800000,0.21273,0.21638,0.21172,0.21487,965331.0
1776362400000,0.2156,0.22188,0.21428,0.2208,2227821.0
1776366000000,0.22061,0.22663,0.22061,0.22505,482215.0
1776369600000,0.22498,0.22635,0.2211,0.22297,1402940.0
1776373200000,0.2233,0.22381,0.21578,0.21778,356940.0
1776376800000,0.21787,0.22098,0.21787,0.21916,489122.0
1776380400000,0.21905,0.22086,0.21799,0.21849,691177.0
1776384000000,0.21832,0.21886,0.21651,0.2187,842640.0
1776387600000,0.21866,0.22144,0.21485,0.2164,546914.0
1776391200000,0.21636,0.21719,0.21344,0.21556,581557.0
1776394800000,0.21564,0.21626,0.21388,0.21556,213599.0
1776398400000,0.21584,0.21641,0.21319,0.21396,413668.0
1776402000000,0.21388,0.21388,0.21064,0.21127,596868.0
1776405600000,0.21147,0.2132,0.2109,0.21245,59262.0
1776409200000,0.21267,0.21416,0.21245,0.21331,62080.0
1776412800000,0.21329,0.2155,0.21294,0.21405,1346882.0
1776416400000,0.2139,0.21639,0.21312,0.21555,203013.0
1776420000000,0.21515,0.21564,0.21097,0.2123,161356.0
1776423600000,0.21241,0.21623,0.21235,0.21446,121001.0
1776427200000,0.21445,0.21863,0.2135,0.21849,349458.0
1776430800000,0.2181,0.22332,0.21749,0.22271,2387995.0
1776434400000,0.22273,0.22577,0.22212,0.22447,1219918.0
1776438000000,0.22445,0.22455,0.2186,0.22034,1720635.0
1776441600000,0.22036,0.22377,0.21987,0.22298,542495.0
1776445200000,0.22292,0.22327,0.21933,0.22105,647128.0
1776448800000,0.22116,0.2216,0.21832,0.22103,157682.0
1776452400000,0.22112,0.2218,0.21974,0.22019,118444.0
1776456000000,0.2201,0.22026,0.21648,0.21796,146053.0
1776459600000,0.21816,0.21925,0.21652,0.21733,174717.0
1776463200000,0.21722,0.2183,0.21657,0.21708,27761.0
1776466800000,0.21674,0.21677,0.21369,0.21474,220112.0
1776470400000,0.21456,0.21554,0.21311,0.21508,219044.0
1776474000000,0.21514,0.21665,0.21453,0.21473,132766.0
1776477600000,0.21462,0.21564,0.21358,0.21475,109474.0
1776481200000,0.21474,0.21648,0.21391,0.21466,48054.0
1776484800000,0.21466,0.21607,0.21321,0.21384,5551832.0
1776488400000,0.21384,0.21605,0.21384,0.21529,294976.0
1776492000000,0.21529,0.21571,0.21448,0.21492,186766.0
1776495600000,0.21456,0.21583,0.21438,0.21504,264933.0
1776499200000,0.21503,0.21565,0.21183,0.21308,523267.0
1776502800000,0.21311,0.21338,0.2105,0.21233,126376.0
1776506400000,0.21183,0.21185,0.20854,0.20883,500115.0
1776510000000,0.2091,0.2091,0.20599,0.20722,212871.0
1776513600000,0.20709,0.20766,0.20548,0.20697,176256.0
1776517200000,0.20691,0.20728,0.20523,0.2066,133999.0
1776520800000,0.20658,0.20786,0.20631,0.20751,160363.0
1776524400000,0.2075,0.20838,0.20652,0.20729,60845.0
1776528000000,0.20722,0.20741,0.2046,0.20509,1318865.0
1776531600000,0.20504,0.20529,0.20365,0.20421,209510.0
1776535200000,0.20426,0.20438,0.20173,0.20216,367781.0
1776538800000,0.20213,0.20338,0.20154,0.20254,328368.0
1776542400000,0.20252,0.20311,0.2021,0.20303,110481.0
1776546000000,0.20298,0.20447,0.20291,0.20398,97587.0
1776549600000,0.20404,0.20422,0.20301,0.20357,137579.0
1776553200000,0.20352,0.20434,0.20248,0.20248,76466.0
1776556800000,0.20258,0.20258,0.20079,0.20164,304535.0
1776560400000,0.20184,0.20256,0.20075,0.20125,105353.0
1776564000000,0.2012,0.2012,0.19834,0.19918,1352907.0
1776567600000,0.19917,0.20188,0.19845,0.20076,203925.0
1776571200000,0.20069,0.20181,0.20024,0.2015,165621.0
1776574800000,0.20139,0.20322,0.20137,0.2014,123690.0
1776578400000,0.20142,0.20314,0.20048,0.20164,127427.0
1776582000000,0.20172,0.20172,0.19901,0.20038,85560.0
1776585600000,0.20028,0.20088,0.19999,0.20005,92567.0
1776589200000,0.20023,0.20055,0.19956,0.19978,65589.0
1776592800000,0.19969,0.19989,0.19902,0.19956,68752.0
1776596400000,0.19972,0.20244,0.19966,0.20153,70176.0
1776600000000,0.20153,0.2043,0.2013,0.20242,200300.0
1776603600000,0.20218,0.20543,0.2021,0.20426,605008.0
1776607200000,0.20431,0.20688,0.20319,0.20447,220711.0
1776610800000,0.20434,0.20442,0.19967,0.20398,451504.0
1776614400000,0.20427,0.20491,0.19985,0.20059,271457.0
1776618000000,0.20054,0.20092,0.19789,0.19822,344698.0
1776621600000,0.19833,0.19949,0.19751,0.1986,259765.0
1776625200000,0.19883,0.20102,0.19883,0.20037,366887.0
1776628800000,0.20027,0.20031,0.19856,0.19907,177159.0
1776632400000,0.19901,0.19982,0.19801,0.19828,154095.0
1776636000000,0.19821,0.19821,0.19301,0.19493,646864.0
1776639600000,0.19461,0.19476,0.19325,0.19421,96082.0
1776643200000,0.19433,0.19766,0.19411,0.19716,408828.0
1776646800000,0.19715,0.19793,0.19604,0.19732,110351.0
1776650400000,0.19753,0.19838,0.19648,0.1976,82599.0
1776654000000,0.19763,0.19909,0.1973,0.19847,43629.0
1776657600000,0.19846,0.20064,0.19811,0.2002,122503.0
1776661200000,0.20016,0.20037,0.19711,0.19765,160096.0
1776664800000,0.19761,0.1996,0.19725,0.19833,94256.0
1776668400000,0.19841,0.2009,0.19808,0.19911,159653.0
1776672000000,0.19921,0.20048,0.1979,0.19874,433149.0
1776675600000,0.19873,0.20055,0.19827,0.1994,66045.0
1776679200000,0.19941,0.20055,0.19918,0.19918,44732.0
1776682800000,0.19917,0.19988,0.19885,0.19902,90040.0
1776686400000,0.1991,0.19926,0.19825,0.19926,173427.0
1776690000000,0.19924,0.19932,0.19733,0.19908,162926.0
1776693600000,0.19911,0.20017,0.1968,0.19732,230054.0
1776697200000,0.1975,0.19986,0.19623,0.19884,203909.0
1776700800000,0.19876,0.19895,0.19791,0.19811,153822.0
1776704400000,0.19824,0.20052,0.19819,0.20052,87037.0
1776708000000,0.20055,0.20274,0.20055,0.20205,632604.0
1776711600000,0.20197,0.20224,0.20091,0.20145,72866.0
1776715200000,0.2016,0.20254,0.20069,0.20224,122098.0
1776718800000,0.20234,0.2034,0.20108,0.20246,669143.0
1776722400000,0.20211,0.20221,0.19999,0.20005,386543.0
1776726000000,0.20006,0.20006,0.19845,0.19915,48203.0
1776729600000,0.19914,0.20106,0.19902,0.2003,285280.0
1776733200000,0.20024,0.20082,0.19921,0.19921,30778.0
1776736800000,0.1992,0.19956,0.19848,0.19848,71758.0
1776740400000,0.19841,0.19903,0.19766,0.1984,57299.0
1776744000000,0.1984,0.19931,0.19809,0.19918,58219.0
1776747600000,0.19919,0.20071,0.19919,0.20043,67146.0
1776751200000,0.20054,0.20126,0.1996,0.20002,342789.0
1776754800000,0.1999,0.20072,0.19911,0.1997,82133.0
1776758400000,0.19958,0.2013,0.19953,0.2,127869.0
1776762000000,0.20018,0.20142,0.19946,0.20138,126582.0
1776765600000,0.20152,0.20176,0.20083,0.2015,55071.0
1776769200000,0.20109,0.20181,0.20009,0.20017,148292.0
1776772800000,0.20024,0.20032,0.19812,0.19903,217341.0
1776776400000,0.19882,0.19908,0.19801,0.19866,144825.0
1776780000000,0.19881,0.20115,0.19792,0.19857,120617.0
1776783600000,0.19866,0.19963,0.19782,0.19919,177684.0
1776787200000,0.19943,0.20028,0.19776,0.19795,173688.0
1776790800000,0.19794,0.1982,0.193,0.19509,694998.0
1776794400000,0.19509,0.19511,0.19345,0.19438,201158.0
1776798000000,0.19452,0.19538,0.19112,0.19215,182777.0
1776801600000,0.19198,0.19494,0.19155,0.19427,294408.0
1776805200000,0.19406,0.19458,0.19331,0.1943,93553.0
1776808800000,0.19428,0.19461,0.19319,0.19413,671221.0
1776812400000,0.19437,0.1972,0.19434,0.19663,67419.0
1776816000000,0.197,0.19782,0.19656,0.19686,387427.0
1776819600000,0.19708,0.19713,0.1956,0.19619,233166.0
1776823200000,0.19601,0.20055,0.19599,0.20049,251827.0
1776826800000,0.20088,0.20204,0.2001,0.20098,630173.0
1776830400000,0.20111,0.20151,0.19977,0.20086,274097.0
1776834000000,0.20094,0.20469,0.20054,0.20332,570289.0
1776837600000,0.20326,0.20326,0.20158,0.20203,206642.0
1776841200000,0.20205,0.20216,0.2015,0.20211,309195.0
1776844800000,0.20232,0.20292,0.20144,0.20197,271372.0
1776848400000,0.20195,0.20267,0.19903,0.19929,96394.0
1776852000000,0.19958,0.20146,0.19864,0.20146,496672.0
1776855600000,0.20147,0.20224,0.20023,0.20132,201653.0
1776859200000,0.20128,0.20178,0.19924,0.19924,170332.0
1776862800000,0.19917,0.20034,0.19827,0.19971,145657.0
1776866400000,0.19951,0.20106,0.19932,0.20076,182366.0
1776870000000,0.20088,0.20096,0.19949,0.19963,65084.0
1776873600000,0.19955,0.20033,0.19796,0.19851,248560.0
1776877200000,0.19859,0.19999,0.19763,0.19941,333863.0
1776880800000,0.1994,0.20066,0.19871,0.19871,33952.0
1776884400000,0.19853,0.19889,0.19516,0.19692,483098.0
1776888000000,0.19681,0.19685,0.19338,0.19357,239826.0
1776891600000,0.19376,0.19575,0.19357,0.19536,408282.0
1776895200000,0.19531,0.19555,0.19262,0.19276,555086.0
1776898800000,0.19285,0.19285,0.18944,0.18967,760662.0
1776902400000,0.18968,0.18991,0.18596,0.1878,1013866.0
1776906000000,0.18776,0.18778,0.18466,0.18526,404729.0
1776909600000,0.18522,0.1853,0.17996,0.18078,351487.0
1776913200000,0.18066,0.18189,0.17953,0.18047,268071.0
1776916800000,0.1804,0.18156,0.17997,0.18137,202272.0
1776920400000,0.18138,0.18233,0.18064,0.18177,332886.0
1776924000000,0.18176,0.18355,0.18176,0.18249,207912.0
1776927600000,0.1825,0.18266,0.17975,0.18017,267737.0
1776931200000,0.18037,0.1808,0.1782,0.17969,494179.0
1776934800000,0.17946,0.18003,0.17761,0.17944,412756.0
1776938400000,0.17938,0.17949,0.17822,0.17931,215951.0
1776942000000,0.17948,0.18089,0.17925,0.18002,423914.0
1776945600000,0.18003,0.18063,0.17901,0.17917,524456.0
1776949200000,0.17928,0.18035,0.17918,0.17956,117168.0
1776952800000,0.17945,0.18064,0.17869,0.18062,217497.0
1776956400000,0.18066,0.18232,0.18021,0.18204,144352.0
1776960000000,0.18214,0.18244,0.18084,0.18113,1179595.0
1776963600000,0.1811,0.18123,0.1755,0.1782,1955196.0
1776967200000,0.17821,0.17903,0.17711,0.17718,487040.0
1776970800000,0.17709,0.17899,0.17696,0.17827,131644.0
1776974400000,0.1782,0.17989,0.17812,0.17923,172249.0
1776978000000,0.17942,0.18089,0.17936,0.18024,150225.0
1776981600000,0.18004,0.18038,0.1789,0.17899,158258.0
1776985200000,0.17907,0.17956,0.1783,0.17897,60379.0
1776988800000,0.17917,0.18112,0.17917,0.18042,230255.0
1776992400000,0.18037,0.1807,0.17886,0.1807,210691.0
1776996000000,0.18077,0.18083,0.1795,0.18024,136681.0
1776999600000,0.18018,0.18045,0.17837,0.17942,140299.0
1777003200000,0.17953,0.17953,0.17815,0.1788,164004.0
1777006800000,0.17901,0.18055,0.17851,0.18009,290320.0
1777010400000,0.18012,0.18113,0.17976,0.18006,121475.0
1777014000000,0.18008,0.18092,0.17974,0.17994,178116.0
1777017600000,0.18018,0.18096,0.17965,0.1805,220810.0
1777021200000,0.18053,0.18075,0.17915,0.17972,133388.0
1777024800000,0.17954,0.18095,0.17908,0.18049,83888.0
1777028400000,0.18055,0.18196,0.1805,0.18134,295590.0
1777032000000,0.18146,0.18243,0.18132,0.18168,290544.0
1777035600000,0.18171,0.18225,0.18039,0.18076,311825.0
1777039200000,0.18073,0.1811,0.18005,0.18034,212411.0
1777042800000,0.18024,0.18192,0.17924,0.18156,203121.0
1777046400000,0.18156,0.18174,0.17955,0.18054,279355.0
1777050000000,0.18056,0.18072,0.17982,0.18026,159489.0
1777053600000,0.18026,0.18033,0.17904,0.18005,155144.0
1777057200000,0.18011,0.18087,0.17976,0.1803,82353.0
1777060800000,0.18039,0.18114,0.17928,0.18081,246989.0
1777064400000,0.18067,0.18146,0.1799,0.18044,321164.0
1777068000000,0.18036,0.18036,0.17776,0.17838,254561.0
1777071600000,0.17839,0.1789,0.17793,0.17886,377222.0
1777075200000,0.17872,0.17937,0.17815,0.17929,201001.0
1777078800000,0.1792,0.18,0.17919,0.17953,85805.0
1777082400000,0.17947,0.17991,0.17881,0.1794,61470.0
1777086000000,0.17961,0.17983,0.17894,0.17942,59161.0
1777089600000,0.17939,0.1799,0.17868,0.1787,73909.0
1777093200000,0.17868,0.1794,0.17783,0.17898,126164.0
1777096800000,0.17911,0.18031,0.17896,0.17932,92001.0
1777100400000,0.1789,0.17929,0.17842,0.17869,161898.0
1777104000000,0.1784,0.1795,0.17833,0.1794,80663.0
1777107600000,0.17929,0.1801,0.1792,0.17963,156355.0
1777111200000,0.17961,0.18003,0.17934,0.17959,76424.0
1777114800000,0.17941,0.17941,0.17779,0.17847,96855.0
1777118400000,0.17839,0.17905,0.17778,0.17837,140491.0
1777122000000,0.17823,0.179,0.1782,0.17825,64944.0
1777125600000,0.17844,0.1786,0.17752,0.17766,90214.0
1777129200000,0.17769,0.17839,0.177,0.1776,122126.0
1777132800000,0.17749,0.17816,0.17624,0.1773,246032.0
1777136400000,0.17736,0.17762,0.1764,0.17658,51940.0
1777140000000,0.1764,0.17761,0.17633,0.17716,124654.0
1777143600000,0.17721,0.17721,0.17645,0.1766,68590.0
1777147200000,0.17662,0.17759,0.17646,0.17751,510135.0
1777150800000,0.17753,0.1782,0.17741,0.17742,162983.0
1777154400000,0.17745,0.17833,0.17731,0.17781,61826.0
1777158000000,0.178,0.17846,0.17768,0.17811,45825.0
1777161600000,0.17809,0.17843,0.17744,0.1779,194107.0
1777165200000,0.17794,0.17798,0.17723,0.1774,81421.0
1777168800000,0.17743,0.17859,0.17742,0.17802,41731.0
1777172400000,0.17808,0.17858,0.17759,0.17858,48373.0
1777176000000,0.17844,0.1793,0.17784,0.17863,87819.0
1777179600000,0.17862,0.17968,0.17843,0.17888,163782.0
1777183200000,0.179,0.17986,0.179,0.17924,86268.0
1777186800000,0.17946,0.17963,0.17898,0.17952,100472.0
1777190400000,0.17951,0.17957,0.17889,0.1793,39198.0
1777194000000,0.17938,0.17999,0.17925,0.17983,45830.0
1777197600000,0.17978,0.18036,0.17945,0.18024,47568.0
1777201200000,0.18044,0.1809,0.17993,0.18007,46499.0
1777204800000,0.18011,0.18028,0.178,0.17844,185955.0
1777208400000,0.1784,0.1788,0.17743,0.17759,117089.0
1777212000000,0.17753,0.17891,0.1774,0.1782,62722.0
1777215600000,0.17808,0.17869,0.17785,0.17869,38874.0
1777219200000,0.17854,0.17855,0.17722,0.17722,275883.0
1777222800000,0.17741,0.17829,0.17692,0.17816,62795.0
1777226400000,0.17815,0.17877,0.17771,0.17839,36799.0
1777230000000,0.17828,0.17925,0.17804,0.17842,338931.0
1777233600000,0.17837,0.17899,0.17815,0.17819,71976.0
1777237200000,0.17815,0.17877,0.17657,0.17853,141230.0
1777240800000,0.17852,0.17919,0.17721,0.17782,77058.0
1777244400000,0.1777,0.17874,0.17744,0.17807,59362.0
1777248000000,0.17805,0.18024,0.17799,0.18024,307080.0
1777251600000,0.1802,0.18143,0.17919,0.18066,159828.0
1777255200000,0.18079,0.18117,0.17957,0.18066,142526.0
1777258800000,0.18046,0.1834,0.18024,0.18204,343649.0
1777262400000,0.18228,0.18234,0.18136,0.18168,222023.0
1777266000000,0.18185,0.182,0.17668,0.17758,572147.0
1777269600000,0.17746,0.17785,0.17522,0.1766,538289.0
1777273200000,0.17646,0.17685,0.17583,0.1762,277319.0
1777276800000,0.176,0.17714,0.17568,0.17714,171808.0
1777280400000,0.17719,0.17769,0.17616,0.17653,159377.0
1777284000000,0.17659,0.17688,0.17606,0.1762,47797.0
1777287600000,0.17616,0.17693,0.17531,0.17693,110550.0
1777291200000,0.1769,0.17692,0.17619,0.17657,264354.0
1777294800000,0.1768,0.17688,0.1754,0.17568,380054.0
1777298400000,0.17566,0.17822,0.17563,0.17698,251474.0
1777302000000,0.17704,0.17708,0.17181,0.17463,1533271.0
1777305600000,0.17474,0.17569,0.17415,0.17569,181412.0
1777309200000,0.17558,0.17663,0.17538,0.17605,134867.0
1777312800000,0.17603,0.177,0.17529,0.17529,124560.0
1777316400000,0.1752,0.1753,0.17378,0.17463,147143.0
1777320000000,0.17474,0.17525,0.17465,0.17509,162714.0
1777323600000,0.17505,0.1764,0.1749,0.17553,147105.0
1777327200000,0.17565,0.17679,0.1754,0.17647,146796.0
1777330800000,0.17657,0.17786,0.17633,0.17756,66779.0
1777334400000,0.17751,0.17786,0.1764,0.177,366213.0
1777338000000,0.17689,0.17761,0.17659,0.17719,90158.0
1777341600000,0.17717,0.17814,0.17651,0.1776,175781.0
1777345200000,0.17774,0.17835,0.17738,0.17835,95876.0
1777348800000,0.17833,0.17981,0.17819,0.17875,140865.0
1777352400000,0.17872,0.17919,0.17812,0.17866,157929.0
1777356000000,0.17867,0.17867,0.17641,0.17745,215329.0
1777359600000,0.17747,0.17751,0.17585,0.1772,132648.0
1777363200000,0.17716,0.17743,0.17606,0.17652,140521.0
1777366800000,0.1766,0.17674,0.17585,0.1764,205013.0
1777370400000,0.1764,0.17719,0.176,0.1765,125603.0
1777374000000,0.17663,0.17663,0.17552,0.17623,109050.0
1777377600000,0.17632,0.17662,0.17548,0.17642,271900.0
1777381200000,0.17651,0.178,0.1757,0.1776,206011.0
1777384800000,0.17755,0.1778,0.17615,0.1778,308455.0
1777388400000,0.178,0.17874,0.17784,0.1786,234559.0
1777392000000,0.1787,0.1793,0.17749,0.17754,144573.0
1777395600000,0.17741,0.17838,0.17696,0.17756,88864.0
1777399200000,0.17759,0.17909,0.17726,0.17903,189071.0
1777402800000,0.17901,0.17978,0.17882,0.17914,144581.0
1777406400000,0.17915,0.17926,0.1783,0.17869,212049.0
1777410000000,0.17869,0.17957,0.17828,0.17852,251670.0
1777413600000,0.17854,0.17938,0.17831,0.17837,441971.0
1777417200000,0.17834,0.17889,0.178,0.17885,103461.0
1777420800000,0.17886,0.17921,0.1785,0.17864,280768.0
1777424400000,0.17854,0.179,0.17817,0.1785,317941.0
1777428000000,0.1786,0.17892,0.17771,0.17827,175265.0
1777431600000,0.17829,0.1796,0.17829,0.17956,80301.0
1777435200000,0.1796,0.181,0.17947,0.18065,379989.0
1777438800000,0.18065,0.18088,0.18032,0.18054,134015.0
1777442400000,0.18069,0.18101,0.17991,0.18034,476153.0
1777446000000,0.18033,0.18229,0.18019,0.18171,323947.0
1777449600000,0.18179,0.18285,0.18138,0.18189,357574.0
1777453200000,0.18171,0.18612,0.18147,0.186,289501.0
1777456800000,0.18612,0.18738,0.18606,0.18624,549526.0
1777460400000,0.18626,0.18651,0.18411,0.18427,305759.0
1777464000000,0.18422,0.18461,0.18052,0.1816,781974.0
1777467600000,0.18166,0.18195,0.17841,0.17981,424412.0
1777471200000,0.17948,0.1804,0.17861,0.17906,87974.0
1777474800000,0.17884,0.17913,0.17481,0.17533,302640.0
1777478400000,0.17522,0.17638,0.1744,0.1748,179242.0
1777482000000,0.17492,0.177,0.17492,0.177,160907.0
1777485600000,0.1772,0.1772,0.17099,0.176,598995.0
1777489200000,0.17611,0.17645,0.17516,0.17569,126511.0
1777492800000,0.17584,0.17862,0.1757,0.1782,283241.0
1777496400000,0.17817,0.17937,0.17805,0.17834,184642.0
1777500000000,0.1783,0.179,0.17797,0.17799,152256.0
1777503600000,0.17804,0.1782,0.17725,0.17807,388543.0
1777507200000,0.1782,0.18134,0.17813,0.18114,260548.0
1777510800000,0.18128,0.18183,0.18009,0.18108,253498.0
1777514400000,0.18114,0.18146,0.17755,0.17842,354454.0
1777518000000,0.17809,0.18568,0.17791,0.18491,15978505.0
1777521600000,0.18491,0.18512,0.18179,0.18269,1080596.0
1777525200000,0.18282,0.18413,0.18038,0.18045,2650258.0
1777528800000,0.18063,0.18174,0.17999,0.18163,424031.0
1777532400000,0.18179,0.18274,0.18073,0.18175,772864.0
1777536000000,0.18179,0.18459,0.18122,0.18439,2626420.0
1777539600000,0.18439,0.18718,0.18373,0.18429,609094.0
1777543200000,0.18423,0.18467,0.18162,0.18271,799123.0
1777546800000,0.18265,0.18307,0.17972,0.18081,273216.0
1777550400000,0.18088,0.18262,0.18044,0.18113,965283.0
1777554000000,0.1812,0.18353,0.18112,0.18191,870280.0
1777557600000,0.18182,0.18522,0.18129,0.18405,688386.0
1777561200000,0.18428,0.18993,0.184,0.18893,931730.0
1777564800000,0.18899,0.19062,0.18658,0.18846,931145.0
1777568400000,0.18839,0.18839,0.18496,0.18528,908576.0
1777572000000,0.18528,0.1859,0.18365,0.18435,341247.0
1777575600000,0.18423,0.1859,0.18402,0.18563,120113.0
1777579200000,0.18547,0.18618,0.1848,0.18497,273063.0
1777582800000,0.18533,0.18589,0.18402,0.18437,159947.0
1777586400000,0.1842,0.18442,0.18261,0.18282,278974.0
1777590000000,0.18288,0.18399,0.18244,0.18365,132207.0
1777593600000,0.1836,0.18515,0.1833,0.18445,193982.0
1777597200000,0.18458,0.18791,0.18454,0.18742,359748.0
1777600800000,0.18734,0.18837,0.18633,0.18816,299576.0
1777604400000,0.1881,0.19116,0.18695,0.18723,1379305.0
1777608000000,0.18738,0.18832,0.18584,0.18702,339412.0
1777611600000,0.18728,0.18812,0.18677,0.18747,252802.0
1777615200000,0.18747,0.18766,0.18468,0.18556,246650.0
1777618800000,0.18536,0.18596,0.18506,0.18522,149302.0
1777622400000,0.18522,0.18607,0.18504,0.18535,201351.0
1777626000000,0.18532,0.18593,0.18469,0.18528,238092.0
1777629600000,0.18533,0.18687,0.18466,0.18687,365720.0
1777633200000,0.18679,0.18747,0.18594,0.18747,309644.0
1777636800000,0.18736,0.1882,0.18694,0.18747,414502.0
1777640400000,0.1874,0.1899,0.1874,0.1894,193749.0
1777644000000,0.18953,0.19082,0.18865,0.19082,554935.0
1777647600000,0.19072,0.1959,0.19005,0.19384,3489727.0
1777651200000,0.19396,0.19737,0.19396,0.19558,609448.0
1777654800000,0.19539,0.19749,0.19422,0.1956,633940.0
1777658400000,0.19546,0.19582,0.19238,0.19334,299559.0
1777662000000,0.19331,0.19462,0.19208,0.19286,407847.0
1777665600000,0.19283,0.19337,0.18874,0.18948,495361.0
1777669200000,0.18945,0.19059,0.18907,0.18969,340886.0
1777672800000,0.18966,0.19028,0.18872,0.18913,225276.0
1777676400000,0.18916,0.18965,0.1879,0.18846,201273.0
1777680000000,0.18849,0.18889,0.18751,0.18781,202130.0
1777683600000,0.18788,0.18857,0.18743,0.18756,173232.0
1777687200000,0.18751,0.18757,0.18642,0.18666,128490.0
1777690800000,0.18654,0.18799,0.18628,0.18736,1531578.0
1777694400000,0.18729,0.18777,0.18658,0.18672,219721.0
1777698000000,0.18671,0.18728,0.18624,0.18642,336383.0
1777701600000,0.18635,0.18742,0.18635,0.18736,352905.0
1777705200000,0.18736,0.1875,0.18631,0.18675,186919.0
1777708800000,0.1867,0.18684,0.18617,0.18683,146130.0
1777712400000,0.18686,0.18779,0.18677,0.18746,140247.0
1777716000000,0.18746,0.18861,0.18728,0.18827,70911.0
1777719600000,0.18824,0.18824,0.18713,0.18759,286732.0
1777723200000,0.18757,0.19052,0.1875,0.1898,2016397.0
1777726800000,0.1897,0.1912,0.18522,0.18952,16040763.0
1777730400000,0.18975,0.19404,0.18975,0.19255,3893219.0
1777734000000,0.19282,0.1934,0.19164,0.19306,131688.0
1777737600000,0.19284,0.19424,0.19164,0.19389,264935.0
1777741200000,0.19414,0.1952,0.1881,0.18935,20638605.0
1777744800000,0.18931,0.19023,0.18799,0.18963,1021687.0
1777748400000,0.18944,0.19055,0.18933,0.18952,458400.0
1777752000000,0.18949,0.19006,0.18906,0.18927,208567.0
1777755600000,0.18947,0.19142,0.18901,0.19049,200534.0
1777759200000,0.19033,0.19093,0.18975,0.19018,224677.0
1777762800000,0.1901,0.1901,0.18918,0.18935,82556.0
1777766400000,0.18947,0.18953,0.1879,0.1888,179393.0
1777770000000,0.18905,0.18907,0.18619,0.18668,272914.0
1777773600000,0.18663,0.18694,0.18572,0.18657,555768.0
1777777200000,0.18648,0.18736,0.18608,0.18674,253250.0
1777780800000,0.1866,0.18717,0.18637,0.18672,218227.0
1777784400000,0.18669,0.18716,0.1861,0.18634,484193.0
1777788000000,0.18627,0.18721,0.1859,0.1869,294869.0
1777791600000,0.18687,0.18761,0.18644,0.18663,183144.0
1777795200000,0.18664,0.18719,0.18612,0.18625,260535.0
1777798800000,0.18616,0.18695,0.18594,0.18635,104799.0
1777802400000,0.18634,0.1866,0.18495,0.18507,85935.0
1777806000000,0.18487,0.1864,0.18473,0.18558,150174.0
1777809600000,0.18553,0.18666,0.18553,0.1862,278082.0
1777813200000,0.18631,0.18793,0.18622,0.18747,359085.0
1777816800000,0.1875,0.1885,0.18737,0.18745,172259.0
1777820400000,0.18761,0.18818,0.18628,0.1867,183978.0
1777824000000,0.18675,0.18818,0.18661,0.18717,229215.0
1777827600000,0.18715,0.18814,0.18664,0.18742,189766.0
1777831200000,0.18739,0.18903,0.18734,0.18841,113396.0
1777834800000,0.18843,0.18925,0.18815,0.18856,191581.0
1777838400000,0.18852,0.18948,0.18845,0.18853,195270.0
1777842000000,0.18863,0.18902,0.18687,0.1876,213072.0
1777845600000,0.18766,0.19028,0.18766,0.18952,143500.0
1777849200000,0.18949,0.18985,0.18767,0.18773,85206.0
1777852800000,0.18775,0.18921,0.18623,0.18899,164732.0
1777856400000,0.1888,0.1916,0.18805,0.19142,357501.0
1777860000000,0.19164,0.19404,0.19111,0.19334,284772.0
1777863600000,0.19358,0.19399,0.19252,0.19352,383453.0
1777867200000,0.19374,0.19433,0.19324,0.19348,402702.0
1777870800000,0.19352,0.19352,0.19213,0.19344,2416999.0
1777874400000,0.19344,0.19384,0.19007,0.19174,3131576.0
1777878000000,0.19167,0.1921,0.19079,0.19176,54262.0
1777881600000,0.19169,0.19265,0.19068,0.19249,267389.0
1777885200000,0.19242,0.19568,0.19241,0.1944,249942.0
1777888800000,0.1944,0.19445,0.18836,0.19092,593902.0
1777892400000,0.19091,0.19193,0.19042,0.19169,72923.0
1777896000000,0.19145,0.19285,0.19145,0.19164,269343.0
1777899600000,0.19142,0.19194,0.19045,0.19106,285986.0
1777903200000,0.19106,0.19348,0.19032,0.19296,314547.0
1777906800000,0.19252,0.19347,0.19024,0.19179,290350.0
1777910400000,0.19147,0.1921,0.19039,0.1912,355734.0
1777914000000,0.19119,0.1934,0.19111,0.19305,344992.0
1777917600000,0.19307,0.19362,0.19216,0.19267,114280.0
1777921200000,0.19268,0.1927,0.19103,0.19148,163954.0
1777924800000,0.19149,0.19158,0.19008,0.19031,320367.0
1777928400000,0.19032,0.1923,0.19028,0.19186,202128.0
1777932000000,0.19173,0.19239,0.19047,0.19048,109045.0
1777935600000,0.19044,0.19087,0.19014,0.19053,148911.0
1777939200000,0.19047,0.19169,0.19024,0.19136,204997.0
1777942800000,0.19138,0.19296,0.19109,0.19257,289527.0
1777946400000,0.19259,0.19312,0.19141,0.19175,52331.0
1777950000000,0.19181,0.19279,0.19143,0.1923,86511.0
1777953600000,0.19232,0.19273,0.19178,0.19206,77796.0
1777957200000,0.19206,0.19362,0.19186,0.19273,435086.0
1777960800000,0.19281,0.19336,0.19219,0.19336,153622.0
1777964400000,0.19333,0.19534,0.19333,0.19429,263439.0
1777968000000,0.19429,0.19579,0.19422,0.19579,1584659.0
1777971600000,0.19572,0.19676,0.19485,0.19519,162397.0
1777975200000,0.19543,0.19663,0.19465,0.19562,160320.0
1777978800000,0.19527,0.19604,0.19374,0.19604,90491.0
1777982400000,0.19613,0.19723,0.19539,0.19665,190095.0
1777986000000,0.19662,0.19785,0.19582,0.19653,321541.0
1777989600000,0.19626,0.19749,0.1952,0.19573,1419645.0
1777993200000,0.19572,0.19613,0.19432,0.19449,416244.0
1777996800000,0.19454,0.1949,0.19328,0.19471,450105.0
1778000400000,0.19462,0.19573,0.19434,0.19555,745990.0
1778004000000,0.19558,0.19702,0.19555,0.19639,795467.0
1778007600000,0.19633,0.19707,0.19632,0.19669,376760.0
1778011200000,0.19674,0.19973,0.19658,0.19962,817419.0
1778014800000,0.19976,0.20059,0.19848,0.20025,554457.0
1778018400000,0.20055,0.20082,0.19882,0.19963,173912.0
1778022000000,0.1994,0.20055,0.19881,0.20039,106366.0
1778025600000,0.20031,0.20128,0.19957,0.20128,152912.0
1778029200000,0.20132,0.21072,0.20123,0.21024,527176.0
1778032800000,0.21014,0.2188,0.2098,0.2188,645659.0
1778036400000,0.21874,0.21908,0.20988,0.21586,1274161.0
1778040000000,0.21594,0.22082,0.21525,0.21758,957417.0
1778043600000,0.21817,0.25726,0.21817,0.248,22063996.0
1778047200000,0.24786,0.24851,0.23305,0.23695,5734083.0
1778050800000,0.23681,0.24036,0.22581,0.22874,6706845.0
1778054400000,0.2282,0.23202,0.22436,0.23042,8948797.0
1778058000000,0.23065,0.23131,0.22671,0.22767,1850711.0
1778061600000,0.2278,0.22812,0.22284,0.2236,3052286.0
1778065200000,0.22362,0.22516,0.22185,0.22476,4106188.0
1778068800000,0.2247,0.22523,0.22006,0.22314,2089514.0
1778072400000,0.223,0.22456,0.21924,0.22135,1724804.0
1778076000000,0.22116,0.22301,0.21848,0.21935,1003979.0
1778079600000,0.21955,0.2199,0.21709,0.21887,644205.0
1778083200000,0.219,0.2211,0.21814,0.22063,871151.0
1778086800000,0.2206,0.22132,0.21865,0.21993,497623.0
1778090400000,0.21997,0.22319,0.21959,0.22284,645782.0
1778094000000,0.22285,0.224,0.2211,0.22357,1721451.0
1778097600000,0.22347,0.22437,0.2207,0.2229,728928.0
1778101200000,0.2229,0.22447,0.22117,0.22386,884591.0
1778104800000,0.22388,0.22405,0.21935,0.21973,749441.0
1778108400000,0.21983,0.22133,0.2187,0.22116,451375.0
1778112000000,0.22091,0.22094,0.21617,0.21683,1486736.0
1778115600000,0.21702,0.21718,0.21337,0.21646,710236.0
1778119200000,0.21634,0.21791,0.2148,0.2175,187060.0
1778122800000,0.21716,0.21718,0.21216,0.21254,3697927.0
1778126400000,0.21254,0.2154,0.2108,0.21475,1353681.0
1778130000000,0.21484,0.21579,0.21406,0.21552,384085.0
1778133600000,0.2156,0.21662,0.21388,0.21638,198082.0
1778137200000,0.21625,0.21768,0.21561,0.21649,813717.0
1778140800000,0.21649,0.21686,0.21485,0.2149,1007391.0
1778144400000,0.21495,0.21577,0.21416,0.21541,377832.0
1778148000000,0.21533,0.21687,0.21358,0.21442,591070.0
1778151600000,0.21458,0.21612,0.21437,0.21551,257682.0
1778155200000,0.21541,0.2208,0.21541,0.21977,755966.0
1778158800000,0.21988,0.22162,0.21821,0.21865,3050675.0
1778162400000,0.21879,0.21956,0.21489,0.2184,1538496.0
1778166000000,0.21822,0.22101,0.21721,0.21974,1046295.0
1778169600000,0.21989,0.2202,0.21641,0.21753,429694.0
1778173200000,0.21761,0.21945,0.21731,0.21879,284702.0
1778176800000,0.21883,0.22092,0.2166,0.21733,961842.0
1778180400000,0.21738,0.21838,0.21643,0.21743,124802.0
1778184000000,0.2175,0.21901,0.21622,0.21631,329623.0
1778187600000,0.21637,0.21736,0.21435,0.21644,554021.0
1778191200000,0.21641,0.21741,0.21508,0.21694,125878.0
1778194800000,0.21688,0.21974,0.21668,0.21955,129815.0
1778198400000,0.21939,0.22174,0.21843,0.21952,303862.0
1778202000000,0.21968,0.2211,0.21898,0.22049,150419.0
1778205600000,0.22049,0.2209,0.21864,0.21882,632742.0
1778209200000,0.21864,0.2187,0.21537,0.21734,761797.0
1778212800000,0.21732,0.22009,0.21723,0.21952,321225.0
1778216400000,0.21956,0.2211,0.21916,0.21994,374277.0
1778220000000,0.21991,0.21994,0.21706,0.21766,306774.0
1778223600000,0.21732,0.21749,0.21564,0.2173,131963.0
1778227200000,0.21723,0.22053,0.21646,0.21869,370447.0
1778230800000,0.21864,0.22012,0.2174,0.21832,395233.0
1778234400000,0.21821,0.21969,0.21742,0.21821,542059.0
1778238000000,0.21826,0.21913,0.2178,0.21825,191872.0
1778241600000,0.21817,0.21956,0.21749,0.21864,241876.0
1778245200000,0.2188,0.21922,0.21666,0.21908,165729.0
1778248800000,0.2193,0.2232,0.2188,0.22141,823730.0
1778252400000,0.22156,0.22484,0.22028,0.22367,283576.0
1778256000000,0.22352,0.22412,0.22147,0.2223,645494.0
1778259600000,0.2223,0.22448,0.22164,0.22346,813968.0
1778263200000,0.2236,0.2275,0.22321,0.22612,842813.0
1778266800000,0.22589,0.22854,0.22476,0.22536,1666859.0
1778270400000,0.22537,0.22602,0.22436,0.22491,544171.0
1778274000000,0.22499,0.22742,0.22454,0.22645,509578.0
1778277600000,0.22639,0.22683,0.22517,0.22635,225304.0
1778281200000,0.22634,0.22674,0.225,0.22576,164140.0
1778284800000,0.22576,0.22702,0.22462,0.22558,348951.0
1778288400000,0.22558,0.22903,0.22549,0.22848,208094.0
1778292000000,0.22826,0.23182,0.22817,0.2303,2017645.0
1778295600000,0.2302,0.23608,0.22924,0.23212,1293815.0
1778299200000,0.23201,0.23424,0.2271,0.22804,4191150.0
1778302800000,0.22805,0.22982,0.22742,0.22871,291789.0
1778306400000,0.22879,0.23032,0.22662,0.22697,2259096.0
1778310000000,0.22712,0.22721,0.22566,0.22662,857214.0
1778313600000,0.22662,0.22706,0.2257,0.22631,327899.0
1778317200000,0.22635,0.22684,0.22484,0.22518,390598.0
1778320800000,0.22529,0.22758,0.22463,0.22729,579515.0
1778324400000,0.22738,0.22809,0.22711,0.22771,73041.0
1778328000000,0.22759,0.22874,0.22682,0.22849,496510.0
1778331600000,0.22845,0.22975,0.22557,0.22682,441160.0
1778335200000,0.22656,0.22656,0.2226,0.22349,849993.0
1778338800000,0.22353,0.22358,0.22168,0.22232,491971.0
1778342400000,0.22232,0.22343,0.22106,0.22277,443536.0
1778346000000,0.22266,0.2257,0.22266,0.22479,163722.0
1778349600000,0.22469,0.22603,0.22469,0.22534,81497.0
1778353200000,0.22533,0.22588,0.22475,0.22563,193959.0
1778356800000,0.22565,0.22569,0.22482,0.22528,158065.0
1778360400000,0.22552,0.22593,0.2251,0.22576,58221.0
1778364000000,0.22581,0.227,0.22538,0.22639,67957.0
1778367600000,0.22641,0.22663,0.22415,0.22519,228690.0
1778371200000,0.22488,0.22594,0.22314,0.22324,301227.0
1778374800000,0.22329,0.22329,0.222,0.2223,381800.0
1778378400000,0.22242,0.22491,0.22163,0.22421,186602.0
1778382000000,0.22425,0.22497,0.22334,0.22459,76375.0
1778385600000,0.22451,0.22451,0.22328,0.22333,79406.0
1778389200000,0.22331,0.22376,0.22228,0.22283,85509.0
1778392800000,0.22263,0.22305,0.22169,0.22253,129488.0
1778396400000,0.22266,0.22431,0.22225,0.22331,63265.0
1778400000000,0.22327,0.22557,0.22305,0.22538,101084.0
1778403600000,0.22543,0.22648,0.22476,0.22566,58312.0
1778407200000,0.22567,0.22671,0.22421,0.22652,33960.0
1778410800000,0.22656,0.22696,0.22467,0.22478,314837.0
1778414400000,0.22481,0.22535,0.22374,0.22486,181882.0
1778418000000,0.22491,0.22725,0.22471,0.22633,141477.0
1778421600000,0.22643,0.22727,0.22505,0.22633,158855.0
1778425200000,0.22628,0.22795,0.226,0.22795,136336.0
1778428800000,0.22781,0.2299,0.22759,0.22912,370261.0
1778432400000,0.22901,0.23319,0.22767,0.23255,558433.0
1778436000000,0.23259,0.24239,0.23241,0.23884,521486.0
1778439600000,0.23868,0.24384,0.23466,0.23653,1765142.0
1778443200000,0.23642,0.23718,0.22471,0.22783,5881035.0
1778446800000,0.22789,0.22958,0.22537,0.22737,481550.0
1778450400000,0.22736,0.23261,0.22691,0.23226,272129.0
1778454000000,0.23265,0.23365,0.23123,0.23163,372150.0
1778457600000,0.23174,0.23265,0.2278,0.22918,840677.0
1778461200000,0.22918,0.22981,0.22745,0.22845,280707.0
1778464800000,0.22845,0.22866,0.22437,0.22561,222308.0
1778468400000,0.22586,0.22586,0.21953,0.2227,575498.0
1778472000000,0.22265,0.22479,0.22112,0.22445,236870.0
1778475600000,0.22435,0.22704,0.22421,0.22653,222110.0
1778479200000,0.22653,0.22751,0.22522,0.22574,64309.0
1778482800000,0.22545,0.22545,0.22422,0.22539,141784.0
1778486400000,0.22543,0.22724,0.22517,0.22637,64413.0
1778490000000,0.22641,0.22722,0.22613,0.22664,112989.0
1778493600000,0.22666,0.2289,0.22637,0.22681,146383.0
1778497200000,0.22684,0.22928,0.22654,0.22809,425402.0
1778500800000,0.22801,0.22952,0.22639,0.22841,237888.0
1778504400000,0.22851,0.2304,0.22632,0.22895,220079.0
1778508000000,0.22908,0.23061,0.22675,0.22766,187457.0
1778511600000,0.22765,0.23153,0.22655,0.23074,135692.0
1778515200000,0.23047,0.231,0.22821,0.2296,165069.0
1778518800000,0.22949,0.23277,0.22882,0.23155,202242.0
1778522400000,0.23143,0.23344,0.23143,0.2324,211615.0
1778526000000,0.2323,0.2355,0.23224,0.23415,290556.0
1778529600000,0.23401,0.23507,0.23232,0.23334,258569.0
1778533200000,0.23328,0.23349,0.2314,0.23147,96287.0
1778536800000,0.23145,0.23272,0.23105,0.23143,29714.0
1778540400000,0.23138,0.23167,0.22983,0.23075,453340.0
1778544000000,0.23061,0.23122,0.23005,0.23027,922381.0
1778547600000,0.23046,0.23093,0.22509,0.22594,671307.0
1778551200000,0.22617,0.22788,0.22592,0.22733,1120557.0
1778554800000,0.22737,0.22778,0.22529,0.2253,1217185.0
1778558400000,0.22546,0.22685,0.22507,0.22685,859409.0
1778562000000,0.2267,0.22782,0.22657,0.22714,420736.0
1778565600000,0.22714,0.22872,0.22696,0.2271,102516.0
1778569200000,0.22691,0.22789,0.22533,0.22746,78625.0
1778572800000,0.22737,0.22823,0.22599,0.22636,230169.0
1778576400000,0.2262,0.22696,0.22429,0.22629,186922.0
1778580000000,0.22614,0.22638,0.22298,0.22357,157632.0
1778583600000,0.22371,0.22374,0.22194,0.22263,334149.0
1778587200000,0.22239,0.22335,0.21979,0.22217,434725.0
1778590800000,0.22226,0.22326,0.21968,0.2201,599039.0
1778594400000,0.22012,0.22138,0.21536,0.2175,941003.0
1778598000000,0.21772,0.21868,0.2159,0.21762,292540.0
1778601600000,0.21767,0.21851,0.2155,0.2163,340786.0
1778605200000,0.21656,0.21927,0.21643,0.21884,174027.0
1778608800000,0.21892,0.21968,0.21867,0.21886,110895.0
1778612400000,0.21893,0.22127,0.21893,0.22049,220588.0
1778616000000,0.22045,0.22066,0.21918,0.22031,93817.0
1778619600000,0.2205,0.2215,0.2205,0.2212,147440.0
1778623200000,0.22133,0.22287,0.22125,0.22136,107967.0
1778626800000,0.22163,0.22185,0.2206,0.22104,96221.0
1778630400000,0.22099,0.2225,0.22026,0.22215,350413.0
1778634000000,0.22224,0.22512,0.22224,0.2242,195447.0
1778637600000,0.22422,0.22529,0.22359,0.22457,185140.0
1778641200000,0.22477,0.22724,0.22463,0.22664,130760.0
1778644800000,0.22682,0.2297,0.22672,0.22842,269853.0
1778648400000,0.22865,0.22945,0.22557,0.22623,255916.0
1778652000000,0.22613,0.22797,0.22555,0.22637,150295.0
1778655600000,0.2265,0.22773,0.22613,0.22695,104614.0
1778659200000,0.22713,0.23235,0.2271,0.22915,284819.0
1778662800000,0.22924,0.23205,0.22924,0.23136,84194.0
1778666400000,0.23145,0.23169,0.22856,0.22949,144371.0
1778670000000,0.2294,0.22967,0.22658,0.22713,169326.0
1778673600000,0.22717,0.22815,0.22035,0.22175,763829.0
1778677200000,0.22172,0.22296,0.21644,0.21859,620336.0
1778680800000,0.21849,0.21971,0.21675,0.21843,222163.0
1778684400000,0.2184,0.21936,0.21297,0.21344,669797.0
1778688000000,0.21334,0.21775,0.21322,0.21725,339134.0
1778691600000,0.2175,0.21871,0.2175,0.21814,205407.0
1778695200000,0.21833,0.22015,0.21807,0.21851,334689.0
1778698800000,0.21876,0.21882,0.2162,0.21657,117114.0
1778702400000,0.21651,0.217,0.216,0.21643,109424.0
1778706000000,0.21663,0.21699,0.21468,0.21506,170249.0
1778709600000,0.21527,0.21684,0.21432,0.21614,71906.0
1778713200000,0.21616,0.217,0.21585,0.21623,25496.0
1778716800000,0.21626,0.21844,0.2161,0.21729,182642.0
1778720400000,0.21715,0.21751,0.21664,0.21719,108621.0
1778724000000,0.21717,0.21854,0.2163,0.21666,163990.0
1778727600000,0.21669,0.21729,0.21251,0.21315,1277265.0
1778731200000,0.21316,0.21513,0.2124,0.215,291012.0
1778734800000,0.21499,0.21775,0.21478,0.21746,124554.0
1778738400000,0.21724,0.21815,0.21655,0.21662,123080.0
1778742000000,0.2165,0.21716,0.21535,0.21535,92010.0
1778745600000,0.2155,0.21661,0.21463,0.21536,308044.0
1778749200000,0.21538,0.21567,0.21445,0.21485,108333.0
1778752800000,0.21457,0.21625,0.21424,0.21625,83572.0
1778756400000,0.21631,0.21636,0.21332,0.21332,76471.0
1778760000000,0.2133,0.21664,0.2132,0.21642,531303.0
1778763600000,0.21645,0.21746,0.21524,0.21633,835424.0
1778767200000,0.21618,0.22126,0.21592,0.22099,335496.0
1778770800000,0.22116,0.22383,0.22055,0.22346,200669.0
1778774400000,0.22352,0.22664,0.22314,0.22608,323059.0
1778778000000,0.22611,0.22643,0.22255,0.22372,354896.0
1778781600000,0.22367,0.22872,0.2224,0.22814,318851.0
1778785200000,0.22796,0.22918,0.22477,0.22562,198402.0
1778788800000,0.22537,0.22601,0.22255,0.22364,377584.0
1778792400000,0.22386,0.22431,0.22179,0.22235,157923.0
1778796000000,0.22235,0.22293,0.22183,0.22183,81786.0
1778799600000,0.2216,0.22181,0.21982,0.22035,306140.0
1778803200000,0.22029,0.22195,0.21998,0.22081,195128.0
1778806800000,0.22097,0.22159,0.21895,0.21895,341997.0
1778810400000,0.21892,0.22075,0.21718,0.22057,211480.0
1778814000000,0.22044,0.22086,0.21867,0.21882,75170.0
1778817600000,0.21868,0.21868,0.21525,0.21525,418907.0
1778821200000,0.21528,0.21562,0.21048,0.21085,476960.0
1778824800000,0.21095,0.21363,0.21075,0.21339,155296.0
1778828400000,0.21343,0.215,0.21297,0.21317,125711.0
1778832000000,0.21307,0.2131,0.21063,0.21216,153675.0
1778835600000,0.21233,0.21288,0.21119,0.21151,291346.0
1778839200000,0.21148,0.21372,0.21114,0.21318,62361.0
1778842800000,0.21333,0.21333,0.21148,0.21156,111763.0
1778846400000,0.2115,0.21162,0.20908,0.20934,537330.0
1778850000000,0.2092,0.2104,0.20135,0.20209,1482138.0
1778853600000,0.202,0.20469,0.20088,0.2026,396160.0
1778857200000,0.20267,0.20406,0.20237,0.20404,1389780.0
1778860800000,0.2041,0.2061,0.20352,0.20561,252298.0
1778864400000,0.20544,0.20661,0.20534,0.20628,115920.0
1778868000000,0.2064,0.20753,0.20599,0.20735,47645.0
1778871600000,0.20695,0.20737,0.20611,0.20611,109156.0
1778875200000,0.20622,0.20632,0.20459,0.20505,173421.0
1778878800000,0.20508,0.2061,0.20506,0.2053,113680.0
1778882400000,0.20548,0.20569,0.20507,0.20527,27598.0
1778886000000,0.20533,0.20547,0.20407,0.20474,44100.0
1778889600000,0.2047,0.20558,0.20427,0.20537,101842.0
1778893200000,0.20543,0.2061,0.20472,0.20582,68203.0
1778896800000,0.2058,0.20602,0.20472,0.20534,84750.0
1778900400000,0.20546,0.20567,0.20465,0.20518,25450.0
1778904000000,0.20495,0.20514,0.20256,0.20348,197381.0
1778907600000,0.20352,0.20358,0.20249,0.20287,114159.0
1778911200000,0.20296,0.2031,0.19962,0.20053,1260413.0
1778914800000,0.20044,0.20053,0.19565,0.19849,1210117.0
1778918400000,0.19849,0.19956,0.19849,0.19877,142769.0
1778922000000,0.19878,0.19881,0.19438,0.19571,583175.0
1778925600000,0.1956,0.19595,0.19418,0.19568,232655.0
1778929200000,0.19572,0.19763,0.19572,0.19719,144990.0
1778932800000,0.19721,0.19761,0.19658,0.19701,184387.0
1778936400000,0.19704,0.19753,0.19658,0.19718,178084.0
1778940000000,0.1973,0.19871,0.19672,0.19782,64409.0
1778943600000,0.19796,0.19901,0.1977,0.19837,63757.0
1778947200000,0.19831,0.19956,0.19809,0.19854,246993.0
1778950800000,0.19868,0.19909,0.19832,0.19832,151978.0
1778954400000,0.19832,0.19869,0.1977,0.19833,110495.0
1778958000000,0.19827,0.19849,0.19799,0.1981,18364.0
1778961600000,0.19818,0.19865,0.1979,0.19851,49652.0
1778965200000,0.19869,0.19885,0.19833,0.19838,78960.0
1778968800000,0.19829,0.19839,0.19701,0.19741,66743.0
1778972400000,0.1973,0.19787,0.1972,0.19724,15131.0
1778976000000,0.19735,0.19772,0.196,0.196,116350.0
1778979600000,0.1963,0.19655,0.19451,0.19468,193077.0
1778983200000,0.19459,0.19561,0.19453,0.19544,95995.0
1778986800000,0.19541,0.19679,0.19537,0.19648,45080.0
1778990400000,0.19646,0.19738,0.19637,0.19734,224015.0
1778994000000,0.19727,0.19857,0.19689,0.1971,98390.0
1778997600000,0.19707,0.19738,0.19666,0.19709,37089.0
1779001200000,0.1971,0.1984,0.19693,0.19811,41943.0
1779004800000,0.19829,0.19847,0.19769,0.19804,228001.0
1779008400000,0.19804,0.19937,0.19785,0.19922,66906.0
1779012000000,0.19926,0.20068,0.19924,0.19969,84395.0
1779015600000,0.19995,0.19995,0.1988,0.19916,125315.0
1779019200000,0.19919,0.20026,0.19896,0.19904,379294.0
1779022800000,0.19901,0.19901,0.19726,0.19749,346561.0
1779026400000,0.19764,0.19768,0.19611,0.19731,121099.0
1779030000000,0.19739,0.19783,0.19701,0.19741,229964.0
1779033600000,0.19751,0.19764,0.19633,0.19643,63031.0
1779037200000,0.19643,0.19645,0.19477,0.19568,977284.0
1779040800000,0.19557,0.19636,0.19496,0.19604,420372.0
1779044400000,0.19623,0.19742,0.1962,0.19706,276870.0
1779048000000,0.19712,0.19729,0.19627,0.1966,278848.0
1779051600000,0.19656,0.19783,0.19638,0.19737,105583.0
1779055200000,0.19729,0.19737,0.19434,0.19484,136539.0
1779058800000,0.1946,0.1946,0.18549,0.19225,1936043.0
1779062400000,0.19238,0.19238,0.19031,0.19223,1255553.0
1779066000000,0.19224,0.19252,0.19011,0.19166,149251.0
1779069600000,0.19147,0.1933,0.19142,0.19263,91484.0
1779073200000,0.19274,0.19367,0.19158,0.19165,127667.0
1779076800000,0.19177,0.193,0.19142,0.19277,229834.0
1779080400000,0.193,0.19317,0.1912,0.19136,90839.0
1779084000000,0.1915,0.1919,0.18909,0.19031,423988.0
1779087600000,0.1905,0.19075,0.18856,0.18941,139787.0
1779091200000,0.18941,0.19016,0.18913,0.19008,143240.0
1779094800000,0.19009,0.19009,0.18873,0.189,87566.0
1779098400000,0.18892,0.18892,0.18806,0.18825,209125.0
1779102000000,0.1882,0.19141,0.18812,0.19051,163060.0
1779105600000,0.19067,0.19246,0.19067,0.19196,304398.0
1779109200000,0.19186,0.19186,0.1892,0.19056,210456.0
1779112800000,0.19048,0.19068,0.18799,0.18862,287758.0
1779116400000,0.1886,0.1894,0.18717,0.18876,159993.0
1779120000000,0.18869,0.19015,0.18801,0.1897,197097.0
1779123600000,0.18966,0.19065,0.18944,0.19022,101225.0
1779127200000,0.19024,0.19024,0.18738,0.18768,211003.0
1779130800000,0.18755,0.19228,0.18755,0.19151,260424.0
1779134400000,0.19173,0.19262,0.19113,0.19163,97088.0
1779138000000,0.19167,0.19343,0.19119,0.19343,95858.0
1779141600000,0.19348,0.19415,0.1926,0.19358,169339.0
1779145200000,0.19356,0.194,0.19274,0.19323,41546.0
1779148800000,0.1934,0.19472,0.1932,0.19393,187811.0
1779152400000,0.19384,0.19384,0.19207,0.19238,127253.0
1779156000000,0.19225,0.19296,0.19125,0.1913,175077.0
1779159600000,0.1912,0.19245,0.19095,0.19188,73286.0
1779163200000,0.19197,0.19286,0.1916,0.19265,203005.0
1779166800000,0.19264,0.19271,0.19045,0.19185,112106.0
1779170400000,0.19181,0.19286,0.19164,0.19234,41085.0
1779174000000,0.19234,0.19355,0.19204,0.1933,43826.0
1779177600000,0.19337,0.19337,0.19186,0.19244,76684.0
1779181200000,0.19242,0.19247,0.19057,0.19155,124804.0
1779184800000,0.19139,0.19155,0.19004,0.19098,128025.0
1779188400000,0.19097,0.19098,0.1895,0.18996,40148.0
1779192000000,0.18995,0.19141,0.18972,0.19138,126300.0
1779195600000,0.19142,0.19262,0.19096,0.19162,171662.0
1779199200000,0.19156,0.19201,0.18855,0.18952,130641.0
1779202800000,0.18932,0.19015,0.18879,0.18919,58019.0
1779206400000,0.18929,0.1909,0.1887,0.19089,173766.0
1779210000000,0.19093,0.19133,0.19004,0.19043,203828.0
1779213600000,0.19042,0.19101,0.18967,0.18994,108440.0
1779217200000,0.18998,0.19081,0.18946,0.18982,75253.0
1779220800000,0.18997,0.19075,0.18996,0.19075,89437.0
1779224400000,0.19074,0.19132,0.19032,0.19032,80437.0
1779228000000,0.19027,0.19029,0.18836,0.18851,145101.0
1779231600000,0.18834,0.18965,0.18826,0.18907,164390.0
1779235200000,0.18912,0.18944,0.18817,0.18905,173496.0
1779238800000,0.18919,0.19002,0.18834,0.18994,91683.0
1779242400000,0.19002,0.19009,0.18901,0.18901,70245.0
1779246000000,0.18905,0.19055,0.18876,0.19013,61329.0
1779249600000,0.19006,0.19095,0.18967,0.19095,71312.0
1779253200000,0.19098,0.19282,0.19098,0.19239,122221.0
1779256800000,0.19258,0.19318,0.19198,0.19297,69734.0
1779260400000,0.19297,0.1934,0.19244,0.19261,36751.0
1779264000000,0.19266,0.1935,0.19243,0.19298,154864.0
1779267600000,0.19297,0.19325,0.19241,0.19246,68714.0
1779271200000,0.19251,0.19358,0.19251,0.19317,46199.0
1779274800000,0.19326,0.19372,0.19248,0.1932,420873.0
1779278400000,0.19315,0.19459,0.1928,0.19406,155500.0
1779282000000,0.19403,0.19423,0.1911,0.19252,295563.0
1779285600000,0.19263,0.19518,0.19199,0.1951,348975.0
1779289200000,0.1951,0.19636,0.19393,0.19558,272924.0
1779292800000,0.19565,0.19645,0.1945,0.19564,244278.0
1779296400000,0.19592,0.19736,0.19561,0.19615,432689.0
1779300000000,0.19614,0.1963,0.19502,0.19502,95441.0
1779303600000,0.19505,0.19635,0.19457,0.19569,102164.0
1779307200000,0.19567,0.19568,0.19418,0.1955,173400.0
1779310800000,0.19524,0.19577,0.19435,0.19435,43068.0
1779314400000,0.1943,0.19434,0.19312,0.19409,53887.0
1779318000000,0.19378,0.1944,0.1933,0.19433,32978.0
1779321600000,0.19433,0.19626,0.19427,0.19624,161760.0
1779325200000,0.1963,0.19709,0.19597,0.19654,147476.0
1779328800000,0.19658,0.19758,0.1962,0.19666,107137.0
1779332400000,0.19669,0.19811,0.19659,0.19763,218804.0
1779336000000,0.19762,0.19806,0.1965,0.1976,182665.0
1779339600000,0.19743,0.19776,0.1956,0.19611,116730.0
1779343200000,0.19616,0.1966,0.19552,0.19563,146677.0
1779346800000,0.19573,0.1975,0.19558,0.1973,91832.0
1779350400000,0.19722,0.19829,0.19711,0.19732,163994.0
1779354000000,0.19731,0.19751,0.19594,0.19622,44011.0
1779357600000,0.19608,0.19647,0.19331,0.19395,216561.0
1779361200000,0.1937,0.19459,0.19335,0.19357,51806.0
1779364800000,0.19364,0.19479,0.19325,0.19446,112177.0
1779368400000,0.19447,0.19563,0.19372,0.19556,99858.0
1779372000000,0.19559,0.19582,0.19406,0.19475,113348.0
1779375600000,0.19464,0.1965,0.19403,0.19566,94874.0
1779379200000,0.19561,0.19604,0.19437,0.19529,151276.0
1779382800000,0.1953,0.20048,0.19503,0.19958,513772.0
1779386400000,0.19967,0.20083,0.19736,0.19849,207956.0
1779390000000,0.19844,0.20098,0.19843,0.20073,131359.0
1779393600000,0.20063,0.20088,0.2001,0.20019,57435.0
1779397200000,0.20028,0.20181,0.2002,0.20065,78207.0
1779400800000,0.20054,0.20074,0.1994,0.19972,45616.0
1779404400000,0.19978,0.20023,0.19904,0.19988,45970.0
1779408000000,0.20008,0.20008,0.19784,0.19785,207108.0
1779411600000,0.19788,0.19943,0.19761,0.19943,108302.0
1779415200000,0.19963,0.2011,0.19963,0.20056,73252.0
1779418800000,0.20052,0.20089,0.19974,0.20053,40687.0
1779422400000,0.20063,0.20169,0.19995,0.20072,218983.0
1779426000000,0.2003,0.20222,0.20029,0.2009,152019.0
1779429600000,0.2011,0.20124,0.20009,0.20024,65748.0
1779433200000,0.20022,0.20147,0.19938,0.20057,75054.0
1779436800000,0.20071,0.20216,0.20046,0.20101,279755.0
1779440400000,0.20103,0.20207,0.20055,0.20078,161360.0
1779444000000,0.20065,0.20141,0.19986,0.20094,42359.0
1779447600000,0.20098,0.20198,0.20046,0.2018,60713.0
1779451200000,0.20173,0.20383,0.20137,0.20372,183271.0
1779454800000,0.20383,0.20422,0.20178,0.20351,239746.0
1779458400000,0.20335,0.20342,0.19993,0.20016,323900.0
1779462000000,0.20019,0.20101,0.19828,0.2003,527029.0
1779465600000,0.20015,0.20078,0.19875,0.20022,398380.0
1779469200000,0.20024,0.20133,0.19928,0.19953,121740.0
1779472800000,0.19955,0.19955,0.19355,0.19562,516906.0
1779476400000,0.19552,0.19582,0.19164,0.19362,344259.0
1779480000000,0.19355,0.19472,0.19335,0.19448,158610.0
1779483600000,0.19451,0.19547,0.19429,0.19513,210398.0
1779487200000,0.19518,0.19521,0.19304,0.19369,76844.0
1779490800000,0.19361,0.19428,0.1887,0.19016,290517.0
1779494400000,0.18998,0.19119,0.18944,0.19109,273233.0
1779498000000,0.19099,0.19151,0.19025,0.19136,112538.0
1779501600000,0.19151,0.19179,0.19095,0.19179,40623.0
1779505200000,0.19186,0.19186,0.1911,0.19113,15400.0
1779508800000,0.19113,0.19118,0.18981,0.19002,72451.0
1779512400000,0.19,0.19003,0.18896,0.18946,73021.0
1779516000000,0.18948,0.1896,0.1875,0.18768,712601.0
1779519600000,0.18765,0.18771,0.17965,0.18185,1248963.0
1779523200000,0.18155,0.18277,0.18066,0.18265,341679.0
1779526800000,0.1826,0.18302,0.18203,0.18204,95027.0
1779530400000,0.18209,0.18279,0.18193,0.18247,92313.0
1779534000000,0.18254,0.18276,0.18165,0.18184,61217.0
1779537600000,0.1816,0.18194,0.18085,0.18178,139670.0
1779541200000,0.18183,0.18456,0.18183,0.1842,158953.0
1779544800000,0.18424,0.18634,0.1834,0.18629,194170.0
1779548400000,0.18627,0.18783,0.18591,0.18768,152004.0
1779552000000,0.18774,0.18911,0.18687,0.18905,188859.0
1779555600000,0.18922,0.18988,0.18858,0.1893,144591.0
1779559200000,0.18916,0.1934,0.18907,0.19199,309678.0
1779562800000,0.192,0.19274,0.19125,0.19154,256947.0
1779566400000,0.19163,0.19825,0.19131,0.19825,661692.0
1779570000000,0.19828,0.19901,0.19416,0.19471,211020.0
1779573600000,0.19509,0.19577,0.19225,0.19325,143065.0
1779577200000,0.19306,0.19368,0.19267,0.19307,53199.0
1779580800000,0.19334,0.19379,0.19274,0.19344,221140.0
1779584400000,0.19346,0.19372,0.19317,0.19345,24864.0
1779588000000,0.19331,0.19421,0.19269,0.19348,57843.0
1779591600000,0.19347,0.19404,0.1919,0.19248,52805.0
1779595200000,0.19252,0.19303,0.19225,0.19265,175204.0
1779598800000,0.19245,0.19245,0.19059,0.19152,309819.0
1779602400000,0.19132,0.19277,0.19095,0.19253,196624.0
1779606000000,0.19251,0.19281,0.19165,0.19165,43513.0
1779609600000,0.19206,0.19262,0.19151,0.19252,147795.0
1779613200000,0.19259,0.19276,0.1921,0.19228,64668.0
1779616800000,0.19218,0.19282,0.19118,0.19136,166156.0
1779620400000,0.19138,0.19184,0.1911,0.19141,94629.0
1779624000000,0.19141,0.19151,0.18932,0.18944,98741.0
1779627600000,0.18945,0.18973,0.18802,0.18843,138627.0
1779631200000,0.1885,0.18867,0.18517,0.18795,221957.0
1779634800000,0.18786,0.18877,0.18773,0.18825,87352.0
1779638400000,0.18827,0.189,0.18764,0.18838,154668.0
1779642000000,0.18839,0.18888,0.18822,0.1885,100490.0
1779645600000,0.18848,0.18906,0.18762,0.18779,70927.0
1779649200000,0.18777,0.18822,0.18731,0.18759,31964.0
1779652800000,0.18774,0.18774,0.18636,0.18636,101029.0
1779656400000,0.18644,0.18683,0.18298,0.18362,339256.0
1779660000000,0.18368,0.18698,0.1836,0.1863,167010.0
1779663600000,0.18625,0.18797,0.18625,0.18735,92689.0
1779667200000,0.18746,0.18851,0.18736,0.18811,247173.0
1779670800000,0.18826,0.18826,0.18605,0.18605,127397.0
1779674400000,0.1863,0.18788,0.1863,0.18647,70718.0
1779678000000,0.18671,0.18673,0.18598,0.18655,101739.0
1779681600000,0.18644,0.18858,0.18616,0.18835,73899.0
1779685200000,0.18833,0.19001,0.18824,0.18944,88746.0
1779688800000,0.18961,0.18998,0.1887,0.18952,161334.0
1779692400000,0.18952,0.19051,0.18874,0.18937,83573.0
1779696000000,0.18951,0.19025,0.1893,0.19024,295763.0
1779699600000,0.19021,0.19104,0.19006,0.19062,230475.0
1779703200000,0.19056,0.19247,0.19045,0.19247,119973.0
1779706800000,0.19249,0.19277,0.19111,0.19122,677044.0
1779710400000,0.19129,0.193,0.19071,0.19244,153222.0
1779714000000,0.19247,0.19337,0.1923,0.19327,106385.0
1779717600000,0.1934,0.19567,0.1934,0.195,119284.0
1779721200000,0.19511,0.19798,0.19503,0.19787,94848.0
1779724800000,0.19796,0.1992,0.1966,0.19733,326247.0
1779728400000,0.19764,0.19811,0.1954,0.19589,194353.0
1779732000000,0.19598,0.19657,0.1954,0.19567,23014.0
1779735600000,0.19565,0.19586,0.19444,0.19582,134080.0
1779739200000,0.19571,0.19648,0.1945,0.1953,264834.0
1779742800000,0.1956,0.19565,0.19461,0.19538,73392.0
1779746400000,0.19518,0.19529,0.19283,0.19286,109171.0
1779750000000,0.19279,0.19386,0.19256,0.1932,90816.0
1779753600000,0.19327,0.19371,0.18973,0.19118,523881.0
1779757200000,0.19116,0.19116,0.18853,0.18955,150752.0
1779760800000,0.18966,0.19054,0.1891,0.19003,252872.0
1779764400000,0.19021,0.19022,0.18922,0.19019,75446.0
1779768000000,0.1903,0.19253,0.18992,0.19231,151701.0
1779771600000,0.19242,0.19462,0.1919,0.19462,232307.0
1779775200000,0.19458,0.19611,0.19318,0.1953,113836.0
1779778800000,0.19554,0.19554,0.1923,0.19431,168472.0
1779782400000,0.19422,0.1954,0.19341,0.1945,246037.0
1779786000000,0.19457,0.195,0.19361,0.19479,240961.0
1779789600000,0.19479,0.199,0.19421,0.19851,289992.0
1779793200000,0.19834,0.19877,0.19743,0.19743,269172.0
1779796800000,0.19733,0.19806,0.19641,0.19755,207767.0
1779800400000,0.19766,0.19858,0.19552,0.19779,210049.0
1779804000000,0.19791,0.20001,0.19643,0.1976,2890675.0
1779807600000,0.19729,0.19749,0.19391,0.19601,1148357.0
1779811200000,0.19601,0.19601,0.19417,0.19512,270461.0
1779814800000,0.19513,0.19567,0.19104,0.19357,703634.0
1779818400000,0.1935,0.19479,0.19245,0.19247,118063.0
1779822000000,0.19275,0.19416,0.19209,0.19403,77364.0
1779825600000,0.19409,0.1943,0.19324,0.19377,148700.0
1779829200000,0.19372,0.19428,0.19229,0.19229,158319.0
1779832800000,0.19249,0.19348,0.19216,0.19328,638219.0
1779836400000,0.1934,0.19501,0.1934,0.19389,46372.0
1779840000000,0.19392,0.19622,0.19385,0.19622,199775.0
1779843600000,0.19596,0.19626,0.19416,0.19416,170119.0
1779847200000,0.19416,0.19422,0.19209,0.19346,177941.0
1779850800000,0.19334,0.19362,0.19189,0.19228,152687.0
1779854400000,0.19216,0.19237,0.18913,0.19208,669240.0
1779858000000,0.19206,0.19383,0.19206,0.19383,270570.0
1779861600000,0.19379,0.1951,0.19356,0.19499,138449.0
1779865200000,0.19516,0.19546,0.1937,0.19443,102987.0
1779868800000,0.19454,0.19535,0.19326,0.19335,92321.0
1779872400000,0.19341,0.19341,0.19216,0.19329,221370.0
1779876000000,0.1934,0.1938,0.19247,0.19282,84252.0
1779879600000,0.1928,0.19375,0.19264,0.19264,45939.0
1779883200000,0.19253,0.19626,0.19181,0.19515,411013.0
1779886800000,0.19525,0.1955,0.19103,0.19291,404871.0
1779890400000,0.19277,0.19391,0.19099,0.1926,254090.0
1779894000000,0.1927,0.19595,0.19261,0.19441,125522.0
1779897600000,0.1945,0.19536,0.19262,0.19337,301511.0
1779901200000,0.19344,0.19344,0.18983,0.1901,297314.0
1779904800000,0.18988,0.19198,0.18876,0.19179,216027.0
1779908400000,0.19178,0.19296,0.19167,0.19222,128644.0
1779912000000,0.1923,0.1931,0.1913,0.19243,279044.0
1779915600000,0.19246,0.19255,0.18543,0.18721,966928.0
1779919200000,0.18732,0.18864,0.18643,0.18643,185369.0
1779922800000,0.18633,0.18681,0.18519,0.18656,412625.0
1779926400000,0.18643,0.18754,0.1862,0.18718,255748.0
1779930000000,0.18719,0.18731,0.18388,0.18549,439698.0
1779933600000,0.18563,0.1857,0.18393,0.18436,124047.0
1779937200000,0.18426,0.18435,0.17816,0.17857,1324524.0
1779940800000,0.17831,0.17831,0.17511,0.17767,1125144.0
1779944400000,0.17771,0.17771,0.1747,0.17632,268120.0
1779948000000,0.17646,0.1778,0.17612,0.17725,118856.0
1779951600000,0.17738,0.1795,0.17699,0.179,86908.0
1779955200000,0.17916,0.17916,0.17685,0.17689,261007.0
1779958800000,0.17692,0.17816,0.17672,0.17749,119958.0
1779962400000,0.17743,0.17825,0.17578,0.17616,93471.0
1779966000000,0.17578,0.17637,0.17529,0.17597,253372.0
1779969600000,0.17597,0.17701,0.17476,0.1768,201738.0
1779973200000,0.17692,0.17751,0.174,0.17488,4345330.0
1779976800000,0.17483,0.17622,0.17232,0.17558,1888140.0
1779980400000,0.17551,0.17654,0.17373,0.1758,295660.0
1779984000000,0.17578,0.17919,0.17508,0.17891,516294.0
1779987600000,0.17911,0.18168,0.17844,0.18146,439711.0
1779991200000,0.18143,0.18448,0.18131,0.18388,265209.0
1779994800000,0.18402,0.18543,0.18241,0.18423,193726.0
1779998400000,0.18438,0.18641,0.18189,0.18489,679057.0
1780002000000,0.18494,0.18721,0.18402,0.18498,319801.0
1780005600000,0.18495,0.18542,0.18244,0.18309,72408.0
1780009200000,0.18304,0.1843,0.18276,0.18407,114353.0
1780012800000,0.18412,0.1852,0.18402,0.18444,246783.0
1780016400000,0.18457,0.18566,0.18342,0.18434,255586.0
1780020000000,0.18426,0.185,0.18346,0.18355,257519.0
1780023600000,0.18341,0.18526,0.18339,0.18377,215911.0
1780027200000,0.18382,0.18528,0.18219,0.18528,251916.0
1780030800000,0.1853,0.18579,0.18367,0.18449,142189.0
1780034400000,0.18443,0.18591,0.18438,0.18574,157180.0
1780038000000,0.18565,0.18749,0.18486,0.18612,633009.0
1780041600000,0.18598,0.18784,0.1856,0.18581,316929.0
1780045200000,0.18583,0.18881,0.18574,0.18801,185516.0
1780048800000,0.18795,0.18984,0.1863,0.18765,155604.0
1780052400000,0.18747,0.18801,0.18409,0.18491,90517.0
1780056000000,0.18497,0.18507,0.18297,0.18343,334405.0
1780059600000,0.18335,0.18335,0.18171,0.18255,379042.0
1780063200000,0.18277,0.18449,0.1797,0.18363,582997.0
1780066800000,0.18367,0.19086,0.18333,0.18966,1375271.0
1780070400000,0.1896,0.192,0.1883,0.1914,439852.0
1780074000000,0.19139,0.19195,0.1901,0.19064,377282.0
1780077600000,0.1906,0.19164,0.18817,0.18869,714234.0
1780081200000,0.18877,0.18944,0.18591,0.18839,956224.0
1780084800000,0.18841,0.1897,0.18785,0.18843,234097.0
1780088400000,0.18838,0.18927,0.18612,0.18612,156623.0
1780092000000,0.18627,0.18797,0.186,0.18763,93650.0
1780095600000,0.18757,0.18861,0.18731,0.1875,163161.0
1780099200000,0.18761,0.1885,0.18698,0.18825,342090.0
1780102800000,0.18815,0.19084,0.18783,0.19084,219225.0
1780106400000,0.19083,0.1945,0.19083,0.1945,175808.0
1780110000000,0.1943,0.19503,0.19128,0.19233,254171.0
1780113600000,0.19239,0.19305,0.18746,0.18966,392998.0
1780117200000,0.18929,0.19166,0.18884,0.19155,218746.0
1780120800000,0.19154,0.19222,0.19012,0.19038,201316.0
1780124400000,0.19042,0.19147,0.18951,0.19147,116697.0
1780128000000,0.19144,0.19179,0.19007,0.19013,171976.0
1780131600000,0.19013,0.1918,0.18979,0.19098,244249.0
1780135200000,0.19103,0.19202,0.1909,0.19124,86680.0
1780138800000,0.19113,0.19183,0.1905,0.19143,324590.0
1780142400000,0.19131,0.19255,0.19105,0.19255,488094.0
1780146000000,0.19237,0.19316,0.1899,0.19162,344482.0
1780149600000,0.19162,0.19335,0.1912,0.19257,1518023.0
1780153200000,0.19267,0.19318,0.19102,0.19115,212179.0
1780156800000,0.19126,0.19289,0.19102,0.19231,204143.0
1780160400000,0.19236,0.19238,0.19086,0.19238,530324.0
1780164000000,0.19238,0.1935,0.19188,0.193,867536.0
1780167600000,0.19298,0.19305,0.19164,0.1922,461953.0
1780171200000,0.19227,0.19271,0.19206,0.1925,52065.0
1780174800000,0.19251,0.19296,0.19162,0.19162,119851.0
1780178400000,0.19142,0.19142,0.18944,0.19015,120139.0
1780182000000,0.19017,0.19077,0.18945,0.19017,93939.0
1780185600000,0.19032,0.19059,0.18977,0.1904,274562.0
1780189200000,0.1903,0.19085,0.19015,0.19042,109748.0
1780192800000,0.1906,0.1919,0.1903,0.19145,115207.0
1780196400000,0.19159,0.19228,0.19134,0.19177,72865.0
1780200000000,0.19184,0.19307,0.19146,0.19283,203353.0
1780203600000,0.19286,0.19286,0.1913,0.19143,99389.0
1780207200000,0.19131,0.19188,0.19091,0.19136,113649.0
1780210800000,0.1913,0.19132,0.18936,0.19023,75401.0
1780214400000,0.19028,0.19108,0.18966,0.19039,282800.0
1780218000000,0.19025,0.19129,0.18973,0.18987,127093.0
1780221600000,0.19006,0.19019,0.18848,0.19019,115513.0
1780225200000,0.19025,0.19079,0.18985,0.19026,246172.0
1780228800000,0.1902,0.1912,0.18972,0.19056,243601.0
1780232400000,0.19049,0.1912,0.19004,0.19013,98278.0
1780236000000,0.18999,0.19001,0.18631,0.1865,339694.0
1780239600000,0.18652,0.18863,0.18634,0.18743,337943.0
1780243200000,0.18745,0.1876,0.18511,0.18578,282138.0
1780246800000,0.18579,0.18759,0.18561,0.18756,168816.0
1780250400000,0.18759,0.18831,0.18718,0.18831,62654.0
1780254000000,0.1884,0.18856,0.18633,0.18758,83670.0
1780257600000,0.18743,0.18866,0.18743,0.18833,150920.0
1780261200000,0.18847,0.19165,0.18819,0.19118,121646.0
1780264800000,0.19143,0.19252,0.19059,0.19213,85771.0
1780268400000,0.19216,0.19323,0.19008,0.19179,202952.0
1780272000000,0.19196,0.1947,0.19165,0.19363,359212.0
1780275600000,0.19355,0.19384,0.1906,0.1906,210725.0
1780279200000,0.19054,0.19506,0.19004,0.19409,118512.0
1780282800000,0.19403,0.19516,0.19318,0.19368,103277.0
1780286400000,0.19379,0.19424,0.19032,0.19152,431940.0
1780290000000,0.19162,0.19164,0.18966,0.18999,166610.0
1780293600000,0.18999,0.19015,0.18626,0.1878,469495.0
1780297200000,0.18773,0.18819,0.18531,0.18549,218113.0
1780300800000,0.1853,0.18676,0.18486,0.18637,443366.0
1780304400000,0.18656,0.18732,0.18579,0.1866,249469.0
1780308000000,0.18674,0.18721,0.18565,0.18673,105044.0
1780311600000,0.18695,0.18729,0.18548,0.18565,107226.0
1780315200000,0.18603,0.18668,0.18395,0.18567,530465.0
1780318800000,0.18563,0.18571,0.18239,0.18384,550481.0
1780322400000,0.1837,0.18423,0.18221,0.18293,380295.0
1780326000000,0.18297,0.18426,0.18145,0.1831,236517.0
1780329600000,0.1833,0.18688,0.18201,0.18664,536558.0
1780333200000,0.18689,0.19057,0.18659,0.18962,446873.0
1780336800000,0.18952,0.19161,0.18852,0.18972,425544.0
1780340400000,0.18979,0.19257,0.18933,0.19229,276120.0
1780344000000,0.19274,0.19366,0.19108,0.1925,307935.0
1780347600000,0.19268,0.19272,0.18988,0.19044,156574.0
1780351200000,0.19002,0.19178,0.18843,0.19157,194889.0
1780354800000,0.19152,0.19252,0.19098,0.19173,111712.0
1780358400000,0.19177,0.1921,0.19051,0.19069,333083.0
1780362000000,0.19079,0.19124,0.18738,0.18743,202515.0
1780365600000,0.18735,0.19007,0.1852,0.18977,237905.0
1780369200000,0.19007,0.19186,0.18955,0.19169,179162.0
1780372800000,0.19152,0.19237,0.18988,0.19013,395976.0
1780376400000,0.18995,0.19054,0.18759,0.18773,185610.0
1780380000000,0.18738,0.18814,0.1863,0.187,143334.0
1780383600000,0.1871,0.18807,0.18507,0.18715,84768.0
1780387200000,0.18719,0.18747,0.18654,0.18745,352820.0
1780390800000,0.18751,0.18754,0.18549,0.18587,103751.0
1780394400000,0.18606,0.18889,0.18549,0.18883,71288.0
1780398000000,0.18898,0.189,0.18696,0.18772,316389.0
1780401600000,0.18785,0.18922,0.18699,0.18846,553936.0
1780405200000,0.18831,0.18979,0.18726,0.18751,422526.0
1780408800000,0.18736,0.18755,0.17899,0.18114,1022969.0
1780412400000,0.18129,0.18195,0.17539,0.17829,632984.0
1780416000000,0.17791,0.18318,0.1774,0.1808,399929.0
1780419600000,0.1809,0.18416,0.1809,0.18298,485402.0
1780423200000,0.18266,0.18361,0.17822,0.17865,240476.0
1780426800000,0.179,0.179,0.17321,0.17739,447763.0
1780430400000,0.17727,0.17924,0.17534,0.17867,725024.0
1780434000000,0.17876,0.18056,0.1776,0.1786,423980.0
1780437600000,0.1785,0.1785,0.17337,0.17395,349600.0
1780441200000,0.17435,0.17546,0.17041,0.17477,671231.0
1780444800000,0.17479,0.17673,0.1743,0.17609,1115880.0
1780448400000,0.17616,0.1778,0.17533,0.17778,369044.0
1780452000000,0.17775,0.17829,0.1769,0.17829,109492.0
1780455600000,0.1784,0.17861,0.1718,0.17255,518844.0
1780459200000,0.17277,0.1776,0.17277,0.17749,490645.0
1780462800000,0.1776,0.18269,0.17755,0.18244,516052.0
1780466400000,0.18256,0.18528,0.18177,0.18417,411091.0
1780470000000,0.18419,0.18895,0.184,0.18738,340502.0
1780473600000,0.18762,0.18812,0.1857,0.1857,228407.0
1780477200000,0.18555,0.18555,0.18294,0.1844,383095.0
1780480800000,0.18451,0.19062,0.18447,0.18988,223549.0
1780484400000,0.19019,0.19173,0.18759,0.18827,720085.0
1780488000000,0.18841,0.19101,0.18675,0.19101,314110.0
1780491600000,0.19101,0.19249,0.18789,0.18947,322088.0
1780495200000,0.18947,0.19041,0.18666,0.19041,380287.0
1780498800000,0.19054,0.191,0.18735,0.18737,297441.0
1780502400000,0.1875,0.18776,0.18244,0.18555,629443.0
1780506000000,0.18556,0.18935,0.18312,0.18745,387221.0
1780509600000,0.18747,0.18959,0.18612,0.18924,329789.0
1780513200000,0.18949,0.18972,0.18481,0.18523,288109.0
1780516800000,0.18527,0.18842,0.18222,0.18297,803131.0
1780520400000,0.18302,0.19252,0.18253,0.1924,682577.0
1780524000000,0.19239,0.19541,0.19002,0.1906,794249.0
1780527600000,0.19077,0.19093,0.18846,0.18966,317636.0
1780531200000,0.1896,0.19164,0.18484,0.18656,900287.0
1780534800000,0.1867,0.18754,0.1736,0.175,2267972.0
1780538400000,0.17507,0.1756,0.16536,0.1742,2960540.0
1780542000000,0.17443,0.18312,0.17442,0.18175,1107213.0
1780545600000,0.18192,0.18362,0.17961,0.17966,421800.0
1780549200000,0.17995,0.18018,0.17309,0.17557,854677.0
1780552800000,0.17545,0.17949,0.17506,0.17634,250882.0
1780556400000,0.17632,0.17649,0.17127,0.17131,1088192.0
1780560000000,0.17137,0.17238,0.16894,0.17139,1325513.0
1780563600000,0.1712,0.1712,0.16552,0.16801,1417281.0
1780567200000,0.16818,0.16818,0.16476,0.16549,469911.0
1780570800000,0.16554,0.16722,0.16362,0.16706,879487.0
1780574400000,0.16723,0.1725,0.1647,0.17248,1093355.0
1780578000000,0.17228,0.1728,0.16824,0.1723,424535.0
1780581600000,0.1724,0.1741,0.17073,0.1741,468095.0
1780585200000,0.17399,0.1801,0.17329,0.1794,1646396.0
1780588800000,0.17941,0.1796,0.17597,0.177,522496.0
1780592400000,0.17704,0.17767,0.17245,0.17378,570812.0
1780596000000,0.17377,0.17813,0.1714,0.1773,590579.0
1780599600000,0.17705,0.17914,0.1745,0.17565,450493.0
1780603200000,0.17551,0.17551,0.17172,0.17211,315327.0
1780606800000,0.17218,0.17392,0.16489,0.16533,1045543.0
1780610400000,0.16519,0.16745,0.16394,0.16733,1728251.0
1780614000000,0.16704,0.16894,0.16495,0.16763,273800.0
1780617600000,0.16729,0.1678,0.16343,0.1636,547200.0
1780621200000,0.16345,0.16657,0.16066,0.16545,390524.0
1780624800000,0.16533,0.16533,0.15793,0.15875,487242.0
1780628400000,0.15881,0.16128,0.15768,0.15822,996774.0
1780632000000,0.15826,0.16392,0.15744,0.16392,6409418.0
1780635600000,0.164,0.16468,0.15844,0.15863,971450.0
1780639200000,0.15887,0.15894,0.14944,0.15531,1551984.0
1780642800000,0.1554,0.16002,0.15145,0.16002,1095705.0
1780646400000,0.15984,0.15984,0.15432,0.1548,370076.0
1780650000000,0.15502,0.15856,0.15502,0.15852,321099.0
1780653600000,0.15858,0.1593,0.15606,0.15716,178265.0
1780657200000,0.1573,0.15827,0.15525,0.15584,273005.0
1780660800000,0.15579,0.15649,0.15317,0.15583,607128.0
1780664400000,0.15588,0.15944,0.15077,0.15092,640352.0
1780668000000,0.15095,0.15795,0.15043,0.15509,1055527.0
1780671600000,0.15505,0.15534,0.15004,0.15155,1229752.0
1780675200000,0.15122,0.15552,0.14759,0.15535,1753196.0
1780678800000,0.15553,0.1557,0.15227,0.15406,486034.0
1780682400000,0.15417,0.15534,0.14588,0.14669,1477228.0
1780686000000,0.14655,0.15285,0.14463,0.15083,1072586.0
1780689600000,0.15083,0.15545,0.14854,0.1553,1771348.0
1780693200000,0.15523,0.15655,0.1548,0.15483,537828.0
1780696800000,0.15487,0.15554,0.15208,0.1548,333750.0
1780700400000,0.15484,0.15552,0.14999,0.15289,734537.0
1780704000000,0.15292,0.15491,0.15266,0.15354,600972.0
1780707600000,0.15346,0.15404,0.15119,0.15135,302807.0
1780711200000,0.15128,0.15205,0.15041,0.15051,383009.0
1780714800000,0.15038,0.15051,0.14822,0.14873,278457.0
1780718400000,0.14861,0.14939,0.14,0.14144,2352727.0
1780722000000,0.14142,0.14822,0.13952,0.14822,629692.0
1780725600000,0.14838,0.15106,0.14822,0.1489,353419.0
1780729200000,0.14887,0.15265,0.14861,0.15169,347160.0
1780732800000,0.1517,0.15371,0.15098,0.15275,369371.0
1780736400000,0.15264,0.15314,0.14973,0.15006,253624.0
1780740000000,0.15013,0.15013,0.14709,0.14873,430936.0
1780743600000,0.14862,0.15103,0.14862,0.15056,204567.0
1780747200000,0.15066,0.15261,0.14951,0.15199,399739.0
1780750800000,0.15186,0.15349,0.15169,0.15262,247658.0
1780754400000,0.15262,0.15444,0.15252,0.1531,741391.0
1780758000000,0.15326,0.15353,0.15026,0.15171,906124.0
1780761600000,0.15157,0.15259,0.14978,0.15127,319299.0
1780765200000,0.15131,0.15147,0.14883,0.14923,248551.0
1780768800000,0.14924,0.15118,0.14909,0.15038,324822.0
1780772400000,0.15023,0.15121,0.14939,0.14939,280572.0
1780776000000,0.14925,0.14978,0.14876,0.14937,350849.0
1780779600000,0.14942,0.15087,0.14942,0.14992,124502.0
1780783200000,0.14975,0.15117,0.14933,0.15051,276897.0
1780786800000,0.15052,0.15251,0.15049,0.15229,109798.0
1780790400000,0.15231,0.15307,0.15164,0.15234,309528.0
1780794000000,0.15233,0.15721,0.15233,0.1569,627494.0
1780797600000,0.15701,0.15732,0.15426,0.1552,337910.0
1780801200000,0.15539,0.15624,0.15474,0.15565,177954.0
1780804800000,0.15567,0.15704,0.15487,0.15695,156681.0
1780808400000,0.15693,0.15752,0.15594,0.156,207431.0
1780812000000,0.15606,0.15773,0.15512,0.15719,223957.0
1780815600000,0.15696,0.15815,0.15671,0.1575,121837.0
1780819200000,0.15735,0.16008,0.1565,0.16007,420940.0
1780822800000,0.1602,0.16164,0.1584,0.1584,408602.0
1780826400000,0.15852,0.15965,0.15778,0.15799,483312.0
1780830000000,0.15802,0.15999,0.15768,0.15954,169756.0
1780833600000,0.15952,0.16074,0.15492,0.15652,541923.0
1780837200000,0.15647,0.157,0.15608,0.15673,214239.0
1780840800000,0.15669,0.16027,0.15668,0.15949,535839.0
1780844400000,0.15956,0.15959,0.1576,0.15827,191063.0
1780848000000,0.15833,0.15902,0.15768,0.15896,377719.0
1780851600000,0.15893,0.15991,0.15777,0.15837,280480.0
1780855200000,0.15842,0.15943,0.15671,0.15671,509654.0
1780858800000,0.1567,0.15672,0.15294,0.15382,664065.0
1780862400000,0.15378,0.1564,0.15353,0.15597,319667.0
1780866000000,0.15599,0.15636,0.15462,0.15537,271904.0
1780869600000,0.15552,0.16572,0.15542,0.15835,1002103.0
1780873200000,0.15827,0.15901,0.15768,0.1586,460936.0
1780876800000,0.15876,0.15984,0.15726,0.15932,1020282.0
1780880400000,0.15935,0.15949,0.15588,0.15768,504799.0
1780884000000,0.15784,0.15843,0.15714,0.15752,87939.0
1780887600000,0.15764,0.15849,0.1572,0.15823,113210.0
1780891200000,0.15849,0.15854,0.15567,0.15587,219528.0
1780894800000,0.15588,0.15637,0.1548,0.15566,297974.0
1780898400000,0.15588,0.15814,0.15588,0.15728,237740.0
1780902000000,0.15733,0.15888,0.15642,0.15867,235897.0
1780905600000,0.15863,0.15863,0.15675,0.15729,172983.0
1780909200000,0.15732,0.1602,0.15698,0.1602,1175064.0
1780912800000,0.16027,0.16043,0.15857,0.16038,301001.0
1780916400000,0.16037,0.16324,0.15997,0.16267,431303.0
1780920000000,0.16263,0.16385,0.16001,0.1635,593676.0
1780923600000,0.16356,0.16383,0.16177,0.16267,241876.0
1780927200000,0.16256,0.16307,0.16185,0.16284,365186.0
1780930800000,0.16307,0.16483,0.16228,0.16243,236468.0
1780934400000,0.16252,0.16444,0.1619,0.16199,276605.0
1780938000000,0.16227,0.16267,0.16074,0.16267,281319.0
1780941600000,0.16283,0.16335,0.16151,0.1621,142136.0
1780945200000,0.16196,0.16245,0.1607,0.16082,190043.0
1780948800000,0.16103,0.16154,0.15984,0.16141,253991.0
1780952400000,0.16164,0.16256,0.16052,0.16052,239247.0
1780956000000,0.16051,0.16051,0.15896,0.15963,287324.0
1780959600000,0.15951,0.16053,0.15775,0.15842,147879.0
1780963200000,0.15846,0.15863,0.15372,0.15402,1510339.0
