{
  "by_symbol": {
    "HYPE": {
      "wins": 25,
      "total": 60,
      "pnl": 1008.5791830233728,
      "recent": [
        0,
        0,
        0,
        1,
        0,
        0,
        1,
        1,
        0,
        1,
        0,
        1,
        0,
        1,
        0,
        0,
        0,
        0,
        0,
        0,
        0,
        1,
        1,
        0,
        1,
        0,
        0,
        1,
        0,
        0,
        0,
        1,
        0,
        0,
        1,
        0,
        0,
        0,
        1,
        0,
        0,
        0,
        1,
        1,
        1,
        0,
        1,
        1,
        1,
        0
      ]
    },
    "SOL": {
      "wins": 28,
      "total": 69,
      "pnl": 2523.206762864046,
      "recent": [
        0,
        0,
        1,
        0,
        0,
        0,
        1,
        0,
        0,
        0,
        0,
        0,
        0,
        1,
        0,
        1,
        1,
        0,
        0,
        0,
        1,
        0,
        0,
        1,
        0,
        1,
        0,
        1,
        1,
        1,
        0,
        0,
        0,
        0,
        0,
        1,
        0,
        1,
        0,
        1,
        0,
        0,
        0,
        1,
        0,
        1,
        1,
        1,
        1,
        1
      ]
    },
    "BTC": {
      "wins": 7,
      "total": 25,
      "pnl": 8.619178263603029,
      "recent": [
        1,
        1,
        0,
        0,
        1,
        1,
        0,
        0,
        1,
        0,
        1,
        0,
        0,
        0,
        0,
        0,
        0,
        0,
        0,
        0,
        0,
        1,
        0,
        0,
        0
      ]
    },
    "ETH": {
      "wins": 13,
      "total": 30,
      "pnl": -226.99352465865763,
      "recent": [
        0,
        0,
        1,
        1,
        1,
        0,
        1,
        0,
        1,
        1,
        0,
        0,
        1,
        0,
        0,
        1,
        0,
        0,
        1,
        1,
        0,
        0,
        0,
        1,
        1,
        1,
        0,
        0,
        0,
        0
      ]
    }
  },
  "by_regime": {
    "trending": {
      "wins": 27,
      "total": 52,
      "pnl": 117.69745211235514,
      "recent": [
        0,
        1,
        0,
        1,
        1,
        0,
        1,
        1,
        0,
        0,
        0,
        1,
        0,
        0,
        1,
        1,
        1,
        0,
        0,
        0,
        1,
        1,
        0,
        0,
        1,
        1,
        0,
        0,
        1,
        1,
        1,
        1,
        0,
        1,
        1,
        1,
        0,
        0,
        1,
        0,
        1,
        0,
        0,
        1,
        1,
        0,
        0,
        1,
        0,
        1
      ]
    },
    "illiquid": {
      "wins": 17,
      "total": 60,
      "pnl": -189.8613407020044,
      "recent": [
        0,
        0,
        1,
        0,
        0,
        0,
        0,
        0,
        1,
        0,
        0,
        0,
        0,
        0,
        0,
        1,
        1,
        1,
        1,
        0,
        0,
        0,
        1,
        0,
        0,
        0,
        0,
        0,
        0,
        0,
        0,
        0,
        0,
        0,
        0,
        1,
        0,
        0,
        1,
        1,
        0,
        0,
        1,
        1,
        0,
        0,
        0,
        1,
        0,
        0
      ]
    },
    "ranging": {
      "wins": 4,
      "total": 20,
      "pnl": -263.9944040588708,
      "recent": [
        0,
        0,
        0,
        0,
        1,
        0,
        0,
        1,
        0,
        0,
        0,
        1,
        1,
        0,
        0,
        0,
        0,
        0,
        0,
        0
      ]
    },
    "unknown": {
      "wins": 10,
      "total": 12,
      "pnl": 3191.5768836000057,
      "recent": [
        1,
        1,
        1,
        0,
        1,
        1,
        1,
        0,
        1,
        1,
        1,
        1
      ]
    }
  },
  "by_consensus": {
    "1": {
      "wins": 66,
      "total": 176,
      "pnl": 637.9133376923618,
      "recent": [
        0,
        1,
        0,
        1,
        1,
        0,
        0,
        0,
        0,
        0,
        0,
        0,
        0,
        1,
        0,
        1,
        0,
        0,
        0,
        0,
        1,
        0,
        0,
        1,
        1,
        1,
        0,
        0,
        0,
        1,
        0,
        0,
        1,
        1,
        0,
        0,
        0,
        0,
        0,
        0,
        1,
        0,
        0,
        0,
        0,
        1,
        1,
        1,
        0,
        1
      ]
    },
    "2": {
      "wins": 7,
      "total": 8,
      "pnl": 2675.4982618000026,
      "recent": [
        1,
        1,
        1,
        0,
        1,
        1,
        1,
        1
      ]
    }
  },
  "by_entry_type": {
    "MEDIUM": {
      "wins": 33,
      "total": 96,
      "pnl": -318.1009969710494,
      "recent": [
        1,
        1,
        1,
        0,
        1,
        0,
        0,
        1,
        0,
        0,
        0,
        0,
        0,
        1,
        1,
        0,
        0,
        0,
        0,
        0,
        0,
        1,
        0,
        0,
        0,
        1,
        0,
        0,
        1,
        1,
        1,
        0,
        0,
        0,
        1,
        0,
        0,
        1,
        1,
        0,
        0,
        0,
        0,
        0,
        0,
        1,
        0,
        0,
        0,
        0
      ]
    },
    "hype_buy": {
      "wins": 9,
      "total": 17,
      "pnl": 20.086991947359675,
      "recent": [
        1,
        0,
        1,
        0,
        1,
        1,
        0,
        1,
        1,
        0,
        0,
        0,
        1,
        0,
        0,
        1,
        1
      ]
    },
    "sol_sell": {
      "wins": 5,
      "total": 12,
      "pnl": -9.549520337095935,
      "recent": [
        1,
        0,
        0,
        0,
        1,
        1,
        0,
        0,
        1,
        1,
        0,
        0
      ]
    },
    "unknown": {
      "wins": 22,
      "total": 48,
      "pnl": 3133.491270340882,
      "recent": [
        1,
        0,
        0,
        0,
        0,
        1,
        1,
        0,
        1,
        1,
        0,
        0,
        0,
        1,
        0,
        0,
        0,
        1,
        0,
        0,
        0,
        0,
        0,
        0,
        1,
        1,
        1,
        0,
        1,
        1,
        0,
        0,
        0,
        0,
        1,
        0,
        0,
        1,
        0,
        1,
        1,
        1,
        0,
        1,
        1,
        1,
        1,
        1
      ]
    },
    "TREND": {
      "wins": 1,
      "total": 7,
      "pnl": -28.594767287734346,
      "recent": [
        0,
        1,
        0,
        0,
        0,
        0,
        0
      ]
    },
    "backtest": {
      "wins": 3,
      "total": 4,
      "pnl": 516.0786218000025,
      "recent": [
        1,
        1,
        1,
        0
      ]
    }
  },
  "by_hour": {
    "20": {
      "wins": 4,
      "total": 6,
      "pnl": 69.94890100193888,
      "recent": [
        0,
        1,
        0,
        1,
        1,
        1
      ]
    },
    "1": {
      "wins": 16,
      "total": 33,
      "pnl": 370.294811897357,
      "recent": [
        1,
        0,
        1,
        0,
        1,
        1,
        0,
        1,
        1,
        0,
        0,
        0,
        1,
        0,
        0,
        1,
        1,
        1,
        0,
        0,
        0,
        1,
        1,
        0,
        0,
        1,
        1,
        0,
        0,
        0,
        1,
        0,
        1
      ]
    },
    "19": {
      "wins": 2,
      "total": 4,