t_ms,o,h,l,c,v
1719489600000,61233.0,62429.0,61173.0,61593.0,1360.30619
1719504000000,61594.0,62037.0,61467.0,61505.0,492.73256
1719518400000,61506.0,61769.0,61425.0,61756.0,235.67939
1719532800000,61736.0,62280.0,61531.0,61880.0,537.92057
1719547200000,61880.0,61885.0,61240.0,61337.0,533.79047
1719561600000,61334.0,61822.0,61236.0,61722.0,753.83594
1719576000000,61723.0,61911.0,60745.0,61066.0,1280.38238
1719590400000,61074.0,61117.0,60090.0,60128.0,914.83775
1719604800000,60134.0,60499.0,60078.0,60473.0,502.22808
1719619200000,60473.0,61056.0,60445.0,60773.0,410.72685
1719633600000,60774.0,61188.0,60742.0,61098.0,222.01956
1719648000000,61101.0,61291.0,60951.0,61164.0,191.86171
1719662400000,61163.0,61221.0,60990.0,61147.0,125.74722
1719676800000,61146.0,61155.0,60927.0,61059.0,320.4293
1719691200000,61058.0,61093.0,60884.0,60981.0,83.89974
1719705600000,60983.0,61077.0,60746.0,60886.0,132.55624
1719720000000,60875.0,61768.0,60667.0,61519.0,740.05554
1719734400000,61526.0,61725.0,61397.0,61531.0,561.65384
1719748800000,61531.0,61881.0,61317.0,61685.0,759.44121
1719763200000,61686.0,62127.0,61560.0,62032.0,1110.49399
1719777600000,62033.0,63018.0,61812.0,62741.0,1390.80563
1719792000000,62741.0,63821.0,62559.0,63437.0,1863.91841
1719806400000,63442.0,63457.0,63221.0,63270.0,227.78003
1719820800000,63270.0,63303.0,62592.0,62642.0,385.67147
1719835200000,62647.0,63140.0,62507.0,63123.0,593.95472
1719849600000,63134.0,63895.0,62970.0,63241.0,934.73681
1719864000000,63226.0,63426.0,62815.0,62914.0,242.14515
1719878400000,62907.0,63288.0,62798.0,63146.0,227.02744
1719892800000,63146.0,63254.0,62584.0,62617.0,276.8632
1719907200000,62616.0,62873.0,62421.0,62844.0,308.91608
1719921600000,62843.0,63176.0,61864.0,61964.0,762.47884
1719936000000,61956.0,62407.0,61831.0,61927.0,746.23005
1719950400000,61989.0,62189.0,61894.0,62141.0,408.66046
1719964800000,62153.0,62307.0,60626.0,60971.0,666.28883
1719979200000,60986.0,61192.0,60819.0,60913.0,277.69031
1719993600000,60900.0,61011.0,59206.0,60357.0,1400.04493
1720008000000,60346.0,60674.0,59729.0,60169.0,1274.53614
1720022400000,60164.0,60634.0,59630.0,59646.0,753.95192
1720036800000,59661.0,60328.0,59370.0,60169.0,983.00667
1720051200000,60169.0,60481.0,57813.0,59089.0,1707.32549
1720065600000,59089.0,59131.0,58076.0,58188.0,2179.99743
1720080000000,58191.0,58465.0,56972.0,57738.0,1442.35308
1720094400000,57732.0,58315.0,56753.0,58119.0,1617.3888
1720108800000,58119.0,58682.0,57728.0,58296.0,1248.78796
1720123200000,58296.0,58789.0,56732.0,57023.0,982.63387
1720137600000,57022.0,57507.0,55000.0,55200.0,3537.38949
1720152000000,55209.0,55327.0,53720.0,54413.0,1919.26157
1720166400000,54403.0,55638.0,53909.0,55463.0,1672.45817
1720180800000,55463.0,56640.0,54826.0,56632.0,1290.7837
1720195200000,56632.0,57000.0,55793.0,56443.0,1340.07494
1720209600000,56440.0,56829.0,56268.0,56591.0,654.80013
1720224000000,56591.0,56960.0,56143.0,56371.0,557.82258
1720238400000,56366.0,56625.0,55976.0,56578.0,483.62094
1720252800000,56573.0,56855.0,56406.0,56720.0,220.31118
1720267200000,56724.0,57406.0,56488.0,57293.0,649.13738
1720281600000,57316.0,58070.0,57185.0,57837.0,801.68609
1720296000000,57838.0,58480.0,57804.0,58211.0,448.64155
1720310400000,58239.0,58430.0,57813.0,57924.0,608.79094
1720324800000,57925.0,57955.0,57046.0,57336.0,481.30553
1720339200000,57336.0,57889.0,57290.0,57408.0,514.10953
1720353600000,57391.0,57583.0,56556.0,56795.0,651.68013
1720368000000,56796.0,57373.0,56729.0,57115.0,309.25137
1720382400000,57116.0,57299.0,55688.0,55817.0,756.16213
1720396800000,55819.0,55993.0,54231.0,55119.0,1243.64885
1720411200000,55098.0,55913.0,54950.0,55813.0,1034.81035
1720425600000,55833.0,58188.0,55723.0,57134.0,1141.78226
1720440000000,57128.0,57610.0,54974.0,55769.0,2508.07453
1720454400000,55755.0,56590.0,55439.0,56510.0,789.44325
1720468800000,56515.0,57000.0,56215.0,56725.0,530.2632
1720483200000,56725.0,57379.0,56284.0,57170.0,917.92726
1720497600000,57170.0,57777.0,56998.0,57129.0,1557.24944
1720512000000,57129.0,57915.0,57017.0,57421.0,1035.10811
1720526400000,57410.0,58125.0,56910.0,57462.0,985.7814
1720540800000,57455.0,58297.0,57378.0,57865.0,895.90346
1720555200000,57866.0,58302.0,57715.0,58093.0,1385.93467
1720569600000,58092.0,58223.0,57338.0,58207.0,1639.96218
1720584000000,58207.0,59422.0,58207.0,58976.0,2232.10106
1720598400000,58975.0,59036.0,58306.0,58469.0,1470.26908
1720612800000,58469.0,58539.0,57452.0,57666.0,1049.18479
1720627200000,57669.0,58000.0,57333.0,57375.0,1000.56991
1720641600000,57364.0,57870.0,57120.0,57734.0,1006.94531
1720656000000,57726.0,58406.0,57041.0,57522.0,1529.18203
1720670400000,57519.0,58301.0,57441.0,58183.0,1287.57137
1720684800000,58185.0,58911.0,58047.0,58790.0,600.40805
1720699200000,58783.0,59538.0,57234.0,57372.0,1830.4038
1720713600000,57374.0,57985.0,57144.0,57361.0,714.64037
1720728000000,57360.0,57576.0,57108.0,57303.0,515.28739
1720742400000,57307.0,57555.0,56500.0,56865.0,1223.65345
1720756800000,56876.0,57388.0,56685.0,57078.0,756.47933
1720771200000,57078.0,57315.0,56732.0,57150.0,1034.19894
1720785600000,57172.0,58275.0,57043.0,58197.0,1370.22668
1720800000000,58213.0,58553.0,57445.0,57550.0,1292.44286
1720814400000,57550.0,57890.0,57125.0,57883.0,665.50464
1720828800000,57883.0,57964.0,57744.0,57780.0,500.46567
1720843200000,57797.0,58212.0,57732.0,58165.0,316.27009
1720857600000,58175.0,58908.0,57906.0,58537.0,545.06671
1720872000000,58553.0,58912.0,58431.0,58849.0,492.00512
1720886400000,58849.0,58970.0,58562.0,58625.0,395.19717
1720900800000,58626.0,59888.0,58255.0,59213.0,1385.01295
1720915200000,59224.0,59853.0,59220.0,59510.0,951.81687
1720929600000,59475.0,60371.0,59451.0,60091.0,610.39491
1720944000000,60090.0,60434.0,59886.0,60107.0,289.70269
1720958400000,60111.0,60240.0,59469.0,60102.0,538.93711
1720972800000,60103.0,60186.0,59874.0,59887.0,246.18692
1720987200000,59886.0,61390.0,59864.0,60812.0,1231.41159
1721001600000,60804.0,62789.0,60666.0,62635.0,1518.20035
1721016000000,62636.0,63114.0,62414.0,62855.0,1748.2974
1721030400000,62855.0,63280.0,62328.0,62489.0,721.14656
1721044800000,62490.0,63409.0,62477.0,63020.0,837.02468
1721059200000,63021.0,63808.0,62860.0,63359.0,913.07758
1721073600000,63339.0,64934.0,63243.0,64764.0,1143.23365
1721088000000,64764.0,64997.0,64459.0,64794.0,422.35645
1721102400000,64794.0,65043.0,62764.0,62912.0,1544.51764
1721116800000,62912.0,63903.0,62390.0,63783.0,1341.10336
1721131200000,63804.0,64987.0,63103.0,64917.0,1613.53614
1721145600000,64921.0,65240.0,64163.0,65181.0,1246.82324
1721160000000,65175.0,65440.0,64156.0,65054.0,1066.27212
1721174400000,65045.0,66179.0,64970.0,65730.0,1342.97873
1721188800000,65734.0,66053.0,65224.0,65267.0,1106.75285
1721203200000,65260.0,65568.0,64587.0,64731.0,1062.25977
1721217600000,64703.0,65450.0,64551.0,64769.0,1254.66193
1721232000000,64742.0,64792.0,63859.0,64583.0,1096.48407
1721246400000,64587.0,64706.0,64040.0,64061.0,653.96643
1721260800000,64061.0,65184.0,63889.0,64907.0,723.99152
1721275200000,64899.0,65111.0,64411.0,64700.0,532.38122
1721289600000,64718.0,65018.0,64440.0,64769.0,506.09536
1721304000000,64773.0,65142.0,63414.0,63550.0,1357.28892
1721318400000,63530.0,64009.0,63219.0,63559.0,1201.47835
1721332800000,63573.0,64197.0,63451.0,64044.0,677.98376
1721347200000,64044.0,64437.0,63311.0,64359.0,641.16349
1721361600000,64359.0,64520.0,63653.0,63737.0,585.08567
1721376000000,63736.0,64207.0,63426.0,64124.0,454.48381
1721390400000,64149.0,65922.0,64079.0,65869.0,1168.2322
1721404800000,65869.0,67399.0,65869.0,67202.0,1983.4321
1721419200000,67203.0,67406.0,66654.0,66691.0,665.56475
1721433600000,66691.0,66850.0,66278.0,66662.0,348.19498
1721448000000,66661.0,66802.0,66470.0,66604.0,155.6123
1721462400000,66603.0,66788.0,66500.0,66524.0,176.08914
1721476800000,66524.0,66889.0,66347.0,66856.0,218.02434
1721491200000,66856.0,67665.0,66732.0,67284.0,758.09446
1721505600000,67284.0,67500.0,66861.0,67219.0,456.13779
1721520000000,67216.0,67479.0,67016.0,67220.0,261.03309
1721534400000,67228.0,67285.0,66667.0,66733.0,303.36555
1721548800000,66737.0,67107.0,66731.0,66925.0,186.0965
1721563200000,66925.0,67576.0,66645.0,67226.0,498.65381
1721577600000,67226.0,67792.0,65840.0,67512.0,1817.20457
1721592000000,67506.0,68473.0,67342.0,68213.0,1051.23211
1721606400000,68212.0,68547.0,67784.0,67917.0,740.58398
1721620800000,67905.0,68061.0,67147.0,67254.0,590.42542
1721635200000,67254.0,67645.0,66975.0,67553.0,347.00913
1721649600000,67572.0,67996.0,66583.0,67120.0,981.0951
1721664000000,67125.0,68287.0,66863.0,68252.0,755.80187
1721678400000,68273.0,68299.0,67276.0,67581.0,1026.25515
1721692800000,67580.0,67821.0,67238.0,67510.0,428.92061
1721707200000,67510.0,67564.0,66279.0,66610.0,1140.7485
1721721600000,66599.0,67178.0,66429.0,66668.0,632.09233
1721736000000,66668.0,67377.0,65950.0,66626.0,1550.79892
1721750400000,66622.0,66793.0,65455.0,65549.0,1943.7683
1721764800000,65539.0,66080.0,65502.0,65991.0,882.13559
1721779200000,65991.0,66173.0,65499.0,66091.0,441.72902
1721793600000,66091.0,66104.0,65619.0,66101.0,294.52775
1721808000000,66104.0,66631.0,66029.0,66401.0,390.94893
1721822400000,66401.0,67125.0,66138.0,66210.0,975.36208
1721836800000,66219.0,66760.0,65569.0,65625.0,974.79744
1721851200000,65669.0,66089.0,64974.0,65423.0,1001.50467
1721865600000,65409.0,65628.0,63878.0,64106.0,1331.1077
1721880000000,64106.0,64444.0,63816.0,64176.0,958.36526
1721894400000,64180.0,64519.0,63917.0,64114.0,815.66794
1721908800000,64113.0,65054.0,63490.0,64829.0,1067.87694
1721923200000,64833.0,65221.0,64397.0,64710.0,749.11602
1721937600000,64720.0,66212.0,64425.0,65857.0,1088.72912
1721952000000,65858.0,67497.0,65779.0,67089.0,790.11601
1721966400000,67099.0,67219.0,66911.0,66918.0,856.29106
1721980800000,66919.0,67522.0,66902.0,67351.0,444.77019
1721995200000,67352.0,68021.0,66920.0,67589.0,828.41067
1722009600000,67589.0,68174.0,67346.0,68025.0,516.8218
1722024000000,68026.0,68255.0,67468.0,67960.0,835.4507
1722038400000,67958.0,68128.0,67690.0,67846.0,293.95164
1722052800000,67846.0,68367.0,67829.0,68103.0,337.88736
1722067200000,68103.0,68290.0,67949.0,68260.0,365.47526
1722081600000,68259.0,69454.0,68247.0,68884.0,972.84979
1722096000000,68883.0,69012.0,67716.0,68274.0,1252.35314
1722110400000,68274.0,69197.0,66661.0,67958.0,4514.85177
1722124800000,67945.0,68411.0,67270.0,67991.0,822.11138
1722139200000,67991.0,68084.0,67067.0,67575.0,526.04685
1722153600000,67575.0,68057.0,67204.0,67885.0,294.68719
1722168000000,67909.0,68165.0,67632.0,67688.0,255.72048
1722182400000,67687.0,68380.0,67651.0,68168.0,381.89468
1722196800000,68189.0,68398.0,67869.0,68321.0,433.69628
1722211200000,68322.0,69872.0,68237.0,69418.0,1193.61693
1722225600000,69418.0,69929.0,69343.0,69566.0,533.2949
1722240000000,69573.0,69882.0,69411.0,69626.0,429.08459
1722254400000,69629.0,70100.0,67722.0,68174.0,1923.13951
1722268800000,68167.0,68175.0,66434.0,67377.0,1960.15717
1722283200000,67378.0,67608.0,66585.0,66807.0,1010.3967
1722297600000,66806.0,66922.0,65864.0,66652.0,1335.47305
1722312000000,66656.0,67053.0,66361.0,66991.0,701.97803
1722326400000,66992.0,67032.0,66412.0,66634.0,498.4581
1722340800000,66620.0,66990.0,65535.0,66241.0,1275.23875
1722355200000,66241.0,66568.0,65592.0,65940.0,940.56279
1722369600000,65948.0,66375.0,65375.0,66233.0,1028.33838
1722384000000,66233.0,66450.0,65910.0,66082.0,515.64457
1722398400000,66079.0,66580.0,65500.0,66218.0,618.66619
1722412800000,66218.0,66387.0,65949.0,66084.0,422.32971
1722427200000,66075.0,66892.0,65983.0,66376.0,1147.16422
1722441600000,66377.0,66817.0,64999.0,65280.0,1717.15978
1722456000000,65254.0,65420.0,64570.0,64672.0,1148.09947
1722470400000,64668.0,64887.0,63737.0,63955.0,997.53735
1722484800000,63946.0,64512.0,63618.0,64373.0,609.45309
1722499200000,64360.0,64741.0,64341.0,64721.0,243.09524
1722513600000,64727.0,65000.0,62737.0,62975.0,1287.96299
1722528000000,62976.0,63584.0,62332.0,63498.0,1757.36748
1722542400000,63478.0,65698.0,63395.0,65391.0,1543.93511
1722556800000,65402.0,65600.0,63682.0,64659.0,1115.96604
1722571200000,64660.0,64697.0,63836.0,64222.0,540.56966
1722585600000,64186.0,64991.0,64057.0,64681.0,579.92713
1722600000000,64681.0,65545.0,62433.0,63457.0,3353.83361
1722614400000,63458.0,63640.0,62514.0,62644.0,1848.51939
1722628800000,62644.0,63203.0,61235.0,61527.0,1905.75738
1722643200000,61527.0,62012.0,60508.0,61926.0,1257.96722
1722657600000,61926.0,61993.0,61426.0,61710.0,270.30874
1722672000000,61709.0,62054.0,61483.0,61972.0,312.60166
1722686400000,61967.0,62229.0,60841.0,60924.0,727.87294
1722700800000,60903.0,61292.0,59919.0,60220.0,1734.29865
1722715200000,60232.0,60854.0,59829.0,60718.0,1105.19909
1722729600000,60725.0,61143.0,60339.0,60761.0,405.26585
1722744000000,60768.0,60951.0,60262.0,60366.0,267.96275
1722758400000,60370.0,61029.0,60122.0,60938.0,273.81735
1722772800000,60922.0,61139.0,59007.0,59120.0,1551.88423
1722787200000,59121.0,59535.0,57211.0,59309.0,2707.36194
1722801600000,59302.0,59600.0,58030.0,58181.0,1089.16342
1722816000000,58187.0,58356.0,52156.0,53859.0,5854.23394
1722830400000,53888.0,54571.0,49020.0,52728.0,5725.67877
1722844800000,52710.0,53227.0,50651.0,51371.0,2682.29664
1722859200000,51347.0,55000.0,49544.0,54330.0,7049.35778
1722873600000,54330.0,55521.0,52568.0,53488.0,2285.3447
1722888000000,53473.0,55241.0,53473.0,53978.0,1631.87633
1722902400000,53984.0,56284.0,53946.0,55644.0,1613.9521
1722916800000,55650.0,56189.0,55235.0,56035.0,975.26622
1722931200000,56026.0,56133.0,54626.0,55244.0,853.17325
1722945600000,55233.0,56639.0,54413.0,56431.0,2247.19666
1722960000000,56433.0,57055.0,56259.0,56779.0,1223.65236
1722974400000,56773.0,56954.0,55761.0,55999.0,1068.25411
1722988800000,55991.0,57280.0,55539.0,56870.0,1542.61624
1723003200000,56871.0,57260.0,56535.0,56928.0,639.81401
1723017600000,56937.0,57708.0,56861.0,56937.0,1184.80545
1723032000000,56954.0,57484.0,55674.0,56083.0,1646.58744
1723046400000,56067.0,56275.0,54670.0,54755.0,1372.88251
1723060800000,54724.0,55558.0,54533.0,55104.0,1126.7974
1723075200000,55102.0,57652.0,54715.0,57033.0,1588.42365
1723089600000,57033.0,57428.0,56672.0,57173.0,459.95247
1723104000000,57177.0,57650.0,56973.0,57292.0,644.43317
1723118400000,57293.0,59460.0,56670.0,59397.0,2333.39226
1723132800000,59403.0,59843.0,59194.0,59378.0,1505.35442
1723147200000,59378.0,62700.0,59260.0,61640.0,2411.06798
1723161600000,61641.0,61692.0,60733.0,61324.0,873.98324
1723176000000,61320.0,61344.0,60554.0,60821.0,586.72264
1723190400000,60822.0,61190.0,60154.0,60636.0,812.75144
1723204800000,60633.0,61063.0,59512.0,59771.0,1555.52969
1723219200000,59772.0,60736.0,59701.0,60659.0,894.49654
1723233600000,60657.0,60987.0,59899.0,60825.0,1239.6567
1723248000000,60826.0,61506.0,60249.0,60420.0,846.51687
1723262400000,60421.0,60895.0,60231.0,60866.0,398.08298
1723276800000,60867.0,61114.0,60592.0,60922.0,1128.30112
1723291200000,60922.0,60950.0,60385.0,60515.0,412.31558
1723305600000,60510.0,61232.0,60392.0,61027.0,857.15154
1723320000000,61027.0,61215.0,60739.0,60930.0,685.34471
1723334400000,60929.0,61491.0,60912.0,61141.0,869.02507
1723348800000,61141.0,61293.0,60876.0,61278.0,431.11781
1723363200000,61286.0,61926.0,60472.0,60721.0,659.6621
1723377600000,60721.0,60779.0,59946.0,60143.0,409.7162
1723392000000,60157.0,60416.0,59566.0,59648.0,598.6021
1723406400000,59653.0,59703.0,58316.0,58727.0,1096.93062
1723420800000,58728.0,59097.0,58125.0,58524.0,545.49451
1723435200000,58532.0,59059.0,57684.0,58707.0,734.16224
1723449600000,58704.0,59990.0,58136.0,59886.0,882.7541
1723464000000,59885.0,60750.0,57841.0,60228.0,2399.66919
1723478400000,60238.0,60447.0,58455.0,59049.0,1105.0446
1723492800000,59052.0,59762.0,58538.0,59337.0,1206.62444
1723507200000,59337.0,59939.0,58881.0,59050.0,777.20869
1723521600000,59025.0,59476.0,58829.0,59227.0,662.10237
1723536000000,59227.0,59322.0,58413.0,58822.0,670.48897
1723550400000,58823.0,59772.0,58688.0,59469.0,2097.36436
1723564800000,59471.0,61555.0,59430.0,60853.0,3088.91383
1723579200000,60848.0,61132.0,60381.0,60560.0,1838.2309
1723593600000,60560.0,61382.0,60403.0,60972.0,835.13335
1723608000000,60973.0,61190.0,60632.0,60919.0,574.58648
1723622400000,60919.0,61448.0,60650.0,61308.0,650.63464
1723636800000,61309.0,61756.0,58825.0,59425.0,2858.29452
1723651200000,59446.0,59490.0,58623.0,58966.0,1624.49724
1723665600000,58955.0,59229.0,58445.0,58730.0,1023.65339
1723680000000,58725.0,59088.0,57714.0,58482.0,924.98612
1723694400000,58488.0,58643.0,57665.0,58051.0,1046.90867
1723708800000,58052.0,58877.0,57959.0,58756.0,484.03856
1723723200000,58756.0,59795.0,58614.0,59734.0,1708.96773
1723737600000,59732.0,59874.0,56660.0,57031.0,2467.04311
1723752000000,57027.0,57890.0,56067.0,57549.0,2699.13862
1723766400000,57540.0,58539.0,57081.0,57882.0,1171.88068
1723780800000,57881.0,58628.0,57801.0,58461.0,307.06267
1723795200000,58457.0,58675.0,58206.0,58368.0,716.54099
1723809600000,58368.0,58844.0,57454.0,58036.0,3035.40509
1723824000000,58038.0,59794.0,57976.0,59655.0,2137.83566
1723838400000,59646.0,59675.0,58724.0,58870.0,712.69251
1723852800000,58870.0,59376.0,58803.0,59139.0,528.67417
1723867200000,59146.0,59262.0,59035.0,59249.0,308.00817
1723881600000,59248.0,59484.0,59034.0,59106.0,673.48577
1723896000000,59106.0,59656.0,59080.0,59368.0,627.98343
1723910400000,59369.0,59719.0,59275.0,59447.0,349.46019
1723924800000,59448.0,59474.0,59117.0,59468.0,394.62434
1723939200000,59468.0,60278.0,59211.0,59306.0,931.82325
1723953600000,59307.0,59647.0,59225.0,59549.0,468.14742
1723968000000,59549.0,60211.0,59411.0,59995.0,647.803
1723982400000,59992.0,60300.0,59670.0,59858.0,444.17771
1723996800000,59861.0,59950.0,59327.0,59693.0,384.21616
1724011200000,59693.0,59840.0,58417.0,58420.0,841.17985
1724025600000,58421.0,58742.0,58190.0,58726.0,1093.75015
1724040000000,58713.0,58742.0,58359.0,58472.0,550.1369
1724054400000,58467.0,58646.0,57744.0,58372.0,1267.98856
1724068800000,58383.0,58961.0,58060.0,58518.0,1796.18841
1724083200000,58512.0,59300.0,58359.0,58936.0,1224.649
1724097600000,58973.0,59597.0,58904.0,59430.0,701.38779
1724112000000,59454.0,60841.0,59357.0,60600.0,1030.63443
1724126400000,60600.0,61422.0,60576.0,60888.0,1279.1281
1724140800000,60887.0,60948.0,60392.0,60499.0,437.54841
1724155200000,60498.0,60929.0,58689.0,58812.0,1971.99088
1724169600000,58802.0,59595.0,58539.0,59477.0,1288.61906
1724184000000,59481.0,59700.0,58825.0,58977.0,770.11103
1724198400000,58967.0,59495.0,58763.0,59296.0,573.49292
1724212800000,59295.0,59716.0,59182.0,59692.0,382.73158
1724227200000,59705.0,59895.0,59090.0,59344.0,658.76598
1724241600000,59344.0,60203.0,58834.0,59520.0,2004.44363
1724256000000,59521.0,61662.0,59378.0,61601.0,2388.72116
1724270400000,61601.0,61830.0,60907.0,61151.0,1855.80839
1724284800000,61151.0,61200.0,59755.0,60556.0,1092.00302
1724299200000,60556.0,61137.0,60466.0,61018.0,448.80205
1724313600000,61013.0,61454.0,60836.0,61374.0,1121.29049
1724328000000,61373.0,61448.0,60136.0,60439.0,1870.71509
1724342400000,60439.0,60632.0,60142.0,60296.0,1385.06304
1724356800000,60297.0,60727.0,60283.0,60390.0,433.98227
1724371200000,60395.0,60994.0,60368.0,60594.0,703.48103
1724385600000,60594.0,61409.0,60593.0,61093.0,440.88942
1724400000000,61100.0,61365.0,60684.0,60737.0,1113.5172
1724414400000,60735.0,62379.0,60735.0,61529.0,3346.45206
1724428800000,61529.0,63870.0,61328.0,63695.0,2599.13917
1724443200000,63672.0,65178.0,63539.0,64081.0,1794.6186
1724457600000,64085.0,64226.0,63673.0,63874.0,835.05733
1724472000000,63874.0,64377.0,63856.0,64367.0,391.26043
1724486400000,64366.0,64563.0,63805.0,63926.0,475.60283
1724500800000,63926.0,64265.0,63899.0,64006.0,247.73579
1724515200000,64005.0,64462.0,63969.0,64253.0,955.81357
1724529600000,64253.0,64360.0,63584.0,64195.0,1039.67474
1724544000000,64195.0,64622.0,64011.0,64134.0,1128.03784
1724558400000,64134.0,64246.0,63770.0,63879.0,457.95881
1724572800000,63872.0,64022.0,63795.0,63892.0,309.3803
1724587200000,63899.0,64350.0,63838.0,64169.0,643.95461
1724601600000,64169.0,64304.0,64041.0,64254.0,386.09214
1724616000000,64255.0,65210.0,64192.0,64303.0,1850.04166
1724630400000,64294.0,64568.0,63862.0,64200.0,1486.35688
1724644800000,64201.0,64281.0,63620.0,63670.0,1097.652
1724659200000,63670.0,64124.0,63232.0,63926.0,1143.16653
1724673600000,63925.0,64030.0,63102.0,63588.0,2166.4209
1724688000000,63578.0,63919.0,63223.0,63349.0,1143.17221
1724702400000,63349.0,63578.0,62789.0,62836.0,1492.89235
1724716800000,62837.0,63222.0,62632.0,62996.0,1130.08727
1724731200000,62995.0,63230.0,62745.0,62935.0,721.26478
1724745600000,62944.0,63032.0,62225.0,62418.0,1426.49019
1724760000000,62418.0,62503.0,61469.0,61724.0,2608.0999
1724774400000,61724.0,62240.0,61531.0,62114.0,1775.10004
1724788800000,62115.0,62115.0,57985.0,59407.0,6062.41395
1724803200000,59412.0,59679.0,58904.0,59643.0,1459.96537
1724817600000,59643.0,59673.0,58525.0,58617.0,1068.64275
1724832000000,58605.0,60277.0,58538.0,59956.0,1781.98767
1724846400000,59956.0,60187.0,58459.0,59024.0,2195.06264
1724860800000,59024.0,59846.0,57838.0,58857.0,3033.22972
1724875200000,58857.0,59593.0,58623.0,58995.0,2079.26375
1724889600000,59010.0,59296.0,58862.0,59115.0,466.03931
1724904000000,59118.0,59760.0,59062.0,59583.0,379.66616
1724918400000,59570.0,60479.0,59378.0,60065.0,1062.78638
1724932800000,60065.0,61186.0,59989.0,60776.0,2029.00311
1724947200000,60776.0,60962.0,58902.0,59237.0,2841.45545
1724961600000,59245.0,59642.0,58636.0,59352.0,1010.72487
1724976000000,59339.0,59477.0,58892.0,59020.0,792.74258
1724990400000,59023.0,59579.0,58671.0,59273.0,1158.00498
1725004800000,59273.0,59664.0,59273.0,59371.0,750.9096
1725019200000,59372.0,59900.0,57899.0,58057.0,3834.88413
1725033600000,58067.0,59340.0,57699.0,58676.0,2062.80094
1725048000000,58677.0,59274.0,58676.0,59092.0,514.14294
1725062400000,59094.0,59441.0,59060.0,59209.0,433.87664
1725076800000,59210.0,59328.0,59028.0,59055.0,292.1969
1725091200000,59055.0,59168.0,58808.0,59119.0,459.5852
1725105600000,59118.0,59236.0,58886.0,59001.0,434.95414
1725120000000,59001.0,59141.0,58732.0,58842.0,457.36208
1725134400000,58846.0,59124.0,58763.0,58971.0,414.96731
1725148800000,58971.0,59068.0,58272.0,58524.0,538.9803
1725163200000,58524.0,58586.0,57767.0,58460.0,919.49079
1725177600000,58460.0,58500.0,57878.0,58239.0,654.56545
1725192000000,58239.0,58369.0,57243.0,58212.0,2218.40526
1725206400000,58210.0,58807.0,57865.0,58523.0,756.90299
1725220800000,58522.0,58658.0,57183.0,57291.0,1253.44689
1725235200000,57275.0,57771.0,57098.0,57760.0,954.52311
1725249600000,57750.0,57944.0,57339.0,57522.0,518.75311
1725264000000,57521.0,58667.0,57500.0,58403.0,1620.58098
1725278400000,58403.0,58790.0,58066.0,58506.0,1416.60814
1725292800000,58505.0,58644.0,58254.0,58407.0,637.40532
1725307200000,58419.0,59359.0,58353.0,59112.0,1606.82115
1725321600000,59112.0,59800.0,59001.0,59060.0,1092.07961
1725336000000,59059.0,59238.0,58861.0,59083.0,610.86441
1725350400000,59088.0,59168.0,58677.0,59038.0,818.54715
1725364800000,59037.0,59314.0,57547.0,57696.0,2057.53643
1725379200000,57692.0,58228.0,57546.0,57991.0,1334.77948
1725393600000,58032.0,58212.0,57357.0,57435.0,832.83967
1725408000000,57436.0,57967.0,55633.0,56662.0,3222.00559
1725422400000,56663.0,56875.0,56189.0,56754.0,1011.60642
1725436800000,56753.0,56892.0,56456.0,56584.0,669.15588
1725451200000,56581.0,58165.0,56183.0,58130.0,2378.9158
1725465600000,58123.0,58550.0,57651.0,58081.0,1879.25844
1725480000000,58080.0,58382.0,57872.0,57980.0,800.15266
1725494400000,57979.0,58354.0,56923.0,57139.0,785.72737
1725508800000,57117.0,57322.0,56509.0,57158.0,954.91151
1725523200000,57158.0,57239.0,56621.0,56705.0,691.92105
1725537600000,56706.0,57277.0,55800.0,55969.0,2995.13118
1725552000000,55967.0,56710.0,55777.0,56040.0,2461.05125
1725566400000,56040.0,56256.0,55572.0,56159.0,1238.82072
1725580800000,56153.0,56861.0,55964.0,56561.0,1266.88406
1725595200000,56561.0,56716.0,55273.0,55785.0,1584.57816
1725609600000,55790.0,56244.0,55602.0,55976.0,1197.00775
1725624000000,55983.0,56970.0,53806.0,54028.0,5565.23803
1725638400000,54028.0,54441.0,53265.0,53527.0,2626.44343
1725652800000,53501.0,53962.0,52534.0,53952.0,2500.65678
1725667200000,53951.0,54078.0,53750.0,53822.0,450.93021
1725681600000,53822.0,54388.0,53819.0,54279.0,509.08806
1725696000000,54279.0,54490.0,54186.0,54322.0,253.07795
1725710400000,54340.0,54800.0,54340.0,54775.0,471.05183
1725724800000,54776.0,54832.0,53985.0,54402.0,731.01552
1725739200000,54393.0,54440.0,53800.0,54160.0,600.75616
1725753600000,54160.0,54534.0,53957.0,54407.0,584.90761
1725768000000,54405.0,54573.0,54252.0,54435.0,373.23609
1725782400000,54435.0,54746.0,54347.0,54551.0,330.76125
1725796800000,54560.0,54569.0,53650.0,53670.0,694.93151
1725811200000,53668.0,54494.0,53602.0,54308.0,606.20681
1725825600000,54308.0,55258.0,54154.0,54839.0,1433.67825
1725840000000,54840.0,55375.0,54669.0,55089.0,1283.34537
1725854400000,55100.0,55130.0,54561.0,54955.0,1057.19502
1725868800000,54937.0,55520.0,54933.0,55238.0,792.2149
1725883200000,55238.0,55764.0,54791.0,55344.0,2431.88002
1725897600000,55357.0,57157.0,55326.0,57082.0,3512.68757
1725912000000,57082.0,58077.0,56798.0,57016.0,1822.01681
1725926400000,57016.0,57035.0,56499.0,56500.0,646.22052
1725940800000,56499.0,57280.0,56387.0,57196.0,722.24755
1725955200000,57193.0,57360.0,56865.0,57213.0,1211.61957
1725969600000,57212.0,57444.0,56517.0,56585.0,2262.98018
1725984000000,56586.0,58039.0,56550.0,57948.0,1742.26251
1725998400000,57964.0,57964.0,57411.0,57617.0,918.33499
1726012800000,57616.0,57728.0,56641.0,56781.0,1550.66049
1726027200000,56791.0,56791.0,56049.0,56683.0,775.98168
1726041600000,56682.0,56850.0,56313.0,56770.0,529.83874
1726056000000,56770.0,57140.0,55539.0,56700.0,3447.13565
1726070400000,56681.0,57973.0,56634.0,57587.0,2874.83154
1726084800000,57583.0,57646.0,57188.0,57278.0,763.4054
1726099200000,57287.0,58512.0,57286.0,58219.0,1840.20364
1726113600000,58220.0,58422.0,57819.0,58134.0,872.40016
1726128000000,58133.0,58330.0,57870.0,58030.0,571.12127
1726142400000,58037.0,58557.0,57303.0,57491.0,2474.60084
1726156800000,57482.0,58458.0,57470.0,58389.0,1547.4974
1726171200000,58380.0,58380.0,57761.0,58131.0,967.58272
1726185600000,58133.0,58245.0,57807.0,57829.0,592.96427
1726200000000,57829.0,58106.0,57700.0,58084.0,362.03817
1726214400000,58087.0,58326.0,57787.0,57833.0,493.52068
1726228800000,57833.0,59684.0,57612.0,59637.0,2935.03877
1726243200000,59637.0,60000.0,59274.0,59707.0,2350.74157
1726257600000,59719.0,60629.0,59619.0,60491.0,1782.21687
1726272000000,60484.0,60592.0,60265.0,60299.0,394.96302
1726286400000,60300.0,60334.0,59886.0,60140.0,507.63161
1726300800000,60141.0,60160.0,59600.0,59688.0,483.91465
1726315200000,59686.0,60000.0,59621.0,59856.0,272.02658
1726329600000,59850.0,59985.0,59447.0,59799.0,431.54683
1726344000000,59803.0,60123.0,59766.0,59986.0,272.48677
1726358400000,59987.0,60274.0,59982.0,60162.0,240.82446
1726372800000,60161.0,60217.0,60073.0,60176.0,187.73215
1726387200000,60179.0,60192.0,59863.0,59990.0,300.47443
1726401600000,59991.0,60357.0,59853.0,60309.0,468.92822
1726416000000,60315.0,60337.0,59700.0,59857.0,638.61008
1726430400000,59857.0,59937.0,58688.0,59128.0,1765.18944
1726444800000,59127.0,59200.0,58143.0,58589.0,2151.17343
1726459200000,58589.0,58964.0,58310.0,58918.0,688.24571
1726473600000,58909.0,59163.0,58492.0,58657.0,681.10562
1726488000000,58653.0,58777.0,57555.0,57893.0,2179.24126
1726502400000,57893.0,58272.0,57473.0,57943.0,1618.32399
1726516800000,57942.0,58414.0,57602.0,58220.0,990.87911
1726531200000,58219.0,58348.0,57605.0,58045.0,706.30963
1726545600000,58045.0,58769.0,58015.0,58673.0,826.62115
1726560000000,58673.0,59271.0,58603.0,59052.0,847.67954
1726574400000,59051.0,61319.0,58858.0,61124.0,3918.01454
1726588800000,61124.0,61257.0,59639.0,59948.0,2067.20859
1726603200000,59951.0,60409.0,59721.0,60283.0,1030.35192
1726617600000,60284.0,60733.0,59858.0,60461.0,806.21182
1726632000000,60474.0,60651.0,60160.0,60409.0,306.37724
1726646400000,60409.0,60409.0,59360.0,59816.0,725.16317
1726660800000,59830.0,60152.0,59300.0,59422.0,1507.60366
1726675200000,59422.0,61480.0,59192.0,60081.0,5651.61995
1726689600000,60080.0,61875.0,59531.0,61839.0,1857.84383
1726704000000,61819.0,62640.0,61614.0,62145.0,2965.62636
1726718400000,62145.0,62200.0,61850.0,62130.0,584.03258
1726732800000,62140.0,62802.0,61921.0,62702.0,1002.28107
1726747200000,62703.0,63582.0,62656.0,63188.0,2584.07428
1726761600000,63189.0,63913.0,62997.0,63273.0,1825.49531
1726776000000,63277.0,63278.0,62692.0,62990.0,807.72744
1726790400000,62996.0,63770.0,62630.0,63762.0,1044.91308
1726804800000,63779.0,64199.0,63410.0,63542.0,1196.27842
1726819200000,63542.0,63740.0,63118.0,63483.0,684.68047
1726833600000,63480.0,63584.0,62605.0,63161.0,1853.96073
1726848000000,63169.0,63301.0,62370.0,62807.0,1945.08601
1726862400000,62832.0,63314.0,62708.0,63210.0,944.33671
1726876800000,63200.0,63315.0,62826.0,62903.0,436.30587
1726891200000,62902.0,63146.0,62734.0,63101.0,288.42787
1726905600000,63100.0,63148.0,62972.0,63098.0,108.56034
1726920000000,63101.0,63330.0,63046.0,63194.0,283.15812
1726934400000,63194.0,63420.0,63110.0,63219.0,348.05932
1726948800000,63210.0,63580.0,63057.0,63347.0,362.89358
1726963200000,63348.0,63458.0,62837.0,63107.0,569.10563
1726977600000,63107.0,63200.0,62831.0,62929.0,178.91054
1726992000000,62930.0,63035.0,62528.0,62762.0,664.82306
1727006400000,62761.0,62903.0,62465.0,62647.0,814.25554
1727020800000,62640.0,63250.0,62451.0,63180.0,1079.65331
1727035200000,63189.0,64000.0,62367.0,63596.0,2037.8001
1727049600000,63597.0,64820.0,62621.0,64395.0,2141.3875
1727064000000,64395.0,64491.0,63410.0,63582.0,964.5085
1727078400000,63582.0,63722.0,63350.0,63462.0,506.94122
1727092800000,63456.0,63861.0,63079.0,63653.0,1926.36204
1727107200000,63652.0,63848.0,63122.0,63339.0,1295.78575
1727121600000,63339.0,63530.0,63121.0,63366.0,637.56299
1727136000000,63366.0,63430.0,62729.0,63167.0,1305.19403
1727150400000,63167.0,63611.0,62984.0,63610.0,222.96559
1727164800000,63607.0,63993.0,63429.0,63525.0,511.97732
1727179200000,63525.0,63826.0,62774.0,63191.0,1423.47025
1727193600000,63194.0,64468.0,63125.0,64399.0,1952.32344
1727208000000,64380.0,64732.0,64011.0,64302.0,2202.12602
1727222400000,64318.0,64866.0,64035.0,64495.0,1630.27813
1727236800000,64495.0,64495.0,63657.0,63893.0,790.0096
1727251200000,63893.0,63956.0,63425.0,63879.0,916.95181
1727265600000,63880.0,64057.0,63363.0,63537.0,1050.67731
1727280000000,63537.0,63716.0,63060.0,63227.0,1104.88155
1727294400000,63232.0,63619.0,62991.0,63192.0,1209.04577
1727308800000,63192.0,63574.0,62686.0,63540.0,1444.69054
1727323200000,63540.0,63920.0,63370.0,63907.0,483.43606
1727337600000,63906.0,64550.0,63630.0,64448.0,853.45121
1727352000000,64447.0,65602.0,64208.0,65281.0,4119.85817
1727366400000,65284.0,65918.0,64719.0,64720.0,2689.58949
1727380800000,64720.0,65310.0,64671.0,65221.0,1415.803
1727395200000,65221.0,65477.0,64869.0,65432.0,910.38951
1727409600000,65431.0,65595.0,65168.0,65528.0,681.8148
1727424000000,65529.0,66090.0,65394.0,65485.0,929.00427
1727438400000,65486.0,66524.0,65381.0,66036.0,2242.3578
1727452800000,66036.0,66375.0,65522.0,65658.0,1375.18509
1727467200000,65655.0,65963.0,65635.0,65778.0,459.0213
1727481600000,65777.0,66278.0,65732.0,66077.0,362.65199
1727496000000,66077.0,66102.0,65738.0,65816.0,439.54363
1727510400000,65815.0,65815.0,65426.0,65789.0,579.94351
1727524800000,65789.0,65790.0,65408.0,65613.0,345.35817
1727539200000,65614.0,65812.0,65500.0,65723.0,184.94623
1727553600000,65723.0,65977.0,65405.0,65860.0,254.14303
1727568000000,65860.0,65984.0,65660.0,65812.0,261.32168
1727582400000,65812.0,65812.0,65454.0,65479.0,207.91811
1727596800000,65479.0,65732.0,65450.0,65707.0,187.96568
1727611200000,65707.0,65868.0,65597.0,65782.0,349.93368
1727625600000,65782.0,66059.0,65703.0,66048.0,913.20361
1727640000000,66048.0,66169.0,65583.0,65660.0,789.75611
1727654400000,65660.0,65669.0,64272.0,64669.0,2299.9844
1727668800000,64669.0,64794.0,64403.0,64637.0,791.44592
1727683200000,64638.0,64640.0,63300.0,63863.0,2120.73364
1727697600000,63864.0,64205.0,63577.0,63588.0,1525.06758
1727712000000,63589.0,63787.0,63104.0,63524.0,1306.33526
1727726400000,63524.0,63900.0,62893.0,63381.0,1006.2271
1727740800000,63381.0,63805.0,63048.0,63784.0,1062.08978
1727755200000,63785.0,64188.0,63710.0,64105.0,576.16222
1727769600000,64105.0,64150.0,63754.0,63781.0,406.7679
1727784000000,63782.0,63856.0,61758.0,62710.0,4627.06583
1727798400000,62710.0,62829.0,60936.0,61719.0,6916.2329
1727812800000,61719.0,61750.0,60100.0,60839.0,5313.149
1727827200000,60830.0,61872.0,60727.0,61758.0,966.96437
1727841600000,61756.0,61948.0,61352.0,61749.0,593.96351
1727856000000,61732.0,61908.0,60880.0,61171.0,837.58949
1727870400000,61171.0,61947.0,60548.0,61885.0,2210.05632
1727884800000,61885.0,62381.0,59962.0,60197.0,2682.64096
1727899200000,60197.0,60963.0,60137.0,60652.0,1957.42789
1727913600000,60652.0,61464.0,60543.0,61463.0,838.70713
1727928000000,61464.0,61480.0,60817.0,60931.0,512.66581
1727942400000,60931.0,61065.0,60115.0,60756.0,1361.10066
1727956800000,60751.0,60930.0,59837.0,60637.0,2998.99825
1727971200000,60637.0,61061.0,59900.0,61061.0,1384.99281
1727985600000,61046.0,61111.0,60620.0,60762.0,479.88257
1728000000000,60761.0,61293.0,60465.0,60961.0,733.14349
1728014400000,60966.0,61500.0,60934.0,61444.0,513.14244
1728028800000,61443.0,61644.0,61280.0,61451.0,360.52654
1728043200000,61456.0,62000.0,60779.0,61847.0,3291.21808
1728057600000,61859.0,62455.0,61650.0,62360.0,1998.83552
1728072000000,62361.0,62480.0,61943.0,62060.0,651.15746
1728086400000,62060.0,62193.0,61661.0,61856.0,488.69339
1728100800000,61857.0,62269.0,61822.0,62070.0,343.29658
1728115200000,62070.0,62310.0,62070.0,62164.0,135.56278
1728129600000,62173.0,62365.0,62100.0,62167.0,323.36156
1728144000000,62155.0,62182.0,61762.0,61844.0,415.15229
1728158400000,61844.0,62109.0,61690.0,62071.0,425.21645
1728172800000,62071.0,62166.0,61876.0,61884.0,176.34857
1728187200000,61884.0,62013.0,61826.0,61946.0,106.53463
1728201600000,61945.0,62181.0,61924.0,62107.0,229.70269
1728216000000,62104.0,62747.0,62078.0,62707.0,1066.09362
1728230400000,62706.0,62979.0,62541.0,62621.0,1056.06279
1728244800000,62612.0,62925.0,62300.0,62823.0,625.99769
1728259200000,62823.0,64021.0,62660.0,63554.0,1779.00857
1728273600000,63553.0,63745.0,63340.0,63549.0,460.11409
1728288000000,63549.0,63720.0,62656.0,63160.0,975.40373
1728302400000,63161.0,64505.0,62835.0,63680.0,1936.29962
1728316800000,63681.0,63934.0,62767.0,63390.0,1578.86942
1728331200000,63400.0,63429.0,62136.0,62229.0,1249.97958
1728345600000,62228.0,62836.0,62181.0,62648.0,1202.96181
1728360000000,62647.0,62818.0,62004.0,62320.0,1091.28144
1728374400000,62320.0,62681.0,62184.0,62651.0,371.35865
1728388800000,62651.0,63228.0,61922.0,62321.0,2497.99158
1728403200000,62321.0,62626.0,61871.0,62260.0,1595.67536
1728417600000,62261.0,62580.0,62025.0,62181.0,542.72058
1728432000000,62180.0,62510.0,62014.0,62396.0,414.99639
1728446400000,62387.0,62565.0,62212.0,62285.0,299.41493
1728460800000,62284.0,62290.0,62061.0,62203.0,421.40135
1728475200000,62212.0,62420.0,61661.0,62330.0,1371.57382
1728489600000,62331.0,62357.0,60818.0,61038.0,2067.38141
1728504000000,61037.0,61109.0,60282.0,60613.0,1253.03024
1728518400000,60613.0,60966.0,60348.0,60850.0,1504.17903
1728532800000,60851.0,61133.0,60799.0,60893.0,233.86
1728547200000,60894.0,61309.0,60627.0,61268.0,528.24415
1728561600000,61258.0,61308.0,60450.0,60785.0,1684.25543
1728576000000,60790.0,61040.0,58919.0,59695.0,4111.80674
1728590400000,59697.0,60312.0,59563.0,60299.0,1839.24981
1728604800000,60300.0,60730.0,60056.0,60586.0,917.232
1728619200000,60572.0,60899.0,60540.0,60640.0,698.67684
1728633600000,60639.0,61237.0,60618.0,61151.0,697.93497
1728648000000,61151.0,62440.0,61095.0,62248.0,2584.04726
1728662400000,62244.0,63400.0,62096.0,63070.0,1867.31031
1728676800000,63051.0,63140.0,62337.0,62504.0,531.56923
1728691200000,62510.0,63053.0,62460.0,62534.0,383.41237
1728705600000,62537.0,62772.0,62537.0,62749.0,191.18141
1728720000000,62744.0,63239.0,62653.0,62910.0,422.43824
1728734400000,62926.0,63484.0,62804.0,63158.0,697.37245
1728748800000,63158.0,63381.0,62910.0,62980.0,278.8855
1728763200000,62984.0,63349.0,62983.0,63180.0,360.56525
1728777600000,63180.0,63270.0,62644.0,62680.0,361.81065
1728792000000,62680.0,62958.0,62673.0,62836.0,264.44175
1728806400000,62836.0,62943.0,62507.0,62530.0,229.62908
1728820800000,62531.0,62795.0,62015.0,62193.0,661.63639
1728835200000,62192.0,62869.0,62142.0,62700.0,768.34487
1728849600000,62700.0,63126.0,62576.0,62849.0,524.39518
1728864000000,62848.0,64364.0,62441.0,64280.0,1155.49494
1728878400000,64280.0,64685.0,63756.0,64623.0,1385.99368
1728892800000,64620.0,65137.0,64333.0,64920.0,832.29916
1728907200000,64921.0,66295.0,64637.0,65839.0,2741.49734
1728921600000,65839.0,66041.0,65534.0,65915.0,728.2878
1728936000000,65912.0,66500.0,65708.0,66078.0,974.43036
1728950400000,66078.0,66315.0,65326.0,65401.0,758.76094
1728964800000,65401.0,65840.0,65239.0,65660.0,503.58323
1728979200000,65660.0,65850.0,65273.0,65370.0,478.68831
1728993600000,65380.0,67929.0,64785.0,66002.0,5975.43031
1729008000000,65992.0,67386.0,65962.0,66950.0,2521.67436
1729022400000,66959.0,67140.0,66095.0,67059.0,1720.02123
1729036800000,67059.0,67563.0,66740.0,67084.0,900.15306
1729051200000,67083.0,67349.0,66770.0,66986.0,730.51213
1729065600000,66986.0,68432.0,66933.0,67913.0,1669.22963
1729080000000,67918.0,68342.0,67119.0,67752.0,2002.47149
1729094400000,67752.0,68109.0,67483.0,67757.0,852.54454
1729108800000,67762.0,67969.0,67514.0,67625.0,665.19826
1729123200000,67625.0,67958.0,67420.0,67621.0,510.17454
1729137600000,67620.0,67620.0,67076.0,67296.0,556.1693
1729152000000,67295.0,67530.0,66816.0,66880.0,836.45087
1729166400000,66879.0,67672.0,66670.0,67572.0,1419.68453
1729180800000,67572.0,67585.0,66707.0,66826.0,833.15444
1729195200000,66825.0,67480.0,66824.0,67416.0,483.47566
1729209600000,67415.0,68257.0,67200.0,67591.0,1231.03039
1729224000000,67591.0,68433.0,67581.0,68019.0,751.87233
1729238400000,68019.0,68084.0,67700.0,67723.0,597.75954
1729252800000,67724.0,68899.0,67663.0,68760.0,1996.17729
1729267200000,68760.0,69026.0,68376.0,68641.0,1123.01917
1729281600000,68640.0,68714.0,68226.0,68450.0,778.47488
1729296000000,68457.0,68728.0,68336.0,68475.0,258.84172
1729310400000,68474.0,68584.0,68307.0,68353.0,209.86339
1729324800000,68353.0,68470.0,68087.0,68090.0,325.53494
1729339200000,68090.0,68346.0,68089.0,68230.0,265.50287
1729353600000,68229.0,68241.0,68011.0,68171.0,276.61652
1729368000000,68171.0,68422.0,68170.0,68377.0,256.60176
1729382400000,68386.0,68455.0,68111.0,68189.0,281.70624
1729396800000,68190.0,68433.0,68189.0,68377.0,131.8885
1729411200000,68377.0,68512.0,68370.0,68420.0,293.75745
1729425600000,68421.0,68800.0,68206.0,68648.0,675.24576
1729440000000,68648.0,68678.0,68450.0,68544.0,309.3658
1729454400000,68545.0,69444.0,68501.0,69083.0,951.55993
1729468800000,69083.0,69577.0,68645.0,68985.0,847.12823
1729483200000,68986.0,69231.0,68509.0,68544.0,447.70477
1729497600000,68545.0,68690.0,68180.0,68288.0,609.09641
1729512000000,68287.0,68364.0,66868.0,67394.0,3490.29485
1729526400000,67395.0,67983.0,66925.0,67821.0,2226.68273
1729540800000,67814.0,67980.0,67375.0,67381.0,1067.23627
1729555200000,67381.0,67720.0,66571.0,67409.0,1844.54794
1729569600000,67410.0,67820.0,67300.0,67396.0,605.34762
1729584000000,67397.0,67502.0,66729.0,67288.0,1321.21911
1729598400000,67284.0,67705.0,66605.0,67280.0,2764.32353
1729612800000,67270.0,67623.0,66898.0,67483.0,960.13078
1729627200000,67471.0,67835.0,67280.0,67426.0,405.64962
1729641600000,67427.0,67440.0,66905.0,67093.0,579.94077
1729656000000,67092.0,67290.0,66773.0,66832.0,617.03028
1729670400000,66832.0,67015.0,66188.0,66415.0,1122.58217
1729684800000,66415.0,66910.0,65922.0,66247.0,2156.34049
1729699200000,66247.0,66668.0,65277.0,66546.0,4164.76273
1729713600000,66547.0,66859.0,66411.0,66731.0,790.44801
1729728000000,66731.0,67657.0,66563.0,67258.0,876.94194
1729742400000,67258.0,67519.0,67089.0,67139.0,511.59074
1729756800000,67139.0,67363.0,66736.0,67300.0,1089.09058
1729771200000,67302.0,67997.0,67290.0,67714.0,1295.93838
1729785600000,67714.0,68315.0,67361.0,68280.0,1180.56173
1729800000000,68282.0,68863.0,67956.0,68201.0,1320.0105
1729814400000,68201.0,68270.0,67831.0,68002.0,516.01441
1729828800000,68003.0,68039.0,67214.0,67480.0,936.97628
1729843200000,67480.0,68159.0,67300.0,68090.0,709.34101
1729857600000,68090.0,68776.0,67430.0,67678.0,1262.72981
1729872000000,67677.0,67851.0,65982.0,66813.0,3767.42257
1729886400000,66815.0,67373.0,65586.0,66699.0,2653.10581
1729900800000,66699.0,67023.0,66425.0,66901.0,802.46573
1729915200000,66904.0,67240.0,66790.0,67000.0,310.77174
1729929600000,67000.0,67260.0,66961.0,67132.0,166.82898
1729944000000,67132.0,67178.0,66723.0,66876.0,461.89456
1729958400000,66876.0,67165.0,66778.0,67165.0,345.01689
1729972800000,67170.0,67458.0,67073.0,67073.0,484.42823
1729987200000,67074.0,67300.0,66914.0,67271.0,242.34157
1730001600000,67279.0,67300.0,67114.0,67184.0,98.99678
1730016000000,67185.0,67250.0,67022.0,67121.0,167.45245
1730030400000,67121.0,67835.0,67113.0,67772.0,460.8146
1730044800000,67775.0,67981.0,67530.0,67855.0,614.98188
1730059200000,67856.0,68324.0,67743.0,68020.0,546.1125
1730073600000,68020.0,68120.0,67677.0,67716.0,276.8269
1730088000000,67714.0,68704.0,67611.0,68439.0,778.32098
1730102400000,68432.0,68841.0,68254.0,68768.0,505.56533
1730116800000,68769.0,69279.0,68461.0,68499.0,1515.59565
1730131200000,68500.0,69910.0,68470.0,69610.0,2054.24821
1730145600000,69616.0,70343.0,69438.0,69992.0,1240.37389
1730160000000,69992.0,71643.0,69791.0,70990.0,1945.46474
1730174400000,70991.0,71383.0,70875.0,71020.0,529.41633
1730188800000,71030.0,71634.0,71024.0,71510.0,526.71071
1730203200000,71510.0,72460.0,70968.0,72459.0,2254.1394
1730217600000,72459.0,73722.0,72401.0,72595.0,2880.37707
1730232000000,72596.0,73040.0,71931.0,72813.0,1254.60554
1730246400000,72812.0,72850.0,72061.0,72290.0,652.60395
1730260800000,72290.0,72664.0,72147.0,72269.0,429.80106
1730275200000,72269.0,72648.0,71948.0,71987.0,550.62395
1730289600000,71988.0,72500.0,71472.0,72101.0,1560.72536
1730304000000,72100.0,72227.0,71692.0,71884.0,570.8339
1730318400000,71884.0,72994.0,71692.0,72402.0,1374.79076
1730332800000,72402.0,72630.0,72076.0,72380.0,475.40138
1730347200000,72389.0,72516.0,72205.0,72468.0,191.38501
1730361600000,72467.0,72720.0,72200.0,72254.0,299.37602
1730376000000,72253.0,72296.0,70494.0,70642.0,2559.43728
1730390400000,70650.0,70944.0,70071.0,70109.0,1743.35463
1730404800000,70110.0,70719.0,69740.0,70363.0,1755.27585
1730419200000,70364.0,70522.0,68928.0,69417.0,2457.92721
1730433600000,69417.0,69730.0,69111.0,69304.0,1076.2431
1730448000000,69303.0,70271.0,69271.0,70060.0,879.26074
1730462400000,70062.0,71659.0,69096.0,69420.0,3598.31161
1730476800000,69430.0,70525.0,68817.0,69316.0,2653.56899
1730491200000,69316.0,69635.0,68869.0,69530.0,1059.24188
1730505600000,69528.0,69928.0,69507.0,69628.0,244.75995
1730520000000,69628.0,69854.0,69470.0,69843.0,202.37518
1730534400000,69847.0,69868.0,69431.0,69636.0,253.74305
1730548800000,69637.0,69700.0,69031.0,69387.0,682.26127
1730563200000,69388.0,69610.0,69201.0,69518.0,538.97856
1730577600000,69520.0,69586.0,69164.0,69362.0,303.98629
1730592000000,69362.0,69380.0,67877.0,68383.0,1990.78709
1730606400000,68383.0,68769.0,68311.0,68411.0,397.81313
1730620800000,68405.0,68615.0,68191.0,68337.0,491.4214
1730635200000,68337.0,68542.0,67475.0,68100.0,1103.84711
1730649600000,68092.0,68680.0,67685.0,68667.0,1127.85074
1730664000000,68667.0,69338.0,68500.0,68766.0,1184.30364
1730678400000,68769.0,69491.0,68243.0,69053.0,690.01424
1730692800000,69058.0,69390.0,68620.0,68620.0,496.81426
1730707200000,68620.0,69034.0,68481.0,68801.0,663.54774
1730721600000,68801.0,69280.0,68233.0,68666.0,1107.39327
1730736000000,68667.0,68820.0,67276.0,67885.0,1645.84778
1730750400000,67883.0,68149.0,66878.0,67889.0,1853.69893
1730764800000,67889.0,68300.0,67523.0,68298.0,942.25365
1730779200000,68298.0,69000.0,68267.0,68935.0,565.4798
1730793600000,68944.0,69137.0,68650.0,68861.0,528.06038
1730808000000,68861.0,70370.0,68726.0,69650.0,2063.03257
1730822400000,69660.0,70612.0,68758.0,69050.0,2372.16847
1730836800000,69050.0,69947.0,68892.0,69411.0,1359.91178
1730851200000,69410.0,75774.0,69308.0,74431.0,7241.92462
1730865600000,74431.0,75506.0,73203.0,73433.0,4058.3815
1730880000000,73433.0,74556.0,72782.0,74351.0,1705.35971
1730894400000,74351.0,74847.0,73540.0,74367.0,2355.88608
1730908800000,74368.0,75924.0,74198.0,75886.0,1719.04026
1730923200000,75892.0,76484.0,75570.0,75640.0,1665.90525
1730937600000,75640.0,76060.0,75043.0,75090.0,1769.96547
1730952000000,75091.0,75091.0,74465.0,74821.0,1165.83674
1730966400000,74822.0,75212.0,74736.0,74772.0,525.03504
1730980800000,74800.0,76115.0,74570.0,76105.0,1314.89183
1730995200000,76117.0,76755.0,75610.0,76562.0,2155.98459
1731009600000,76562.0,76847.0,75540.0,75925.0,1405.93622
1731024000000,75924.0,76410.0,75632.0,75946.0,906.20858
1731038400000,75945.0,76302.0,75760.0,76249.0,545.2046
1731052800000,76249.0,76363.0,75811.0,76022.0,451.15351
1731067200000,76021.0,76645.0,75710.0,76477.0,1407.20728
1731081600000,76481.0,77240.0,75836.0,76975.0,1494.07899
1731096000000,76976.0,77139.0,76284.0,76541.0,922.01281
1731110400000,76542.0,76670.0,76164.0,76360.0,440.21061
1731124800000,76360.0,76810.0,76350.0,76571.0,498.33824
1731139200000,76571.0,76739.0,76421.0,76538.0,354.63863
1731153600000,76538.0,76593.0,76314.0,76360.0,205.18028
1731168000000,76361.0,76737.0,75750.0,76256.0,735.69657
1731182400000,76256.0,77007.0,76223.0,76765.0,1290.13995
1731196800000,76766.0,77562.0,76555.0,77291.0,877.82777
1731211200000,77290.0,79840.0,77211.0,78896.0,2488.72891
1731225600000,78897.0,80152.0,78896.0,79950.0,912.16792
1731240000000,79945.0,80180.0,79250.0,79742.0,1217.27017
1731254400000,79742.0,81163.0,79420.0,79829.0,2105.64461
1731268800000,79830.0,81619.0,78554.0,80458.0,2884.38028
1731283200000,80447.0,81923.0,80284.0,81691.0,1774.76321
1731297600000,81694.0,81813.0,80514.0,81210.0,958.86944
1731312000000,81200.0,82410.0,81082.0,82170.0,1239.27051
1731326400000,82174.0,84345.0,81485.0,84119.0,3549.80658
1731340800000,84119.0,86840.0,83890.0,86210.0,3476.48625
1731355200000,86210.0,89702.0,86210.0,88776.0,4915.38774
1731369600000,88775.0,89590.0,86658.0,88195.0,3514.04511
1731384000000,88180.0,90050.0,87831.0,89140.0,1789.8552
1731398400000,89129.0,89580.0,85501.0,87270.0,3495.31354
1731412800000,87237.0,87930.0,85185.0,86712.0,3832.86134
1731427200000,86714.0,89865.0,85785.0,88782.0,2803.14971
1731441600000,88783.0,89951.0,87346.0,88040.0,2655.63109
1731456000000,88040.0,88600.0,87088.0,87180.0,1580.42891
1731470400000,87190.0,87787.0,86183.0,87414.0,2224.31783
1731484800000,87424.0,88180.0,87141.0,87749.0,656.62486
1731499200000,87741.0,92907.0,87590.0,92704.0,4122.37628
1731513600000,92700.0,93466.0,90030.0,90303.0,4132.858
1731528000000,90302.0,91252.0,88002.0,90440.0,4137.65414
1731542400000,90439.0,90609.0,89546.0,90029.0,1474.66574
1731556800000,90021.0,90957.0,89131.0,90870.0,900.9507
1731571200000,90870.0,91712.0,90408.0,91560.0,1950.55017
1731585600000,91559.0,91917.0,87811.0,88002.0,4067.26172
1731600000000,88005.0,89772.0,87550.0,89539.0,2196.38933
1731614400000,89540.0,89540.0,86635.0,87358.0,3443.79726
1731628800000,87360.0,88526.0,87294.0,88250.0,1656.19472
1731643200000,88249.0,88639.0,87085.0,87720.0,1107.97082
1731657600000,87721.0,89841.0,87477.0,89819.0,949.79322
1731672000000,89818.0,90804.0,87801.0,88491.0,3206.98885
1731686400000,88492.0,90926.0,88441.0,90472.0,1920.37366
1731700800000,90459.0,91922.0,90422.0,91107.0,1398.82887
1731715200000,91098.0,91771.0,90891.0,91333.0,798.46165
1731729600000,91333.0,91807.0,91149.0,91194.0,395.16414
1731744000000,91194.0,91657.0,91049.0,91259.0,254.95145
1731758400000,91259.0,91397.0,90121.0,90569.0,885.54911
1731772800000,90569.0,91491.0,90254.0,91183.0,566.22369
1731787200000,91183.0,91256.0,90390.0,90616.0,584.89613
1731801600000,90657.0,90962.0,89406.0,90334.0,1065.98073
1731816000000,90334.0,90945.0,90239.0,90622.0,315.90977
1731830400000,90622.0,91528.0,90549.0,90760.0,438.84282
1731844800000,90749.0,91259.0,89992.0,90333.0,800.17919
1731859200000,90334.0,90717.0,89769.0,90135.0,661.55286
1731873600000,90140.0,90288.0,88800.0,89945.0,1814.94389
1731888000000,89944.0,91000.0,89700.0,90770.0,867.65075
1731902400000,90770.0,92372.0,90540.0,91810.0,840.38601
1731916800000,91810.0,92312.0,90100.0,90341.0,1128.88482
1731931200000,90360.0,92678.0,89428.0,92430.0,3546.02215
1731945600000,92431.0,92670.0,89735.0,90711.0,2496.41644
1731960000000,90710.0,92088.0,90330.0,90550.0,2395.40852
1731974400000,90549.0,91648.0,90437.0,91515.0,718.6387
1731988800000,91530.0,92154.0,91314.0,91721.0,879.51607
1732003200000,91724.0,92043.0,91281.0,91753.0,602.08539
1732017600000,91750.0,92948.0,91061.0,92490.0,2070.59951
1732032000000,92481.0,94000.0,92238.0,93305.0,2076.23251
1732046400000,93310.0,93667.0,91351.0,92366.0,2486.32902
1732060800000,92369.0,92504.0,91569.0,92107.0,974.4766
1732075200000,92119.0,92927.0,91948.0,92920.0,843.62393
1732089600000,92920.0,93789.0,92830.0,93552.0,1264.00422
1732104000000,93566.0,94871.0,93380.0,94789.0,2568.64065
1732118400000,94789.0,94878.0,93150.0,93985.0,3655.279
1732132800000,93985.0,94603.0,93753.0,94340.0,1862.20354
1732147200000,94339.0,96015.0,94071.0,95882.0,2233.36204
1732161600000,95876.0,97912.0,95869.0,96987.0,2816.8003
1732176000000,96999.0,98493.0,96780.0,98040.0,1165.42079
1732190400000,98041.0,98328.0,95650.0,96751.0,2849.57881
1732204800000,96761.0,99142.0,96358.0,97876.0,2179.64375
1732219200000,97866.0,98839.0,97617.0,98429.0,2076.70624
1732233600000,98419.0,99413.0,97886.0,98929.0,1175.57154
1732248000000,98949.0,99500.0,98588.0,99277.0,809.19539
1732262400000,99276.0,99347.0,98322.0,98973.0,819.84941
1732276800000,98973.0,99059.0,97222.0,98771.0,1756.53705
1732291200000,98766.0,99654.0,98327.0,99180.0,1628.81069
1732305600000,99179.0,99549.0,98636.0,98982.0,1599.86309
1732320000000,98988.0,98996.0,98349.0,98739.0,893.07468
1732334400000,98739.0,98884.0,98329.0,98646.0,551.62914
1732348800000,98643.0,98702.0,98389.0,98500.0,237.85372
1732363200000,98500.0,98919.0,98469.0,98488.0,406.45984
1732377600000,98487.0,98526.0,97383.0,97586.0,1261.28196
1732392000000,97587.0,98126.0,97211.0,97757.0,699.00763
1732406400000,97756.0,98656.0,97698.0,98290.0,581.26008
1732420800000,98284.0,98513.0,98010.0,98489.0,326.49461
1732435200000,98489.0,98520.0,97315.0,97341.0,454.81444
1732449600000,97341.0,97683.0,96000.0,96000.0,1388.76366
1732464000000,96000.0,96870.0,95847.0,96420.0,1291.77621
1732478400000,96421.0,98502.0,96294.0,98038.0,1609.28853
1732492800000,98043.0,98176.0,96967.0,97997.0,845.92185
1732507200000,97997.0,98479.0,97700.0,98155.0,582.93138
1732521600000,98155.0,99022.0,97959.0,98294.0,493.17695
1732536000000,98291.0,98411.0,94568.0,96038.0,4776.11088
1732550400000,96038.0,96551.0,94433.0,94700.0,3208.21587
1732564800000,94692.0,95381.0,92620.0,93100.0,3766.87242
1732579200000,93101.0,94964.0,92780.0,94521.0,1637.48095
1732593600000,94525.0,95046.0,93570.0,93821.0,659.03671
1732608000000,93821.0,93822.0,91520.0,92439.0,2183.37914
1732622400000,92428.0,93600.0,91830.0,92846.0,1839.41334
1732636800000,92842.0,94745.0,91650.0,91749.0,2489.34772
1732651200000,91748.0,92451.0,90878.0,92028.0,1926.086
1732665600000,92027.0,93100.0,91858.0,92636.0,903.44971
1732680000000,92647.0,93737.0,92439.0,93681.0,748.56787
1732694400000,93682.0,93922.0,93200.0,93411.0,722.16507
1732708800000,93417.0,95960.0,92896.0,95665.0,1658.90784
1732723200000,95665.0,96690.0,95250.0,96690.0,1588.11455
1732737600000,96689.0,97290.0,95806.0,95931.0,1256.34907
1732752000000,95921.0,96643.0,94840.0,95556.0,1337.25879
1732766400000,95523.0,95966.0,95104.0,95332.0,544.66608
1732780800000,95334.0,95800.0,94640.0,95492.0,607.66698
1732795200000,95492.0,96264.0,94916.0,95027.0,457.36774
1732809600000,95033.0,95491.0,94844.0,95178.0,325.79355
1732824000000,95178.0,96086.0,94760.0,95722.0,1084.07532
1732838400000,95722.0,96960.0,95436.0,96669.0,687.90239
1732852800000,96668.0,96697.0,95660.0,95693.0,540.81283
1732867200000,95684.0,97448.0,95680.0,97339.0,603.76786
1732881600000,97339.0,98733.0,96817.0,98072.0,1699.69114
1732896000000,98072.0,98524.0,96911.0,97388.0,1683.57521
1732910400000,97387.0,97705.0,97044.0,97533.0,1176.00409
1732924800000,97532.0,97533.0,96392.0,96715.0,1506.36347
1732939200000,96712.0,97295.0,96613.0,96839.0,520.66517
1732953600000,96838.0,97047.0,96138.0,96339.0,640.30931
1732968000000,96339.0,96812.0,96312.0,96725.0,544.42674
1732982400000,96724.0,97110.0,96587.0,97075.0,362.69932
1732996800000,97074.0,97094.0,96388.0,96484.0,1246.46523
1733011200000,96484.0,96744.0,95740.0,96389.0,1447.09426
1733025600000,96388.0,96570.0,96247.0,96529.0,256.21096
1733040000000,96529.0,97223.0,96482.0,97194.0,681.02936
1733054400000,97195.0,97476.0,96717.0,97087.0,634.3359
1733068800000,97086.0,97595.0,97054.0,97257.0,954.38562
1733083200000,97258.0,97933.0,96853.0,97274.0,1319.24481
1733097600000,97274.0,98267.0,96392.0,96537.0,1149.31493
1733112000000,96537.0,96992.0,95776.0,96044.0,1238.73513
1733126400000,96044.0,96150.0,94828.0,95166.0,1349.57372
1733140800000,95165.0,97277.0,94753.0,97078.0,2855.02562
1733155200000,97110.0,97396.0,94408.0,95896.0,3833.47295
1733169600000,95897.0,96423.0,95174.0,95921.0,1956.42359
1733184000000,95920.0,96385.0,95460.0,96172.0,1125.98073
1733198400000,96161.0,96353.0,95361.0,95644.0,692.3284
1733212800000,95635.0,95740.0,94705.0,95085.0,757.83568
1733227200000,95085.0,96362.0,93606.0,95735.0,4090.00309
1733241600000,95740.0,96264.0,94919.0,95546.0,2390.11402
1733256000000,95545.0,96206.0,95378.0,95928.0,1661.82471
1733270400000,95929.0,96720.0,95310.0,95873.0,1596.81718
1733284800000,95872.0,96793.0,95806.0,96675.0,911.03875
1733299200000,96675.0,97056.0,96268.0,96288.0,773.30555
1733313600000,96288.0,96651.0,95467.0,95839.0,1881.53396
1733328000000,95850.0,97338.0,94643.0,97279.0,4625.40048
1733342400000,97280.0,99150.0,97240.0,98683.0,8636.11417
1733356800000,98666.0,104940.0,97939.0,103100.0,9673.92963
1733371200000,103099.0,103740.0,101474.0,102400.0,3881.20232
1733385600000,102410.0,103395.0,102388.0,102710.0,1866.70872
1733400000000,102709.0,103772.0,100901.0,101364.0,5428.01772
1733414400000,101378.0,102230.0,98624.0,99146.0,7715.04949
1733428800000,99140.0,99522.0,90900.0,97107.0,17288.44087
1733443200000,97107.0,98944.0,96477.0,97841.0,4208.59121
1733457600000,97847.0,98401.0,97463.0,98288.0,1446.46905
1733472000000,98288.0,98816.0,97730.0,98163.0,1338.01598
1733486400000,98163.0,99610.0,97525.0,99383.0,3231.99072
1733500800000,99383.0,101920.0,98840.0,101564.0,3191.86319
1733515200000,101564.0,102010.0,99150.0,99832.0,2183.01109
1733529600000,99832.0,100566.0,99347.0,99393.0,1669.47297
1733544000000,99392.0,99766.0,98902.0,99509.0,1391.3987
1733558400000,99510.0,99926.0,99355.0,99703.0,634.97035
1733572800000,99700.0,99913.0,99115.0,99841.0,1099.50185
1733587200000,99841.0,100400.0,99546.0,100204.0,878.08119
1733601600000,100203.0,100555.0,99671.0,99922.0,1211.88884
1733616000000,99923.0,100470.0,99709.0,100000.0,1376.11197
1733630400000,100001.0,100160.0,99409.0,99772.0,1022.02883
1733644800000,99772.0,99961.0,98710.0,99805.0,1183.1647
1733659200000,99804.0,100628.0,99459.0,100051.0,1670.41144
1733673600000,100050.0,100300.0,99577.0,100227.0,736.62318
1733688000000,100230.0,101510.0,99848.0,101220.0,1091.84544
1733702400000,101220.0,101350.0,98356.0,99200.0,2714.53331
1733716800000,99201.0,99820.0,98362.0,99655.0,1846.98666
1733731200000,99650.0,99743.0,98036.0,98105.0,1746.65118
1733745600000,98104.0,100543.0,97596.0,97868.0,3540.00744
1733760000000,97868.0,98500.0,96905.0,97029.0,3355.072
1733774400000,97030.0,97652.0,94138.0,97431.0,7864.56238
1733788800000,97430.0,98208.0,95560.0,96955.0,2525.9072
1733803200000,96957.0,97607.0,95931.0,97243.0,1254.10606
1733817600000,97243.0,97985.0,97007.0,97790.0,654.12662
1733832000000,97789.0,98395.0,95616.0,95642.0,3491.14688
1733846400000,95650.0,96620.0,94292.0,95970.0,7654.51349
1733860800000,95961.0,97310.0,95694.0,96671.0,2840.40831
1733875200000,96671.0,97690.0,95701.0,97450.0,2462.28029
1733889600000,97451.0,97851.0,97215.0,97382.0,675.03418
1733904000000,97382.0,98541.0,97369.0,98351.0,725.90743
1733918400000,98352.0,100920.0,98105.0,100471.0,3449.54761
1733932800000,100471.0,101176.0,99664.0,101171.0,2465.61307
1733947200000,101172.0,101944.0,100927.0,101164.0,2271.23227
1733961600000,101164.0,101933.0,100333.0,101090.0,1665.58139
1733976000000,101085.0,101247.0,100450.0,100570.0,787.15967
1733990400000,100570.0,101164.0,100240.0,100421.0,490.74092
1734004800000,100421.0,102000.0,100414.0,101901.0,2885.57792
1734019200000,101900.0,102603.0,99356.0,99569.0,3678.69644
1734033600000,99568.0,100571.0,99542.0,100082.0,2645.59172
1734048000000,100082.0,100410.0,99238.0,99818.0,1106.0354
1734062400000,99818.0,100200.0,99564.0,100148.0,844.8074
1734076800000,100147.0,100834.0,99920.0,100442.0,745.83612
1734091200000,100442.0,101480.0,99610.0,99861.0,2742.20693
1734105600000,99860.0,101940.0,99800.0,101481.0,3201.67945
1734120000000,101487.0,101850.0,101040.0,101486.0,1740.57891
1734134400000,101485.0,102790.0,101233.0,102146.0,3910.61504
1734148800000,102145.0,102225.0,101673.0,101919.0,936.2361
1734163200000,101918.0,101952.0,101410.0,101669.0,448.08892
1734177600000,101660.0,101819.0,100848.0,101681.0,1023.66211
1734192000000,101680.0,101817.0,100886.0,101409.0,926.53913
1734206400000,101409.0,101555.0,100621.0,101498.0,838.65819
1734220800000,101498.0,102313.0,101280.0,101771.0,1221.30937
1734235200000,101771.0,102940.0,101631.0,101829.0,1118.72273
1734249600000,101828.0,102810.0,101667.0,102787.0,1030.78002
1734264000000,102790.0,103468.0,102551.0,102791.0,2213.12368
1734278400000,102791.0,103643.0,102680.0,103397.0,2341.18355
1734292800000,103397.0,105885.0,102700.0,104644.0,4955.0943
1734307200000,104644.0,107000.0,104334.0,104649.0,4555.68112
1734321600000,104649.0,105535.0,104540.0,105071.0,2050.67043
1734336000000,105070.0,105100.0,103674.0,103810.0,1453.5846
1734350400000,103810.0,106690.0,103396.0,106472.0,4501.23482
1734364800000,106470.0,107900.0,105870.0,106733.0,5024.21996
1734379200000,106732.0,106744.0,105501.0,106168.0,1536.63512
1734393600000,106169.0,107098.0,105760.0,106980.0,1594.46557
1734408000000,106979.0,107225.0,106420.0,106891.0,1171.44815
1734422400000,106891.0,107609.0,106816.0,106901.0,899.93503
1734436800000,106900.0,108603.0,105760.0,106608.0,3716.10058
1734451200000,106607.0,107736.0,106190.0,106567.0,3340.04477
1734465600000,106567.0,106990.0,105267.0,106153.0,2382.07625
1734480000000,106153.0,106500.0,104568.0,104758.0,1742.54208
1734494400000,104758.0,104758.0,103100.0,104327.0,2882.10675
1734508800000,104327.0,105200.0,103803.0,105187.0,1329.63855
1734523200000,105174.0,105529.0,103660.0,104497.0,4262.85018
1734537600000,104491.0,105084.0,102794.0,102892.0,7159.18822
1734552000000,102877.0,102910.0,100090.0,100270.0,12289.54475
1734566400000,100270.0,101416.0,98785.0,101300.0,7669.45162
1734580800000,101295.0,101770.0,100632.0,101713.0,1935.40293
1734595200000,101713.0,102671.0,101421.0,102510.0,1238.91663
1734609600000,102510.0,102746.0,99501.0,100691.0,5558.76123
1734624000000,100691.0,101240.0,96204.0,97247.0,12849.38917
1734638400000,97248.0,98435.0,95608.0,97433.0,7435.0344
1734652800000,97433.0,97800.0,95972.0,97070.0,4246.07297
1734667200000,97080.0,98248.0,96377.0,97820.0,1904.43617
1734681600000,97820.0,97852.0,92638.0,92720.0,8032.85495
1734696000000,92720.0,97708.0,92263.0,97052.0,9580.4264
1734710400000,97045.0,97765.0,96303.0,97090.0,4891.36051
1734724800000,97093.0,97870.0,95512.0,97870.0,3983.54681
1734739200000,97870.0,97871.0,97165.0,97489.0,1737.01079
1734753600000,97489.0,99580.0,97379.0,99100.0,3003.87956
1734768000000,99101.0,99268.0,97825.0,98353.0,2150.56801
1734782400000,98354.0,98380.0,96450.0,97590.0,3335.24852
1734796800000,97592.0,97795.0,96868.0,97331.0,2937.15897
1734811200000,97331.0,98145.0,96577.0,97319.0,2200.17847
1734825600000,97319.0,97485.0,96600.0,97007.0,1611.07756
1734840000000,97007.0,97064.0,95896.0,96210.0,2293.91713
1734854400000,96210.0,97310.0,96210.0,97070.0,1386.55768
1734868800000,97070.0,97280.0,95106.0,95384.0,2614.84734
1734883200000,95383.0,96460.0,94659.0,94791.0,2401.19807
1734897600000,94791.0,95811.0,94204.0,95191.0,2837.56563
1734912000000,95191.0,96033.0,93653.0,96032.0,4118.53127
1734926400000,96032.0,96500.0,94614.0,95366.0,2715.18082
1734940800000,95365.0,96500.0,95000.0,95939.0,1759.07326
1734955200000,95939.0,96437.0,93099.0,93237.0,5343.28254
1734969600000,93237.0,94240.0,92715.0,93065.0,4304.30008
1734984000000,93064.0,95574.0,92567.0,94909.0,3971.75316
1734998400000,94909.0,94910.0,93521.0,94390.0,1845.91313
1735012800000,94391.0,94677.0,93830.0,94265.0,814.28572
1735027200000,94264.0,94666.0,93853.0,94440.0,743.71824
1735041600000,94439.0,98333.0,94077.0,98318.0,4258.04731
1735056000000,98319.0,99400.0,97471.0,97562.0,5151.59857
1735070400000,97560.0,99076.0,97198.0,98613.0,4045.19116
1735084800000,98612.0,98847.0,97652.0,97991.0,2116.75505
1735099200000,97990.0,98628.0,97814.0,98048.0,1636.67236
1735113600000,98048.0,99373.0,97743.0,97880.0,2054.65669
1735128000000,97881.0,98863.0,97595.0,98550.0,3120.10832
1735142400000,98560.0,99358.0,98123.0,99076.0,1716.90361
1735156800000,99074.0,99571.0,98330.0,99441.0,2316.86603
1735171200000,99441.0,100000.0,98471.0,98989.0,1995.68922
1735185600000,98980.0,98980.0,97642.0,97661.0,1582.04793
1735200000000,97660.0,97700.0,95230.0,95755.0,5310.81068
1735214400000,95757.0,96364.0,95255.0,96096.0,3134.24039
1735228800000,96080.0,96738.0,95465.0,96169.0,2542.14599
1735243200000,96168.0,96176.0,95360.0,95881.0,1690.01151
1735257600000,95880.0,96550.0,95460.0,96508.0,1752.76191
1735272000000,96503.0,96676.0,94682.0,95143.0,2402.70805
1735286400000,95143.0,97602.0,95143.0,97019.0,2430.90363
1735300800000,97018.0,97106.0,94016.0,94581.0,3631.88466
1735315200000,94581.0,95000.0,93440.0,94781.0,4603.35106
1735329600000,94785.0,94888.0,94165.0,94341.0,1444.84156
1735344000000,94340.0,94770.0,94157.0,94637.0,960.3733
1735358400000,94637.0,94840.0,94333.0,94422.0,527.70797
1735372800000,94423.0,94929.0,94336.0,94807.0,429.81356
1735387200000,94806.0,95408.0,94419.0,94495.0,1687.28795
1735401600000,94496.0,95303.0,94471.0,95084.0,1819.62885
1735416000000,95085.0,95824.0,94901.0,95371.0,1158.39846
1735430400000,95372.0,95390.0,94829.0,95217.0,595.18594
1735444800000,95216.0,95326.0,94985.0,95288.0,578.41666
1735459200000,95287.0,95328.0,95029.0,95035.0,346.25076
1735473600000,95036.0,95245.0,94000.0,94523.0,1433.05589
1735488000000,94523.0,94600.0,93400.0,93610.0,1821.79798
1735502400000,93609.0,93964.0,93033.0,93744.0,2178.36723
1735516800000,93745.0,94407.0,93414.0,93789.0,3136.69325
1735531200000,93789.0,94122.0,93300.0,93806.0,1273.16779
1735545600000,93800.0,94109.0,93516.0,93983.0,650.40161
1735560000000,93983.0,94300.0,91510.0,92169.0,5386.38084
1735574400000,92170.0,94811.0,91851.0,94423.0,5044.97934
1735588800000,94423.0,95071.0,91956.0,92826.0,4863.99669
1735603200000,92827.0,92945.0,92074.0,92545.0,2066.918
1735617600000,92545.0,93073.0,92368.0,92913.0,1416.29943
1735632000000,92913.0,94907.0,92898.0,94287.0,2399.5019
1735646400000,94287.0,96340.0,94286.0,95440.0,3240.15587
1735660800000,95445.0,95636.0,93092.0,94224.0,4494.28435
1735675200000,94218.0,94286.0,93397.0,93620.0,2704.42334
1735689600000,93619.0,94565.0,93527.0,93915.0,2091.70232
1735704000000,93915.0,94035.0,93600.0,93774.0,478.49448
1735718400000,93773.0,93845.0,92782.0,93527.0,1735.402
1735732800000,93527.0,94654.0,93479.0,94551.0,1147.24039
1735747200000,94550.0,94937.0,93808.0,94725.0,1449.0029
1735761600000,94724.0,95270.0,94600.0,94640.0,1806.38401
1735776000000,94640.0,95586.0,94415.0,95049.0,1123.09133
1735790400000,95062.0,96074.0,95043.0,95901.0,1109.4926
1735804800000,95902.0,96946.0,95690.0,96787.0,2142.79673
1735819200000,96788.0,97471.0,95970.0,96521.0,2958.32171
1735833600000,96525.0,97786.0,96133.0,97334.0,2834.32135
1735848000000,97333.0,97867.0,96676.0,96990.0,2302.00766
1735862400000,96991.0,97374.0,96608.0,97048.0,919.93082
1735876800000,97048.0,97048.0,96235.0,96285.0,812.41141
1735891200000,96286.0,96815.0,96071.0,96753.0,1046.97629
1735905600000,96753.0,97672.0,96460.0,97530.0,2147.07187
1735920000000,97531.0,98998.0,97420.0,98577.0,2875.92193
1735934400000,98576.0,98732.0,98020.0,98141.0,1064.25204
1735948800000,98140.0,98293.0,97784.0,98203.0,1204.26247
1735963200000,98203.0,98364.0,97852.0,98299.0,627.29161
1735977600000,98299.0,98331.0,97510.0,97954.0,980.9576
1735992000000,97945.0,98235.0,97594.0,97730.0,1089.63572
1736006400000,97730.0,98384.0,97610.0,98189.0,598.70631
1736020800000,98189.0,98843.0,98163.0,98265.0,1069.34943
1736035200000,98265.0,98446.0,98067.0,98213.0,709.08578
1736049600000,98213.0,98550.0,98212.0,98267.0,761.59283
1736064000000,98267.0,98268.0,97590.0,97655.0,492.17307
1736078400000,97656.0,98294.0,97302.0,98049.0,1074.59325
1736092800000,98050.0,98360.0,97605.0,98082.0,1133.2551
1736107200000,98090.0,98893.0,98061.0,98382.0,1443.88386
1736121600000,98383.0,99350.0,97931.0,99111.0,2496.57124
1736136000000,99112.0,99950.0,99112.0,99315.0,1488.01126
1736150400000,99315.0,99639.0,98721.0,99269.0,984.67899
1736164800000,99272.0,102495.0,98738.0,102120.0,5834.51629
1736179200000,102125.0,102459.0,101262.0,101791.0,3212.24166
1736193600000,101791.0,102302.0,101560.0,102247.0,2990.21803
1736208000000,102247.0,102860.0,101508.0,101671.0,2058.16764
1736222400000,101670.0,102018.0,101536.0,101653.0,1137.94094
1736236800000,101655.0,102000.0,100500.0,100860.0,1318.80582
1736251200000,100865.0,101000.0,96830.0,98073.0,8879.58016
1736265600000,98074.0,98720.0,96333.0,96510.0,11021.60641
1736280000000,96509.0,97345.0,96251.0,97011.0,4046.49364
1736294400000,97012.0,97357.0,96234.0,96549.0,2837.90946
1736308800000,96550.0,96678.0,95251.0,95674.0,3196.84372
1736323200000,95674.0,96156.0,94540.0,95151.0,1883.91771
1736337600000,95151.0,96185.0,94689.0,95551.0,3623.351
1736352000000,95561.0,95561.0,92612.0,94395.0,8526.56824
1736366400000,94395.0,95408.0,93714.0,95140.0,3180.65045
1736380800000,95139.0,95464.0,93348.0,93980.0,5690.27246
1736395200000,93985.0,94609.0,93163.0,93172.0,3554.54904
1736409600000,93171.0,93881.0,92709.0,93464.0,4175.46455
1736424000000,93465.0,94556.0,91723.0,94224.0,7109.46442
1736438400000,94223.0,94675.0,91869.0,91869.0,7278.03794
1736452800000,91870.0,92739.0,91138.0,92539.0,6342.89524
1736467200000,92540.0,93732.0,92436.0,93717.0,2302.91191
1736481600000,93719.0,94976.0,93487.0,94485.0,2885.22967
1736496000000,94480.0,95254.0,94368.0,95077.0,1978.37004
1736510400000,95076.0,95098.0,92203.0,93707.0,8759.88641
1736524800000,93709.0,96000.0,93194.0,95354.0,6675.03132
1736539200000,95353.0,95477.0,94616.0,94768.0,2640.33305
1736553600000,94767.0,94804.0,94158.0,94230.0,2054.28014
1736568000000,94229.0,94467.0,93861.0,94276.0,1159.64912
1736582400000,94276.0,94790.0,94044.0,94625.0,899.55258
1736596800000,94624.0,94676.0,94326.0,94433.0,580.08237
1736611200000,94434.0,94735.0,94020.0,94272.0,776.61228
1736625600000,94272.0,95042.0,94220.0,94623.0,1192.57858
1736640000000,94624.0,94760.0,94370.0,94676.0,969.00178
1736654400000,94675.0,94683.0,94276.0,94355.0,602.97398
1736668800000,94354.0,94414.0,93722.0,94321.0,950.26867
1736683200000,94320.0,95525.0,94212.0,95142.0,1324.21521
1736697600000,95142.0,95381.0,94617.0,94735.0,1541.25366
1736712000000,94734.0,94871.0,93831.0,94572.0,2001.16615
1736726400000,94571.0,96000.0,93952.0,94303.0,4191.03291
1736740800000,94303.0,94993.0,93206.0,93605.0,3657.09388
1736755200000,93605.0,93675.0,90881.0,90881.0,3929.68672
1736769600000,90881.0,93095.0,88979.0,92130.0,11734.01928
1736784000000,92130.0,92500.0,91222.0,92313.0,5692.25284
1736798400000,92314.0,94708.0,91872.0,94511.0,3553.7837
1736812800000,94511.0,95284.0,94317.0,94836.0,2409.82352
1736827200000,94835.0,95466.0,94721.0,94837.0,1222.51176
1736841600000,94838.0,97300.0,94838.0,96513.0,2545.67779
1736856000000,96513.0,97300.0,95726.0,96457.0,5181.19524
1736870400000,96457.0,97084.0,95320.0,96532.0,4365.37202
1736884800000,96525.0,96905.0,96160.0,96524.0,2546.51158
1736899200000,96524.0,97505.0,96467.0,97313.0,3137.42243
1736913600000,97326.0,97701.0,96705.0,97249.0,2075.21887
1736928000000,97250.0,97487.0,96484.0,96728.0,1150.70912
1736942400000,96729.0,99778.0,96497.0,98970.0,6734.37815
1736956800000,98970.0,100046.0,98600.0,99824.0,2372.40378
1736971200000,99825.0,100683.0,99438.0,100491.0,3189.09456
1736985600000,100490.0,100879.0,99174.0,99453.0,2802.42529
1737000000000,99453.0,99920.0,99313.0,99810.0,1038.0294
1737014400000,99809.0,99830.0,98658.0,99158.0,2201.48192
1737028800000,99158.0,99524.0,97410.0,99373.0,4833.70795
1737043200000,99373.0,100530.0,99086.0,100509.0,5073.56862
1737057600000,100510.0,100700.0,99417.0,100047.0,2979.53096
1737072000000,100047.0,102217.0,100010.0,101106.0,3026.30414
1737086400000,101110.0,101939.0,101020.0,101518.0,1222.49613
1737100800000,101519.0,102654.0,101518.0,102312.0,1647.21256
1737115200000,102312.0,104340.0,102267.0,104040.0,3432.42315
1737129600000,104040.0,105871.0,103856.0,105871.0,5795.65538
1737144000000,105870.0,105877.0,104075.0,104090.0,3901.36265
1737158400000,104089.0,104697.0,102984.0,103582.0,2490.66592
1737172800000,103582.0,103820.0,102600.0,102851.0,3562.90452
1737187200000,102850.0,103930.0,102288.0,103618.0,2053.03691
1737201600000,103618.0,105064.0,103142.0,104639.0,1895.65467
1737216000000,104639.0,104767.0,103158.0,104447.0,2223.32582
1737230400000,104448.0,104799.0,103840.0,104612.0,1376.84351
1737244800000,104612.0,105545.0,104070.0,105070.0,1517.96211
1737259200000,105070.0,105725.0,104331.0,105259.0,1898.19088
1737273600000,105257.0,105520.0,103522.0,104437.0,2287.28633
1737288000000,104436.0,105827.0,104380.0,105051.0,2509.50896
1737302400000,105050.0,106488.0,104597.0,106444.0,1806.76156
1737316800000,106445.0,106620.0,99674.0,101365.0,16588.59502
1737331200000,101368.0,102480.0,99600.0,102005.0,7966.08856
1737345600000,102004.0,112044.0,101623.0,107321.0,10357.88618
1737360000000,107320.0,109380.0,107320.0,108360.0,3849.88614
1737374400000,108361.0,108849.0,104597.0,105062.0,7591.10966
1737388800000,105062.0,107188.0,100555.0,103794.0,19494.49494
1737403200000,103801.0,104499.0,101710.0,102300.0,6562.24746
1737417600000,102301.0,103378.0,100089.0,103030.0,7979.18946
1737432000000,103028.0,103062.0,101161.0,102099.0,2543.35033
1737446400000,102098.0,104081.0,101849.0,103843.0,1316.55671
1737460800000,103841.0,105400.0,102858.0,104016.0,4872.2503
1737475200000,104016.0,107386.0,103887.0,107114.0,5960.73604
1737489600000,107114.0,107301.0,105438.0,106257.0,3206.65839
1737504000000,106257.0,106476.0,105509.0,105688.0,1253.01479
1737518400000,105689.0,106060.0,105075.0,105126.0,1398.06967
1737532800000,105125.0,105560.0,104670.0,105154.0,1941.23909
1737547200000,105155.0,105665.0,103669.0,104235.0,4513.94731
1737561600000,104236.0,104842.0,103240.0,104698.0,3353.47946
1737576000000,104698.0,104922.0,103654.0,103718.0,2617.75127
1737590400000,103718.0,103843.0,102073.0,102460.0,4101.59304
1737604800000,102460.0,102993.0,101600.0,102719.0,3194.1358
1737619200000,102719.0,102720.0,101180.0,101947.0,2899.09505
1737633600000,101947.0,106133.0,101299.0,105279.0,15237.07009
1737648000000,105283.0,107049.0,103230.0,103760.0,12348.64402
1737662400000,103746.0,106710.0,102140.0,103910.0,19371.88862
1737676800000,103910.0,104290.0,102668.0,103859.0,3208.16717
1737691200000,103858.0,105370.0,103772.0,105032.0,2255.57522
1737705600000,105031.0,105740.0,104896.0,105384.0,1373.77145
1737720000000,105385.0,106327.0,104591.0,105894.0,4530.32138
1737734400000,105895.0,107155.0,105600.0,105764.0,3815.97473
1737748800000,105763.0,105768.0,104393.0,104840.0,3411.31467
1737763200000,104839.0,105270.0,104293.0,105182.0,1563.5795
1737777600000,105183.0,105200.0,104190.0,104367.0,895.22628
1737792000000,104367.0,104660.0,104066.0,104643.0,797.20912
1737806400000,104643.0,105170.0,104413.0,104887.0,1098.77967
1737820800000,104888.0,105300.0,104401.0,105061.0,1688.14608
1737835200000,105062.0,105267.0,104720.0,104766.0,804.31702
1737849600000,104766.0,105244.0,104531.0,105052.0,781.98863
1737864000000,105052.0,105500.0,104950.0,105011.0,520.70554
1737878400000,105010.0,105229.0,104407.0,104830.0,837.60652
1737892800000,104831.0,105100.0,104678.0,104973.0,940.90881
1737907200000,104972.0,105250.0,104865.0,105066.0,898.61947
1737921600000,105066.0,105200.0,102410.0,102590.0,4862.82649
1737936000000,102588.0,103247.0,100580.0,101331.0,9016.4152
1737950400000,101335.0,101335.0,97700.0,99049.0,8897.03565
1737964800000,99046.0,99540.0,98267.0,98784.0,4118.02899
1737979200000,98790.0,102380.0,98750.0,101161.0,10330.8024
1737993600000,101149.0,101280.0,98835.0,99675.0,7245.3268
1738008000000,99676.0,102444.0,99588.0,102129.0,5387.69405
1738022400000,102130.0,102939.0,101290.0,102624.0,3128.21533
1738036800000,102623.0,103410.0,102490.0,102785.0,2866.93066
1738051200000,102785.0,103198.0,102360.0,102743.0,1805.60237
1738065600000,102743.0,103770.0,101740.0,102728.0,5155.38925
1738080000000,102723.0,103120.0,101769.0,102391.0,4573.28775
1738094400000,102392.0,102442.0,100170.0,101312.0,6255.3741
1738108800000,101311.0,102313.0,101301.0,102017.0,2394.40289
1738123200000,102010.0,102849.0,101920.0,102750.0,2504.12538
1738137600000,102749.0,102969.0,102179.0,102611.0,1553.55853
1738152000000,102610.0,102799.0,101540.0,101932.0,2555.69723
1738166400000,101930.0,103990.0,101320.0,103500.0,9276.51402
1738180800000,103500.0,104722.0,102780.0,103692.0,7787.00299
1738195200000,103693.0,105283.0,103193.0,105188.0,3928.98942
1738209600000,105176.0,105610.0,104766.0,105103.0,3729.05245
1738224000000,105103.0,105486.0,104901.0,105252.0,1378.07982
1738238400000,105252.0,106467.0,104594.0,105548.0,3959.07684
1738252800000,105549.0,105987.0,104680.0,105679.0,2084.80187
1738267200000,105680.0,105770.0,104633.0,104652.0,1654.95932
1738281600000,104653.0,105030.0,103840.0,104290.0,2161.96165
1738296000000,104290.0,104834.0,103937.0,104213.0,2863.6698
1738310400000,104213.0,104870.0,103930.0,104731.0,1156.38341
1738324800000,104730.0,106101.0,104135.0,105457.0,3598.19512
1738339200000,105457.0,105584.0,102077.0,102411.0,7022.17132
1738353600000,102408.0,102620.0,101600.0,102500.0,4682.70545
1738368000000,102499.0,102830.0,102196.0,102246.0,1681.8793
1738382400000,102246.0,102620.0,102088.0,102188.0,862.43033
1738396800000,102187.0,102299.0,101400.0,102076.0,2260.30235
1738411200000,102076.0,102350.0,101737.0,102081.0,1902.58006
1738425600000,102081.0,102330.0,101425.0,101670.0,2084.84678
1738440000000,101670.0,101671.0,100237.0,100613.0,5329.66205
1738454400000,100613.0,101466.0,99111.0,99135.0,3411.68414
1738468800000,99135.0,100560.0,99021.0,99627.0,2888.70946
1738483200000,99626.0,100121.0,98585.0,98835.0,3281.23269
1738497600000,98835.0,99432.0,98175.0,99362.0,3319.57087
1738512000000,99362.0,99370.0,96785.0,98275.0,7549.3113
1738526400000,98275.0,98640.0,96106.0,97756.0,8590.77277
1738540800000,97760.0,97821.0,91225.0,94098.0,22619.24167
1738555200000,94100.0,95469.0,92627.0,95379.0,5507.48498
1738569600000,95380.0,96000.0,94765.0,95149.0,2653.36945
1738584000000,95169.0,99569.0,94147.0,98880.0,10199.42218
1738598400000,98880.0,101904.0,98004.0,101904.0,8758.17793
1738612800000,101904.0,102580.0,100810.0,101367.0,8387.79063
1738627200000,101366.0,101756.0,100555.0,100631.0,2961.59651
1738641600000,100632.0,100793.0,98259.0,98506.0,5478.983
1738656000000,98483.0,99490.0,97865.0,99010.0,2628.02794
1738670400000,99010.0,100490.0,98400.0,99438.0,5387.63394
1738684800000,99437.0,100850.0,98846.0,98909.0,6254.41161
1738699200000,98906.0,99559.0,96222.0,97804.0,10680.85885
1738713600000,97804.0,98985.0,97133.0,98112.0,3754.31704
1738728000000,98103.0,98404.0,97412.0,97948.0,2132.67019
1738742400000,97947.0,98286.0,97271.0,98261.0,1410.42161
1738756800000,98262.0,99235.0,97781.0,98161.0,2573.31323
1738771200000,98162.0,98387.0,96500.0,97431.0,5141.7765
1738785600000,97441.0,97810.0,96200.0,96643.0,3847.01015
1738800000000,96649.0,97545.0,96501.0,97390.0,2040.81643
1738814400000,97387.0,98500.0,97300.0,98222.0,1686.72529
1738828800000,98230.0,99136.0,97971.0,98884.0,2056.97558
1738843200000,98884.0,99062.0,96944.0,97359.0,4322.60054
1738857600000,97354.0,97591.0,95692.0,96009.0,5750.28882
1738872000000,96008.0,97139.0,95815.0,96582.0,4572.86282
1738886400000,96581.0,97861.0,96441.0,97475.0,2028.14466
1738900800000,97474.0,97925.0,96564.0,96751.0,2296.19844
1738915200000,96750.0,97777.0,96601.0,97756.0,1537.37158
1738929600000,97755.0,100160.0,97234.0,98306.0,9636.33499
1738944000000,98304.0,98588.0,96852.0,96860.0,4358.34957
1738958400000,96858.0,96894.0,95518.0,96504.0,5402.32827
1738972800000,96504.0,96905.0,96335.0,96720.0,1696.00712
1738987200000,96719.0,96720.0,95777.0,96193.0,1923.76533
1739001600000,96193.0,96276.0,95840.0,96098.0,576.23208
1739016000000,96098.0,96498.0,95612.0,95817.0,2030.51459
1739030400000,95816.0,96745.0,95707.0,96545.0,1754.094
1739044800000,96545.0,96703.0,96314.0,96416.0,2009.77442
1739059200000,96416.0,97281.0,96322.0,97252.0,1063.64888
1739073600000,97271.0,97283.0,96727.0,97005.0,818.91116
1739088000000,97005.0,97230.0,96504.0,96508.0,1089.43104
1739102400000,96507.0,96697.0,95700.0,96477.0,2443.23284
1739116800000,96476.0,96544.0,95849.0,96025.0,1420.73336
1739131200000,96018.0,96801.0,94662.0,96479.0,5930.11252
1739145600000,96479.0,97165.0,95166.0,96797.0,6485.489
1739160000000,96799.0,97671.0,96634.0,97448.0,2821.56177
1739174400000,97447.0,98000.0,97372.0,97672.0,4249.09949
1739188800000,97673.0,98333.0,96857.0,97254.0,5436.49396
1739203200000,97254.0,97703.0,96868.0,97402.0,2255.34318
1739217600000,97402.0,97529.0,97137.0,97432.0,1374.72925
1739232000000,97421.0,98146.0,97416.0,97629.0,2334.07211
1739246400000,97630.0,98521.0,97559.0,98274.0,1982.40506
1739260800000,98274.0,98334.0,97837.0,98125.0,1569.42754
1739275200000,98125.0,98137.0,96552.0,97022.0,3841.38709
1739289600000,97022.0,97081.0,94881.0,95104.0,9364.42139
1739304000000,95104.0,96531.0,94982.0,95784.0,6433.53496
1739318400000,95783.0,96267.0,95096.0,95274.0,2568.84943
1739332800000,95274.0,96224.0,95246.0,96124.0,2151.3193
1739347200000,96123.0,96492.0,95888.0,96138.0,1128.45213
1739361600000,96138.0,96664.0,94090.0,95855.0,12480.55966
1739376000000,95848.0,97765.0,95110.0,97245.0,7432.01421
1739390400000,97249.0,98221.0,96872.0,97940.0,4971.65014
1739404800000,97940.0,98160.0,97413.0,97552.0,2190.90598
1739419200000,97551.0,97608.0,95823.0,96116.0,2647.15607
1739433600000,96094.0,96387.0,95500.0,95957.0,2193.31661
1739448000000,95957.0,96536.0,95391.0,96010.0,5688.13026
1739462400000,96010.0,96428.0,95176.0,95648.0,4960.27275
1739476800000,95647.0,96853.0,95618.0,96674.0,2253.89626
1739491200000,96674.0,97213.0,96403.0,97143.0,2020.14085
1739505600000,97143.0,97262.0,96600.0,96962.0,1029.41656
1739520000000,96962.0,97240.0,96830.0,96927.0,1282.77175
1739534400000,96927.0,97649.0,96344.0,96992.0,3923.61682
1739548800000,96998.0,98872.0,96564.0,97948.0,6180.32509
1739563200000,97948.0,98279.0,96663.0,97500.0,3552.88247
1739577600000,97500.0,97969.0,97165.0,97656.0,2034.32359
1739592000000,97656.0,97786.0,97326.0,97343.0,1369.87978
1739606400000,97343.0,97747.0,97300.0,97599.0,787.94554
1739620800000,97600.0,97921.0,97430.0,97630.0,1128.014
1739635200000,97633.0,97720.0,97290.0,97523.0,906.56956
1739649600000,97526.0,97783.0,97394.0,97558.0,1252.64031
1739664000000,97559.0,97726.0,97425.0,97551.0,742.89568
1739678400000,97550.0,97679.0,97182.0,97211.0,710.82861
1739692800000,97210.0,97370.0,97008.0,97324.0,767.52707
1739707200000,97324.0,97326.0,96633.0,96910.0,1166.19595
1739721600000,96910.0,97184.0,96657.0,97074.0,1434.0087
1739736000000,97073.0,97285.0,95993.0,96097.0,3337.09483
1739750400000,96097.0,96616.0,96009.0,96239.0,2588.0024
1739764800000,96240.0,96447.0,95741.0,96032.0,3214.96284
1739779200000,96032.0,96400.0,95886.0,96049.0,2363.88944
1739793600000,96049.0,97027.0,95557.0,95658.0,3113.45998
1739808000000,95659.0,95948.0,95201.0,95557.0,4183.26654
1739822400000,95537.0,96438.0,95500.0,95773.0,1989.57573
1739836800000,95772.0,96348.0,95560.0,96217.0,1765.06519
1739851200000,96217.0,96324.0,95204.0,95464.0,3951.27079
1739865600000,95464.0,95875.0,95066.0,95620.0,2192.48328
1739880000000,95614.0,96791.0,95195.0,95551.0,4561.32465
1739894400000,95550.0,95618.0,93279.0,94102.0,9187.43446
1739908800000,94105.0,95738.0,93703.0,95704.0,5894.37513
1739923200000,95704.0,95996.0,95071.0,95728.0,2233.93672
1739937600000,95728.0,95850.0,95097.0,95698.0,1359.84006
1739952000000,95698.0,96495.0,95627.0,96436.0,1334.56409
1739966400000,96436.0,96785.0,95511.0,95936.0,3886.8488
1739980800000,95936.0,96500.0,95432.0,96230.0,3627.7546
1739995200000,96232.0,96965.0,96094.0,96666.0,2952.09268
1740009600000,96665.0,97474.0,96412.0,97130.0,3253.98156
1740024000000,97130.0,97418.0,96801.0,96838.0,1842.71461
1740038400000,96857.0,97455.0,96762.0,97250.0,1834.10818
1740052800000,97250.0,98062.0,96833.0,96908.0,4400.8793
1740067200000,96913.0,98481.0,96895.0,98372.0,4580.50355
1740081600000,98372.0,98675.0,97899.0,98271.0,3993.93547
1740096000000,98271.0,98484.0,98050.0,98135.0,1343.84208
1740110400000,98136.0,98538.0,98113.0,98113.0,1996.51806
1740124800000,98113.0,98911.0,98071.0,98535.0,3341.20571
1740139200000,98535.0,99444.0,97111.0,98021.0,13372.18673
1740153600000,98021.0,98728.0,95173.0,95285.0,17378.104
1740168000000,95279.0,96300.0,94938.0,96300.0,8737.53602
1740182400000,96300.0,96562.0,95875.0,96367.0,2094.70565
1740196800000,96368.0,96635.0,96325.0,96339.0,1400.39924
1740211200000,96339.0,96622.0,96181.0,96600.0,1196.65595
1740225600000,96601.0,97000.0,96495.0,96626.0,1454.33215
1740240000000,96626.0,96837.0,96340.0,96612.0,1849.70787
1740254400000,96611.0,96660.0,96465.0,96524.0,563.27537
1740268800000,96523.0,96615.0,96281.0,96393.0,774.32544
1740283200000,96393.0,96545.0,96065.0,96486.0,1464.73096
1740297600000,96485.0,96485.0,96012.0,96055.0,1361.27749
1740312000000,96054.0,96098.0,95297.0,95377.0,2113.00125
1740326400000,95377.0,95904.0,95199.0,95756.0,1727.90033
1740340800000,95755.0,96350.0,95549.0,96283.0,1535.29201
1740355200000,96282.0,96535.0,95277.0,95374.0,3459.04267
1740369600000,95373.0,95938.0,95026.0,95845.0,2803.44778
1740384000000,95845.0,96147.0,95325.0,95837.0,1995.98374
1740398400000,95837.0,96175.0,93750.0,94305.0,8840.10134
1740412800000,94305.0,95255.0,93692.0,93984.0,6384.98659
1740427200000,93985.0,94624.0,91333.0,91569.0,12572.94573
1740441600000,91587.0,92575.0,90915.0,92181.0,9764.81013
1740456000000,92181.0,92361.0,88200.0,89286.0,12320.89153
1740470400000,89350.0,90004.0,86911.0,89288.0,14246.2921
1740484800000,89289.0,89589.0,86095.0,87246.0,16603.27047
1740499200000,87247.0,88160.0,86204.0,87996.0,12700.96329
1740513600000,87998.0,89495.0,87642.0,88687.0,7221.93082
1740528000000,88690.0,89448.0,88156.0,88914.0,3070.61867
1740542400000,88916.0,89319.0,88435.0,88734.0,1909.31535
1740556800000,88734.0,89342.0,88169.0,88640.0,2215.30456
1740571200000,88640.0,88689.0,85400.0,87564.0,10529.64368
1740585600000,87564.0,87802.0,83364.0,83851.0,16647.25678
1740600000000,83851.0,85420.0,82250.0,84281.0,16460.39324
1740614400000,84281.0,85420.0,84062.0,85221.0,5007.48766
1740628800000,85221.0,86748.0,84690.0,86263.0,2730.79262
1740643200000,86263.0,87109.0,85863.0,86668.0,3100.82295
1740657600000,86668.0,86766.0,84609.0,85498.0,9985.10829
1740672000000,85498.0,85694.0,83551.0,84079.0,7746.88245
1740686400000,84078.0,84963.0,82675.0,84732.0,9586.44393
1740700800000,84733.0,84915.0,79500.0,80419.0,16583.06828
1740715200000,80419.0,80986.0,78800.0,79189.0,14814.5704
1740729600000,79189.0,80889.0,78271.0,80550.0,9077.67906
1740744000000,80550.0,84400.0,80085.0,83993.0,12142.91534
1740758400000,83993.0,85084.0,83106.0,84394.0,9195.98479
1740772800000,84395.0,84737.0,83542.0,84301.0,4023.07936
1740787200000,84301.0,85673.0,83777.0,85295.0,4860.23694
1740801600000,85296.0,86500.0,84649.0,84670.0,3706.89642
1740816000000,84672.0,85451.0,84313.0,84562.0,2777.97949
1740830400000,84562.0,84900.0,84256.0,84755.0,2589.26339
1740844800000,84756.0,85515.0,84642.0,85432.0,1823.14705
1740859200000,85431.0,86272.0,85250.0,86039.0,2714.62857
1740873600000,86040.0,86491.0,85623.0,85822.0,4286.76542
1740888000000,85822.0,86521.0,85500.0,86202.0,1807.82463
1740902400000,86201.0,86226.0,85650.0,86067.0,2228.72677
1740916800000,86068.0,88765.0,84998.0,87370.0,10919.78604
1740931200000,87370.0,95000.0,87265.0,93473.0,20793.13616
1740945600000,93472.0,94812.0,93470.0,94200.0,5879.09023
1740960000000,94200.0,94341.0,92365.0,92674.0,5650.20242
1740974400000,92675.0,93313.0,91156.0,92338.0,4673.70974
1740988800000,92351.0,92925.0,91151.0,92721.0,5069.77638
1741003200000,92722.0,93695.0,89144.0,90037.0,15604.92198
1741017600000,90036.0,91000.0,85564.0,85581.0,21433.70773
1741032000000,85579.0,87004.0,85017.0,86175.0,12095.72049
1741046400000,86177.0,86811.0,82419.0,83931.0,11655.61663
1741060800000,83931.0,84498.0,83096.0,83146.0,5826.02285
1741075200000,83148.0,84345.0,82981.0,83893.0,3599.06395
1741089600000,83882.0,84937.0,81436.0,82939.0,12857.79174
1741104000000,82940.0,88463.0,82000.0,88158.0,13343.17646
1741118400000,88158.0,88967.0,86513.0,87246.0,10648.24688
1741132800000,87246.0,87876.0,86295.0,86778.0,7420.01064
1741147200000,86778.0,87704.0,86715.0,87588.0,2578.01045
1741161600000,87589.0,90575.0,87557.0,89793.0,4831.91296
1741176000000,89793.0,90889.0,87862.0,88317.0,9887.0296
1741190400000,88316.0,90434.0,87555.0,89740.0,11109.64229
1741204800000,89740.0,90976.0,89664.0,90575.0,5341.78563
1741219200000,90575.0,91997.0,89929.0,91576.0,5988.3666
1741233600000,91577.0,92763.0,91224.0,91309.0,3871.68475
1741248000000,91308.0,91651.0,90589.0,91318.0,2321.87723
1741262400000,91318.0,91400.0,89064.0,90777.0,8898.70868
1741276800000,90777.0,91017.0,87769.0,88473.0,10586.87033
1741291200000,88481.0,90781.0,88433.0,89898.0,10379.22185
1741305600000,89897.0,91348.0,84558.0,86933.0,23500.47088
1741320000000,86933.0,88583.0,86798.0,88341.0,3535.81257
1741334400000,88340.0,89698.0,87969.0,88936.0,3898.76569
1741348800000,88939.0,91086.0,87977.0,88452.0,11687.3237
1741363200000,88442.0,89048.0,86564.0,87802.0,11682.40208
1741377600000,87802.0,88554.0,85542.0,86750.0,11907.90174
1741392000000,86750.0,86881.0,85156.0,85896.0,4238.89732
1741406400000,85895.0,86652.0,85618.0,86173.0,2407.26841
1741420800000,86172.0,86440.0,85745.0,85945.0,1268.06678
1741435200000,85955.0,86633.0,85796.0,86386.0,1172.21347
1741449600000,86386.0,86480.0,85667.0,86227.0,2212.40374
1741464000000,86226.0,86496.0,85826.0,86217.0,1426.51091
1741478400000,86217.0,86498.0,85935.0,86107.0,1255.21316
1741492800000,86106.0,86156.0,85820.0,86006.0,809.49191
1741507200000,86005.0,86090.0,84664.0,85017.0,2206.27529
1741521600000,85016.0,85040.0,82691.0,83073.0,6842.8159
1741536000000,83073.0,83750.0,82191.0,82645.0,7488.4524
1741550400000,82646.0,83519.0,79973.0,80713.0,10185.78964
1741564800000,80713.0,82740.0,79986.0,82045.0,7041.25024
1741579200000,82046.0,82790.0,81936.0,82309.0,2197.82207
1741593600000,82310.0,84015.0,81135.0,83533.0,5825.50588
1741608000000,83561.0,83791.0,79167.0,80004.0,16602.24161
1741622400000,80000.0,80228.0,77411.0,79035.0,18670.24108
1741636800000,79037.0,79874.0,78403.0,78557.0,7357.89869
1741651200000,78557.0,79880.0,76526.0,79488.0,12845.20975
1741665600000,79487.0,80588.0,79417.0,80408.0,4768.78231
1741680000000,80407.0,82021.0,80312.0,81689.0,3485.0767
1741694400000,81689.0,82200.0,79020.0,81149.0,13962.3887
1741708800000,81149.0,83589.0,80590.0,83079.0,10461.45227
1741723200000,83079.0,83222.0,82513.0,82901.0,3274.90384
1741737600000,82901.0,83744.0,82068.0,82072.0,4572.46689
1741752000000,82074.0,82500.0,81230.0,82422.0,3815.28951
1741766400000,82421.0,83058.0,81932.0,82985.0,3661.07907
1741780800000,82984.0,84455.0,80558.0,81691.0,11793.62693
1741795200000,81691.0,83128.0,81576.0,82891.0,4331.14471
1741809600000,82891.0,83842.0,82666.0,83639.0,3428.23048
1741824000000,83639.0,84300.0,83295.0,83535.0,3349.27659
1741838400000,83536.0,83673.0,82828.0,83120.0,1706.19454
1741852800000,83120.0,83489.0,82350.0,82934.0,2603.86921
1741867200000,82935.0,83862.0,80930.0,81017.0,7629.00616
1741881600000,81016.0,81206.0,79902.0,80172.0,5999.85133
1741896000000,80172.0,81482.0,80172.0,81094.0,4001.66368
1741910400000,81094.0,82230.0,80797.0,81870.0,3949.79079
1741924800000,81874.0,82442.0,81751.0,82168.0,1744.39004
1741939200000,82166.0,83333.0,82159.0,83228.0,1641.19876
1741953600000,83229.0,85289.0,82599.0,84706.0,8091.7825
1741968000000,84707.0,84929.0,83939.0,84478.0,5851.80169
1741982400000,84477.0,84478.0,83626.0,83905.0,5544.37415
1741996800000,83906.0,84637.0,83906.0,84419.0,2257.47468
1742011200000,84419.0,84504.0,83750.0,83785.0,2201.58678
1742025600000,83785.0,84114.0,83489.0,84030.0,4574.93767
1742040000000,84031.0,84419.0,83940.0,84294.0,2428.44897
1742054400000,84295.0,84448.0,84043.0,84252.0,1606.46769
1742068800000,84252.0,84416.0,84179.0,84302.0,1312.04187
1742083200000,84302.0,84340.0,83700.0,84287.0,1642.05526
1742097600000,84286.0,84373.0,83903.0,84216.0,1119.27302
1742112000000,84216.0,84287.0,82314.0,82344.0,4470.28717
1742126400000,82343.0,83442.0,82336.0,83273.0,4024.7945
1742140800000,83273.0,85053.0,82418.0,83029.0,10269.00266
1742155200000,83029.0,83363.0,81916.0,82546.0,5494.28697
1742169600000,82545.0,83677.0,82486.0,83635.0,4041.56242
1742184000000,83635.0,83837.0,82642.0,83515.0,3406.99534
1742198400000,83516.0,83747.0,83163.0,83466.0,2047.73905
1742212800000,83465.0,83937.0,82388.0,83479.0,7328.74347
1742227200000,83485.0,84699.0,83064.0,84426.0,6344.39522
1742241600000,84426.0,84454.0,83647.0,83951.0,3578.05914
1742256000000,83952.0,83960.0,82907.0,83110.0,4004.21918
1742270400000,83110.0,83505.0,82216.0,83186.0,12740.22981
1742284800000,83186.0,83503.0,82513.0,82594.0,2633.14798
1742299200000,82595.0,82867.0,81157.0,81618.0,9764.19497
1742313600000,81618.0,82463.0,81231.0,82320.0,6393.97459
1742328000000,82319.0,82812.0,81860.0,82703.0,4605.72615
1742342400000,82703.0,83232.0,82541.0,83056.0,5403.18171
1742356800000,83055.0,83373.0,82782.0,83170.0,1842.12683
1742371200000,83174.0,84099.0,83173.0,83871.0,2800.53871
1742385600000,83871.0,84910.0,83514.0,84724.0,6212.4798
1742400000000,84725.0,85900.0,83528.0,85390.0,15540.52422
1742414400000,85391.0,86979.0,85169.0,86803.0,6084.31578
1742428800000,86810.0,87429.0,85589.0,85847.0,6139.91295
1742443200000,85847.0,85976.0,85389.0,85786.0,2014.14084
1742457600000,85786.0,86278.0,84777.0,85461.0,3994.99529
1742472000000,85461.0,86480.0,84520.0,84650.0,9612.19732
1742486400000,84649.0,84846.0,83611.0,84129.0,8002.4215
1742500800000,84127.0,84583.0,83879.0,84179.0,3338.50388
1742515200000,84179.0,84815.0,84143.0,84417.0,1740.87813
1742529600000,84416.0,84758.0,83692.0,83902.0,1931.88153
1742544000000,83902.0,84295.0,83688.0,84000.0,1687.10439
1742558400000,83999.0,84314.0,83100.0,83510.0,7435.93272
1742572800000,83510.0,84408.0,83313.0,83937.0,5699.21534
1742587200000,83936.0,84565.0,83776.0,84052.0,2516.07588
1742601600000,84052.0,84300.0,83948.0,84226.0,1400.55154
1742616000000,84226.0,84414.0,84127.0,84246.0,1900.05901
1742630400000,84246.0,84500.0,84088.0,84208.0,844.70408
1742644800000,84209.0,84275.0,83932.0,84086.0,1573.6657
1742659200000,84087.0,84321.0,84030.0,84136.0,1343.91512
1742673600000,84136.0,84172.0,83614.0,83804.0,1645.9712
1742688000000,83804.0,84248.0,83767.0,84185.0,1110.51766
1742702400000,84186.0,84277.0,84008.0,84235.0,881.47636
1742716800000,84235.0,84980.0,84213.0,84643.0,1904.52742
1742731200000,84643.0,85220.0,84523.0,85148.0,2230.55501
1742745600000,85147.0,85360.0,84747.0,84961.0,2647.55696
1742760000000,84961.0,86070.0,84889.0,86036.0,3724.79438
1742774400000,86036.0,86629.0,85464.0,86514.0,5298.51583
1742788800000,86514.0,87256.0,86514.0,86821.0,2842.35299
1742803200000,86821.0,87848.0,86813.0,87652.0,3092.05909
1742817600000,87653.0,88737.0,87149.0,88308.0,8879.43007
1742832000000,88308.0,88500.0,87654.0,88200.0,4970.8354
1742846400000,88201.0,88425.0,87004.0,87472.0,4514.71888
1742860800000,87472.0,87642.0,86293.0,86478.0,3980.54787
1742875200000,86473.0,86834.0,86280.0,86404.0,1715.50792
1742889600000,86404.0,87472.0,86366.0,87348.0,2146.88059
1742904000000,87349.0,88216.0,86892.0,87720.0,6142.53049
1742918400000,87720.0,88284.0,87500.0,88045.0,3328.58084
1742932800000,88043.0,88561.0,87078.0,87367.0,4527.48306
1742947200000,87367.0,87850.0,86984.0,87103.0,2496.23628
1742961600000,87103.0,88247.0,87031.0,88109.0,1961.04348
1742976000000,88106.0,88226.0,87781.0,87911.0,1732.59927
1742990400000,87911.0,87971.0,86396.0,86711.0,6485.80966
1743004800000,86711.0,87017.0,85804.0,86544.0,5547.34651
1743019200000,86543.0,87366.0,86500.0,86872.0,4927.64994
1743033600000,86873.0,87722.0,86760.0,87628.0,1940.87447
1743048000000,87628.0,87660.0,87214.0,87360.0,1957.76855
1743062400000,87359.0,87577.0,86750.0,86903.0,2249.66892
1743076800000,86903.0,87544.0,85708.0,86927.0,6396.0155
1743091200000,86923.0,87379.0,86754.0,87004.0,2609.68431
1743105600000,87004.0,87688.0,86883.0,87188.0,2078.64302
1743120000000,87187.0,87460.0,86710.0,86753.0,1954.86528
1743134400000,86752.0,86780.0,85117.0,85180.0,4812.77031
1743148800000,85179.0,85400.0,84771.0,85210.0,4282.79807
1743163200000,85210.0,85537.0,83916.0,84022.0,8252.78056
1743177600000,84022.0,84177.0,83537.0,83752.0,6256.13578
1743192000000,83753.0,84500.0,83671.0,84379.0,3235.38229
1743206400000,84380.0,84587.0,83651.0,84123.0,2131.81465
1743220800000,84122.0,84221.0,83611.0,83686.0,2206.65906
1743235200000,83687.0,83907.0,81967.0,82251.0,4108.09042
1743249600000,82252.0,82839.0,82100.0,82367.0,2727.81855
1743264000000,82367.0,82755.0,81605.0,82729.0,4301.08604
1743278400000,82729.0,82751.0,82218.0,82619.0,2057.58018
1743292800000,82619.0,83450.0,82451.0,83051.0,2444.58718
1743307200000,83051.0,83285.0,82821.0,83029.0,1699.83092
1743321600000,83030.0,83509.0,82927.0,83074.0,1985.86885
1743336000000,83073.0,83238.0,82514.0,82692.0,2175.68888
1743350400000,82692.0,82877.0,82010.0,82514.0,3155.18004
1743364800000,82514.0,82734.0,81483.0,82331.0,5804.67674
1743379200000,82330.0,82410.0,81240.0,81478.0,8228.86218
1743393600000,81480.0,82277.0,81365.0,81901.0,2501.12028
1743408000000,81892.0,82223.0,81262.0,82166.0,3879.37175
1743422400000,82167.0,83904.0,81573.0,83369.0,16372.98372
1743436800000,83369.0,83677.0,82351.0,82392.0,7123.31731
1743451200000,82392.0,82819.0,82227.0,82520.0,3440.84996
1743465600000,82520.0,83216.0,82386.0,82939.0,2498.45376
1743480000000,82939.0,83582.0,82863.0,83431.0,2112.30119
1743494400000,83430.0,84452.0,83429.0,83888.0,6147.02863
1743508800000,83888.0,85464.0,82515.0,85230.0,15015.59542
1743523200000,85230.0,85448.0,84653.0,84905.0,4331.64476
1743537600000,84905.0,85547.0,84701.0,85124.0,4654.10374
1743552000000,85123.0,85208.0,84475.0,84507.0,2644.50058
1743566400000,84508.0,84675.0,83860.0,84384.0,3681.27412
1743580800000,84384.0,85416.0,84222.0,84529.0,2993.49512
1743595200000,84530.0,87272.0,84425.0,86708.0,13538.39417
1743609600000,86661.0,87250.0,86135.0,86834.0,7314.27996
1743624000000,86834.0,88566.0,82272.0,82484.0,26395.26793
1743638400000,82484.0,83880.0,82110.0,83451.0,5864.28833
1743652800000,83451.0,83720.0,82951.0,83420.0,3815.11441
1743667200000,83421.0,83728.0,83001.0,83043.0,2853.42416
1743681600000,83043.0,83093.0,81210.0,82017.0,13370.08445
1743696000000,82017.0,82400.0,81493.0,81982.0,7436.27165
1743710400000,81971.0,83302.0,81752.0,83154.0,5153.30745
1743724800000,83153.0,83393.0,82569.0,82777.0,3666.96535
1743739200000,82779.0,83984.0,82562.0,83975.0,3780.11376
1743753600000,83975.0,84697.0,81622.0,82649.0,11198.76774
1743768000000,82648.0,83686.0,81830.0,82831.0,21800.99371
1743782400000,82834.0,84604.0,82702.0,84030.0,11354.72233
1743796800000,84030.0,84454.0,83475.0,83872.0,4539.15272
1743811200000,83873.0,84265.0,83436.0,83607.0,4298.07743
1743825600000,83608.0,83859.0,83305.0,83498.0,1995.64394
1743840000000,83498.0,83886.0,83349.0,83434.0,1580.14408
1743854400000,83435.0,83535.0,82346.0,82599.0,4380.30335
1743868800000,82588.0,83119.0,82568.0,82826.0,1507.02732
1743883200000,82826.0,83670.0,82807.0,83503.0,2460.28751
1743897600000,83503.0,83747.0,83166.0,83330.0,1838.98041
1743912000000,83330.0,83522.0,83000.0,83012.0,1753.39505
1743926400000,83011.0,83148.0,82618.0,82802.0,2741.19211
1743940800000,82801.0,82933.0,82146.0,82515.0,5177.58721
1743955200000,82516.0,82534.0,78605.0,79618.0,21351.8275
1743969600000,79618.0,79864.0,77073.0,78376.0,18347.36229
1743984000000,78376.0,79323.0,77311.0,77684.0,10741.72611
1743998400000,77684.0,77951.0,74442.0,75094.0,17047.83898
1744012800000,75093.0,77530.0,75069.0,76659.0,14080.02827
1744027200000,76659.0,81356.0,75770.0,78510.0,35378.62474
1744041600000,78508.0,79392.0,77295.0,78121.0,11558.89736
1744056000000,78120.0,80189.0,78120.0,79180.0,6686.70605
1744070400000,79181.0,80888.0,78799.0,79911.0,6622.54264
1744084800000,79912.0,80434.0,79209.0,79492.0,3313.51344
1744099200000,79493.0,80079.0,78823.0,79992.0,2908.16769
1744113600000,79993.0,80392.0,78163.0,78481.0,10799.30422
1744128000000,78482.0,78512.0,76338.0,76838.0,18200.39423
1744142400000,76840.0,77289.0,76160.0,76288.0,8871.25319
1744156800000,76289.0,76838.0,74600.0,75042.0,15554.74058
1744171200000,75041.0,77950.0,74960.0,77700.0,10651.5729
1744185600000,77701.0,77866.0,75772.0,76234.0,6932.97197
1744200000000,76234.0,78544.0,76025.0,77278.0,14419.1879
1744214400000,77278.0,83072.0,77151.0,82342.0,31771.97656
1744228800000,82342.0,83606.0,82029.0,82629.0,8484.20326
1744243200000,82629.0,82756.0,81457.0,81773.0,6340.53312
1744257600000,81772.0,82346.0,81303.0,81587.0,4076.64959
1744272000000,81587.0,82131.0,81348.0,81887.0,2749.23695
1744286400000,81884.0,82511.0,78604.0,78786.0,18580.86933
1744300800000,78786.0,80033.0,78500.0,79656.0,15063.22835
1744315200000,79656.0,80049.0,79378.0,79607.0,4699.69442
1744329600000,79607.0,80900.0,78954.0,80848.0,6096.17235
1744344000000,80848.0,81454.0,80507.0,81270.0,3466.60235
1744358400000,81270.0,82983.0,80802.0,82135.0,5657.21535
1744372800000,82136.0,83350.0,81332.0,82514.0,9375.21645
1744387200000,82517.0,84226.0,81994.0,83842.0,8648.2003
1744401600000,83844.0,84300.0,83135.0,83397.0,4751.50961
1744416000000,83397.0,83561.0,82777.0,82954.0,2877.94019
1744430400000,82954.0,83812.0,82848.0,83715.0,3098.80041
1744444800000,83715.0,84020.0,83291.0,83512.0,1285.33456
1744459200000,83512.0,85466.0,83460.0,85041.0,8672.09907
1744473600000,85041.0,85305.0,84469.0,84973.0,4529.51497
1744488000000,84973.0,86004.0,84916.0,85327.0,4118.39593
1744502400000,85326.0,86193.0,84800.0,85461.0,5522.47777
1744516800000,85462.0,85462.0,84444.0,84458.0,2299.5099
1744531200000,84458.0,84986.0,84227.0,84552.0,1849.80365
1744545600000,84552.0,84698.0,83336.0,83823.0,8086.00673
1744560000000,83823.0,85000.0,83004.0,83960.0,7540.01241
1744574400000,83962.0,84413.0,82983.0,83731.0,12191.53704
1744588800000,83732.0,85524.0,83667.0,84523.0,8318.94398
1744603200000,84523.0,85090.0,84168.0,84553.0,3620.93312
1744617600000,84554.0,84942.0,84226.0,84896.0,3032.43091
1744632000000,84898.0,85787.0,83664.0,84070.0,11939.15923
1744646400000,84071.0,85170.0,83814.0,84828.0,6110.82855
1744660800000,84829.0,84924.0,84352.0,84546.0,3522.08835
1744675200000,84546.0,85348.0,84291.0,85347.0,4493.31515
1744689600000,85347.0,85833.0,85101.0,85695.0,3055.90409
1744704000000,85694.0,85969.0,85301.0,85542.0,2914.79524
1744718400000,85542.0,86420.0,84576.0,84880.0,11476.0618
1744732800000,84880.0,85104.0,83877.0,83979.0,6169.75617
1744747200000,83978.0,84215.0,83567.0,83614.0,5767.86104
1744761600000,83615.0,83934.0,83059.0,83671.0,6599.18492
1744776000000,83671.0,83818.0,83194.0,83350.0,3059.53527
1744790400000,83347.0,84098.0,83118.0,84017.0,4081.66779
1744804800000,84017.0,85234.0,83451.0,84797.0,8166.56803
1744819200000,84796.0,85443.0,83201.0,84298.0,15117.02308
1744833600000,84298.0,84629.0,83954.0,83965.0,4670.28197
1744848000000,83966.0,84451.0,83746.0,83954.0,3954.64101
1744862400000,83954.0,85000.0,83861.0,84625.0,4026.46864
1744876800000,84626.0,84730.0,84149.0,84523.0,2396.23928
1744891200000,84525.0,84832.0,83684.0,84508.0,7611.30768
1744905600000,84509.0,85450.0,84365.0,84821.0,8002.26274
1744920000000,84817.0,85106.0,84665.0,84905.0,2416.37263
1744934400000,84906.0,85078.0,84689.0,84792.0,1755.45723
1744948800000,84791.0,84800.0,84370.0,84615.0,1253.71385
1744963200000,84615.0,84727.0,84427.0,84617.0,1355.33314
1744977600000,84617.0,84717.0,84281.0,84321.0,2205.61383
1744992000000,84322.0,84600.0,84265.0,84514.0,1758.09357
1745006400000,84514.0,84652.0,84267.0,84413.0,2222.13184
1745020800000,84413.0,84944.0,84304.0,84853.0,2348.57103
1745035200000,84854.0,85256.0,84851.0,85192.0,3090.73505
1745049600000,85192.0,85426.0,85100.0,85201.0,985.2912
1745064000000,85201.0,85617.0,85061.0,85161.0,2306.96135
1745078400000,85160.0,85295.0,84651.0,85056.0,2665.70301
1745092800000,85055.0,85337.0,85006.0,85055.0,854.35187
1745107200000,85054.0,85306.0,85025.0,85136.0,1065.53853
1745121600000,85136.0,85227.0,84624.0,84723.0,2274.85483
1745136000000,84099.0,84198.0,83894.0,84084.0,903.62416
1745150400000,84084.0,84659.0,84060.0,84305.0,2205.38799
1745164800000,84305.0,84603.0,84250.0,84597.0,1135.99824
1745179200000,84597.0,85293.0,84570.0,85173.0,5112.57127
1745193600000,85173.0,87626.0,85125.0,87151.0,10275.86994
1745208000000,87153.0,87681.0,86996.0,87392.0,3605.92038
1745222400000,87392.0,87752.0,86614.0,86935.0,3261.6768
1745236800000,86936.0,88429.0,86750.0,87964.0,11563.25252
1745251200000,87970.0,88200.0,86320.0,87394.0,9149.18137
1745265600000,87394.0,87615.0,86882.0,87492.0,2735.72071
1745280000000,87492.0,88865.0,87032.0,88127.0,7372.48337
1745294400000,88127.0,88449.0,87918.0,88440.0,3189.58622
1745308800000,88440.0,88679.0,88202.0,88581.0,2335.63635
1745323200000,88581.0,91403.0,88447.0,90906.0,16872.49757
1745337600000,90907.0,91661.0,90579.0,91347.0,8717.08251
1745352000000,91347.0,94024.0,91000.0,93422.0,16459.34737
1745366400000,93420.0,93894.0,92547.0,93136.0,6198.34492
1745380800000,93135.0,94264.0,92973.0,94132.0,4139.17843
1745395200000,94130.0,94487.0,93328.0,93456.0,3702.1183
1745409600000,93455.0,94764.0,91900.0,93178.0,16221.39724
1745424000000,93178.0,94211.0,92828.0,93453.0,8116.07486
1745438400000,93444.0,93861.0,93150.0,93632.0,3686.57615
1745452800000,93631.0,93734.0,92576.0,92610.0,3014.88606
1745467200000,92609.0,92848.0,92050.0,92153.0,3956.44114
1745481600000,92152.0,92635.0,91616.0,92578.0,4681.72551
1745496000000,92578.0,93444.0,92400.0,93191.0,5484.44803
1745510400000,93190.0,93639.0,92645.0,93545.0,7716.93417
1745524800000,93545.0,93996.0,93000.0,93965.0,3996.81841
1745539200000,93965.0,94439.0,92816.0,93278.0,5803.07464
1745553600000,93278.0,93840.0,92970.0,93756.0,3416.31656
1745568000000,93755.0,94671.0,93526.0,94597.0,4037.01759
1745582400000,94598.0,95864.0,93888.0,95007.0,14782.5933
1745596800000,95008.0,95510.0,94272.0,95213.0,8837.47237
1745611200000,95213.0,95289.0,94388.0,94567.0,2600.80826
1745625600000,94567.0,95156.0,94506.0,94665.0,2959.64512
1745640000000,94664.0,94773.0,94333.0,94487.0,2753.41635
1745654400000,94487.0,94659.0,93920.0,94082.0,3690.46291
1745668800000,94082.0,94336.0,93818.0,94332.0,3554.67992
1745683200000,94332.0,94332.0,93968.0,94271.0,1895.64831
1745697600000,94270.0,94847.0,94029.0,94568.0,3077.85502
1745712000000,94569.0,95270.0,93998.0,94112.0,3683.23941
1745726400000,94112.0,94242.0,93575.0,94026.0,3027.25093
1745740800000,94027.0,94281.0,93825.0,93874.0,1202.95502
1745755200000,93866.0,94115.0,93566.0,93864.0,2495.6916
1745769600000,93863.0,94399.0,93664.0,94398.0,2484.74193
1745784000000,94398.0,94516.0,93611.0,93690.0,3036.706
1745798400000,93690.0,93944.0,92753.0,93780.0,4941.04909
1745812800000,93780.0,94781.0,93779.0,94652.0,4616.63574
1745827200000,94652.0,95517.0,94298.0,95288.0,5819.5247
1745841600000,95289.0,95583.0,93565.0,93804.0,8745.75308
1745856000000,93811.0,94898.0,93409.0,94744.0,4911.29119
1745870400000,94744.0,95145.0,94253.0,94970.0,3654.79595
1745884800000,94970.0,95433.0,94387.0,94622.0,3369.31472
1745899200000,94623.0,94936.0,94173.0,94907.0,2434.78001
1745913600000,94897.0,95267.0,94715.0,95105.0,2590.73797
1745928000000,95106.0,95283.0,94501.0,94825.0,4993.44432
1745942400000,94826.0,95450.0,94612.0,95304.0,4596.26664
1745956800000,95305.0,95390.0,93725.0,94244.0,6899.3071
1745971200000,94243.0,95146.0,94121.0,95020.0,4125.35349
1745985600000,95022.0,95190.0,94505.0,94629.0,1700.67722
1746000000000,94629.0,95222.0,94517.0,95174.0,1592.35987
1746014400000,95174.0,95207.0,92900.0,94020.0,12738.45073
1746028800000,94017.0,94555.0,93534.0,94166.0,4381.15485
1746043200000,94178.0,94870.0,94030.0,94210.0,4952.35441
1746057600000,94210.0,95030.0,94151.0,94781.0,2544.83702
1746072000000,94781.0,95190.0,94725.0,95036.0,1354.91111
1746086400000,95035.0,96403.0,94924.0,96204.0,5970.97699
1746100800000,96204.0,97443.0,95827.0,96880.0,10747.28473
1746115200000,96878.0,97386.0,96398.0,96494.0,5407.10187
1746129600000,96495.0,96868.0,96181.0,96486.0,3659.90605
1746144000000,96479.0,97254.0,96468.0,97116.0,4856.43331
1746158400000,97116.0,97314.0,96356.0,96358.0,3349.4748
1746172800000,96358.0,97126.0,96358.0,96950.0,2037.07235
1746187200000,96950.0,97900.0,96662.0,97335.0,6493.28588
1746201600000,97335.0,97800.0,96760.0,96922.0,4419.84133
1746216000000,96923.0,97144.0,96553.0,96879.0,2254.85115
1746230400000,96880.0,96911.0,96312.0,96337.0,2169.97834
1746244800000,96337.0,96645.0,96150.0,96355.0,3255.14813
1746259200000,96356.0,96455.0,95811.0,95948.0,2681.78532
1746273600000,95948.0,96539.0,95897.0,96422.0,2088.08515
1746288000000,96423.0,96431.0,95879.0,96360.0,1525.32119
1746302400000,96360.0,96429.0,95722.0,95854.0,1156.55791
1746316800000,95855.0,96285.0,95539.0,95701.0,2941.9961
1746331200000,95700.0,96120.0,95684.0,95837.0,1620.09615
1746345600000,95836.0,95900.0,95295.0,95400.0,2310.74478
1746360000000,95400.0,95650.0,95222.0,95423.0,2263.94577
1746374400000,95422.0,95579.0,95200.0,95506.0,3258.26844
1746388800000,95506.0,96573.0,94139.0,94257.0,8500.18844
1746403200000,94256.0,94774.0,93475.0,94050.0,6408.42316
1746417600000,94049.0,94798.0,94030.0,94751.0,3274.87679
1746432000000,94751.0,94781.0,93848.0,94023.0,2844.84492
1746446400000,94023.0,94517.0,93599.0,93775.0,6247.71049
1746460800000,93774.0,94889.0,93764.0,94288.0,5477.81254
1746475200000,94289.0,95172.0,93820.0,94686.0,4309.30079
1746489600000,94687.0,94893.0,93959.0,94412.0,1875.33928
1746504000000,94412.0,94628.0,94276.0,94376.0,2164.84
1746518400000,94376.0,94376.0,93658.0,93753.0,3305.29123
1746532800000,93753.0,94756.0,93298.0,94536.0,10229.42653
1746547200000,94536.0,95156.0,94211.0,94955.0,3284.76037
1746561600000,94956.0,96897.0,94427.0,96811.0,8611.75877
1746576000000,96812.0,97687.0,96168.0,96460.0,5859.08212
1746590400000,96459.0,96964.0,96261.0,96952.0,1866.08988
1746604800000,96951.0,97099.0,96800.0,97005.0,2006.24525
1746619200000,97007.0,97465.0,96676.0,96890.0,4169.28805
1746633600000,96890.0,96937.0,95750.0,96128.0,8377.34558
1746648000000,96127.0,97417.0,96048.0,97033.0,4411.62657
1746662400000,97032.0,99241.0,96891.0,99156.0,9001.94141
1746676800000,99155.0,99400.0,98735.0,99282.0,4462.13759
1746691200000,99282.0,99935.0,99237.0,99445.0,3446.0484
1746705600000,99446.0,101650.0,99132.0,100817.0,11009.10548
1746720000000,100818.0,101838.0,100671.0,101359.0,6316.70383
1746734400000,101360.0,104398.0,101360.0,103368.0,13817.69339
1746748800000,103365.0,103366.0,102429.0,102523.0,3428.68762
1746763200000,102522.0,104459.0,102442.0,103714.0,2574.92184
1746777600000,103720.0,104049.0,102472.0,103012.0,4742.0155
1746792000000,103014.0,103911.0,102500.0,102943.0,5389.15362
1746806400000,102944.0,103454.0,102263.0,103240.0,3377.32248
1746820800000,103240.0,103470.0,102780.0,103016.0,2096.09378
1746835200000,103017.0,103320.0,102860.0,103276.0,1905.09275
1746849600000,103276.0,104182.0,103089.0,103827.0,2252.45327
1746864000000,103828.0,104149.0,103403.0,103469.0,2419.14633
1746878400000,103470.0,103872.0,103080.0,103181.0,1509.10243
1746892800000,103180.0,103656.0,103012.0,103247.0,1196.80937
1746907200000,103247.0,105115.0,103147.0,104918.0,3084.45167
1746921600000,104918.0,105081.0,103600.0,104148.0,3882.97731
1746936000000,104147.0,104520.0,103407.0,103468.0,2966.00943
1746950400000,103467.0,104888.0,103459.0,104761.0,2943.03334
1746964800000,104761.0,105000.0,103897.0,104244.0,3480.02037
1746979200000,104244.0,104933.0,103850.0,104492.0,4257.46027
1746993600000,104492.0,104691.0,103661.0,104199.0,3154.55813
1747008000000,104200.0,105241.0,103765.0,104210.0,5079.78274
1747022400000,104210.0,105910.0,103824.0,104557.0,7820.35438
1747036800000,104557.0,104863.0,103705.0,103838.0,3815.82899
1747051200000,103837.0,104722.0,102345.0,102657.0,12405.6469
1747065600000,102656.0,103210.0,100772.0,101934.0,11661.1889
1747080000000,101934.0,103192.0,101854.0,102855.0,3013.30507
1747094400000,102854.0,102855.0,101443.0,101771.0,4816.67641
1747108800000,101772.0,102986.0,101680.0,102700.0,2692.3423
1747123200000,102701.0,103877.0,102597.0,103776.0,2899.37546
1747137600000,103776.0,104037.0,102871.0,103717.0,6769.82139
1747152000000,103715.0,105044.0,103554.0,104848.0,5651.41622
1747166400000,104850.0,104975.0,103866.0,104171.0,3505.28281
1747180800000,104170.0,104171.0,103462.0,103605.0,2742.33267
1747195200000,103605.0,104042.0,103406.0,103735.0,1712.79642
1747209600000,103736.0,104175.0,102875.0,103973.0,3249.76724
1747224000000,103974.0,104385.0,102866.0,103549.0,4226.52809
1747238400000,103550.0,103750.0,102627.0,103325.0,3215.92247
1747252800000,103325.0,103678.0,103308.0,103502.0,1515.80441
1747267200000,103501.0,103879.0,102715.0,102731.0,2644.69762
1747281600000,102730.0,102956.0,101670.0,101740.0,2928.54616
1747296000000,101740.0,102400.0,101459.0,102348.0,3675.77196
1747310400000,102347.0,103288.0,101370.0,103270.0,6779.31546
1747324800000,103269.0,104196.0,102581.0,103162.0,5956.35481
1747339200000,103162.0,103973.0,102695.0,103772.0,4938.11293
1747353600000,103772.0,104467.0,103422.0,103995.0,4475.5935
1747368000000,103993.0,104146.0,103650.0,103665.0,2977.78107
1747382400000,103664.0,103865.0,103071.0,103619.0,2271.05786
1747396800000,103618.0,104257.0,103300.0,104200.0,6195.1973
1747411200000,104200.0,104640.0,103636.0,104100.0,4323.13807
1747425600000,104099.0,104100.0,103442.0,103499.0,2105.39654
1747440000000,103499.0,103585.0,102539.0,103507.0,4529.89686
1747454400000,103507.0,103701.0,103202.0,103417.0,1697.30287
1747468800000,103418.0,103540.0,102723.0,102970.0,2385.81994
1747483200000,102970.0,103215.0,102623.0,102960.0,2416.18523
1747497600000,102961.0,103380.0,102775.0,103174.0,2000.08461
1747512000000,103174.0,103501.0,102940.0,103164.0,1280.85966
1747526400000,103164.0,103482.0,103151.0,103336.0,1232.85853
1747540800000,103337.0,104044.0,103336.0,103988.0,1231.25145
1747555200000,103989.0,104162.0,103850.0,103858.0,1289.80888
1747569600000,103858.0,105760.0,103762.0,105581.0,6252.33341
1747584000000,105581.0,106069.0,103811.0,103921.0,7857.80723
1747598400000,103922.0,106723.0,103279.0,106556.0,8477.99484
1747612800000,106498.0,107216.0,103436.0,103570.0,9783.93847
1747627200000,103570.0,103963.0,102132.0,103327.0,15546.75637
1747641600000,103328.0,103515.0,102865.0,103055.0,3321.60689
1747656000000,103056.0,105061.0,102243.0,104888.0,8839.39712
1747670400000,104888.0,105667.0,104565.0,105597.0,7952.36553
1747684800000,105598.0,105890.0,105078.0,105643.0,4448.02586
1747699200000,105644.0,106921.0,105565.0,105804.0,8067.30532
1747713600000,105808.0,106474.0,104690.0,104940.0,9183.81259
1747728000000,104940.0,105341.0,104775.0,105181.0,4564.23481
1747742400000,105182.0,105431.0,104172.0,105340.0,7440.47681
1747756800000,105345.0,107428.0,105100.0,107074.0,16489.72105
1747771200000,107073.0,107398.0,105939.0,106878.0,10529.46988
1747785600000,106877.0,107262.0,106266.0,106888.0,4144.52774
1747800000000,106888.0,108074.0,106280.0,106416.0,13345.61667
1747814400000,106416.0,106721.0,106002.0,106510.0,7991.14064
1747828800000,106510.0,109803.0,106273.0,109126.0,25158.61768
1747843200000,109126.0,109995.0,106148.0,108784.0,32374.26098
1747857600000,108818.0,111300.0,107692.0,109897.0,15908.4492
1747872000000,109898.0,112070.0,109371.0,111911.0,11892.04005
1747886400000,111912.0,111949.0,110420.0,111121.0,9133.98289
1747900800000,111120.0,111503.0,110139.0,111034.0,9294.67279
1747915200000,111034.0,111712.0,110620.0,111350.0,9147.91429
1747929600000,111358.0,112124.0,111011.0,111300.0,8191.62612
1747944000000,111300.0,111946.0,110856.0,111899.0,4010.98949
1747958400000,111899.0,111936.0,111135.0,111209.0,4906.27099
1747972800000,111198.0,111284.0,110474.0,110826.0,3235.15084
1747987200000,110826.0,111536.0,108926.0,109085.0,6087.47644
1748001600000,109085.0,110093.0,107360.0,109010.0,15738.17264
1748016000000,109010.0,110467.0,108100.0,108786.0,14118.33525
1748030400000,108787.0,108823.0,106800.0,107372.0,8848.95427
1748044800000,107372.0,108566.0,106935.0,108436.0,4965.51945
1748059200000,108433.0,108644.0,107308.0,107524.0,7387.36183
1748073600000,107520.0,109558.0,107520.0,109220.0,9014.56139
1748088000000,109219.0,109360.0,108569.0,108967.0,2849.34886
1748102400000,108967.0,109299.0,108740.0,108994.0,1978.65765
1748116800000,108993.0,109188.0,107111.0,107740.0,22190.84422
1748131200000,107742.0,108221.0,107141.0,108052.0,6060.21472
1748145600000,108052.0,108261.0,107405.0,107632.0,4513.70907
1748160000000,107634.0,107645.0,106400.0,107131.0,13704.98471
1748174400000,107131.0,107703.0,106532.0,106907.0,7926.49617
1748188800000,106907.0,107920.0,106582.0,107662.0,2994.3077
1748203200000,107662.0,109385.0,107100.0,109000.0,19273.20166
1748217600000,109000.0,109800.0,108648.0,109617.0,4456.64564
1748232000000,109617.0,110294.0,109368.0,110141.0,4113.26793
1748246400000,110142.0,110223.0,109530.0,109750.0,2497.20952
1748260800000,109750.0,110660.0,109548.0,110059.0,13366.05474
1748275200000,110058.0,110635.0,108898.0,109203.0,12189.67869
1748289600000,109203.0,109935.0,109000.0,109483.0,2570.41384
1748304000000,109482.0,109721.0,107436.0,108877.0,14084.99433
1748318400000,108878.0,109708.0,108508.0,109568.0,6219.91029
1748332800000,109568.0,109922.0,109416.0,109637.0,5221.95272
1748347200000,109637.0,111104.0,108275.0,110206.0,23372.42702
1748361600000,110207.0,110609.0,109654.0,109940.0,5264.41182
1748376000000,109940.0,109983.0,108607.0,108942.0,5130.43127
1748390400000,108942.0,109331.0,108417.0,108940.0,4184.51112
1748404800000,108940.0,109242.0,108648.0,108840.0,4227.72663
1748419200000,108840.0,109212.0,108300.0,108863.0,14058.22716
1748433600000,108864.0,109046.0,107040.0,107121.0,10127.14759
1748448000000,107121.0,107909.0,106849.0,106924.0,8555.51953
1748462400000,106923.0,108138.0,106755.0,107818.0,6013.75155
1748476800000,107818.0,108618.0,107481.0,108131.0,6757.55041
1748491200000,108131.0,108181.0,106833.0,107942.0,7750.37336
1748505600000,107942.0,109072.0,107757.0,108845.0,6216.13843
1748520000000,108845.0,108908.0,106500.0,107038.0,12481.57932
1748534400000,107038.0,107193.0,105653.0,105753.0,16162.12078
1748548800000,105753.0,106490.0,105347.0,105577.0,3825.84678
1748563200000,105577.0,106238.0,104044.0,105993.0,11455.39296
1748577600000,105992.0,106284.0,104603.0,104975.0,5348.12126
1748592000000,104975.0,105957.0,104388.0,105833.0,7425.01078
1748606400000,105833.0,105960.0,105004.0,105505.0,5867.07856
1748620800000,105504.0,105521.0,103612.0,104591.0,14203.66205
1748635200000,104592.0,104890.0,103632.0,104005.0,6616.58141
1748649600000,104005.0,104310.0,103050.0,103703.0,6645.0335
1748664000000,103703.0,103919.0,103476.0,103763.0,1397.32075
1748678400000,103762.0,103819.0,103316.0,103541.0,1824.74994
1748692800000,103542.0,104899.0,103540.0,104568.0,2679.58686
1748707200000,104567.0,104804.0,104254.0,104694.0,1798.96802
1748721600000,104694.0,104915.0,104466.0,104585.0,1284.17783
1748736000000,104585.0,104634.0,103917.0,104388.0,1333.21358
1748750400000,104388.0,104748.0,104193.0,104269.0,1030.14631
1748764800000,104268.0,104459.0,103758.0,104110.0,2398.66807
1748779200000,104110.0,104837.0,103807.0,104726.0,2500.96674
1748793600000,104726.0,105315.0,104388.0,105144.0,4118.8168
1748808000000,105144.0,105917.0,104891.0,105689.0,3415.55412
1748822400000,105689.0,105786.0,104572.0,104863.0,3458.94038
1748836800000,104862.0,105524.0,104609.0,105439.0,2972.63073
1748851200000,105438.0,106109.0,103965.0,104100.0,8747.88704
1748865600000,104100.0,104735.0,103700.0,104475.0,7235.15678
1748880000000,104474.0,104786.0,104060.0,104444.0,3350.73368
1748894400000,104444.0,105941.0,104444.0,105897.0,4598.72466
1748908800000,105897.0,106520.0,105341.0,105517.0,5149.7764
1748923200000,105517.0,105542.0,105137.0,105205.0,1584.49205
1748937600000,105204.0,105413.0,104913.0,105350.0,1332.46532
1748952000000,105350.0,106828.0,105080.0,106605.0,8131.40002
1748966400000,106606.0,106664.0,105525.0,106186.0,7958.91262
1748980800000,106184.0,106200.0,105200.0,105332.0,5477.60886
1748995200000,105334.0,105805.0,105052.0,105461.0,2838.69794
1749009600000,105460.0,105570.0,105203.0,105281.0,1370.27238
1749024000000,105280.0,105943.0,105052.0,105055.0,1731.56726
1749038400000,105055.0,105617.0,104135.0,105309.0,8898.40946
1749052800000,105310.0,105492.0,104871.0,104918.0,3005.83012
1749067200000,104918.0,105024.0,104396.0,104669.0,2790.81326
1749081600000,104668.0,105236.0,104626.0,105014.0,1937.44381
1749096000000,105014.0,105200.0,104358.0,104526.0,1711.66324
1749110400000,104526.0,104918.0,104424.0,104824.0,977.39139
1749124800000,104824.0,105880.0,103899.0,104537.0,8317.41687
1749139200000,104537.0,104595.0,101606.0,101946.0,15175.06276
1749153600000,101945.0,102222.0,100350.0,101510.0,15919.43826
1749168000000,101511.0,102525.0,101110.0,102488.0,4036.2405
1749182400000,102489.0,103445.0,102376.0,103103.0,3443.69358
1749196800000,103102.0,103951.0,103102.0,103880.0,2542.49298
1749211200000,103880.0,105300.0,103484.0,105026.0,10282.0072
1749225600000,105025.0,105211.0,104000.0,104143.0,5383.21602
1749240000000,104143.0,104555.0,104104.0,104245.0,1992.93741
1749254400000,104245.0,104876.0,103792.0,104814.0,2831.69894
1749268800000,104815.0,105282.0,104604.0,104827.0,1512.87625
1749283200000,104827.0,105244.0,104640.0,105102.0,1507.95571
1749297600000,105103.0,105793.0,105102.0,105516.0,2878.72497
1749312000000,105517.0,105834.0,105226.0,105672.0,1964.75353
1749326400000,105672.0,105866.0,105455.0,105476.0,1492.03027
1749340800000,105476.0,105733.0,105336.0,105445.0,1656.39546
1749355200000,105445.0,105616.0,105370.0,105387.0,1143.63848
1749369600000,105387.0,105744.0,105024.0,105643.0,1558.12584
1749384000000,105643.0,106078.0,105451.0,105941.0,2897.64658
1749398400000,105940.0,106300.0,105904.0,106233.0,2649.89853
1749412800000,106233.0,106431.0,105500.0,105659.0,2631.30075
1749427200000,105659.0,105902.0,105269.0,105609.0,2456.87858
1749441600000,105610.0,105683.0,105289.0,105537.0,1407.10347
1749456000000,105537.0,108081.0,105454.0,107778.0,10315.6445
1749470400000,107788.0,108082.0,106904.0,107665.0,7424.78772
1749484800000,107664.0,108780.0,107648.0,108552.0,6375.82042
1749499200000,108553.0,111000.0,108421.0,110340.0,10956.95496
1749513600000,110341.0,110400.0,109390.0,109622.0,4444.15204
1749528000000,109622.0,109790.0,109144.0,109292.0,2286.66125
1749542400000,109293.0,109988.0,109135.0,109638.0,2756.04727
1749556800000,109638.0,109998.0,108409.0,109068.0,7408.61453
1749571200000,109069.0,110500.0,108581.0,109610.0,6115.1748
1749585600000,109610.0,110400.0,109351.0,110373.0,5084.7802
1749600000000,110373.0,110373.0,109610.0,109790.0,2103.51676
1749614400000,109791.0,109813.0,109437.0,109517.0,1803.26336
1749628800000,109518.0,109743.0,109264.0,109299.0,1690.18142
1749643200000,109299.0,110480.0,109090.0,109810.0,9540.03099
1749657600000,109810.0,109884.0,108455.0,108768.0,6347.72576
1749672000000,108767.0,109280.0,108069.0,108668.0,5564.78826
1749686400000,108667.0,108817.0,107730.0,107888.0,3951.58572
1749700800000,107881.0,108011.0,107380.0,107640.0,3382.39189
1749715200000,107640.0,107864.0,106900.0,106925.0,3506.0065
1749729600000,106925.0,107893.0,106626.0,107088.0,8211.90506
1749744000000,107088.0,108497.0,106680.0,106812.0,8396.03819
1749758400000,106810.0,106997.0,105600.0,105627.0,12198.90249
1749772800000,105625.0,105627.0,102670.0,104251.0,23614.861
1749787200000,104251.0,104934.0,103725.0,104839.0,6105.30507
1749801600000,104844.0,105381.0,104393.0,104999.0,4116.85351
1749816000000,104999.0,105709.0,104070.0,105385.0,7690.73544
1749830400000,105386.0,105888.0,104584.0,105045.0,7846.4628
1749844800000,105043.0,106152.0,104962.0,106031.0,3212.41013
1749859200000,106031.0,106159.0,105126.0,105168.0,3479.92079
1749873600000,105169.0,105335.0,104700.0,105026.0,1463.65788
1749888000000,105027.0,105077.0,104784.0,105038.0,1062.07888
1749902400000,105038.0,105075.0,104581.0,104778.0,1946.46347
1749916800000,104778.0,105018.0,104305.0,104610.0,4094.58417
1749931200000,104609.0,105489.0,104225.0,105386.0,5599.29998
1749945600000,105386.0,105680.0,105224.0,105427.0,1596.25425
1749960000000,105427.0,106095.0,105158.0,105423.0,2128.25541
1749974400000,105423.0,105470.0,104850.0,104980.0,2262.63668
1749988800000,104980.0,105848.0,104944.0,105599.0,2614.55865
1750003200000,105599.0,105812.0,105111.0,105325.0,2099.83114
1750017600000,105325.0,105655.0,104517.0,105620.0,4180.08814
1750032000000,105618.0,105999.0,105000.0,105939.0,3655.5294
1750046400000,105939.0,107316.0,105888.0,107113.0,7100.77136
1750060800000,107112.0,107319.0,106643.0,106975.0,3184.30789
1750075200000,106976.0,107873.0,106554.0,107478.0,7002.16981
1750089600000,107477.0,108922.0,107328.0,108650.0,9959.40923
1750104000000,108650.0,108987.0,106700.0,106842.0,10857.5327
1750118400000,106821.0,107836.0,106129.0,107623.0,9942.18956
1750132800000,107623.0,107730.0,106458.0,106763.0,3461.29254
1750147200000,106762.0,106865.0,105485.0,105645.0,5778.72862
1750161600000,105646.0,105803.0,104125.0,104248.0,12141.23303
1750176000000,104233.0,105360.0,103360.0,104651.0,18314.94928
1750190400000,104651.0,104830.0,104143.0,104498.0,6325.19059
1750204800000,104498.0,105195.0,104319.0,105144.0,2467.13741
1750219200000,105145.0,105539.0,104661.0,104912.0,3560.82199
1750233600000,104913.0,105285.0,104120.0,104775.0,4945.88061
1750248000000,104775.0,105294.0,103728.0,104762.0,8313.0238
1750262400000,104762.0,104800.0,103388.0,103770.0,10313.33472
1750276800000,103771.0,105110.0,103607.0,104841.0,5260.66185
1750291200000,104840.0,105196.0,104406.0,105061.0,3582.04753
1750305600000,105061.0,105181.0,104560.0,104592.0,2495.61187
1750320000000,104593.0,105046.0,104578.0,104735.0,1794.63307
1750334400000,104734.0,104862.0,104004.0,104035.0,5321.72392
1750348800000,104035.0,104765.0,103850.0,104211.0,5419.07127
1750363200000,104211.0,104882.0,104087.0,104643.0,3171.30019
1750377600000,104643.0,104800.0,104366.0,104595.0,3013.09109
1750392000000,104595.0,105841.0,104207.0,105825.0,4832.53886
1750406400000,105826.0,106558.0,105745.0,105996.0,7311.01833
1750420800000,105996.0,106176.0,103886.0,104221.0,9575.26637
1750435200000,104220.0,104276.0,102253.0,103341.0,14642.82004
1750449600000,103339.0,103838.0,102931.0,103260.0,4291.75278
1750464000000,103260.0,103641.0,103079.0,103445.0,1206.53623
1750478400000,103444.0,103559.0,103283.0,103418.0,843.68081
1750492800000,103419.0,103956.0,103418.0,103828.0,1426.71493
1750507200000,103828.0,103909.0,103207.0,103513.0,3221.11971
1750521600000,103514.0,103598.0,102129.0,102192.0,3876.4285
1750536000000,102192.0,102850.0,100803.0,102092.0,10806.3937
1750550400000,102093.0,103391.0,101791.0,102358.0,11169.1586
1750564800000,102358.0,102953.0,102252.0,102423.0,2822.96449
1750579200000,102422.0,102809.0,102073.0,102728.0,1693.92732
1750593600000,102728.0,102800.0,98852.0,98873.0,32843.57214
1750608000000,98873.0,100427.0,98606.0,98849.0,13250.75629
1750622400000,98850.0,100970.0,98120.0,100918.0,12238.05196
1750636800000,100917.0,101596.0,100436.0,101099.0,4038.33538
1750651200000,101099.0,102065.0,100926.0,101883.0,2987.13705
1750665600000,101883.0,102000.0,101050.0,101245.0,2457.77204
1750680000000,101246.0,102608.0,100670.0,101355.0,12773.54244
1750694400000,101356.0,103284.0,99533.0,103127.0,26489.9776
1750708800000,103127.0,106098.0,102854.0,105329.0,23200.12479
1750723200000,105326.0,105489.0,104662.0,104887.0,6021.39733
1750737600000,104887.0,105820.0,104639.0,104927.0,5925.54955
1750752000000,104926.0,105568.0,104530.0,105138.0,6765.30325
1750766400000,105139.0,105673.0,104748.0,105186.0,6533.71089
1750780800000,105186.0,106252.0,105131.0,105615.0,6802.08201
1750795200000,105608.0,106070.0,105387.0,106052.0,2967.71513
1750809600000,106052.0,106741.0,105749.0,106183.0,5106.63721
1750824000000,106184.0,106678.0,105971.0,106592.0,2725.70097
1750838400000,106592.0,107177.0,106293.0,107155.0,5046.21554
1750852800000,107156.0,108121.0,106650.0,106988.0,12864.99185
1750867200000,106989.0,107878.0,106860.0,107703.0,5720.0043
1750881600000,107703.0,107988.0,106992.0,107281.0,3447.43876
1750896000000,107280.0,108257.0,107035.0,107827.0,4052.7654
1750910400000,107827.0,108079.0,107497.0,107812.0,2150.62085
1750924800000,107811.0,108100.0,107072.0,107299.0,3775.18283
1750939200000,107299.0,107718.0,106511.0,107260.0,6603.0064
1750953600000,107263.0,107620.0,106940.0,107473.0,2769.58352
1750968000000,107474.0,107964.0,106747.0,106878.0,6728.17215
1750982400000,106878.0,107446.0,106300.0,107403.0,3517.16667
1750996800000,107402.0,107672.0,106803.0,106821.0,1755.21066
1751011200000,106820.0,107121.0,106591.0,106912.0,4048.32489
1751025600000,106911.0,107414.0,106335.0,107296.0,7779.93201
1751040000000,107296.0,107641.0,106412.0,106796.0,5981.72954
1751054400000,106796.0,107295.0,106778.0,107020.0,2149.1808
1751068800000,107022.0,107329.0,106787.0,107283.0,1403.45435
1751083200000,107284.0,107464.0,107130.0,107449.0,1073.87945
1751097600000,107448.0,107453.0,107206.0,107328.0,544.34021
1751112000000,107328.0,107502.0,107046.0,107399.0,942.4992
1751126400000,107399.0,107500.0,107190.0,107191.0,1155.66186
1751140800000,107191.0,107366.0,107139.0,107276.0,553.51169
1751155200000,107276.0,107499.0,107161.0,107208.0,798.81993
1751169600000,107209.0,107376.0,107196.0,107351.0,473.84064
1751184000000,107352.0,108495.0,107352.0,108494.0,4241.7577
1751198400000,108494.0,108541.0,107622.0,107704.0,3922.37206
1751212800000,107705.0,107756.0,107257.0,107353.0,3204.67168
1751227200000,107353.0,108400.0,107211.0,108321.0,2810.65402
1751241600000,108322.0,108742.0,108203.0,108488.0,3357.63498
1751256000000,108489.0,108519.0,107405.0,107574.0,4043.37767
1751270400000,107575.0,107929.0,107352.0,107619.0,2389.91454
1751284800000,107620.0,107845.0,106700.0,107563.0,5195.69368
1751299200000,107564.0,107851.0,107100.0,107850.0,4406.14695
1751313600000,107851.0,107851.0,106924.0,107140.0,3734.50972
1751328000000,107141.0,107510.0,107012.0,107170.0,2185.34374
1751342400000,107171.0,107181.0,106569.0,107161.0,3025.93385
1751356800000,107162.0,107170.0,106247.0,106538.0,4099.87694
1751371200000,106538.0,107120.0,105594.0,105908.0,8350.20757
1751385600000,105910.0,106241.0,105302.0,105371.0,5052.66784
1751400000000,105371.0,106058.0,105197.0,105620.0,4446.46452
1751414400000,105621.0,106172.0,105005.0,106143.0,3440.86423
1751428800000,106144.0,107182.0,106081.0,107085.0,5461.81906
1751443200000,107085.0,107788.0,107085.0,107468.0,4496.28751
1751457600000,107467.0,108769.0,107158.0,108735.0,9255.81744
1751472000000,108734.0,109721.0,108630.0,109617.0,12499.23621
1751486400000,109617.0,109618.0,108676.0,108808.0,3618.82748
1751500800000,108809.0,109080.0,108490.0,108605.0,2985.51362
1751515200000,108606.0,109528.0,108535.0,109271.0,1975.687
1751529600000,109271.0,110244.0,109270.0,109560.0,3800.81903
1751544000000,109560.0,110495.0,108707.0,109088.0,10936.3946
1751558400000,109088.0,109867.0,108975.0,109761.0,3964.30589
1751572800000,109762.0,109992.0,109505.0,109551.0,2227.94821
1751587200000,109551.0,109723.0,109056.0,109188.0,1596.92516
1751601600000,109188.0,109270.0,108648.0,108661.0,2697.22233
1751616000000,108659.0,109065.0,108450.0,108844.0,2024.7592
1751630400000,108844.0,108934.0,107450.0,107563.0,10422.0924
1751644800000,107564.0,107938.0,107263.0,107494.0,4500.20001
1751659200000,107494.0,108280.0,107458.0,107993.0,2330.1737
1751673600000,107993.0,108277.0,107744.0,108153.0,1189.9726
1751688000000,108153.0,108419.0,108014.0,108070.0,1321.56019
1751702400000,108070.0,108222.0,107882.0,108109.0,1018.60311
1751716800000,108109.0,108259.0,107965.0,108069.0,1534.68237
1751731200000,108069.0,108158.0,107850.0,108133.0,1964.67278
1751745600000,108134.0,108230.0,107959.0,108191.0,878.48756
1751760000000,108191.0,108274.0,108001.0,108039.0,1012.79711
1751774400000,108040.0,108212.0,107923.0,108041.0,611.15031
1751788800000,108040.0,108126.0,107777.0,108075.0,912.43105
1751803200000,108075.0,109186.0,108045.0,108889.0,4695.65658
1751817600000,108890.0,108964.0,108262.0,108542.0,2808.15776
1751832000000,108543.0,109763.0,108542.0,109203.0,6545.98255
1751846400000,109204.0,109759.0,108702.0,109448.0,3488.84373
1751860800000,109448.0,109510.0,108669.0,109067.0,1775.44477
1751875200000,109067.0,109099.0,108611.0,108675.0,1559.14675
1751889600000,108675.0,108739.0,108002.0,108331.0,5379.94121
1751904000000,108333.0,108531.0,107528.0,108062.0,6771.77031
1751918400000,108063.0,108340.0,107801.0,108284.0,2179.69504
1751932800000,108283.0,108583.0,107445.0,107919.0,4162.94888
1751947200000,107919.0,108492.0,107758.0,108477.0,1256.02637
1751961600000,108477.0,109009.0,108218.0,108744.0,3714.52766
1751976000000,108745.0,109248.0,108218.0,108272.0,6318.79505
1751990400000,108272.0,109200.0,108103.0,108799.0,4028.65484
1752004800000,108799.0,108994.0,108604.0,108930.0,1909.8824
1752019200000,108929.0,109161.0,108336.0,108391.0,1839.73297
1752033600000,108390.0,108955.0,108350.0,108724.0,1759.12757
1752048000000,108724.0,109140.0,108585.0,109069.0,1882.83348
1752062400000,109069.0,109812.0,108476.0,109084.0,7843.13044
1752076800000,109084.0,112068.0,109034.0,111758.0,11308.24073
1752091200000,111749.0,111953.0,110529.0,111225.0,11532.07149
1752105600000,111225.0,111587.0,110847.0,111024.0,3556.65302
1752120000000,111025.0,111409.0,110902.0,111208.0,2049.10793
1752134400000,111208.0,111423.0,110833.0,111003.0,2009.57036
1752148800000,111004.0,111380.0,110526.0,111380.0,4414.15073
1752163200000,111379.0,113771.0,111320.0,113281.0,12173.42686
1752177600000,113281.0,117863.0,113238.0,116058.0,17973.60222
1752192000000,116058.0,117020.0,115240.0,116924.0,5783.82268
1752206400000,116924.0,118480.0,116547.0,117660.0,9402.03497
1752220800000,117660.0,118970.0,117660.0,117891.0,4657.54173
1752235200000,117892.0,118340.0,116836.0,117033.0,7984.15983
1752249600000,117033.0,118304.0,116692.0,118221.0,6731.66766
1752264000000,118221.0,118221.0,117260.0,117603.0,2601.25959
1752278400000,117602.0,117936.0,117188.0,117841.0,1181.84533
1752292800000,117842.0,118169.0,117581.0,117819.0,1659.69479
1752307200000,117820.0,118332.0,117620.0,117833.0,2610.72229
1752321600000,117833.0,117897.0,116964.0,117148.0,3665.07505
1752336000000,117149.0,117694.0,117098.0,117616.0,1250.7851
1752350400000,117617.0,117639.0,117041.0,117487.0,1679.25468
1752364800000,117488.0,117904.0,117264.0,117831.0,1299.02724
1752379200000,117831.0,118150.0,117760.0,118091.0,1276.48339
1752393600000,118090.0,118200.0,117757.0,118175.0,1171.70513
1752408000000,118175.0,119473.0,118086.0,118760.0,7794.68112
1752422400000,118759.0,119604.0,118473.0,119022.0,4731.15243
1752436800000,119022.0,119473.0,118328.0,119133.0,4303.09941
1752451200000,119133.0,121808.0,118959.0,120874.0,8578.31032
1752465600000,120875.0,123358.0,120651.0,122833.0,8460.78573
1752480000000,122835.0,122880.0,121441.0,121585.0,5432.01533
1752494400000,121585.0,122248.0,119727.0,120053.0,12823.16268
1752508800000,120054.0,120730.0,119392.0,120065.0,8159.52051
1752523200000,120064.0,120619.0,119663.0,119968.0,2987.51699
1752537600000,119967.0,120060.0,117000.0,117357.0,14428.55661
1752552000000,117356.0,117913.0,116324.0,116835.0,12153.12879
1752566400000,116836.0,117299.0,116365.0,117200.0,5504.98266
1752580800000,117200.0,118587.0,115739.0,116466.0,19358.28694
1752595200000,116465.0,117793.0,115969.0,116473.0,12667.76293
1752609600000,116473.0,118050.0,116226.0,117831.0,7689.94809
1752624000000,117831.0,118344.0,117133.0,117623.0,5014.04024
1752638400000,117624.0,118479.0,117394.0,118349.0,4131.72935
1752652800000,118350.0,119457.0,118287.0,118868.0,6707.55246
1752667200000,118867.0,119900.0,118295.0,119171.0,11856.81401
1752681600000,119172.0,120029.0,118590.0,119335.0,7476.99983
1752696000000,119335.0,120182.0,118477.0,118720.0,5516.22294
1752710400000,118719.0,119274.0,117675.0,118189.0,6542.19491
1752724800000,118189.0,118829.0,117900.0,118398.0,2549.97646
1752739200000,118399.0,119295.0,118051.0,118061.0,3744.24156
1752753600000,118060.0,119187.0,117550.0,118963.0,6831.38533
1752768000000,118962.0,120000.0,118400.0,119011.0,6127.97213
1752782400000,119012.0,121097.0,118462.0,119278.0,12820.50128
1752796800000,119279.0,120888.0,119091.0,120312.0,6709.07715
1752811200000,120323.0,120931.0,119409.0,119466.0,5413.50238
1752825600000,119466.0,119585.0,118472.0,119270.0,4605.09986
1752840000000,119270.0,119601.0,117300.0,117875.0,14553.96148
1752854400000,117873.0,118073.0,117063.0,117378.0,3698.82126
1752868800000,117379.0,118038.0,116802.0,117947.0,4328.7262
1752883200000,117946.0,118388.0,117606.0,118345.0,2810.89227
1752897600000,118345.0,118372.0,118066.0,118198.0,848.67719
1752912000000,118199.0,118494.0,117932.0,118337.0,1426.1026
1752926400000,118336.0,118336.0,117629.0,118069.0,2412.79249
1752940800000,118069.0,118165.0,117590.0,118013.0,1615.54244
1752955200000,118013.0,118158.0,117280.0,117880.0,2283.40294
1752969600000,117880.0,118199.0,117659.0,117993.0,1352.2721
1752984000000,117993.0,118330.0,117788.0,118084.0,1698.75363
1752998400000,118085.0,118344.0,117876.0,117946.0,2007.64558
1753012800000,117945.0,118874.0,117779.0,118751.0,3748.36094
1753027200000,118752.0,118948.0,118022.0,118232.0,2866.86581
1753041600000,118233.0,118362.0,116541.0,117313.0,6252.86012
1753056000000,117324.0,118671.0,116572.0,118467.0,4323.04051
1753070400000,118467.0,119721.0,118241.0,119437.0,3603.30755
1753084800000,119437.0,119585.0,118148.0,118148.0,2629.79658
1753099200000,118148.0,119283.0,117854.0,118411.0,4820.30464
1753113600000,118411.0,118481.0,116697.0,116812.0,9676.03314
1753128000000,116810.0,117747.0,116688.0,117430.0,5331.1849
1753142400000,117430.0,118039.0,116165.0,117293.0,8632.2096
1753156800000,117293.0,118719.0,116616.0,118058.0,7098.93894
1753171200000,118058.0,119300.0,117538.0,119249.0,5818.72774
1753185600000,119250.0,119709.0,117615.0,119001.0,10647.11293
1753200000000,119001.0,120306.0,118476.0,119377.0,7926.98316
1753214400000,119385.0,120386.0,119292.0,120098.0,4639.51011
1753228800000,120098.0,120244.0,118601.0,118705.0,3740.64421
1753243200000,118705.0,119113.0,118311.0,118434.0,3634.22765
1753257600000,118435.0,118740.0,117905.0,118639.0,3708.68003
1753272000000,118639.0,118800.0,117365.0,118668.0,6963.10583
1753286400000,118668.0,118668.0,117414.0,118482.0,4178.89189
1753300800000,118485.0,118835.0,117478.0,118825.0,4253.29367
1753315200000,118826.0,119352.0,118588.0,118600.0,2721.00866
1753329600000,118599.0,118688.0,117103.0,118430.0,7232.94488
1753344000000,118430.0,118850.0,117974.0,118643.0,3648.0398
1753358400000,118644.0,119571.0,117891.0,119178.0,6157.55038
1753372800000,119179.0,119494.0,118402.0,119027.0,3959.9183
1753387200000,119026.0,119069.0,118220.0,118378.0,2670.72761
1753401600000,118379.0,118530.0,115400.0,115541.0,16666.683
1753416000000,115540.0,116267.0,114860.0,115473.0,12776.76124
1753430400000,115474.0,116823.0,115086.0,116599.0,9934.60795
1753444800000,116600.0,116710.0,115007.0,115818.0,7395.20588
1753459200000,115818.0,117075.0,115536.0,116773.0,3789.3953
1753473600000,116773.0,117750.0,116617.0,117726.0,5609.93487
1753488000000,117727.0,117851.0,117200.0,117571.0,4273.69913
1753502400000,117572.0,117633.0,117407.0,117407.0,910.83466
1753516800000,117408.0,118328.0,117407.0,117864.0,2372.90811
1753531200000,117863.0,118322.0,117847.0,118210.0,2292.21463
1753545600000,118210.0,118354.0,118000.0,118307.0,1346.20168
1753560000000,118307.0,118345.0,117927.0,117960.0,1732.23665
1753574400000,117961.0,118458.0,117862.0,118243.0,1640.9316
1753588800000,118243.0,118551.0,118142.0,118184.0,877.48418
1753603200000,118184.0,118342.0,117938.0,118145.0,1426.91144
1753617600000,118144.0,118673.0,117894.0,118669.0,3358.09589
1753632000000,118669.0,119621.0,118669.0,119036.0,4114.94002
1753646400000,119035.0,119848.0,118795.0,119507.0,3135.83195
1753660800000,119507.0,119934.0,119036.0,119372.0,2089.64004
1753675200000,119372.0,119787.0,118837.0,118988.0,2015.26033
1753689600000,118988.0,119181.0,118550.0,118905.0,2031.08046
1753704000000,118904.0,119196.0,118000.0,118266.0,7718.66898
1753718400000,118267.0,118470.0,117503.0,118149.0,7779.09452
1753732800000,118149.0,118427.0,117550.0,118118.0,5311.3523
1753747200000,118117.0,118802.0,117456.0,118788.0,3953.65004
1753761600000,118796.0,119339.0,118444.0,118945.0,3265.27949
1753776000000,118945.0,119125.0,118223.0,118668.0,2318.83596
1753790400000,118668.0,119200.0,117302.0,117471.0,7841.90024
1753804800000,117470.0,118162.0,117003.0,117607.0,5560.77718
1753819200000,117607.0,118027.0,117109.0,117992.0,6334.74623
1753833600000,117992.0,118277.0,117444.0,118204.0,1838.37758
1753848000000,118203.0,118468.0,117703.0,118162.0,1392.27944
1753862400000,118162.0,118533.0,117400.0,117571.0,3403.65661
1753876800000,117571.0,118848.0,117352.0,118033.0,5160.05701
1753891200000,118032.0,118107.0,115828.0,116982.0,11620.50342
1753905600000,116983.0,117997.0,116946.0,117915.0,3543.79913
1753920000000,117915.0,118757.0,117858.0,118548.0,4012.00749
1753934400000,118558.0,119027.0,118376.0,118761.0,2457.77477
1753948800000,118760.0,118843.0,118351.0,118410.0,1543.40076
1753963200000,118410.0,118770.0,117880.0,118369.0,3739.12985
1753977600000,118369.0,118955.0,116750.0,116788.0,9775.18508
1753992000000,116788.0,116980.0,115294.0,115724.0,12267.35493
1754006400000,115725.0,116042.0,114211.0,115630.0,10853.95776
1754020800000,115630.0,115903.0,114574.0,115036.0,4289.70584
1754035200000,115034.0,115300.0,114084.0,115273.0,5112.54684
1754049600000,115272.0,116004.0,113909.0,115326.0,11201.44803
1754064000000,115325.0,115672.0,113127.0,113249.0,17172.52022
1754078400000,113249.0,114041.0,112564.0,113219.0,10225.35129
1754092800000,113218.0,113864.0,113139.0,113863.0,2677.75745
1754107200000,113863.0,114011.0,113412.0,113912.0,2307.38109
1754121600000,113912.0,113989.0,113379.0,113761.0,2602.52864
1754136000000,113761.0,113761.0,112794.0,112794.0,2694.21619
1754150400000,112795.0,113363.0,111919.0,112165.0,10114.60833
1754164800000,112165.0,113003.0,111980.0,112502.0,3834.91619
1754179200000,112504.0,113687.0,111860.0,113551.0,4522.99104
1754193600000,113551.0,113683.0,113292.0,113661.0,1610.02214
1754208000000,113662.0,114195.0,113481.0,113789.0,2397.19211
1754222400000,113790.0,114062.0,113512.0,113885.0,3148.55133
1754236800000,113884.0,114788.0,113715.0,114262.0,4264.13689
1754251200000,114261.0,114584.0,114011.0,114162.0,2274.50947
1754265600000,114163.0,114965.0,114062.0,114539.0,3372.20179
1754280000000,114540.0,114735.0,114100.0,114613.0,1965.29662
1754294400000,114614.0,114720.0,114142.0,114429.0,1836.6205
1754308800000,114430.0,115466.0,114071.0,114774.0,7295.45157
1754323200000,114774.0,115701.0,114672.0,114723.0,4605.36649
1754337600000,114722.0,115350.0,114578.0,115026.0,3732.55381
1754352000000,115027.0,115105.0,114248.0,114248.0,3150.65381
1754366400000,114249.0,114520.0,113671.0,113955.0,2743.43983
1754380800000,113955.0,115077.0,113890.0,114784.0,2125.80757
1754395200000,114784.0,114864.0,112563.0,112873.0,14406.50054
1754409600000,112871.0,113715.0,112741.0,113567.0,4662.71379
1754424000000,113567.0,114160.0,113185.0,114068.0,4038.90266
1754438400000,114068.0,114072.0,113354.0,113472.0,3531.50954
1754452800000,113473.0,114385.0,113296.0,114173.0,2716.16314
1754467200000,114172.0,114372.0,113694.0,114171.0,1830.41963
1754481600000,114171.0,115567.0,113524.0,115430.0,10405.55185
1754496000000,115430.0,115702.0,114930.0,115229.0,4981.47589
1754510400000,115230.0,115250.0,114756.0,114949.0,2687.97536
1754524800000,114949.0,115174.0,114356.0,114531.0,2413.95318
1754539200000,114531.0,114873.0,114241.0,114805.0,1660.23074
1754553600000,114804.0,116840.0,114803.0,116510.0,7771.93136
1754568000000,116511.0,116791.0,116032.0,116681.0,5311.91929
1754582400000,116681.0,117533.0,115605.0,117467.0,6503.93913
1754596800000,117459.0,117630.0,117014.0,117485.0,4477.53163
1754611200000,117485.0,117641.0,116706.0,116768.0,3775.26749
1754625600000,116768.0,116999.0,116410.0,116853.0,1493.18365
1754640000000,116853.0,116963.0,116369.0,116932.0,1965.37993
1754654400000,116933.0,117300.0,115947.0,116252.0,5919.42989
1754668800000,116252.0,116956.0,116035.0,116458.0,6384.51506
1754683200000,116458.0,117037.0,116306.0,116699.0,3256.60954
1754697600000,116700.0,116796.0,116392.0,116417.0,1929.46036
1754712000000,116418.0,117036.0,116392.0,116809.0,2837.08158
1754726400000,116809.0,117986.0,116806.0,117144.0,4223.20972
1754740800000,117144.0,117301.0,116743.0,116932.0,2849.58404
1754755200000,116932.0,116988.0,116596.0,116611.0,1584.43281
1754769600000,116611.0,117115.0,116449.0,116545.0,2591.92071
1754784000000,116545.0,118639.0,116537.0,118570.0,5249.98181
1754798400000,118570.0,118800.0,117495.0,117846.0,4422.18611
1754812800000,117848.0,118575.0,117664.0,118392.0,2876.96808
1754827200000,118392.0,119198.0,118294.0,118866.0,3786.52238
1754841600000,118867.0,118993.0,118477.0,118735.0,2388.63797
1754856000000,118736.0,119412.0,118122.0,119370.0,6697.66907
1754870400000,119371.0,122253.0,119064.0,121785.0,10718.98152
1754884800000,121786.0,122384.0,121501.0,121578.0,4951.83016
1754899200000,121578.0,121851.0,120342.0,120624.0,5409.27921
1754913600000,120623.0,120724.0,119465.0,120397.0,8592.32646
1754928000000,120397.0,120933.0,118696.0,119139.0,8890.51158
1754942400000,119139.0,119248.0,118167.0,118758.0,6430.72515
1754956800000,118757.0,119387.0,118666.0,118924.0,2890.70251
1754971200000,118924.0,119239.0,118482.0,119046.0,2016.72609
1754985600000,119045.0,119111.0,118250.0,118563.0,2241.77491
1755000000000,118562.0,120051.0,118327.0,120001.0,8197.14915
1755014400000,120001.0,120270.0,119192.0,119706.0,7681.57726
1755028800000,119703.0,120397.0,119521.0,120217.0,6187.12841
1755043200000,120217.0,120274.0,119169.0,119573.0,4925.05821
1755057600000,119573.0,119945.0,119020.0,119678.0,4068.98369
1755072000000,119677.0,120851.0,119537.0,120672.0,5140.66593
1755086400000,120672.0,122327.0,120206.0,121011.0,15037.60007
1755100800000,121011.0,122974.0,121011.0,122859.0,6684.87945
1755115200000,122859.0,123823.0,122376.0,123436.0,10477.6351
1755129600000,123436.0,124598.0,123379.0,123479.0,6209.78187
1755144000000,123478.0,123548.0,121400.0,121829.0,5768.95246
1755158400000,121829.0,122127.0,120762.0,121033.0,3853.35336
1755172800000,121033.0,121247.0,117327.0,118360.0,27633.23449
1755187200000,118360.0,118577.0,117200.0,118014.0,9137.06125
1755201600000,118014.0,118559.0,117330.0,118325.0,6201.26802
1755216000000,118325.0,119137.0,118065.0,119002.0,2629.37192
1755230400000,119004.0,119274.0,118673.0,119019.0,2181.88283
1755244800000,119019.0,119208.0,118647.0,119026.0,1332.18204
1755259200000,119025.0,119132.0,116780.0,117274.0,12489.19558
1755273600000,117274.0,117876.0,116782.0,116938.0,3923.66686
1755288000000,116938.0,117790.0,116859.0,117347.0,2501.50587
1755302400000,117346.0,117888.0,117245.0,117410.0,1333.50905
1755316800000,117409.0,117882.0,117281.0,117584.0,1371.26483
1755331200000,117584.0,117685.0,117110.0,117341.0,1448.83422
1755345600000,117342.0,117820.0,117307.0,117648.0,1602.59525
1755360000000,117647.0,117800.0,117623.0,117664.0,873.94879
1755374400000,117665.0,117690.0,117195.0,117357.0,993.97242
1755388800000,117358.0,117729.0,117144.0,117653.0,1298.74295
1755403200000,117654.0,118204.0,117653.0,117967.0,1337.29721
1755417600000,117967.0,118446.0,117891.0,118275.0,1237.84339
1755432000000,118275.0,118549.0,118030.0,118217.0,1282.58398
1755446400000,118217.0,118289.0,117284.0,117552.0,2516.6257
1755460800000,117553.0,117979.0,117348.0,117380.0,1678.40323
1755475200000,117381.0,117529.0,114928.0,115288.0,11172.73441
1755489600000,115288.0,115688.0,114765.0,115145.0,7280.52104
1755504000000,115145.0,115340.0,114584.0,114912.0,3691.89339
1755518400000,114906.0,116116.0,114742.0,116099.0,7227.77732
1755532800000,116099.0,116750.0,115782.0,116241.0,4524.22474
1755547200000,116240.0,116910.0,115900.0,116164.0,4408.81816
1755561600000,116163.0,116673.0,114683.0,114728.0,7307.8005
1755576000000,114729.0,115423.0,114257.0,114936.0,7409.39023
1755590400000,114936.0,115617.0,114735.0,115476.0,2828.30728
1755604800000,115475.0,115835.0,113509.0,113710.0,15343.76037
1755619200000,113719.0,113852.0,112715.0,113093.0,10388.34717
1755633600000,113092.0,113534.0,112688.0,112828.0,5473.30649
1755648000000,112827.0,113616.0,112504.0,113490.0,3772.48998
1755662400000,113489.0,113821.0,113411.0,113457.0,1154.69903
1755676800000,113457.0,113999.0,113022.0,113619.0,3212.93131
1755691200000,113620.0,114289.0,112316.0,113312.0,9611.1512
1755705600000,113312.0,114400.0,113206.0,114263.0,8649.53606
1755720000000,114262.0,114603.0,113960.0,114249.0,5243.13702
1755734400000,114249.0,114801.0,113867.0,113922.0,3608.94518
1755748800000,113922.0,114013.0,113550.0,113854.0,2153.28049
1755763200000,113854.0,113950.0,112956.0,113113.0,2515.41493
1755777600000,113113.0,113950.0,112591.0,112770.0,4391.55689
1755792000000,112769.0,112959.0,111948.0,112151.0,9710.65823
1755806400000,112150.0,112880.0,112001.0,112447.0,8493.57159
1755820800000,112447.0,113500.0,112280.0,112883.0,4480.42971
1755835200000,112883.0,113374.0,112662.0,113064.0,3240.56745
1755849600000,113065.0,113284.0,112159.0,112307.0,2005.9476
1755864000000,112307.0,117240.0,111690.0,116329.0,23871.78711
1755878400000,116329.0,117420.0,116075.0,116664.0,8627.9178
1755892800000,116663.0,117190.0,116570.0,116963.0,2490.21288
1755907200000,116963.0,117062.0,115473.0,115577.0,4199.00517
1755921600000,115578.0,116071.0,115561.0,115835.0,2069.58768
1755936000000,115834.0,115908.0,115250.0,115271.0,1668.27755
1755950400000,115284.0,115513.0,114629.0,114930.0,5505.56457
1755964800000,114930.0,115279.0,114767.0,115222.0,2007.65065
1755979200000,115221.0,115500.0,115071.0,115495.0,2150.34005
1755993600000,115495.0,115723.0,115001.0,115107.0,3394.79595
1756008000000,115107.0,115357.0,114917.0,114938.0,1697.50961
1756022400000,114938.0,115137.0,114657.0,114805.0,2496.5525
1756036800000,114805.0,114959.0,114436.0,114502.0,5735.92839
1756051200000,114503.0,114997.0,110520.0,112710.0,20448.83197
1756065600000,112710.0,113807.0,111761.0,113575.0,10064.02337
1756080000000,113575.0,113765.0,112232.0,112996.0,6786.42863
1756094400000,112997.0,113155.0,111320.0,111551.0,7012.23425
1756108800000,111551.0,111878.0,110969.0,111261.0,6091.1462
1756123200000,111261.0,112653.0,110626.0,112238.0,8629.30283
1756137600000,112237.0,112987.0,110672.0,110691.0,6117.48094
1756152000000,110691.0,111103.0,109278.0,110144.0,19574.68511
1756166400000,110145.0,110145.0,108690.0,109888.0,7728.92649
1756180800000,109889.0,110583.0,109788.0,110328.0,3423.28574
1756195200000,110328.0,110487.0,109596.0,109902.0,3232.42231
1756209600000,109901.0,110850.0,109427.0,109709.0,9128.8176
1756224000000,109704.0,111218.0,109490.0,111165.0,4968.88318
1756238400000,111165.0,112431.0,110980.0,111817.0,5106.11791
1756252800000,111817.0,111879.0,110959.0,111475.0,2706.81692
1756267200000,111474.0,111799.0,110675.0,110767.0,2695.30512
1756281600000,110767.0,111420.0,110379.0,111357.0,2004.12465
1756296000000,111356.0,112699.0,111044.0,112078.0,6239.83085
1756310400000,112079.0,112686.0,111601.0,112147.0,3838.36212
1756324800000,112147.0,112528.0,111028.0,111273.0,8374.63401
1756339200000,111273.0,112065.0,110882.0,112029.0,3234.11585
1756353600000,112030.0,113400.0,111975.0,113136.0,5327.08892
1756368000000,113137.0,113380.0,112842.0,112955.0,2189.16399
1756382400000,112955.0,113527.0,112446.0,112740.0,5574.46221
1756396800000,112740.0,113251.0,111918.0,111920.0,4184.38186
1756411200000,111921.0,112610.0,111890.0,112605.0,1609.97875
1756425600000,112604.0,112661.0,111319.0,111711.0,2954.29306
1756440000000,111712.0,111892.0,109900.0,110032.0,5390.30907
1756454400000,110032.0,110276.0,109415.0,110071.0,3864.58861
1756468800000,110070.0,111515.0,108082.0,108359.0,19466.06929
1756483200000,108360.0,108798.0,107854.0,108180.0,5473.69831
1756497600000,108180.0,108500.0,107417.0,108330.0,8305.03873
1756512000000,108328.0,108368.0,107262.0,108358.0,6934.71271
1756526400000,108358.0,108614.0,108055.0,108462.0,4763.74412
1756540800000,108462.0,108741.0,108351.0,108670.0,3556.84942
1756555200000,108671.0,108943.0,108242.0,108893.0,4273.01387
1756569600000,108889.0,108900.0,108623.0,108817.0,1154.85129
1756584000000,108818.0,108832.0,108455.0,108799.0,1045.95449
1756598400000,108800.0,109500.0,108800.0,109230.0,3281.98845
1756612800000,109229.0,109240.0,108530.0,108704.0,2246.21096
1756627200000,108704.0,109111.0,108296.0,108406.0,3012.91975
1756641600000,108396.0,108871.0,108195.0,108820.0,2193.93263
1756656000000,108821.0,109215.0,108552.0,108910.0,1800.66469
1756670400000,108910.0,109228.0,108057.0,108227.0,2298.75008
1756684800000,108226.0,108498.0,107385.0,107675.0,7376.02329
1756699200000,107671.0,109418.0,107249.0,109418.0,7647.70825
1756713600000,109419.0,109919.0,108200.0,108800.0,5019.53933
1756728000000,108800.0,109574.0,108557.0,108774.0,6118.60181
1756742400000,108774.0,109316.0,108385.0,109195.0,2767.2381
1756756800000,109195.0,109442.0,107400.0,109222.0,9373.01296
1756771200000,109222.0,110609.0,108850.0,110301.0,8405.8706
1756785600000,110301.0,110599.0,110001.0,110220.0,3306.34862
1756800000000,110219.0,110726.0,109516.0,109686.0,4916.23129
1756814400000,109685.0,111752.0,108350.0,110794.0,14509.8292
1756828800000,110794.0,111099.0,110134.0,110770.0,5902.25745
1756843200000,110770.0,111536.0,110681.0,111225.0,2979.95033
1756857600000,111225.0,111770.0,110864.0,111016.0,2578.88067
1756872000000,111016.0,111130.0,110502.0,111077.0,2318.56135
1756886400000,111077.0,111687.0,110839.0,111412.0,1704.69062
1756900800000,111413.0,112506.0,110987.0,112208.0,11614.35439
1756915200000,112207.0,112580.0,111668.0,112186.0,3936.0589
1756929600000,112186.0,112238.0,111558.0,111670.0,2664.83562
1756944000000,111670.0,112171.0,111111.0,111112.0,5798.57001
1756958400000,111122.0,111294.0,110262.0,110447.0,4946.74024
1756972800000,110448.0,111128.0,110410.0,110787.0,2628.33972
1756987200000,110788.0,111101.0,109324.0,109530.0,7814.78621
1757001600000,109530.0,110207.0,109363.0,109796.0,3526.09526
1757016000000,109805.0,111798.0,109759.0,110741.0,4682.42551
1757030400000,110740.0,111504.0,110456.0,111317.0,2987.19887
1757044800000,111317.0,112980.0,111151.0,112949.0,4119.85452
1757059200000,112950.0,112975.0,112115.0,112342.0,3590.0745
1757073600000,112342.0,113400.0,110277.0,110761.0,22396.37822
1757088000000,110762.0,111570.0,110208.0,111570.0,4580.35375
1757102400000,111570.0,111694.0,110350.0,110646.0,6543.61572
1757116800000,110649.0,111304.0,110550.0,111077.0,1170.34086
1757131200000,111077.0,111086.0,110692.0,110829.0,695.37677
1757145600000,110828.0,110972.0,110665.0,110770.0,711.94282
1757160000000,110770.0,110964.0,110313.0,110349.0,1484.47016
1757174400000,110349.0,110369.0,109908.0,109986.0,3155.71351
1757188800000,109986.0,110230.0,109983.0,110139.0,1075.23887
1757203200000,110138.0,110700.0,110128.0,110582.0,1246.68876
1757217600000,110583.0,110888.0,110389.0,110724.0,1870.68541
1757232000000,110724.0,111318.0,110684.0,111258.0,2048.34354
1757246400000,111258.0,111365.0,110996.0,111276.0,1393.37512
1757260800000,111276.0,111344.0,110807.0,111218.0,1283.45911
1757275200000,111217.0,111560.0,110960.0,111102.0,1643.94726
1757289600000,111101.0,111359.0,110578.0,110991.0,3947.37318
1757304000000,110991.0,111562.0,110855.0,111215.0,2379.79212
1757318400000,111216.0,112184.0,111197.0,112041.0,5216.15454
1757332800000,112042.0,112871.0,111855.0,112593.0,6439.61504
1757347200000,112594.0,112650.0,111950.0,112014.0,3826.87788
1757361600000,112009.0,112493.0,111839.0,112035.0,2546.12226
1757376000000,112035.0,112062.0,111102.0,111695.0,2791.1298
1757390400000,111695.0,113222.0,111608.0,112967.0,5038.38406
1757404800000,112967.0,113155.0,112390.0,112412.0,2703.64703
1757419200000,112413.0,112940.0,110756.0,110895.0,12809.86679
1757433600000,110896.0,111434.0,110811.0,111359.0,3682.39368
1757448000000,111358.0,111789.0,111107.0,111563.0,2534.14109
1757462400000,111563.0,111608.0,110939.0,111547.0,2385.6507
1757476800000,111548.0,112582.0,111382.0,112548.0,2368.65469
1757491200000,112548.0,112834.0,112109.0,112332.0,2713.52227
1757505600000,112333.0,114266.0,112332.0,113831.0,16140.06309
1757520000000,113832.0,114070.0,113140.0,113584.0,4289.43116
1757534400000,113583.0,114035.0,113515.0,113954.0,2820.11124
1757548800000,113955.0,114450.0,113650.0,114408.0,3191.99256
1757563200000,114408.0,114471.0,113955.0,114083.0,3527.56221
1757577600000,114082.0,114188.0,113757.0,113999.0,2011.28333
1757592000000,113999.0,114709.0,113421.0,114167.0,10548.14482
1757606400000,114168.0,114608.0,114102.0,114408.0,3110.06454
1757620800000,114413.0,115498.0,114239.0,115489.0,4535.04351
1757635200000,115489.0,116409.0,115072.0,115212.0,6968.49414
1757649600000,115212.0,115700.0,115096.0,115119.0,3102.32757
1757664000000,115119.0,115313.0,114915.0,114943.0,2660.60776
1757678400000,114944.0,115500.0,114766.0,115128.0,4455.07456
1757692800000,115127.0,116643.0,115045.0,116612.0,5007.37665
1757707200000,116612.0,116613.0,115736.0,116023.0,3766.66189
1757721600000,116022.0,116288.0,115575.0,115960.0,2138.87661
1757736000000,115961.0,115961.0,115657.0,115790.0,1436.09391
1757750400000,115791.0,116210.0,115785.0,115984.0,1168.75401
1757764800000,115984.0,116080.0,115619.0,115775.0,1669.1688
1757779200000,115776.0,115835.0,115050.0,115794.0,3432.21387
1757793600000,115794.0,115985.0,115791.0,115908.0,1632.03416
1757808000000,115908.0,116100.0,115630.0,115669.0,1475.95077
1757822400000,115668.0,115916.0,115441.0,115778.0,1460.02729
1757836800000,115778.0,116139.0,115732.0,115790.0,1425.63719
1757851200000,115790.0,115855.0,115119.0,115205.0,4024.05247
1757865600000,115205.0,115638.0,115149.0,115628.0,1858.15256
1757880000000,115628.0,116098.0,115120.0,115276.0,2748.44078
1757894400000,115276.0,115600.0,114821.0,115458.0,2433.81267
1757908800000,115457.0,116776.0,115405.0,115838.0,4500.80103
1757923200000,115839.0,115839.0,114624.0,115061.0,8445.79751
1757937600000,115056.0,115081.0,114367.0,114867.0,5326.17359
1757952000000,114861.0,115565.0,114601.0,115296.0,5111.57876
1757966400000,115296.0,115600.0,115200.0,115370.0,1825.54353
1757980800000,115370.0,115546.0,114955.0,115301.0,2951.96578
1757995200000,115302.0,116025.0,114917.0,115839.0,3279.1148
1758009600000,115839.0,115985.0,115209.0,115300.0,1524.53999
1758024000000,115300.0,115943.0,114730.0,115938.0,6267.03761
1758038400000,115937.0,116865.0,115614.0,116775.0,7008.46194
1758052800000,116776.0,116924.0,116564.0,116761.0,2921.14971
1758067200000,116761.0,117000.0,116305.0,116306.0,3188.0579
1758081600000,116306.0,117226.0,116090.0,117110.0,4190.27674
1758096000000,117110.0,117133.0,116208.0,116214.0,2938.31344
1758110400000,116214.0,116490.0,115403.0,115870.0,6647.28888
1758124800000,115871.0,116351.0,114798.0,115677.0,17582.13243
1758139200000,115677.0,117030.0,115343.0,116466.0,4858.01283
1758153600000,116468.0,117935.0,116105.0,117604.0,7396.43204
1758168000000,117616.0,117786.0,116925.0,117112.0,4743.06353
1758182400000,117111.0,117433.0,117027.0,117074.0,2222.96761
1758196800000,117074.0,117900.0,117000.0,117635.0,6385.71616
1758211200000,117636.0,117960.0,117195.0,117484.0,5124.4927
1758225600000,117479.0,117679.0,116664.0,117110.0,3319.542
1758240000000,117111.0,117530.0,116906.0,117025.0,3479.05696
1758254400000,117025.0,117128.0,116652.0,116956.0,2191.018
1758268800000,116957.0,117141.0,116332.0,116425.0,2584.24951
1758283200000,116426.0,116578.0,115514.0,115926.0,7457.40357
1758297600000,115925.0,116200.0,115167.0,115176.0,5227.28044
1758312000000,115177.0,115699.0,115150.0,115674.0,1978.00535
1758326400000,115675.0,115779.0,115414.0,115462.0,1828.65504
1758340800000,115462.0,116000.0,115430.0,115986.0,965.71127
1758355200000,115986.0,115986.0,115671.0,115910.0,1079.20439
1758369600000,115910.0,116135.0,115819.0,116000.0,1298.27376
1758384000000,115999.0,116100.0,115685.0,115698.0,1367.34587
1758398400000,115698.0,115955.0,115620.0,115686.0,933.09525
1758412800000,115687.0,115735.0,115455.0,115671.0,1196.06336
1758427200000,115671.0,115842.0,115494.0,115842.0,1176.94154
1758441600000,115842.0,115843.0,115321.0,115594.0,1927.18041
1758456000000,115595.0,115743.0,115473.0,115538.0,1586.95491
1758470400000,115537.0,115688.0,115206.0,115524.0,1960.70706
1758484800000,115524.0,115600.0,115226.0,115278.0,1399.43848
1758499200000,115284.0,115430.0,114044.0,114598.0,10695.19727
1758513600000,114598.0,114598.0,111149.0,112506.0,16437.79811
1758528000000,112499.0,112900.0,112145.0,112843.0,5758.97875
1758542400000,112844.0,113435.0,112363.0,112804.0,5814.82448
1758556800000,112804.0,112869.0,111919.0,112115.0,5533.34254
1758571200000,112115.0,112984.0,111938.0,112638.0,3970.48854
1758585600000,112639.0,112831.0,111431.0,112329.0,5974.3938
1758600000000,112330.0,113131.0,111833.0,113092.0,3812.09115
1758614400000,113093.0,113273.0,112668.0,112953.0,2303.83918
1758628800000,112953.0,113289.0,112455.0,112868.0,3813.25877
1758643200000,112869.0,112961.0,111518.0,111629.0,6732.21251
1758657600000,111629.0,112201.0,111414.0,111976.0,2827.58455
1758672000000,111975.0,112500.0,111626.0,111635.0,4672.29519
1758686400000,111636.0,112761.0,110904.0,112551.0,6231.00666
1758700800000,112555.0,113180.0,112370.0,113025.0,4381.84275
1758715200000,113024.0,113901.0,112790.0,113342.0,6124.7749
1758729600000,113345.0,113947.0,113167.0,113408.0,3346.82231
1758744000000,113411.0,113610.0,113169.0,113277.0,2205.00999
1758758400000,113277.0,113489.0,112173.0,112547.0,5412.19193
1758772800000,112538.0,112588.0,111400.0,111724.0,8192.58851
1758787200000,111724.0,112232.0,111226.0,111306.0,2614.82133
1758801600000,111306.0,111721.0,110500.0,111562.0,9440.98909
1758816000000,111563.0,111648.0,108569.0,109306.0,16225.22683
1758830400000,109306.0,109685.0,108732.0,108962.0,4901.70374
1758844800000,108963.0,109800.0,108761.0,109557.0,2592.77012
1758859200000,109557.0,109594.0,108885.0,109289.0,1803.01368
1758873600000,109290.0,109680.0,108565.0,109074.0,3736.68705
1758888000000,109075.0,109728.0,108710.0,108963.0,5039.39492
1758902400000,108963.0,110268.0,108963.0,109142.0,5276.58622
1758916800000,109141.0,109662.0,109065.0,109614.0,2070.7638
1758931200000,109615.0,109677.0,109278.0,109516.0,1236.47936
1758945600000,109510.0,109688.0,109275.0,109349.0,1133.51073
1758960000000,109350.0,109441.0,109060.0,109272.0,1155.39472
1758974400000,109273.0,109440.0,109144.0,109346.0,755.13835
1758988800000,109346.0,109398.0,109193.0,109378.0,664.10967
1759003200000,109378.0,109669.0,109310.0,109599.0,974.48924
1759017600000,109600.0,109766.0,109287.0,109410.0,1174.19853
1759032000000,109410.0,109493.0,109222.0,109464.0,499.03027
1759046400000,109465.0,109551.0,109199.0,109322.0,715.80441
1759060800000,109322.0,109990.0,109145.0,109979.0,1734.75645
1759075200000,109979.0,110329.0,109942.0,110276.0,2704.89179
1759089600000,110276.0,112316.0,110234.0,112130.0,8505.51702
1759104000000,112130.0,112278.0,111531.0,111822.0,3488.93635
1759118400000,111823.0,111851.0,111490.0,111817.0,2070.89678
1759132800000,111816.0,112400.0,111816.0,112068.0,1775.24461
1759147200000,112068.0,114167.0,111847.0,113752.0,8653.45691
1759161600000,113751.0,114379.0,113408.0,114210.0,3780.2838
1759176000000,114210.0,114376.0,113976.0,114274.0,1820.21441
1759190400000,114272.0,114778.0,113984.0,114324.0,2564.67117
1759204800000,114324.0,114324.0,113533.0,113654.0,3720.44055
1759219200000,113653.0,113696.0,112602.0,113024.0,4323.68684
1759233600000,113023.0,113687.0,112812.0,113072.0,6526.93286
1759248000000,113073.0,114558.0,112745.0,114330.0,6159.31336
1759262400000,114335.0,114744.0,113748.0,114036.0,3368.48432
1759276800000,114037.0,114546.0,113940.0,114162.0,2603.43413
1759291200000,114163.0,114730.0,114132.0,114532.0,2951.99912
1759305600000,114532.0,116832.0,114465.0,116803.0,7944.37528
1759320000000,116803.0,117641.0,116350.0,117373.0,6784.7912
1759334400000,117377.0,118187.0,116697.0,117384.0,6459.49421
1759348800000,117383.0,118619.0,117100.0,118572.0,4056.25893
1759363200000,118573.0,119430.0,118333.0,118680.0,6961.88487
1759377600000,118680.0,118879.0,118203.0,118435.0,2835.74511
1759392000000,118435.0,118888.0,118301.0,118725.0,1931.88266
1759406400000,118724.0,119923.0,118470.0,119890.0,8252.32001
1759420800000,119890.0,121050.0,119322.0,120829.0,8140.34617
1759435200000,120829.0,120955.0,120036.0,120516.0,4404.795
1759449600000,120516.0,120554.0,119790.0,120237.0,2843.88701
1759464000000,120236.0,120336.0,119632.0,119647.0,1965.3242
1759478400000,119647.0,120538.0,119216.0,120363.0,2856.27266
1759492800000,120363.0,122479.0,119901.0,122321.0,7852.79889
1759507200000,122321.0,123950.0,121525.0,122694.0,17760.25205
1759521600000,122695.0,122785.0,122037.0,122266.0,2757.12283
1759536000000,122268.0,122369.0,121709.0,122283.0,2626.79578
1759550400000,122284.0,122853.0,122264.0,122364.0,1550.70082
1759564800000,122364.0,122577.0,121997.0,122014.0,1660.5704
1759579200000,122014.0,122553.0,121750.0,121844.0,2861.8809
1759593600000,121844.0,122038.0,121500.0,122038.0,1912.21096
1759608000000,122038.0,122500.0,121931.0,122455.0,1645.5742
1759622400000,122456.0,124449.0,122200.0,123854.0,7204.90867
1759636800000,123853.0,125913.0,123809.0,124786.0,10006.94937
1759651200000,124786.0,124944.0,122594.0,123559.0,7817.68149
1759665600000,123558.0,123559.0,122762.0,122889.0,3054.78128
1759680000000,122888.0,123550.0,122300.0,122680.0,4113.19168
1759694400000,122681.0,123623.0,122545.0,123570.0,3394.45123
1759708800000,123570.0,124462.0,123184.0,123941.0,5965.6907
1759723200000,123941.0,124283.0,123368.0,123474.0,3212.71391
1759737600000,123474.0,124635.0,123473.0,124314.0,2184.65418
1759752000000,124314.0,125498.0,124267.0,125084.0,9385.92043
1759766400000,125083.0,126297.0,124879.0,125503.0,7054.46956
1759780800000,125504.0,125634.0,124552.0,124711.0,5959.20093
1759795200000,124711.0,125167.0,124140.0,124363.0,4465.17363
1759809600000,124362.0,124710.0,123600.0,123727.0,4322.93151
1759824000000,123726.0,124584.0,123365.0,124521.0,3288.23514
1759838400000,124522.0,125244.0,121247.0,121971.0,19396.84865
1759852800000,121974.0,122208.0,120564.0,121677.0,15535.72039
1759867200000,121678.0,122375.0,121337.0,121401.0,4496.0579
1759881600000,121400.0,122300.0,121256.0,121424.0,4217.57854
1759896000000,121425.0,121969.0,121100.0,121655.0,3414.08871
1759910400000,121655.0,123285.0,121575.0,122959.0,3613.7369
1759924800000,122959.0,123387.0,121700.0,122242.0,6585.23311
1759939200000,122243.0,124303.0,122169.0,123523.0,6799.78188
1759953600000,123514.0,123809.0,122883.0,123385.0,2055.41713
1759968000000,123384.0,123428.0,121497.0,122078.0,5500.89797
1759982400000,122078.0,122312.0,121743.0,121922.0,3234.75714
1759996800000,121922.0,122864.0,121131.0,122752.0,5868.20987
1760011200000,122751.0,123783.0,120696.0,121187.0,11211.18996
1760025600000,121187.0,121497.0,119526.0,120868.0,14657.15727
1760040000000,120876.0,121742.0,120784.0,121615.0,3123.58018
1760054400000,121615.0,121853.0,120780.0,120964.0,4756.44767
1760068800000,120964.0,121703.0,120811.0,120868.0,3268.5296
1760083200000,120869.0,121753.0,120869.0,121501.0,3965.40479
1760097600000,121501.0,122460.0,118411.0,118984.0,16964.43515
1760112000000,118985.0,119429.0,115804.0,116632.0,22530.56829
1760126400000,116626.0,117129.0,100837.0,112761.0,47826.52971
1760140800000,112729.0,113302.0,110949.0,112293.0,8692.03803
1760155200000,112294.0,112951.0,110051.0,110352.0,6744.56096
1760169600000,110352.0,112308.0,110116.0,112237.0,2729.18341
1760184000000,112237.0,112487.0,111735.0,111740.0,2701.32324
1760198400000,111739.0,112154.0,110803.0,111146.0,2923.80239
1760212800000,111146.0,111299.0,109546.0,110592.0,4353.62162
1760227200000,110593.0,111298.0,109515.0,110619.0,4456.46943
1760241600000,110620.0,112097.0,110549.0,111470.0,3627.48441
1760256000000,111470.0,112050.0,111066.0,111795.0,2113.38732
1760270400000,111795.0,113720.0,111138.0,113174.0,11935.1019
1760284800000,113174.0,114709.0,113173.0,114331.0,8546.33811
1760299200000,114331.0,115793.0,114219.0,114940.0,8635.65234
1760313600000,114940.0,115963.0,114602.0,114808.0,3850.90148
1760328000000,114808.0,115582.0,114398.0,115402.0,3575.96193
1760342400000,115402.0,115441.0,113600.0,114153.0,3604.41365
1760356800000,114153.0,115483.0,113750.0,114264.0,9983.02685
1760371200000,114267.0,115835.0,114165.0,115749.0,5085.63885
1760385600000,115748.0,115825.0,114932.0,115124.0,2940.16847
1760400000000,115124.0,115371.0,113077.0,113427.0,8701.98009
1760414400000,113428.0,113612.0,111282.0,111649.0,9820.63933
1760428800000,111648.0,112097.0,110020.0,111261.0,7981.84858
1760443200000,111263.0,112864.0,109764.0,112848.0,15397.16342
1760457600000,112847.0,113569.0,111690.0,112580.0,19228.51246
1760472000000,112579.0,113576.0,112210.0,113020.0,4307.85331
1760486400000,113020.0,113592.0,111763.0,111990.0,4559.14951
1760500800000,111990.0,112687.0,111710.0,112574.0,2252.08129
1760515200000,112574.0,113511.0,111662.0,111866.0,4536.45706
1760529600000,111867.0,112220.0,110364.0,110800.0,12264.40043
1760544000000,110793.0,111568.0,110164.0,111268.0,7525.53776
1760558400000,111262.0,111551.0,110451.0,110730.0,8550.30263
1760572800000,110730.0,111867.0,110321.0,111288.0,4258.87783
1760587200000,111300.0,111731.0,110526.0,110526.0,4197.5812
1760601600000,110526.0,111690.0,109503.0,111405.0,5675.20999
1760616000000,111405.0,112038.0,108297.0,108515.0,12398.71508
1760630400000,108525.0,109254.0,107539.0,108211.0,13724.29404
1760644800000,108214.0,108508.0,107450.0,108221.0,5267.56023
1760659200000,108221.0,109229.0,107960.0,109160.0,3548.7824
1760673600000,109161.0,109255.0,105500.0,105589.0,9739.56676
1760688000000,105589.0,106588.0,103498.0,105671.0,13076.69963
1760702400000,105669.0,106888.0,104513.0,106821.0,10268.86227
1760716800000,106821.0,107572.0,106071.0,106421.0,6002.95462
1760731200000,106440.0,107429.0,106337.0,106396.0,3351.08028
1760745600000,106395.0,107280.0,106303.0,107042.0,2230.68846
1760760000000,107042.0,107496.0,106398.0,106649.0,2051.78503
1760774400000,106649.0,107189.0,106589.0,107171.0,1589.38597
1760788800000,107172.0,107268.0,106694.0,106926.0,1524.35412
1760803200000,106925.0,107069.0,106444.0,107062.0,1698.71867
1760817600000,107061.0,107303.0,106818.0,107143.0,1859.62549
1760832000000,107143.0,107335.0,106713.0,107215.0,1251.22784
1760846400000,107216.0,107222.0,106503.0,106726.0,1161.1574
1760860800000,106725.0,108214.0,106056.0,107735.0,6303.76316
1760875200000,107735.0,108586.0,107319.0,108435.0,3514.39791
1760889600000,108436.0,109407.0,108179.0,108841.0,4718.42668
1760904000000,108841.0,109300.0,108295.0,108591.0,3224.00835
1760918400000,108590.0,110411.0,107365.0,110100.0,7448.74205
1760932800000,110101.0,111399.0,109908.0,111161.0,7665.41182
1760947200000,111160.0,111679.0,110616.0,110996.0,2886.0961
1760961600000,110996.0,111662.0,110514.0,111100.0,5808.5091
1760976000000,111099.0,111256.0,109798.0,110753.0,8550.72675
1760990400000,110753.0,111219.0,110360.0,110479.0,2926.94766
1761004800000,110480.0,110482.0,108994.0,109008.0,3942.74894
1761019200000,109008.0,109008.0,107398.0,108019.0,9164.92895
1761033600000,108019.0,108807.0,107411.0,108565.0,5653.81668
1761048000000,108566.0,113537.0,107786.0,113386.0,22443.68113
1761062400000,113386.0,114244.0,111238.0,111729.0,16240.49887
1761076800000,111731.0,111756.0,107998.0,108245.0,15849.00285
1761091200000,108246.0,108649.0,107800.0,108160.0,6966.39738
1761105600000,108160.0,108602.0,107565.0,108289.0,3978.35099
1761120000000,108288.0,108326.0,106400.0,107502.0,8439.36487
1761134400000,107502.0,109132.0,107392.0,108391.0,21984.55791
1761148800000,108390.0,108770.0,107448.0,107840.0,11612.54214
1761163200000,107821.0,108018.0,106685.0,107528.0,11201.83251
1761177600000,107528.0,108789.0,107458.0,108377.0,6906.60179
1761192000000,108377.0,110333.0,108356.0,109289.0,6813.80416
1761206400000,109289.0,109915.0,109075.0,109263.0,4868.51613
1761220800000,109264.0,110130.0,108700.0,109910.0,7368.0177
1761235200000,109909.0,111332.0,109653.0,110233.0,9097.14228
1761249600000,110234.0,110234.0,109335.0,110063.0,5181.81514
1761264000000,110062.0,110815.0,109980.0,110430.0,2991.09158
1761278400000,110430.0,111556.0,110325.0,111072.0,3682.71992
1761292800000,111071.0,111508.0,110630.0,111100.0,3778.53494
1761307200000,111099.0,112142.0,109800.0,110109.0,10514.94421
1761321600000,110110.0,111001.0,109851.0,110659.0,3806.45036
1761336000000,110659.0,111200.0,110519.0,111060.0,2389.38532
1761350400000,111060.0,111267.0,110704.0,111057.0,1605.45935
1761364800000,111058.0,111888.0,111057.0,111551.0,2201.37534
1761379200000,111552.0,111888.0,111444.0,111635.0,1924.76437
1761393600000,111635.0,112000.0,111325.0,111396.0,2725.10741
1761408000000,111396.0,111772.0,111150.0,111669.0,2462.08583
1761422400000,111669.0,111730.0,111369.0,111683.0,1230.68443
1761436800000,111683.0,111934.0,111266.0,111271.0,1895.50974
1761451200000,111272.0,111756.0,111269.0,111756.0,1082.82593
1761465600000,111755.0,113515.0,111730.0,113309.0,4377.9143
1761480000000,113310.0,114145.0,113310.0,113734.0,4612.06622
1761494400000,113734.0,113892.0,113311.0,113637.0,3749.9864
1761508800000,113637.0,115777.0,112898.0,114601.0,7957.02846
1761523200000,114600.0,115540.0,114380.0,115050.0,4171.1837
1761537600000,115051.0,116475.0,115046.0,115566.0,4631.59448
1761552000000,115567.0,115618.0,114850.0,115377.0,3277.4038
1761566400000,115378.0,115529.0,114527.0,114992.0,6575.78992
1761580800000,114993.0,115834.0,114800.0,114960.0,3972.06625
1761595200000,114961.0,114970.0,113824.0,114111.0,4985.01088
1761609600000,114110.0,114544.0,113564.0,113903.0,4136.70834
1761624000000,113904.0,114352.0,113486.0,114170.0,2461.59895
1761638400000,114170.0,114658.0,114106.0,114350.0,2355.81607
1761652800000,114351.0,116129.0,114150.0,114640.0,10313.72062
1761667200000,114641.0,115601.0,113477.0,113694.0,6939.92837
1761681600000,113703.0,113716.0,112189.0,112864.0,12606.16512
1761696000000,112864.0,112927.0,112048.0,112502.0,3338.74476
1761710400000,112503.0,113570.0,112470.0,113569.0,2585.23389
1761724800000,113569.0,113627.0,112705.0,113134.0,2101.72839
1761739200000,113134.0,113617.0,111400.0,111510.0,7253.52291
1761753600000,111510.0,112024.0,109305.0,110675.0,19763.77406
1761768000000,110681.0,111872.0,109810.0,110102.0,6195.49685
1761782400000,110102.0,111091.0,109777.0,110833.0,4898.00519
1761796800000,110833.0,111673.0,107988.0,111430.0,13587.39628
1761811200000,111430.0,111511.0,109736.0,109784.0,3766.95242
1761825600000,109775.0,109835.0,107310.0,107752.0,14065.14434
1761840000000,107753.0,108292.0,106300.0,106526.0,12513.01844
1761854400000,106526.0,108394.0,106282.0,108360.0,5475.40721
1761868800000,108361.0,110083.0,108321.0,109241.0,7337.90805
1761883200000,109241.0,110259.0,109114.0,109450.0,3379.53876
1761897600000,109450.0,110544.0,109213.0,110447.0,4273.96557
1761912000000,110447.0,111170.0,109379.0,110199.0,7049.30604
1761926400000,110198.0,110280.0,108601.0,109820.0,7909.4665
1761940800000,109821.0,109832.0,109315.0,109587.0,2764.66498
1761955200000,109587.0,110292.0,109378.0,110237.0,2199.64225
1761969600000,110237.0,110569.0,109943.0,110076.0,1747.41377
1761984000000,110076.0,110291.0,109841.0,110141.0,1016.68082
1761998400000,110142.0,110361.0,109729.0,110308.0,1666.11684
1762012800000,110308.0,110540.0,110199.0,110322.0,1336.92531
1762027200000,110322.0,110536.0,109874.0,110120.0,1448.21735
1762041600000,110120.0,110279.0,109896.0,110060.0,792.48515
1762056000000,110061.0,111048.0,110034.0,110896.0,1629.12955
1762070400000,110897.0,111228.0,110341.0,111192.0,2861.6048
1762084800000,111192.0,111255.0,110073.0,110092.0,3114.67185
1762099200000,110092.0,110327.0,109697.0,110140.0,2962.3141
1762113600000,110139.0,110718.0,109409.0,110529.0,2869.34429
1762128000000,110528.0,110735.0,107842.0,107884.0,8396.58431
1762142400000,107889.0,108006.0,106969.0,107456.0,6971.91518
1762156800000,107455.0,107911.0,106680.0,107782.0,3542.78648
1762171200000,107781.0,108318.0,105240.0,105676.0,13734.11407
1762185600000,105675.0,107759.0,105248.0,107037.0,10595.10149
1762200000000,107037.0,107119.0,105741.0,106527.0,6799.13118
1762214400000,106528.0,107242.0,105810.0,107109.0,6060.00418
1762228800000,107109.0,107247.0,104132.0,104439.0,10218.79265
1762243200000,104440.0,104667.0,103547.0,104556.0,8118.92992
1762257600000,104555.0,104816.0,102899.0,103159.0,11557.54314
1762272000000,103161.0,103486.0,99970.0,100506.0,21787.20099
1762286400000,100506.0,101881.0,98895.0,101460.0,19940.53141
1762300800000,101462.0,102269.0,98927.0,102137.0,9899.95955
1762315200000,102143.0,102372.0,101477.0,101994.0,5067.71651
1762329600000,101994.0,102217.0,101168.0,102074.0,3928.95449
1762344000000,102074.0,103815.0,101896.0,103751.0,8519.02911
1762358400000,103751.0,104582.0,103085.0,104043.0,5704.62076
1762372800000,104043.0,104570.0,103315.0,103925.0,3577.40532
1762387200000,103925.0,103984.0,102785.0,103681.0,4750.59165
1762401600000,103680.0,104236.0,102911.0,103192.0,3210.6184
1762416000000,103192.0,103445.0,102595.0,103206.0,4084.35556
1762430400000,103205.0,103629.0,101537.0,101992.0,13056.64502
1762444800000,101992.0,102350.0,100191.0,101354.0,17908.42968
1762459200000,101354.0,101600.0,100468.0,101313.0,5737.93232
1762473600000,101312.0,102312.0,100700.0,101869.0,5230.11201
1762488000000,101869.0,102490.0,101550.0,101997.0,3207.25799
1762502400000,101997.0,102028.0,99737.0,100401.0,7687.38807
1762516800000,100398.0,101245.0,99237.0,100773.0,14028.74786
1762531200000,100774.0,103381.0,100466.0,103380.0,11856.89062
1762545600000,103381.0,104124.0,102937.0,103300.0,5450.27979
1762560000000,103301.0,103367.0,102497.0,102531.0,5540.82447
1762574400000,102531.0,102771.0,101867.0,102312.0,3407.37077
1762588800000,102311.0,102637.0,101691.0,101813.0,2800.35807
1762603200000,101813.0,102145.0,101428.0,101676.0,3623.85454
1762617600000,101676.0,102200.0,101465.0,101943.0,2975.93504
1762632000000,101942.0,102445.0,101909.0,102269.0,1431.83042
1762646400000,102269.0,102302.0,101340.0,101620.0,3491.10118
1762660800000,101621.0,102082.0,101589.0,101898.0,1287.31705
1762675200000,101898.0,102274.0,101464.0,102182.0,1829.57573
1762689600000,102181.0,104174.0,102003.0,103752.0,5855.63373
1762704000000,103749.0,104861.0,103308.0,104813.0,5861.15904
1762718400000,104814.0,105521.0,104105.0,104753.0,6454.13621
1762732800000,104748.0,106703.0,104291.0,106062.0,7007.43026
1762747200000,106062.0,106576.0,105890.0,106500.0,2748.70705
1762761600000,106501.0,106635.0,105876.0,106210.0,2895.93118
1762776000000,106211.0,106628.0,104610.0,105081.0,11831.34003
1762790400000,105082.0,106119.0,104800.0,105838.0,4885.63904
1762804800000,105840.0,106333.0,105246.0,106015.0,4728.2019
1762819200000,106016.0,107519.0,105522.0,106452.0,7845.81491
1762833600000,106452.0,106544.0,104699.0,104745.0,4155.59021
1762848000000,104744.0,105480.0,104730.0,105280.0,2267.0063
1762862400000,105281.0,105468.0,103163.0,103455.0,8298.25207
1762876800000,103455.0,103730.0,102794.0,103095.0,6520.39567
1762891200000,103096.0,103201.0,102454.0,103034.0,5837.72318
1762905600000,103033.0,103439.0,102642.0,103295.0,3322.84279
1762920000000,103295.0,103648.0,102987.0,103110.0,1915.62044
1762934400000,103110.0,105198.0,103110.0,104994.0,3406.28455
1762948800000,104993.0,105299.0,101889.0,102169.0,8659.94481
1762963200000,102168.0,102281.0,100729.0,101249.0,10240.90622
1762977600000,101250.0,102000.0,101077.0,101623.0,4574.44982
1762992000000,101624.0,102600.0,100851.0,102091.0,7174.77623
1763006400000,102092.0,104000.0,101628.0,103451.0,6852.05269
1763020800000,103451.0,103772.0,102527.0,102908.0,4660.58087
1763035200000,102909.0,103471.0,101138.0,101351.0,11812.69406
1763049600000,101350.0,101506.0,98111.0,98686.0,22873.58634
1763064000000,98685.0,100587.0,98000.0,99735.0,14401.42869
1763078400000,99735.0,99887.0,98706.0,99130.0,9153.43811
1763092800000,99130.0,99164.0,95900.0,97151.0,16461.1706
1763107200000,97150.0,97547.0,95651.0,96136.0,8669.66828
1763121600000,96136.0,97348.0,94471.0,96800.0,22465.13885
1763136000000,96800.0,97398.0,94800.0,95791.0,12749.09291
1763150400000,95790.0,95950.0,94079.0,94634.0,11310.03911
1763164800000,94633.0,96857.0,94615.0,96444.0,5820.83314
1763179200000,96444.0,96622.0,95948.0,96352.0,3441.66465
1763193600000,96352.0,96369.0,95638.0,95717.0,2341.9573
1763208000000,95718.0,96511.0,95585.0,96283.0,2587.2592
1763222400000,96284.0,96395.0,95716.0,96007.0,4433.34211
1763236800000,96007.0,96021.0,95115.0,95592.0,4671.45499
1763251200000,95593.0,95984.0,94838.0,95809.0,3205.23237
1763265600000,95816.0,96207.0,95651.0,96100.0,2165.25524
1763280000000,96100.0,96654.0,95523.0,95665.0,4503.43504
1763294400000,95664.0,95938.0,94395.0,94589.0,3580.31104
1763308800000,94589.0,95578.0,93756.0,94045.0,11823.54328
1763323200000,94044.0,94745.0,93025.0,94291.0,8444.11199
1763337600000,94291.0,95585.0,93775.0,95537.0,4645.95148
1763352000000,95536.0,95919.0,94912.0,95678.0,2406.33829
1763366400000,95678.0,96055.0,95340.0,95592.0,2608.6891
1763380800000,95591.0,96088.0,93583.0,94013.0,13286.50441
1763395200000,94014.0,94477.0,91631.0,91745.0,15188.99094
1763409600000,91745.0,92458.0,91355.0,92272.0,10431.3446
1763424000000,92273.0,92415.0,89704.0,90872.0,13355.98817
1763438400000,90872.0,90883.0,89262.0,90516.0,10055.35877
1763452800000,90516.0,91642.0,90509.0,91538.0,4444.61679
1763467200000,91538.0,93104.0,90928.0,92943.0,11063.58592
1763481600000,92943.0,93851.0,92611.0,93182.0,8148.21612
1763496000000,93182.0,93430.0,92450.0,92972.0,4157.87579
1763510400000,92973.0,92996.0,91671.0,91879.0,5461.8914
1763524800000,91879.0,92029.0,90025.0,91874.0,8456.31645
1763539200000,91874.0,91956.0,91068.0,91399.0,3625.80783
1763553600000,91398.0,92393.0,89870.0,89939.0,7423.16035
1763568000000,89938.0,90232.0,88652.0,88888.0,12710.97016
1763582400000,88888.0,91600.0,88617.0,91554.0,11163.77757
1763596800000,91554.0,92800.0,91188.0,92444.0,5563.01209
1763611200000,92444.0,93167.0,91680.0,92324.0,3627.15966
1763625600000,92325.0,92415.0,91450.0,91941.0,2019.82767
1763640000000,91940.0,92522.0,89825.0,89880.0,8905.0814
1763654400000,89880.0,89926.0,86109.0,86936.0,24263.09964
1763668800000,86937.0,88282.0,86343.0,86650.0,9811.19587
1763683200000,86650.0,87516.0,85334.0,85807.0,11305.3495
1763697600000,85808.0,86347.0,80255.0,84030.0,14670.19789
1763712000000,84027.0,84677.0,81651.0,82315.0,17329.5179
1763726400000,82308.0,85457.0,80614.0,82898.0,29704.57829
1763740800000,82898.0,85539.0,82288.0,84185.0,19290.66782
1763755200000,84184.0,85403.0,83433.0,85111.0,10658.98256
1763769600000,85112.0,85611.0,84166.0,84400.0,7149.31525
1763784000000,84399.0,84763.0,83788.0,84547.0,2882.97481
1763798400000,84547.0,84548.0,83450.0,84062.0,5242.90193
1763812800000,84061.0,84715.0,83581.0,84245.0,3363.65516
1763827200000,84245.0,84875.0,84184.0,84571.0,2712.44709
1763841600000,84571.0,85241.0,84222.0,84711.0,3969.38367
1763856000000,84711.0,86315.0,84648.0,86295.0,8791.92391
1763870400000,86296.0,86845.0,85357.0,85752.0,5303.40457
1763884800000,85747.0,86439.0,85741.0,86284.0,2441.17102
1763899200000,86284.0,87200.0,86230.0,87060.0,5778.23981
1763913600000,87061.0,87643.0,86451.0,87289.0,8652.58423
1763928000000,87290.0,88130.0,86712.0,86807.0,8183.80457
1763942400000,86807.0,88000.0,85881.0,87401.0,9275.41839
1763956800000,87405.0,87795.0,86382.0,86996.0,6001.33645
1763971200000,86995.0,86996.0,85672.0,86255.0,5999.33814
1763985600000,86254.0,86708.0,85231.0,86621.0,10952.84634
1764000000000,86622.0,88796.0,86621.0,88291.0,13119.45469
1764014400000,88290.0,89165.0,88189.0,88232.0,6436.0811
1764028800000,88233.0,88234.0,87416.0,87767.0,3797.8902
1764043200000,87768.0,88473.0,87291.0,87346.0,4115.30189
1764057600000,87346.0,87561.0,86637.0,87313.0,3887.8949
1764072000000,87314.0,87721.0,86050.0,86944.0,8779.08555
1764086400000,86945.0,88127.0,86129.0,86854.0,9789.50291
1764100800000,86855.0,87857.0,86525.0,87332.0,9706.53141
1764115200000,87331.0,88232.0,87029.0,87079.0,5865.23429
1764129600000,87080.0,87943.0,86847.0,87914.0,3340.9339
1764144000000,87908.0,87914.0,86622.0,87057.0,2708.02805
1764158400000,87056.0,87636.0,86207.0,86936.0,7447.17762
1764172800000,86935.0,90371.0,86930.0,89916.0,12885.26083
1764187200000,89917.0,90602.0,89453.0,90420.0,4111.54541
1764201600000,90421.0,91852.0,90026.0,91049.0,5974.11317
1764216000000,91049.0,91524.0,90845.0,91370.0,4154.4706
1764230400000,91371.0,91911.0,91181.0,91331.0,3282.9385
1764244800000,91331.0,91414.0,90409.0,90916.0,5215.01906
1764259200000,90916.0,91822.0,90810.0,91489.0,4710.86037
1764273600000,91489.0,91569.0,91064.0,91310.0,3145.05802
1764288000000,91310.0,91388.0,90611.0,91161.0,2411.07655
1764302400000,91162.0,91700.0,90842.0,90893.0,3897.25356
1764316800000,90893.0,92019.0,90879.0,91418.0,3271.19565
1764331200000,91418.0,93089.0,91362.0,92312.0,9160.46343
1764345600000,92311.0,92332.0,90147.0,91103.0,9420.9484
1764360000000,91103.0,91195.0,90654.0,90842.0,2783.44728
1764374400000,90842.0,91064.0,90490.0,90636.0,2097.76252
1764388800000,90637.0,90889.0,90251.0,90523.0,2365.44306
1764403200000,90523.0,90684.0,90329.0,90633.0,1274.25379
1764417600000,90633.0,91071.0,90478.0,91024.0,1886.63704
1764432000000,91024.0,91140.0,90091.0,90608.0,3221.03646
1764446400000,90608.0,91026.0,90365.0,90768.0,1555.50923
1764460800000,90769.0,91021.0,90430.0,90872.0,1415.62083
1764475200000,90871.0,91000.0,90621.0,90930.0,846.67088
1764489600000,90930.0,91578.0,90897.0,91003.0,2065.72835
1764504000000,91003.0,91923.0,90959.0,91400.0,2206.8827
1764518400000,91399.0,91820.0,91109.0,91419.0,1810.04117
1764532800000,91419.0,91591.0,90293.0,90326.0,3644.21702
1764547200000,90325.0,90376.0,86135.0,86314.0,18326.59579
1764561600000,86314.0,86540.0,85576.0,86516.0,6117.0657
1764576000000,86516.0,86890.0,86088.0,86097.0,3411.68028
1764590400000,86097.0,86652.0,83769.0,84645.0,19511.52585
1764604800000,84645.0,85509.0,84000.0,84990.0,11503.63225
1764619200000,84989.0,86811.0,84975.0,86216.0,9274.11705
1764633600000,86218.0,87295.0,86123.0,86928.0,4784.19981
1764648000000,86930.0,87228.0,86765.0,86959.0,2863.41908
1764662400000,86960.0,87562.0,86318.0,87325.0,4308.29585
1764676800000,87325.0,91132.0,87005.0,90800.0,15042.59063
1764691200000,90800.0,92217.0,90165.0,91842.0,13318.3846
1764705600000,91841.0,91956.0,90667.0,91237.0,6392.55355
1764720000000,91237.0,93051.0,90945.0,92594.0,6426.21764
1764734400000,92594.0,93935.0,92591.0,92973.0,6682.22279
1764748800000,92974.0,93344.0,92610.0,92961.0,4855.76922
1764763200000,92961.0,93642.0,91631.0,92338.0,10549.04919
1764777600000,92338.0,93486.0,91772.0,92990.0,6229.31921
1764792000000,92994.0,94140.0,92800.0,93395.0,4655.26407
1764806400000,93395.0,94031.0,92631.0,93498.0,6183.07611
1764820800000,93498.0,93542.0,92730.0,93345.0,3166.63882
1764835200000,93346.0,93581.0,92700.0,92898.0,2557.15639
1764849600000,92899.0,93236.0,91761.0,92940.0,7262.21031
1764864000000,92939.0,93130.0,90806.0,91927.0,8362.1861
1764878400000,91933.0,92683.0,91634.0,92034.0,3222.33605
1764892800000,92034.0,92660.0,91956.0,92143.0,2923.59347
1764907200000,92144.0,92464.0,91780.0,92205.0,2105.12449
1764921600000,92206.0,92223.0,90940.0,91298.0,3480.58468
1764936000000,91298.0,91440.0,89868.0,90406.0,10764.82142
1764950400000,90406.0,90455.0,88032.0,89586.0,15298.02708
1764964800000,89587.0,89706.0,88844.0,89294.0,4175.34335
1764979200000,89294.0,89769.0,89001.0,89634.0,1956.67052
1764993600000,89634.0,89724.0,89422.0,89546.0,758.85051
1765008000000,89546.0,89678.0,89171.0,89581.0,1565.07937
1765022400000,89582.0,90249.0,89451.0,89712.0,3004.66449
1765036800000,89712.0,89942.0,89229.0,89359.0,2597.00779
1765051200000,89359.0,89577.0,88848.0,89181.0,2779.59086
1765065600000,89182.0,89699.0,89128.0,89669.0,1651.44269
1765080000000,89669.0,89749.0,89140.0,89335.0,1185.71857
1765094400000,89336.0,89497.0,88996.0,89091.0,2069.69676
1765108800000,89091.0,89686.0,87666.0,89508.0,9481.86114
1765123200000,89507.0,91721.0,89059.0,91372.0,9201.84098
1765137600000,91372.0,91475.0,88893.0,90344.0,9503.99166
1765152000000,90345.0,91636.0,89794.0,91025.0,5012.36394
1765166400000,91025.0,91829.0,90969.0,91513.0,2189.66277
1765180800000,91513.0,92256.0,91434.0,91926.0,3886.22006
1765195200000,91926.0,92080.0,89565.0,89918.0,9199.43141
1765209600000,89918.0,90478.0,89619.0,90071.0,6376.56454
1765224000000,90072.0,91338.0,90072.0,90594.0,5973.63915
1765238400000,90594.0,90799.0,89754.0,90356.0,3306.88607
1765252800000,90357.0,90487.0,89500.0,90439.0,3191.02698
1765267200000,90439.0,90550.0,89871.0,90338.0,2179.46929
1765281600000,90340.0,92874.0,89958.0,92671.0,12142.474
1765296000000,92671.0,94569.0,92671.0,93757.0,14276.94565
1765310400000,93757.0,93811.0,92199.0,92654.0,7154.01003
1765324800000,92655.0,92740.0,91919.0,92381.0,4081.64571
1765339200000,92379.0,92779.0,92347.0,92752.0,2226.30746
1765353600000,92756.0,93220.0,91730.0,92085.0,3081.96984
1765368000000,92084.0,92184.0,91543.0,92027.0,4668.87701
1765382400000,92026.0,93231.0,91612.0,92900.0,14636.43684
1765396800000,92898.0,94444.0,91831.0,91961.0,13971.75189
1765411200000,91961.0,92028.0,89344.0,89860.0,8883.95318
1765425600000,89859.0,90440.0,89662.0,90236.0,2963.00122
1765440000000,90236.0,90469.0,89943.0,90202.0,1134.28535
1765454400000,90201.0,90624.0,89229.0,89849.0,8295.55826
1765468800000,89848.0,91500.0,89289.0,90787.0,8735.49283
1765483200000,90787.0,93544.0,90744.0,92481.0,13820.09489
1765497600000,92482.0,92728.0,91394.0,92254.0,4475.27261
1765512000000,92254.0,92723.0,92050.0,92413.0,3162.53838
1765526400000,92412.0,92614.0,92059.0,92399.0,1756.91943
1765540800000,92399.0,92645.0,89746.0,89903.0,9110.1244
1765555200000,89898.0,90629.0,89448.0,90156.0,8620.23499
1765569600000,90156.0,90369.0,89837.0,90228.0,1805.87297
1765584000000,90228.0,90427.0,90076.0,90309.0,851.41462
1765598400000,90309.0,90379.0,90237.0,90291.0,411.07091
1765612800000,90291.0,90624.0,90260.0,90311.0,1206.34881
1765627200000,90311.0,90446.0,89909.0,90062.0,1313.21803
1765641600000,90061.0,90231.0,89958.0,90152.0,527.92924
1765656000000,90152.0,90257.0,89724.0,90222.0,1274.87557
1765670400000,90222.0,90443.0,90086.0,90236.0,819.13285
1765684800000,90237.0,90303.0,90013.0,90210.0,793.49402
1765699200000,90209.0,90244.0,88587.0,89328.0,4483.98452
1765713600000,89320.0,89627.0,88833.0,88974.0,2251.67633
1765728000000,88974.0,89359.0,88442.0,88608.0,3623.55271
1765742400000,88605.0,88786.0,87558.0,88128.0,4692.75336
1765756800000,88129.0,90007.0,88044.0,89243.0,6860.4939
1765771200000,89243.0,89878.0,89243.0,89694.0,4601.14725
1765785600000,89694.0,89973.0,89534.0,89591.0,1686.42036
1765800000000,89592.0,89824.0,86601.0,87007.0,13193.32846
1765814400000,87007.0,87202.0,85123.0,86143.0,13901.85893
1765828800000,86141.0,86462.0,85491.0,86427.0,5033.32981
1765843200000,86427.0,86508.0,85334.0,85849.0,4902.06868
1765857600000,85850.0,86592.0,85236.0,85981.0,3447.61637
1765872000000,85982.0,87306.0,85877.0,87236.0,3633.56505
1765886400000,87236.0,88142.0,86088.0,87939.0,10504.73234
1765900800000,87940.0,88000.0,87015.0,87536.0,4545.66213
1765915200000,87535.0,87886.0,87285.0,87814.0,2150.02948
1765929600000,87814.0,87899.0,87100.0,87160.0,2736.74639
1765944000000,87160.0,87345.0,86150.0,87007.0,3859.98019
1765958400000,87007.0,87097.0,86206.0,86941.0,2703.35118
1765972800000,86939.0,90346.0,86766.0,87186.0,14709.1212
1765987200000,87188.0,87739.0,85270.0,85987.0,13363.38552
1766001600000,85988.0,86400.0,85626.0,86210.0,5456.06035
1766016000000,86210.0,86860.0,85833.0,86588.0,4810.60498
1766030400000,86587.0,86862.0,86341.0,86803.0,2560.24441
1766044800000,86802.0,87421.0,86652.0,87230.0,2368.85163
1766059200000,87232.0,89441.0,87072.0,88473.0,14648.5682
1766073600000,88473.0,88496.0,84410.0,84426.0,18237.19529
1766088000000,84426.0,85782.0,84395.0,85477.0,8103.4822
1766102400000,85477.0,87555.0,85090.0,86847.0,8196.89343
1766116800000,86848.0,88355.0,86650.0,87912.0,6122.56823
1766131200000,87912.0,88348.0,87696.0,88144.0,4499.05469
1766145600000,88144.0,89381.0,87489.0,87913.0,12540.01778
1766160000000,87913.0,88878.0,86661.0,87786.0,10557.9426
1766174400000,87787.0,88398.0,87544.0,88092.0,3661.62981
1766188800000,88093.0,88289.0,87908.0,88162.0,1690.50497
1766203200000,88162.0,88525.0,88053.0,88233.0,1461.5206
1766217600000,88232.0,88392.0,88046.0,88228.0,1102.56666
1766232000000,88228.0,88302.0,87715.0,88131.0,2396.89168
1766246400000,88130.0,88392.0,88044.0,88189.0,805.12827
1766260800000,88189.0,88404.0,88097.0,88317.0,1140.7846
1766275200000,88317.0,88383.0,87828.0,88035.0,1383.36432
1766289600000,88035.0,88166.0,88006.0,88137.0,522.44001
1766304000000,88137.0,89048.0,88104.0,88563.0,2116.76507
1766318400000,88563.0,88890.0,87597.0,88038.0,3671.14348
1766332800000,88037.0,88570.0,87899.0,88456.0,2494.44155
1766347200000,88456.0,88801.0,88044.0,88607.0,3319.13344
1766361600000,88608.0,89595.0,87829.0,88738.0,7209.77023
1766376000000,88739.0,89173.0,88683.0,89155.0,2249.05367
1766390400000,89155.0,90067.0,89076.0,89909.0,3723.9837
1766404800000,89909.0,90553.0,89140.0,89687.0,12307.96284
1766419200000,89687.0,90077.0,87916.0,88014.0,6902.79277
1766433600000,88014.0,88744.0,87863.0,88573.0,4195.68623
1766448000000,88567.0,88893.0,87714.0,88152.0,4811.16685
1766462400000,88152.0,88330.0,87035.0,87534.0,4278.89314
1766476800000,87534.0,87872.0,87270.0,87825.0,2494.76246
1766491200000,87826.0,87944.0,86571.0,87426.0,8080.84116
1766505600000,87427.0,88256.0,87140.0,87738.0,4562.63808
1766520000000,87738.0,88355.0,87151.0,87459.0,5407.60333
1766534400000,87459.0,87825.0,86835.0,87302.0,3919.02017
1766548800000,87303.0,87441.0,86760.0,86877.0,1449.23551
1766563200000,86877.0,87351.0,86661.0,87191.0,3526.57363
1766577600000,87190.0,87490.0,86401.0,87036.0,5579.24258
1766592000000,87036.0,87665.0,86905.0,87546.0,2047.30824
1766606400000,87546.0,88045.0,87506.0,87653.0,2715.28426
1766620800000,87652.0,87947.0,87504.0,87824.0,1634.04163
1766635200000,87825.0,87838.0,87627.0,87808.0,537.9472
1766649600000,87809.0,87858.0,87232.0,87493.0,1517.31827
1766664000000,87493.0,88575.0,87385.0,88319.0,3015.67787
1766678400000,88318.0,88450.0,87966.0,88123.0,2153.25177
1766692800000,88124.0,88150.0,86910.0,87200.0,4999.54346
1766707200000,87201.0,89433.0,86848.0,88787.0,5880.546
1766721600000,88787.0,89521.0,88309.0,88428.0,4461.3911
1766736000000,88427.0,88884.0,88400.0,88500.0,1854.38242
1766750400000,88499.0,89016.0,86633.0,87130.0,8461.24841
1766764800000,87131.0,87553.0,86782.0,87480.0,4065.55767
1766779200000,87478.0,87772.0,87281.0,87339.0,2890.30155
1766793600000,87338.0,87522.0,87222.0,87491.0,785.71961
1766808000000,87492.0,87683.0,87388.0,87519.0,883.69587
1766822400000,87519.0,87650.0,87350.0,87442.0,898.47695
1766836800000,87442.0,87573.0,87299.0,87519.0,441.43407
1766851200000,87519.0,87549.0,87405.0,87538.0,502.79302
1766865600000,87538.0,87950.0,87472.0,87844.0,1047.78286
1766880000000,87841.0,87940.0,87679.0,87717.0,821.13292
1766894400000,87715.0,87809.0,87581.0,87708.0,633.22543
1766908800000,87708.0,87974.0,87676.0,87848.0,1771.07178
1766923200000,87848.0,88059.0,87768.0,87797.0,616.67953
1766937600000,87797.0,87903.0,87453.0,87502.0,2337.05125
1766952000000,87502.0,88044.0,87408.0,87928.0,2876.36191
1766966400000,87927.0,90149.0,87792.0,90109.0,8075.35258
1766980800000,90109.0,90380.0,89463.0,89582.0,3295.16419
1766995200000,89582.0,89790.0,87524.0,87527.0,7240.91118
1767009600000,87527.0,88185.0,86736.0,87667.0,10371.27823
1767024000000,87666.0,88012.0,87284.0,87337.0,5421.19675
1767038400000,87338.0,87595.0,87069.0,87228.0,4224.34771
1767052800000,87227.0,87418.0,86824.0,87356.0,3208.76969
1767067200000,87356.0,87593.0,87125.0,87482.0,1573.38213
1767081600000,87482.0,88200.0,87482.0,87874.0,2502.0428
1767096000000,87875.0,89141.0,87818.0,88973.0,5297.00834
1767110400000,88973.0,89376.0,87924.0,88184.0,4596.62389
1767124800000,88185.0,88549.0,87842.0,88466.0,2713.86204
1767139200000,88467.0,88793.0,88155.0,88422.0,1800.19413
1767153600000,88422.0,88613.0,88306.0,88578.0,957.22566
1767168000000,88579.0,89000.0,88358.0,88985.0,1204.67609
1767182400000,88982.0,89178.0,87747.0,87927.0,5417.56959
1767196800000,87926.0,88030.0,87366.0,87534.0,4581.46271
1767211200000,87533.0,87886.0,87229.0,87632.0,2583.28593
1767225600000,87631.0,88096.0,87628.0,87839.0,1149.14539
1767240000000,87839.0,87854.0,87550.0,87642.0,869.00982
1767254400000,87641.0,88023.0,87632.0,88022.0,638.00029
1767268800000,88022.0,88096.0,87786.0,88011.0,2032.31103
1767283200000,88011.0,88495.0,87857.0,88377.0,2379.29776
1767297600000,88365.0,88888.0,88204.0,88809.0,3086.56871
1767312000000,88810.0,89094.0,88350.0,88910.0,3736.24891
1767326400000,88911.0,89059.0,88538.0,88827.0,2073.72245
1767340800000,88827.0,89899.0,88771.0,89459.0,7600.80719
1767355200000,89459.0,90079.0,88444.0,89366.0,9680.71041
1767369600000,89367.0,90956.0,89161.0,89849.0,11940.82863
1767384000000,89848.0,90356.0,89573.0,89932.0,2785.08663
1767398400000,89932.0,90369.0,89915.0,90274.0,1477.59144
1767412800000,90273.0,90430.0,89269.0,89528.0,3312.0725
1767427200000,89529.0,89952.0,89389.0,89720.0,2436.7517
1767441600000,89721.0,90214.0,89630.0,89934.0,1593.11124
1767456000000,89933.0,90190.0,89881.0,90079.0,2058.28685
1767470400000,90079.0,90711.0,89983.0,90600.0,3264.8932
1767484800000,90599.0,91555.0,90599.0,91190.0,5087.40379
1767499200000,91189.0,91834.0,91148.0,91494.0,2053.46354
1767513600000,91493.0,91577.0,91120.0,91256.0,1827.19631
1767528000000,91256.0,91373.0,90975.0,91294.0,2140.67428
1767542400000,91294.0,91411.0,90839.0,91101.0,2443.40345
1767556800000,91101.0,91571.0,91083.0,91511.0,2427.05806
1767571200000,91510.0,93366.0,91479.0,92844.0,7226.46472
1767585600000,92843.0,92925.0,92109.0,92497.0,3332.66064
1767600000000,92498.0,93146.0,92290.0,93114.0,6217.162
1767614400000,93115.0,93983.0,92368.0,93929.0,7314.22989
1767628800000,93929.0,94472.0,93202.0,94263.0,11810.48943
1767643200000,94264.0,94753.0,93764.0,93832.0,4029.72902
1767657600000,93831.0,94123.0,93493.0,93725.0,2303.59892
1767672000000,93726.0,93978.0,93133.0,93234.0,3031.6058
1767686400000,93234.0,93890.0,93164.0,93825.0,2576.20551
1767700800000,93826.0,94435.0,93327.0,93644.0,9651.00969
1767715200000,93643.0,93754.0,91316.0,92153.0,13175.12072
1767729600000,92151.0,93897.0,92150.0,93801.0,8017.11726
1767744000000,93801.0,93801.0,92285.0,92889.0,4869.55068
1767758400000,92889.0,93000.0,92561.0,92944.0,2600.63894
1767772800000,92943.0,93024.0,91621.0,92162.0,6172.81618
1767787200000,92159.0,92351.0,91133.0,91409.0,9123.35041
1767801600000,91408.0,91851.0,90677.0,91219.0,10425.71849
1767816000000,91219.0,91499.0,90804.0,91373.0,4319.7312
1767830400000,91373.0,91676.0,90591.0,90812.0,3056.72835
1767844800000,90812.0,91200.0,89622.0,90515.0,7647.31695
1767859200000,90514.0,90721.0,89750.0,90198.0,4347.64395
1767873600000,90198.0,90859.0,89300.0,90795.0,10990.7079
1767888000000,90800.0,91490.0,90336.0,90928.0,8409.21549
1767902400000,90928.0,91466.0,90542.0,91079.0,4145.31474
1767916800000,91079.0,91627.0,90815.0,91207.0,2728.25944
1767931200000,91207.0,91220.0,90710.0,90733.0,3575.86709
1767945600000,90734.0,90849.0,89645.0,90434.0,8628.36225
1767960000000,90434.0,92061.0,89834.0,91185.0,9615.57336
1767974400000,91185.0,91784.0,90143.0,90336.0,10807.69194
1767988800000,90334.0,90732.0,90131.0,90650.0,3535.43026
1768003200000,90651.0,90790.0,90520.0,90631.0,1039.90911
1768017600000,90631.0,90684.0,90400.0,90657.0,824.60415
1768032000000,90657.0,90800.0,90603.0,90715.0,367.97537
1768046400000,90715.0,90779.0,90517.0,90646.0,753.26577
1768060800000,90646.0,90737.0,90496.0,90603.0,757.70668
1768075200000,90603.0,90630.0,90349.0,90485.0,957.55256
1768089600000,90485.0,90715.0,90420.0,90712.0,674.689
1768104000000,90715.0,90845.0,90523.0,90676.0,1098.22487
1768118400000,90676.0,90779.0,90573.0,90703.0,749.19052
1768132800000,90704.0,91157.0,90639.0,90837.0,2893.54067
1768147200000,90837.0,91250.0,90623.0,90661.0,2271.84247
1768161600000,90661.0,91050.0,90207.0,90997.0,5503.19826
1768176000000,90998.0,92505.0,90674.0,91793.0,6058.94311
1768190400000,91794.0,92280.0,91366.0,91389.0,3137.08118
1768204800000,91389.0,91598.0,90330.0,90588.0,4060.28981
1768219200000,90592.0,91640.0,90081.0,91640.0,7078.94842
1768233600000,91639.0,92291.0,90876.0,91808.0,14765.61743
1768248000000,91807.0,92013.0,90874.0,91249.0,4565.38488
1768262400000,91249.0,91500.0,90991.0,91382.0,4163.28191
1768276800000,91383.0,92293.0,91309.0,91950.0,7712.35664
1768291200000,91950.0,92686.0,91915.0,91992.0,3882.81861
1768305600000,91993.0,93434.0,91779.0,93434.0,9106.50784
1768320000000,93435.0,94200.0,93019.0,94176.0,9027.59645
1768334400000,94177.0,96626.0,94020.0,95374.0,18269.45415
1768348800000,95374.0,95681.0,95084.0,95681.0,3627.30258
1768363200000,95680.0,95754.0,94544.0,95183.0,6021.45767
1768377600000,95182.0,95302.0,94714.0,94773.0,2307.9549
1768392000000,94773.0,97102.0,94647.0,96737.0,13517.53853
1768406400000,96737.0,97765.0,96263.0,97241.0,11110.15613
1768420800000,97241.0,97949.0,96799.0,96917.0,6714.43893
1768435200000,96917.0,96975.0,95747.0,95970.0,5284.50121
1768449600000,95970.0,96775.0,95948.0,96629.0,2403.97596
1768464000000,96629.0,97202.0,96269.0,96579.0,3197.11856
1768478400000,96580.0,97176.0,95436.0,96791.0,10146.73302
1768492800000,96791.0,97088.0,95075.0,95486.0,10989.97393
1768507200000,95487.0,95827.0,95085.0,95588.0,3689.02442
1768521600000,95589.0,95835.0,95308.0,95333.0,2740.53744
1768536000000,95333.0,95832.0,95150.0,95650.0,2456.03546
1768550400000,95651.0,95860.0,95288.0,95434.0,1880.67424
1768564800000,95434.0,95808.0,94302.0,94608.0,7231.61513
1768579200000,94609.0,95258.0,94536.0,95022.0,3382.13203
1768593600000,95022.0,95634.0,94701.0,95586.0,2327.3803
1768608000000,95586.0,95613.0,95239.0,95399.0,1566.01148
1768622400000,95398.0,95399.0,95059.0,95117.0,954.72975
1768636800000,95116.0,95336.0,95033.0,95336.0,831.26108
1768651200000,95336.0,95659.0,95199.0,95576.0,971.90583
1768665600000,95576.0,95583.0,95210.0,95291.0,1151.52669
1768680000000,95290.0,95413.0,95034.0,95144.0,1745.38818
1768694400000,95143.0,95261.0,94847.0,95194.0,1597.70098
1768708800000,95194.0,95240.0,95009.0,95024.0,523.87242
1768723200000,95024.0,95286.0,95008.0,95149.0,709.70003
1768737600000,95150.0,95370.0,94887.0,95110.0,1273.96559
1768752000000,95109.0,95524.0,95062.0,95387.0,1458.35523
1768766400000,95387.0,95537.0,93555.0,93621.0,6957.32862
1768780800000,93620.0,93621.0,91800.0,92682.0,11414.78608
1768795200000,92682.0,92810.0,92327.0,92783.0,2375.16072
1768809600000,92784.0,93338.0,92643.0,93152.0,3267.80306
1768824000000,93151.0,93196.0,92670.0,93010.0,1982.39968
1768838400000,93009.0,93384.0,92879.0,93065.0,2231.48052
1768852800000,93064.0,93331.0,92075.0,92581.0,6226.87484
1768867200000,92582.0,92821.0,92200.0,92379.0,3421.14087
1768881600000,92379.0,92424.0,90688.0,91122.0,11432.21353
1768896000000,91122.0,91376.0,90622.0,91162.0,3836.33058
1768910400000,91162.0,91309.0,89797.0,90633.0,11936.31012
1768924800000,90633.0,90924.0,89260.0,89704.0,10974.95889
1768939200000,89703.0,89838.0,87804.0,88404.0,9364.75159
1768953600000,88403.0,89581.0,88214.0,89395.0,3245.65379
1768968000000,89395.0,90107.0,89036.0,89174.0,2729.63895
1768982400000,89174.0,89458.0,88648.0,88741.0,2059.01668
1768996800000,88741.0,90500.0,88129.0,90230.0,10973.35911
1769011200000,90230.0,90400.0,87200.0,90312.0,20700.30653
1769025600000,90312.0,90344.0,89293.0,89401.0,7762.80826
1769040000000,89400.0,90312.0,89393.0,89842.0,2512.3245
1769054400000,89842.0,90167.0,89728.0,89764.0,1876.62662
1769068800000,89764.0,90126.0,89708.0,89897.0,1439.92344
1769083200000,89897.0,90300.0,88445.0,88956.0,7315.51003
1769097600000,88957.0,89917.0,88631.0,89738.0,7646.98726
1769112000000,89737.0,89900.0,89081.0,89500.0,5815.16135
1769126400000,89500.0,89918.0,89390.0,89878.0,2378.96899
1769140800000,89878.0,90035.0,89351.0,89490.0,3509.79108
1769155200000,89490.0,89575.0,88809.0,89160.0,4008.65779
1769169600000,89160.0,89818.0,88510.0,89706.0,7604.97831
1769184000000,89706.0,91206.0,89434.0,89935.0,11540.90868
1769198400000,89934.0,90116.0,89159.0,89552.0,3780.47588
1769212800000,89552.0,89883.0,89369.0,89719.0,871.81834
1769227200000,89719.0,89812.0,89527.0,89584.0,569.37221
1769241600000,89584.0,89647.0,89539.0,89559.0,451.78594
1769256000000,89560.0,89560.0,89143.0,89222.0,684.0931
1769270400000,89222.0,89411.0,89115.0,89275.0,1140.01268
1769284800000,89275.0,89447.0,89154.0,89171.0,561.25983
1769299200000,89172.0,89278.0,88780.0,88913.0,1186.62524
1769313600000,88914.0,89045.0,88600.0,88615.0,1165.75279
1769328000000,88616.0,88720.0,88069.0,88525.0,2079.8442
1769342400000,88525.0,88964.0,88352.0,88417.0,2602.61796
1769356800000,88418.0,88418.0,86117.0,86449.0,15116.91735
1769371200000,86450.0,86965.0,86051.0,86637.0,8556.52398
1769385600000,86638.0,87921.0,86469.0,87235.0,6258.2658
1769400000000,87236.0,88033.0,87204.0,87961.0,1955.02795
1769414400000,87962.0,88369.0,87560.0,87804.0,3128.95961
1769428800000,87804.0,88840.0,87264.0,87602.0,10890.24859
1769443200000,87603.0,88512.0,86946.0,87968.0,6170.86287
1769457600000,87967.0,88651.0,87507.0,88299.0,4111.30802
1769472000000,88299.0,88873.0,88146.0,88751.0,2636.08087
1769486400000,88750.0,88977.0,88241.0,88290.0,1171.74703
1769500800000,88290.0,88360.0,87692.0,87955.0,2098.70472
1769515200000,87955.0,88418.0,87527.0,88006.0,3820.74074
1769529600000,88007.0,88780.0,87256.0,88372.0,7585.22976
1769544000000,88373.0,89499.0,88351.0,89215.0,6054.34335
1769558400000,89216.0,89469.0,88958.0,89093.0,2421.00991
1769572800000,89092.0,89374.0,88801.0,89110.0,2139.71947
1769587200000,89110.0,90150.0,88836.0,90071.0,7402.59681
1769601600000,90070.0,90497.0,88793.0,89446.0,11414.4128
1769616000000,89445.0,90587.0,88960.0,89370.0,10061.1073
1769630400000,89369.0,89874.0,88811.0,89276.0,5009.87039
1769644800000,89276.0,89316.0,87647.0,88019.0,13606.52534
1769659200000,88019.0,88411.0,87866.0,88327.0,3683.09887
1769673600000,88326.0,88567.0,87704.0,87795.0,10083.54643
1769688000000,87795.0,88129.0,84323.0,84911.0,21221.98243
1769702400000,84910.0,85626.0,83360.0,83995.0,23339.97168
1769716800000,83996.0,84720.0,83810.0,84641.0,4863.67329
1769731200000,84639.0,84709.0,81000.0,82641.0,16893.39216
1769745600000,82641.0,83319.0,82013.0,82776.0,6863.34271
1769760000000,82776.0,83284.0,82108.0,83119.0,3918.49537
1769774400000,83119.0,83803.0,82272.0,82846.0,12400.32405
1769788800000,82845.0,84600.0,81829.0,84216.0,16002.97259
1769803200000,84220.0,84500.0,83509.0,84241.0,8807.84063
1769817600000,84240.0,84251.0,83775.0,83991.0,2812.59901
1769832000000,83990.0,84128.0,83360.0,83518.0,3184.47413
1769846400000,83517.0,83597.0,82521.0,82986.0,3036.69933
1769860800000,82987.0,83121.0,80792.0,81269.0,11194.19131
1769875200000,81268.0,82123.0,75280.0,77730.0,41633.65545
1769889600000,77730.0,79222.0,77058.0,78728.0,11584.43329
1769904000000,78728.0,79417.0,78290.0,78841.0,5357.62937
1769918400000,78841.0,79116.0,77958.0,78333.0,3415.3999
1769932800000,78333.0,79203.0,78106.0,78714.0,3534.59598
1769947200000,78713.0,78743.0,76768.0,77546.0,13313.77669
1769961600000,77546.0,78404.0,76941.0,77133.0,7478.77004
1769976000000,77132.0,77730.0,75620.0,76928.0,19194.50213
1769990400000,76928.0,78098.0,74564.0,76248.0,14839.71999
1770004800000,76256.0,76920.0,74856.0,76603.0,9715.36489
1770019200000,76610.0,77925.0,76575.0,77718.0,4614.69209
1770033600000,77719.0,79286.0,77467.0,78784.0,12589.15947
1770048000000,78785.0,79233.0,78227.0,78283.0,5410.0117
1770062400000,78288.0,78913.0,77859.0,78684.0,3251.42469
1770076800000,78684.0,79154.0,77596.0,78691.0,5327.23507
1770091200000,78691.0,78957.0,77886.0,78743.0,3467.48394
1770105600000,78743.0,79042.0,77905.0,78034.0,3103.44169
1770120000000,78035.0,78415.0,77011.0,78095.0,9288.58038
1770134400000,78094.0,78107.0,72900.0,74897.0,30803.8383
1770148800000,74898.0,76918.0,74565.0,75731.0,15309.4366
1770163200000,75732.0,76947.0,75421.0,76672.0,6399.27666
1770177600000,76672.0,76803.0,76068.0,76477.0,2700.6011
1770192000000,76477.0,76565.0,75639.0,76020.0,4099.96319
1770206400000,76020.0,76244.0,73751.0,74092.0,18375.65238
1770220800000,74092.0,74206.0,72170.0,73916.0,24093.76519
1770235200000,73916.0,74144.0,71820.0,73147.0,11658.05077
1770249600000,73139.0,73310.0,71121.0,71202.0,12343.25173
1770264000000,71202.0,71594.0,70114.0,70725.0,14380.01878
1770278400000,70730.0,71956.0,69886.0,70298.0,9530.61735
1770292800000,70299.0,70853.0,66709.0,67465.0,46009.64167
1770307200000,67465.0,68700.0,65160.0,65235.0,36291.77463
1770321600000,65235.0,65671.0,62156.0,62894.0,55722.87084
1770336000000,62894.0,65968.0,60000.0,64133.0,38025.93341
1770350400000,64131.0,66794.0,63918.0,64794.0,12307.29243
1770364800000,64794.0,66703.0,64468.0,66589.0,8039.55248
1770379200000,66590.0,69111.0,66076.0,68544.0,22925.16264
1770393600000,68544.0,71448.0,68356.0,70680.0,24885.01117
1770408000000,70678.0,71684.0,69755.0,70516.0,11950.23292
1770422400000,70516.0,70877.0,69658.0,70867.0,4884.86346
1770436800000,70869.0,71656.0,67244.0,68038.0,11708.59967
1770451200000,68039.0,68723.0,67535.0,67926.0,5988.82137
1770465600000,67926.0,69933.0,67869.0,69113.0,8174.94972
1770480000000,69113.0,69837.0,68518.0,69338.0,10727.23273
1770494400000,69339.0,69703.0,68740.0,69236.0,3691.02039
1770508800000,69237.0,69665.0,68840.0,69054.0,2872.06297
1770523200000,69054.0,69676.0,68922.0,69675.0,1859.91517
1770537600000,69670.0,71179.0,69477.0,70956.0,5024.8623
1770552000000,70956.0,71525.0,70657.0,71150.0,4879.83689
1770566400000,71149.0,71495.0,70203.0,71385.0,5206.03152
1770580800000,71389.0,72271.0,69929.0,70297.0,10297.16965
1770595200000,70290.0,71417.0,70021.0,71269.0,5066.14595
1770609600000,71269.0,71324.0,70278.0,70394.0,3312.48314
1770624000000,70396.0,70587.0,68366.0,68876.0,7730.98735
1770638400000,68880.0,69834.0,68263.0,69539.0,10664.26927
1770652800000,69540.0,71044.0,69060.0,70924.0,9679.20386
1770667200000,70919.0,71094.0,69773.0,70093.0,5170.13065
1770681600000,70093.0,70499.0,69172.0,69475.0,3978.32912
1770696000000,69474.0,69872.0,68640.0,68879.0,2887.18208
1770710400000,68882.0,69384.0,68407.0,68505.0,4490.0896
1770724800000,68506.0,69555.0,67887.0,69269.0,13634.5622
1770739200000,69259.0,69983.0,68569.0,69027.0,7629.938
1770753600000,69027.0,69102.0,68332.0,68801.0,3910.58976
1770768000000,68802.0,69270.0,67969.0,68144.0,2881.52207
1770782400000,68145.0,68281.0,66518.0,67001.0,5979.43804
1770796800000,67001.0,67098.0,66350.0,67032.0,5280.89136
1770811200000,67033.0,68764.0,65700.0,66479.0,20887.75984
1770825600000,66482.0,67820.0,65839.0,67555.0,7975.26796
1770840000000,67555.0,68308.0,66733.0,67059.0,7434.98318
1770854400000,67058.0,68005.0,67017.0,67552.0,5736.66459
1770868800000,67551.0,67643.0,66623.0,67188.0,2268.18013
1770883200000,67180.0,68261.0,66861.0,68047.0,5499.36681
1770897600000,68046.0,68399.0,66963.0,67111.0,8863.56342
1770912000000,67111.0,67199.0,65097.0,65777.0,15723.41109
1770926400000,65776.0,66461.0,65194.0,66244.0,6095.23067
1770940800000,66245.0,66750.0,65827.0,66518.0,3647.41454
1770955200000,66518.0,66639.0,65962.0,66175.0,2323.88719
1770969600000,66175.0,67184.0,66162.0,67127.0,2707.67324
1770984000000,67128.0,69282.0,66821.0,68663.0,12799.2643
1770998400000,68663.0,69456.0,68502.0,68906.0,8444.99073
1771012800000,68906.0,69055.0,68648.0,68822.0,2579.67761
1771027200000,68823.0,69121.0,68745.0,68953.0,1306.58693
1771041600000,68952.0,69330.0,68705.0,69193.0,1256.24573
1771056000000,69194.0,70532.0,69187.0,70484.0,3856.63624
1771070400000,70484.0,70521.0,69200.0,69760.0,6320.90074
1771084800000,69762.0,69895.0,69263.0,69851.0,2383.63388
1771099200000,69851.0,70226.0,69644.0,69792.0,2995.32354
1771113600000,69792.0,69970.0,69226.0,69928.0,2346.02601
1771128000000,69929.0,70888.0,69928.0,70790.0,4577.36999
1771142400000,70790.0,70949.0,70156.0,70263.0,2051.77671
1771156800000,70263.0,70384.0,68747.0,69059.0,5701.45339
1771171200000,69060.0,69066.0,68034.0,68264.0,3649.01812
1771185600000,68265.0,69065.0,68088.0,68798.0,2701.53536
1771200000000,68800.0,69036.0,68113.0,68389.0,2289.59988
1771214400000,68389.0,68867.0,68201.0,68555.0,1877.56393
1771228800000,68554.0,69024.0,68300.0,68787.0,2167.66614
1771243200000,68787.0,70099.0,67270.0,67506.0,10199.63513
1771257600000,67506.0,68218.0,67480.0,67881.0,3478.64029
1771272000000,67877.0,68950.0,67800.0,68870.0,3402.57974
1771286400000,68870.0,69213.0,68363.0,68449.0,3434.35649
1771300800000,68448.0,68678.0,67857.0,68355.0,1800.27171
1771315200000,68356.0,68444.0,67647.0,67821.0,3385.3619
1771329600000,67821.0,68322.0,66600.0,67357.0,10671.4221
1771344000000,67356.0,68219.0,66871.0,67768.0,8656.19608
1771358400000,67767.0,67913.0,67367.0,67480.0,3032.58319
1771372800000,67481.0,67681.0,66858.0,67607.0,3150.80372
1771387200000,67608.0,68181.0,67479.0,68087.0,2483.83537
1771401600000,68086.0,68442.0,67049.0,67337.0,3830.42691
1771416000000,67337.0,68339.0,66678.0,67675.0,6851.42232
1771430400000,67676.0,67679.0,65834.0,66137.0,12842.80506
1771444800000,66137.0,66493.0,66054.0,66436.0,4130.21208
1771459200000,66436.0,66959.0,66307.0,66953.0,1941.79964
1771473600000,66954.0,67300.0,66665.0,67190.0,2188.69216
1771488000000,67189.0,67189.0,66461.0,66480.0,3728.09492
1771502400000,66480.0,66712.0,65619.0,66377.0,10962.7225
1771516800000,66378.0,67190.0,65875.0,67043.0,6759.77725
1771531200000,67040.0,67158.0,66629.0,66981.0,2981.59426
1771545600000,66982.0,67491.0,66934.0,67347.0,2366.11141
1771560000000,67348.0,67999.0,67095.0,67813.0,3650.73483
1771574400000,67813.0,68300.0,67227.0,67285.0,3985.60286
1771588800000,67284.0,68101.0,66422.0,67549.0,17849.70204
1771603200000,67547.0,67978.0,66918.0,67601.0,9248.33117
1771617600000,67602.0,68225.0,67491.0,67980.0,3923.78431
1771632000000,67979.0,68066.0,67481.0,67632.0,1366.23533
1771646400000,67631.0,67894.0,67557.0,67821.0,767.49215
1771660800000,67821.0,68264.0,67784.0,68055.0,2199.92996
1771675200000,68055.0,68661.0,67877.0,68578.0,2380.35703
1771689600000,68577.0,68620.0,68050.0,68511.0,3448.67067
1771704000000,68510.0,68562.0,67869.0,67935.0,1841.00887
1771718400000,67932.0,68185.0,67763.0,68010.0,1570.4331
1771732800000,68010.0,68142.0,67857.0,67971.0,1033.348
1771747200000,67971.0,68225.0,67885.0,68180.0,1336.04632
1771761600000,68179.0,68200.0,67280.0,67657.0,3864.69236
1771776000000,67656.0,67685.0,67145.0,67391.0,2786.40809
1771790400000,67390.0,67713.0,67306.0,67602.0,1784.72996
1771804800000,67602.0,67637.0,64260.0,64902.0,11080.55287
1771819200000,64902.0,65981.0,64656.0,65928.0,6314.68086
1771833600000,65929.0,66570.0,65540.0,66166.0,5005.68305
1771848000000,66166.0,66472.0,65500.0,65623.0,6753.6369
1771862400000,65621.0,65684.0,64072.0,64270.0,12403.56023
1771876800000,64270.0,65000.0,63859.0,64631.0,6151.32087
1771891200000,64631.0,64994.0,63313.0,63559.0,11792.03372
1771905600000,63560.0,63599.0,62667.0,63173.0,6504.60794
1771920000000,63171.0,63414.0,62909.0,63196.0,3210.60037
1771934400000,63197.0,64023.0,62468.0,63957.0,11196.35257
1771948800000,63956.0,64719.0,63650.0,64403.0,11485.09426
1771963200000,64403.0,64548.0,63781.0,64015.0,6390.01064
1771977600000,64015.0,66326.0,63852.0,65356.0,13362.59514
1771992000000,65357.0,65630.0,64726.0,64997.0,3720.16862
1772006400000,64997.0,65657.0,64931.0,65398.0,2121.52391
1772020800000,65398.0,67534.0,65297.0,67368.0,8786.27455
1772035200000,67366.0,69495.0,67366.0,68994.0,16079.43921
1772049600000,68993.0,69984.0,67511.0,67944.0,10207.64422
1772064000000,67945.0,68662.0,67686.0,68193.0,5613.26378
1772078400000,68193.0,68816.0,67800.0,67800.0,4518.68367
1772092800000,67801.0,68692.0,67771.0,68012.0,4557.30109
1772107200000,68011.0,68259.0,66765.0,67354.0,10460.66897
1772121600000,67353.0,67910.0,66488.0,67567.0,10654.01324
1772136000000,67567.0,67797.0,67121.0,67453.0,2606.65226
1772150400000,67452.0,67695.0,66850.0,67572.0,3979.07451
1772164800000,67571.0,68178.0,67425.0,67654.0,4516.8863
1772179200000,67654.0,68127.0,65935.0,66103.0,8246.94501
1772193600000,66103.0,66318.0,65638.0,66081.0,7629.319
1772208000000,66080.0,66097.0,65085.0,65362.0,6455.9199
1772222400000,65361.0,65924.0,64849.0,65837.0,3451.91446
1772236800000,65838.0,65983.0,65685.0,65754.0,1896.56665
1772251200000,65754.0,65781.0,62983.0,63783.0,10691.80431
1772265600000,63782.0,64258.0,63313.0,63782.0,7217.33025
1772280000000,63781.0,65333.0,63777.0,64800.0,10751.02015
1772294400000,64799.0,66620.0,64636.0,66326.0,8660.9341
1772308800000,66325.0,67760.0,66163.0,66931.0,13332.13007
1772323200000,66931.0,68173.0,66026.0,67479.0,9317.09464
1772337600000,67479.0,67574.0,66750.0,67113.0,4248.77847
1772352000000,67112.0,67267.0,66193.0,66430.0,4626.9989
1772366400000,66430.0,67275.0,66087.0,66796.0,4753.36163
1772380800000,66796.0,67073.0,65658.0,65919.0,5320.64391
1772395200000,65919.0,66500.0,65000.0,65734.0,7850.87261
1772409600000,65734.0,67027.0,65724.0,66789.0,5537.13924
1772424000000,66790.0,66959.0,65515.0,65968.0,5014.1802
1772438400000,65969.0,66692.0,65631.0,66337.0,4056.93727
1772452800000,66334.0,69597.0,65250.0,69093.0,18947.93251
1772467200000,69092.0,70067.0,68534.0,68916.0,11362.44201
1772481600000,68916.0,69492.0,68528.0,68774.0,6294.32562
1772496000000,68773.0,69199.0,68200.0,68327.0,4226.50562
1772510400000,68326.0,68546.0,67800.0,68148.0,4888.69227
1772524800000,68151.0,68279.0,66371.0,67012.0,11989.85629
1772539200000,67012.0,67968.0,66104.0,67691.0,12505.07259
1772553600000,67692.0,69000.0,67466.0,68391.0,17108.19555
1772568000000,68393.0,68837.0,67791.0,68299.0,3873.38417
1772582400000,68298.0,68877.0,67351.0,67695.0,7396.2534
1772596800000,67694.0,69635.0,67407.0,69473.0,10802.05146
1772611200000,69474.0,71850.0,69123.0,71077.0,15920.12431
1772625600000,71077.0,73429.0,70548.0,73344.0,17883.76212
1772640000000,73344.0,73995.0,72479.0,73562.0,12110.69252
1772654400000,73562.0,73634.0,72255.0,72633.0,5829.34038
1772668800000,72634.0,73233.0,72286.0,72451.0,5652.28763
1772683200000,72451.0,73043.0,71750.0,72024.0,7132.01733
1772697600000,72025.0,73500.0,71720.0,72886.0,7570.24938
1772712000000,72885.0,73020.0,71138.0,71617.0,11708.24286
1772726400000,71617.0,71626.0,70610.0,70891.0,8258.21648
1772740800000,70891.0,71543.0,70748.0,70828.0,4748.02563
1772755200000,70827.0,71388.0,70333.0,71049.0,4630.03578
1772769600000,71049.0,71150.0,70087.0,71024.0,6580.28757
1772784000000,71024.0,71049.0,70166.0,70185.0,3638.81227
1772798400000,70184.0,70323.0,68124.0,68484.0,22167.37972
1772812800000,68484.0,68764.0,67720.0,68099.0,13049.95121
1772827200000,68100.0,68415.0,67749.0,68082.0,6054.91303
1772841600000,68082.0,68533.0,68019.0,68063.0,2393.12281
1772856000000,68064.0,68119.0,67401.0,67807.0,3877.4207
1772870400000,67808.0,68204.0,67681.0,67981.0,3681.77921
1772884800000,67980.0,68062.0,67590.0,67852.0,4554.49447
1772899200000,67852.0,67928.0,66898.0,67053.0,5010.16161
1772913600000,67053.0,67450.0,67036.0,67230.0,3026.42503
1772928000000,67230.0,67461.0,66800.0,67001.0,3525.70377
1772942400000,67001.0,67417.0,66514.0,67289.0,3964.21128
1772956800000,67288.0,68161.0,67120.0,67483.0,5520.79992
1772971200000,67482.0,67615.0,66782.0,67175.0,5592.12576
1772985600000,67174.0,67453.0,66700.0,67304.0,5115.57093
1773000000000,67304.0,67495.0,65573.0,65933.0,11423.58124
1773014400000,65933.0,67632.0,65780.0,67170.0,9491.72563
1773028800000,67170.0,68041.0,66862.0,67513.0,10597.47253
1773043200000,67513.0,68426.0,67314.0,67732.0,6912.36508
1773057600000,67733.0,69444.0,67729.0,68832.0,11860.62753
1773072000000,68831.0,69460.0,68183.0,68953.0,10834.05819
1773086400000,68949.0,69092.0,68334.0,68389.0,6518.536
1773100800000,68388.0,70598.0,68346.0,69394.0,10003.19946
1773115200000,69394.0,70500.0,69394.0,70363.0,5728.80522
1773129600000,70363.0,71269.0,70336.0,70555.0,8037.15389
1773144000000,70553.0,71760.0,69250.0,71307.0,11351.66822
1773158400000,71308.0,71650.0,69691.0,69997.0,8831.40899
1773172800000,69994.0,70358.0,69400.0,69898.0,4202.60905
1773187200000,69897.0,70128.0,69434.0,69511.0,3528.12728
1773201600000,69511.0,70244.0,69364.0,69614.0,4138.83568
1773216000000,69619.0,69747.0,69126.0,69129.0,2983.89311
1773230400000,69128.0,71046.0,68947.0,70180.0,15001.57191
1773244800000,70180.0,71294.0,70124.0,70598.0,8550.48274
1773259200000,70597.0,70898.0,70068.0,70135.0,4141.95819
1773273600000,70136.0,70312.0,69176.0,69379.0,3777.22693
1773288000000,69380.0,69819.0,69163.0,69786.0,3301.26608
1773302400000,69787.0,70770.0,69538.0,70388.0,5201.13557
1773316800000,70389.0,70608.0,69303.0,70278.0,9934.09011
1773331200000,70279.0,70537.0,69725.0,70400.0,7223.98812
1773345600000,70403.0,70700.0,69981.0,70500.0,4256.20895
1773360000000,70500.0,71986.0,70353.0,71376.0,10415.47225
1773374400000,71375.0,71655.0,71156.0,71598.0,3418.3118
1773388800000,71599.0,72570.0,71363.0,72202.0,7841.71828
1773403200000,72202.0,73869.0,71703.0,71801.0,13855.84559
1773417600000,71802.0,72216.0,70776.0,71135.0,10358.37683
1773432000000,71135.0,71462.0,70519.0,70901.0,5044.41898
1773446400000,70900.0,71124.0,70449.0,71039.0,3686.68219
1773460800000,71039.0,71262.0,70276.0,70564.0,3352.75063
1773475200000,70563.0,70734.0,70352.0,70709.0,1730.59639
1773489600000,70708.0,70911.0,70444.0,70545.0,3265.45284
1773504000000,70544.0,70698.0,70431.0,70660.0,1007.24341
1773518400000,70661.0,71216.0,70604.0,71180.0,1980.52828
1773532800000,71181.0,71590.0,70822.0,71313.0,2829.54493
1773547200000,71313.0,71750.0,71301.0,71420.0,1674.42995
1773561600000,71419.0,71931.0,71419.0,71809.0,2157.15203
1773576000000,71809.0,71809.0,71205.0,71444.0,2161.76244
1773590400000,71445.0,71950.0,71256.0,71516.0,3419.36479
1773604800000,71516.0,73182.0,71382.0,72778.0,8456.37652
1773619200000,72778.0,74263.0,72237.0,73535.0,6016.58914
1773633600000,73536.0,74395.0,73357.0,73413.0,5300.24029
1773648000000,73414.0,73794.0,72856.0,73519.0,3640.17082
1773662400000,73520.0,74472.0,72947.0,73235.0,11071.38194
1773676800000,73235.0,74381.0,73128.0,73930.0,7771.74941
1773691200000,73931.0,74898.0,73816.0,74854.0,9980.17848
1773705600000,74854.0,75972.0,74233.0,74426.0,13741.37408
1773720000000,74427.0,74649.0,73735.0,74210.0,6731.1981
1773734400000,74211.0,74415.0,73479.0,73996.0,4350.45812
1773748800000,73996.0,74866.0,73318.0,73881.0,9510.97868
1773763200000,73881.0,74774.0,73833.0,74477.0,5741.74814
1773777600000,74477.0,74775.0,73826.0,73864.0,3765.38559
1773792000000,73863.0,74638.0,73500.0,74416.0,4185.69846
1773806400000,74416.0,74457.0,73655.0,73850.0,2926.95922
1773820800000,73850.0,74250.0,72746.0,72915.0,4565.26004
1773835200000,72915.0,72935.0,70811.0,71442.0,13941.15919
1773849600000,71442.0,71951.0,70900.0,71032.0,8652.89384
1773864000000,71033.0,71390.0,70440.0,71213.0,5957.13784
1773878400000,71213.0,71570.0,70851.0,71181.0,4543.50152
1773892800000,71182.0,71182.0,69425.0,70151.0,7433.68714
1773907200000,70151.0,70527.0,69850.0,69896.0,4682.73787
1773921600000,69896.0,70111.0,68750.0,69376.0,11105.36056
1773936000000,69376.0,70603.0,69068.0,70254.0,10720.06733
1773950400000,70260.0,70701.0,69697.0,69919.0,5839.59702
1773964800000,69920.0,70824.0,69830.0,70715.0,3273.49302
1773979200000,70716.0,70950.0,70200.0,70829.0,3385.43324
1773993600000,70830.0,71360.0,70187.0,70446.0,4843.26772
1774008000000,70445.0,70650.0,69441.0,69829.0,9386.93392
1774022400000,69829.0,70161.0,69344.0,70137.0,7031.67855
1774036800000,70138.0,70882.0,69700.0,70474.0,7571.30517
1774051200000,70474.0,70787.0,70414.0,70637.0,1340.59978
1774065600000,70636.0,70849.0,70585.0,70688.0,1464.1011
1774080000000,70687.0,70727.0,70464.0,70610.0,1805.81969
1774094400000,70610.0,71076.0,70416.0,70594.0,2261.8137
1774108800000,70594.0,70623.0,70175.0,70358.0,2113.8999
1774123200000,70358.0,70475.0,68507.0,68874.0,4683.4624
1774137600000,68875.0,69554.0,68190.0,69300.0,7226.93892
1774152000000,69300.0,69475.0,68850.0,68874.0,1627.77748
1774166400000,68874.0,68943.0,68059.0,68172.0,2864.04225
1774180800000,68174.0,68960.0,68141.0,68805.0,4294.23556
1774195200000,68806.0,68842.0,68098.0,68160.0,2675.61188
1774209600000,68160.0,68465.0,67313.0,67831.0,10954.82807
1774224000000,67831.0,68570.0,67404.0,68043.0,4618.49202
1774238400000,68043.0,68880.0,67474.0,68286.0,5708.35079
1774252800000,68287.0,71502.0,67889.0,70075.0,16033.07527
1774267200000,70076.0,71785.0,69635.0,70088.0,15761.46226
1774281600000,70087.0,71218.0,70087.0,70636.0,7134.26662
1774296000000,70638.0,70966.0,70369.0,70860.0,4772.55857
1774310400000,70861.0,71074.0,70250.0,70499.0,3373.95176
1774324800000,70500.0,71385.0,70097.0,71266.0,3719.37202
1774339200000,71267.0,71336.0,70817.0,71126.0,2827.13848
1774353600000,71126.0,71153.0,69466.0,69837.0,11689.56982
1774368000000,69836.0,69973.0,68904.0,69335.0,8953.32333
1774382400000,69335.0,70824.0,69265.0,70553.0,7562.67093
1774396800000,70554.0,71045.0,70387.0,70691.0,4743.46263
1774411200000,70690.0,71338.0,70678.0,70900.0,5096.3398
1774425600000,70900.0,71998.0,70771.0,71656.0,7354.71943
1774440000000,71655.0,72034.0,70538.0,70814.0,10261.62353
1774454400000,70814.0,71770.0,70665.0,70845.0,6373.1074
1774468800000,70846.0,71546.0,70605.0,71303.0,3185.44969
1774483200000,71302.0,71411.0,70640.0,70871.0,3387.84819
1774497600000,70872.0,70877.0,69770.0,70066.0,4428.97133
1774512000000,70066.0,70106.0,69151.0,69221.0,4358.9542
1774526400000,69221.0,69848.0,68654.0,69063.0,9025.26549
1774540800000,69064.0,69149.0,68123.0,68524.0,7632.71271
1774555200000,68520.0,69477.0,68424.0,68806.0,6984.3983
1774569600000,68806.0,69152.0,68500.0,68735.0,2403.755
1774584000000,68735.0,68926.0,68267.0,68507.0,3466.83943
1774598400000,68507.0,68600.0,66144.0,66676.0,10192.3938
1774612800000,66675.0,66755.0,65703.0,66097.0,10221.42643
1774627200000,66097.0,66281.0,65550.0,66032.0,6956.83272
1774641600000,66032.0,66399.0,65801.0,66396.0,3380.76101
1774656000000,66397.0,66489.0,65903.0,66203.0,1671.91996
1774670400000,66203.0,66548.0,66088.0,66537.0,1343.28956
1774684800000,66538.0,66551.0,66108.0,66302.0,1360.75757
1774699200000,66303.0,67280.0,66217.0,66997.0,5010.09195
1774713600000,66996.0,67086.0,66672.0,66888.0,2062.11323
1774728000000,66889.0,66995.0,66261.0,66353.0,2703.69678
1774742400000,66353.0,67096.0,66267.0,66886.0,1751.13436
1774756800000,66885.0,66921.0,66531.0,66649.0,1404.12337
1774771200000,66648.0,66942.0,66378.0,66782.0,1492.33226
1774785600000,66782.0,66844.0,66295.0,66493.0,2398.1246
1774800000000,66494.0,66633.0,66115.0,66318.0,1968.25833
1774814400000,66318.0,66793.0,64904.0,65970.0,8535.88268
1774828800000,65969.0,67400.0,65759.0,67133.0,6468.56003
1774843200000,67135.0,67773.0,67129.0,67600.0,3047.29146
1774857600000,67599.0,67971.0,67325.0,67632.0,3454.70112
1774872000000,67632.0,68127.0,67043.0,67587.0,7574.59085
1774886400000,67586.0,67606.0,66184.0,66515.0,6299.36875
1774900800000,66515.0,66957.0,66361.0,66766.0,2982.97737
1774915200000,66766.0,68370.0,66491.0,67671.0,6923.22113
1774929600000,67672.0,67837.0,67069.0,67343.0,5580.34633
1774944000000,67342.0,67468.0,65951.0,66652.0,9983.36162
1774958400000,66652.0,67749.0,66395.0,66691.0,9845.29563
1774972800000,66690.0,68559.0,66690.0,67803.0,12136.57572
1774987200000,67803.0,68375.0,67782.0,68244.0,6573.00919
1775001600000,68243.0,68321.0,67553.0,68136.0,3498.62898
1775016000000,68136.0,69265.0,67992.0,68653.0,7989.84203
1775030400000,68653.0,68835.0,68350.0,68675.0,4902.76555
1775044800000,68676.0,68914.0,67845.0,68878.0,7882.49009
1775059200000,68878.0,69117.0,67904.0,68137.0,7096.35056
1775073600000,68136.0,68499.0,67914.0,68084.0,5111.87277
1775088000000,68083.0,68624.0,66445.0,66538.0,11616.31931
1775102400000,66538.0,66888.0,66179.0,66878.0,5378.94608
1775116800000,66878.0,66878.0,66103.0,66171.0,3866.85723
1775131200000,66172.0,67070.0,65697.0,66798.0,11547.15984
1775145600000,66798.0,67390.0,66549.0,66930.0,7356.41101
1775160000000,66937.0,67078.0,66673.0,66866.0,2579.40348
1775174400000,66866.0,66971.0,66246.0,66558.0,3474.21314
1775188800000,66558.0,67229.0,66384.0,67013.0,3237.92881
1775203200000,67013.0,67268.0,66631.0,66975.0,4086.01089
1775217600000,66976.0,67371.0,66480.0,66806.0,5801.59887
1775232000000,66806.0,67053.0,66720.0,66856.0,2419.16139
1775246400000,66856.0,66950.0,66785.0,66942.0,1902.52026
1775260800000,66930.0,66942.0,66772.0,66794.0,1016.25238
1775275200000,66795.0,67019.0,66728.0,66977.0,1135.71941
1775289600000,66977.0,67198.0,66864.0,67126.0,1863.88659
1775304000000,67125.0,67493.0,66989.0,67337.0,2204.56749
1775318400000,67336.0,67513.0,67227.0,67256.0,1591.02201
1775332800000,67256.0,67430.0,67151.0,67264.0,1331.02335
1775347200000,67263.0,67264.0,66922.0,67095.0,1280.64841
1775361600000,67095.0,67154.0,66565.0,66770.0,3177.56718
1775376000000,66770.0,67119.0,66770.0,66953.0,1874.64348
1775390400000,66953.0,67809.0,66637.0,67259.0,4072.6298
1775404800000,67259.0,67525.0,67134.0,67320.0,2130.34591
1775419200000,67320.0,69096.0,67290.0,68988.0,8513.32244
1775433600000,68989.0,69700.0,68753.0,69085.0,8786.68779
1775448000000,69085.0,69324.0,68752.0,69082.0,3593.01667
1775462400000,69083.0,70243.0,69051.0,69585.0,7223.81094
1775476800000,69585.0,69926.0,69120.0,69926.0,6210.63277
1775491200000,69925.0,70316.0,69223.0,69706.0,7124.70416
1775505600000,69705.0,69941.0,68282.0,68818.0,7612.34704
1775520000000,68817.0,69080.0,68230.0,68744.0,4212.70507
1775534400000,68744.0,68966.0,68399.0,68590.0,2897.50263
1775548800000,68589.0,69220.0,68026.0,68316.0,5028.41713
1775563200000,68315.0,68600.0,67695.0,68134.0,6590.50356
1775577600000,68133.0,69084.0,68045.0,68999.0,7151.04238
1775592000000,68999.0,72772.0,68997.0,71919.0,23302.00232
1775606400000,71920.0,72111.0,71235.0,71283.0,5641.80504
1775620800000,71284.0,71945.0,71272.0,71630.0,3509.13788
1775635200000,71630.0,71963.0,71378.0,71657.0,2531.12093
1775649600000,71656.0,72851.0,70676.0,71288.0,12050.0223
1775664000000,71288.0,71941.0,70979.0,71288.0,6602.43304
1775678400000,71288.0,71726.0,70845.0,71036.0,4097.43427
1775692800000,71036.0,71167.0,70425.0,70961.0,4274.70603
1775707200000,70961.0,71076.0,70646.0,70941.0,2510.78239
1775721600000,70942.0,71535.0,70830.0,71100.0,3775.20333
1775736000000,71099.0,72359.0,70495.0,72108.0,10777.04111
1775750400000,72109.0,72525.0,71710.0,72071.0,10780.88393
1775764800000,72070.0,73158.0,71513.0,71758.0,9245.53316
1775779200000,71757.0,72367.0,71564.0,71847.0,3369.69662
1775793600000,71848.0,72259.0,71388.0,71457.0,2529.94768
1775808000000,71457.0,72230.0,71405.0,72096.0,2753.01023
1775822400000,72095.0,73282.0,71870.0,72415.0,9755.82829
1775836800000,72416.0,73231.0,72355.0,73209.0,4727.18945
1775851200000,73208.0,73479.0,72726.0,72926.0,3962.53883
1775865600000,72926.0,73071.0,72650.0,72839.0,1141.24754
1775880000000,72839.0,72921.0,72592.0,72705.0,932.19383
1775894400000,72705.0,72887.0,72593.0,72880.0,1158.2607
1775908800000,72880.0,72957.0,72500.0,72830.0,1815.99584
1775923200000,72830.0,73773.0,72786.0,73659.0,5260.32201
1775937600000,73658.0,73669.0,72886.0,73015.0,2975.35642
1775952000000,73015.0,73115.0,71258.0,71570.0,8513.4005
1775966400000,71569.0,71767.0,71380.0,71643.0,2738.33976
1775980800000,71642.0,71727.0,71316.0,71438.0,2439.19564
1775995200000,71438.0,71475.0,70590.0,70849.0,4805.78137
1776009600000,70848.0,71194.0,70784.0,71044.0,2159.55436
1776024000000,71044.0,71413.0,70450.0,70705.0,6375.99667
1776038400000,70708.0,71248.0,70585.0,70952.0,3778.60358
1776052800000,70952.0,71105.0,70614.0,70791.0,3584.75768
1776067200000,70792.0,70955.0,70529.0,70888.0,2207.53649
1776081600000,70888.0,72436.0,70731.0,71830.0,10741.62348
1776096000000,71829.0,73425.0,71648.0,73267.0,8838.97301
1776110400000,73267.0,74907.0,72945.0,74387.0,12327.36232
1776124800000,74387.0,74545.0,73950.0,74417.0,3808.87606
1776139200000,74417.0,74893.0,74113.0,74508.0,3933.38964
1776153600000,74509.0,74876.0,74242.0,74339.0,4895.19151
1776168000000,74338.0,76000.0,74226.0,75264.0,15560.30455
1776182400000,75265.0,75634.0,73800.0,74158.0,8552.02208
1776196800000,74158.0,74381.0,73800.0,74098.0,5666.63945
1776211200000,74097.0,74726.0,74079.0,74300.0,3772.63773
1776225600000,74300.0,74400.0,73451.0,73687.0,3456.72171
1776240000000,73688.0,74220.0,73635.0,74161.0,4665.88099
1776254400000,74161.0,74470.0,73550.0,73797.0,5896.70845
1776268800000,73797.0,75255.0,73722.0,74930.0,5625.42552
1776283200000,74931.0,75400.0,74444.0,74774.0,5886.28768
1776297600000,74775.0,75228.0,74414.0,74849.0,4843.70784
1776312000000,74849.0,75147.0,74584.0,74671.0,3628.50098
1776326400000,74671.0,74880.0,74232.0,74531.0,4581.24943
1776340800000,74531.0,74974.0,73254.0,74653.0,13471.25747
1776355200000,74653.0,75386.0,73816.0,75316.0,8197.29177
1776369600000,75316.0,75499.0,74761.0,75130.0,4106.68224
1776384000000,75129.0,75129.0,74501.0,74578.0,1823.54488
1776398400000,74578.0,75066.0,74509.0,75042.0,1848.11053
1776412800000,75041.0,76316.0,74953.0,75541.0,8125.8564
1776427200000,75542.0,78000.0,75479.0,77717.0,20304.71323
1776441600000,77717.0,78279.0,76975.0,77345.0,8954.61019
1776456000000,77357.0,77555.0,76835.0,77021.0,3296.27517
1776470400000,77021.0,77369.0,76924.0,76954.0,2002.79472
1776484800000,76955.0,77228.0,76850.0,76956.0,1497.18285
1776499200000,76956.0,77000.0,75728.0,76004.0,5522.08316
1776513600000,76005.0,76315.0,75750.0,76120.0,3521.10891
1776528000000,76121.0,76164.0,75402.0,75608.0,4059.0397
1776542400000,75608.0,75836.0,75532.0,75642.0,2563.78777
1776556800000,75642.0,75802.0,75308.0,75467.0,2460.79242
1776571200000,75466.0,75728.0,74851.0,75210.0,3248.86967
1776585600000,75209.0,75597.0,74877.0,75565.0,3426.47616
1776600000000,75565.0,76195.0,75374.0,75811.0,5335.10199
1776614400000,75810.0,75818.0,74558.0,74926.0,5442.87669
1776628800000,74927.0,74927.0,73718.0,73741.0,7059.49353
1776643200000,73741.0,74722.0,73690.0,74606.0,4326.36205
1776657600000,74606.0,75522.0,74067.0,74797.0,3933.57331
1776672000000,74797.0,75375.0,74578.0,75154.0,2841.50168
1776686400000,75154.0,75722.0,74661.0,75668.0,7649.34451
1776700800000,75668.0,76444.0,75244.0,76260.0,6653.23335
1776715200000,76259.0,76540.0,75576.0,75802.0,3657.76746
1776729600000,75801.0,76223.0,75409.0,75669.0,4640.51283
1776744000000,75670.0,76278.0,75560.0,76054.0,3528.62389
1776758400000,76054.0,76881.0,76033.0,76410.0,5194.30427
1776772800000,76411.0,76592.0,75408.0,75802.0,10135.29729
1776787200000,75801.0,76146.0,74770.0,74972.0,7888.95451
1776801600000,74972.0,76398.0,74931.0,76288.0,7087.03487
1776816000000,76289.0,77697.0,76098.0,77497.0,7837.28646
1776830400000,77497.0,78419.0,77337.0,77965.0,6061.46174
1776844800000,77965.0,78344.0,77888.0,78261.0,3399.96401
1776859200000,78261.0,79350.0,78049.0,79223.0,9830.50051
1776873600000,79224.0,79400.0,78592.0,78798.0,4882.56658
1776888000000,78797.0,78865.0,78090.0,78137.0,3964.20862
1776902400000,78138.0,78530.0,77459.0,77722.0,8810.35353
1776916800000,77715.0,78311.0,77638.0,78012.0,2411.48368
1776931200000,78012.0,78145.0,77152.0,77659.0,5027.11158
1776945600000,77659.0,78649.0,77358.0,78343.0,7349.24386
1776960000000,78343.0,78479.0,76910.0,77688.0,10789.79728
1776974400000,77688.0,78316.0,77615.0,78226.0,3783.4552
1776988800000,78226.0,78548.0,77505.0,77710.0,4319.3046
1777003200000,77709.0,78000.0,77423.0,77631.0,2526.71142
1777017600000,77631.0,78350.0,77365.0,78207.0,5712.67934
1777032000000,78207.0,78424.0,77514.0,78021.0,6502.86763
1777046400000,78021.0,78031.0,77322.0,77594.0,3521.51897
1777060800000,77594.0,77736.0,77225.0,77402.0,2110.66832
1777075200000,77402.0,77679.0,77273.0,77634.0,1328.33278
1777089600000,77634.0,77663.0,77412.0,77467.0,845.74134
1777104000000,77467.0,77854.0,77451.0,77642.0,1595.43831
1777118400000,77642.0,77734.0,77269.0,77294.0,2683.76278
1777132800000,77294.0,77419.0,77100.0,77296.0,2000.72633
1777147200000,77297.0,77608.0,77272.0,77582.0,982.64962
1777161600000,77582.0,77604.0,77279.0,77359.0,1021.93606
1777176000000,77359.0,78172.0,77347.0,78071.0,2578.75471
1777190400000,78071.0,78170.0,77888.0,78050.0,1835.24805
1777204800000,78050.0,78140.0,77724.0,78010.0,2034.37009
1777219200000,78011.0,78469.0,77810.0,78186.0,2289.0451
1777233600000,78187.0,78916.0,77815.0,78615.0,5559.34149
1777248000000,78616.0,79434.0,78354.0,79061.0,5538.69876
1777262400000,79061.0,79122.0,77436.0,77568.0,5707.44465
1777276800000,77569.0,77949.0,77517.0,77814.0,2058.53901
1777291200000,77814.0,78222.0,76516.0,76765.0,9720.32167
1777305600000,76765.0,76896.0,76363.0,76822.0,5150.42828
1777320000000,76822.0,77414.0,76722.0,77320.0,2379.74813
1777334400000,77320.0,77440.0,76627.0,76773.0,4535.22519
1777348800000,76765.0,77109.0,76352.0,76834.0,6727.70497
1777363200000,76834.0,76957.0,76078.0,76193.0,3604.28764
1777377600000,76193.0,76382.0,75649.0,76024.0,8380.18481
1777392000000,76024.0,76350.0,75852.0,76294.0,2271.41542
1777406400000,76294.0,76451.0,76147.0,76297.0,1968.32133
1777420800000,76297.0,77090.0,76144.0,76945.0,3611.99062
1777435200000,76944.0,77414.0,76842.0,77004.0,4105.41986
1777449600000,77006.0,77866.0,76919.0,77548.0,5175.76556
1777464000000,77548.0,77549.0,75648.0,75867.0,8173.69811
1777478400000,75868.0,76226.0,74894.0,75528.0,10661.35082
1777492800000,75527.0,76068.0,75459.0,75727.0,4909.75025
1777507200000,75727.0,76424.0,75429.0,75881.0,6941.36991
1777521600000,75880.0,76161.0,75286.0,76139.0,3591.60758
1777536000000,76138.0,76321.0,75834.0,76018.0,4108.80287
1777550400000,76019.0,76622.0,76000.0,76424.0,6151.38484
1777564800000,76423.0,76478.0,76062.0,76372.0,2765.38206
1777579200000,76371.0,76526.0,76155.0,76300.0,2860.8182
1777593600000,76300.0,77404.0,76283.0,77076.0,4718.64628
1777608000000,77076.0,77158.0,76837.0,77095.0,2077.41443
1777622400000,77095.0,77619.0,77005.0,77425.0,3060.87598
1777636800000,77425.0,78900.0,77369.0,78414.0,12383.22484
1777651200000,78413.0,78624.0,78068.0,78308.0,4999.27074
1777665600000,78307.0,78373.0,77710.0,78189.0,4404.86482
1777680000000,78189.0,78498.0,78127.0,78379.0,2309.2658
1777694400000,78380.0,78413.0,77981.0,78184.0,2209.63901
1777708800000,78185.0,78367.0,78061.0,78105.0,1148.20342
1777723200000,78105.0,78456.0,78077.0,78448.0,1850.62774
1777737600000,78449.0,78545.0,78270.0,78445.0,1205.48727
1777752000000,78446.0,79133.0,78385.0,78651.0,3009.89762
1777766400000,78651.0,78719.0,78071.0,78162.0,2249.77532
1777780800000,78163.0,78415.0,78032.0,78329.0,1274.95905
1777795200000,78329.0,78806.0,78318.0,78618.0,1695.69762
1777809600000,78618.0,78847.0,78553.0,78624.0,2481.42998
1777824000000,78623.0,78816.0,78545.0,78741.0,1398.9397
1777838400000,78740.0,79400.0,78443.0,78533.0,7505.55786
1777852800000,78533.0,80418.0,78244.0,80279.0,12178.03086
1777867200000,80279.0,80591.0,79460.0,79656.0,4800.90746
1777881600000,79656.0,79896.0,78156.0,78751.0,8577.083
1777896000000,78752.0,80496.0,78472.0,79984.0,12089.56023
1777910400000,79985.0,80762.0,79572.0,79998.0,8321.47689
1777924800000,79998.0,80365.0,79697.0,79803.0,3282.98263
1777939200000,79803.0,81073.0,79754.0,80851.0,6069.66337
1777953600000,80850.0,81294.0,80678.0,80819.0,3663.78983
1777968000000,80820.0,81073.0,80504.0,80983.0,3890.27854
1777982400000,80983.0,81680.0,80893.0,81486.0,7682.99322
1777996800000,81486.0,81652.0,81008.0,81565.0,4455.91649
1778011200000,81564.0,81767.0,80749.0,80862.0,8255.66091
1778025600000,80863.0,81718.0,80711.0,81547.0,5498.86023
1778040000000,81547.0,81607.0,81030.0,81343.0,3486.36246
1778054400000,81343.0,82799.0,81297.0,82479.0,10251.90036
1778068800000,82480.0,82497.0,81088.0,81680.0,9301.16332
1778083200000,81679.0,81866.0,81144.0,81430.0,3650.75733
1778097600000,81430.0,81654.0,80888.0,81401.0,3150.44321
1778112000000,81402.0,81457.0,80780.0,80798.0,5205.32016
1778126400000,80797.0,81675.0,80700.0,81480.0,4434.03857
1778140800000,81480.0,81553.0,80526.0,80826.0,4170.19354
1778155200000,80825.0,81148.0,79720.0,79868.0,8784.87981
1778169600000,79868.0,80257.0,79500.0,80107.0,5332.26859
1778184000000,80110.0,80343.0,79550.0,79992.0,4950.56468
1778198400000,79991.0,80100.0,79176.0,79543.0,4571.80294
1778212800000,79543.0,79752.0,79220.0,79669.0,3009.15009
1778227200000,79670.0,80300.0,79649.0,80189.0,5339.1191
1778241600000,80190.0,80485.0,79507.0,80093.0,7821.49228
1778256000000,80094.0,80276.0,79693.0,80141.0,4275.35964
1778270400000,80141.0,80382.0,80043.0,80152.0,2793.98496
1778284800000,80153.0,80514.0,80087.0,80354.0,1593.31608
1778299200000,80354.0,80600.0,80107.0,80187.0,2266.85512
1778313600000,80187.0,80416.0,80128.0,80310.0,1566.43427
1778328000000,80310.0,80566.0,80193.0,80480.0,3059.77886
1778342400000,80480.0,81038.0,80448.0,80895.0,3015.86332
1778356800000,80894.0,80897.0,80577.0,80620.0,1090.10483
1778371200000,80619.0,80855.0,80519.0,80742.0,1365.23389
1778385600000,80742.0,80804.0,80604.0,80700.0,739.586
1778400000000,80701.0,80949.0,80681.0,80799.0,1523.26918
1778414400000,80799.0,81400.0,80766.0,81375.0,3732.25122
1778428800000,81376.0,81567.0,81082.0,81381.0,3515.65616
1778443200000,81381.0,82436.0,80203.0,82164.0,9349.26775
1778457600000,82165.0,82344.0,80491.0,80720.0,6126.23879
1778472000000,80719.0,81032.0,80621.0,80715.0,2095.38135
1778486400000,80715.0,81185.0,80592.0,81162.0,3031.50566
1778500800000,81164.0,81414.0,80401.0,81405.0,7099.72597
1778515200000,81405.0,82087.0,81311.0,81906.0,6417.29099
1778529600000,81907.0,82039.0,81550.0,81703.0,2960.42368
1778544000000,81704.0,81747.0,80700.0,81025.0,4388.46105
1778558400000,81026.0,81295.0,80795.0,80843.0,1851.03516
1778572800000,80843.0,80930.0,80475.0,80750.0,2604.17917
1778587200000,80750.0,80975.0,80153.0,80301.0,7340.06122
1778601600000,80301.0,80830.0,79804.0,80802.0,4631.56602
1778616000000,80802.0,80843.0,80389.0,80459.0,1798.89898
1778630400000,80459.0,81268.0,80372.0,81222.0,2511.59103
1778644800000,81222.0,81254.0,80849.0,80988.0,1497.08532
1778659200000,80987.0,81271.0,80433.0,80459.0,3197.93798
1778673600000,80459.0,80554.0,78800.0,78801.0,10254.65548
1778688000000,78800.0,79780.0,78735.0,79611.0,5944.40276
1778702400000,79612.0,79731.0,79191.0,79283.0,2061.54012
1778716800000,79283.0,79656.0,78880.0,79000.0,2795.51708
1778731200000,79000.0,79959.0,78931.0,79702.0,2465.94813
1778745600000,79701.0,79900.0,79176.0,79208.0,3611.72061
1778760000000,79207.0,81297.0,79200.0,81264.0,11114.57828
1778774400000,81264.0,81992.0,81026.0,81368.0,12652.0413
1778788800000,81369.0,81538.0,81015.0,81044.0,3751.17655
1778803200000,81044.0,81623.0,80709.0,81015.0,4207.02234
1778817600000,81016.0,81064.0,80274.0,80782.0,3754.21709
1778832000000,80783.0,80793.0,80319.0,80591.0,2453.45637
1778846400000,80590.0,80598.0,78608.0,79118.0,13365.893
1778860800000,79119.0,79518.0,79021.0,79100.0,3240.63226
1778875200000,79100.0,79174.0,78824.0,79063.0,2615.22513
1778889600000,79062.0,79177.0,78955.0,79048.0,1800.29854
1778904000000,79048.0,79076.0,78000.0,78331.0,6057.35847
1778918400000,78332.0,78487.0,77600.0,78034.0,5607.16092
1778932800000,78035.0,78297.0,77795.0,78198.0,3626.91191
1778947200000,78198.0,78336.0,78093.0,78226.0,2061.77159
1778961600000,78226.0,78265.0,78079.0,78104.0,1085.85718
1778976000000,78104.0,78200.0,77676.0,77989.0,3168.86631
1778990400000,77988.0,78264.0,77962.0,78138.0,1965.65081
1779004800000,78138.0,78562.0,77983.0,78369.0,2418.26871
1779019200000,78370.0,78519.0,77796.0,78015.0,2279.54567
1779033600000,78015.0,78444.0,77812.0,78381.0,2598.03724
1779048000000,78382.0,78450.0,76700.0,77431.0,7338.59154
1779062400000,77430.0,77448.0,76667.0,76897.0,5326.23118
1779076800000,76896.0,77049.0,76552.0,77039.0,2634.12276
1779091200000,77039.0,77374.0,76631.0,77253.0,2643.91588
1779105600000,77254.0,77754.0,76037.0,76394.0,10619.50184
1779120000000,76393.0,76977.0,76122.0,76882.0,6010.65521
1779134400000,76882.0,77213.0,76763.0,76984.0,3827.81211
1779148800000,76984.0,77399.0,76443.0,76756.0,3830.90633
1779163200000,76757.0,77264.0,76620.0,77199.0,1697.05086
1779177600000,77199.0,77291.0,76597.0,76694.0,3330.92647
1779192000000,76694.0,77038.0,76125.0,76489.0,5963.6181
1779206400000,76490.0,77055.0,76386.0,76792.0,3071.81456
1779220800000,76792.0,77017.0,76612.0,76806.0,2026.7145
1779235200000,76807.0,76886.0,76490.0,76692.0,2273.25877
1779249600000,76693.0,77441.0,76663.0,77248.0,2646.3628
1779264000000,77249.0,77636.0,77179.0,77359.0,2133.44317
1779278400000,77359.0,77839.0,76851.0,77439.0,10508.44939
1779292800000,77439.0,77706.0,77013.0,77646.0,3129.81058
1779307200000,77646.0,77768.0,77205.0,77533.0,3923.01347
1779321600000,77533.0,78174.0,77500.0,78075.0,4398.55145
1779336000000,78074.0,78158.0,77476.0,77853.0,3593.31563
1779350400000,77853.0,78157.0,77106.0,77147.0,6240.7782
1779364800000,77148.0,77374.0,76700.0,77229.0,5276.05491
1779379200000,77230.0,78053.0,76969.0,77667.0,8781.31774
1779393600000,77667.0,77787.0,77501.0,77587.0,2050.21882
1779408000000,77587.0,77779.0,77290.0,77740.0,2032.6866
1779422400000,77739.0,77870.0,77247.0,77363.0,1624.03326
1779436800000,77363.0,77507.0,77136.0,77406.0,2365.25954
1779451200000,77406.0,77540.0,76517.0,76770.0,6501.59608
1779465600000,76770.0,77084.0,75621.0,75823.0,9415.08876
1779480000000,75828.0,76051.0,75350.0,75500.0,4725.6876
1779494400000,75500.0,75631.0,75173.0,75602.0,2642.19693
1779508800000,75601.0,75613.0,74234.0,74568.0,5014.8565
1779523200000,74569.0,74831.0,74290.0,74761.0,3742.01486
1779537600000,74761.0,75664.0,74615.0,75478.0,3869.8788
1779552000000,75478.0,75962.0,75323.0,75947.0,3572.62773
1779566400000,75947.0,77375.0,75907.0,76712.0,14373.29054
1779580800000,76711.0,76969.0,76600.0,76706.0,1410.69757
1779595200000,76706.0,77042.0,76597.0,76759.0,1690.32016
1779609600000,76760.0,77534.0,76689.0,77286.0,2888.47056
1779624000000,77287.0,77287.0,76086.0,76318.0,5726.0062
1779638400000,76317.0,76751.0,76317.0,76719.0,3584.31419
1779652800000,76719.0,77185.0,76060.0,77015.0,4862.96094
1779667200000,77015.0,77445.0,76867.0,76977.0,3646.55245
1779681600000,76977.0,77591.0,76943.0,77366.0,2427.36829
1779696000000,77365.0,77673.0,77235.0,77306.0,2269.55181
1779710400000,77305.0,77865.0,77239.0,77590.0,2961.51496
1779724800000,77589.0,77773.0,77299.0,77404.0,1748.34904
1779739200000,77404.0,77468.0,76987.0,77282.0,2755.34984
1779753600000,77281.0,77310.0,76414.0,76619.0,4047.00471
1779768000000,76620.0,77009.0,76556.0,76671.0,2353.83541
1779782400000,76671.0,77595.0,76524.0,77144.0,5065.88893
1779796800000,77144.0,78060.0,76234.0,76482.0,10783.72414
1779811200000,76482.0,76683.0,75754.0,76015.0,7256.44923
1779825600000,76019.0,76141.0,75623.0,75894.0,3421.52933
1779840000000,75895.0,76067.0,75590.0,75628.0,2815.70167
1779854400000,75629.0,75933.0,75251.0,75927.0,3401.26868
1779868800000,75927.0,76030.0,75667.0,75724.0,1731.273
1779883200000,75724.0,76120.0,74738.0,75300.0,9930.77487
1779897600000,75300.0,75390.0,74628.0,75027.0,4934.99078
1779912000000,75031.0,75378.0,74202.0,74420.0,7586.10625
1779926400000,74420.0,74557.0,73035.0,73234.0,8654.24528
1779940800000,73234.0,73471.0,72684.0,73461.0,8332.1815
1779955200000,73462.0,73586.0,73175.0,73474.0,2890.5697
1779969600000,73474.0,73549.0,72555.0,72924.0,10904.19134
1779984000000,72925.0,73756.0,72724.0,73392.0,6485.38512
1779998400000,73392.0,73932.0,73215.0,73587.0,3666.57263
1780012800000,73588.0,73847.0,73151.0,73261.0,3693.53423
1780027200000,73261.0,73924.0,73182.0,73494.0,2676.59248
1780041600000,73493.0,73866.0,73299.0,73428.0,1762.71799
1780056000000,73428.0,74210.0,72476.0,73776.0,13821.22951
1780070400000,73777.0,74300.0,73150.0,73487.0,8301.9265
1780084800000,73487.0,73820.0,73269.0,73431.0,2509.70574
1780099200000,73432.0,73765.0,73372.0,73493.0,1800.3852
1780113600000,73494.0,73678.0,73163.0,73511.0,2440.57497
1780128000000,73512.0,73652.0,73470.0,73574.0,1306.72987
1780142400000,73574.0,74065.0,73563.0,73885.0,4371.49071
1780156800000,73886.0,74095.0,73777.0,73980.0,1849.40802
1780171200000,73980.0,74018.0,73745.0,73853.0,986.10458
1780185600000,73853.0,74250.0,73827.0,74118.0,4443.13772
1780200000000,74118.0,74195.0,73802.0,73843.0,1014.13639
1780214400000,73843.0,74000.0,73708.0,73915.0,1130.8284
1780228800000,73914.0,73984.0,73424.0,73631.0,2842.15931
1780243200000,73632.0,73710.0,73377.0,73541.0,2812.79605
1780257600000,73541.0,74180.0,73462.0,73658.0,5330.55114
1780272000000,73658.0,74075.0,73204.0,73737.0,6021.51727
1780286400000,73737.0,73810.0,72684.0,72792.0,4643.55783
1780300800000,72793.0,73090.0,72258.0,72456.0,4008.38407
1780315200000,72456.0,72606.0,71060.0,71128.0,19060.35203
1780329600000,71129.0,71788.0,70683.0,71586.0,9024.17656
1780344000000,71586.0,71691.0,70828.0,71411.0,9768.48263
1780358400000,71411.0,71412.0,70127.0,70943.0,9440.37557
1780372800000,70944.0,71032.0,69709.0,70089.0,9084.13483
1780387200000,70096.0,70142.0,69300.0,69452.0,6416.69538
1780401600000,69453.0,69529.0,67050.0,67288.0,27136.04819
1780416000000,67288.0,68132.0,66356.0,67291.0,19093.64512
1780430400000,67291.0,67899.0,66169.0,66732.0,23285.19302
1780444800000,66732.0,67155.0,65417.0,65812.0,12353.39639
1780459200000,65811.0,67479.0,65792.0,67192.0,11346.56975
1780473600000,67193.0,67442.0,66615.0,67044.0,5991.60736
1780488000000,67045.0,67230.0,66053.0,66055.0,10279.59589
1780502400000,66054.0,66365.0,65204.0,65465.0,12943.13163
1780516800000,65461.0,65853.0,64061.0,64118.0,22821.4083
1780531200000,64118.0,64508.0,61350.0,64342.0,34745.24587
1780545600000,64341.0,64752.0,63456.0,63566.0,10472.20481
1780560000000,63565.0,63878.0,62160.0,62514.0,13742.79327
1780574400000,62515.0,64464.0,62360.0,63862.0,19217.52502
1780588800000,63861.0,64138.0,62935.0,63596.0,14524.19428
1780603200000,63597.0,63896.0,63071.0,63855.0,11978.53632
1780617600000,63854.0,63949.0,62293.0,62707.0,9250.36415
1780632000000,62706.0,63707.0,61095.0,63091.0,22350.5021
1780646400000,63091.0,63258.0,61929.0,61930.0,10992.16003
1780660800000,61930.0,62426.0,60006.0,60405.0,27075.41037
1780675200000,60406.0,61536.0,59100.0,60272.0,32127.64785
1780689600000,60272.0,61998.0,59909.0,61033.0,32694.25605
1780704000000,61033.0,61508.0,60498.0,60663.0,6878.25666
1780718400000,60665.0,61240.0,59459.0,60975.0,20461.40641
1780732800000,60976.0,61475.0,60176.0,60774.0,6785.61128
1780747200000,60774.0,61166.0,60323.0,60751.0,7301.85997
1780761600000,60751.0,60936.0,60382.0,60571.0,5446.4544
1780776000000,60570.0,60988.0,60400.0,60861.0,4607.71618
1780790400000,60860.0,61754.0,60714.0,61686.0,8263.60505
1780804800000,61685.0,62401.0,61463.0,62384.0,5876.923
1780819200000,62384.0,62955.0,62238.0,62615.0,4963.18049
1780833600000,62615.0,62636.0,61558.0,62072.0,7986.88691
1780848000000,62072.0,62308.0,61145.0,61300.0,7545.29986
1780862400000,61299.0,64228.0,61192.0,63309.0,12991.34216
1780876800000,63309.0,63862.0,62700.0,63100.0,7287.84716
1780891200000,63100.0,63329.0,62375.0,63263.0,5872.21617
1780905600000,63261.0,63854.0,62959.0,63454.0,7522.40913
1780920000000,63454.0,64196.0,62676.0,63755.0,12823.1382
1780934400000,63755.0,64030.0,63262.0,63349.0,5492.26561
1780948800000,63350.0,63835.0,62951.0,63058.0,5334.19554
1780963200000,63058.0,63151.0,62395.0,62847.0,7736.39261
1780977600000,62846.0,63514.0,62723.0,63178.0,5171.92347
1780992000000,63177.0,63196.0,62461.0,62682.0,4804.35177
1781006400000,62681.0,62882.0,61003.0,61111.0,15814.58446
1781020800000,61110.0,62084.0,60765.0,62074.0,13281.67048
1781035200000,62076.0,62250.0,61528.0,61695.0,4135.28138
1781049600000,61699.0,61947.0,61201.0,61521.0,4256.6922
1781064000000,61521.0,61777.0,61043.0,61645.0,3906.12116
1781078400000,61650.0,61700.0,60733.0,61000.0,6332.12739
1781092800000,61000.0,62827.0,60930.0,62609.0,16809.94823
1781107200000,62609.0,62621.0,61594.0,61921.0,9706.31058
1781121600000,61919.0,61933.0,61069.0,61481.0,8226.25432
1781136000000,61484.0,62800.0,61484.0,62659.0,6357.05012
1781150400000,62659.0,62971.0,62508.0,62689.0,4440.65182
1781164800000,62690.0,63244.0,62685.0,63072.0,5186.35748
1781179200000,63073.0,63201.0,62475.0,62717.0,8357.23511
1781193600000,62717.0,63919.0,62314.0,63581.0,14945.67649
1781208000000,63580.0,63685.0,63240.0,63621.0,5005.89639
1781222400000,63621.0,63775.0,63277.0,63496.0,2532.19385
1781236800000,63496.0,63846.0,62801.0,63062.0,5387.38026
1781251200000,63064.0,63928.0,63064.0,63724.0,6133.85813
1781265600000,63723.0,64383.0,63016.0,63575.0,14852.3645
1781280000000,63570.0,64093.0,63490.0,63567.0,5301.03573
1781294400000,63567.0,63673.0,63375.0,63561.0,3547.65651
1781308800000,63560.0,63854.0,63420.0,63510.0,2160.72577
1781323200000,63509.0,63861.0,63453.0,63829.0,2105.72334
1781337600000,63829.0,63965.0,63705.0,63945.0,3006.35472
1781352000000,63944.0,64332.0,63883.0,64288.0,2872.86277
1781366400000,64289.0,64315.0,63899.0,64271.0,3618.97599
1781380800000,64272.0,64750.0,64201.0,64427.0,3111.53761
1781395200000,64427.0,64697.0,64351.0,64525.0,2961.06029
1781409600000,64526.0,64540.0,64207.0,64408.0,5259.64165
1781424000000,64409.0,64655.0,64283.0,64518.0,2621.22384
1781438400000,64518.0,64540.0,63838.0,63996.0,3389.67896
1781452800000,63997.0,64184.0,63648.0,63786.0,2846.77547
1781467200000,63787.0,65780.0,63776.0,65720.0,15356.84994
1781481600000,65719.0,65980.0,65325.0,65898.0,4987.26919
1781496000000,65897.0,66020.0,65583.0,65648.0,4712.53381
1781510400000,65647.0,66353.0,65487.0,66221.0,5400.66161
1781524800000,66220.0,67261.0,66086.0,67261.0,8510.85965
1781539200000,67250.0,67283.0,66323.0,66561.0,4817.07293
1781553600000,66562.0,66649.0,66057.0,66294.0,3353.96889
1781568000000,66293.0,66441.0,65603.0,66128.0,4943.41638
1781582400000,66127.0,66552.0,65771.0,66343.0,3424.92937
1781596800000,66343.0,66964.0,66314.0,66456.0,4498.79723
1781611200000,66456.0,66792.0,65320.0,65851.0,8268.35376
1781625600000,65851.0,66216.0,65545.0,65642.0,4324.1512
1781640000000,65642.0,65919.0,65567.0,65639.0,2813.58553
1781654400000,65640.0,66121.0,65450.0,65822.0,2307.26653
1781668800000,65823.0,66020.0,65215.0,65511.0,3704.22187
1781683200000,65512.0,65550.0,64518.0,64796.0,6532.01384
1781697600000,64797.0,65848.0,64572.0,65731.0,5986.35207
1781712000000,65730.0,66429.0,64000.0,64287.0,19815.16167
1781726400000,64286.0,64493.0,63878.0,64470.0,6479.14452
1781740800000,64470.0,64771.0,64222.0,64247.0,3784.32406
1781755200000,64247.0,64478.0,63655.0,64476.0,7043.98745
1781769600000,64476.0,64617.0,63846.0,63952.0,5670.65208
1781784000000,63952.0,64420.0,62254.0,62339.0,14605.37432
1781798400000,62338.0,62980.0,62235.0,62917.0,9878.16124
1781812800000,62917.0,63253.0,62709.0,62935.0,5673.10904
1781827200000,62936.0,63088.0,62350.0,62753.0,5467.96666
1781841600000,62752.0,62900.0,62386.0,62599.0,2864.04385
1781856000000,62598.0,62759.0,62292.0,62604.0,3818.27271
1781870400000,62605.0,63423.0,62312.0,63184.0,6439.86382
1781884800000,63183.0,63380.0,62835.0,62995.0,2839.66736
1781899200000,62995.0,63630.0,62930.0,63512.0,2822.92534
1781913600000,63513.0,63762.0,63285.0,63444.0,1837.07808
1781928000000,63444.0,63878.0,63368.0,63617.0,2749.05331
1781942400000,63618.0,63773.0,63354.0,63658.0,2239.9492
1781956800000,63659.0,64361.0,63170.0,64120.0,6750.87605
1781971200000,64121.0,64136.0,63725.0,63906.0,1845.14464
1781985600000,63907.0,64336.0,63828.0,64276.0,1535.88994
1782000000000,64276.0,64449.0,64187.0,64399.0,2823.21012
1782014400000,64399.0,64555.0,64117.0,64160.0,3206.67504
1782028800000,64160.0,64452.0,63864.0,64130.0,3363.94303
1782043200000,64134.0,64306.0,63910.0,64185.0,1839.26613
1782057600000,64186.0,64255.0,63922.0,64168.0,1338.01296
1782072000000,64168.0,64232.0,63242.0,63270.0,7072.36886
1782086400000,63270.0,64775.0,63270.0,63937.0,9867.83865
1782100800000,63936.0,64363.0,63832.0,64178.0,2516.10618
1782115200000,64177.0,64741.0,64009.0,64630.0,3329.6133
1782129600000,64630.0,65587.0,64558.0,64802.0,13561.39898
1782144000000,64802.0,64826.0,64268.0,64482.0,6436.2385
1782158400000,64482.0,64653.0,63785.0,64012.0,7072.30077
1782172800000,64012.0,64254.0,63820.0,64035.0,4348.70861
1782187200000,64035.0,64068.0,62532.0,62852.0,10181.75006
1782201600000,62851.0,62910.0,61901.0,62481.0,8881.01052
1782216000000,62482.0,62818.0,61935.0,62460.0,9741.56126
1782230400000,62461.0,62794.0,62080.0,62381.0,4705.91438
1782244800000,62381.0,62768.0,62357.0,62706.0,3077.90973
1782259200000,62706.0,63087.0,62441.0,62703.0,4284.58657
1782273600000,62704.0,63065.0,62511.0,62616.0,3875.92716
1782288000000,62616.0,63196.0,62293.0,62884.0,4107.25914
1782302400000,62883.0,62939.0,60227.0,60245.0,17248.70676
1782316800000,60245.0,60639.0,59060.0,59943.0,19471.30706
1782331200000,59942.0,61231.0,59823.0,61047.0,9866.23351
1782345600000,61048.0,61128.0,60661.0,60854.0,3442.38561
1782360000000,60855.0,61927.0,60758.0,61874.0,6531.39881
1782374400000,61875.0,61884.0,61028.0,61249.0,4245.74214
1782388800000,61249.0,61700.0,58062.0,59530.0,35935.19054
1782403200000,59530.0,60030.0,59102.0,59283.0,10719.13494
1782417600000,59284.0,60210.0,59284.0,59759.0,5842.07783
1782432000000,59760.0,60091.0,58308.0,60025.0,9587.64096
1782446400000,60024.0,60726.0,59670.0,60500.0,9435.53237
1782460800000,60500.0,60542.0,59207.0,59387.0,5653.1375
1782475200000,59388.0,60477.0,58482.0,60300.0,18434.68689
1782489600000,60300.0,60543.0,59522.0,59736.0,4600.04694
1782504000000,59752.0,60097.0,59560.0,60074.0,3563.11857
1782518400000,60074.0,60391.0,59837.0,60280.0,2740.69608
1782532800000,60281.0,60546.0,60082.0,60518.0,2374.81582
1782547200000,60519.0,60519.0,60166.0,60338.0,2156.0202
1782561600000,60338.0,60935.0,60224.0,60813.0,3364.66494
1782576000000,60814.0,60820.0,60058.0,60145.0,2996.6198
1782590400000,60145.0,60455.0,59825.0,59996.0,2997.17859
1782604800000,59996.0,60311.0,59938.0,60172.0,1825.0031
1782619200000,60172.0,60233.0,59732.0,60190.0,2037.91252
1782633600000,60191.0,60500.0,60032.0,60310.0,3425.25141
1782648000000,60311.0,60418.0,59790.0,59854.0,2180.10496
1782662400000,59855.0,59912.0,59230.0,59450.0,5139.75867
1782676800000,59451.0,59884.0,58875.0,59549.0,7451.08134
1782691200000,59549.0,60188.0,58871.0,60015.0,6359.74642
1782705600000,60016.0,60313.0,59353.0,59996.0,3651.08389
1782720000000,59997.0,60285.0,59708.0,59941.0,4043.58318
1782734400000,59935.0,60767.0,58990.0,59792.0,16222.71179
1782748800000,59792.0,60648.0,59552.0,60404.0,6842.07773
1782763200000,60405.0,60570.0,60175.0,60227.0,3151.11541
1782777600000,60228.0,60248.0,59565.0,59589.0,4976.60067
1782792000000,59589.0,59690.0,59334.0,59508.0,4826.71718
1782806400000,59508.0,59528.0,59100.0,59158.0,3895.03273
1782820800000,59159.0,59293.0,58160.0,58356.0,19683.43503
1782835200000,58356.0,58815.0,58236.0,58796.0,5291.3384
1782849600000,58797.0,58857.0,58474.0,58603.0,2539.20364
1782864000000,58604.0,59293.0,57768.0,59171.0,10924.89038
1782878400000,59172.0,59433.0,58507.0,58745.0,6325.53381
1782892800000,58744.0,59070.0,58468.0,58591.0,4692.59391
1782907200000,58591.0,60569.0,58306.0,60123.0,18719.29895
1782921600000,60122.0,60340.0,59764.0,59996.0,6471.01469
1782936000000,59996.0,61357.0,59853.0,60010.0,9373.38479
1782950400000,60010.0,61152.0,59561.0,61067.0,7769.25844
1782964800000,61068.0,61068.0,60102.0,60150.0,5011.80079
1782979200000,60150.0,61465.0,60135.0,61365.0,6922.91477
1782993600000,61364.0,62224.0,61166.0,61593.0,17986.08518
1783008000000,61601.0,61947.0,61131.0,61482.0,7460.12844
1783022400000,61483.0,61679.0,61354.0,61587.0,4218.55886
1783036800000,61587.0,61762.0,61264.0,61451.0,3151.47318
1783051200000,61452.0,61911.0,61353.0,61788.0,4394.46123
1783065600000,61788.0,62127.0,61531.0,62046.0,4726.23877
1783080000000,62044.0,62400.0,61708.0,61934.0,5317.9407
1783094400000,61933.0,62320.0,61915.0,62210.0,2246.45581
1783108800000,62210.0,62949.0,62190.0,62576.0,8617.29059
1783123200000,62575.0,62939.0,62388.0,62621.0,4340.17881
1783137600000,62620.0,62743.0,62319.0,62570.0,2225.78243
1783152000000,62570.0,62668.0,62401.0,62473.0,1402.82789
1783166400000,62472.0,63051.0,62472.0,62921.0,2229.2903
1783180800000,62921.0,63460.0,62772.0,63292.0,6636.46593
1783195200000,63291.0,63460.0,62923.0,63127.0,5944.49859
1783209600000,63128.0,63128.0,62589.0,62764.0,3178.57195
1783224000000,62765.0,63063.0,62640.0,63024.0,1969.18768
1783238400000,63024.0,63100.0,62434.0,62644.0,2036.55873
1783252800000,62645.0,62953.0,62550.0,62735.0,2824.53272
1783267200000,62736.0,62879.0,62600.0,62772.0,1990.16937
1783281600000,62772.0,63997.0,62592.0,63635.0,6489.54727
1783296000000,63635.0,63919.0,63123.0,63292.0,4990.8927
1783310400000,63292.0,63390.0,62880.0,63104.0,2494.67049
1783324800000,63104.0,63253.0,62500.0,62501.0,4539.05372
1783339200000,62501.0,63558.0,61342.0,63538.0,20720.17691
1783353600000,63539.0,63962.0,63390.0,63741.0,9190.87765
1783368000000,63741.0,64698.0,63582.0,64054.0,6653.6782
1783382400000,64054.0,64331.0,63155.0,63189.0,3729.29059
1783396800000,63190.0,63460.0,62800.0,63088.0,4818.60231
1783411200000,63088.0,63485.0,63003.0,63420.0,3140.88676
1783425600000,63421.0,64100.0,62667.0,63942.0,11547.2821
1783440000000,63942.0,64260.0,63397.0,63825.0,5491.47549
1783454400000,63826.0,63912.0,63198.0,63355.0,5734.85947
1783468800000,63355.0,63750.0,62510.0,62746.0,6788.59448
1783483200000,62747.0,62900.0,62458.0,62887.0,5122.26447
1783497600000,62888.0,62933.0,61731.0,62301.0,6997.36122
1783512000000,62300.0,62443.0,61550.0,61705.0,6189.75849
1783526400000,61706.0,62390.0,61680.0,62272.0,4648.12741
1783540800000,62272.0,62350.0,61955.0,62283.0,2656.82503
1783555200000,62283.0,62628.0,61695.0,61963.0,6389.89722
1783569600000,61964.0,63263.0,61952.0,63001.0,5581.13687
1783584000000,63001.0,63087.0,62604.0,62770.0,3294.34364
1783598400000,62769.0,63247.0,62456.0,62848.0,5978.4322
1783612800000,62847.0,63500.0,62546.0,63244.0,4778.49696
1783627200000,63244.0,63412.0,63055.0,63225.0,1940.47113
1783641600000,63224.0,64038.0,62922.0,63949.0,6220.27246
1783656000000,63948.0,64200.0,63811.0,63989.0,4446.93405
1783670400000,63988.0,64496.0,63979.0,64423.0,3544.57529
1783684800000,64423.0,64690.0,63810.0,64039.0,7098.64464
1783699200000,64039.0,64220.0,63725.0,63920.0,4815.92643
1783713600000,63921.0,64200.0,63647.0,64155.0,2794.12507
1783728000000,64156.0,64297.0,63965.0,64147.0,2004.58752
1783742400000,64147.0,64261.0,64065.0,64145.0,1548.7924
1783756800000,64146.0,64289.0,64131.0,64191.0,841.51215
1783771200000,64191.0,64494.0,63950.0,64175.0,2747.10833
1783785600000,64175.0,64400.0,64085.0,64287.0,1698.22551
1783800000000,64287.0,64482.0,63818.0,63823.0,2401.73094
1783814400000,63823.0,64226.0,63713.0,64218.0,1943.09625
1783828800000,64218.0,64250.0,63642.0,63883.0,1834.97772
1783843200000,63883.0,64129.0,63769.0,64027.0,1798.13846
1783857600000,64026.0,64297.0,63964.0,64167.0,2038.5651
1783872000000,64168.0,64267.0,64015.0,64240.0,1505.3714
1783886400000,64240.0,64261.0,63675.0,63780.0,3576.86932
1783900800000,63780.0,64420.0,62740.0,62811.0,8575.53306
1783915200000,62811.0,63080.0,62499.0,63003.0,3273.77957
1783929600000,63003.0,63320.0,62874.0,62910.0,3131.5705
1783944000000,62911.0,63000.0,62120.0,62635.0,8692.2024
1783958400000,62635.0,62647.0,61821.0,62287.0,5841.49758
1783972800000,62287.0,62346.0,61867.0,62331.0,5073.2712
1783987200000,62331.0,62641.0,62264.0,62554.0,2230.48432
1784001600000,62555.0,62866.0,62492.0,62536.0,2790.03852
1784016000000,62537.0,62910.0,62490.0,62833.0,3292.81878
1784030400000,62833.0,64970.0,62771.0,64727.0,21644.29857
1784044800000,64727.0,64877.0,64268.0,64543.0,6185.131
1784059200000,64543.0,65079.0,64414.0,65000.0,6732.99459
1784073600000,65000.0,65032.0,64483.0,64789.0,4183.42254
1784088000000,64788.0,65271.0,64491.0,64554.0,5519.37294
1784102400000,64554.0,64922.0,64554.0,64729.0,1771.7576
1784116800000,64729.0,65577.0,64601.0,65407.0,9235.68431
1784131200000,65406.0,65453.0,64721.0,64947.0,4060.17763
1784145600000,64948.0,65036.0,64675.0,64738.0,2820.99158
1784160000000,64738.0,64836.0,64357.0,64602.0,2617.23496
1784174400000,64602.0,64999.0,64052.0,64222.0,4296.77069
1784188800000,64222.0,64349.0,63865.0,64235.0,3896.29495
1784203200000,64235.0,64885.0,63845.0,64689.0,8284.81384
1784217600000,64688.0,64700.0,63977.0,64263.0,3872.19917
1784232000000,64262.0,64268.0,63723.0,63815.0,3030.37335
1784246400000,63815.0,64048.0,63377.0,63572.0,5302.53694
1784260800000,63572.0,63581.0,62725.0,62839.0,5250.7047
1784275200000,62839.0,63379.0,62684.0,63301.0,3431.64075
1784289600000,63300.0,63547.0,62550.0,63478.0,6538.23304
1784304000000,63478.0,64398.0,63329.0,64156.0,7129.00698
1784318400000,64153.0,64231.0,63876.0,63928.0,3073.06613
1784332800000,63927.0,64029.0,63873.0,64009.0,945.55492
1784347200000,64009.0,64020.0,63914.0,63995.0,1018.77593
1784361600000,63993.0,64088.0,63924.0,64049.0,993.34642
1784376000000,64048.0,64250.0,63943.0,64104.0,1854.78024
1784390400000,64105.0,64619.0,64070.0,64546.0,3958.58071
1784404800000,64545.0,64873.0,64500.0,64827.0,3314.89156
1784419200000,64828.0,64957.0,64616.0,64694.0,2239.73169
1784433600000,64695.0,64810.0,64601.0,64713.0,1138.19833
1784448000000,64714.0,64740.0,64424.0,64452.0,2307.12986
1784462400000,64453.0,64641.0,64275.0,64574.0,2615.98252
1784476800000,64575.0,64762.0,64285.0,64456.0,2181.20718
1784491200000,64456.0,64890.0,64339.0,64718.0,3587.78218
1784505600000,64719.0,65082.0,64400.0,64841.0,6892.7276
1784520000000,64840.0,64841.0,63730.0,64241.0,5942.95775
1784534400000,64241.0,65057.0,63808.0,64989.0,5349.47787
1784548800000,64989.0,65600.0,64031.0,65565.0,9730.61516
1784563200000,65564.0,65778.0,65010.0,65100.0,10087.92622
1784577600000,65100.0,65427.0,65020.0,65226.0,4732.248
1784592000000,65227.0,65635.0,65124.0,65539.0,3794.71033
1784606400000,65538.0,66215.0,65451.0,66170.0,6075.09529
1784620800000,66168.0,66382.0,66102.0,66320.0,4101.1873
1784635200000,66321.0,66918.0,66238.0,66644.0,8847.17956
1784649600000,66645.0,66729.0,66065.0,66417.0,5815.17432
1784664000000,66417.0,66553.0,66185.0,66527.0,2841.12677
1784678400000,66526.0,66714.0,66152.0,66180.0,3614.53711
1784692800000,66179.0,66400.0,65663.0,65808.0,5075.69812
1784707200000,65808.0,66142.0,65808.0,65990.0,2409.60463
1784721600000,65989.0,66190.0,65534.0,66022.0,8664.86807
1784736000000,66022.0,66358.0,65666.0,65906.0,6681.24928
1784750400000,65902.0,66125.0,65770.0,66086.0,3520.77536
1784764800000,66086.0,66295.0,65540.0,65626.0,5378.39736
1784779200000,65625.0,65794.0,65323.0,65416.0,2430.50349
1784793600000,65417.0,65774.0,65390.0,65523.0,3391.29484
1784808000000,65523.0,65566.0,64700.0,64942.0,8645.34309
1784822400000,64941.0,64942.0,64637.0,64834.0,3349.72532
1784836800000,64837.0,65187.0,64810.0,65069.0,3246.51545
1784851200000,65070.0,65440.0,64721.0,65426.0,5247.68987
1784865600000,65426.0,65795.0,65216.0,65483.0,4435.44673
1784880000000,65488.0,65496.0,64828.0,65065.0,5720.76773
1784894400000,65065.0,65125.0,63730.0,64085.0,11816.67006
1784908800000,64087.0,64280.0,63862.0,64199.0,4255.72484
1784923200000,64199.0,64264.0,64099.0,64123.0,1647.38718
1784937600000,64122.0,64155.0,63983.0,64062.0,1507.07101
1784952000000,64060.0,64173.0,63926.0,63984.0,2113.57536
1784966400000,63985.0,64087.0,63736.0,64032.0,3352.49609
1784980800000,64032.0,64250.0,64010.0,64157.0,1276.01794
1784995200000,64157.0,64434.0,64094.0,64368.0,1831.63157
1785009600000,64369.0,64410.0,64234.0,64361.0,899.64652
1785024000000,64361.0,64558.0,64334.0,64520.0,994.01834
1785038400000,64520.0,64571.0,64262.0,64346.0,1177.22303
1785052800000,64347.0,64543.0,64333.0,64476.0,629.6129
1785067200000,64477.0,64780.0,64377.0,64737.0,2248.88752
1785081600000,64737.0,64907.0,64637.0,64669.0,1872.34752
1785096000000,64670.0,65561.0,64599.0,65366.0,4562.84654
1785110400000,65372.0,65395.0,64866.0,65261.0,2381.95709
1785124800000,65261.0,65715.0,65180.0,65191.0,2512.14238
1785139200000,65190.0,65411.0,65058.0,65074.0,1860.95252
1785153600000,65073.0,65680.0,64394.0,64514.0,11482.47402
1785168000000,64515.0,65059.0,64500.0,64949.0,4686.11829
1785182400000,64948.0,65027.0,63576.0,63736.0,8106.79223
1785196800000,63737.0,63804.0,63026.0,63320.0,7115.53543
1785211200000,63320.0,63641.0,63200.0,63480.0,2178.33289
1785225600000,63480.0,63567.0,63265.0,63441.0,1653.00024
1785240000000,63440.0,64000.0,62703.0,63911.0,9561.37136
1785254400000,63910.0,64100.0,63476.0,63870.0,5079.13818
1785268800000,63873.0,64039.0,63525.0,63906.0,4164.88478
1785283200000,63907.0,64164.0,63635.0,63721.0,3310.02741
1785297600000,63722.0,64548.0,63565.0,64530.0,3157.49657
1785312000000,64531.0,64696.0,64250.0,64482.0,3673.68671
1785326400000,64483.0,64689.0,63848.0,63943.0,5543.69759
1785340800000,63943.0,64690.0,63478.0,63563.0,14130.48449
1785355200000,63562.0,64094.0,63245.0,63962.0,7624.64296
1785369600000,63961.0,64390.0,63588.0,64138.0,3456.37091
1785384000000,64141.0,64156.0,63877.0,63977.0,1773.33879
1785398400000,63979.0,64850.0,63954.0,64747.0,3283.58627
1785412800000,64748.0,65153.0,64569.0,64692.0,5833.89328
1785427200000,64692.0,64951.0,64642.0,64769.0,2632.48233
1785441600000,64768.0,65066.0,64623.0,64754.0,2654.72843
1785456000000,64755.0,65385.0,64150.0,64347.0,6144.40599
1785470400000,64345.0,64470.0,63849.0,63918.0,3968.10149
1785484800000,63919.0,63983.0,63582.0,63771.0,3301.9073
1785499200000,63771.0,63807.0,62440.0,62705.0,11343.55199
1785513600000,62705.0,63279.0,62693.0,62935.0,6206.82465
1785528000000,62938.0,63025.0,62813.0,62856.0,1830.9932
1785542400000,62857.0,63078.0,62856.0,62975.0,1053.85279
1785556800000,62976.0,63115.0,62965.0,63018.0,673.5376
1785571200000,63018.0,63114.0,62951.0,63046.0,492.67772
1785585600000,63046.0,63099.0,62982.0,62982.0,822.3011
1785600000000,62982.0,62995.0,62237.0,62503.0,5115.6272
1785614400000,62503.0,62852.0,62456.0,62790.0,2493.00298
1785628800000,62789.0,63550.0,62786.0,63436.0,5206.87441
1785643200000,63436.0,63617.0,63398.0,63467.0,1534.28511
1785657600000,63466.0,63517.0,62960.0,63011.0,2227.56709
1785672000000,63010.0,63214.0,62989.0,63102.0,1911.37306
1785686400000,63102.0,63611.0,63044.0,63443.0,2315.60497
1785700800000,63442.0,63784.0,63320.0,63556.0,4709.06438
1785715200000,63557.0,63590.0,62764.0,62846.0,2300.35018
1785729600000,62847.0,62983.0,62535.0,62597.0,2686.14546
1785744000000,62596.0,62835.0,62270.0,62534.0,3601.49358
1785758400000,62534.0,63955.0,62423.0,63661.0,11691.38802
1785772800000,63661.0,64050.0,63630.0,63832.0,4188.29735
1785787200000,63832.0,64006.0,63367.0,63492.0,2967.70414
1785801600000,63492.0,63948.0,63287.0,63777.0,4059.0625
1785816000000,63776.0,64220.0,63486.0,63659.0,5660.10203
1785830400000,63660.0,63930.0,63423.0,63899.0,3061.18171
1785844800000,63900.0,64195.0,63587.0,64091.0,5589.45669
1785859200000,64090.0,64385.0,63853.0,64202.0,4162.49386
1785873600000,64202.0,64500.0,63974.0,64068.0,5083.79898
1785888000000,64068.0,64469.0,63921.0,64157.0,5290.79439
1785902400000,64157.0,64490.0,63971.0,64138.0,2606.54585
1785916800000,64139.0,64250.0,63990.0,64041.0,2589.76206
1785931200000,64042.0,64700.0,63850.0,64351.0,9187.39017
1785945600000,64352.0,64901.0,64351.0,64796.0,5662.61482
1785960000000,64797.0,64986.0,64546.0,64625.0,3527.28279
1785974400000,64625.0,64690.0,64425.0,64511.0,1853.58142
1785988800000,64511.0,64966.0,64473.0,64784.0,2554.66586
1786003200000,64784.0,64967.0,64466.0,64598.0,2105.31585
1786017600000,64597.0,64945.0,64156.0,64598.0,6024.87336
1786032000000,64599.0,64801.0,64318.0,64416.0,2939.18105
1786046400000,64423.0,64505.0,64171.0,64293.0,2277.94157
1786060800000,64294.0,64518.0,64205.0,64259.0,1632.49621
1786075200000,64260.0,64444.0,64137.0,64288.0,1772.67261
1786089600000,64288.0,65183.0,64270.0,64994.0,4489.55714
1786104000000,64995.0,65356.0,64746.0,64876.0,7028.0596
1786118400000,64877.0,65044.0,64484.0,64919.0,3953.0262
1786132800000,64920.0,65063.0,64813.0,64885.0,1233.18469
1786147200000,64886.0,65045.0,64778.0,64998.0,779.94225
1786161600000,64997.0,65041.0,64914.0,64926.0,819.94757
1786176000000,64926.0,65025.0,64919.0,64939.0,619.30422
1786190400000,64940.0,65168.0,64883.0,65051.0,1563.42446
1786204800000,65051.0,65125.0,64977.0,65044.0,1229.66108
1786219200000,65044.0,65061.0,64901.0,64933.0,1120.27575
1786233600000,64933.0,64979.0,64700.0,64759.0,877.09245
1786248000000,64760.0,64836.0,64748.0,64795.0,514.32987
1786262400000,64795.0,64969.0,64758.0,64914.0,1095.62029
1786276800000,64914.0,65266.0,64884.0,65200.0,2250.67715
1786291200000,65200.0,65241.0,65141.0,65149.0,1210.59443
1786305600000,65150.0,65475.0,64805.0,64868.0,3961.14114
1786320000000,64868.0,65365.0,64779.0,64952.0,4498.78314
1786334400000,64952.0,65344.0,64899.0,65182.0,1714.09739
1786348800000,65181.0,65295.0,64934.0,65107.0,1343.54561
1786363200000,65107.0,65220.0,64170.0,64275.0,8407.65878
1786377600000,64276.0,64334.0,63783.0,64030.0,7500.44754
1786392000000,64030.0,64194.0,63896.0,63952.0,2304.51364
1786406400000,63951.0,64164.0,63874.0,64127.0,1412.78012
1786420800000,64126.0,64139.0,63850.0,64044.0,1676.33314
1786435200000,64045.0,64373.0,64030.0,64359.0,2356.56969
1786449600000,64360.0,64460.0,63410.0,63584.0,7098.53992
1786464000000,63585.0,63631.0,63195.0,63507.0,4144.51405
1786478400000,63508.0,63742.0,63507.0,63560.0,2624.42413
1786492800000,63560.0,63879.0,63514.0,63799.0,2300.70058
1786507200000,63799.0,63864.0,63574.0,63810.0,2349.60977
1786521600000,63809.0,64217.0,63740.0,64207.0,4066.59983
1786536000000,64207.0,64487.0,63297.0,63424.0,12491.42839
1786550400000,63424.0,63571.0,63286.0,63417.0,2410.45687
1786564800000,63416.0,63636.0,63353.0,63468.0,3047.15182
1786579200000,63467.0,63700.0,63364.0,63622.0,4247.40404
1786593600000,63621.0,63978.0,63565.0,63831.0,2247.88727
1786608000000,63831.0,63889.0,63318.0,63462.0,2904.77765
1786622400000,63462.0,63953.0,63381.0,63381.0,6751.67418
1786636800000,63397.0,63547.0,62816.0,63395.0,10493.12845
1786651200000,63395.0,63650.0,63356.0,63480.0,2270.74194
1786665600000,63479.0,63615.0,63305.0,63319.0,1831.37907
1786680000000,63319.0,63473.0,62909.0,62909.0,2515.50895
1786694400000,62909.0,62980.0,62680.0,62851.0,3153.73916
1786708800000,62851.0,63068.0,62523.0,62969.0,6502.28781
1786723200000,62969.0,63224.0,62820.0,62952.0,4135.12362
1786737600000,62951.0,63058.0,62778.0,63029.0,2102.08481
1786752000000,63029.0,63176.0,62979.0,63037.0,903.82183
1786766400000,63037.0,63144.0,63014.0,63050.0,616.46841
1786780800000,63051.0,63064.0,62890.0,63000.0,799.68993
1786795200000,63000.0,63112.0,62923.0,63074.0,872.24582
1786809600000,63075.0,63103.0,63017.0,63097.0,761.53581
1786824000000,63097.0,63144.0,63047.0,63056.0,893.30556
1786838400000,63057.0,63130.0,62977.0,63101.0,524.94252
1786852800000,63101.0,63128.0,63010.0,63040.0,353.41774
1786867200000,63040.0,63052.0,62942.0,62992.0,582.92866
1786881600000,62992.0,63115.0,62966.0,63113.0,919.3354
1786896000000,63114.0,63368.0,63062.0,63081.0,2750.42318
1786910400000,63082.0,63110.0,62678.0,62873.0,4823.20208
1786924800000,62874.0,63489.0,62730.0,63402.0,7819.75654
1786939200000,63403.0,63685.0,63402.0,63492.0,2781.36285
1786953600000,63492.0,63750.0,63252.0,63599.0,2755.94177
1786968000000,63598.0,64196.0,63407.0,64164.0,7062.97386
1786982400000,64164.0,64580.0,63938.0,64275.0,7963.65639
1786996800000,64274.0,64543.0,64226.0,64494.0,2130.35599
1787011200000,64494.0,64523.0,64000.0,64147.0,2880.91839
1787025600000,64147.0,64418.0,64050.0,64166.0,2195.13612
1787040000000,64167.0,64376.0,64049.0,64324.0,2041.89821
1787054400000,64324.0,65018.0,64016.0,64820.0,8377.01054
1787068800000,64821.0,64861.0,64612.0,64621.0,3699.98213
1787083200000,64621.0,64760.0,64529.0,64696.0,2219.9346
1787097600000,64696.0,64710.0,64239.0,64300.0,3534.91862
1787112000000,64300.0,64388.0,64122.0,64266.0,2037.19913
1787126400000,64267.0,64500.0,64216.0,64479.0,1791.28515
1787140800000,64479.0,70224.0,64437.0,68532.0,41612.7781
1787155200000,68533.0,68956.0,67792.0,68404.0,18830.8186
1787169600000,68403.0,70046.0,68354.0,69323.0,15704.20041
1787184000000,69323.0,69874.0,68898.0,69188.0,5022.77965
1787198400000,69188.0,69999.0,69161.0,69838.0,4763.38076
1787212800000,69839.0,72501.0,69792.0,71902.0,25856.29294
1787227200000,71902.0,72824.0,71134.0,72453.0,17449.70282
1787241600000,72454.0,72969.0,72191.0,72609.0,6797.71413
1787256000000,72613.0,73370.0,72448.0,72996.0,7036.68112
1787270400000,73001.0,75816.0,73001.0,74516.0,26249.24344
1787284800000,74515.0,76941.0,74515.0,76339.0,15045.86575
1787299200000,76338.0,79584.0,76287.0,76768.0,27997.99096
1787313600000,76768.0,77894.0,76256.0,77242.0,15006.22573
1787328000000,77243.0,77727.0,76620.0,77018.0,6946.09956
1787342400000,77019.0,78800.0,76853.0,78383.0,10952.3412
1787356800000,78382.0,78885.0,77686.0,78463.0,6863.66775
1787371200000,78463.0,78874.0,76600.0,77326.0,12600.90757
1787385600000,77326.0,77497.0,76558.0,77163.0,8322.31574
1787400000000,77164.0,77434.0,76932.0,77035.0,3961.08775
1787414400000,77035.0,77608.0,77009.0,77473.0,3419.68803
1787428800000,77473.0,77522.0,76811.0,77133.0,3797.4874
1787443200000,77132.0,77470.0,76886.0,76976.0,2575.7511
1787457600000,76977.0,77090.0,75608.0,76058.0,9438.3357
1787472000000,76060.0,77442.0,76000.0,77353.0,4689.45696
1787486400000,77354.0,77848.0,76801.0,77185.0,6619.97545
1787500800000,77186.0,77511.0,77150.0,77375.0,2471.66326
1787515200000,77375.0,78118.0,77225.0,77804.0,6810.88788
1787529600000,77805.0,77820.0,76901.0,76975.0,6101.85624
1787544000000,76976.0,77859.0,76693.0,77362.0,4181.86613
1787558400000,77362.0,78708.0,76862.0,78521.0,8667.1177
1787572800000,78521.0,80035.0,77923.0,79120.0,26451.69454
1787587200000,79119.0,79880.0,78450.0,78740.0,13354.54079
1787601600000,78740.0,79041.0,78554.0,78996.0,4520.55727
1787616000000,78995.0,81299.0,78708.0,80490.0,17351.33915
1787630400000,80490.0,80941.0,79335.0,79713.0,9511.58506
1787644800000,79713.0,80254.0,78822.0,79108.0,9572.05003
1787659200000,79107.0,79538.0,78060.0,79490.0,13467.93709
1787673600000,79491.0,79560.0,78664.0,78901.0,7561.87237
1787688000000,78905.0,78998.0,77794.0,78494.0,11893.8444
1787702400000,78494.0,79226.0,78270.0,79071.0,5016.73084
1787716800000,79072.0,79206.0,78616.0,78917.0,5185.44841
1787731200000,78917.0,79108.0,78203.0,78474.0,6245.90853
1787745600000,78474.0,78699.0,77618.0,77998.0,13086.65802
1787760000000,77998.0,78659.0,77832.0,78445.0,5896.48775
1787774400000,78454.0,79173.0,78170.0,79026.0,7068.44417
1787788800000,79025.0,79034.0,78547.0,78809.0,3231.56493
1787803200000,78809.0,79080.0,78585.0,79066.0,4048.33158
1787817600000,79066.0,80542.0,79029.0,79477.0,14220.46161
1787832000000,79477.0,80786.0,78881.0,80271.0,12503.15981
1787846400000,80270.0,80801.0,79705.0,79859.0,7867.05474
1787860800000,79876.0,80400.0,79839.0,80221.0,4298.43603
1787875200000,80220.0,81483.0,79703.0,79791.0,10450.73155
1787889600000,79790.0,79979.0,79534.0,79641.0,4106.96765
1787904000000,79642.0,79819.0,78975.0,79567.0,5767.199
1787918400000,79568.0,79830.0,78275.0,78297.0,16602.58891
1787932800000,78296.0,78368.0,76831.0,77550.0,16701.17746
1787947200000,77534.0,77834.0,77234.0,77832.0,4138.92777
1787961600000,77832.0,77924.0,77468.0,77469.0,2203.34799
1787976000000,77469.0,77698.0,77341.0,77591.0,1664.22027
1787990400000,77591.0,77727.0,77444.0,77564.0,975.11421
1788004800000,77564.0,78162.0,77467.0,77827.0,2486.49479
1788019200000,77827.0,78331.0,77827.0,78160.0,4453.32563
1788033600000,78160.0,78272.0,78025.0,78228.0,1279.92227
1788048000000,78229.0,78312.0,77955.0,78124.0,1734.5328
1788062400000,78118.0,78288.0,77962.0,78086.0,1553.231
1788076800000,78086.0,78221.0,77936.0,78149.0,629.8362
1788091200000,78149.0,78950.0,78149.0,78809.0,5038.14498
1788105600000,78809.0,79389.0,78699.0,78841.0,5059.34104
1788120000000,78842.0,78915.0,76971.0,77659.0,8219.50208
1788134400000,77660.0,78163.0,77353.0,77738.0,5627.60521
1788148800000,77738.0,78318.0,77436.0,78195.0,3641.69716
1788163200000,78196.0,78790.0,77967.0,78300.0,4035.76158
1788177600000,78300.0,78773.0,77678.0,78566.0,9463.09887
1788192000000,78566.0,79250.0,78471.0,78872.0,7006.74302
1788206400000,78872.0,79164.0,78373.0,78574.0,2693.07765
1788220800000,78575.0,78889.0,78153.0,78665.0,4007.42949
1788235200000,78665.0,79233.0,78499.0,78642.0,5628.32055
1788249600000,78642.0,78663.0,77740.0,78094.0,4993.25717
1788264000000,78095.0,78418.0,77500.0,77910.0,6992.21916
1788278400000,77910.0,77968.0,76397.0,77290.0,12377.09199
1788292800000,77298.0,77611.0,76897.0,77419.0,3146.04822
1788307200000,77420.0,77777.0,76687.0,77549.0,4815.48939
1788321600000,77550.0,77777.0,77274.0,77457.0,3436.13621
1788336000000,77458.0,77540.0,76234.0,76836.0,9726.75743
1788350400000,76835.0,77495.0,76598.0,77283.0,10187.73198
1788364800000,77284.0,77581.0,76928.0,77319.0,4112.69855
1788379200000,77318.0,77501.0,76980.0,77319.0,3185.10118
1788393600000,77320.0,77911.0,76951.0,77684.0,5358.42653
1788408000000,77685.0,78177.0,77090.0,77635.0,7117.12416
1788422400000,77636.0,78056.0,77456.0,77911.0,3743.75613
1788436800000,77911.0,81346.0,77859.0,81311.0,21546.21443
1788451200000,81311.0,81755.0,80600.0,81698.0,11324.16689
1788465600000,81704.0,82268.0,80850.0,81244.0,8735.06612
1788480000000,81244.0,81400.0,80630.0,80796.0,4097.29775
1788494400000,80797.0,81270.0,80528.0,80636.0,3220.07004
1788508800000,80630.0,81374.0,80497.0,81181.0,3689.68699
1788523200000,81181.0,81318.0,78600.0,79378.0,20988.23358
1788537600000,79377.0,79862.0,79340.0,79761.0,5624.82343
1788552000000,79762.0,79834.0,79476.0,79623.0,1689.50821
1788566400000,79624.0,79691.0,79439.0,79547.0,2561.63678
1788580800000,79547.0,79731.0,79413.0,79679.0,895.12034
1788595200000,79679.0,79723.0,79536.0,79571.0,659.22327
1788609600000,79571.0,79788.0,79497.0,79765.0,1077.29449
1788624000000,79764.0,80192.0,79670.0,79718.0,4409.98515
1788638400000,79718.0,79915.0,79658.0,79804.0,1375.9161
1788652800000,79804.0,80081.0,79799.0,79995.0,1427.34276
1788667200000,79994.0,80100.0,79568.0,79787.0,2159.46432
1788681600000,79788.0,79994.0,79745.0,79895.0,875.12741
1788696000000,79896.0,79988.0,79214.0,79684.0,1861.83544
1788710400000,79682.0,79947.0,79549.0,79809.0,1126.68481
1788724800000,79808.0,80514.0,79619.0,80314.0,3210.21747
1788739200000,80315.0,80428.0,79537.0,79571.0,2566.87447
1788753600000,79569.0,79888.0,78945.0,79360.0,3100.78762
1788768000000,79360.0,79515.0,79247.0,79395.0,1848.49212
1788782400000,79396.0,79620.0,78632.0,78776.0,6597.41489
1788796800000,78777.0,79373.0,78763.0,79319.0,2681.98396
1788811200000,79319.0,79337.0,78741.0,79072.0,3395.50109
1788825600000,79073.0,79430.0,78685.0,78869.0,2663.57267
1788840000000,78870.0,78884.0,78140.0,78438.0,5467.84836
1788854400000,78438.0,78987.0,78248.0,78395.0,4723.95389
1788868800000,78395.0,78888.0,77617.0,78881.0,8719.7844
1788883200000,78881.0,78950.0,78241.0,78412.0,4995.0657
1788897600000,78411.0,78631.0,78367.0,78417.0,2054.0768
1788912000000,78419.0,78900.0,78418.0,78609.0,1840.81335
1788926400000,78609.0,79372.0,78609.0,79261.0,4050.57878
1788940800000,79261.0,79730.0,78714.0,79309.0,7474.27364
1788955200000,79309.0,79650.0,78044.0,78581.0,12886.66544
1788969600000,78580.0,78917.0,78104.0,78188.0,5750.03879
1788984000000,78189.0,78307.0,77718.0,78275.0,6148.66017
1788998400000,78269.0,78494.0,77903.0,78295.0,4182.67467
1789012800000,78296.0,78527.0,77868.0,78086.0,3591.42297
1789027200000,78086.0,78207.0,77680.0,77822.0,3844.13369
1789041600000,77821.0,77935.0,76666.0,77227.0,11868.39497
1789056000000,77226.0,77520.0,76772.0,77132.0,4636.79496
1789070400000,77132.0,77332.0,76440.0,76533.0,3176.708
1789084800000,76534.0,76990.0,76527.0,76866.0,1796.02232
1789099200000,76866.0,77419.0,76855.0,77195.0,2566.05481
1789113600000,77194.0,77470.0,76718.0,77020.0,3597.63112
1789128000000,77019.0,79867.0,76021.0,77709.0,30263.22472
1789142400000,77709.0,78037.0,76851.0,77243.0,6806.92382
1789156800000,77243.0,77458.0,76926.0,77180.0,2621.73666
1789171200000,77180.0,77350.0,77176.0,77227.0,1662.77652
1789185600000,77227.0,77315.0,77127.0,77244.0,935.33377
1789200000000,77244.0,77360.0,77226.0,77322.0,1242.98512
1789214400000,77321.0,77460.0,77224.0,77348.0,1565.41511
1789228800000,77348.0,77377.0,77034.0,77091.0,1576.50143
1789243200000,77091.0,77277.0,77090.0,77248.0,913.23692
1789257600000,77249.0,77311.0,77107.0,77159.0,1071.19628
1789272000000,77160.0,77288.0,77021.0,77094.0,963.1165
1789286400000,77093.0,77138.0,76469.0,76736.0,4022.05491
1789300800000,76736.0,77228.0,76509.0,77090.0,3863.9194
1789315200000,77091.0,77382.0,77090.0,77256.0,2548.49373
1789329600000,77257.0,77423.0,76604.0,76810.0,4158.55872
1789344000000,76811.0,77850.0,76346.0,77571.0,6241.19482
1789358400000,77571.0,77855.0,77347.0,77854.0,1924.97144
1789372800000,77855.0,78344.0,77564.0,77753.0,3491.32627
1789387200000,77752.0,78699.0,77435.0,78550.0,9995.15302
1789401600000,78550.0,79310.0,78403.0,78956.0,6745.26171
1789416000000,78965.0,79576.0,78081.0,78182.0,8122.02184
1789430400000,78175.0,78235.0,77627.0,77628.0,2983.60763
1789444800000,77628.0,77715.0,76825.0,76907.0,6881.41744
1789459200000,76902.0,77209.0,76672.0,76908.0,6462.86738
1789473600000,76908.0,77122.0,75600.0,76480.0,21496.69427
1789488000000,76480.0,77366.0,74903.0,76148.0,28249.75405
1789502400000,76149.0,76218.0,75111.0,75608.0,6348.3154
1789516800000,75608.0,76083.0,75430.0,75798.0,2425.03284
1789531200000,75798.0,76076.0,75661.0,75742.0,3055.58516
1789545600000,75742.0,76275.0,75326.0,76217.0,3396.18201
1789560000000,76217.0,76276.0,75411.0,75777.0,5608.25569
1789574400000,75778.0,76547.0,75000.0,76056.0,20776.83928
1789588800000,76056.0,76389.0,75600.0,76180.0,4887.44824
1789603200000,76180.0,76750.0,76040.0,76406.0,3625.44532
1789617600000,76407.0,76643.0,76144.0,76424.0,3231.81036
1789632000000,76426.0,76740.0,76138.0,76448.0,2355.44419
1789646400000,76448.0,77150.0,76001.0,76736.0,9575.96316
1789660800000,76751.0,76943.0,76429.0,76557.0,3394.50679
1789675200000,76557.0,76709.0,76210.0,76396.0,1816.47419
1789689600000,76397.0,77570.0,76259.0,77346.0,3927.17179
1789704000000,77346.0,77820.0,77187.0,77777.0,4185.61181
1789718400000,77777.0,78446.0,77638.0,78039.0,7091.25477
1789732800000,78039.0,81147.0,78000.0,80728.0,21648.0399
1789747200000,80728.0,81440.0,80594.0,81228.0,8230.60969
1789761600000,81227.0,81409.0,80887.0,80916.0,3442.4515
1789776000000,80917.0,81799.0,80873.0,81168.0,3485.08827
1789790400000,81168.0,81320.0,80960.0,81151.0,1285.4546
1789804800000,81151.0,81574.0,81120.0,81352.0,1680.57988
1789819200000,81351.0,81996.0,81212.0,81687.0,4488.92749
1789833600000,81687.0,81942.0,81341.0,81382.0,2734.15026
1789848000000,81382.0,81471.0,80933.0,81292.0,2420.14566
1789862400000,81292.0,81364.0,80148.0,80511.0,4830.71869
1789876800000,80512.0,80650.0,80224.0,80327.0,1674.6394
1789891200000,80327.0,80587.0,80172.0,80490.0,2201.41478
1789905600000,80490.0,80983.0,80333.0,80929.0,2831.91112
1789920000000,80930.0,81505.0,80801.0,81207.0,4468.68557
1789934400000,81207.0,81374.0,80587.0,81221.0,3289.50464
1789948800000,81221.0,82150.0,80888.0,81464.0,7494.83174
1789963200000,81463.0,81902.0,81255.0,81768.0,2084.07472
1789977600000,81767.0,85500.0,81767.0,84921.0,19102.97181
1789992000000,84921.0,86439.0,84830.0,85985.0,17595.90454
1790006400000,85985.0,86954.0,85660.0,86566.0,7335.5534
1790020800000,86566.0,87471.0,86338.0,86662.0,6791.37409
1790035200000,86662.0,86680.0,85342.0,85747.0,6019.81741
1790049600000,85747.0,85791.0,85158.0,85407.0,3163.53887
1790064000000,85408.0,86418.0,85380.0,86043.0,7367.73455
1790078400000,86043.0,86762.0,85483.0,86453.0,7494.82593
1790092800000,86453.0,86707.0,86102.0,86227.0,4900.38215
1790107200000,86228.0,86553.0,86050.0,86237.0,3173.46102
1790121600000,86237.0,87000.0,86174.0,86761.0,4299.8
1790136000000,86760.0,87333.0,86051.0,86178.0,5257.25339
1790150400000,86179.0,86319.0,85468.0,85702.0,4405.33047
1790164800000,85701.0,85985.0,83844.0,83989.0,21307.37372
1790179200000,83989.0,84537.0,83440.0,84488.0,10543.01129
1790193600000,84487.0,84650.0,84172.0,84366.0,2999.3663
1790208000000,84365.0,84469.0,83599.0,83894.0,6811.02424
1790222400000,83894.0,84578.0,83737.0,84483.0,4079.23192
1790236800000,84484.0,84587.0,82835.0,83464.0,11125.25744
1790251200000,83464.0,84925.0,83303.0,84407.0,14405.9206
1790265600000,84407.0,84919.0,83850.0,84399.0,8389.98656
1790280000000,84392.0,84485.0,83891.0,84385.0,3821.32636
1790294400000,84386.0,84876.0,84052.0,84221.0,4065.83048
1790308800000,84221.0,84339.0,83742.0,84027.0,3209.42825
1790323200000,84027.0,85277.0,84024.0,84567.0,5664.80321
1790337600000,84568.0,84700.0,83133.0,83772.0,14694.52187
1790352000000,83772.0,84114.0,83600.0,83988.0,4132.24731
1790366400000,83988.0,84173.0,83580.0,84066.0,2457.30049
1790380800000,84066.0,84111.0,83748.0,83905.0,1617.86845
1790395200000,83905.0,84091.0,83816.0,84076.0,794.57112
1790409600000,84076.0,84321.0,83929.0,84142.0,2441.30442
1790424000000,84142.0,84176.0,83819.0,84133.0,1472.68063
1790438400000,84134.0,84148.0,83935.0,83981.0,1386.47448
1790452800000,83982.0,84444.0,83797.0,84413.0,2923.04528
1790467200000,84414.0,84550.0,84224.0,84382.0,1028.94919
1790481600000,84383.0,84774.0,84277.0,84770.0,1151.35585
1790496000000,84770.0,85100.0,84563.0,84881.0,3558.28589
1790510400000,84881.0,85138.0,84313.0,84434.0,3108.66218
1790524800000,84434.0,84829.0,84299.0,84703.0,1541.45633
1790539200000,84703.0,84767.0,84082.0,84437.0,4141.06105
1790553600000,84438.0,84978.0,83162.0,83295.0,6191.67868
1790568000000,83296.0,83492.0,82642.0,82922.0,4579.07358
1790582400000,82922.0,83121.0,82562.0,83068.0,3545.05017
1790596800000,83068.0,83815.0,82551.0,83364.0,7511.25897
1790611200000,83356.0,84370.0,83050.0,83354.0,8094.76619
1790625600000,83354.0,83630.0,83050.0,83457.0,2817.07843
1790640000000,83458.0,83579.0,82732.0,83032.0,2862.42191
1790654400000,83031.0,84170.0,82924.0,83936.0,2534.4583
1790668800000,83937.0,84469.0,83716.0,84312.0,3804.26215
1790683200000,84313.0,84522.0,82858.0,83048.0,10149.54298
1790697600000,83052.0,83679.0,82880.0,83565.0,3746.33277
1790712000000,83571.0,83801.0,83334.0,83620.0,2155.89447
1790726400000,83620.0,83689.0,83133.0,83271.0,2038.65262
1790740800000,83271.0,83483.0,82914.0,83258.0,3249.56847
1790755200000,83259.0,83942.0,82987.0,83878.0,3985.24895
1790769600000,83878.0,85645.0,83342.0,84121.0,18032.02283
1790784000000,84122.0,84493.0,83475.0,83587.0,4454.30017
1790798400000,83586.0,83856.0,83507.0,83607.0,2877.99311
1790812800000,83607.0,83760.0,83389.0,83733.0,1897.205
1790827200000,83733.0,84383.0,83301.0,83388.0,3708.45393
1790841600000,83388.0,84061.0,83133.0,83876.0,3573.32673
1790856000000,83875.0,84320.0,83425.0,84125.0,6287.67728
1790870400000,84126.0,85250.0,84023.0,84623.0,7621.99618
1790884800000,84624.0,84866.0,84447.0,84837.0,2096.82427
1790899200000,84837.0,85534.0,84480.0,85481.0,3244.86376
1790913600000,85481.0,86874.0,85425.0,86076.0,7113.76736
1790928000000,86075.0,86613.0,86045.0,86398.0,4372.65372
1790942400000,86397.0,87235.0,85133.0,85317.0,15658.8265
1790956800000,85317.0,85497.0,83846.0,84281.0,8541.60359
1790971200000,84281.0,84538.0,84192.0,84482.0,2083.84898
1790985600000,84483.0,84684.0,84410.0,84657.0,1015.5208
1791000000000,84658.0,84690.0,84481.0,84529.0,613.44557
1791014400000,84529.0,84659.0,84517.0,84637.0,443.89657
1791028800000,84638.0,84931.0,84637.0,84830.0,1498.84653
1791043200000,84831.0,85003.0,84673.0,84813.0,1374.58063
1791057600000,84813.0,84873.0,84520.0,84716.0,615.61793
1791072000000,84716.0,84859.0,84681.0,84802.0,582.17056
1791086400000,84803.0,85078.0,84784.0,85078.0,750.30309
1791100800000,85078.0,85410.0,85029.0,85283.0,2313.66489
1791115200000,85283.0,85463.0,85070.0,85231.0,1732.0477
1791129600000,85231.0,85560.0,85155.0,85409.0,1176.82728
1791144000000,85409.0,86797.0,85371.0,86504.0,5883.4183
1791158400000,86500.0,86990.0,85972.0,86057.0,5630.47945
1791172800000,86057.0,86491.0,85373.0,86240.0,6648.44939
1791187200000,86240.0,86486.0,85751.0,86196.0,3154.14413
1791201600000,86196.0,86687.0,85159.0,85233.0,7587.72893
1791216000000,85233.0,85793.0,84953.0,85699.0,3749.58515
1791230400000,85700.0,86055.0,85630.0,85738.0,2702.55205
1791244800000,85739.0,86129.0,85306.0,85490.0,2279.04056
1791259200000,85498.0,85742.0,85112.0,85538.0,1937.23454
1791273600000,85538.0,86372.0,85536.0,86244.0,4268.95117
1791288000000,86245.0,86670.0,85692.0,85692.0,6312.61675
1791302400000,85693.0,85833.0,85390.0,85616.0,3499.80781
1791316800000,85608.0,85663.0,85347.0,85547.0,2243.82208
1791331200000,85547.0,85599.0,83334.0,84123.0,10070.09954
1791345600000,84123.0,84369.0,84009.0,84113.0,2699.5137
1791360000000,84114.0,84146.0,83500.0,83710.0,4736.66095
1791374400000,83711.0,83731.0,82741.0,83445.0,9500.18841
1791388800000,83444.0,83655.0,83016.0,83413.0,4667.39003
1791403200000,83414.0,83588.0,83089.0,83302.0,2059.4508
1791417600000,83302.0,83491.0,82593.0,82728.0,3104.87308
1791432000000,82732.0,83259.0,82200.0,82965.0,5745.03145
1791446400000,82965.0,83147.0,82267.0,82468.0,3902.33386
1791460800000,82469.0,82767.0,80909.0,81009.0,15302.72228
1791475200000,81007.0,81772.0,80351.0,81740.0,12506.11445
