t_ms,rate
1704067200151,2.49231e-05
1704070800006,2.12483e-05
1704074400173,3.41014e-05
1704078000037,3.26754e-05
1704081600362,4.24481e-05
1704085200368,5.80106e-05
1704088800130,7.04776e-05
1704092400410,9.09833e-05
1704096000029,0.0001219819
1704099600110,7.18794e-05
1704103200355,8.08151e-05
1704106800050,8.66017e-05
1704110400367,0.0001027466
1704114000334,0.0001084664
1704117600237,0.0001157215
1704121200090,0.0001149034
1704124800074,0.0001154473
1704128400419,7.6064e-05
1704132000049,8.27683e-05
1704135600146,0.0001009675
1704139200056,0.0001119539
1704142800051,0.000135608
1704146400274,0.000151831
1704150000281,0.0001737979
1704153600127,0.0001783202
1704157200376,0.0001340938
1704160800068,0.0001643776
1704164400365,0.0001730811
1704168000005,0.0001641608
1704171600079,0.00017463
1704175200305,0.0001939855
1704178800047,0.0002097959
1704182400032,0.0001955582
1704186000092,0.0001254116
1704189600370,0.0001566661
1704193200161,0.000184148
1704196800114,0.0002072863
1704200400007,0.0002165448
1704204000033,0.0002206097
1704207600148,0.0001954424
1704211200025,0.0001872048
1704214800369,0.0001084444
1704218400142,0.0001116984
1704222000294,7.7254e-05
1704225600130,6.95473e-05
1704229200064,7.25445e-05
1704232800274,7.43064e-05
1704236400336,7.30747e-05
1704240000058,7.97777e-05
1704243600198,5.67654e-05
1704247200337,6.33425e-05
1704250800298,7.60479e-05
1704254400081,8.63364e-05
1704258000148,9.70727e-05
1704261600105,0.0001037709
1704265200401,0.0001117768
1704268800203,0.0001063515
1704272400021,6.91453e-05
1704276000005,8.488e-05
1704279600386,9.28786e-05
1704283200201,8.50748e-05
1704286800152,1.25e-05
1704290400220,-7.19894e-05
1704294000065,-0.000125772
1704297600215,-0.000164791
1704301200035,-6.82141e-05
1704304800335,-5.56137e-05
1704308400072,-4.73829e-05
1704312000057,-3.57962e-05
1704315600025,-3.71979e-05
1704319200091,-3.65527e-05
1704322800162,-4.93084e-05
1704326400325,-4.25048e-05
1704330000286,-8.157e-07
1704333600393,-7.8635e-06
1704337200365,2.1182e-06
1704340800108,1.8095e-06
1704344400417,9.8985e-06
1704348000003,1.25e-05
1704351600119,1.25e-05
1704355200125,1.25e-05
1704358800400,1.25e-05
1704362400001,1.25e-05
1704366000308,1.25e-05
1704369600080,1.25e-05
1704373200377,9.9996e-06
1704376800434,-6.2661e-06
1704380400387,5.3521e-06
1704384000187,1.25e-05
1704387600250,1.25e-05
1704391200362,1.25e-05
1704394800047,1.25e-05
1704398400010,1.25e-05
1704402000311,1.25e-05
1704405600308,1.25e-05
1704409200158,1.25e-05
1704412800074,1.25e-05
1704416400204,1.25e-05
1704420000049,1.25e-05
1704423600228,1.25e-05
1704427200062,1.25e-05
1704430800073,1.25e-05
1704434400137,1.25e-05
1704438000200,1.25e-05
1704441600061,1.25e-05
1704445200187,1.25e-05
1704448800034,1.25e-05
1704452400013,1.25e-05
1704456000158,1.25e-05
1704459600064,1.25e-05
1704463200336,1.25e-05
1704466800188,9.5112e-06
1704470400203,1.25e-05
1704474000113,1.25e-05
1704477600358,1.25e-05
1704481200266,1.25e-05
1704484800390,1.25e-05
1704488400154,1.25e-05
1704492000142,4.2639e-06
1704495600377,9.748e-06
1704499200082,1.07454e-05
1704502800334,1.25e-05
1704506400104,1.25e-05
1704510000249,1.25e-05
1704513600030,1.25e-05
1704517200187,1.25e-05
1704520800249,-5.4219e-06
1704524400025,-1.4318e-05
1704528000388,-1.04486e-05
1704531600122,1.20103e-05
1704535200019,7.8002e-06
1704538800041,8.952e-06
1704542400315,1.16228e-05
1704546000096,1.25e-05
1704549600117,1.25e-05
1704553200138,1.25e-05
1704556800238,1.25e-05
1704560400417,1.25e-05
1704564000019,1.25e-05
1704567600117,1.25e-05
1704571200359,1.25e-05
1704574800086,1.25e-05
1704578400401,1.25e-05
1704582000253,1.25e-05
1704585600173,1.25e-05
1704589200037,1.25e-05
1704592800146,1.25e-05
1704596400010,1.25e-05
1704600000129,1.25e-05
1704603600072,1.25e-05
1704607200019,1.25e-05
1704610800288,1.25e-05
1704614400344,1.25e-05
1704618000050,1.25e-05
1704621600109,1.25e-05
1704625200391,1.25e-05
1704628800014,1.25e-05
1704632400175,1.25e-05
1704636000009,1.25e-05
1704639600356,1.25e-05
1704643200288,1.25e-05
1704646800170,1.25e-05
1704650400094,1.25e-05
1704654000008,1.25e-05
1704657600073,1.25e-05
1704661200219,1.25e-05
1704664800357,1.25e-05
1704668400145,1.25e-05
1704672000001,1.25e-05
1704675600392,1.25e-05
1704679200365,1.25e-05
1704682800142,1.25e-05
1704686400067,1.25e-05
1704690000411,1.22e-05
1704693600074,9.3052e-06
1704697200006,1.25e-05
1704700800292,1.25e-05
1704704400083,1.25e-05
1704708000353,1.25e-05
1704711600372,1.25e-05
1704715200026,1.25e-05
1704718800308,9.9879e-06
1704722400134,2.7747e-06
1704726000147,1.0906e-05
1704729600207,-0.0001175133
1704733200015,6.2083e-06
1704736800044,1.25e-05
1704740400022,1.25e-05
1704744000165,1.25e-05
1704747600351,1.25e-05
1704751200321,1.25e-05
1704754800320,1.25e-05
1704758400145,1.25e-05
1704762000430,1.25e-05
1704765600339,1.25e-05
1704769200373,1.25e-05
1704772800048,1.25e-05
1704776400034,1.25e-05
1704780000341,1.25e-05
1704783600251,1.25e-05
1704787200270,1.25e-05
1704790800237,1.25e-05
1704794400120,1.25e-05
1704798000112,1.25e-05
1704801600211,3.3069e-06
1704805200048,-5.4851e-06
1704808800134,-1.23603e-05
1704812400106,-2.38891e-05
1704816000278,-3.43128e-05
1704819600282,-3.3953e-06
1704823200234,1.25e-05
1704826800245,4.62553e-05
1704830400270,8.94264e-05
1704834000207,5.28202e-05
1704837600101,1.82982e-05
1704841200142,6.89255e-05
1704844800439,2.73183e-05
1704848400108,1.25e-05
1704852000055,1.25e-05
1704855600156,1.25e-05
1704859200011,1.25e-05
1704862800142,1.25e-05
1704866400228,1.25e-05
1704870000327,1.25e-05
1704873600195,1.25e-05
1704877200018,1.25e-05
1704880800105,1.25e-05
1704884400259,1.25e-05
1704888000296,1.25e-05
1704891600006,1.25e-05
1704895200008,1.25e-05
1704898800050,1.25e-05
1704902400330,1.25e-05
1704906000057,1.25e-05
1704909600072,1.25e-05
1704913200015,1.25e-05
1704916800114,1.25e-05
1704920400163,1.25e-05
1704924000130,2.30499e-05
1704927600135,6.53705e-05
1704931200079,8.01671e-05
1704934800126,1.8385e-05
1704938400444,1.37439e-05
1704942000370,2.00373e-05
1704945600375,3.34361e-05
1704949200445,5.06341e-05
1704952800015,2.14388e-05
1704956400093,1.25e-05
1704960000065,1.94542e-05
1704963600093,1.25e-05
1704967200181,1.25e-05
1704970800031,1.25e-05
1704974400401,1.25e-05
1704978000146,1.25e-05
1704981600043,1.25e-05
1704985200380,1.25e-05
1704988800021,4.44951e-05
1704992400141,1.25e-05
1704996000355,1.25e-05
1704999600175,1.25e-05
1705003200393,1.25e-05
1705006800036,1.25e-05
1705010400265,1.25e-05
1705014000169,1.25e-05
1705017600117,1.25e-05
1705021200061,1.25e-05
1705024800080,1.25e-05
1705028400080,1.25e-05
1705032000063,1.25e-05
1705035600289,1.25e-05
1705039200363,1.25e-05
1705042800124,1.25e-05
1705046400303,1.25e-05
1705050000257,1.25e-05
1705053600154,1.25e-05
1705057200394,1.25e-05
1705060800038,1.69594e-05
1705064400164,2.17096e-05
1705068000229,2.92387e-05
1705071600237,2.9722e-05
1705075200304,2.64201e-05
1705078800344,1.25e-05
1705082400306,1.25e-05
1705086000237,1.25e-05
1705089600198,1.25e-05
1705093200059,1.25e-05
1705096800070,1.25e-05
1705100400193,1.25e-05
1705104000120,1.25e-05
1705107600292,1.25e-05
1705111200180,1.25e-05
1705114800229,1.25e-05
1705118400327,1.25e-05
1705122000285,1.25e-05
1705125600196,1.25e-05
1705129200237,1.25e-05
1705132800152,1.25e-05
1705136400276,1.25e-05
1705140000104,1.25e-05
1705143600019,1.25e-05
1705147200030,1.25e-05
1705150800168,1.25e-05
1705154400439,1.25e-05
1705158000148,1.25e-05
1705161600325,1.25e-05
1705165200127,1.25e-05
1705168800269,1.25e-05
1705172400090,1.25e-05
1705176000268,1.25e-05
1705179600230,1.25e-05
1705183200145,1.25e-05
1705186800144,1.25e-05
1705190400301,1.25e-05
1705194000374,1.25e-05
1705197600098,1.25e-05
1705201200090,1.25e-05
1705204800165,1.25e-05
1705208400017,1.25e-05
1705212000376,1.25e-05
1705215600163,1.25e-05
1705219200192,1.25e-05
1705222800079,1.25e-05
1705226400224,1.25e-05
1705230000140,1.25e-05
1705233600208,1.25e-05
1705237200066,1.25e-05
1705240800238,1.25e-05
1705244400395,1.25e-05
1705248000032,1.25e-05
1705251600446,1.25e-05
1705255200195,1.25e-05
1705258800144,1.25e-05
1705262400105,1.25e-05
1705266000340,1.25e-05
1705269600091,1.25e-05
1705273200209,1.25e-05
1705276800000,1.25e-05
1705280400358,1.25e-05
1705284000081,1.25e-05
1705287600022,1.25e-05
1705291200330,1.25e-05
1705294800352,1.25e-05
1705298400125,1.25e-05
1705302000181,1.25e-05
1705305600427,1.25e-05
1705309200111,1.25e-05
1705312800017,1.25e-05
1705316400174,1.25e-05
1705320000028,1.25e-05
1705323600366,1.25e-05
1705327200189,1.25e-05
1705330800017,1.25e-05
1705334400202,1.25e-05
1705338000344,1.25e-05
1705341600091,1.25e-05
1705345200410,1.25e-05
1705348800083,1.25e-05
1705352400364,1.25e-05
1705356000011,1.25e-05
1705359600317,1.25e-05
1705363200090,1.25e-05
1705366800442,1.25e-05
1705370400218,1.25e-05
1705374000312,1.25e-05
1705377600322,1.25e-05
1705381200249,1.25e-05
1705384800179,1.25e-05
1705388400315,1.25e-05
1705392000030,1.54987e-05
1705395600016,1.25e-05
1705399200383,3.10946e-05
1705402800113,5.16232e-05
1705406400074,5.86965e-05
1705410000351,8.34994e-05
1705413600107,0.0001023396
1705417200358,9.21987e-05
1705420800053,0.0001034315
1705424400021,6.32123e-05
1705428000150,6.29225e-05
1705431600275,6.09829e-05
1705435200182,7.90704e-05
1705438800356,8.06931e-05
1705442400378,7.49423e-05
1705446000079,8.86523e-05
1705449600098,9.09373e-05
1705453200203,5.28573e-05
1705456800336,5.42589e-05
1705460400226,6.1253e-05
1705464000099,6.38484e-05
1705467600442,6.15974e-05
1705471200001,6.26611e-05
1705474800259,6.25929e-05
1705478400028,7.02661e-05
1705482000329,2.01586e-05
1705485600430,2.07061e-05
1705489200217,2.12731e-05
1705492800018,2.37468e-05
1705496400358,3.22154e-05
1705500000286,3.03127e-05
1705503600009,2.82649e-05
1705507200008,3.55423e-05
1705510800105,1.82074e-05
1705514400045,2.17638e-05
1705518000034,1.76643e-05
1705521600226,2.3514e-05
1705525200143,3.14047e-05
1705528800277,3.39088e-05
1705532400438,3.84233e-05
1705536000095,4.05463e-05
1705539600160,2.58581e-05
1705543200057,2.79096e-05
1705546800212,2.5211e-05
1705550400116,3.19228e-05
1705554000357,3.30769e-05
1705557600409,3.57262e-05
1705561200200,4.27026e-05
1705564800182,4.62736e-05
1705568400050,1.88801e-05
1705572000185,2.09694e-05
1705575600011,2.03225e-05
1705579200268,1.77002e-05
1705582800154,2.02991e-05
1705586400015,2.50127e-05
1705590000096,3.1672e-05
1705593600154,3.84813e-05
1705597200124,1.25e-05
1705600800098,1.25e-05
1705604400413,1.25e-05
1705608000103,1.25e-05
1705611600422,1.40488e-05
1705615200307,1.93403e-05
1705618800010,1.25e-05
1705622400051,1.31912e-05
1705626000188,1.25e-05
1705629600173,1.25e-05
1705633200141,1.25e-05
1705636800097,1.25e-05
1705640400052,1.25e-05
1705644000031,1.27352e-05
1705647600193,3.13662e-05
1705651200248,2.1104e-05
1705654800367,1.25e-05
1705658400153,1.50683e-05
1705662000220,2.00192e-05
1705665600011,2.52424e-05
1705669200060,3.25268e-05
1705672800303,4.20687e-05
1705676400113,4.90623e-05
1705680000446,6.52289e-05
1705683600284,1.48326e-05
1705687200223,1.25e-05
1705690800365,1.25e-05
1705694400193,1.25e-05
1705698000202,1.25e-05
1705701600037,1.25e-05
1705705200076,1.25e-05
1705708800109,2.57807e-05
1705712400380,1.25e-05
1705716000391,1.25e-05
1705719600211,1.25e-05
1705723200082,1.25e-05
1705726800393,1.25e-05
1705730400403,1.25e-05
1705734000076,1.9845e-05
1705737600141,6.8379e-05
1705741200397,3.0173e-05
1705744800182,4.3452e-05
1705748400056,4.86055e-05
1705752000330,6.6511e-05
1705755600212,9.94446e-05
1705759200086,0.000118341
1705762800040,0.0001406204
1705766400467,0.0001578203
1705770000316,7.86284e-05
1705773600194,9.88278e-05
1705777200102,0.0001064144
1705780800326,0.0001340464
1705784400391,0.0001506967
1705788000089,9.62015e-05
1705791600237,0.000139514
1705795200023,9.19995e-05
1705798800362,9.9965e-05
1705802400372,0.0001427243
1705806000334,0.0001205601
1705809600239,8.04907e-05
1705813200215,4.19715e-05
1705816800077,4.86806e-05
1705820400386,4.97553e-05
1705824000435,4.30106e-05
1705827600145,3.75531e-05
1705831200451,5.74095e-05
1705834800381,6.87563e-05
1705838400058,6.95561e-05
1705842000135,7.68969e-05
1705845600001,8.71545e-05
1705849200451,9.92621e-05
1705852800245,7.91815e-05
1705856400167,1.83526e-05
1705860000066,1.25e-05
1705863600334,1.47094e-05
1705867200313,2.75123e-05
1705870800016,2.58705e-05
1705874400065,1.25e-05
1705878000306,3.54599e-05
1705881600256,4.25999e-05
1705885200039,3.11095e-05
1705888800276,2.35981e-05
1705892400047,2.60102e-05
1705896000065,3.32396e-05
1705899600193,3.25796e-05
1705903200226,4.28405e-05
1705906800351,4.84443e-05
1705910400058,5.03669e-05
1705914000407,1.25e-05
1705917600453,3.11539e-05
1705921200199,4.00549e-05
1705924800236,4.74917e-05
1705928400047,3.92247e-05
1705932000155,3.54926e-05
1705935600059,3.09261e-05
1705939200328,3.18785e-05
1705942800274,1.77647e-05
1705946400427,1.25e-05
1705950000292,1.60097e-05
1705953600147,1.25e-05
1705957200207,1.25e-05
1705960800262,1.86974e-05
1705964400033,3.55206e-05
1705968000059,3.13902e-05
1705971600061,1.82018e-05
1705975200385,2.44631e-05
1705978800031,2.83384e-05
1705982400305,3.93425e-05
1705986000148,4.60817e-05
1705989600165,5.45227e-05
1705993200294,6.36427e-05
1705996800065,6.0647e-05
1706000400342,1.25e-05
1706004000304,1.25e-05
1706007600337,1.25e-05
1706011200342,1.25e-05
1706014800038,1.25e-05
1706018400401,1.25e-05
1706022000218,1.25e-05
1706025600219,1.25e-05
1706029200076,1.25e-05
1706032800044,1.25e-05
1706036400034,1.25e-05
1706040000066,1.25e-05
1706043600062,1.25e-05
1706047200177,1.34028e-05
1706050800332,2.04808e-05
1706054400001,2.78987e-05
1706058000360,1.98922e-05
1706061600459,1.5905e-05
1706065200363,1.90919e-05
1706068800210,3.76518e-05
1706072400250,5.68042e-05
1706076000072,8.04062e-05
1706079600325,0.0001009003
1706083200018,0.0001034369
1706086800221,5.66536e-05
1706090400338,6.32148e-05
1706094000428,7.17982e-05
1706097600232,8.16736e-05
1706101200410,9.34118e-05
1706104800338,6.44798e-05
1706108400021,2.84e-05
1706112000035,3.05773e-05
1706115600321,1.29066e-05
1706119200249,3.5582e-05
1706122800410,3.40111e-05
1706126400300,3.90312e-05
1706130000353,4.04917e-05
1706133600037,5.10964e-05
1706137200007,3.70376e-05
1706140800272,2.75247e-05
1706144400150,1.25e-05
1706148000115,1.25e-05
1706151600235,1.25e-05
1706155200252,1.25e-05
1706158800080,2.53041e-05
1706162400058,2.3831e-05
1706166000065,1.25e-05
1706169600269,2.35095e-05
1706173200098,1.25e-05
1706176800271,1.25e-05
1706180400124,1.93125e-05
1706184000020,1.82815e-05
1706187600098,1.44747e-05
1706191200341,1.25e-05
1706194800108,1.25e-05
1706198400290,1.25e-05
1706202000141,1.25e-05
1706205600354,1.25e-05
1706209200010,1.25e-05
1706212800288,1.27434e-05
1706216400342,2.47303e-05
1706220000431,3.663e-05
1706223600001,4.49858e-05
1706227200126,3.98122e-05
1706230800044,1.25e-05
1706234400134,2.14098e-05
1706238000097,2.1875e-05
1706241600365,2.60612e-05
1706245200167,2.18869e-05
1706248800203,2.81557e-05
1706252400073,2.94455e-05
1706256000025,3.67337e-05
1706259600409,1.25e-05
1706263200156,1.25e-05
1706266800287,1.45733e-05
1706270400050,3.75928e-05
1706274000344,3.57978e-05
1706277600140,3.88223e-05
1706281200119,4.64379e-05
1706284800212,5.56674e-05
1706288400424,2.72929e-05
1706292000091,4.32598e-05
1706295600145,5.56273e-05
1706299200053,7.00074e-05
1706302800372,8.06507e-05
1706306400445,9.12123e-05
1706310000050,0.0001073366
1706313600124,0.0001144129
1706317200408,5.33685e-05
1706320800184,1.6902e-05
1706324400093,1.85534e-05
1706328000340,2.36766e-05
1706331600020,2.91836e-05
1706335200048,2.61925e-05
1706338800097,3.06507e-05
1706342400385,3.05959e-05
1706346000246,1.25e-05
1706349600246,2.1504e-05
1706353200168,1.73591e-05
1706356800003,2.69991e-05
1706360400382,4.48102e-05
1706364000116,4.32503e-05
1706367600015,4.35959e-05
1706371200018,5.08512e-05
1706374800062,2.89975e-05
1706378400334,2.78907e-05
1706382000290,3.68098e-05
1706385600323,4.04858e-05
1706389200226,3.42242e-05
1706392800267,1.25e-05
1706396400035,1.25e-05
1706400000009,1.88959e-05
1706403600304,1.25e-05
1706407200360,2.76836e-05
1706410800169,3.00555e-05
1706414400046,3.37295e-05
1706418000045,5.21616e-05
1706421600167,5.63248e-05
1706425200265,4.73754e-05
1706428800225,4.40806e-05
1706432400224,2.39117e-05
1706436000014,3.46446e-05
1706439600047,3.31489e-05
1706443200352,2.74292e-05
1706446800052,3.50102e-05
1706450400263,4.97487e-05
1706454000412,5.67275e-05
1706457600234,6.76801e-05
1706461200084,3.33245e-05
1706464800107,3.80462e-05
1706468400059,4.42347e-05
1706472000333,3.50865e-05
1706475600021,2.77725e-05
1706479200032,3.10946e-05
1706482800094,3.1491e-05
1706486400422,2.87345e-05
1706490000298,1.68168e-05
1706493600004,1.97939e-05
1706497200174,1.97911e-05
1706500800199,2.60426e-05
1706504400144,3.79344e-05
1706508000020,4.35077e-05
1706511600035,4.71541e-05
1706515200275,5.63644e-05
1706518800433,2.05067e-05
1706522400300,2.76668e-05
1706526000236,3.17554e-05
1706529600409,5.78223e-05
1706533200233,8.624e-05
1706536800260,8.9262e-05
1706540400204,9.14866e-05
1706544000423,0.000103656
1706547600413,4.25103e-05
1706551200230,4.65313e-05
1706554800154,4.74598e-05
1706558400387,5.56875e-05
1706562000312,5.95431e-05
1706565600240,6.17238e-05
1706569200390,6.17587e-05
1706572800039,7.46971e-05
1706576400311,3.02138e-05
1706580000317,2.47497e-05
1706583600274,3.07983e-05
1706587200081,1.25e-05
1706590800134,1.25e-05
1706594400266,1.25e-05
1706598000010,1.25e-05
1706601600430,1.25e-05
1706605200085,1.25e-05
1706608800004,1.25e-05
1706612400157,1.25e-05
1706616000110,1.25e-05
1706619600155,1.25e-05
1706623200249,1.25e-05
1706626800293,1.25e-05
1706630400129,1.25e-05
1706634000063,1.25e-05
1706637600161,1.25e-05
1706641200431,1.25e-05
1706644800236,1.43376e-05
1706648400281,2.00391e-05
1706652000116,3.07132e-05
1706655600368,3.90902e-05
1706659200193,3.58748e-05
1706662800095,1.25e-05
1706666400045,1.90963e-05
1706670000076,2.38035e-05
1706673600426,2.82428e-05
1706677200425,3.06324e-05
1706680800321,3.46414e-05
1706684400284,2.44827e-05
1706688000394,3.59368e-05
1706691600380,1.25e-05
1706695200309,1.25e-05
1706698800036,1.46751e-05
1706702400080,1.25e-05
1706706000356,1.25e-05
1706709600022,1.25e-05
1706713200198,1.25e-05
1706716800300,1.25e-05
1706720400105,1.25e-05
1706724000262,1.25e-05
1706727600320,1.25e-05
1706731200422,1.25e-05
1706734800250,1.25e-05
1706738400018,1.25e-05
1706742000108,1.25e-05
1706745600299,1.25e-05
1706749200408,1.25e-05
1706752800259,1.25e-05
1706756400160,1.25e-05
1706760000103,1.25e-05
1706763600142,1.25e-05
1706767200120,1.25e-05
1706770800408,1.25e-05
1706774400254,1.25e-05
1706778000345,1.25e-05
1706781600379,1.25e-05
1706785200177,1.25e-05
1706788800264,1.25e-05
1706792400366,1.25e-05
1706796000147,1.25e-05
1706799600180,1.25e-05
1706803200447,1.25e-05
1706806800260,1.25e-05
1706810400173,1.25e-05
1706814000205,1.25e-05
1706817600121,1.25e-05
1706821200399,1.25e-05
1706824800036,1.25e-05
1706828400172,2.04544e-05
1706832000429,1.89531e-05
1706835600381,1.25e-05
1706839200337,1.25e-05
1706842800445,1.25e-05
1706846400163,1.25e-05
1706850000221,1.25e-05
1706853600110,1.25e-05
1706857200411,1.35373e-05
1706860800386,1.25e-05
1706864400182,1.25e-05
1706868000364,1.25e-05
1706871600231,1.25e-05
1706875200334,1.25e-05
1706878800198,1.25e-05
1706882400391,1.25e-05
1706886000184,1.25e-05
1706889600281,1.85667e-05
1706893200274,1.25e-05
1706896800150,1.25e-05
1706900400211,1.25e-05
1706904000055,1.71264e-05
1706907600216,1.93428e-05
1706911200427,1.75671e-05
1706914800162,1.75685e-05
1706918400226,2.61483e-05
1706922000227,1.25e-05
1706925600016,1.25e-05
1706929200011,1.25e-05
1706932800135,1.25e-05
1706936400020,1.2878e-05
1706940000181,2.33242e-05
1706943600324,1.25e-05
1706947200029,1.25e-05
1706950800078,1.25e-05
1706954400047,1.25e-05
1706958000007,1.25e-05
1706961600302,1.25e-05
1706965200319,1.25e-05
1706968800055,1.25e-05
1706972400386,1.25e-05
1706976000143,1.25e-05
1706979600135,1.25e-05
1706983200349,1.25e-05
1706986800162,1.25e-05
1706990400032,1.25e-05
1706994000426,1.87957e-05
1706997600429,1.42459e-05
1707001200194,1.99047e-05
1707004800077,1.52979e-05
1707008400091,1.25e-05
1707012000437,1.25e-05
1707015600432,1.25e-05
1707019200203,1.25e-05
1707022800426,4.13861e-05
1707026400111,3.1187e-05
1707030000054,1.25e-05
1707033600042,1.25e-05
1707037200442,1.25e-05
1707040800295,1.25e-05
1707044400046,1.25e-05
1707048000087,1.25e-05
1707051600106,1.25e-05
1707055200032,1.25e-05
1707058800431,1.25e-05
1707062400464,1.25e-05
1707066000081,1.25e-05
1707069600049,1.25e-05
1707073200389,1.25e-05
1707076800429,1.25e-05
1707080400285,1.25e-05
1707084000284,1.25e-05
1707087600360,1.25e-05
1707091200200,1.25e-05
1707094800241,1.25e-05
1707098400113,1.25e-05
1707102000277,1.25e-05
1707105600015,1.25e-05
1707109200111,1.25e-05
1707112800037,1.25e-05
1707116400156,1.25e-05
1707120000278,1.25e-05
1707123600022,1.25e-05
1707127200297,1.25e-05
1707130800129,1.25e-05
1707134400041,1.25e-05
1707138000275,1.25e-05
1707141600298,1.25e-05
1707145200029,1.25e-05
1707148800098,1.25e-05
1707152400397,1.25e-05
1707156000103,1.25e-05
1707159600098,1.25e-05
1707163200181,1.25e-05
1707166800058,1.25e-05
1707170400193,1.25e-05
1707174000136,1.25e-05
1707177600287,1.25e-05
1707181200120,1.25e-05
1707184800042,1.25e-05
1707188400352,1.25e-05
1707192000191,1.25e-05
1707195600159,1.25e-05
1707199200268,1.25e-05
1707202800095,1.25e-05
1707206400193,1.25e-05
1707210000314,1.25e-05
1707213600326,1.25e-05
1707217200082,1.25e-05
1707220800331,1.25e-05
1707224400009,1.34113e-05
1707228000357,1.47822e-05
1707231600309,1.40911e-05
1707235200095,2.1412e-05
1707238800373,1.62154e-05
1707242400264,1.31883e-05
1707246000007,1.78729e-05
1707249600434,2.37901e-05
1707253200430,2.79901e-05
1707256800188,2.00624e-05
1707260400019,3.47203e-05
1707264000076,3.15156e-05
1707267600365,1.25e-05
1707271200180,1.25e-05
1707274800410,2.14191e-05
1707278400231,2.63074e-05
1707282000130,2.52421e-05
1707285600127,3.01012e-05
1707289200172,3.63005e-05
1707292800135,4.16736e-05
1707296400333,1.86756e-05
1707300000436,1.25e-05
1707303600187,1.25e-05
1707307200064,1.25e-05
1707310800410,1.25e-05
1707314400111,1.25e-05
1707318000257,1.25e-05
1707321600012,1.25e-05
1707325200297,1.25e-05
1707328800192,2.40052e-05
1707332400252,1.25e-05
1707336000087,2.91388e-05
1707339600286,3.95762e-05
1707343200015,4.15406e-05
1707346800166,5.75118e-05
1707350400230,6.99574e-05
1707354000372,3.50391e-05
1707357600150,4.36085e-05
1707361200282,4.61921e-05
1707364800296,5.30684e-05
1707368400015,6.14191e-05
1707372000275,7.69125e-05
1707375600061,8.98099e-05
1707379200130,0.000102655
1707382800338,5.46263e-05
1707386400044,6.17926e-05
1707390000196,5.84345e-05
1707393600174,5.80781e-05
1707397200047,6.08541e-05
1707400800201,6.12982e-05
1707404400314,6.72082e-05
1707408000438,7.13622e-05
1707411600438,4.15971e-05
1707415200111,4.32919e-05
1707418800410,5.32263e-05
1707422400285,4.8394e-05
1707426000156,5.54431e-05
1707429600093,5.63765e-05
1707433200304,7.13737e-05
1707436800020,6.81615e-05
1707440400072,4.92775e-05
1707444000097,5.63185e-05
1707447600006,5.59227e-05
1707451200307,6.16298e-05
1707454800395,5.95686e-05
1707458400176,6.62093e-05
1707462000201,8.44306e-05
1707465600281,9.94928e-05
1707469200019,4.5902e-05
1707472800031,4.93119e-05
1707476400273,5.03782e-05
1707480000259,5.1101e-05
1707483600286,4.13476e-05
1707487200036,6.91242e-05
1707490800143,9.09189e-05
1707494400388,0.0001081518
1707498000260,5.38209e-05
1707501600131,6.41259e-05
1707505200346,7.95688e-05
1707508800368,9.08482e-05
1707512400421,0.0001093289
1707516000144,0.0001271849
1707519600154,0.0001400557
1707523200092,0.0001512924
1707526800038,9.37917e-05
1707530400259,9.55504e-05
1707534000051,0.0001071217
1707537600360,0.0001252164
1707541200019,0.0001282883
1707544800148,0.0001292575
1707548400189,0.0001438133
1707552000217,0.0001651572
1707555600293,9.55519e-05
1707559200453,9.80684e-05
1707562800101,0.0001001202
1707566400101,9.77919e-05
1707570000246,0.0001046932
1707573600438,7.93661e-05
1707577200295,6.08584e-05
1707580800073,7.09917e-05
1707584400391,3.92491e-05
1707588000163,4.91809e-05
1707591600042,5.08405e-05
1707595200146,4.34933e-05
1707598800387,5.35258e-05
1707602400124,6.65646e-05
1707606000002,7.03022e-05
1707609600201,6.73443e-05
1707613200213,3.26768e-05
1707616800456,3.68204e-05
1707620400001,3.78483e-05
1707624000309,6.01327e-05
1707627600220,6.203e-05
1707631200068,6.83703e-05
1707634800071,9.10481e-05
1707638400056,0.0001174595
1707642000123,7.9787e-05
1707645600059,8.22691e-05
1707649200187,0.0001007414
1707652800034,0.0001130463
1707656400156,0.0001245843
1707660000072,0.0001291858
1707663600303,5.29572e-05
1707667200086,5.33289e-05
1707670800246,4.40095e-05
1707674400022,5.24382e-05
1707678000051,5.1237e-05
1707681600108,4.60275e-05
1707685200377,5.08013e-05
1707688800405,6.78054e-05
1707692400012,7.4191e-05
1707696000190,5.97842e-05
1707699600197,3.1256e-05
1707703200120,3.3175e-05
1707706800377,3.35481e-05
1707710400280,5.64089e-05
1707714000293,5.86164e-05
1707717600396,5.18793e-05
1707721200302,4.55892e-05
1707724800013,5.86113e-05
1707728400082,3.08859e-05
1707732000424,3.08802e-05
1707735600318,3.84158e-05
1707739200138,3.1545e-05
1707742800325,3.62939e-05
1707746400118,3.44416e-05
1707750000172,4.25933e-05
1707753600461,7.91287e-05
1707757200099,8.10147e-05
1707760800357,0.000777206
1707764400306,0.0001106011
1707768000368,0.0001199218
1707771600344,0.0001285329
1707775200194,0.0001313403
1707778800322,0.0001613258
1707782400444,0.0001949056
1707786000023,0.000114878
1707789600245,0.0001304709
1707793200361,0.0001178004
1707796800105,0.0001310206
1707800400016,0.0001366587
1707804000077,0.0001502225
1707807600215,0.0001552328
1707811200348,0.0001774303
1707814800228,0.000104954
1707818400422,0.0001271099
1707822000245,0.00013848
1707825600339,0.0001411901
1707829200021,0.0001462729
1707832800395,0.0001287192
1707836400106,0.000104302
1707840000108,0.0001322952
1707843600385,7.70935e-05
1707847200380,8.25196e-05
1707850800322,9.30172e-05
1707854400173,0.000113249
1707858000414,9.96955e-05
1707861600063,0.0001139476
1707865200438,0.0001220525
1707868800118,0.0001381343
1707872400004,7.78054e-05
1707876000032,6.57479e-05
1707879600034,7.35771e-05
1707883200168,8.26072e-05
1707886800071,0.0001003825
1707890400251,0.0001036728
1707894000093,0.0001144514
1707897600342,0.000130742
1707901200058,8.44161e-05
1707904800001,0.0001127758
1707908400361,0.0001515153
1707912000189,0.0001665006
1707915600452,0.0001806464
1707919200005,0.0002051273
1707922800050,0.0002286392
1707926400368,0.0002300653
1707930000276,0.0001409291
1707933600006,0.0001539994
1707937200342,0.0001731946
1707940800312,0.0001990954
1707944400104,0.000204124
1707948000432,0.0002091561
1707951600032,0.0002292787
1707955200231,0.0002376756
1707958800105,0.000151256
1707962400435,0.0001437484
1707966000082,0.0001272702
1707969600081,0.0001448236
1707973200078,0.0001658551
1707976800293,0.0001688251
1707980400323,0.000175381
1707984000431,0.000173571
1707987600332,0.0001150096
1707991200010,0.0001263522
1707994800191,0.0001277067
1707998400167,0.0001206899
1708002000029,0.0001240767
1708005600187,0.0001446501
1708009200380,0.0001545467
1708012800409,0.000136878
1708016400391,9.04603e-05
1708020000409,0.0001019582
1708023600042,0.0001142226
1708027200171,0.0001220801
1708030800252,0.0001275508
1708034400074,0.0001271786
1708038000026,0.0001289354
1708041600177,0.0001459461
1708045200239,0.0001002217
1708048800337,0.0001062348
1708052400049,0.000120701
1708056000204,0.0001354217
1708059600391,0.0001593182
1708063200184,0.0001815306
1708066800066,0.0001872458
1708070400023,0.0001516626
1708074000035,0.000101641
1708077600283,5.00879e-05
1708081200398,5.98829e-05
1708084800022,3.5445e-05
1708088400066,6.52291e-05
1708092000153,7.76644e-05
1708095600336,4.59394e-05
1708099200112,3.46569e-05
1708102800022,2.44707e-05
1708106400011,3.55775e-05
1708110000362,3.9834e-05
1708113600192,3.82307e-05
1708117200438,4.8695e-05
1708120800121,4.72906e-05
1708124400026,5.62478e-05
1708128000437,6.73102e-05
1708131600462,4.65166e-05
1708135200172,4.93282e-05
1708138800390,5.56218e-05
1708142400450,6.35545e-05
1708146000109,6.90251e-05
1708149600235,7.13823e-05
1708153200089,8.42441e-05
1708156800087,9.2554e-05
1708160400153,4.4685e-05
1708164000377,4.82297e-05
1708167600001,6.4773e-05
1708171200109,5.33657e-05
1708174800437,5.13733e-05
1708178400152,5.54675e-05
1708182000325,6.31125e-05
1708185600123,6.95121e-05
1708189200142,4.47931e-05
1708192800144,4.91814e-05
1708196400011,6.0688e-05
1708200000418,7.77165e-05
1708203600125,8.61413e-05
1708207200205,0.0001143729
1708210800237,0.0001324352
1708214400368,0.0001479262
1708218000330,8.36249e-05
1708221600076,8.55397e-05
1708225200072,9.36804e-05
1708228800438,0.0001061195
1708232400021,0.0001162859
1708236000368,0.0001239435
1708239600431,0.0001252292
1708243200055,0.000140879
1708246800393,7.94229e-05
1708250400393,4.23814e-05
1708254000083,4.17136e-05
1708257600056,5.05213e-05
1708261200005,5.12033e-05
1708264800068,8.87692e-05
1708268400062,7.50851e-05
1708272000061,0.0001042985
1708275600108,6.56009e-05
1708279200398,8.10417e-05
1708282800426,8.74579e-05
1708286400084,0.0001027184
1708290000423,0.000100524
1708293600206,0.0001196598
1708297200209,0.0001404119
1708300800026,0.0001420188
1708304400061,8.32742e-05
1708308000427,8.98498e-05
1708311600104,0.0001092559
1708315200107,0.0001176408
1708318800221,0.0001193682
1708322400026,0.0001212385
1708326000209,0.0001466971
1708329600179,0.0001535484
1708333200443,8.84893e-05
1708336800362,0.0001014267
1708340400218,0.0001210386
1708344000140,0.0001335525
1708347600444,0.0001211009
1708351200174,9.50047e-05
1708354800353,0.0001049043
1708358400079,0.0001600653
1708362000238,0.0001052549
1708365600027,8.09352e-05
1708369200201,0.0001018609
1708372800433,0.0001296929
1708376400073,0.0001548404
1708380000090,0.0001678031
1708383600098,0.0001939481
1708387200035,0.0001900715
1708390800412,0.000109467
1708394400193,0.0001218933
1708398000366,0.0001364611
1708401600146,0.0001381511
1708405200137,0.0001165497
1708408800424,0.0001377539
1708412400392,0.0001649586
1708416000011,0.0001587539
1708419600003,9.93246e-05
1708423200408,9.20224e-05
1708426800023,8.00955e-05
1708430400038,7.26224e-05
1708434000049,7.86048e-05
1708437600099,0.0001259783
1708441200262,7.55853e-05
1708444800133,5.03025e-05
1708448400326,1.25e-05
1708452000235,1.25e-05
1708455600297,1.25e-05
1708459200280,1.38139e-05
1708462800065,3.24611e-05
1708466400410,1.83201e-05
1708470000421,3.58316e-05
1708473600158,5.17429e-05
1708477200089,2.83721e-05
1708480800110,2.89924e-05
1708484400249,3.06821e-05
1708488000245,3.58905e-05
1708491600359,4.77031e-05
1708495200351,4.9638e-05
1708498800228,5.80773e-05
1708502400447,5.72689e-05
1708506000349,2.07104e-05
1708509600019,1.25e-05
1708513200042,1.25e-05
1708516800079,1.25e-05
1708520400096,1.25e-05
1708524000201,1.25e-05
1708527600106,1.25e-05
1708531200091,1.3134e-05
1708534800392,1.25e-05
1708538400132,1.25e-05
1708542000266,1.25e-05
1708545600084,1.25e-05
1708549200333,2.81986e-05
1708552800340,6.91824e-05
1708556400194,0.0001051379
1708560000194,0.0001254058
1708563600391,7.44577e-05
1708567200038,9.01196e-05
1708570800143,9.47035e-05
1708574400107,3.59466e-05
1708578000327,0.0001025831
1708581600407,0.0001354875
1708585200377,0.0001735413
1708588800071,0.0002191008
1708592400033,0.0001348556
1708596000218,0.0001469155
1708599600079,0.0001664925
1708603200118,0.0001759997
1708606800185,0.0001786925
1708610400266,0.0001637346
1708614000097,8.66743e-05
1708617600173,5.54643e-05
1708621200245,3.64969e-05
1708624800241,2.02785e-05
1708628400338,3.17469e-05
1708632000143,2.9821e-05
1708635600072,4.51667e-05
1708639200107,4.9157e-05
1708642800041,4.88721e-05
1708646400106,4.42706e-05
1708650000265,3.10913e-05
1708653600420,3.52198e-05
1708657200145,4.24674e-05
1708660800088,4.1746e-05
1708664400127,3.77758e-05
1708668000350,4.6372e-05
1708671600262,4.17261e-05
1708675200015,4.42108e-05
1708678800172,1.55436e-05
1708682400443,1.63825e-05
1708686000172,3.43325e-05
1708689600188,2.59912e-05
1708693200273,1.40297e-05
1708696800173,2.07521e-05
1708700400022,2.18691e-05
1708704000129,1.25e-05
1708707600153,1.35527e-05
1708711200027,3.29664e-05
1708714800093,3.90087e-05
1708718400206,4.40286e-05
1708722000322,5.50573e-05
1708725600389,6.95484e-05
1708729200247,6.84824e-05
1708732800063,6.12276e-05
1708736400146,3.25408e-05
1708740000056,2.9184e-05
1708743600333,4.06504e-05
1708747200349,4.32328e-05
1708750800180,4.38618e-05
1708754400372,4.53208e-05
1708758000015,4.74548e-05
1708761600021,4.9167e-05
1708765200039,2.90848e-05
1708768800045,3.68027e-05
1708772400133,3.91418e-05
1708776000284,4.72707e-05
1708779600131,5.21592e-05
1708783200247,6.00643e-05
1708786800186,7.48492e-05
1708790400215,9.36471e-05
1708794000098,4.40265e-05
1708797600024,4.83376e-05
1708801200350,5.12101e-05
1708804800403,6.33123e-05
1708808400167,7.05815e-05
1708812000030,7.47893e-05
1708815600422,9.00451e-05
1708819200407,9.89692e-05
1708822800153,6.01537e-05
1708826400332,6.28192e-05
1708830000164,7.37588e-05
1708833600037,7.42621e-05
1708837200401,8.77604e-05
1708840800220,9.40073e-05
1708844400264,0.0001119979
1708848000038,0.0001221075
1708851600318,7.58094e-05
1708855200099,6.6775e-05
1708858800266,7.96985e-05
1708862400337,8.22839e-05
1708866000185,8.73242e-05
1708869600126,9.41842e-05
1708873200415,9.94508e-05
1708876800079,9.46028e-05
1708880400441,5.9251e-05
1708884000161,7.64918e-05
1708887600195,7.74768e-05
1708891200104,9.07256e-05
1708894800013,0.0001149185
1708898400330,0.0001299797
1708902000236,0.0001531952
1708905600456,0.0001543938
1708909200414,8.15997e-05
1708912800300,8.18392e-05
1708916400318,8.84607e-05
1708920000120,8.61185e-05
1708923600051,0.0001034942
1708927200457,0.0001214586
1708930800228,0.0001444425
1708934400000,0.0001294887
1708938000256,8.22713e-05
1708941600411,7.05759e-05
1708945200232,8.2328e-05
1708948800022,8.599e-05
1708952400185,9.89312e-05
1708956000324,9.32639e-05
1708959600336,0.0001131249
1708963200144,0.0001187746
1708966800247,9.01216e-05
1708970400432,9.77809e-05
1708974000189,0.0001092775
1708977600193,0.0001305309
1708981200370,0.0001303587
1708984800131,0.0001379391
1708988400138,0.0001440941
1708992000294,0.0001153255
1708995600147,8.93251e-05
1708999200314,0.0001069554
1709002800386,0.0001672238
1709006400067,0.0001945106
1709010000271,0.0001908052
1709013600438,0.0001832807
1709017200034,0.0001850927
1709020800383,0.0001946437
1709024400066,0.0001339285
1709028000254,0.0001860888
1709031600002,0.0002314868
1709035200053,0.0002832946
1709038800155,0.0003204464
1709042400431,0.0003208445
1709046000168,0.00030467
1709049600265,0.000285324
1709053200006,0.0001493326
1709056800371,0.0001288399
1709060400045,0.0001339997
1709064000017,0.0001873202
1709067600364,0.0002318582
1709071200009,0.0002770324
1709074800047,0.0003296887
1709078400250,0.0004331452
1709082000384,0.0002584128
1709085600149,0.0002661307
1709089200131,0.0002820796
1709092800011,0.0002570565
1709096400097,0.0002729512
1709100000079,0.0003000665
1709103600301,0.0002978242
1709107200124,0.0002834037
1709110800413,0.0002237982
1709114400125,0.0004070579
1709118000046,0.0004523824
1709121600221,0.0003195379
1709125200288,0.0002527781
1709128800407,0.0002176142
1709132400361,0.0002472755
1709136000074,0.0002733672
1709139600360,0.0003301109
1709143200100,1.25e-05
1709146800044,1.25e-05
1709150400048,0.0001812642
1709154000077,0.0002727114
1709157600427,0.000316743
1709161200125,0.000350961
1709164800238,0.0003821885
1709168400095,0.0002406524
1709172000398,0.0003027375
1709175600359,0.0002894303
1709179200121,0.0003287973
1709182800221,0.000401741
1709186400421,0.000442072
1709190000006,0.0004658693
1709193600377,0.0004205116
1709197200161,0.0002763001
1709200800154,0.0002715785
1709204400388,0.0002604864
1709208000073,0.000292661
1709211600402,0.0002615537
1709215200426,0.0002985424
1709218800143,0.0003117828
1709222400010,0.0003304491
1709226000048,0.0001372476
1709229600390,0.0001090006
1709233200138,0.0001211969
1709236800300,0.0001367437
1709240400322,0.0001267468
1709244000127,7.81573e-05
1709247600036,7.8252e-05
1709251200311,5.67034e-05
1709254800043,4.58208e-05
1709258400035,8.57409e-05
1709262000078,0.0001183435
1709265600278,0.0001499996
1709269200076,0.0001817174
1709272800101,0.0001942532
1709276400314,0.0002172893
1709280000426,0.0002184018
1709283600143,0.0001521943
1709287200258,0.0001609053
1709290800228,0.0001831396
1709294400134,0.0001971607
1709298000027,0.0001880795
1709301600425,0.0001954616
1709305200043,0.0002415518
1709308800118,0.0002573685
1709312400450,0.0001795243
1709316000050,0.000210291
1709319600093,0.0002803523
1709323200345,0.0003272318
1709326800150,0.0004430516
1709330400247,0.0004654479
1709334000067,0.0004925307
1709337600374,0.000404787
1709341200366,0.000285369
1709344800067,0.0002623379
1709348400346,0.0002617582
1709352000110,0.000237959
1709355600125,0.0002224085
1709359200081,0.0001524974
1709362800363,0.0001712548
1709366400388,0.0002306449
1709370000304,0.0001680349
1709373600199,0.0001365293
1709377200049,0.0001787326
1709380800041,0.000209409
1709384400397,0.0002126667
1709388000444,0.0001884219
1709391600015,0.0001317822
1709395200230,0.0001372884
1709398800080,0.0001274964
1709402400058,0.0001407773
1709406000081,0.0001431776
1709409600023,0.0001386388
1709413200062,0.0001430949
1709416800061,0.0001552925
1709420400290,0.0001905329
1709424000250,0.0002926022
1709427600394,0.0002016476
1709431200012,0.0002229291
1709434800182,0.0002263114
1709438400324,0.000242569
1709442000077,0.0003500551
1709445600289,0.000406218
1709449200070,0.0003563155
1709452800184,0.0001674495
1709456400063,0.00017195
1709460000035,0.0001771155
1709463600281,0.0002018817
1709467200041,0.0002183975
1709470800069,0.0002838792
1709474400406,0.0002587446
1709478000169,0.0002713272
1709481600230,0.0002779149
1709485200073,0.0002106204
1709488800197,0.0002756036
1709492400410,0.0003525796
1709496000047,0.0005020088
1709499600056,0.0008433054
1709503200128,0.0005794009
1709506800453,0.0005808809
1709510400433,0.0005483681
1709514000124,0.0004635242
1709517600357,0.0002969729
1709521200078,0.0003374363
1709524800221,0.0004372088
1709528400345,0.000504167
1709532000361,0.0007756866
1709535600143,0.0007727522
1709539200203,0.000670938
1709542800015,0.0003820361
1709546400204,0.0003701762
1709550000323,0.0003104555
1709553600152,0.0003316999
1709557200409,0.00031327
1709560800306,0.0002864659
1709564400417,0.0003213342
1709568000101,0.0004510575
1709571600027,0.0003464071
1709575200199,0.0004855993
1709578800351,0.000151233
1709582400185,0.0001514692
1709586000339,0.0001577399
1709589600105,0.0001762375
1709593200007,0.0002629264
1709596800041,0.0004528296
1709600400108,0.0008568631
1709604000363,0.0007590255
1709607600399,0.0005902787
1709611200271,0.0004648826
1709614800134,0.0004260621
1709618400302,0.0003317332
1709622000247,0.0003876816
1709625600234,0.0004212403
1709629200078,0.0002334332
1709632800215,0.0002706762
1709636400257,0.0002793806
1709640000036,0.0003015571
1709643600056,0.0003400841
1709647200164,0.0004108319
1709650800403,0.0003936381
1709654400300,0.000364289
1709658000053,8.8265e-05
1709661600444,0.0001930457
1709665200374,0.0002374723
1709668800335,0.0001428483
1709672400357,0.0002143615
1709676000313,0.0004223769
1709679600114,0.0004134387
1709683200052,0.0005356949
1709686800145,0.0003366557
1709690400058,0.0002980784
1709694000432,0.0002348994
1709697600150,0.0002287224
1709701200108,0.0003069903
1709704800283,0.0002434323
1709708400002,0.0002426178
1709712000421,0.0002855169
1709715600026,0.0001386326
1709719200124,0.0001084495
1709722800388,9.5522e-05
1709726400092,8.2455e-05
1709730000363,8.44708e-05
1709733600377,0.0001551992
1709737200033,0.0001668621
1709740800446,0.0001204095
1709744400337,8.83069e-05
1709748000044,0.0001406003
1709751600004,0.0001313134
1709755200269,0.0001562177
1709758800385,0.000161831
1709762400254,0.0001273158
1709766000366,0.0001587745
1709769600038,0.0002243108
1709773200343,0.0001205806
1709776800415,0.0001332494
1709780400007,0.0001718964
1709784000384,0.0001106524
1709787600154,4.4574e-05
1709791200108,2.68457e-05
1709794800004,4.89962e-05
1709798400302,0.0001366959
1709802000256,0.000113386
1709805600384,0.0001302773
1709809200216,0.0001469371
1709812800240,0.0001667142
1709816400014,0.0001912994
1709820000160,0.0002302296
1709823600139,0.0002357532
1709827200403,0.0002334105
1709830800123,0.0001564093
1709834400282,0.0001620381
1709838000262,0.000167943
1709841600148,0.0001228257
1709845200080,0.0001538035
1709848800373,0.0001485658
1709852400095,0.0001313377
1709856000429,0.0001586235
1709859600332,0.0001559331
1709863200174,0.0002287765
1709866800382,0.0002172144
1709870400035,7.4215e-05
1709874000016,6.90112e-05
1709877600039,6.06624e-05
1709881200052,7.25037e-05
1709884800225,0.0001894645
1709888400171,9.90654e-05
1709892000208,9.73782e-05
1709895600126,0.0001026877
1709899200378,0.0001089551
1709902800020,0.0001220423
1709906400089,0.0001447321
1709910000076,0.0001849275
1709913600162,0.0001764165
1709917200075,0.0001492204
1709920800076,0.0001804566
1709924400370,0.00019682
1709928000085,8.40903e-05
1709931600124,0.0001852128
1709935200152,0.0001464898
1709938800152,8.94239e-05
1709942400436,9.69885e-05
1709946000322,0.0001487867
1709949600425,0.0002133626
1709953200063,0.0002337454
1709956800211,0.0002835574
1709960400187,0.0002948068
1709964000438,0.0002427918
1709967600106,0.0002147778
1709971200255,0.0002543527
1709974800163,0.0002014499
1709978400119,0.0001646658
1709982000449,0.0001677893
1709985600168,0.0001379128
1709989200116,0.0001114783
1709992800318,0.000121897
1709996400092,0.0001187322
1710000000437,0.0001940218
1710003600221,0.0001407788
1710007200425,0.0001698367
1710010800032,0.0002470652
1710014400132,0.0003083976
1710018000271,0.000300437
1710021600096,0.0004539111
1710025200128,0.0005032248
1710028800093,0.00038828
1710032400360,0.0001939577
1710036000065,0.0001477141
1710039600035,0.0001992162
1710043200039,0.0002462883
1710046800194,0.0002455451
1710050400222,0.0001752364
1710054000282,0.0001504515
1710057600249,0.0001779019
1710061200439,0.0001699341
1710064800455,0.0001554768
1710068400057,0.0001665169
1710072000324,0.0001487491
1710075600302,0.0001346463
1710079200287,0.0001283594
1710082800121,3.60762e-05
1710086400176,9.16766e-05
1710090000311,0.0001048566
1710093600414,0.0001217424
1710097200284,0.0001383455
1710100800252,0.0001096139
1710104400134,5.07146e-05
1710108000304,5.44119e-05
1710111600303,2.88115e-05
1710115200008,1.25e-05
1710118800009,1.25e-05
1710122400210,1.25e-05
1710126000133,3.52944e-05
1710129600452,5.10499e-05
1710133200165,5.81031e-05
1710136800290,5.89047e-05
1710140400342,7.97319e-05
1710144000097,0.0001644456
1710147600259,0.0001326555
1710151200077,0.0001341454
1710154800090,0.0001407415
1710158400187,0.0001540847
1710162000063,0.0001740957
1710165600249,0.0001734047
1710169200068,0.0001888167
1710172800007,0.0001496813
1710176400310,6.73411e-05
1710180000400,0.0001083042
1710183600058,0.0001400887
1710187200001,0.0001283414
1710190800077,0.000116291
1710194400209,0.0001926471
1710198000072,0.0002143353
1710201600024,0.0003237475
1710205200436,0.0002467791
1710208800100,0.0001930939
1710212400104,0.0001837079
1710216000420,0.0001336391
1710219600127,0.0001054322
1710223200138,8.02715e-05
1710226800005,5.17641e-05
1710230400403,4.85158e-05
1710234000118,4.72624e-05
1710237600125,6.78842e-05
1710241200394,8.36113e-05
1710244800329,9.03844e-05
1710248400258,8.42126e-05
1710252000293,0.0001078537
1710255600028,0.0001223411
1710259200102,0.0001289932
1710262800426,8.61293e-05
1710266400332,9.57146e-05
1710270000149,0.000135468
1710273600120,0.0001632521
1710277200111,0.0001551661
1710280800032,0.0001583084
1710284400009,0.0001979925
1710288000261,0.0001901907
1710291600421,0.0001354841
1710295200160,7.22789e-05
1710298800121,0.0001179579
1710302400269,0.0001484156
1710306000303,0.0001663536
1710309600361,0.0001482036
1710313200121,0.0001597183
1710316800394,0.0002039256
1710320400076,0.0001812485
1710324000354,0.0001967812
1710327600393,0.0002398794
1710331200365,0.000267697
1710334800300,0.0003151911
1710338400289,0.0003171722
1710342000342,0.0002687068
1710345600267,0.0002330959
1710349200159,0.000172213
1710352800113,0.0001692903
1710356400105,0.0001640346
1710360000214,0.000161023
1710363600250,0.0001880991
1710367200050,0.000197638
1710370800162,0.0002600352
1710374400051,0.0004048744
1710378000328,0.0001986133
1710381600107,0.0002046752
1710385200104,0.0002809764
1710388800063,0.0003582013
1710392400025,0.0004594113
1710396000265,0.0004765665
1710399600404,0.0008107996
1710403200215,0.0004680433
1710406800421,0.000231968
1710410400001,0.0002258901
1710414000352,0.0001794392
1710417600162,8.87605e-05
1710421200082,0.0001247117
1710424800354,8.316e-05
1710428400184,2.93706e-05
1710432000159,1.25e-05
1710435600008,8.48898e-05
1710439200323,0.0001251354
1710442800378,8.09348e-05
1710446400145,1.25e-05
1710450000033,0.0001691974
1710453600396,0.0001946529
1710457200428,0.000217472
1710460800115,0.0002422995
1710464400273,0.0002027896
1710468000097,7.68172e-05
1710471600208,1.25e-05
1710475200098,1.25e-05
1710478800123,1.25e-05
1710482400457,1.25e-05
1710486000122,1.25e-05
1710489600094,1.25e-05
1710493200135,1.25e-05
1710496800010,1.25e-05
1710500400208,1.25e-05
1710504000422,1.25e-05
1710507600071,3.48183e-05
1710511200229,6.49973e-05
1710514800053,0.0001582646
1710518400211,0.0001413666
1710522000216,0.0001273954
1710525600168,0.0001016935
1710529200433,5.87035e-05
1710532800032,4.49811e-05
1710536400042,1.25e-05
1710540000360,1.25e-05
1710543600215,1.25e-05
1710547200465,-2.05169e-05
1710550800095,7.1192e-06
1710554400105,1.25e-05
1710558000285,1.25e-05
1710561600015,1.25e-05
1710565200240,1.25e-05
1710568800142,1.25e-05
1710572400027,1.25e-05
1710576000017,1.25e-05
1710579600080,2.7018e-05
1710583200095,2.22684e-05
1710586800068,2.78845e-05
1710590400309,2.52622e-05
1710594000056,2.56859e-05
1710597600292,3.67955e-05
1710601200167,5.49707e-05
1710604800315,6.31024e-05
1710608400053,5.46525e-05
1710612000016,5.97942e-05
1710615600318,1.25e-05
1710619200028,1.25e-05
1710622800212,1.25e-05
1710626400351,1.25e-05
1710630000102,1.25e-05
1710633600301,1.25e-05
1710637200070,1.25e-05
1710640800455,1.25e-05
1710644400182,1.25e-05
1710648000012,1.25e-05
1710651600260,1.25e-05
1710655200065,1.25e-05
1710658800067,1.25e-05
1710662400260,2.48731e-05
1710666000085,1.25e-05
1710669600384,1.25e-05
1710673200002,1.25e-05
1710676800446,1.25e-05
1710680400326,1.25e-05
1710684000296,1.25e-05
1710687600385,1.25e-05
1710691200004,1.25e-05
1710694800061,1.25e-05
1710698400440,1.25e-05
1710702000370,1.25e-05
1710705600249,1.25e-05
1710709200112,1.46437e-05
1710712800192,4.75284e-05
1710716400344,8.50653e-05
1710720000434,0.000113566
1710723600088,9.35154e-05
1710727200043,0.0001135703
1710730800017,0.0001278553
1710734400072,0.0001390408
1710738000030,0.0001359618
1710741600386,0.0001045655
1710745200037,7.01427e-05
1710748800359,6.35644e-05
1710752400290,5.16369e-05
1710756000441,9.06657e-05
1710759600256,0.0001083419
1710763200028,0.0001151277
1710766800368,7.93659e-05
1710770400130,8.45813e-05
1710774000332,0.0001087183
1710777600239,6.85953e-05
1710781200381,4.69221e-05
1710784800079,2.46196e-05
1710788400058,1.74871e-05
1710792000379,1.41804e-05
1710795600301,3.69899e-05
1710799200066,5.61803e-05
1710802800437,8.76483e-05
1710806400184,0.0001157222
1710810000066,6.49928e-05
1710813600414,1.25e-05
1710817200303,1.25e-05
1710820800052,1.25e-05
1710824400106,1.25e-05
1710828000257,1.25e-05
1710831600271,1.25e-05
1710835200152,1.25e-05
1710838800262,1.25e-05
1710842400133,1.25e-05
1710846000139,1.25e-05
1710849600388,1.25e-05
1710853200103,1.25e-05
1710856800122,1.25e-05
1710860400109,1.25e-05
1710864000409,1.25e-05
1710867600096,1.25e-05
1710871200277,1.25e-05
1710874800224,1.25e-05
1710878400360,1.25e-05
1710882000233,1.25e-05
1710885600402,1.25e-05
1710889200346,1.25e-05
1710892800416,1.25e-05
1710896400256,1.25e-05
1710900000339,1.25e-05
1710903600315,1.25e-05
1710907200022,2.84573e-05
1710910800196,1.25e-05
1710914400285,1.25e-05
1710918000143,1.25e-05
1710921600022,3.71504e-05
1710925200369,1.25e-05
1710928800107,1.25e-05
1710932400399,1.47501e-05
1710936000024,1.57458e-05
1710939600306,1.70204e-05
1710943200175,4.35173e-05
1710946800330,3.7601e-05
1710950400374,5.12724e-05
1710954000410,1.25e-05
1710957600194,1.83877e-05
1710961200192,3.79455e-05
1710964800212,7.26766e-05
1710968400168,0.0001329735
1710972000024,0.0001881601
1710975600115,0.0002120218
1710979200076,0.0002284099
1710982800191,0.0001490209
1710986400113,0.0001655144
1710990000303,0.0001720394
1710993600047,0.0001602273
1710997200104,0.0001106166
1711000800156,9.28546e-05
1711004400265,7.96923e-05
1711008000267,5.97319e-05
1711011600055,2.63491e-05
1711015200078,1.91935e-05
1711018800092,2.53796e-05
1711022400136,7.78472e-05
1711026000252,0.0001375963
1711029600308,0.0001747687
1711033200337,0.0001813238
1711036800055,0.0001190974
1711040400351,0.0001011348
1711044000112,0.0001048088
1711047600219,2.08121e-05
1711051200104,1.25e-05
1711054800050,6.59882e-05
1711058400161,0.0001597324
1711062000274,0.0001752465
1711065600419,0.0002527968
1711069200278,0.0001281747
1711072800057,0.0001032956
1711076400234,9.34978e-05
1711080000166,0.000126027
1711083600169,0.0001103253
1711087200125,0.0001219517
1711090800268,0.0001871614
1711094400047,0.0001750652
1711098000122,0.0001175954
1711101600345,0.0001156847
1711105200061,8.92738e-05
1711108800268,0.0001090595
1711112400285,8.14947e-05
1711116000044,5.2358e-05
1711119600307,1.51564e-05
1711123200320,5.74481e-05
1711126800376,5.35795e-05
1711130400134,4.44837e-05
1711134000137,5.98778e-05
1711137600076,8.70255e-05
1711141200248,8.15071e-05
1711144800181,5.59001e-05
1711148400408,1.54868e-05
1711152000366,1.86292e-05
1711155600307,1.25e-05
1711159200367,3.863e-05
1711162800076,5.95855e-05
1711166400171,0.0001491788
1711170000306,0.0001612669
1711173600163,0.000146211
1711177200079,0.0001254813
1711180800319,0.0001099777
1711184400012,8.57517e-05
1711188000079,0.0001035081
1711191600089,0.0001164446
1711195200011,0.0001018953
1711198800452,0.0001106651
1711202400011,0.0001141645
1711206000354,0.0001146894
1711209600354,7.81616e-05
1711213200319,8.45929e-05
1711216800358,9.04869e-05
1711220400406,2.41343e-05
1711224000318,1.25e-05
1711227600441,1.25e-05
1711231200344,1.79002e-05
1711234800093,4.63599e-05
1711238400299,8.53144e-05
1711242000448,3.48358e-05
1711245600364,6.38008e-05
1711249200131,9.22837e-05
1711252800247,9.00169e-05
1711256400257,7.82959e-05
1711260000460,8.88131e-05
1711263600227,8.29733e-05
1711267200269,1.25e-05
1711270800039,1.73515e-05
1711274400341,4.4114e-05
1711278000245,3.87414e-05
1711281600201,4.83256e-05
1711285200374,4.92778e-05
1711288800433,0.000132071
1711292400383,0.0001888758
1711296000038,0.0001036972
1711299600023,7.60409e-05
1711303200076,1.25e-05
1711306800029,1.25e-05
1711310400171,5.43102e-05
1711314000150,2.64611e-05
1711317600344,6.81865e-05
1711321200297,0.0001000227
1711324800416,6.60453e-05
1711328400048,1.25e-05
1711332000454,1.46112e-05
1711335600225,7.03877e-05
1711339200155,7.66438e-05
1711342800132,0.0001044655
1711346400166,0.0001423406
1711350000364,0.0001770475
1711353600076,0.0001997294
1711357200053,6.81262e-05
1711360800191,6.76726e-05
1711364400279,0.0001184763
1711368000384,7.96629e-05
1711371600248,7.35024e-05
1711375200139,8.90263e-05
1711378800320,0.0002001927
1711382400362,0.0001239739
1711386000119,9.97139e-05
1711389600404,0.0001010968
1711393200379,0.0001212995
1711396800247,0.0001211291
1711400400322,0.0001466019
1711404000395,0.0001594136
1711407600095,0.0001216361
1711411200425,1.77419e-05
1711414800271,6.50394e-05
1711418400032,9.21133e-05
1711422000147,0.0001175966
1711425600144,0.0001014328
1711429200198,0.0001430586
1711432800389,0.000159233
1711436400395,0.0001374995
1711440000430,6.72699e-05
1711443600097,1.25e-05
1711447200249,6.73577e-05
1711450800300,9.42226e-05
1711454400198,0.0001225138
1711458000241,3.05933e-05
1711461600299,4.64685e-05
1711465200312,3.56975e-05
1711468800167,4.30989e-05
1711472400191,1.25e-05
1711476000170,2.32983e-05
1711479600294,3.32425e-05
1711483200232,5.31734e-05
1711486800423,4.35462e-05
1711490400372,0.000117569
1711494000173,0.0001459924
1711497600310,0.000121059
1711501200009,8.97025e-05
1711504800429,0.0001013595
1711508400459,0.0001273158
1711512000375,0.0002360215
1711515600249,0.0002448634
1711519200290,0.0002384057
1711522800033,0.0002319915
1711526400206,0.0001309292
1711530000022,2.91043e-05
1711533600083,1.25e-05
1711537200351,0.0001117267
1711540800104,0.0001216001
1711544400129,0.0001686717
1711548000170,0.0001545928
1711551600242,3.02753e-05
1711555200215,8.83698e-05
1711558800324,3.49753e-05
1711562400205,2.85203e-05
1711566000334,1.86147e-05
1711569600079,1.25e-05
1711573200331,4.13563e-05
1711576800248,3.09404e-05
1711580400027,3.49685e-05
1711584000253,0.0001423394
1711587600025,0.000174892
1711591200176,0.0002280851
1711594800135,0.000204894
1711598400122,0.0001217399
1711602000040,0.000170669
1711605600046,0.0002018649
1711609200213,0.000161433
1711612800026,0.0001557769
1711616400056,0.0001075969
1711620000006,0.0001344539
1711623600087,0.0001633479
1711627200283,0.0001951008
1711630800374,0.0002237262
1711634400341,0.0002398631
1711638000006,0.0001965673
1711641600082,0.0001289518
1711645200196,0.0001079443
1711648800045,5.63769e-05
1711652400288,0.0001008225
1711656000320,6.92609e-05
1711659600371,0.0001482657
1711663200461,0.0001340153
1711666800038,0.0001338665
1711670400304,0.0001375777
1711674000275,0.0001148596
1711677600408,0.0001688379
1711681200010,8.01711e-05
1711684800058,0.0001532973
1711688400028,0.0001982331
1711692000399,0.0002230044
1711695600056,0.0001698612
1711699200200,0.0001752383
1711702800055,9.94815e-05
1711706400049,0.0001719232
1711710000267,0.0001698671
1711713600275,0.0002687759
1711717200056,0.0001593399
1711720800116,0.0002125417
1711724400178,0.0002818633
1711728000153,0.0002396427
1711731600260,0.0001619237
1711735200321,0.0002017723
1711738800301,0.0001928631
1711742400409,0.0002582309
1711746000077,0.0002506736
1711749600377,5.25868e-05
1711753200020,0.0001217822
1711756800404,0.0001483769
1711760400129,0.0001406038
1711764000034,0.0001662486
1711767600142,0.0001943714
1711771200344,0.0002042692
1711774800380,0.0001863232
1711778400281,0.0002309061
1711782000252,0.0002069642
1711785600172,0.000194741
1711789200114,8.664e-05
1711792800383,0.0001396421
1711796400331,0.0001873404
1711800000371,0.0001841455
1711803600185,0.0001941001
1711807200053,0.0001816788
1711810800003,0.0001542098
1711814400258,1.65606e-05
1711818000090,1.25e-05
1711821600300,1.25e-05
1711825200059,1.25e-05
1711828800276,1.25e-05
1711832400067,1.25e-05
1711836000143,1.25e-05
1711839600051,1.25e-05
1711843200021,1.25e-05
1711846800117,1.25e-05
1711850400239,4.95228e-05
1711854000343,8.21992e-05
1711857600166,8.27124e-05
1711861200300,0.000126173
1711864800099,0.000169891
1711868400276,0.0002289221
1711872000098,0.0001792682
1711875600027,0.000110449
1711879200215,8.61154e-05
1711882800253,0.0001153045
1711886400436,0.0001414416
1711890000234,0.0001385477
1711893600287,0.0001777342
1711897200309,0.0001663621
1711900800120,0.0001679273
1711904400329,0.0001770147
1711908000056,0.0001797351
1711911600250,0.0002262429
1711915200042,0.0002193257
1711918800311,0.0002350926
1711922400192,0.0002012281
1711926000346,0.0001633919
1711929600210,0.0002734469
1711933200029,0.0001875357
1711936800024,0.0002096924
1711940400031,0.0001634256
1711944000261,0.0001420163
1711947600281,0.0001195136
1711951200200,0.0001188003
1711954800177,0.0002150206
1711958400337,0.0001542511
1711962000109,5.21961e-05
1711965600065,6.67602e-05
1711969200284,6.44545e-05
1711972800002,0.0001025915
1711976400223,0.0001044486
1711980000318,0.000129504
1711983600439,4.52402e-05
1711987200099,1.25e-05
1711990800051,1.25e-05
1711994400397,1.25e-05
1711998000423,3.34383e-05
1712001600078,6.00131e-05
1712005200094,9.93962e-05
1712008800063,0.0001444003
1712012400076,0.0001622095
1712016000460,0.0001805985
1712019600088,0.0001024038
1712023200410,8.64088e-05
1712026800157,1.25e-05
1712030400080,1.25e-05
1712034000186,1.25e-05
1712037600111,1.25e-05
1712041200006,1.25e-05
1712044800182,1.25e-05
1712048400426,1.25e-05
1712052000335,1.25e-05
1712055600162,1.25e-05
1712059200115,1.25e-05
1712062800237,2.28801e-05
1712066400220,3.76059e-05
1712070000055,1.25e-05
1712073600428,6.23287e-05
1712077200088,1.25e-05
1712080800366,1.25e-05
1712084400291,5.65606e-05
1712088000224,8.79921e-05
1712091600365,8.65595e-05
1712095200125,1.25e-05
1712098800188,2.77419e-05
1712102400447,5.96333e-05
1712106000030,1.25e-05
1712109600334,1.25e-05
1712113200047,7.63133e-05
1712116800081,7.42314e-05
1712120400244,0.0001083021
1712124000405,8.49895e-05
1712127600317,5.04663e-05
1712131200138,7.34282e-05
1712134800333,4.69863e-05
1712138400288,6.64615e-05
1712142000454,2.38368e-05
1712145600098,1.25e-05
1712149200374,1.25e-05
1712152800242,1.25e-05
1712156400117,1.57857e-05
1712160000377,1.25e-05
1712163600286,1.25e-05
1712167200365,1.25e-05
1712170800189,1.25e-05
1712174400389,1.97412e-05
1712178000099,3.23846e-05
1712181600344,1.25e-05
1712185200025,1.25e-05
1712188800241,1.25e-05
1712192400322,1.25e-05
1712196000194,1.25e-05
1712199600351,1.25e-05
1712203200339,1.25e-05
1712206800200,1.25e-05
1712210400017,1.25e-05
1712214000122,1.87984e-05
1712217600059,2.04283e-05
1712221200002,1.25e-05
1712224800380,1.60009e-05
1712228400073,1.75277e-05
1712232000032,1.90721e-05
1712235600239,2.43541e-05
1712239200314,4.91212e-05
1712242800246,4.02344e-05
1712246400200,1.25e-05
1712250000087,1.25e-05
1712253600356,1.25e-05
1712257200037,1.25e-05
1712260800100,1.25e-05
1712264400178,1.25e-05
1712268000093,1.25e-05
1712271600385,1.25e-05
1712275200026,1.25e-05
1712278800433,1.25e-05
1712282400106,1.25e-05
1712286000265,1.25e-05
1712289600031,1.25e-05
1712293200031,1.25e-05
1712296800252,1.25e-05
1712300400433,1.25e-05
1712304000148,1.25e-05
1712307600191,1.25e-05
1712311200055,1.25e-05
1712314800273,1.25e-05
1712318400022,1.25e-05
1712322000030,1.25e-05
1712325600335,1.25e-05
1712329200311,1.25e-05
1712332800032,6.02228e-05
1712336400007,5.2043e-05
1712340000394,4.27713e-05
1712343600030,6.96244e-05
1712347200032,8.03079e-05
1712350800371,8.97162e-05
1712354400048,7.85075e-05
1712358000281,2.18915e-05
1712361600122,1.76238e-05
1712365200037,2.80492e-05
1712368800413,7.25032e-05
1712372400243,7.6075e-05
1712376000125,8.69283e-05
1712379600068,6.92162e-05
1712383200372,4.68521e-05
1712386800057,6.55782e-05
1712390400029,0.000101186
1712394000405,7.07041e-05
1712397600315,9.14407e-05
1712401200244,8.39673e-05
1712404800375,3.63792e-05
1712408400161,6.19643e-05
1712412000351,9.95904e-05
1712415600214,9.52307e-05
1712419200247,7.77193e-05
1712422800333,4.59222e-05
1712426400375,5.73598e-05
1712430000433,7.94451e-05
1712433600312,5.87009e-05
1712437200211,8.41159e-05
1712440800407,8.4332e-05
1712444400007,4.82104e-05
1712448000118,0.0001114138
1712451600167,1.25e-05
1712455200428,6.77406e-05
1712458800348,1.25e-05
1712462400356,1.25e-05
1712466000035,1.25e-05
1712469600159,1.25e-05
1712473200035,6.54438e-05
1712476800078,3.44472e-05
1712480400035,3.08729e-05
1712484000264,4.24197e-05
1712487600196,3.78057e-05
1712491200405,5.09647e-05
1712494800201,5.43397e-05
1712498400026,1.60247e-05
1712502000364,4.37204e-05
1712505600157,5.63005e-05
1712509200110,2.90225e-05
1712512800152,1.25e-05
1712516400140,4.25376e-05
1712520000089,6.30886e-05
1712523600060,8.63024e-05
1712527200169,0.0001082928
1712530800356,6.76633e-05
1712534400009,6.50075e-05
1712538000135,3.70843e-05
1712541600306,5.72683e-05
1712545200317,5.07517e-05
1712548800147,2.72081e-05
1712552400436,7.28894e-05
1712556000134,8.08171e-05
1712559600293,0.0001161105
1712563200209,9.8066e-05
1712566800217,4.65088e-05
1712570400393,7.23061e-05
1712574000166,9.45738e-05
1712577600145,8.32187e-05
1712581200355,7.59423e-05
1712584800124,3.57504e-05
1712588400132,3.43395e-05
1712592000410,6.87671e-05
1712595600008,1.43956e-05
1712599200396,1.91148e-05
1712602800246,6.27994e-05
1712606400149,2.40368e-05
1712610000372,1.37504e-05
1712613600272,1.25e-05
1712617200030,2.16868e-05
1712620800322,2.60569e-05
1712624400161,3.14759e-05
1712628000058,1.86535e-05
1712631600099,4.172e-05
1712635200228,4.82286e-05
1712638800259,4.12458e-05
1712642400048,4.16965e-05
1712646000097,3.77187e-05
1712649600227,2.86909e-05
1712653200299,1.25e-05
1712656800161,2.50325e-05
1712660400277,2.87887e-05
1712664000165,5.14935e-05
1712667600020,6.10224e-05
1712671200067,5.63311e-05
1712674800428,1.25e-05
1712678400253,1.70679e-05
1712682000043,1.25e-05
1712685600168,3.13107e-05
1712689200184,3.59286e-05
1712692800032,3.84858e-05
1712696400060,6.27768e-05
1712700000042,7.75378e-05
1712703600444,7.57467e-05
1712707200114,6.59786e-05
1712710800205,2.48215e-05
1712714400097,1.62312e-05
1712718000311,1.25e-05
1712721600438,1.25e-05
1712725200424,1.25e-05
1712728800352,4.92791e-05
1712732400155,9.43366e-05
1712736000254,0.0001030597
1712739600079,2.12109e-05
1712743200027,1.43114e-05
1712746800092,1.25e-05
1712750400060,1.25e-05
1712754000168,1.25e-05
1712757600065,1.25e-05
1712761200319,1.25e-05
1712764800260,3.26933e-05
1712768400143,3.86765e-05
1712772000090,5.28051e-05
1712775600108,7.10021e-05
1712779200096,8.72477e-05
1712782800369,0.0001469122
1712786400094,0.000104889
1712790000293,9.62099e-05
1712793600013,0.0001102975
1712797200007,3.47791e-05
1712800800156,3.71631e-05
1712804400066,5.04884e-05
1712808000320,8.53319e-05
1712811600120,8.90622e-05
1712815200172,9.32985e-05
1712818800071,7.7729e-05
1712822400197,4.66192e-05
1712826000307,4.96847e-05
1712829600261,5.99327e-05
1712833200213,4.18389e-05
1712836800047,1.50168e-05
1712840400004,1.25e-05
1712844000272,1.25e-05
1712847600104,1.25e-05
1712851200058,1.25e-05
1712854800292,1.25e-05
1712858400198,5.11475e-05
1712862000301,6.81313e-05
1712865600119,7.89342e-05
1712869200031,9.40157e-05
1712872800110,7.36546e-05
1712876400177,3.47474e-05
1712880000103,2.73789e-05
1712883600160,3.06924e-05
1712887200147,5.79047e-05
1712890800100,7.04527e-05
1712894400129,8.07304e-05
1712898000191,6.24343e-05
1712901600199,4.82373e-05
1712905200114,9.533e-05
1712908800056,6.42925e-05
1712912400336,1.968e-05
1712916000123,2.83007e-05
1712919600034,1.96063e-05
1712923200096,5.83899e-05
1712926800016,6.23304e-05
1712930400123,1.25e-05
1712934000048,1.25e-05
1712937600205,2.72445e-05
1712941200427,2.18011e-05
1712944800198,1.25e-05
1712948400398,0.0001611384
1712952000001,0.0001445198
1712955600461,0.0001609219
1712959200163,0.0001653192
1712962800350,0.0001247068
1712966400061,7.68957e-05
1712970000077,4.90386e-05
1712973600090,3.1356e-05
1712977200010,4.90201e-05
1712980800053,3.67325e-05
1712984400187,5.53947e-05
1712988000143,5.82752e-05
1712991600120,1.25e-05
1712995200076,1.25e-05
1712998800016,3.19974e-05
1713002400020,3.92944e-05
1713006000299,1.74343e-05
1713009600056,3.974e-05
1713013200066,4.24788e-05
1713016800019,4.04226e-05
1713020400004,1.25e-05
1713024000075,1.25e-05
1713027600397,1.42344e-05
1713031200338,1.25e-05
1713034800297,5.578e-06
1713038400197,1.25e-05
1713042000258,-3.04606e-05
1713045600427,1.25e-05
1713049200279,1.25e-05
1713052800368,6.1059e-05
1713056400389,5.60302e-05
1713060000354,5.32799e-05
1713063600241,5.94259e-05
1713067200065,7.08435e-05
1713070800141,6.36812e-05
1713074400415,0.0001195429
1713078000310,9.02147e-05
1713081600145,7.34908e-05
1713085200376,3.73822e-05
1713088800121,1.59613e-05
1713092400388,1.25e-05
1713096000143,1.25e-05
1713099600364,1.25e-05
1713103200142,3.6039e-05
1713106800413,4.09226e-05
1713110400070,8.69941e-05
1713114000469,2.32152e-05
1713117600046,1.25e-05
1713121200246,1.25e-05
1713124800338,1.25e-05
1713128400263,1.90622e-05
1713132000141,4.61288e-05
1713135600330,2.62258e-05
1713139200053,1.25e-05
1713142800358,1.25e-05
1713146400102,1.25e-05
1713150000087,1.29969e-05
1713153600034,1.25e-05
1713157200143,1.25e-05
1713160800257,6.86222e-05
1713164400054,1.25e-05
1713168000385,1.25e-05
1713171600027,4.97608e-05
1713175200273,2.43384e-05
1713178800068,1.85266e-05
1713182400092,2.12473e-05
1713186000280,2.20708e-05
1713189600223,1.25e-05
1713193200400,1.25e-05
1713196800184,1.25e-05
1713200400372,2.14817e-05
1713204000374,1.25e-05
1713207600053,1.25e-05
1713211200455,8.82297e-05
1713214800363,8.87585e-05
1713218400015,6.7798e-05
1713222000071,1.62628e-05
1713225600411,1.25e-05
1713229200321,1.25e-05
1713232800136,1.25e-05
1713236400063,1.25e-05
1713240000439,1.25e-05
1713243600049,1.25e-05
1713247200029,1.25e-05
1713250800191,1.25e-05
1713254400388,1.25e-05
1713258000342,1.25e-05
1713261600343,1.25e-05
1713265200040,1.25e-05
1713268800286,1.25e-05
1713272400054,2.75821e-05
1713276000281,2.48279e-05
1713279600348,1.25e-05
1713283200191,1.25e-05
1713286800299,1.25e-05
1713290400406,1.67156e-05
1713294000424,2.82929e-05
1713297600396,3.50743e-05
1713301200189,4.40169e-05
1713304800452,5.02306e-05
1713308400410,4.65409e-05
1713312000012,9.09857e-05
1713315600057,1.84326e-05
1713319200388,2.94297e-05
1713322800277,3.95196e-05
1713326400156,1.25e-05
1713330000333,1.25e-05
1713333600074,1.25e-05
1713337200350,4.78679e-05
1713340800334,3.72757e-05
1713344400007,1.25e-05
1713348000122,1.85438e-05
1713351600102,2.91052e-05
1713355200241,1.25e-05
1713358800360,1.25e-05
1713362400017,1.58021e-05
1713366000350,1.25e-05
1713369600120,1.25e-05
1713373200259,1.25e-05
1713376800053,1.25e-05
1713380400351,1.25e-05
1713384000378,1.25e-05
1713387600280,1.25e-05
1713391200097,1.25e-05
1713394800374,1.40197e-05
1713398400162,1.54829e-05
1713402000414,1.25e-05
1713405600196,1.25e-05
1713409200302,1.25e-05
1713412800309,1.25e-05
1713416400339,1.25e-05
1713420000042,1.25e-05
1713423600385,1.25e-05
1713427200223,1.25e-05
1713430800252,1.25e-05
1713434400216,1.25e-05
1713438000313,2.45473e-05
1713441600037,1.25e-05
1713445200154,3.7412e-05
1713448800437,2.10624e-05
1713452400277,1.25e-05
1713456000343,1.25e-05
1713459600163,1.25e-05
1713463200007,1.25e-05
1713466800063,1.25e-05
1713470400367,1.25e-05
1713474000090,1.25e-05
1713477600125,1.25e-05
1713481200134,2.01779e-05
1713484800060,3.48823e-05
1713488400401,3.24612e-05
1713492000019,1.25e-05
1713495600004,1.25e-05
1713499200216,1.25e-05
1713502800435,1.25e-05
1713506400344,1.25e-05
1713510000448,1.25e-05
1713513600109,1.25e-05
1713517200447,1.25e-05
1713520800241,1.25e-05
1713524400059,1.25e-05
1713528000155,1.25e-05
1713531600252,1.25e-05
1713535200355,1.25e-05
1713538800219,1.25e-05
1713542400399,1.25e-05
1713546000335,1.25e-05
1713549600194,1.25e-05
1713553200423,2.50172e-05
1713556800039,2.96876e-05
1713560400186,1.91268e-05
1713564000251,3.18375e-05
1713567600454,5.45711e-05
1713571200394,1.25e-05
1713574800371,1.25e-05
1713578400255,1.25e-05
1713582000199,1.25e-05
1713585600341,1.99301e-05
1713589200298,2.19104e-05
1713592800019,2.19072e-05
1713596400204,1.25e-05
1713600000087,1.41657e-05
1713603600163,1.25e-05
1713607200287,1.25e-05
1713610800275,1.25e-05
1713614400168,1.25e-05
1713618000107,1.25e-05
1713621600138,1.25e-05
1713625200472,1.25e-05
1713628800281,1.25e-05
1713632400410,1.25e-05
1713636000130,1.91798e-05
1713639600425,4.12051e-05
1713643200170,4.68701e-05
1713646800044,6.43395e-05
1713650400134,3.72536e-05
1713654000046,3.34661e-05
1713657600052,9.31415e-05
1713661200112,1.25e-05
1713664800168,1.25e-05
1713668400050,1.25e-05
1713672000153,1.85563e-05
1713675600242,1.25e-05
1713679200030,1.92089e-05
1713682800074,3.30166e-05
1713686400120,1.25e-05
1713690000412,1.25e-05
1713693600386,1.25e-05
1713697200204,3.38709e-05
1713700800344,4.08725e-05
1713704400384,6.29762e-05
1713708000177,6.80062e-05
1713711600175,1.25e-05
1713715200268,1.25e-05
1713718800248,1.25e-05
1713722400315,1.54259e-05
1713726000423,4.30705e-05
1713729600112,1.95052e-05
1713733200211,1.25e-05
1713736800419,1.25e-05
1713740400052,1.25e-05
1713744000334,1.25e-05
1713747600219,1.25e-05
1713751200301,1.25e-05
1713754800063,1.25e-05
1713758400137,1.25e-05
1713762000039,1.25e-05
1713765600017,1.25e-05
1713769200358,1.25e-05
1713772800010,1.25e-05
1713776400100,1.25e-05
1713780000087,1.25e-05
1713783600246,1.25e-05
1713787200231,1.25e-05
1713790800080,1.25e-05
1713794400348,1.25e-05
1713798000058,1.25e-05
1713801600158,1.25e-05
1713805200184,1.25e-05
1713808800325,1.25e-05
1713812400002,2.74242e-05
1713816000323,6.96263e-05
1713819600313,8.86395e-05
1713823200123,5.34506e-05
1713826800102,3.68904e-05
1713830400021,3.30112e-05
1713834000445,1.25204e-05
1713837600378,1.25e-05
1713841200235,1.25e-05
1713844800218,1.25e-05
1713848400147,1.25e-05
1713852000125,1.25e-05
1713855600205,1.25e-05
1713859200054,1.25e-05
1713862800128,1.25e-05
1713866400078,1.25e-05
1713870000161,1.25e-05
1713873600359,1.25e-05
1713877200156,1.25e-05
1713880800122,1.25e-05
1713884400010,4.01389e-05
1713888000014,4.0375e-05
1713891600279,3.74069e-05
1713895200391,8.80076e-05
1713898800243,8.40196e-05
1713902400222,7.45881e-05
1713906000276,4.13145e-05
1713909600095,5.73212e-05
1713913200357,5.09518e-05
1713916800159,1.25e-05
1713920400089,1.25e-05
1713924000359,1.25e-05
1713927600399,6.78552e-05
1713931200269,9.28759e-05
1713934800275,0.0001167354
1713938400184,8.47492e-05
1713942000019,1.25e-05
1713945600045,1.25e-05
1713949200338,1.25e-05
1713952800096,1.25e-05
1713956400002,1.25e-05
1713960000007,1.25e-05
1713963600033,1.25e-05
1713967200032,1.25e-05
1713970800341,1.25e-05
1713974400076,1.25e-05
1713978000002,1.25e-05
1713981600242,1.25e-05
1713985200124,1.25e-05
1713988800161,1.25e-05
1713992400014,1.25e-05
1713996000121,1.25e-05
1713999600088,1.25e-05
1714003200042,5.9867e-06
1714006800442,1.25e-05
1714010400254,1.25e-05
1714014000202,1.25e-05
1714017600166,1.25e-05
1714021200271,1.25e-05
1714024800012,1.25e-05
1714028400056,1.25e-05
1714032000060,1.25e-05
1714035600221,1.25e-05
1714039200443,1.25e-05
1714042800310,1.25e-05
1714046400263,1.25e-05
1714050000109,1.25e-05
1714053600335,1.25e-05
1714057200033,1.25e-05
1714060800154,1.25e-05
1714064400423,1.25e-05
1714068000200,3.32418e-05
1714071600438,3.94022e-05
1714075200117,2.9283e-05
1714078800020,3.4324e-05
1714082400084,3.99241e-05
1714086000181,1.25e-05
1714089600168,1.25e-05
1714093200409,1.25e-05
1714096800243,1.25e-05
1714100400060,1.25e-05
1714104000305,1.25e-05
1714107600184,1.25e-05
1714111200461,1.25e-05
1714114800227,2.11708e-05
1714118400110,2.56024e-05
1714122000238,1.25e-05
1714125600020,1.25e-05
1714129200411,1.25e-05
1714132800159,1.25e-05
1714136400102,1.25e-05
1714140000390,1.25e-05
1714143600410,1.25e-05
1714147200226,1.5804e-05
1714150800220,1.25e-05
1714154400145,1.25e-05
1714158000060,1.25e-05
1714161600093,1.91915e-05
1714165200127,1.95941e-05
1714168800259,1.87013e-05
1714172400187,1.25e-05
1714176000147,1.25e-05
1714179600019,1.25e-05
1714183200228,1.25e-05
1714186800228,1.25e-05
1714190400090,1.25e-05
1714194000026,1.25e-05
1714197600371,1.25e-05
1714201200128,1.25e-05
1714204800408,1.25e-05
1714208400222,1.25e-05
1714212000005,1.25e-05
1714215600312,1.25e-05
1714219200031,1.25e-05
1714222800063,1.25e-05
1714226400452,1.25e-05
1714230000033,1.25e-05
1714233600277,1.25e-05
1714237200338,1.25e-05
1714240800113,1.25e-05
1714244400156,1.25e-05
1714248000350,1.25e-05
1714251600189,1.25e-05
1714255200415,1.25e-05
1714258800085,1.25e-05
1714262400141,1.25e-05
1714266000018,1.25e-05
1714269600333,1.25e-05
1714273200019,1.25e-05
1714276800426,1.71282e-05
1714280400199,3.31275e-05
1714284000170,2.32923e-05
1714287600382,4.58727e-05
1714291200161,5.53336e-05
1714294800059,1.79283e-05
1714298400319,1.25e-05
1714302000081,1.25e-05
1714305600047,1.25e-05
1714309200224,1.25e-05
1714312800087,1.25e-05
1714316400442,1.25e-05
1714320000433,1.25e-05
1714323600097,1.25e-05
1714327200213,1.25e-05
1714330800002,1.25e-05
1714334400403,4.37661e-05
1714338000122,1.25e-05
1714341600309,2.25793e-05
1714345200294,1.25e-05
1714348800308,1.25e-05
1714352400432,1.25e-05
1714356000276,1.25e-05
1714359600177,1.25e-05
1714363200217,1.25e-05
1714366800033,1.25e-05
1714370400166,1.25e-05
1714374000172,-8.796e-07
1714377600289,-1.85508e-05
1714381200293,-2.3675e-06
1714384800191,1.20575e-05
1714388400018,1.25e-05
1714392000023,1.25e-05
1714395600131,1.25e-05
1714399200219,1.25e-05
1714402800304,1.25e-05
1714406400063,1.25e-05
1714410000098,1.25e-05
1714413600309,1.25e-05
1714417200121,1.00045e-05
1714420800170,9.1274e-06
1714424400443,4.4243e-06
1714428000308,-2.3536e-06
1714431600349,3.1567e-06
1714435200027,1.8608e-06
1714438800058,9.0027e-06
1714442400157,1.2285e-05
1714446000384,1.25e-05
1714449600010,1.25e-05
1714453200253,1.25e-05
1714456800045,1.25e-05
1714460400020,1.25e-05
1714464000413,1.25e-05
1714467600192,1.25e-05
1714471200038,1.25e-05
1714474800242,1.25e-05
1714478400380,1.25e-05
1714482000169,1.25e-05
1714485600078,1.25e-05
1714489200169,1.25e-05
1714492800134,1.25e-05
1714496400242,1.25e-05
1714500000230,1.25e-05
1714503600047,1.25e-05
1714507200257,1.25e-05
1714510800358,1.25e-05
1714514400185,1.25e-05
1714518000287,1.25e-05
1714521600016,1.25e-05
1714525200181,1.25e-05
1714528800110,1.25e-05
1714532400261,1.25e-05
1714536000323,1.25e-05
1714539600011,1.25e-05
1714543200373,1.25e-05
1714546800316,1.25e-05
1714550400282,1.25e-05
1714554000410,1.25e-05
1714557600259,1.25e-05
1714561200380,1.25e-05
1714564800168,1.25e-05
1714568400412,1.25e-05
1714572000104,1.25e-05
1714575600212,1.25e-05
1714579200088,1.25e-05
1714582800147,1.25e-05
1714586400093,1.90422e-05
1714590000116,1.25e-05
1714593600132,1.25e-05
1714597200462,2.11623e-05
1714600800149,1.25e-05
1714604400098,1.25e-05
1714608000086,1.87808e-05
1714611600088,1.25e-05
1714615200099,1.25e-05
1714618800131,1.25e-05
1714622400032,1.25e-05
1714626000084,1.25e-05
1714629600109,1.25e-05
1714633200129,1.25e-05
1714636800088,1.25e-05
1714640400331,1.25e-05
1714644000272,1.25e-05
1714647600064,1.25e-05
1714651200135,1.25e-05
1714654800160,1.25e-05
1714658400021,1.25e-05
1714662000121,1.25e-05
1714665600426,1.25e-05
1714669200238,1.25e-05
1714672800040,1.25e-05
1714676400162,2.45519e-05
1714680000019,3.17848e-05
1714683600294,3.70299e-05
1714687200387,3.65388e-05
1714690800100,1.25e-05
1714694400214,1.25e-05
1714698000305,1.25e-05
1714701600187,1.25e-05
1714705200140,1.25e-05
1714708800139,1.50696e-05
1714712400299,1.25e-05
1714716000219,1.89157e-05
1714719600424,1.25e-05
1714723200270,1.25e-05
1714726800235,1.25e-05
1714730400101,1.25e-05
1714734000089,1.25e-05
1714737600139,1.25e-05
1714741200314,1.25e-05
1714744800282,1.25e-05
1714748400370,1.25e-05
1714752000260,1.25e-05
1714755600369,1.25e-05
1714759200250,3.2931e-05
1714762800051,4.06531e-05
1714766400178,5.05765e-05
1714770000061,3.08261e-05
1714773600101,1.25e-05
1714777200182,1.25e-05
1714780800123,2.42991e-05
1714784400061,1.25e-05
1714788000048,3.64703e-05
1714791600293,2.52277e-05
1714795200294,1.25e-05
1714798800126,1.25e-05
1714802400234,1.25e-05
1714806000357,5.02505e-05
1714809600078,4.01585e-05
1714813200344,1.25e-05
1714816800223,1.25e-05
1714820400115,1.79688e-05
1714824000310,1.25e-05
1714827600365,1.25e-05
1714831200270,1.84502e-05
1714834800050,1.25e-05
1714838400449,3.17346e-05
1714842000449,1.65053e-05
1714845600099,1.25e-05
1714849200265,5.80179e-05
1714852800363,8.26756e-05
1714856400393,0.0001069316
1714860000353,0.0001132371
1714863600241,9.7437e-05
1714867200083,6.61835e-05
1714870800073,1.25e-05
1714874400323,1.25e-05
1714878000268,7.55072e-05
1714881600175,7.2766e-05
1714885200441,8.2778e-05
1714888800031,5.21648e-05
1714892400410,2.53918e-05
1714896000031,3.31905e-05
1714899600153,3.00706e-05
1714903200135,3.97768e-05
1714906800094,3.25476e-05
1714910400403,3.58403e-05
1714914000038,3.84248e-05
1714917600123,6.40863e-05
1714921200339,8.79746e-05
1714924800204,9.24721e-05
1714928400021,5.49567e-05
1714932000205,7.16478e-05
1714935600171,6.61262e-05
1714939200173,8.27596e-05
1714942800207,8.8383e-05
1714946400185,5.44584e-05
1714950000161,2.20256e-05
1714953600032,2.42557e-05
1714957200091,5.70995e-05
1714960800406,4.04628e-05
1714964400058,4.83016e-05
1714968000075,1.25e-05
1714971600259,2.24886e-05
1714975200158,4.511e-05
1714978800129,5.73582e-05
1714982400401,7.37187e-05
1714986000157,4.12258e-05
1714989600413,3.41011e-05
1714993200308,1.25e-05
1714996800047,1.25e-05
1715000400398,2.85076e-05
1715004000193,5.32033e-05
1715007600001,8.3263e-05
1715011200030,3.45699e-05
1715014800026,1.32682e-05
1715018400349,2.87372e-05
1715022000449,5.93535e-05
1715025600067,6.34346e-05
1715029200178,8.02589e-05
1715032800046,9.478e-05
1715036400168,2.90988e-05
1715040000106,2.30045e-05
1715043600030,1.25e-05
1715047200344,3.32528e-05
1715050800403,5.69975e-05
1715054400313,5.33669e-05
1715058000080,4.67747e-05
1715061600097,1.3201e-05
1715065200076,1.25e-05
1715068800005,1.25e-05
1715072400167,2.32679e-05
1715076000015,5.46244e-05
1715079600233,6.44918e-05
1715083200081,5.85137e-05
1715086800109,4.96056e-05
1715090400148,2.45401e-05
1715094000048,1.25e-05
1715097600157,1.25e-05
1715101200389,1.25e-05
1715104800290,1.25e-05
1715108400191,1.25e-05
1715112000441,1.25e-05
1715115600418,1.25e-05
1715119200434,1.25e-05
1715122800047,1.25e-05
1715126400289,1.25e-05
1715130000272,1.25e-05
1715133600208,1.25e-05
1715137200036,1.25e-05
1715140800080,1.60487e-05
1715144400316,2.25191e-05
1715148000049,3.57541e-05
1715151600047,4.36103e-05
1715155200207,1.25e-05
1715158800306,1.25e-05
1715162400353,2.023e-05
1715166000098,1.30214e-05
1715169600318,1.25e-05
1715173200390,1.25e-05
1715176800136,1.25e-05
1715180400115,1.25e-05
1715184000446,1.25e-05
1715187600309,1.25e-05
1715191200267,1.78748e-05
1715194800317,1.84161e-05
1715198400008,1.25e-05
1715202000040,1.25e-05
1715205600418,1.25e-05
1715209200036,-2.0909e-06
1715212800424,-1.07326e-05
1715216400316,3.2793e-06
1715220000145,1.25e-05
1715223600007,1.25e-05
1715227200211,1.25e-05
1715230800344,1.25e-05
1715234400134,1.25e-05
1715238000015,1.25e-05
1715241600126,1.25e-05
1715245200356,1.25e-05
1715248800239,1.25e-05
1715252400133,1.25e-05
1715256000434,1.25e-05
1715259600139,1.25e-05
1715263200317,1.25e-05
1715266800349,1.25e-05
1715270400221,1.25e-05
1715274000027,1.25e-05
1715277600241,1.25e-05
1715281200315,1.25e-05
1715284800233,1.25e-05
1715288400128,2.37249e-05
1715292000043,4.17501e-05
1715295600359,2.83639e-05
1715299200133,3.13037e-05
1715302800074,1.25e-05
1715306400266,1.25e-05
1715310000236,2.59434e-05
1715313600024,4.03178e-05
1715317200271,4.61137e-05
1715320800139,6.66203e-05
1715324400399,8.56374e-05
1715328000016,1.25e-05
1715331600381,1.25e-05
1715335200314,1.25e-05
1715338800026,1.25e-05
1715342400267,1.25e-05
1715346000392,2.02594e-05
1715349600354,1.37144e-05
1715353200410,1.25e-05
1715356800167,1.25e-05
1715360400015,1.25e-05
1715364000286,1.25e-05
1715367600239,1.25e-05
1715371200342,1.25e-05
1715374800363,1.25e-05
1715378400214,1.25e-05
1715382000162,1.25e-05
1715385600331,1.25e-05
1715389200070,1.25e-05
1715392800087,1.25e-05
1715396400205,1.25e-05
1715400000008,1.25e-05
1715403600461,1.25e-05
1715407200127,1.25e-05
1715410800277,1.25e-05
1715414400353,1.25e-05
1715418000024,1.25e-05
1715421600254,1.25e-05
1715425200371,1.25e-05
1715428800408,1.25e-05
1715432400249,1.25e-05
1715436000051,1.25e-05
1715439600303,1.25e-05
1715443200383,1.25e-05
1715446800120,1.25e-05
1715450400100,1.25e-05
1715454000068,1.25e-05
1715457600275,1.25e-05
1715461200181,1.25e-05
1715464800429,1.25e-05
1715468400286,1.25e-05
1715472000428,1.25e-05
1715475600006,1.25e-05
1715479200089,1.25e-05
1715482800010,1.25e-05
1715486400135,1.25e-05
1715490000020,1.25e-05
1715493600357,1.25e-05
1715497200242,1.25e-05
1715500800073,1.25e-05
1715504400166,7.102e-07
1715508000040,-1.759e-06
1715511600041,1.25e-05
1715515200090,1.21671e-05
1715518800059,1.25e-05
1715522400032,1.25e-05
1715526000023,1.25e-05
1715529600044,1.25e-05
1715533200046,1.25e-05
1715536800025,1.25e-05
1715540400048,1.25e-05
1715544000068,1.25e-05
1715547600129,1.25e-05
1715551200076,1.25e-05
1715554800040,1.25e-05
1715558400077,1.25e-05
1715562000001,1.25e-05
1715565600004,1.25e-05
1715569200013,1.25e-05
1715572800108,1.617e-06
1715576400072,6.3474e-06
1715580000119,3.5064e-06
1715583600087,9.1411e-06
1715587200116,1.25e-05
1715590800077,1.25e-05
1715594400009,1.25e-05
1715598000101,1.25e-05
1715601600024,1.25e-05
1715605200043,1.25e-05
1715608800106,7.3401e-05
1715612400095,1.25e-05
1715616000019,1.25e-05
1715619600113,1.25e-05
1715623200086,1.25e-05
1715626800125,1.12094e-05
1715630400122,1.25e-05
1715634000034,1.25e-05
1715637600087,1.25e-05
1715641200130,9.6354e-06
1715644800019,5.744e-07
1715648400077,1.25e-05
1715652000015,1.25e-05
1715655600111,1.25e-05
1715659200171,1.25e-05
1715662800025,1.25e-05
1715666400054,1.25e-05
1715670000029,1.25e-05
1715673600120,1.25e-05
1715677200006,1.25e-05
1715680800042,1.25e-05
1715684400061,1.25e-05
1715688000036,3.77152e-05
1715691600021,3.94249e-05
1715695200007,2.19047e-05
1715698800015,1.25e-05
1715702400010,1.25e-05
1715706000060,1.25e-05
1715709600097,5.354e-06
1715713200004,1.25e-05
1715716800075,1.25e-05
1715720400033,1.25e-05
1715724000077,3.7725e-06
1715727600052,6.2777e-06
1715731200085,8.7714e-06
1715734800057,1.25e-05
1715738400037,1.25e-05
1715742000002,1.25e-05
1715745600095,1.25e-05
1715749200162,1.25e-05
1715752800108,1.25e-05
1715756400074,1.25e-05
1715760000082,3.45475e-05
1715763600104,3.61058e-05
1715767200099,4.18784e-05
1715770800105,4.49171e-05
1715774400059,4.65588e-05
1715778000024,1.25e-05
1715781600076,1.25e-05
1715785200007,1.25e-05
1715788800035,3.01989e-05
1715792400017,1.25e-05
1715796000095,1.25e-05
1715799600109,1.25e-05
1715803200110,1.51364e-05
1715806800155,4.66739e-05
1715810400140,6.75467e-05
1715814000095,5.59294e-05
1715817600124,5.86574e-05
1715821200084,2.06256e-05
1715824800052,1.25e-05
1715828400085,1.25e-05
1715832000089,8.96799e-05
1715835600112,0.0001220115
1715839200018,7.09443e-05
1715842800080,5.06558e-05
1715846400111,7.27349e-05
1715850000036,3.50416e-05
1715853600124,3.62006e-05
1715857200116,2.2549e-05
1715860800081,1.25e-05
1715864400116,1.25e-05
1715868000017,1.25e-05
1715871600044,1.25e-05
1715875200044,1.25e-05
1715878800052,1.25e-05
1715882400014,1.25e-05
1715886000061,1.25e-05
1715889600035,1.25e-05
1715893200129,1.25e-05
1715896800086,1.25e-05
1715900400101,1.25e-05
1715904000073,1.25e-05
1715907600087,1.25e-05
1715911200161,1.25e-05
1715914800085,1.25e-05
1715918400104,1.25e-05
1715922000087,1.25e-05
1715925600074,1.25e-05
1715929200019,1.25e-05
1715932800110,1.25e-05
1715936400062,1.25e-05
1715940000157,1.25e-05
1715943600071,1.25e-05
1715947200027,1.25e-05
1715950800067,1.62985e-05
1715954400040,3.49575e-05
1715958000010,4.0583e-05
1715961600106,5.5603e-05
1715965200002,5.67392e-05
1715968800042,4.3795e-05
1715972400087,2.52806e-05
1715976000117,2.60596e-05
1715979600110,4.24975e-05
1715983200004,6.02705e-05
1715986800093,5.66603e-05
1715990400132,7.45263e-05
1715994000125,3.48846e-05
1715997600096,1.25e-05
1716001200044,1.25e-05
1716004800152,1.25e-05
1716008400006,1.73832e-05
1716012000057,1.25e-05
1716015600148,1.25e-05
1716019200090,3.04653e-05
1716022800107,2.18424e-05
1716026400025,3.37564e-05
1716030000115,2.56838e-05
1716033600084,3.09991e-05
1716037200134,2.54511e-05
1716040800031,1.25e-05
1716044400023,1.25e-05
1716048000016,1.25e-05
1716051600066,1.25e-05
1716055200169,1.25e-05
1716058800104,1.25e-05
1716062400047,1.25e-05
1716066000082,1.25e-05
1716069600087,1.25e-05
1716073200085,1.25e-05
1716076800037,1.25e-05
1716080400042,1.25e-05
1716084000049,1.25e-05
1716087600104,1.25e-05
1716091200003,1.25e-05
1716094800112,1.25e-05
1716098400056,1.25e-05
1716102000050,1.25e-05
1716105600056,1.25e-05
1716109200058,1.25e-05
1716112800146,1.25e-05
1716116400038,1.25e-05
1716120000014,1.25e-05
1716123600136,1.25e-05
1716127200026,1.25e-05
1716130800013,1.25e-05
1716134400045,1.25e-05
1716138000053,1.25e-05
1716141600014,1.25e-05
1716145200093,9.7728e-06
1716148800037,1.25e-05
1716152400058,1.25e-05
1716156000040,-4.025e-07
1716159600035,3.3124e-06
1716163200089,3.88e-06
1716166800039,1.20454e-05
1716170400118,1.25e-05
1716174000069,1.25e-05
1716177600057,1.50557e-05
1716181200003,3.9124e-05
1716184800090,4.92804e-05
1716188400008,1.84856e-05
1716192000025,3.23178e-05
1716195600017,1.77947e-05
1716199200098,1.25e-05
1716202800002,1.25e-05
1716206400060,1.25e-05
1716210000072,1.25e-05
1716213600118,1.25e-05
1716217200027,1.25e-05
1716220800076,1.25e-05
1716224400097,1.25e-05
1716228000001,3.98363e-05
1716231600048,4.75732e-05
1716235200036,3.65666e-05
1716238800080,2.47499e-05
1716242400011,0.0001474977
1716246000037,0.0002790958
1716249600004,0.0001829458
1716253200022,9.8138e-05
1716256800081,6.20267e-05
1716260400008,0.0001068007
1716264000005,8.86352e-05
1716267600005,9.65184e-05
1716271200059,9.21756e-05
1716274800253,9.28834e-05
1716278400076,0.0001041868
1716282000000,8.20903e-05
1716285600090,9.25131e-05
1716289200088,0.0001088301
1716292800108,0.0001040194
1716296400039,0.0001162687
1716300000024,0.0001653657
1716303600124,0.000178195
1716307200017,0.0001133166
1716310800048,9.00743e-05
1716314400084,8.19713e-05
1716318000000,6.43956e-05
1716321600158,1.25e-05
1716325200088,4.30038e-05
1716328800062,1.25e-05
1716332400119,1.25e-05
1716336000102,0.0001099434
1716339600105,0.000114983
1716343200049,0.0001061559
1716346800135,0.0001091794
1716350400125,9.94508e-05
1716354000085,6.21895e-05
1716357600134,5.30598e-05
1716361200083,5.85563e-05
1716364800099,8.7317e-05
1716368400131,1.86436e-05
1716372000024,4.90805e-05
1716375600038,5.52496e-05
1716379200087,6.17343e-05
1716382800063,2.77579e-05
1716386400062,1.25e-05
1716390000006,1.25e-05
1716393600118,5.07273e-05
1716397200027,6.9057e-05
1716400800002,5.53009e-05
1716404400000,6.03082e-05
1716408000024,9.72868e-05
1716411600037,7.54628e-05
1716415200059,7.81455e-05
1716418800101,4.49841e-05
1716422400009,7.21558e-05
1716426000040,8.27337e-05
1716429600053,6.49142e-05
1716433200027,5.36864e-05
1716436800078,6.14928e-05
1716440400135,7.84313e-05
1716444000097,0.0001591155
1716447600068,0.0001405018
1716451200093,0.0001449701
1716454800094,8.85583e-05
1716458400128,0.0001036911
1716462000027,9.93328e-05
1716465600080,5.83079e-05
1716469200000,8.59098e-05
1716472800070,1.25e-05
1716476400025,1.25e-05
1716480000047,1.25e-05
1716483600032,1.25e-05
1716487200039,1.25e-05
1716490800022,1.25e-05
1716494400060,1.25e-05
1716498000050,1.25e-05
1716501600120,1.25e-05
1716505200175,4.86838e-05
1716508800040,4.37371e-05
1716512400003,2.92198e-05
1716516000067,6.11277e-05
1716519600011,4.58064e-05
1716523200072,5.9071e-05
1716526800037,3.65733e-05
1716530400076,5.12951e-05
1716534000067,8.25456e-05
1716537600143,1.25e-05
1716541200123,1.25e-05
1716544800127,1.25e-05
1716548400127,4.4992e-05
1716552000027,8.57437e-05
1716555600084,8.83951e-05
1716559200000,5.63202e-05
1716562800157,1.25e-05
1716566400022,1.25e-05
1716570000132,1.25e-05
1716573600070,1.25e-05
1716577200084,1.25e-05
1716580800153,1.25e-05
1716584400120,1.25e-05
1716588000096,1.25e-05
1716591600045,1.25e-05
1716595200025,1.25e-05
1716598800033,1.25e-05
1716602400090,1.25e-05
1716606000050,1.25e-05
1716609600000,1.25e-05
1716613200133,1.25e-05
1716616800108,1.25e-05
1716620400046,1.25e-05
1716624000074,1.25e-05
1716627600053,1.25e-05
1716631200096,1.25e-05
1716634800027,2.68406e-05
1716638400146,4.68244e-05
1716642000048,5.69407e-05
1716645600019,1.25e-05
1716649200078,1.25e-05
1716652800085,1.25e-05
1716656400104,1.25e-05
1716660000009,2.83784e-05
1716663600010,6.28057e-05
1716667200023,0.0001040968
1716670800049,0.000130812
1716674400005,0.0001178599
1716678000083,0.0001262072
1716681600092,0.0001358098
1716685200043,0.000125806
1716688800115,0.0001643486
1716692400077,0.000125122
1716696000087,0.0001030171
1716699600029,0.0001153152
1716703200033,6.95927e-05
1716706800103,6.11671e-05
1716710400109,6.73172e-05
1716714000097,4.1919e-05
1716717600051,4.24296e-05
1716721200071,5.06848e-05
1716724800004,8.23128e-05
1716728400081,1.83849e-05
1716732000019,1.90037e-05
1716735600084,1.25e-05
1716739200046,1.25e-05
1716742800172,1.25e-05
1716746400110,1.25e-05
1716750000069,1.25e-05
1716753600130,1.25e-05
1716757200071,1.25e-05
1716760800178,1.25e-05
1716764400050,1.25e-05
1716768000012,1.25e-05
1716771600046,1.25e-05
1716775200015,3.02074e-05
1716778800078,2.48515e-05
1716782400039,6.89429e-05
1716786000034,5.80259e-05
1716789600011,3.9595e-05
1716793200012,2.41716e-05
1716796800127,1.52378e-05
1716800400014,1.25e-05
1716804000152,1.25e-05
1716807600015,1.25e-05
1716811200046,4.48622e-05
1716814800068,0.0001398033
1716818400022,0.0001607938
1716822000021,0.0001551119
1716825600098,0.0001230729
1716829200110,7.9945e-05
1716832800076,5.16632e-05
1716836400020,6.57987e-05
1716840000029,4.92159e-05
1716843600053,6.95617e-05
1716847200068,5.05478e-05
1716850800043,0.000111743
1716854400180,0.0001240436
1716858000054,2.84911e-05
1716861600034,5.97803e-05
1716865200012,1.25e-05
1716868800059,1.25e-05
1716872400083,1.25e-05
1716876000026,1.25e-05
1716879600014,1.25e-05
1716883200092,1.25e-05
1716886800099,1.25e-05
1716890400011,1.25e-05
1716894000013,4.40496e-05
1716897600027,4.40138e-05
1716901200109,4.35681e-05
1716904800001,3.94174e-05
1716908400007,1.25e-05
1716912000097,1.25e-05
1716915600023,1.25e-05
1716919200043,1.25e-05
1716922800011,1.25e-05
1716926400078,1.25e-05
1716930000120,1.25e-05
1716933600077,1.51941e-05
1716937200010,2.82144e-05
1716940800118,1.72437e-05
1716944400038,1.25e-05
1716948000102,5.28242e-05
1716951600022,7.50108e-05
1716955200025,0.0001596769
1716958800069,0.0001946951
1716962400111,0.0002029455
1716966000111,0.0001613379
1716969600115,3.35627e-05
1716973200100,1.25e-05
1716976800001,1.25e-05
1716980400107,2.15398e-05
1716984000034,1.25e-05
1716987600128,1.25e-05
1716991200076,1.25e-05
1716994800108,1.33061e-05
1716998400073,4.04086e-05
1717002000019,1.25e-05
1717005600013,0.0001042299
1717009200038,2.9631e-05
1717012800029,9.41934e-05
1717016400079,4.28187e-05
1717020000050,1.25e-05
1717023600083,1.25e-05
1717027200141,1.25e-05
1717030800051,1.25e-05
1717034400057,1.25e-05
1717038000033,5.5395e-05
1717041600015,7.37537e-05
1717045200016,9.48151e-05
1717048800140,6.97172e-05
1717052400110,1.25e-05
1717056000013,1.25e-05
1717059600079,1.25e-05
1717063200079,1.25e-05
1717066800039,1.25e-05
1717070400025,1.25e-05
1717074000035,1.25e-05
1717077600038,1.25e-05
1717081200018,1.25e-05
1717084800137,1.25e-05
1717088400050,1.25e-05
1717092000070,1.25e-05
1717095600016,1.85154e-05
1717099200024,1.25e-05
1717102800094,1.25e-05
1717106400108,1.25e-05
1717110000071,1.25e-05
1717113600057,1.25e-05
1717117200124,1.25e-05
1717120800062,1.25e-05
1717124400104,1.25e-05
1717128000110,1.25e-05
1717131600001,1.25e-05
1717135200122,1.25e-05
1717138800081,1.25e-05
1717142400092,1.25e-05
1717146000113,1.25e-05
1717149600048,1.25e-05
1717153200109,1.82923e-05
1717156800106,1.25e-05
1717160400025,3.64798e-05
1717164000111,1.31944e-05
1717167600105,1.25e-05
1717171200124,1.25e-05
1717174800074,1.25e-05
1717178400080,1.25e-05
1717182000123,1.25e-05
1717185600072,1.25e-05
1717189200035,1.25e-05
1717192800069,1.25e-05
1717196400062,1.25e-05
1717200000073,1.25e-05
1717203600165,1.25e-05
1717207200110,1.25e-05
1717210800122,1.25e-05
1717214400101,1.25e-05
1717218000014,1.25e-05
1717221600087,1.26994e-05
1717225200083,2.18931e-05
1717228800169,3.43456e-05
1717232400115,1.6201e-05
1717236000077,1.25e-05
1717239600030,1.25e-05
1717243200012,1.25e-05
1717246800040,1.25e-05
1717250400016,1.25e-05
1717254000036,1.74646e-05
1717257600026,2.26116e-05
1717261200050,1.25e-05
1717264800075,1.25e-05
1717268400043,1.4603e-05
1717272000046,2.18412e-05
1717275600027,3.69437e-05
1717279200042,4.13635e-05
1717282800050,4.67834e-05
1717286400064,4.33517e-05
1717290000107,1.25e-05
1717293600063,2.47862e-05
1717297200047,2.90189e-05
1717300800053,7.17284e-05
1717304400018,7.83782e-05
1717308000022,8.75296e-05
1717311600026,8.09895e-05
1717315200025,7.00395e-05
1717318800023,3.13955e-05
1717322400035,1.64352e-05
1717326000026,1.25e-05
1717329600036,1.25e-05
1717333200029,1.25e-05
1717336800044,1.25e-05
1717340400101,1.25e-05
1717344000032,1.25e-05
1717347600094,1.25e-05
1717351200123,1.25e-05
1717354800027,1.25e-05
1717358400001,1.25e-05
1717362000101,1.25e-05
1717365600102,1.81512e-05
1717369200035,2.55137e-05
1717372800103,4.19575e-05
1717376400031,1.91961e-05
1717380000093,6.6765e-05
1717383600073,7.52994e-05
1717387200178,8.40653e-05
1717390800099,9.47054e-05
1717394400056,0.0001018031
1717398000061,9.63399e-05
1717401600140,0.0001113414
1717405200022,0.0001186592
1717408800002,0.0001183151
1717412400154,0.0001456854
1717416000072,0.0001585427
1717419600019,0.0001295804
1717423200012,8.94462e-05
1717426800060,7.52589e-05
1717430400084,5.1913e-05
1717434000018,1.25e-05
1717437600030,8.08059e-05
1717441200089,9.78581e-05
1717444800081,8.74844e-05
1717448400000,8.34741e-05
1717452000002,4.12955e-05
1717455600099,1.25e-05
1717459200140,1.25e-05
1717462800082,1.25e-05
1717466400017,1.25e-05
1717470000083,3.93452e-05
1717473600033,2.18523e-05
1717477200076,1.25e-05
1717480800003,1.25e-05
1717484400121,1.25e-05
1717488000155,1.25e-05
1717491600125,1.25e-05
1717495200071,1.25e-05
1717498800072,1.87511e-05
1717502400161,3.00315e-05
1717506000071,2.77436e-05
1717509600069,3.84339e-05
1717513200025,3.63676e-05
1717516800130,5.26069e-05
1717520400022,2.74528e-05
1717524000137,1.25e-05
1717527600142,1.25e-05
1717531200132,1.25e-05
1717534800004,1.95714e-05
1717538400075,3.18105e-05
1717542000016,3.52063e-05
1717545600053,5.86778e-05
1717549200081,2.64858e-05
1717552800140,2.4591e-05
1717556400086,2.38452e-05
1717560000115,3.91475e-05
1717563600050,4.69466e-05
1717567200082,4.75293e-05
1717570800089,6.14917e-05
1717574400106,5.0962e-05
1717578000119,2.97054e-05
1717581600128,3.56427e-05
1717585200054,3.72538e-05
1717588800031,4.4762e-05
1717592400033,5.11318e-05
1717596000082,4.35269e-05
1717599600140,7.48315e-05
1717603200025,8.24227e-05
1717606800001,5.50286e-05
1717610400033,5.97772e-05
1717614000045,0.0001039131
1717617600065,1.25e-05
1717621200083,2.87983e-05
1717624800022,8.28025e-05
1717628400029,8.32177e-05
1717632000101,6.84368e-05
1717635600156,0.000132137
1717639200015,0.0001161178
1717642800117,7.55143e-05
1717646400083,3.36555e-05
1717650000114,1.25e-05
1717653600074,1.71177e-05
1717657200025,1.25e-05
1717660800098,2.12406e-05
1717664400037,1.5653e-05
1717668000078,1.41851e-05
1717671600011,1.25e-05
1717675200054,1.31376e-05
1717678800102,2.9717e-05
1717682400023,6.5238e-05
1717686000130,7.42634e-05
1717689600024,8.78976e-05
1717693200013,1.25e-05
1717696800046,1.25e-05
1717700400122,1.25e-05
1717704000036,1.25e-05
1717707600003,1.25e-05
1717711200107,1.25e-05
1717714800006,1.25e-05
1717718400093,1.25e-05
1717722000095,1.25e-05
1717725600039,2.83127e-05
1717729200044,2.11515e-05
1717732800067,1.60554e-05
1717736400067,4.93916e-05
1717740000098,7.10141e-05
1717743600057,7.67185e-05
1717747200069,8.27267e-05
1717750800117,4.54252e-05
1717754400158,4.87382e-05
1717758000004,5.19506e-05
1717761600038,5.93481e-05
1717765200099,6.47392e-05
1717768800102,6.89489e-05
1717772400048,7.48378e-05
1717776000104,7.64824e-05
1717779600030,5.12565e-05
1717783200124,1.25e-05
1717786800076,-1.7835e-06
1717790400137,1.25e-05
1717794000028,1.25e-05
1717797600016,1.25e-05
1717801200043,1.25e-05
1717804800009,1.25e-05
1717808400033,1.25e-05
1717812000124,1.25e-05
1717815600088,1.25e-05
1717819200075,1.25e-05
1717822800036,1.25e-05
1717826400005,1.25e-05
1717830000024,1.25e-05
1717833600002,1.25e-05
1717837200043,1.25e-05
1717840800058,1.25e-05
1717844400095,1.25e-05
1717848000031,1.25e-05
1717851600117,1.25e-05
1717855200040,1.25e-05
1717858800103,1.25e-05
1717862400073,1.25e-05
1717866000066,1.25e-05
1717869600106,1.25e-05
1717873200116,1.25e-05
1717876800112,1.25e-05
1717880400093,1.25e-05
1717884000076,1.25e-05
1717887600024,1.25e-05
1717891200099,1.25e-05
1717894800037,1.25e-05
1717898400129,1.25e-05
1717902000025,1.25e-05
1717905600092,1.25e-05
1717909200084,1.25e-05
1717912800065,1.25e-05
1717916400069,1.25e-05
1717920000092,1.25e-05
1717923600053,1.25e-05
1717927200147,1.25e-05
1717930800469,1.25e-05
1717934400016,1.25e-05
1717938000111,1.25e-05
1717941600123,1.25e-05
1717945200135,1.25e-05
1717948800045,1.25e-05
1717952400085,1.25e-05
1717956000035,1.25e-05
1717959600044,1.25e-05
1717963200048,1.25e-05
1717966800036,1.25e-05
1717970400163,1.25e-05
1717974000094,1.25e-05
1717977600001,1.25e-05
1717981200076,1.25e-05
1717984800055,1.25e-05
1717988400001,1.25e-05
1717992000069,5.95963e-05
1717995600069,7.66903e-05
1717999200073,8.71129e-05
1718002800078,4.68965e-05
1718006400055,1.25e-05
1718010000060,5.9245e-05
1718013600157,2.46021e-05
1718017200061,2.28141e-05
1718020800001,2.84444e-05
1718024400120,2.30928e-05
1718028000120,2.95696e-05
1718031600052,4.29224e-05
1718035200048,4.17584e-05
1718038800061,3.8303e-05
1718042400024,4.89399e-05
1718046000123,4.91161e-05
1718049600028,2.81875e-05
1718053200013,1.25e-05
1718056800139,1.25e-05
1718060400092,1.25e-05
1718064000097,1.25e-05
1718067600092,1.25e-05
1718071200098,1.25e-05
1718074800081,1.25e-05
1718078400030,1.25e-05
1718082000104,1.34289e-05
1718085600027,1.25e-05
1718089200038,1.25e-05
1718092800027,1.25e-05
1718096400165,-9.0462e-06
1718100000094,-4.29527e-05
1718103600007,-3.25521e-05
1718107200028,-2.58499e-05
1718110800088,5.869e-07
1718114400126,-1.07879e-05
1718118000128,-9.4501e-06
1718121600045,-4.377e-06
1718125200061,1.25e-05
1718128800071,1.25e-05
1718132400073,1.25e-05
1718136000100,7.6447e-06
1718139600104,5.9407e-06
1718143200035,1.25e-05
1718146800106,1.25e-05
1718150400081,1.25e-05
1718154000105,1.25e-05
1718157600112,1.25e-05
1718161200066,1.25e-05
1718164800009,1.25e-05
1718168400079,1.25e-05
1718172000109,1.25e-05
1718175600055,1.25e-05
1718179200104,1.25e-05
1718182800056,1.25e-05
1718186400036,1.25e-05
1718190000073,1.25e-05
1718193600035,1.25e-05
1718197200096,1.25e-05
1718200800077,1.25e-05
1718204400112,1.25e-05
1718208000103,1.25e-05
1718211600126,1.25e-05
1718215200083,1.25e-05
1718218800105,1.25e-05
1718222400083,1.25e-05
1718226000117,3.8547e-06
1718229600066,1.25e-05
1718233200029,1.25e-05
1718236800042,1.25e-05
1718240400050,1.25e-05
1718244000006,9.3605e-06
1718247600006,-2.1449e-06
1718251200123,1.25e-05
1718254800052,1.25e-05
1718258400005,1.25e-05
1718262000143,5.6574e-06
1718265600066,1.25e-05
1718269200082,1.25e-05
1718272800076,1.25e-05
1718276400115,1.25e-05
1718280000100,1.25e-05
1718283600110,1.25e-05
1718287200026,1.25e-05
1718290800135,1.25e-05
1718294400093,1.25e-05
1718298000015,1.25e-05
1718301600023,1.25e-05
1718305200103,1.25e-05
1718308800012,1.25e-05
1718312400076,1.25e-05
1718316000073,1.25e-05
1718319600005,1.25e-05
1718323200031,1.25e-05
1718326800018,1.25e-05
1718330400004,1.25e-05
1718334000111,1.25e-05
1718337600102,1.25e-05
1718341200146,1.25e-05
1718344800001,1.25e-05
1718348400072,8.0225e-06
1718352000105,5.4424e-06
1718355600036,1.25e-05
1718359200037,1.08255e-05
1718362800088,9.7312e-06
1718366400008,5.6054e-06
1718370000101,7.9237e-06
1718373600061,8.4166e-06
1718377200027,1.12579e-05
1718380800119,4.2065e-06
1718384400076,-1.8345e-06
1718388000114,-1.59009e-05
1718391600042,-1.01032e-05
1718395200103,-1.84627e-05
1718398800072,-1.42388e-05
1718402400097,-1.57621e-05
1718406000080,-2.9863e-05
1718409600050,-5.5467e-06
1718413200101,-3.6979e-06
1718416800020,-5.9454e-06
1718420400115,7.213e-07
1718424000099,1.25e-05
1718427600095,1.25e-05
1718431200063,-7.1456e-06
1718434800044,-1.18706e-05
1718438400027,-1.16341e-05
1718442000041,-1.2971e-06
1718445600108,-3.2689e-06
1718449200019,-9.1002e-06
1718452800101,-2.43758e-05
1718456400016,-1.99413e-05
1718460000096,5.5019e-06
1718463600010,1.25e-05
1718467200106,1.25e-05
1718470800080,1.25e-05
1718474400092,1.25e-05
1718478000027,1.00303e-05
1718481600040,1.25e-05
1718485200053,-2.0816e-06
1718488800055,-1.24337e-05
1718492400068,1.25e-05
1718496000002,1.25e-05
1718499600024,8.5645e-06
1718503200045,-1.20535e-05
1718506800007,-1.49773e-05
1718510400008,-2.21107e-05
1718514000007,-3.29165e-05
1718517600064,-3.23681e-05
1718521200113,1.15862e-05
1718524800091,-6.1091e-06
1718528400010,-1.19689e-05
1718532000025,-9.1942e-06
1718535600000,-5.9323e-06
1718539200012,-2.4984e-06
1718542800089,-1.11564e-05
1718546400061,1.25e-05
1718550000035,1.25e-05
1718553600061,1.25e-05
1718557200011,1.25e-05
1718560800028,1.25e-05
1718564400020,1.25e-05
1718568000027,1.25e-05
1718571600002,1.25e-05
1718575200065,1.25e-05
1718578800077,1.25e-05
1718582400103,5.7088e-06
1718586000105,1.25e-05
1718589600011,1.25e-05
1718593200009,1.25e-05
1718596800111,-1.02347e-05
1718600400032,5.6506e-06
1718604000013,5.942e-06
1718607600092,8.4199e-06
1718611200046,-2.8894e-06
1718614800056,6.0489e-06
1718618400131,1.25e-05
1718622000108,1.08751e-05
1718625600074,4.5453e-06
1718629200030,1.25e-05
1718632800029,1.25e-05
1718636400087,1.25e-05
1718640000005,1.25e-05
1718643600003,1.25e-05
1718647200121,1.25e-05
1718650800006,1.25e-05
1718654400041,1.25e-05
1718658000092,1.25e-05
1718661600088,1.25e-05
1718665200019,7.4083e-06
1718668800094,2.5707e-06
1718672400084,4.985e-07
1718676000091,-4.76294e-05
1718679600013,-6.82901e-05
1718683200056,-7.26049e-05
1718686800086,-7.01805e-05
1718690400027,-8.19116e-05
1718694000009,-7.23294e-05
1718697600081,-4.83108e-05
1718701200040,-2.34485e-05
1718704800030,-1.48867e-05
1718708400016,1.25e-05
1718712000093,1.25e-05
1718715600054,1.25e-05
1718719200010,9.9559e-06
1718722800037,1.25e-05
1718726400008,1.25e-05
1718730000065,1.25e-05
1718733600021,1.25e-05
1718737200116,1.25e-05
1718740800116,1.25e-05
1718744400016,1.25e-05
1718748000153,1.25e-05
1718751600113,1.25e-05
1718755200084,1.25e-05
1718758800021,1.25e-05
1718762400081,1.25e-05
1718766000038,-1.6441e-05
1718769600088,-4.0124e-06
1718773200048,1.25e-05
1718776800110,1.25e-05
1718780400034,1.25e-05
1718784000114,-3.9302e-06
1718787600065,4.447e-06
1718791200037,1.25e-05
1718794800046,8.6143e-06
1718798400056,5.54e-06
1718802000001,-5.9883e-06
1718805600097,-1.66447e-05
1718809200006,-8.5106e-06
1718812800056,-1.07735e-05
1718816400041,-1.2231e-06
1718820000052,-1.04182e-05
1718823600050,-1.24114e-05
1718827200036,-1.10568e-05
1718830800069,7.1314e-06
1718834400182,7.621e-06
1718838000078,1.25e-05
1718841600058,1.25e-05
1718845200077,1.25e-05
1718848800056,1.25e-05
1718852400074,1.25e-05
1718856000083,1.25e-05
1718859600061,1.25e-05
1718863200014,1.25e-05
1718866800013,1.25e-05
1718870400039,1.25e-05
1718874000001,1.25e-05
1718877600076,1.25e-05
1718881200048,1.25e-05
1718884800068,1.25e-05
1718888400090,1.25e-05
1718892000106,1.25e-05
1718895600025,1.25e-05
1718899200066,1.25e-05
1718902800129,1.25e-05
1718906400056,1.25e-05
1718910000001,1.25e-05
1718913600060,1.25e-05
1718917200000,1.25e-05
1718920800010,1.25e-05
1718924400161,1.25e-05
1718928000083,1.25e-05
1718931600004,1.25e-05
1718935200110,1.25e-05
1718938800022,1.25e-05
1718942400074,1.25e-05
1718946000089,1.25e-05
1718949600007,1.23011e-05
1718953200048,-4.354e-07
1718956800106,3.2264e-06
1718960400104,1.25e-05
1718964000104,1.25e-05
1718967600036,1.25e-05
1718971200029,1.25e-05
1718974800010,1.25e-05
1718978400082,1.25e-05
1718982000100,1.25e-05
1718985600026,1.25e-05
1718989200042,1.25e-05
1718992800047,1.25e-05
1718996400016,1.25e-05
1719000000024,1.25e-05
1719003600017,1.25e-05
1719007200000,1.25e-05
1719010800035,1.25e-05
1719014400071,1.25e-05
1719018000090,1.25e-05
1719021600101,1.25e-05
1719025200001,1.25e-05
1719028800127,1.25e-05
1719032400071,1.25e-05
1719036000037,1.25e-05
1719039600056,1.25e-05
1719043200090,1.25e-05
1719046800000,1.25e-05
1719050400044,1.25e-05
1719054000064,1.25e-05
1719057600008,1.25e-05
1719061200056,1.25e-05
1719064800056,1.25e-05
1719068400058,1.25e-05
1719072000013,1.25e-05
1719075600080,1.25e-05
1719079200081,1.25e-05
1719082800000,1.25e-05
1719086400081,1.25e-05
1719090000065,1.25e-05
1719093600050,1.25e-05
1719097200153,1.25e-05
1719100800052,1.25e-05
1719104400032,1.25e-05
1719108000063,1.25e-05
1719111600019,1.25e-05
1719115200038,1.25e-05
1719118800023,1.25e-05
1719122400081,1.25e-05
1719126000064,1.25e-05
1719129600100,1.25e-05
1719133200011,1.25e-05
1719136800002,1.25e-05
1719140400082,1.25e-05
1719144000063,1.25e-05
1719147600150,1.25e-05
1719151200090,1.25e-05
1719154800167,1.25e-05
1719158400099,1.25e-05
1719162000009,1.25e-05
1719165600136,1.25e-05
1719169200053,1.25e-05
1719172800072,1.25e-05
1719176400087,1.25e-05
1719180000099,1.25e-05
1719183600100,1.25e-05
1719187200109,1.25e-05
1719190800024,1.25e-05
1719194400140,1.25e-05
1719198000026,1.25e-05
1719201600087,1.25e-05
1719205200015,1.25e-05
1719208800050,1.25e-05
1719212400065,7.623e-07
1719216000047,9.275e-07
1719219600073,6.7124e-06
1719223200060,-1.08104e-05
1719226800010,-1.08344e-05
1719230400006,2.5259e-06
1719234000075,5.327e-06
1719237600107,-9.4946e-06
1719241200075,-1.21769e-05
1719244800047,-5.5963e-06
1719248400036,6.8744e-06
1719252000062,4.6805e-06
1719255600047,2.3745e-06
1719259200094,1.04401e-05
1719262800233,1.25e-05
1719266400013,1.25e-05
1719270000093,1.25e-05
1719273600074,1.25e-05
1719277200048,1.25e-05
1719280800053,1.25e-05
1719284400010,1.25e-05
1719288000058,1.25e-05
1719291600021,1.25e-05
1719295200143,1.25e-05
1719298800022,1.25e-05
1719302400079,1.25e-05
1719306000129,1.25e-05
1719309600021,1.25e-05
1719313200023,1.25e-05
1719316800112,1.25e-05
1719320400031,1.25e-05
1719324000016,1.25e-05
1719327600149,1.25e-05
1719331200028,1.25e-05
1719334800075,1.25e-05
1719338400085,1.25e-05
1719342000082,1.25e-05
1719345600003,1.25e-05
1719349200146,1.25e-05
1719352800034,1.25e-05
1719356400042,1.25e-05
1719360000073,1.25e-05
1719363600015,1.25e-05
1719367200083,1.25e-05
1719370800046,1.25e-05
1719374400074,1.0176e-06
1719378000155,5.553e-07
1719381600081,-8.4569e-06
1719385200158,-1.71477e-05
1719388800097,-3.05175e-05
1719392400144,-6.9787e-06
1719396000132,-5.9272e-06
1719399600008,-6.3246e-06
1719403200101,-1.16387e-05
1719406800120,-9.098e-06
1719410400070,-1.31241e-05
1719414000047,-9.414e-06
1719417600152,1.23761e-05
1719421200017,1.25e-05
1719424800085,1.25e-05
1719428400147,1.25e-05
1719432000179,1.25e-05
1719435600096,1.25e-05
1719439200051,1.25e-05
1719442800021,1.25e-05
1719446400058,1.25e-05
1719450000072,1.25e-05
1719453600041,1.25e-05
1719457200039,1.25e-05
1719460800069,1.25e-05
1719464400056,1.25e-05
1719468000052,1.25e-05
1719471600098,1.25e-05
1719475200124,1.25e-05
1719478800111,1.25e-05
1719482400073,1.25e-05
1719486000082,1.25e-05
1719489600078,1.25e-05
1719493200003,1.25e-05
1719496800093,1.25e-05
1719500400076,1.25e-05
1719504000102,1.25e-05
1719507600092,1.25e-05
1719511200101,1.05929e-05
1719514800108,8.654e-07
1719518400104,2.1918e-06
1719522000105,-3.9548e-06
1719525600142,1.25e-05
1719529200099,2.58765e-05
1719532800099,4.60831e-05
1719536400067,2.91358e-05
1719540000099,5.98755e-05
1719543600138,1.25e-05
1719547200108,1.25e-05
1719550800075,1.25e-05
1719554400030,1.25e-05
1719558000113,1.25e-05
1719561600100,1.25e-05
1719565200100,1.25e-05
1719568800095,1.25e-05
1719572400110,1.25e-05
1719576000095,1.25e-05
1719579600056,1.25e-05
1719583200070,1.25e-05
1719586800071,1.25e-05
1719590400105,1.25e-05
1719594000044,1.25e-05
1719597600084,1.25e-05
1719601200010,1.25e-05
1719604800108,1.25e-05
1719608400005,1.16099e-05
1719612000016,1.9287e-06
1719615600091,-1.5313e-06
1719619200096,-3.876e-06
1719622800091,-8.2876e-06
1719626400094,-1.33855e-05
1719630000091,-5.3232e-06
1719633600081,-3.8455e-06
1719637200094,-3.505e-07
1719640800021,-6.4959e-06
1719644400085,-3.6958e-06
1719648000092,-1.6066e-06
1719651600160,4.6406e-06
1719655200086,3.3729e-06
1719658800124,-6.4213e-06
1719662400061,4.6e-07
1719666000174,1.25e-05
1719669600097,1.25e-05
1719673200090,1.25e-05
1719676800095,1.25e-05
1719680400088,1.25e-05
1719684000064,1.25e-05
1719687600089,1.25e-05
1719691200085,1.25e-05
1719694800059,1.25e-05
1719698400093,1.25e-05
1719702000121,1.25e-05
1719705600093,1.25e-05
1719709200023,1.25e-05
1719712800109,1.25e-05
1719716400150,1.25e-05
1719720000107,1.25e-05
1719723600082,1.25e-05
1719727200087,1.25e-05
1719730800130,1.25e-05
1719734400147,1.25e-05
1719738000024,1.25e-05
1719741600090,1.25e-05
1719745200071,1.25e-05
1719748800108,1.25e-05
1719752400107,1.25e-05
1719756000158,1.25e-05
1719759600065,1.25e-05
1719763200133,1.25e-05
1719766800095,1.25e-05
1719770400138,1.25e-05
1719774000001,1.25e-05
1719777600034,1.25e-05
1719781200104,1.25e-05
1719784800034,1.25e-05
1719788400072,1.25e-05
1719792000182,1.25e-05
1719795600104,1.25e-05
1719799200025,3.97106e-05
1719802800176,5.98985e-05
1719806400007,1.25e-05
1719810000130,1.25e-05
1719813600122,1.32686e-05
1719817200096,1.25e-05
1719820800094,1.25e-05
1719824400078,1.25e-05
1719828000061,1.25e-05
1719831600059,1.25e-05
1719835200031,1.25e-05
1719838800003,1.25e-05
1719842400042,1.25e-05
1719846000167,1.25e-05
1719849600025,1.25e-05
1719853200101,1.25e-05
1719856800010,1.25e-05
1719860400052,1.25e-05
1719864000069,1.25e-05
1719867600083,1.25e-05
1719871200143,1.25e-05
1719874800015,1.25e-05
1719878400121,1.25e-05
1719882000054,1.25e-05
1719885600057,1.25e-05
1719889200063,1.25e-05
1719892800065,1.25e-05
1719896400095,1.25e-05
1719900000000,1.25e-05
1719903600087,1.25e-05
1719907200087,1.25e-05
1719910800004,1.25e-05
1719914400035,1.25e-05
1719918000187,1.25e-05
1719921600031,1.25e-05
1719925200019,1.25e-05
1719928800016,1.25e-05
1719932400097,1.25e-05
1719936000073,1.25e-05
1719939600035,1.25e-05
1719943200080,1.25e-05
1719946800128,1.25e-05
1719950400067,1.25e-05
1719954000033,1.25e-05
1719957600027,1.25e-05
1719961200112,1.25e-05
1719964800015,4.31639e-05
1719968400099,2.69154e-05
1719972000099,2.16465e-05
1719975600390,1.38171e-05
1719979200095,1.25e-05
1719982800099,1.25e-05
1719986400102,1.25e-05
1719990000071,1.25e-05
1719993600101,1.25e-05
1719997200055,1.25e-05
1720000800160,1.25e-05
1720004400021,1.25e-05
1720008000071,1.25e-05
1720011600109,1.25e-05
1720015200040,1.25e-05
1720018800171,1.25e-05
1720022400049,1.25e-05
1720026000046,1.25e-05
1720029600088,1.25e-05
1720033200013,1.25e-05
1720036800048,1.25e-05
1720040400037,1.25e-05
1720044000127,1.25e-05
1720047600007,1.25e-05
1720051200083,1.25e-05
1720054800073,1.25e-05
1720058400077,1.25e-05
1720062000089,-4.32605e-05
1720065600152,-3.39728e-05
1720069200140,-3.5258e-05
1720072800093,-1.37678e-05
1720076400074,-2.10801e-05
1720080000078,-3.90821e-05
1720083600078,-1.99609e-05
1720087200026,-2.64377e-05
1720090800079,-2.86942e-05
1720094400120,-2.97547e-05
1720098000036,-3.64707e-05
1720101600080,-6.8197e-06
1720105200108,-3.55749e-05
1720108800131,-2.84451e-05
1720112400131,3.4417e-06
1720116000048,2.3374e-06
1720119600134,5.2529e-06
1720123200111,3.9593e-06
1720126800185,-2.1386e-06
1720130400071,-8.7801e-06
1720134000078,-7.3824e-06
1720137600124,7.604e-07
1720141200090,-1.67062e-05
1720144800041,-3.07695e-05
1720148400128,-2.66229e-05
1720152000000,1.25e-05
1720155600119,1.025e-05
1720159200143,-8.1447e-06
1720162800057,4.2878e-06
1720166400115,-1.7036e-06
1720170000120,1.25e-05
1720173600023,1.25e-05
1720177200128,1.25e-05
1720180800076,1.25e-05
1720184400025,1.25e-05
1720188000117,1.25e-05
1720191600059,1.25e-05
1720195200134,1.25e-05
1720198800154,1.25e-05
1720202400000,1.25e-05
1720206000026,1.25e-05
1720209600022,1.25e-05
1720213200035,1.25e-05
1720216800040,1.25e-05
1720220400093,1.25e-05
1720224000003,1.25e-05
1720227600087,1.25e-05
1720231200029,1.25e-05
1720234800004,1.25e-05
1720238400021,1.25e-05
1720242000047,1.25e-05
1720245600029,1.25e-05
1720249200103,1.25e-05
1720252800079,1.25e-05
1720256400001,1.25e-05
1720260000105,1.25e-05
1720263600031,1.25e-05
1720267200071,1.25e-05
1720270800025,1.25e-05
1720274400097,1.25e-05
1720278000102,1.25e-05
1720281600024,1.25e-05
1720285200012,1.25e-05
1720288800028,1.25e-05
1720292400121,1.25e-05
1720296000120,1.25e-05
1720299600072,1.25e-05
1720303200021,1.25e-05
1720306800074,-3.4575e-06
1720310400089,-3.2956e-06
1720314000103,1.25e-05
1720317600073,6.6647e-06
1720321200016,-1.11595e-05
1720324800153,-1.08842e-05
1720328400033,-1.8652e-05
1720332000018,-2.31246e-05
1720335600007,-2.83918e-05
1720339200089,-1.9847e-05
1720342800103,-5.0103e-06
1720346400116,-7.3339e-06
1720350000034,-1.50735e-05
1720353600047,-1.20975e-05
1720357200014,-1.0677e-05
1720360800019,1.25e-05
1720364400033,1.25e-05
1720368000055,1.25e-05
1720371600011,1.25e-05
1720375200127,1.25e-05
1720378800038,1.25e-05
1720382400013,1.25e-05
1720386000065,1.25e-05
1720389600092,1.25e-05
1720393200015,1.25e-05
1720396800008,1.25e-05
1720400400067,1.25e-05
1720404000004,1.25e-05
1720407600075,1.25e-05
1720411200100,1.25e-05
1720414800080,1.25e-05
1720418400040,1.25e-05
1720422000044,1.25e-05
1720425600036,1.25e-05
1720429200068,1.25e-05
1720432800033,1.25e-05
1720436400100,1.25e-05
1720440000041,1.25e-05
1720443600017,1.25e-05
1720447200049,1.25e-05
1720450800014,1.25e-05
1720454400014,1.25e-05
1720458000057,1.25e-05
1720461600051,1.25e-05
1720465200131,1.25e-05
1720468800073,1.25e-05
1720472400079,1.25e-05
1720476000039,1.25e-05
1720479600045,1.25e-05
1720483200119,1.25e-05
1720486800086,1.25e-05
1720490400008,1.25e-05
1720494000008,1.25e-05
1720497600059,1.25e-05
1720501200115,1.25e-05
1720504800005,1.25e-05
1720508400116,1.25e-05
1720512000110,1.25e-05
1720515600107,1.25e-05
1720519200148,1.25e-05
1720522800132,1.25e-05
1720526400050,1.25e-05
1720530000134,1.25e-05
1720533600002,1.25e-05
1720537200123,1.25e-05
1720540800091,1.25e-05
1720544400133,1.25e-05
1720548000140,1.25e-05
1720551600020,1.25e-05
1720555200081,1.25e-05
1720558800099,1.25e-05
1720562400122,1.25e-05
1720566000156,1.25e-05
1720569600110,1.25e-05
1720573200084,1.25e-05
1720576800076,1.25e-05
1720580400112,1.25e-05
1720584000108,1.25e-05
1720587600083,1.25e-05
1720591200098,1.25e-05
1720594800074,1.25e-05
1720598400144,1.25e-05
1720602000043,1.25e-05
1720605600017,1.25e-05
1720609200021,1.25e-05
1720612800119,1.25e-05
1720616400160,1.25e-05
1720620000010,1.25e-05
1720623600095,1.25e-05
1720627200098,1.25e-05
1720630800009,1.25e-05
1720634400057,1.25e-05
1720638000147,1.25e-05
1720641600044,1.25e-05
1720645200061,1.25e-05
1720648800086,1.25e-05
1720652400062,1.25e-05
1720656000125,1.25e-05
1720659600069,1.25e-05
1720663200125,1.25e-05
1720666800078,1.25e-05
1720670400097,1.25e-05
1720674000099,1.25e-05
1720677600106,1.25e-05
1720681200077,1.25e-05
1720684800112,1.25e-05
1720688400117,1.25e-05
1720692000125,1.25e-05
1720695600116,1.25e-05
1720699200081,1.25e-05
1720702800088,1.25e-05
1720706400001,1.25e-05
1720710000109,1.25e-05
1720713600053,1.25e-05
1720717200047,1.25e-05
1720720800125,1.25e-05
1720724400140,1.25e-05
1720728000075,1.25e-05
1720731600095,1.25e-05
1720735200144,8.3989e-06
1720738800105,1.19043e-05
1720742400136,1.25e-05
1720746000076,1.25e-05
1720749600103,1.25e-05
1720753200075,1.25e-05
1720756800004,1.25e-05
1720760400062,1.25e-05
1720764000138,1.25e-05
1720767600077,1.25e-05
1720771200073,1.25e-05
1720774800078,1.25e-05
1720778400058,1.25e-05
1720782000125,1.25e-05
1720785600147,1.25e-05
1720789200084,1.25e-05
1720792800042,1.25e-05
1720796400081,1.25e-05
1720800000026,1.25e-05
1720803600138,1.25e-05
1720807200017,1.25e-05
1720810800087,1.25e-05
1720814400000,1.25e-05
1720818000051,1.25e-05
1720821600089,1.20089e-05
1720825200028,9.3243e-06
1720828800131,9.41e-08
1720832400088,1.25e-05
1720836000091,1.25e-05
1720839600075,1.25e-05
1720843200054,1.25e-05
1720846800082,1.25e-05
1720850400083,1.25e-05
1720854000028,1.25e-05
1720857600021,1.25e-05
1720861200066,1.25e-05
1720864800082,1.25e-05
1720868400167,1.25e-05
1720872000116,1.25e-05
1720875600014,1.25e-05
1720879200027,1.25e-05
1720882800002,1.25e-05
1720886400119,1.25e-05
1720890000094,1.25e-05
1720893600126,1.25e-05
1720897200016,1.25e-05
1720900800039,1.25e-05
1720904400114,1.25e-05
1720908000113,1.25e-05
1720911600018,1.25e-05
1720915200082,1.25e-05
1720918800112,1.25e-05
1720922400109,1.41227e-05
1720926000152,1.25e-05
1720929600089,1.25e-05
1720933200121,1.25e-05
1720936800007,1.25e-05
1720940400104,1.25e-05
1720944000096,1.25e-05
1720947600096,1.25e-05
1720951200133,1.25e-05
1720954800034,1.25e-05
1720958400002,1.25e-05
1720962000022,1.25e-05
1720965600083,1.25e-05
1720969200138,1.25e-05
1720972800137,1.25e-05
1720976400086,1.25e-05
1720980000155,1.25e-05
1720983600087,1.25e-05
1720987200053,1.24316e-05
1720990800023,1.25e-05
1720994400004,1.25e-05
1720998000141,1.25e-05
1721001600043,1.25e-05
1721005200060,1.25e-05
1721008800099,1.25e-05
1721012400032,1.25e-05
1721016000118,1.25e-05
1721019600126,1.25e-05
1721023200103,1.25e-05
1721026800114,1.25e-05
1721030400052,1.25e-05
1721034000080,1.25e-05
1721037600139,1.25e-05
1721041200021,1.25e-05
1721044800077,1.25e-05
1721048400138,1.25e-05
1721052000161,1.25e-05
1721055600070,1.25e-05
1721059200062,1.25e-05
1721062800030,1.25e-05
1721066400074,1.25e-05
1721070000044,1.25e-05
1721073600148,1.25e-05
1721077200109,1.25e-05
1721080800089,1.42464e-05
1721084400107,1.44605e-05
1721088000005,1.80296e-05
1721091600080,1.25e-05
1721095200087,1.25e-05
1721098800114,1.25e-05
1721102400075,1.25e-05
1721106000080,1.25e-05
1721109600143,1.25e-05
1721113200098,1.25e-05
1721116800150,1.25e-05
1721120400120,1.25e-05
1721124000036,1.25e-05
1721127600090,1.25e-05
1721131200142,1.25e-05
1721134800142,1.25e-05
1721138400014,1.25e-05
1721142000149,1.25e-05
1721145600138,1.25e-05
1721149200095,2.23775e-05
1721152800148,4.12578e-05
1721156400153,4.83071e-05
1721160000007,5.22614e-05
1721163600001,1.65598e-05
1721167200134,1.25e-05
1721170800113,1.25e-05
1721174400156,1.25e-05
1721178000112,7.56355e-05
1721181600144,7.20882e-05
1721185200141,4.2814e-05
1721188800163,1.25e-05
1721192400134,1.73569e-05
1721196000108,7.52982e-05
1721199600010,3.27756e-05
1721203200168,2.841e-05
1721206800134,1.25e-05
1721210400150,5.24006e-05
1721214000058,5.02809e-05
1721217600061,3.43654e-05
1721221200035,2.04481e-05
1721224800144,2.79809e-05
1721228400017,2.65429e-05
1721232000182,2.0203e-05
1721235600114,1.25e-05
1721239200119,1.25e-05
1721242800023,1.25e-05
1721246400087,1.25e-05
1721250000147,1.25e-05
1721253600134,1.25e-05
1721257200064,1.25e-05
1721260800179,1.25e-05
1721264400033,1.25e-05
1721268000116,1.25e-05
1721271600019,1.25e-05
1721275200134,1.25e-05
1721278800144,1.25e-05
1721282400128,1.25e-05
1721286000073,1.25e-05
1721289600059,1.25e-05
1721293200150,1.25e-05
1721296800024,1.25e-05
1721300400067,1.25e-05
1721304000029,1.25e-05
1721307600083,1.25e-05
1721311200079,1.25e-05
1721314800075,1.25e-05
1721318400050,1.25e-05
1721322000081,1.25e-05
1721325600103,1.25e-05
1721329200161,1.25e-05
1721332800149,1.25e-05
1721336400015,1.25e-05
1721340000101,1.25e-05
1721343600091,1.25e-05
1721347200039,1.25e-05
1721350800104,1.25e-05
1721354400146,1.25e-05
1721358000113,1.25e-05
1721361600084,1.25e-05
1721365200086,1.25e-05
1721368800099,1.25e-05
1721372400149,1.25e-05
1721376000114,1.25e-05
1721379600100,1.25e-05
1721383200047,1.25e-05
1721386800141,1.25e-05
1721390400005,1.25e-05
1721394000035,1.25e-05
1721397600042,1.25e-05
1721401200151,1.25e-05
1721404800104,1.25e-05
1721408400161,1.25e-05
1721412000095,1.25e-05
1721415600087,1.25e-05
1721419200152,1.25e-05
1721422800131,1.25e-05
1721426400093,1.25e-05
1721430000025,1.25e-05
1721433600150,1.25e-05
1721437200099,1.25e-05
1721440800086,1.25e-05
1721444400002,1.25e-05
1721448000130,1.25e-05
1721451600097,1.25e-05
1721455200000,1.25e-05
1721458800082,1.25e-05
1721462400061,1.25e-05
1721466000059,1.25e-05
1721469600120,1.25e-05
1721473200026,1.25e-05
1721476800035,1.25e-05
1721480400085,1.25e-05
1721484000059,1.25e-05
1721487600119,1.25e-05
1721491200176,1.25e-05
1721494800134,3.73554e-05
1721498400118,2.82838e-05
1721502000061,1.37896e-05
1721505600101,1.25e-05
1721509200042,3.75352e-05
1721512800049,4.60535e-05
1721516400019,5.67566e-05
1721520000114,6.86278e-05
1721523600024,3.86867e-05
1721527200036,2.10233e-05
1721530800066,2.5923e-05
1721534400079,1.25e-05
1721538000094,1.25e-05
1721541600059,1.25e-05
1721545200179,1.31919e-05
1721548800188,1.25e-05
1721552400117,1.25e-05
1721556000139,1.25e-05
1721559600106,2.34663e-05
1721563200184,2.90897e-05
1721566800086,1.94553e-05
1721570400098,1.25e-05
1721574000156,1.25e-05
1721577600004,3.61382e-05
1721581200000,1.25e-05
1721584800152,1.34916e-05
1721588400124,1.25e-05
1721592000142,4.95401e-05
1721595600137,7.95845e-05
1721599200050,8.4516e-05
1721602800176,6.03432e-05
1721606400221,5.75427e-05
1721610000144,4.64984e-05
1721613600042,4.68005e-05
1721617200166,2.86079e-05
1721620800050,1.35869e-05
1721624400010,1.8012e-05
1721628000076,1.25e-05
1721631600003,1.25e-05
1721635200174,1.25e-05
1721638800042,1.25e-05
1721642400053,1.25e-05
1721646000169,1.25e-05
1721649600180,1.25e-05
1721653200221,3.05113e-05
1721656800131,3.67899e-05
1721660400207,1.25e-05
1721664000166,1.25e-05
1721667600147,2.69994e-05
1721671200032,2.64168e-05
1721674800102,5.87662e-05
1721678400240,5.25922e-05
1721682000048,6.16028e-05
1721685600151,1.84639e-05
1721689200136,1.25e-05
1721692800012,1.25e-05
1721696400061,1.25e-05
1721700000162,1.25e-05
1721703600026,1.25e-05
1721707200123,1.25e-05
1721710800107,1.25e-05
1721714400165,1.25e-05
1721718000164,1.25e-05
1721721600091,1.25e-05
1721725200058,1.25e-05
1721728800008,1.25e-05
1721732400184,1.25e-05
1721736000056,1.25e-05
1721739600073,1.25e-05
1721743200037,1.25e-05
1721746800036,1.25e-05
1721750400045,1.25e-05
1721754000084,1.25e-05
1721757600001,1.25e-05
1721761200059,1.25e-05
1721764800093,1.25e-05
1721768400069,1.25e-05
1721772000067,2.32922e-05
1721775600149,2.53336e-05
1721779200121,1.34726e-05
1721782800017,1.25e-05
1721786400031,1.25e-05
1721790000067,1.25e-05
1721793600066,1.25e-05
1721797200071,1.25e-05
1721800800108,1.40143e-05
1721804400119,1.25e-05
1721808000035,1.25e-05
1721811600075,1.25e-05
1721815200101,1.25e-05
1721818800096,1.28322e-05
1721822400135,2.66627e-05
1721826000092,2.34197e-05
1721829600085,1.97109e-05
1721833200172,1.25e-05
1721836800096,1.25e-05
1721840400016,1.25e-05
1721844000052,2.76424e-05
1721847600093,2.58076e-05
1721851200039,1.25e-05
1721854800080,1.25e-05
1721858400111,1.25e-05
1721862000152,1.25e-05
1721865600023,1.25e-05
1721869200138,1.25e-05
1721872800048,1.25e-05
1721876400239,1.25e-05
1721880000143,1.25e-05
1721883600125,1.25e-05
1721887200036,1.25e-05
1721890800008,1.25e-05
1721894400144,1.25e-05
1721898000148,1.25e-05
1721901600142,1.25e-05
1721905200093,1.25e-05
1721908800109,1.25e-05
1721912400098,1.25e-05
1721916000132,1.25e-05
1721919600138,1.25e-05
1721923200042,1.25e-05
1721926800042,1.25e-05
1721930400062,1.25e-05
1721934000012,1.25e-05
1721937600151,1.25e-05
1721941200096,1.25e-05
1721944800112,1.25e-05
1721948400001,1.25e-05
1721952000097,1.25e-05
1721955600136,1.25e-05
1721959200080,1.25e-05
1721962800096,1.25e-05
1721966400138,1.25e-05
1721970000137,1.25e-05
1721973600026,1.25e-05
1721977200134,1.25e-05
1721980800175,1.25e-05
1721984400055,1.25e-05
1721988000108,1.25e-05
1721991600113,3.04678e-05
1721995200155,2.72874e-05
1721998800099,2.39315e-05
1722002400071,1.31552e-05
1722006000133,1.73539e-05
1722009600147,1.25e-05
1722013200010,1.25e-05
1722016800158,1.25e-05
1722020400037,1.25e-05
1722024000122,1.25e-05
1722027600119,1.25e-05
1722031200154,1.25e-05
1722034800136,1.82827e-05
1722038400097,1.25e-05
1722042000158,1.25e-05
1722045600144,1.25e-05
1722049200134,1.25e-05
1722052800129,1.25e-05
1722056400138,1.25e-05
1722060000140,1.25e-05
1722063600003,1.25e-05
1722067200031,1.25e-05
1722070800138,1.25e-05
1722074400144,1.25e-05
1722078000052,1.25e-05
1722081600092,1.25e-05
1722085200096,1.96574e-05
1722088800015,3.74548e-05
1722092400146,1.25e-05
1722096000089,1.25e-05
1722099600084,1.25e-05
1722103200116,1.25e-05
1722106800044,1.25e-05
1722110400041,1.25e-05
1722114000142,1.25e-05
1722117600023,-7.5939e-06
1722121200144,7.4723e-06
1722124800037,-1.0329e-06
1722128400068,-1.42977e-05
1722132000138,-1.85165e-05
1722135600139,-3.0338e-05
1722139200134,-2.60362e-05
1722142800001,-3.9142e-05
1722146400186,-2.061e-05
1722150000091,-9.4937e-06
1722153600129,4.4665e-06
1722157200136,1.25e-05
1722160800135,1.25e-05
1722164400116,1.25e-05
1722168000052,1.25e-05
1722171600205,1.25e-05
1722175200102,1.25e-05
1722178800121,1.25e-05
1722182400086,5.0769e-06
1722186000147,1.0218e-05
1722189600035,1.25e-05
1722193200083,1.25e-05
1722196800106,1.25e-05
1722200400014,1.25e-05
1722204000077,1.25e-05
1722207600121,1.25e-05
1722211200040,1.25e-05
1722214800082,1.25e-05
1722218400005,1.25e-05
1722222000107,1.25e-05
1722225600169,1.25e-05
1722229200015,1.25e-05
1722232800133,1.25e-05
1722236400089,1.25e-05
1722240000119,1.25e-05
1722243600128,1.92364e-05
1722247200150,2.97354e-05
1722250800014,2.32802e-05
1722254400132,1.70459e-05
1722258000125,1.25e-05
1722261600038,1.25e-05
1722265200088,1.25e-05
1722268800040,1.25e-05
1722272400049,1.25e-05
1722276000028,1.25e-05
1722279600064,1.25e-05
1722283200108,1.25e-05
1722286800048,1.25e-05
1722290400037,1.25e-05
1722294000106,1.25e-05
1722297600046,1.25e-05
1722301200089,1.25e-05
1722304800157,1.25e-05
1722308400087,1.25e-05
1722312000078,1.25e-05
1722315600000,1.25e-05
1722319200047,1.25e-05
1722322800112,1.25e-05
1722326400122,1.25e-05
1722330000129,1.25e-05
1722333600057,1.25e-05
1722337200064,1.25e-05
1722340800173,1.25e-05
1722344400038,1.25e-05
1722348000020,1.25e-05
1722351600116,1.25e-05
1722355200093,1.25e-05
1722358800114,1.25e-05
1722362400104,1.25e-05
1722366000001,1.25e-05
1722369600069,1.25e-05
1722373200030,1.25e-05
1722376800091,1.25e-05
1722380400094,1.25e-05
1722384000072,1.25e-05
1722387600060,1.25e-05
1722391200067,1.25e-05
1722394800085,1.25e-05
1722398400060,1.25e-05
1722402000066,1.25e-05
1722405600039,1.25e-05
1722409200082,1.25e-05
1722412800120,1.25e-05
1722416400106,1.25e-05
1722420000013,1.25e-05
1722423600012,1.25e-05
1722427200094,1.25e-05
1722430800079,1.25e-05
1722434400151,1.25e-05
1722438000125,1.25e-05
1722441600087,1.25e-05
1722445200089,1.25e-05
1722448800050,1.25e-05
1722452400082,1.25e-05
1722456000086,1.25e-05
1722459600157,1.25e-05
1722463200067,1.25e-05
1722466800089,1.25e-05
1722470400097,1.25e-05
1722474000090,1.25e-05
1722477600123,1.25e-05
1722481200015,1.25e-05
1722484800003,1.25e-05
1722488400098,1.25e-05
1722492000025,1.25e-05
1722495600151,1.25e-05
1722499200157,1.25e-05
1722502800093,1.25e-05
1722506400000,1.25e-05
1722510000139,1.25e-05
1722513600091,1.25e-05
1722517200078,1.25e-05
1722520800145,1.25e-05
1722524400088,1.25e-05
1722528000024,1.25e-05
1722531600088,1.25e-05
1722535200092,1.25e-05
1722538800114,1.25e-05
1722542400120,1.25e-05
1722546000096,1.25e-05
1722549600087,1.25e-05
1722553200128,1.25e-05
1722556800006,1.25e-05
1722560400116,1.25e-05
1722564000146,1.25e-05
1722567600013,1.25e-05
1722571200119,1.25e-05
1722574800147,1.25e-05
1722578400160,1.25e-05
1722582000054,1.25e-05
1722585600113,1.25e-05
1722589200135,1.25e-05
1722592800136,1.25e-05
1722596400046,1.25e-05
1722600000147,1.25e-05
1722603600044,1.25e-05
1722607200012,1.25e-05
1722610800144,1.25e-05
1722614400149,1.25e-05
1722618000126,1.25e-05
1722621600003,1.25e-05
1722625200027,1.25e-05
1722628800120,1.25e-05
1722632400150,1.25e-05
1722636000079,1.25e-05
1722639600130,1.25e-05
1722643200032,1.25e-05
1722646800093,1.25e-05
1722650400135,1.25e-05
1722654000124,1.25e-05
1722657600030,1.25e-05
1722661200095,1.25e-05
1722664800147,1.25e-05
1722668400139,1.25e-05
1722672000093,1.25e-05
1722675600094,1.25e-05
1722679200099,1.25e-05
1722682800115,1.25e-05
1722686400044,1.25e-05
1722690000141,1.25e-05
1722693600124,1.25e-05
1722697200154,1.25e-05
1722700800008,1.25e-05
1722704400121,1.25e-05
1722708000078,1.25e-05
1722711600179,1.25e-05
1722715200167,1.25e-05
1722718800144,1.25e-05
1722722400032,1.25e-05
1722726000126,1.25e-05
1722729600023,1.25e-05
1722733200120,1.25e-05
1722736800123,1.25e-05
1722740400088,1.25e-05
1722744000122,1.25e-05
1722747600166,1.25e-05
1722751200023,1.25e-05
1722754800105,1.25e-05
1722758400067,1.25e-05
1722762000126,1.25e-05
1722765600033,1.25e-05
1722769200126,1.25e-05
1722772800126,1.25e-05
1722776400126,1.25e-05
1722780000033,1.25e-05
1722783600129,1.25e-05
1722787200046,1.25e-05
1722790800119,1.25e-05
1722794400024,1.25e-05
1722798000002,1.25e-05
1722801600193,1.25e-05
1722805200121,1.25e-05
1722808800137,1.25e-05
1722812400089,1.25e-05
1722816000097,1.25e-05
1722819600110,1.25e-05
1722823200075,-4.34821e-05
1722826800027,-3.7358e-06
1722830400027,-2.9404e-06
1722834000013,-3.2344e-06
1722837600140,-9.8165e-06
1722841200166,-1.26025e-05
1722844800034,-1.77852e-05
1722848400118,1.25e-05
1722852000042,9.3662e-06
1722855600154,1.25e-05
1722859200100,8.7773e-06
1722862800049,1.25e-05
1722866400151,1.25e-05
1722870000160,6.0766e-06
1722873600149,-1.9056e-06
1722877200064,1.25e-05
1722880800033,1.1074e-05
1722884400110,1.25e-05
1722888000175,1.25e-05
1722891600049,2.7636e-06
1722895200192,-1.26173e-05
1722898800031,-1.43301e-05
1722902400125,4.5591e-06
1722906000021,1.25e-05
1722909600037,1.23412e-05
1722913200039,2.811e-07
1722916800114,3.7631e-06
1722920400031,1.25e-05
1722924000127,5.702e-06
1722927600166,-2.0266e-06
1722931200131,-1.07999e-05
1722934800039,1.25e-05
1722938400041,1.25e-05
1722942000031,1.25e-05
1722945600068,1.25e-05
1722949200034,1.12182e-05
1722952800146,1.0242e-05
1722956400015,1.5123e-06
1722960000079,6.0377e-06
1722963600072,3.5088e-06
1722967200082,1.0185e-05
1722970800120,3.5026e-06
1722974400131,1.02527e-05
1722978000104,-9.8004e-06
1722981600114,1.13051e-05
1722985200141,1.25e-05
1722988800149,-8.4164e-06
1722992400122,6.7297e-06
1722996000007,1.25e-05
1722999600146,1.25e-05
1723003200151,1.25e-05
1723006800052,-1.0428e-06
1723010400154,5.685e-06
1723014000173,7.25e-07
1723017600092,4.2163e-06
1723021200092,1.25e-05
1723024800185,1.25e-05
1723028400194,6.3225e-06
1723032000096,1.02415e-05
1723035600105,4.0303e-06
1723039200131,1.25e-05
1723042800181,7.3142e-06
1723046400109,1.25e-05
1723050000101,1.25e-05
1723053600129,1.25e-05
1723057200110,1.25e-05
1723060800209,1.25e-05
1723064400186,1.25e-05
1723068000088,1.25e-05
1723071600138,1.25e-05
1723075200026,8.2359e-06
1723078800023,8.2038e-06
1723082400068,2.6338e-06
1723086000012,6.5498e-06
1723089600121,1.25e-05
1723093200100,1.25e-05
1723096800060,4.9872e-06
1723100400095,1.25e-05
1723104000029,1.25e-05
1723107600003,1.25e-05
1723111200166,1.25e-05
1723114800137,1.25e-05
1723118400192,1.04696e-05
1723122000106,1.25e-05
1723125600153,1.25e-05
1723129200018,1.25e-05
1723132800107,1.25e-05
1723136400095,1.25e-05
1723140000083,1.25e-05
1723143600170,1.25e-05
1723147200093,1.25e-05
1723150800108,1.25e-05
1723154400163,4.4188e-06
1723158000100,1.25e-05
1723161600115,1.25e-05
1723165200158,1.25e-05
1723168800197,1.25e-05
1723172400156,3.0724e-06
1723176000170,-5.4066e-06
1723179600001,6.73e-08
1723183200131,2.9194e-06
1723186800195,-9.6308e-06
1723190400005,-2.9043e-06
1723194000109,9.8002e-06
1723197600108,1.25e-05
1723201200104,9.9062e-06
1723204800085,1.1792e-06
1723208400100,-2.5801e-06
1723212000163,-2.274e-07
1723215600035,-6.2558e-06
1723219200043,-8.1257e-06
1723222800057,-3.4056e-06
1723226400076,2.7574e-06
1723230000079,-1.91446e-05
1723233600002,-2.33215e-05
1723237200049,-2.92977e-05
1723240800059,-2.66974e-05
1723244400045,-4.5612e-06
1723248000005,-4.2113e-06
1723251600028,1.25e-05
1723255200005,1.8428e-06
1723258800126,8.401e-07
1723262400097,3.8764e-06
1723266000035,4.034e-06
1723269600106,-9.97e-07
1723273200153,-1.15359e-05
1723276800071,-1.3996e-06
1723280400090,1.25e-05
1723284000003,8.2893e-06
1723287600051,1.01711e-05
1723291200017,1.25e-05
1723294800075,1.25e-05
1723298400044,6.0236e-06
1723302000043,-5.6722e-06
1723305600060,3.5001e-06
1723309200115,1.25e-05
1723312800155,1.25e-05
1723316400075,1.25e-05
1723320000068,5.9037e-06
1723323600138,1.25e-05
1723327200056,1.25e-05
1723330800124,1.25e-05
1723334400011,1.25e-05
1723338000013,1.25e-05
1723341600009,1.25e-05
1723345200075,1.25e-05
1723348800143,1.25e-05
1723352400017,1.25e-05
1723356000084,1.25e-05
1723359600112,1.25e-05
1723363200075,1.25e-05
1723366800055,1.25e-05
1723370400109,1.25e-05
1723374000021,1.25e-05
1723377600075,1.25e-05
1723381200155,1.25e-05
1723384800068,1.25e-05
1723388400049,1.25e-05
1723392000001,1.25e-05
1723395600011,1.25e-05
1723399200200,1.25e-05
1723402800142,1.25e-05
1723406400061,1.25e-05
1723410000034,1.25e-05
1723413600091,1.25e-05
1723417200064,1.25e-05
1723420800022,1.25e-05
1723424400028,1.25e-05
1723428000097,1.25e-05
1723431600059,1.25e-05
1723435200015,1.25e-05
1723438800011,1.25e-05
1723442400016,1.25e-05
1723446000031,1.25e-05
1723449600042,1.25e-05
1723453200197,1.25e-05
1723456800000,1.25e-05
1723460400120,1.25e-05
1723464000075,1.25e-05
1723467600044,1.25e-05
1723471200126,1.25e-05
1723474800046,1.25e-05
1723478400009,1.25e-05
1723482000032,1.25e-05
1723485600154,1.25e-05
1723489200006,1.25e-05
1723492800127,1.25e-05
1723496400104,1.25e-05
1723500000020,1.25e-05
1723503600045,1.25e-05
1723507200057,1.25e-05
1723510800043,1.25e-05
1723514400015,1.25e-05
1723518000121,1.25e-05
1723521600126,-1.8024e-06
1723525200036,-6.7211e-06
1723528800044,-7.4413e-06
1723532400166,-1.5195e-06
1723536000050,-1.18308e-05
1723539600001,5.36e-08
1723543200020,-7.747e-07
1723546800111,4.283e-06
1723550400113,-1.7456e-06
1723554000078,-2.2585e-06
1723557600015,-7.518e-07
1723561200054,6.496e-06
1723564800076,1.25e-05
1723568400020,7.4776e-06
1723572000046,1.25e-05
1723575600091,-2.2217e-06
1723579200014,-1.80899e-05
1723582800042,5.3063e-06
1723586400118,-1.5164e-06
1723590000047,1.481e-07
1723593600037,-8.8207e-06
1723597200016,1.25e-05
1723600800137,1.25e-05
1723604400016,1.25e-05
1723608000185,1.25e-05
1723611600054,1.25e-05
1723615200021,7.4266e-06
1723618800100,8.7287e-06
1723622400153,6.0744e-06
1723626000170,1.12907e-05
1723629600026,3.55e-08
1723633200049,-4.084e-07
1723636800074,-8.7519e-06
1723640400098,-2.1725e-06
1723644000032,6.7e-07
1723647600047,-4.8728e-06
1723651200020,7.9864e-06
1723654800059,1.0391e-05
1723658400050,1.25e-05
1723662000082,5.6712e-06
1723665600117,1.25e-05
1723669200090,1.13724e-05
1723672800120,1.25e-05
1723676400082,9.7484e-06
1723680000018,2.5615e-06
1723683600165,1.25e-05
1723687200057,4.2586e-06
1723690800089,1.25e-05
1723694400095,1.25e-05
1723698000117,1.25e-05
1723701600104,1.25e-05
1723705200103,1.25e-05
1723708800015,1.25e-05
1723712400067,1.25e-05
1723716000058,1.25e-05
1723719600003,1.25e-05
1723723200001,1.07933e-05
1723730400074,8.396e-06
1723734000060,1.25e-05
1723737600126,1.25e-05
1723741200052,1.25e-05
1723744800071,1.25e-05
1723748400055,-2.88698e-05
1723752000115,-3.3039e-05
1723755600042,-1.84396e-05
1723759200063,-2.26636e-05
1723762800035,-2.5048e-05
1723766400016,-2.28634e-05
1723770000075,2.091e-06
1723773600013,4.6561e-06
1723777200050,8.8988e-06
1723780800117,1.25e-05
1723784400010,8.924e-07
1723788000071,4.5004e-06
1723791600075,-6.828e-07
1723795200021,-1.9558e-06
1723798800032,8.9801e-06
1723802400018,9.402e-06
1723806000015,1.25e-05
1723809600024,1.25e-05
1723813200035,1.25e-05
1723816800013,1.25e-05
1723820400056,3.2982e-06
1723824000077,2.6002e-06
1723827600009,1.25e-05
1723831200048,1.25e-05
1723834800162,1.25e-05
1723838400047,1.25e-05
1723842000084,1.25e-05
1723845600014,1.25e-05
1723849200144,1.15855e-05
1723852800143,8.8599e-06
1723856400097,1.25e-05
1723860000098,7.961e-06
1723863600051,1.10086e-05
1723867200111,2.8642e-06
1723870800079,6.7686e-06
1723874400049,1.25e-05
1723878000001,2.7953e-06
1723881600005,3.4664e-06
1723885200015,1.25e-05
1723888800064,1.25e-05
1723892400073,1.25e-05
1723896000025,1.25e-05
1723899600040,1.25e-05
1723903200037,7.5525e-06
1723906800001,9.5901e-06
1723910400012,1.25e-05
1723914000049,1.25e-05
1723917600019,1.25e-05
1723921200022,1.25e-05
1723924800081,1.25e-05
1723928400078,1.25e-05
1723932000118,1.25e-05
1723935600040,1.25e-05
1723939200002,1.25e-05
1723942800095,1.25e-05
1723946400038,1.25e-05
1723950000004,1.25e-05
1723953600002,1.25e-05
1723957200146,1.25e-05
1723960800068,1.25e-05
1723964400009,1.25e-05
1723968000061,1.25e-05
1723971600176,1.25e-05
1723975200024,1.25e-05
1723978800154,1.25e-05
1723982400065,1.25e-05
1723986000010,1.03e-05
1723989600021,1.25e-05
1723993200025,1.25e-05
1723996800024,6.8046e-06
1724000400082,1.25e-05
1724004000049,1.25e-05
1724007600072,1.25e-05
1724011200164,1.25e-05
1724014800044,1.25e-05
1724018400156,1.25e-05
1724022000043,7.4641e-06
1724025600078,7.142e-06
1724029200072,7.5426e-06
1724032800068,4.6525e-06
1724036400041,6.4598e-06
1724040000080,8.6117e-06
1724043600127,5.81e-06
1724047200068,1.03382e-05
1724050800122,3.1486e-06
1724054400097,-1.29447e-05
1724058000096,2.2929e-06
1724061600062,8.7357e-06
1724065200118,1.12732e-05
1724068800084,1.25e-05
1724072400028,1.25e-05
1724076000059,1.25e-05
1724079600000,1.18243e-05
1724083200111,1.15302e-05
1724086800022,1.25e-05
1724090400011,1.25e-05
1724094000051,1.25e-05
1724097600083,1.25e-05
1724101200028,1.25e-05
1724104800004,1.2014e-05
1724108400090,1.25e-05
1724112000000,1.25e-05
1724115600052,1.25e-05
1724119200000,1.25e-05
1724122800097,1.25e-05
1724126400022,1.25e-05
1724130000005,1.25e-05
1724133600128,1.25e-05
1724137200043,1.25e-05
1724140800070,1.25e-05
1724144400110,1.25e-05
1724148000050,1.25e-05
1724151600100,1.25e-05
1724155200112,1.25e-05
1724158800042,1.25e-05
1724162400107,1.25e-05
1724166000042,4.7241e-06
1724169600064,-4.8109e-06
1724173200093,3.4971e-06
1724176800056,1.25e-05
1724180400006,1.25e-05
1724184000047,1.25e-05
1724187600121,1.25e-05
1724191200045,1.25e-05
1724194800027,1.25e-05
1724198400014,1.25e-05
1724202000067,1.25e-05
1724205600017,1.25e-05
1724209200009,1.25e-05
1724212800073,1.25e-05
1724216400008,2.5559e-06
1724220000041,2.5256e-06
1724223600058,4.6853e-06
1724227200044,1.25e-05
1724230800077,1.25e-05
1724234400069,1.25e-05
1724238000075,1.25e-05
1724241600043,1.25e-05
1724245200024,1.10099e-05
1724248800002,7.9234e-06
1724252400089,1.25e-05
1724256000074,5.8018e-06
1724259600053,1.25e-05
1724263200078,1.25e-05
1724266800051,1.25e-05
1724270400038,1.25e-05
1724274000115,1.25e-05
1724277600088,1.25e-05
1724281200053,1.25e-05
1724284800046,1.25e-05
1724288400156,1.25e-05
1724292000028,1.25e-05
1724295600001,1.25e-05
1724299200038,1.25e-05
1724302800095,1.25e-05
1724306400150,1.25e-05
1724310000126,1.25e-05
1724313600031,1.25e-05
1724317200149,1.25e-05
1724320800136,1.25e-05
1724324400100,1.25e-05
1724328000060,1.25e-05
1724331600097,1.25e-05
1724335200099,1.25e-05
1724338800071,1.25e-05
1724342400068,1.25e-05
1724346000148,1.25e-05
1724349600142,1.25e-05
1724353200002,1.25e-05
1724356800125,1.25e-05
1724360400087,1.25e-05
1724364000100,1.25e-05
1724367600125,1.25e-05
1724371200181,1.25e-05
1724374800188,1.25e-05
1724378400129,1.25e-05
1724382000067,1.25e-05
1724385600088,1.25e-05
1724389200028,1.25e-05
1724392800094,1.25e-05
1724396400047,1.25e-05
1724400000065,1.25e-05
1724403600105,1.25e-05
1724407200097,1.25e-05
1724410800096,1.25e-05
1724414400153,1.25e-05
1724418000031,1.25e-05
1724421600016,1.25e-05
1724425200122,1.25e-05
1724428800021,1.25e-05
1724432400112,1.25e-05
1724436000032,1.25e-05
1724439600062,1.25e-05
1724443200090,1.25e-05
1724446800096,1.25e-05
1724450400083,1.25e-05
1724454000066,1.25e-05
1724457600034,1.25e-05
1724461200027,1.25e-05
1724464800026,1.25e-05
1724468400105,1.25e-05
1724472000084,1.25e-05
1724475600015,1.25e-05
1724479200158,1.25e-05
1724482800113,1.25e-05
1724486400164,1.25e-05
1724490000090,1.25e-05
1724493600121,1.25e-05
1724497200032,1.25e-05
1724500800017,1.25e-05
1724504400113,1.25e-05
1724508000023,1.25e-05
1724511600075,1.25e-05
1724515200001,1.25e-05
1724518800037,1.25e-05
1724522400126,1.25e-05
1724526000054,1.25e-05
1724529600008,1.25e-05
1724533200017,1.25e-05
1724536800020,1.25e-05
1724540400030,1.25e-05
1724544000129,1.25e-05
1724547600124,1.25e-05
1724551200104,1.25e-05
1724554800048,1.25e-05
1724558400093,1.25e-05
1724562000102,1.25e-05
1724565600022,1.25e-05
1724569200056,1.25e-05
1724572800052,1.25e-05
1724576400148,1.25e-05
1724580000003,1.25e-05
1724583600113,1.25e-05
1724587200069,1.25e-05
1724590800044,1.25e-05
1724594400043,1.25e-05
1724598000109,1.25e-05
1724601600045,1.25e-05
1724605200050,1.25e-05
1724608800081,1.25e-05
1724612400136,1.25e-05
1724616000140,1.25e-05
1724619600155,1.25e-05
1724623200017,1.25e-05
1724626800131,1.25e-05
1724630400111,1.25e-05
1724634000096,1.25e-05
1724637600104,1.25e-05
1724641200129,1.25e-05
1724644800042,1.25e-05
1724648400167,1.25e-05
1724652000150,1.25e-05
1724655600092,1.25e-05
1724659200050,1.25e-05
1724662800152,1.25e-05
1724666400000,1.25e-05
1724670000147,1.25e-05
1724673600158,1.25e-05
1724677200107,1.25e-05
1724680800045,1.25e-05
1724684400029,1.25e-05
1724688000075,1.25e-05
1724691600066,1.25e-05
1724695200012,1.25e-05
1724698800031,1.02428e-05
1724702400139,8.7836e-06
1724706000027,1.25e-05
1724709600007,1.22301e-05
1724713200149,1.23227e-05
1724716800114,1.12029e-05
1724720400049,1.25e-05
1724724000037,1.25e-05
1724727600006,1.25e-05
1724731200018,1.25e-05
1724734800145,1.25e-05
1724738400108,1.25e-05
1724742000034,1.25e-05
1724745600057,1.25e-05
1724749200019,1.25e-05
1724752800019,1.25e-05
1724756400029,1.25e-05
1724760000036,1.25e-05
1724763600010,1.25e-05
1724767200086,1.25e-05
1724770800060,1.25e-05
1724774400135,1.25e-05
1724778000004,1.25e-05
1724781600018,1.25e-05
1724785200058,1.25e-05
1724788800021,1.25e-05
1724792400110,1.25e-05
1724796000090,5.6904e-06
1724799600171,-6.4531e-06
1724803200029,-1.89325e-05
1724806800087,9.4438e-06
1724810400131,5.4865e-06
1724814000075,7.493e-07
1724817600015,1.25e-05
1724821200057,1.25e-05
1724824800057,1.25e-05
1724828400050,1.25e-05
1724832000133,1.25e-05
1724835600020,1.25e-05
1724839200143,1.25e-05
1724842800048,1.25e-05
1724846400001,1.25e-05
1724850000128,1.25e-05
1724853600030,1.25e-05
1724857200144,1.25e-05
1724860800083,1.25e-05
1724864400037,1.25e-05
1724868000046,1.25e-05
1724871600142,1.25e-05
1724875200008,1.25e-05
1724878800097,1.25e-05
1724882400098,1.15673e-05
1724886000089,1.945e-07
1724889600100,-1.02381e-05
1724893200131,5.4253e-06
1724896800320,1.03813e-05
1724900400019,9.7587e-06
1724904000082,9.8372e-06
1724907600129,1.25e-05
1724911200057,6.9719e-06
1724914800027,-1.7744e-06
1724918400011,1.25e-05
1724922000143,1.25e-05
1724925600103,1.25e-05
1724929200083,1.25e-05
1724932800001,1.25e-05
1724936400104,1.25e-05
1724940000110,1.25e-05
1724943600108,1.25e-05
1724947200018,1.25e-05
1724950800048,1.25e-05
1724954400011,1.25e-05
1724958000143,1.25e-05
1724961600126,1.25e-05
1724965200020,1.25e-05
1724968800044,1.25e-05
1724972400095,1.25e-05
1724976000118,1.1071e-05
1724979600098,7.726e-06
1724983200041,1.08487e-05
1724986800073,1.18403e-05
1724990400015,1.20003e-05
1724994000043,1.25e-05
1724997600021,1.25e-05
1725001200147,1.25e-05
1725004800108,1.25e-05
1725008400018,1.25e-05
1725012000031,-2.4475e-06
1725015600002,3.5315e-06
1725019200022,1.13848e-05
1725022800004,1.24754e-05
1725026400099,1.25e-05
1725030000076,1.25e-05
1725033600042,9.5011e-06
1725037200040,-1.09098e-05
1725040800143,-7.8684e-06
1725044400022,1.10245e-05
1725048000097,1.25e-05
1725051600016,1.25e-05
1725055200050,1.25e-05
1725058800142,1.25e-05
1725062400023,1.25e-05
1725066000171,1.25e-05
1725069600011,1.25e-05
1725073200067,1.25e-05
1725076800109,7.6332e-06
1725080400048,5.2137e-06
1725084000104,1.3767e-06
1725087600024,-1.4382e-06
1725091200049,-1.3607e-06
1725094800039,1.25e-05
1725098400067,1.25e-05
1725102000096,1.25e-05
1725105600048,1.25e-05
1725109200031,1.25e-05
1725112800003,1.25e-05
1725116400033,1.25e-05
1725120000094,1.25e-05
1725123600095,1.25e-05
1725127200041,1.25e-05
1725130800044,1.25e-05
1725134400119,1.25e-05
1725138000125,1.25e-05
1725141600161,1.25e-05
1725145200038,1.25e-05
1725148800068,1.25e-05
1725152400097,1.25e-05
1725156000129,1.25e-05
1725159600131,1.25e-05
1725163200135,1.25e-05
1725166800018,1.25e-05
1725170400030,1.25e-05
1725174000057,3.0766e-06
1725177600045,4.7263e-06
1725181200006,1.25e-05
1725184800090,1.25e-05
1725188400015,1.25e-05
1725192000062,-6.8887e-06
1725195600008,1.06199e-05
1725199200031,6.796e-07
1725202800074,-3.6129e-06
1725206400007,4.653e-07
1725210000121,1.25e-05
1725213600087,8.9269e-06
1725217200076,1.25e-05
1725220800043,1.25e-05
1725224400012,1.25e-05
1725228000076,7.1058e-06
1725231600000,-2.98846e-05
1725235200096,-3.3165e-05
1725238800094,-1.19246e-05
1725242400063,-7.912e-06
1725246000069,-6.7128e-06
1725249600022,1.2447e-06
1725253200006,2.3319e-06
1725256800087,7.005e-07
1725260400041,1.6533e-06
1725264000042,1.25e-05
1725267600052,1.25e-05
1725271200033,1.25e-05
1725274800102,1.25e-05
1725278400047,1.25e-05
1725282000024,1.25e-05
1725285600110,1.25e-05
1725289200097,1.25e-05
1725292800035,1.25e-05
1725296400042,1.25e-05
1725300000054,1.22437e-05
1725303600158,2.5901e-06
1725307200017,1.15784e-05
1725310800148,7.339e-06
1725314400048,-2.8422e-06
1725318000033,-1.27077e-05
1725321600145,-1.24658e-05
1725325200025,8.8029e-06
1725328800066,1.0775e-05
1725332400098,1.25e-05
1725336000052,1.25e-05
1725339600076,1.25e-05
1725343200070,4.094e-07
1725346800003,3.4291e-06
1725350400051,5.166e-07
1725354000137,1.25e-05
1725357600021,1.25e-05
1725361200005,7.2021e-06
1725364800058,1.25e-05
1725368400151,1.25e-05
1725372000015,1.25e-05
1725375600019,1.25e-05
1725379200040,1.01256e-05
1725382800114,4.9149e-06
1725386400062,1.20748e-05
1725390000111,1.25e-05
1725393600112,9.1863e-06
1725397200044,1.25e-05
1725400800006,1.1621e-05
1725404400061,5.3357e-06
1725408000074,1.03525e-05
1725411600097,1.24913e-05
1725415200149,-8.809e-06
1725418800112,-2.1889e-06
1725422400017,-8.27e-06
1725426000128,-1.0646e-06
1725429600133,-2.9687e-06
1725433200156,-1.99356e-05
1725436800140,-1.66611e-05
1725440400074,-4.5247e-06
1725444000050,-4.3178e-06
1725447600177,4.6176e-06
1725451200105,4.2316e-06
1725454800068,6.0322e-06
1725458400034,-6.4208e-06
1725462000005,-1.65605e-05
1725465600143,-2.9509e-05
1725469200028,7.634e-06
1725472800096,1.25e-05
1725476400030,1.25e-05
1725480000101,1.25e-05
1725483600010,1.25e-05
1725487200035,8.8244e-06
1725490800059,1.25e-05
1725494400164,1.25e-05
1725498000151,1.25e-05
1725501600179,1.25e-05
1725505200168,6.9894e-06
1725508800109,-2.15e-08
1725512400021,-1.71862e-05
1725516000130,-1.2071e-05
1725519600007,-2.2142e-06
1725523200054,4.0233e-06
1725526800156,1.25e-05
1725530400084,1.25e-05
1725534000150,1.25e-05
1725537600030,1.25e-05
1725541200033,1.25e-05
1725544800159,1.20809e-05
1725548400071,1.02531e-05
1725552000157,-8.6475e-06
1725555600000,-7.3511e-06
1725559200017,6.1952e-06
1725562800035,1.25e-05
1725566400010,8.0865e-06
1725570000137,-1.6429e-06
1725573600040,6.4339e-06
1725577200149,1.25e-05
1725580800018,1.25e-05
1725584400028,1.25e-05
1725588000065,1.25e-05
1725591600046,1.25e-05
1725595200025,1.25e-05
1725598800078,1.25e-05
1725602400120,1.25e-05
1725606000003,1.1514e-06
1725609600106,4.0704e-06
1725613200137,3.7761e-06
1725616800030,6.6049e-06
1725620400063,3.7387e-06
1725624000036,4.8643e-06
1725627600072,3.8973e-06
1725631200051,1.25e-05
1725634800007,-1.07822e-05
1725638400143,-1.48753e-05
1725642000096,1.12255e-05
1725645600132,1.25e-05
1725649200058,-6.449e-07
1725652800012,-6.048e-07
1725656400144,2.7612e-06
1725660000146,-1.10163e-05
1725663600157,-1.85002e-05
1725667200057,-2.27618e-05
1725670800057,4.1339e-06
1725674400147,1.06773e-05
1725678000036,1.17296e-05
1725681600026,1.25e-05
1725685200134,1.25e-05
1725688800129,1.25e-05
1725692400013,8.3341e-06
1725696000138,5.8839e-06
1725699600041,2.7608e-06
1725703200130,-1.37733e-05
1725706800126,-1.05848e-05
1725710400020,-8.7718e-06
1725714000028,-1.42293e-05
1725717600056,-2.26346e-05
1725721200026,-9.2126e-06
1725724800115,-9.0506e-06
1725728400021,9.1522e-06
1725732000111,1.07899e-05
1725735600005,2.1424e-06
1725739200028,1.5209e-06
1725742800016,-8.4493e-06
1725746400124,-1.29717e-05
1725750000176,-1.35477e-05
1725753600075,-1.89721e-05
1725757200120,1.6195e-06
1725760800006,4.6799e-06
1725764400018,1.5079e-06
1725768000121,1.25e-05
1725771600025,6.0057e-06
1725775200008,7.9835e-06
1725778800022,3.1202e-06
1725782400074,-9.3327e-06
1725786000001,-4.9165e-06
1725789600019,-1.28375e-05
1725793200045,-1.75666e-05
1725796800069,-1.73609e-05
1725800400021,-1.26113e-05
1725804000039,7.3026e-06
1725807600100,1.25e-05
1725811200062,1.25e-05
1725814800056,1.25e-05
1725818400074,1.25e-05
1725822000078,1.11836e-05
1725825600050,1.25e-05
1725829200115,1.25e-05
1725832800011,1.25e-05
1725836400085,5.3738e-06
1725840000115,-1.2489e-06
1725843600054,4.8574e-06
1725847200088,1.25e-05
1725850800105,1.25e-05
1725854400063,8.951e-07
1725858000062,-5.9205e-06
1725861600006,-3.3835e-06
1725865200115,1.69e-06
1725868800001,2.985e-07
1725872400091,1.25e-05
1725876000000,1.25e-05
1725879600006,1.25e-05
1725883200067,1.25e-05
1725886800077,1.25e-05
1725890400113,1.25e-05
1725894000108,1.25e-05
1725897600076,1.25e-05
1725901200076,1.25e-05
1725904800015,1.25e-05
1725908400006,1.25e-05
1725912000003,1.25e-05
1725915600131,1.25e-05
1725919200094,1.25e-05
1725922800008,1.25e-05
1725926400054,1.25e-05
1725930000128,1.25e-05
1725933600098,1.25e-05
1725937200044,1.25e-05
1725940800025,1.25e-05
1725944400163,1.25e-05
1725948000005,1.25e-05
1725951600034,1.25e-05
1725955200006,1.25e-05
1725958800054,1.25e-05
1725962400001,1.25e-05
1725966000098,1.25e-05
1725969600034,1.25e-05
1725973200088,1.25e-05
1725976800100,1.25e-05
1725980400095,1.25e-05
1725984000049,1.25e-05
1725987600072,1.25e-05
1725991200180,1.25e-05
1725994800131,1.25e-05
1725998400016,1.25e-05
1726002000177,1.25e-05
1726005600098,1.25e-05
1726009200057,1.25e-05
1726012800000,1.25e-05
1726016400053,1.25e-05
1726020000047,1.25e-05
1726023600019,1.25e-05
1726027200011,1.25e-05
1726030800094,1.25e-05
1726034400099,1.25e-05
1726038000105,1.25e-05
1726041600031,6.1271e-06
1726045200054,1.25e-05
1726048800096,1.25e-05
1726052400029,1.25e-05
1726056000005,1.25e-05
1726059600070,1.25e-05
1726063200034,1.25e-05
1726066800107,2.8809e-06
1726070400005,3.173e-06
1726074000108,1.25e-05
1726077600101,1.25e-05
1726081200046,1.25e-05
1726084800074,1.25e-05
1726088400111,1.25e-05
1726092000091,1.25e-05
1726095600050,1.25e-05
1726099200067,1.5337e-06
1726102800026,1.25e-05
1726106400106,1.25e-05
1726110000003,1.25e-05
1726113600030,1.25e-05
1726117200045,1.25e-05
1726120800112,1.25e-05
1726124400013,1.25e-05
1726128000156,1.25e-05
1726131600049,1.25e-05
1726135200143,1.25e-05
1726138800020,1.25e-05
1726142400045,1.25e-05
1726146000158,1.25e-05
1726149600001,1.25e-05
1726153200108,1.25e-05
1726156800048,1.25e-05
1726160400031,1.25e-05
1726164000093,1.25e-05
1726167600163,1.25e-05
1726171200024,1.25e-05
1726174800001,1.25e-05
1726178400058,1.25e-05
1726182000149,1.25e-05
1726185600091,1.25e-05
1726189200083,1.25e-05
1726192800013,1.25e-05
1726196400009,1.25e-05
1726200000170,1.25e-05
1726203600123,1.25e-05
1726207200127,1.25e-05
1726210800117,1.25e-05
1726214400027,1.25e-05
1726218000119,1.25e-05
1726221600062,1.25e-05
1726225200120,1.25e-05
1726228800003,1.25e-05
1726232400148,1.25e-05
1726236000029,1.25e-05
1726239600137,1.25e-05
1726243200007,1.25e-05
1726246800002,1.25e-05
1726250400015,1.25e-05
1726254000015,1.25e-05
1726257600013,1.25e-05
1726261200122,1.25e-05
1726264800003,1.25e-05
1726268400135,1.25e-05
1726272000021,1.25e-05
1726275600085,1.25e-05
1726279200006,1.25e-05
1726282800023,1.25e-05
1726286400126,1.25e-05
1726290000104,1.25e-05
1726293600039,1.25e-05
1726297200080,1.25e-05
1726300800019,1.25e-05
1726304400111,1.25e-05
1726308000027,1.25e-05
1726311600130,1.25e-05
1726315200049,1.25e-05
1726318800146,1.25e-05
1726322400006,1.25e-05
1726326000046,1.25e-05
1726329600105,1.25e-05
1726333200024,1.25e-05
1726336800133,1.25e-05
1726340400012,1.25e-05
1726344000171,1.25e-05
1726347600052,1.25e-05
1726351200183,1.25e-05
1726354800028,1.25e-05
1726358400015,1.25e-05
1726362000037,1.25e-05
1726365600169,1.25e-05
1726369200006,1.25e-05
1726372800078,1.25e-05
1726376400034,1.25e-05
1726380000127,1.25e-05
1726383600065,1.25e-05
1726387200109,1.25e-05
1726390800108,1.25e-05
1726394400107,1.25e-05
1726398000024,1.25e-05
1726401600009,1.25e-05
1726405200017,1.25e-05
1726408800110,1.25e-05
1726412400082,1.25e-05
1726416000036,1.25e-05
1726419600008,1.25e-05
1726423200025,1.25e-05
1726426800029,1.25e-05
1726430400041,1.25e-05
1726434000000,1.25e-05
1726437600077,1.25e-05
1726441200122,1.25e-05
1726444800048,1.25e-05
1726448400196,1.25e-05
1726452000035,1.25e-05
1726455600068,1.25e-05
1726459200036,1.25e-05
1726462800055,1.25e-05
1726466400191,1.25e-05
1726470000043,1.25e-05
1726473600138,1.25e-05
1726477200023,1.25e-05
1726480800102,1.25e-05
1726484400187,1.25e-05
1726488000168,1.25e-05
1726491600017,1.25e-05
1726495200019,1.25e-05
1726498800079,1.25e-05
1726502400041,1.25e-05
1726506000056,1.25e-05
1726509600017,1.25e-05
1726513200103,1.25e-05
1726516800002,1.25e-05
1726520400041,1.25e-05
1726524000132,1.25e-05
1726527600028,1.25e-05
1726531200004,1.25e-05
1726534800031,1.25e-05
1726538400073,1.25e-05
1726542000089,1.25e-05
1726545600198,1.25e-05
1726549200080,1.25e-05
1726552800201,1.25e-05
1726556400061,1.25e-05
1726560000105,1.19439e-05
1726563600031,1.25e-05
1726567200002,1.25e-05
1726570800012,1.25e-05
1726574400175,1.25e-05
1726578000033,1.25e-05
1726581600018,1.25e-05
1726585200090,1.25e-05
1726588800100,1.25e-05
1726592400094,1.25e-05
1726596000089,1.25e-05
1726599600045,1.25e-05
1726603200038,1.25e-05
1726606800077,1.25e-05
1726610400016,1.25e-05
1726614000047,1.25e-05
1726617600134,1.25e-05
1726621200147,1.25e-05
1726624800021,1.25e-05
1726628400044,1.25e-05
1726632000028,1.25e-05
1726635600080,1.25e-05
1726639200145,1.25e-05
1726642800175,1.25e-05
1726646400029,1.25e-05
1726650000097,1.25e-05
1726653600091,1.25e-05
1726657200103,1.25e-05
1726660800099,1.25e-05
1726664400099,1.25e-05
1726668000135,1.25e-05
1726671600158,1.25e-05
1726675200019,1.25e-05
1726678800074,1.25e-05
1726682400024,1.25e-05
1726686000138,1.25e-05
1726689600119,1.25e-05
1726693200028,1.25e-05
1726696800101,1.25e-05
1726700400107,1.25e-05
1726704000089,1.25e-05
1726707600039,1.25e-05
1726711200201,1.25e-05
1726714800046,1.25e-05
1726718400096,1.25e-05
1726722000026,1.25e-05
1726725600088,1.25e-05
1726729200087,1.25e-05
1726732800002,1.25e-05
1726736400130,1.25e-05
1726740000117,1.25e-05
1726743600082,1.25e-05
1726747200103,1.25e-05
1726750800122,1.25e-05
1726754400184,1.25e-05
1726758000135,1.25e-05
1726761600101,1.25e-05
1726765200083,1.25e-05
1726768800025,1.25e-05
1726772400028,1.25e-05
1726776000019,1.25e-05
1726779600157,1.25e-05
1726783200129,1.25e-05
1726786800143,1.25e-05
1726790400020,1.25e-05
1726794000024,1.25e-05
1726797600054,1.25e-05
1726801200058,1.25e-05
1726804800023,1.25e-05
1726808400144,1.25e-05
1726812000126,1.25e-05
1726815600157,1.25e-05
1726819200081,1.25e-05
1726822800062,1.25e-05
1726826400136,1.25e-05
1726830000161,1.25e-05
1726833600150,1.25e-05
1726837200122,1.25e-05
1726840800075,1.25e-05
1726844400135,1.25e-05
1726848000126,1.25e-05
1726851600000,1.25e-05
1726855200038,1.25e-05
1726858800132,1.25e-05
1726862400031,1.25e-05
1726866000076,1.25e-05
1726869600106,1.25e-05
1726873200091,1.25e-05
1726876800046,1.25e-05
1726880400041,1.25e-05
1726884000132,1.25e-05
1726887600188,1.25e-05
1726891200030,1.25e-05
1726894800137,1.25e-05
1726898400005,1.25e-05
1726902000027,1.25e-05
1726905600131,1.25e-05
1726909200036,1.25e-05
1726912800012,1.25e-05
1726916400051,1.25e-05
1726920000160,1.25e-05
1726923600122,1.25e-05
1726927200025,1.25e-05
1726930800021,1.25e-05
1726934400134,1.25e-05
1726938000058,1.25e-05
1726941600014,1.25e-05
1726945200122,1.25e-05
1726948800012,1.25e-05
1726952400143,1.25e-05
1726956000028,1.25e-05
1726959600130,1.25e-05
1726963200021,1.25e-05
1726966800130,1.25e-05
1726970400009,1.25e-05
1726974000011,1.25e-05
1726977600019,1.25e-05
1726981200036,1.25e-05
1726984800094,1.25e-05
1726988400026,1.25e-05
1726992000101,1.25e-05
1726995600015,1.25e-05
1726999200023,1.25e-05
1727002800022,1.25e-05
1727006400075,1.25e-05
1727010000014,1.25e-05
1727013600056,1.25e-05
1727017200026,1.25e-05
1727020800016,1.25e-05
1727024400102,1.25e-05
1727028000016,1.25e-05
1727031600021,1.25e-05
1727035200083,1.25e-05
1727038800110,1.25e-05
1727042400025,1.25e-05
1727046000156,1.25e-05
1727049600134,1.25e-05
1727053200160,1.25e-05
1727056800142,1.25e-05
1727060400004,1.25e-05
1727064000002,1.25e-05
1727067600017,1.25e-05
1727071200043,1.25e-05
1727074800068,1.25e-05
1727078400076,1.25e-05
1727082000173,1.25e-05
1727085600018,1.25e-05
1727089200002,1.25e-05
1727092800021,1.25e-05
1727096400092,1.25e-05
1727100000019,1.25e-05
1727103600040,1.25e-05
1727107200004,1.25e-05
1727110800109,1.25e-05
1727114400036,1.25e-05
1727118000157,1.25e-05
1727121600073,1.25e-05
1727125200158,1.25e-05
1727128800014,1.25e-05
1727132400069,1.25e-05
1727136000124,1.25e-05
1727139600038,1.25e-05
1727143200000,1.25e-05
1727146800107,1.25e-05
1727150400021,1.25e-05
1727154000077,1.25e-05
1727157600060,1.25e-05
1727161200003,1.25e-05
1727164800147,1.25e-05
1727168400083,1.25e-05
1727172000179,1.25e-05
1727175600108,5.65281e-05
1727179200083,7.1477e-05
1727182800044,8.36403e-05
1727186400166,6.58542e-05
1727190000023,2.71789e-05
1727193600142,4.89681e-05
1727197200092,1.25e-05
1727200800177,1.25e-05
1727204400106,1.25e-05
1727208000025,2.00791e-05
1727211600114,4.05715e-05
1727215200169,3.8335e-05
1727218800109,5.27041e-05
1727222400080,6.72221e-05
1727226000144,3.19367e-05
1727229600151,9.23326e-05
1727233200153,6.1624e-05
1727236800067,6.93396e-05
1727240400109,8.44177e-05
1727244000156,6.48953e-05
1727247600001,3.72097e-05
1727251200113,2.94476e-05
1727254800008,3.01672e-05
1727258400029,6.04223e-05
1727262000003,5.39335e-05
1727265600006,4.39257e-05
1727269200047,4.91515e-05
1727272800081,2.2234e-05
1727276400126,3.25024e-05
1727280000042,4.37431e-05
1727283600080,4.13274e-05
1727287200138,1.25e-05
1727290800128,1.25e-05
1727294400066,1.25e-05
1727298000104,3.0457e-05
1727301600128,6.39624e-05
1727305200154,4.03018e-05
1727308800030,2.97014e-05
1727312400027,1.25e-05
1727316000119,1.25e-05
1727319600100,1.25e-05
1727323200184,1.52229e-05
1727326800033,1.4324e-05
1727330400131,1.29295e-05
1727334000040,3.22428e-05
1727337600167,3.42347e-05
1727341200018,1.98136e-05
1727344800026,2.58144e-05
1727348400120,1.76691e-05
1727352000134,1.63227e-05
1727355600027,1.25e-05
1727359200135,1.67408e-05
1727362800029,1.25e-05
1727366400119,2.12386e-05
1727370000145,2.19597e-05
1727373600094,4.18111e-05
1727377200065,2.70133e-05
1727380800019,2.29161e-05
1727384400171,1.25e-05
1727388000145,1.25e-05
1727391600013,2.00459e-05
1727395200201,2.56951e-05
1727398800068,1.32758e-05
1727402400123,1.36362e-05
1727406000037,1.25e-05
1727409600085,1.25e-05
1727413200006,2.17683e-05
1727416800120,3.3247e-05
1727420400013,3.21505e-05
1727424000000,2.76753e-05
1727427600002,1.48086e-05
1727431200092,1.25e-05
1727434800117,1.25e-05
1727438400137,1.25e-05
1727442000104,2.162e-05
1727445600076,2.67835e-05
1727449200149,4.94605e-05
1727452800010,1.92595e-05
1727456400017,1.25e-05
1727460000049,1.25e-05
1727463600037,1.25e-05
1727467200192,1.25e-05
1727470800039,1.25e-05
1727474400098,1.25e-05
1727478000158,1.25e-05
1727481600161,1.25e-05
1727485200035,1.25e-05
1727488800044,1.25e-05
1727492400148,1.25e-05
1727496000132,1.25e-05
1727499600115,1.25e-05
1727503200035,1.25e-05
1727506800010,1.25e-05
1727510400016,1.25e-05
1727514000002,1.25e-05
1727517600029,1.25e-05
1727521200098,1.25e-05
1727524800037,1.9554e-05
1727528400018,3.40645e-05
1727532000179,1.25e-05
1727535600108,5.15683e-05
1727539200150,8.3853e-05
1727542800013,5.71586e-05
1727546400026,4.99487e-05
1727550000090,4.73966e-05
1727553600141,6.94735e-05
1727557200027,8.14984e-05
1727560800149,4.49991e-05
1727564400009,2.40406e-05
1727568000055,1.25e-05
1727571600176,1.67244e-05
1727575200006,3.58623e-05
1727578800007,8.47389e-05
1727582400149,8.81348e-05
1727586000105,2.31387e-05
1727589600121,1.63179e-05
1727593200144,1.36705e-05
1727596800086,1.25e-05
1727600400162,1.25e-05
1727604000089,1.25e-05
1727607600076,1.25e-05
1727611200154,1.25e-05
1727614800075,1.25e-05
1727618400150,1.90982e-05
1727622000151,1.25e-05
1727625600057,1.25e-05
1727629200052,1.25e-05
1727632800030,1.25e-05
1727636400008,3.95061e-05
1727640000167,5.82009e-05
1727643600001,6.28965e-05
1727647200067,6.9902e-05
1727650800094,4.38588e-05
1727654400083,2.88611e-05
1727658000032,1.58145e-05
1727661600119,2.40905e-05
1727665200002,1.90021e-05
1727668800162,5.15524e-05
1727672400001,5.20717e-05
1727676000039,5.74077e-05
1727679600153,4.55519e-05
1727683200003,4.22045e-05
1727686800069,2.47171e-05
1727690400048,1.25e-05
1727694000069,1.25e-05
1727697600004,1.25e-05
1727701200006,1.25e-05
1727704800030,1.25e-05
1727708400042,1.25e-05
1727712000119,1.25e-05
1727715600057,1.25e-05
1727719200097,1.25e-05
1727722800121,1.25e-05
1727726400026,1.25e-05
1727730000078,1.25e-05
1727733600115,1.25e-05
1727737200055,1.25e-05
1727740800074,1.25e-05
1727744400056,1.25e-05
1727748000015,1.25e-05
1727751600121,1.25e-05
1727755200155,1.25e-05
1727758800074,1.25e-05
1727762400123,1.25e-05
1727766000119,1.25e-05
1727769600010,1.25e-05
1727773200004,1.25e-05
1727776800058,1.25e-05
1727780400091,1.25e-05
1727784000092,1.25e-05
1727787600074,1.25e-05
1727791200041,1.25e-05
1727794800100,1.33903e-05
1727798400014,1.25e-05
1727802000064,1.25e-05
1727805600027,1.25e-05
1727809200149,3.89917e-05
1727812800033,2.88926e-05
1727816400145,2.59555e-05
1727820000109,4.4591e-05
1727823600017,5.33378e-05
1727827200146,3.1592e-05
1727830800020,1.31263e-05
1727834400178,2.73884e-05
1727838000045,3.79355e-05
1727841600076,4.1362e-05
1727845200040,5.12372e-05
1727848800040,6.1401e-05
1727852400026,6.48617e-05
1727856000066,5.03655e-05
1727859600100,1.98045e-05
1727863200108,4.03488e-05
1727866800085,2.42654e-05
1727870400067,1.25e-05
1727874000111,1.25e-05
1727877600115,1.25e-05
1727881200150,1.25e-05
1727884800072,1.25e-05
1727888400015,1.25e-05
1727892000104,1.25e-05
1727895600104,1.25e-05
1727899200096,1.25e-05
1727902800033,1.25e-05
1727906400127,2.52117e-05
1727910000007,3.18572e-05
1727913600025,1.87112e-05
1727917200018,1.25e-05
1727920800001,1.25e-05
1727924400047,3.21112e-05
1727928000023,3.66982e-05
1727931600072,5.19295e-05
1727935200077,2.24991e-05
1727938800029,2.24563e-05
1727942400108,2.1711e-05
1727946000139,1.25e-05
1727949600034,1.25e-05
1727953200023,1.25e-05
1727956800080,2.32502e-05
1727960400011,1.25e-05
1727964000073,1.25e-05
1727967600019,1.25653e-05
1727971200025,1.25e-05
1727974800080,1.25e-05
1727978400119,1.25e-05
1727982000072,1.25e-05
1727985600117,1.25e-05
1727989200007,2.09816e-05
1727992800017,3.57094e-05
1727996400041,6.36898e-05
1728000000022,1.42557e-05
1728003600000,1.25e-05
1728007200149,1.97119e-05
1728010800154,2.56196e-05
1728014400016,2.17985e-05
1728018000112,2.33712e-05
1728021600159,1.25e-05
1728025200037,3.66289e-05
1728028800174,3.21661e-05
1728032400126,1.90011e-05
1728036000012,3.74457e-05
1728039600025,4.16293e-05
1728043200025,3.92575e-05
1728046800042,3.03586e-05
1728050400139,1.25e-05
1728054000060,1.25e-05
1728057600114,1.25e-05
1728061200119,1.25e-05
1728064800128,1.25e-05
1728068400041,1.25e-05
1728072000025,1.25e-05
1728075600075,1.25e-05
1728079200029,2.01986e-05
1728082800001,2.03422e-05
1728086400132,1.92509e-05
1728090000147,1.25e-05
1728093600089,1.25e-05
1728097200000,1.25e-05
1728100800065,1.25e-05
1728104400114,1.25e-05
1728108000095,1.25e-05
1728111600102,1.25e-05
1728115200099,1.25e-05
1728118800026,1.25e-05
1728122400007,1.25e-05
1728126000073,1.25e-05
1728129600029,1.25e-05
1728133200088,1.25e-05
1728136800016,1.25e-05
1728140400116,1.25e-05
1728144000037,1.25e-05
1728147600128,1.25e-05
1728151200094,1.25e-05
1728154800120,2.35672e-05
1728158400121,3.01185e-05
1728162000017,2.52298e-05
1728165600095,1.25e-05
1728169200009,1.25e-05
1728172800057,1.30201e-05
1728176400081,1.25e-05
1728180000075,1.25e-05
1728183600037,1.57844e-05
1728187200127,1.48683e-05
1728190800148,1.25e-05
1728194400035,1.25e-05
1728198000012,1.25e-05
1728201600019,1.25e-05
1728205200035,1.25e-05
1728208800052,1.25e-05
1728212400078,1.25e-05
1728216000025,1.25e-05
1728219600064,1.25e-05
1728223200017,1.25e-05
1728226800026,1.25e-05
1728230400026,1.68257e-05
1728234000149,1.25e-05
1728237600036,1.25e-05
1728241200002,1.25e-05
1728244800057,1.25e-05
1728248400054,1.25e-05
1728252000004,1.25e-05
1728255600003,2.25506e-05
1728259200060,5.5442e-05
1728262800047,3.85735e-05
1728266400022,6.52235e-05
1728270000074,7.83445e-05
1728273600093,8.54727e-05
1728277200068,8.05817e-05
1728280800106,5.95325e-05
1728284400115,6.21171e-05
1728288000071,5.03886e-05
1728291600090,4.33316e-05
1728295200122,3.43937e-05
1728298800027,3.26055e-05
1728302400001,3.33747e-05
1728306000090,5.46627e-05
1728309600001,5.25311e-05
1728313200136,8.01378e-05
1728316800119,5.89133e-05
1728320400046,4.60259e-05
1728324000069,5.21545e-05
1728327600130,5.25114e-05
1728331200008,6.27624e-05
1728334800025,3.90783e-05
1728338400041,4.69627e-05
1728342000011,7.82282e-05
1728345600098,3.14946e-05
1728349200009,2.38351e-05
1728352800072,3.98396e-05
1728356400026,3.40966e-05
1728360000091,2.76929e-05
1728363600019,3.16263e-05
1728367200024,2.28512e-05
1728370800078,1.25e-05
1728374400070,1.25e-05
1728378000152,1.25e-05
1728381600051,1.25e-05
1728385200101,1.25e-05
1728388800098,1.25e-05
1728392400000,1.29923e-05
1728396000012,2.89606e-05
1728399600004,1.97999e-05
1728403200159,1.25e-05
1728406800145,1.25e-05
1728410400145,1.25e-05
1728414000012,1.25e-05
1728417600004,1.25e-05
1728421200087,2.68019e-05
1728424800129,3.51145e-05
1728428400050,5.02494e-05
1728432000048,1.25e-05
1728435600090,1.25e-05
1728439200098,2.86076e-05
1728442800015,4.46882e-05
1728446400049,4.04927e-05
1728450000051,4.37955e-05
1728453600024,2.03883e-05
1728457200132,5.20925e-05
1728460800154,6.43097e-05
1728464400099,4.21825e-05
1728468000030,1.79303e-05
1728471600127,1.72545e-05
1728475200045,1.36401e-05
1728478800064,3.06189e-05
1728482400028,2.65277e-05
1728486000012,3.42345e-05
1728489600077,3.77034e-05
1728493200011,1.36157e-05
1728496800129,1.97019e-05
1728500400052,2.57454e-05
1728504000035,6.07394e-05
1728507600021,1.25e-05
1728511200064,1.25e-05
1728514800065,1.25e-05
1728518400114,1.25e-05
1728522000089,1.25e-05
1728525600024,1.25e-05
1728529200010,1.25e-05
1728532800144,1.25e-05
1728536400042,1.25e-05
1728540000155,1.25e-05
1728543600023,1.25e-05
1728547200095,1.25e-05
1728550800045,1.25e-05
1728554400149,1.25e-05
1728558000000,1.25e-05
1728561600100,1.25e-05
1728565200095,1.25e-05
1728568800109,1.25e-05
1728572400160,1.25e-05
1728576000001,1.25e-05
1728579600110,1.25e-05
1728583200120,1.25e-05
1728586800106,1.25e-05
1728590400023,1.25e-05
1728594000127,1.25e-05
1728597600035,1.25e-05
1728601200075,1.25e-05
1728604800157,1.25e-05
1728608400047,1.25e-05
1728612000084,1.25e-05
1728615600146,1.25e-05
1728619200127,1.25e-05
1728622800119,1.25e-05
1728626400123,1.25e-05
1728630000097,1.25e-05
1728633600012,1.25e-05
1728637200072,1.25e-05
1728640800062,1.25e-05
1728644400032,1.25e-05
1728648000063,1.25e-05
1728651600036,1.25e-05
1728655200033,1.25e-05
1728658800032,1.25e-05
1728662400124,1.25e-05
1728666000096,1.25e-05
1728669600097,1.25e-05
1728673200123,1.25e-05
1728676800072,1.25e-05
1728680400017,1.25e-05
1728684000069,1.25e-05
1728687600111,1.25e-05
1728691200130,1.25e-05
1728694800048,1.25e-05
1728698400065,1.25e-05
1728702000013,1.25e-05
1728705600168,1.25e-05
1728709200023,1.25e-05
1728712800126,1.25e-05
1728716400039,1.25e-05
1728720000082,1.25e-05
1728723600020,1.25e-05
1728727200004,1.25e-05
1728730800016,1.25e-05
1728734400067,1.25e-05
1728738000133,1.25e-05
1728741600008,1.25e-05
1728745200030,1.25e-05
1728748800024,1.25e-05
1728752400144,1.25e-05
1728756000018,1.25e-05
1728759600065,1.25e-05
1728763200068,1.25e-05
1728766800040,1.25e-05
1728770400015,2.40775e-05
1728774000046,1.25e-05
1728777600048,1.25e-05
1728781200070,1.25e-05
1728784800125,1.25e-05
1728788400127,1.25e-05
1728792000082,1.25e-05
1728795600072,1.8698e-05
1728799200058,1.25e-05
1728802800032,1.25e-05
1728806400000,1.25e-05
1728810000070,1.25e-05
1728813600114,1.64204e-05
1728817200164,1.25e-05
1728820800014,1.25e-05
1728824400058,1.25e-05
1728828000051,1.25e-05
1728831600010,1.25e-05
1728835200013,1.25e-05
1728838800033,1.25e-05
1728842400036,1.25e-05
1728846000030,1.25e-05
1728849600156,1.25e-05
1728853200050,1.25e-05
1728856800006,1.25e-05
1728860400011,1.25e-05
1728864000065,1.25e-05
1728867600104,1.25e-05
1728871200008,1.25e-05
1728874800093,1.25e-05
1728878400045,1.25e-05
1728882000132,1.25e-05
1728885600011,1.25e-05
1728889200089,1.25e-05
1728892800103,1.25e-05
1728896400064,1.25e-05
1728900000030,3.48104e-05
1728903600009,2.63569e-05
1728907200067,3.50734e-05
1728910800086,2.9188e-05
1728914400060,3.82503e-05
1728918000006,2.01249e-05
1728921600125,2.75251e-05
1728925200003,1.25e-05
1728928800031,1.25e-05
1728932400023,2.8211e-05
1728936000031,3.64366e-05
1728939600084,4.95812e-05
1728943200143,6.34669e-05
1728946800095,7.41044e-05
1728950400034,4.08832e-05
1728954000040,3.56357e-05
1728957600112,5.91929e-05
1728961200010,7.00615e-05
1728964800082,2.71415e-05
1728968400114,3.92791e-05
1728972000031,2.72722e-05
1728975600025,3.46644e-05
1728979200002,3.38278e-05
1728982800167,3.12564e-05
1728986400108,2.98216e-05
1728990000005,3.41864e-05
1728993600111,1.25e-05
1728997200040,1.25e-05
1729000800077,1.76925e-05
1729004400031,1.25e-05
1729008000098,1.25e-05
1729011600168,1.25e-05
1729015200005,4.08921e-05
1729018800082,7.88062e-05
1729022400084,4.9069e-05
1729026000031,1.25e-05
1729029600000,1.25e-05
1729033200120,4.82511e-05
1729036800101,7.77266e-05
1729040400078,5.82296e-05
1729044000002,1.75939e-05
1729047600020,3.45e-05
1729051200072,3.93179e-05
1729054800027,3.42513e-05
1729058400021,5.69019e-05
1729062000134,5.05728e-05
1729065600126,6.00656e-05
1729069200049,6.78713e-05
1729072800021,8.20674e-05
1729076400130,9.63422e-05
1729080000166,8.96526e-05
1729083600079,6.90382e-05
1729087200027,7.06537e-05
1729090800116,3.41004e-05
1729094400142,2.17561e-05
1729098000100,1.87958e-05
1729101600014,4.06078e-05
1729105200016,7.5701e-05
1729108800047,8.73987e-05
1729112400154,7.53326e-05
1729116000023,9.20181e-05
1729119600048,5.92036e-05
1729123200002,7.54851e-05
1729126800113,5.73187e-05
1729130400019,6.73755e-05
1729134000160,5.16812e-05
1729137600166,4.49593e-05
1729141200031,5.15261e-05
1729144800001,3.05967e-05
1729148400068,2.84843e-05
1729152000107,1.25e-05
1729155600085,1.25e-05
1729159200024,2.13518e-05
1729162800072,1.25e-05
1729166400141,1.25e-05
1729170000021,1.25e-05
1729173600045,1.25e-05
1729177200082,1.25e-05
1729180800081,3.41189e-05
1729184400060,2.08219e-05
1729188000114,4.57054e-05
1729191600015,1.25e-05
1729195200088,3.57088e-05
1729198800000,5.21013e-05
1729202400007,0.0001003035
1729206000035,2.68306e-05
1729209600105,4.32653e-05
1729213200005,6.69002e-05
1729216800068,7.56669e-05
1729220400089,0.0001057811
1729224000024,7.91014e-05
1729227600137,7.25256e-05
1729231200154,5.31977e-05
1729234800094,7.91384e-05
1729238400140,0.0001028592
1729242000036,7.78971e-05
1729245600059,6.82116e-05
1729249200159,6.96508e-05
1729252800056,5.32228e-05
1729256400001,3.49806e-05
1729260000119,3.94231e-05
1729263600167,4.75387e-05
1729267200035,1.25e-05
1729270800092,5.68122e-05
1729274400014,7.30736e-05
1729278000020,6.13378e-05
1729281600020,3.62258e-05
1729285200025,3.0953e-05
1729288800017,5.06736e-05
1729292400039,1.25e-05
1729296000020,2.69063e-05
1729299600019,4.50064e-05
1729303200011,2.53898e-05
1729306800028,4.32137e-05
1729310400039,7.68327e-05
1729314000130,7.51284e-05
1729317600177,6.88951e-05
1729321200007,4.38409e-05
1729324800023,5.68636e-05
1729328400032,4.5585e-05
1729332000105,6.31245e-05
1729335600035,6.09827e-05
1729339200010,5.176e-05
1729342800143,4.14253e-05
1729346400094,4.23768e-05
1729350000058,5.9278e-05
1729353600034,4.90167e-05
1729357200024,4.22004e-05
1729360800153,5.56722e-05
1729364400137,5.75615e-05
1729368000168,5.16708e-05
1729371600104,4.50894e-05
1729375200000,5.3285e-05
1729378800068,6.06725e-05
1729382400046,5.23675e-05
1729386000082,5.82006e-05
1729389600011,5.80399e-05
1729393200158,5.8961e-05
1729396800040,4.90325e-05
1729400400023,6.04555e-05
1729404000021,5.40213e-05
1729407600106,5.56838e-05
1729411200091,5.79802e-05
1729414800159,2.9074e-05
1729418400037,2.67047e-05
1729422000039,5.29128e-05
1729425600125,6.3189e-05
1729429200028,5.63219e-05
1729432800033,1.25e-05
1729436400024,1.25e-05
1729440000082,4.61323e-05
1729443600123,2.78568e-05
1729447200022,1.25e-05
1729450800044,2.76921e-05
1729454400110,2.44214e-05
1729458000068,2.95748e-05
1729461600034,2.6203e-05
1729465200055,3.21012e-05
1729468800026,1.25e-05
1729472400041,2.42975e-05
1729476000059,3.83442e-05
1729479600069,1.25e-05
1729483200090,3.20709e-05
1729486800012,3.66564e-05
1729490400025,5.20419e-05
1729494000060,3.68596e-05
1729497600001,2.70739e-05
1729501200100,1.25e-05
1729504800019,1.94954e-05
1729508400028,3.57443e-05
1729512000041,1.93106e-05
1729515600050,1.50636e-05
1729519200017,3.43428e-05
1729522800023,4.12978e-05
1729526400078,5.86778e-05
1729530000017,1.25e-05
1729533600022,2.44148e-05
1729537200026,2.63778e-05
1729540800074,2.06794e-05
1729544400068,2.73148e-05
1729548000024,3.80176e-05
1729551600085,2.6643e-05
1729555200073,1.25e-05
1729558800060,1.51616e-05
1729562400068,5.36337e-05
1729566000089,7.13765e-05
1729569600019,2.68426e-05
1729573200057,1.25e-05
1729576800091,1.77382e-05
1729580400064,1.93163e-05
1729584000090,1.63819e-05
1729587600004,1.25e-05
1729591200025,1.25e-05
1729594800138,1.75665e-05
1729598400074,1.25e-05
1729602000094,1.25e-05
1729605600105,1.25e-05
1729609200018,1.25e-05
1729612800034,1.25e-05
1729616400021,1.25e-05
1729620000022,1.25e-05
1729623600146,3.95348e-05
1729627200105,4.96751e-05
1729630800032,4.80508e-05
1729634400012,5.07465e-05
1729638000149,5.36233e-05
1729641600037,2.28386e-05
1729645200059,1.25e-05
1729648800104,1.25e-05
1729652400007,1.25e-05
1729656000088,1.25e-05
1729659600153,1.68974e-05
1729663200113,1.25e-05
1729666800092,1.25e-05
1729670400002,3.80627e-05
1729674000047,1.35387e-05
1729677600075,1.25e-05
1729681200135,1.25e-05
1729684800143,1.25e-05
1729688400095,1.25e-05
1729692000002,1.25e-05
1729695600118,3.05214e-05
1729699200091,1.70468e-05
1729702800077,1.25e-05
1729706400110,1.25e-05
1729710000083,1.25e-05
1729713600043,1.25e-05
1729717200000,1.33347e-05
1729720800035,3.53272e-05
1729724400034,3.14244e-05
1729728000058,2.64283e-05
1729731600006,1.46804e-05
1729735200089,4.54579e-05
1729738800104,3.12932e-05
1729742400026,3.88019e-05
1729746000048,4.54221e-05
1729749600102,3.33755e-05
1729753200108,1.25e-05
1729756800153,1.25e-05
1729760400113,1.25e-05
1729764000124,1.25e-05
1729767600154,1.25e-05
1729771200017,1.25e-05
1729774800044,1.25e-05
1729778400115,1.25e-05
1729782000014,1.73394e-05
1729785600130,4.1487e-05
1729789200015,2.38219e-05
1729792800002,1.25e-05
1729796400074,1.64878e-05
1729800000106,3.44627e-05
1729803600138,3.85141e-05
1729807200025,2.58623e-05
1729810800158,1.32993e-05
1729814400006,2.20002e-05
1729818000113,1.8683e-05
1729821600093,2.0294e-05
1729825200113,1.25e-05
1729828800103,1.25e-05
1729832400021,1.25e-05
1729836000131,1.25e-05
1729839600118,1.25e-05
1729843200113,1.25e-05
1729846800001,1.25e-05
1729850400122,1.25e-05
1729854000161,1.25e-05
1729857600100,1.25e-05
1729861200056,1.25e-05
1729864800096,1.25e-05
1729868400100,1.25e-05
1729872000147,1.25e-05
1729875600023,1.25e-05
1729879200031,1.25e-05
1729882800127,1.25e-05
1729886400003,1.25e-05
1729890000003,1.25e-05
1729893600004,1.25e-05
1729897200086,1.25e-05
1729900800036,1.25e-05
1729904400115,1.25e-05
1729908000097,1.25e-05
1729911600110,1.25e-05
1729915200040,1.25e-05
1729918800091,1.25e-05
1729922400024,1.25e-05
1729926000061,1.25e-05
1729929600113,1.25e-05
1729933200052,1.25e-05
1729936800032,1.25e-05
1729940400067,1.25e-05
1729944000027,1.48627e-05
1729947600007,2.02246e-05
1729951200028,2.66006e-05
1729954800128,1.55209e-05
1729958400030,1.25e-05
1729962000074,1.25e-05
1729965600153,1.28128e-05
1729969200104,3.39111e-05
1729972800134,3.79966e-05
1729976400128,4.34123e-05
1729980000131,4.28923e-05
1729983600022,5.09253e-05
1729987200084,5.15797e-05
1729990800131,3.29411e-05
1729994400168,4.54002e-05
1729998000004,4.73248e-05
1730001600020,5.03879e-05
1730005200124,5.01872e-05
1730008800007,4.86651e-05
1730012400111,5.50083e-05
1730016000003,5.13431e-05
1730019600013,2.66969e-05
1730023200121,3.07224e-05
1730026800061,3.32981e-05
1730030400060,2.8351e-05
1730034000075,4.2152e-05
1730037600031,3.65635e-05
1730041200155,2.71995e-05
1730044800038,6.02657e-05
1730048400155,5.55336e-05
1730052000016,3.88195e-05
1730055600060,5.37506e-05
1730059200042,1.25e-05
1730062800011,2.75647e-05
1730066400068,2.25831e-05
1730070000158,3.56728e-05
1730073600091,4.37695e-05
1730077200001,1.25e-05
1730080800079,1.25e-05
1730084400144,1.25e-05
1730088000063,1.25e-05
1730091600061,2.35298e-05
1730095200065,1.36526e-05
1730098800019,1.25e-05
1730102400139,3.71813e-05
1730106000147,2.85242e-05
1730109600088,1.25e-05
1730113200019,3.55411e-05
1730116800019,1.25e-05
1730120400143,1.25e-05
1730124000111,1.25e-05
1730127600092,1.25e-05
1730131200068,4.1859e-05
1730134800084,4.49788e-05
1730138400096,4.18512e-05
1730142000029,5.3926e-05
1730145600116,6.12553e-05
1730149200123,3.19064e-05
1730152800046,8.82932e-05
1730156400052,8.89572e-05
1730160000155,8.45079e-05
1730163600058,5.03309e-05
1730167200134,7.76697e-05
1730170800086,5.62381e-05
1730174400025,0.0001007381
1730178000101,0.0001043668
1730181600101,6.13243e-05
1730185200141,6.1501e-05
1730188800105,7.01435e-05
1730192400168,4.25094e-05
1730196000158,3.904e-05
1730199600048,3.81971e-05
1730203200111,6.67214e-05
1730206800055,8.4258e-05
1730210400027,8.04488e-05
1730214000001,4.89259e-05
1730217600119,5.5847e-05
1730221200047,9.79968e-05
1730224800035,5.0733e-05
1730228400028,2.22125e-05
1730232000059,1.25e-05
1730235600119,3.04922e-05
1730239200028,3.89103e-05
1730242800064,6.05035e-05
1730246400080,4.65553e-05
1730250000075,4.0519e-05
1730253600097,4.12584e-05
1730257200028,6.44632e-05
1730260800002,4.44863e-05
1730264400012,7.15121e-05
1730268000048,5.23414e-05
1730271600072,1.25e-05
1730275200115,3.00711e-05
1730278800180,1.60974e-05
1730282400124,1.25e-05
1730286000077,3.05465e-05
1730289600005,4.85632e-05
1730293200014,4.2756e-05
1730296800156,1.97434e-05
1730300400128,1.25e-05
1730304000165,1.25e-05
1730307600041,1.25e-05
1730311200019,1.25e-05
1730314800050,1.25e-05
1730318400007,1.25e-05
1730322000171,1.25e-05
1730325600081,1.25e-05
1730329200079,1.25e-05
1730332800027,1.25e-05
1730336400143,1.25e-05
1730340000085,1.25e-05
1730343600131,1.63982e-05
1730347200125,2.12244e-05
1730350800125,1.25e-05
1730354400159,1.25e-05
1730358000022,1.25e-05
1730361600143,1.25e-05
1730365200079,1.25e-05
1730368800126,1.25e-05
1730372400080,1.25e-05
1730376000127,1.25e-05
1730379600137,1.25e-05
1730383200093,1.25e-05
1730386800134,1.25e-05
1730390400034,1.25e-05
1730394000082,1.25e-05
1730397600091,1.25e-05
1730401200061,1.25e-05
1730404800047,1.25e-05
1730408400042,1.25e-05
1730412000024,1.25e-05
1730415600138,1.25e-05
1730419200114,1.25e-05
1730422800181,1.25e-05
1730426400000,1.25e-05
1730430000050,1.25e-05
1730433600060,1.25e-05
1730437200151,1.25e-05
1730440800161,1.25e-05
1730444400129,1.25e-05
1730448000108,1.25e-05
1730451600039,1.25e-05
1730455200045,1.25e-05
1730458800130,1.25e-05
1730462400176,1.25e-05
1730466000180,1.25e-05
1730469600075,1.25e-05
1730473200149,1.25e-05
1730476800124,1.25e-05
1730480400046,1.25e-05
1730484000043,1.25e-05
1730487600099,1.25e-05
1730491200130,1.25e-05
1730494800004,1.25e-05
1730498400017,1.25e-05
1730502000009,1.25e-05
1730505600123,1.25e-05
1730509200007,1.25e-05
1730512800064,1.25e-05
1730516400128,1.25e-05
1730520000133,1.25e-05
1730523600016,1.25e-05
1730527200118,1.25e-05
1730530800076,1.25e-05
1730534400004,1.25e-05
1730538000056,1.25e-05
1730541600104,1.25e-05
1730545200083,1.25e-05
1730548800114,1.25e-05
1730552400003,1.25e-05
1730556000165,1.25e-05
1730559600016,1.25e-05
1730563200115,1.25e-05
1730566800040,1.25e-05
1730570400085,1.25e-05
1730574000093,1.25e-05
1730577600057,1.25e-05
1730581200019,1.25e-05
1730584800172,1.25e-05
1730588400019,1.25e-05
1730592000032,1.25e-05
1730595600147,1.25e-05
1730599200056,1.25e-05
1730602800077,1.25e-05
1730606400080,1.25e-05
1730610000020,1.25e-05
1730613600108,1.25e-05
1730617200009,1.25e-05
1730620800102,1.25e-05
1730624400141,1.25e-05
1730628000130,1.25e-05
1730631600038,1.25e-05
1730635200021,1.25e-05
1730638800078,1.25e-05
1730642400137,1.25e-05
1730646000018,1.25e-05
1730649600115,1.25e-05
1730653200162,1.25e-05
1730656800015,1.25e-05
1730660400077,1.25e-05
1730664000042,1.25e-05
1730667600047,1.25e-05
1730671200017,1.25e-05
1730674800032,2.37507e-05
1730678400078,1.25e-05
1730682000137,1.25e-05
1730685600009,1.25e-05
1730689200087,1.25e-05
1730692800091,1.25e-05
1730696400121,1.25e-05
1730700000008,1.25e-05
1730703600087,1.25e-05
1730707200041,1.25e-05
1730710800069,1.25e-05
1730714400074,1.25e-05
1730718000019,1.25e-05
1730721600011,1.25e-05
1730725200012,1.25e-05
1730728800123,1.25e-05
1730732400064,1.25e-05
1730736000048,1.25e-05
1730739600123,1.25e-05
1730743200067,1.25e-05
1730746800082,1.25e-05
1730750400089,1.25e-05
1730754000087,1.78252e-05
1730757600053,1.25e-05
1730761200044,6.1295e-05
1730764800100,1.57668e-05
1730768400153,1.25e-05
1730772000092,1.25e-05
1730775600067,4.43231e-05
1730779200133,2.12801e-05
1730782800056,3.70865e-05
1730786400006,6.03939e-05
1730790000070,1.25e-05
1730793600008,1.25e-05
1730797200027,1.25e-05
1730800800027,1.64809e-05
1730804400151,1.56456e-05
1730808000023,4.36554e-05
1730811600070,1.77214e-05
1730815200019,3.11559e-05
1730818800112,2.83555e-05
1730822400072,1.25e-05
1730826000010,1.25e-05
1730829600100,1.25e-05
1730833200082,4.62095e-05
1730836800050,2.35319e-05
1730840400042,4.07215e-05
1730844000165,5.09443e-05
1730847600002,4.05875e-05
1730851200047,1.25e-05
1730854800026,4.35998e-05
1730858400131,6.07672e-05
1730862000139,0.000103373
1730865600118,0.0003053495
1730869200013,0.0001136657
1730872800028,0.0001064743
1730876400058,0.0001268048
1730880000002,8.88789e-05
1730883600096,0.0001268819
1730887200122,5.12281e-05
1730890800051,8.21627e-05
1730894400031,6.80866e-05
1730898000028,5.08936e-05
1730901600012,6.24864e-05
1730905200019,7.68808e-05
1730908800143,4.543e-05
1730912400057,6.14386e-05
1730916000008,0.0001243261
1730919600059,0.0001129802
1730923200002,9.86933e-05
1730926800128,0.0001003498
1730930400036,0.0001109344
1730934000076,0.0001180713
1730937600186,5.23892e-05
1730941200104,2.63153e-05
1730944800086,0.0001011301
1730948400115,0.0001344514
1730952000030,0.0001094659
1730955600097,8.56848e-05
1730959200080,9.06861e-05
1730962800046,8.66115e-05
1730966400164,8.429e-05
1730970000053,5.05561e-05
1730973600085,7.56063e-05
1730977200061,6.01465e-05
1730980800152,2.57604e-05
1730984400068,3.61409e-05
1730988000034,4.91362e-05
1730991600104,5.77646e-05
1730995200065,5.45259e-05
1730998800071,3.8858e-05
1731002400023,8.04119e-05
1731006000018,0.0001278373
1731009600180,9.62986e-05
1731013200122,9.74613e-05
1731016800107,0.0001405702
1731020400063,8.01408e-05
1731024000003,7.4117e-05
1731027600015,8.81219e-05
1731031200080,4.6171e-05
1731034800009,3.70007e-05
1731038400051,3.20642e-05
1731042000153,5.41513e-05
1731045600159,8.30205e-05
1731049200059,6.88889e-05
1731052800020,9.10646e-05
1731056400153,4.7537e-05
1731060000061,7.0114e-05
1731063600137,3.21396e-05
1731067200095,4.71098e-05
1731070800064,5.59246e-05
1731074400128,7.86191e-05
1731078000027,7.2724e-05
1731081600093,5.69003e-05
1731085200014,2.81025e-05
1731088800156,1.65961e-05
1731092400015,4.93598e-05
1731096000150,4.99125e-05
1731099600167,2.77881e-05
1731103200091,3.76234e-05
1731106800095,3.82683e-05
1731110400013,4.12837e-05
1731114000033,3.60047e-05
1731117600124,3.38847e-05
1731121200001,4.38296e-05
1731124800106,3.53335e-05
1731128400176,3.56914e-05
1731132000047,4.26097e-05
1731135600178,5.43904e-05
1731139200024,7.46856e-05
1731142800125,7.51958e-05
1731146400057,6.23857e-05
1731150000156,6.10539e-05
1731153600011,7.7689e-05
1731157200130,5.51921e-05
1731160800089,5.71488e-05
1731164400013,1.48429e-05
1731168000030,3.83265e-05
1731171600016,1.53416e-05
1731175200173,2.76355e-05
1731178800029,5.11692e-05
1731182400030,7.00453e-05
1731186000081,7.74468e-05
1731189600026,6.70796e-05
1731193200045,7.46337e-05
1731196800144,9.72184e-05
1731200400118,0.0001003436
1731204000114,7.7901e-05
1731207600032,8.51059e-05
1731211200030,9.38714e-05
1731214800062,9.61424e-05
1731218400161,0.0001241526
1731222000061,0.0001135905
1731225600083,0.0001037619
1731229200031,7.50079e-05
1731232800075,7.71926e-05
1731236400039,9.96263e-05
1731240000118,0.0001647638
1731243600134,0.0001732594
1731247200040,0.0001357541
1731250800126,0.0002389086
1731254400114,0.0001229684
1731258000083,0.0001125884
1731261600159,0.0001017547
1731265200028,8.71974e-05
1731268800085,9.89695e-05
1731272400161,0.0001112987
1731276000004,0.000114517
1731279600120,5.63539e-05
1731283200016,7.6468e-05
1731286800050,0.0001150695
1731290400047,0.0003453157
1731294000015,0.0001708765
1731297600013,7.21576e-05
1731301200064,9.51501e-05
1731304800037,5.57858e-05
1731308400172,1.25e-05
1731312000062,5.14338e-05
1731315600041,4.24879e-05
1731319200166,6.29751e-05
1731322800037,6.25695e-05
1731326400090,8.86552e-05
1731330000141,5.88742e-05
1731333600159,1.25e-05
1731337200165,2.93103e-05
1731340800092,0.0001225086
1731344400065,8.08512e-05
1731348000113,7.00869e-05
1731351600062,6.25163e-05
1731355200126,5.46711e-05
1731358800012,0.0001136523
1731362400131,0.0001224882
1731366000177,8.03298e-05
1731369600043,0.0001263625
1731373200048,0.0001086238
1731376800115,0.0001193235
1731380400200,0.0001081567
1731384000094,6.36928e-05
1731387600000,0.000145549
1731391200137,0.0001510591
1731394800129,0.0001454911
1731398400182,0.0001423738
1731402000131,0.0001334202
1731405600076,0.0001501346
1731409200165,0.0001654455
1731412800057,0.0001034684
1731416400034,0.0001106291
1731420000059,0.0001300045
1731423600191,0.0001401292
1731427200108,7.11843e-05
1731430800022,9.40523e-05
1731434400169,0.0001048569
1731438000026,0.0001464606
1731441600038,0.0001152752
1731445200042,0.0001239627
1731448800140,0.0001439387
1731452400039,0.0001427676
1731456000081,0.0001090569
1731459600001,0.0002070309
1731463200007,0.0001979247
1731466800079,1.25e-05
1731470400079,3.92731e-05
1731474000120,1.25e-05
1731477600038,2.77292e-05
1731481200053,3.05733e-05
1731484800166,9.06494e-05
1731488400021,0.000107052
1731492000041,0.000108545
1731495600158,6.05566e-05
1731499200145,7.17057e-05
1731502800088,6.32176e-05
1731506400166,4.61033e-05
1731510000038,0.0001225162
1731513600164,0.0001418759
1731517200022,0.0001895153
1731520800114,0.0001661955
1731524400178,5.47736e-05
1731528000043,1.25e-05
1731531600187,1.25e-05
1731535200090,1.25e-05
1731538800032,1.25e-05
1731542400152,9.86951e-05
1731546000003,4.58428e-05
1731549600025,6.56409e-05
1731553200187,5.84519e-05
1731556800090,6.49769e-05
1731560400175,6.84961e-05
1731564000030,9.95055e-05
1731567600089,9.75945e-05
1731571200153,3.70706e-05
1731574800120,9.25577e-05
1731578400033,7.27883e-05
1731582000194,8.67801e-05
1731585600052,1.25e-05
1731589200150,3.39923e-05
1731592800106,9.91108e-05
1731596400198,0.0001208996
1731600000149,2.44991e-05
1731603600015,0.0001131489
1731607200167,9.34478e-05
1731610800031,7.70334e-05
1731614400020,7.06469e-05
1731618000063,5.09875e-05
1731621600140,0.0001275763
1731625200014,8.02266e-05
1731628800067,4.80215e-05
1731632400013,2.19294e-05
1731636000161,3.69854e-05
1731639600169,4.89671e-05
1731643200075,5.11717e-05
1731646800138,1.31039e-05
1731650400106,4.75766e-05
1731654000188,8.91755e-05
1731657600058,7.64253e-05
1731661200099,7.91849e-05
1731664800090,8.59127e-05
1731668400150,4.25183e-05
1731672000047,5.25033e-05
1731675600164,8.1321e-05
1731679200122,6.09333e-05
1731682800078,3.29356e-05
1731686400035,1.25e-05
1731690000021,1.25e-05
1731693600183,5.27181e-05
1731697200130,3.07814e-05
1731700800017,5.32258e-05
1731704400044,0.0001036662
1731708000129,0.000109203
1731711600019,0.0001253577
1731715200117,0.0001382099
1731718800010,0.0001057561
1731722400018,0.00013496
1731726000098,0.0001350361
1731729600151,0.0001208509
1731733200147,0.0001194734
1731736800088,0.0001193164
1731740400010,0.0001142272
1731744000015,9.89245e-05
1731747600195,8.80362e-05
1731751200142,8.26955e-05
1731754800109,5.40336e-05
1731758400136,1.25e-05
1731762000122,1.25e-05
1731765600095,1.25e-05
1731769200023,1.5631e-05
1731772800017,1.48299e-05
1731776400011,1.25e-05
1731780000153,2.41556e-05
1731783600012,4.15361e-05
1731787200011,3.50035e-05
1731790800089,2.17998e-05
1731794400098,2.66778e-05
1731798000057,3.38047e-05
1731801600163,1.25e-05
1731805200138,1.25e-05
1731808800087,1.25e-05
1731812400025,1.25e-05
1731816000200,1.25e-05
1731819600019,1.25e-05
1731823200083,1.25e-05
1731826800034,1.47479e-05
1731830400066,2.67612e-05
1731834000079,3.39482e-05
1731837600016,8.09563e-05
1731841200144,5.40107e-05
1731844800110,5.27391e-05
1731848400017,2.70881e-05
1731852000012,4.8689e-05
1731855600107,5.47631e-05
1731859200002,6.89318e-05
1731862800049,5.19585e-05
1731866400029,6.96091e-05
1731870000015,2.17213e-05
1731873600006,1.25e-05
1731877200092,5.70847e-05
1731880800080,4.56974e-05
1731884400124,2.96638e-05
1731888000054,6.94292e-05
1731891600009,6.2759e-05
1731895200088,0.000120533
1731898800061,0.0001355385
1731902400042,0.0001189146
1731906000042,0.0001208045
1731909600088,0.0001271474
1731913200060,0.0001847488
1731916800147,0.0001937478
1731920400123,0.0001629217
1731924000126,0.0001079224
1731927600036,0.0001065795
1731931200187,6.2311e-05
1731934800049,4.0745e-05
1731938400135,3.01886e-05
1731942000016,7.21868e-05
1731945600006,0.0001300253
1731949200156,0.0001373145
1731952800036,0.0001263125
1731956400055,8.34512e-05
1731960000028,1.25e-05
1731963600180,6.26446e-05
1731967200037,0.0001133742
1731970800119,0.0001020709
1731974400045,5.7983e-05
1731978000068,3.50943e-05
1731981600052,5.36589e-05
1731985200012,0.0001076273
1731988800130,0.0001093421
1731992400036,0.0001023995
1731996000042,0.0001143538
1731999600096,0.0001251543
1732003200108,0.0001122028
1732006800084,8.76147e-05
1732010400038,0.0001111557
1732014000026,0.0001099122
1732017600032,4.96674e-05
1732021200049,0.0001051219
1732024800071,9.57637e-05
1732028400040,7.97828e-05
1732032000033,7.99276e-05
1732035600037,0.0001207763
1732039200049,0.0001495356
1732042800141,0.0001554711
1732046400111,0.0001337368
1732050000022,0.0001150857
1732053600126,7.03403e-05
1732057200137,5.02248e-05
1732060800004,9.27074e-05
1732064400009,8.20671e-05
1732068000096,8.65451e-05
1732071600086,4.89256e-05
1732075200022,1.57511e-05
1732078800104,5.2029e-05
1732082400124,7.34202e-05
1732086000151,7.40811e-05
1732089600000,9.67215e-05
1732093200080,9.79386e-05
1732096800056,0.0001016542
1732100400035,8.93417e-05
1732104000003,7.13823e-05
1732107600016,5.90908e-05
1732111200164,0.0001088154
1732114800000,0.0001196611
1732118400138,9.27244e-05
1732122000063,4.79986e-05
1732125600107,1.68525e-05
1732129200153,1.25e-05
1732132800063,1.25e-05
1732136400002,1.25e-05
1732140000154,2.2959e-05
1732143600044,2.09767e-05
1732147200158,1.25e-05
1732150800103,1.36875e-05
1732154400048,1.25e-05
1732158000000,1.25e-05
1732161600033,1.77102e-05
1732165200029,2.11099e-05
1732168800040,5.62419e-05
1732172400154,2.78875e-05
1732176000026,4.15683e-05
1732179600027,2.85078e-05
1732183200129,3.0026e-05
1732186800099,3.29063e-05
1732190400060,3.96163e-05
1732194000044,8.25111e-05
1732197600037,0.0001313242
1732201200083,9.75579e-05
1732204800014,6.92812e-05
1732208400009,6.80352e-05
1732212000036,8.69571e-05
1732215600017,8.39855e-05
1732219200052,0.0001096195
1732222800010,0.0001014675
1732226400177,9.69499e-05
1732230000147,0.0001034079
1732233600010,9.82729e-05
1732237200038,7.90611e-05
1732240800137,7.63257e-05
1732244400041,0.0001391409
1732248000014,0.000158112
1732251600083,0.0001729999
1732255200105,0.0001551796
1732258800116,0.0001559028
1732262400170,0.0001227818
1732266000156,0.0001223976
1732269600112,0.0001237658
1732273200013,8.93656e-05
1732276800054,9.77028e-05
1732280400164,0.0001412471
1732284000085,0.0001391858
1732287600173,0.0001320771
1732291200072,0.00014883
1732294800033,0.0001398012
1732298400000,0.0001700637
1732302000034,9.64244e-05
1732305600003,0.0001083884
1732309200110,0.0001615434
1732312800019,0.0001413118
1732316400010,0.0002101831
1732320000189,0.0001950693
1732323600043,0.000181249
1732327200013,0.0002054903
1732330800022,0.0002798349
1732334400114,0.0002431907
1732338000074,0.0002095058
1732341600129,0.0001778284
1732345200128,0.0001633032
1732348800001,0.0001984725
1732352400138,0.0001510056
1732356000122,0.0001307251
1732359600104,0.0001764459
1732363200040,0.0001535142
1732366800187,0.0001580477
1732370400024,0.000167453
1732374000117,0.0001750219
1732377600053,0.000155375
1732381200188,9.0497e-05
1732384800028,7.88166e-05
1732388400122,8.59727e-05
1732392000110,7.82825e-05
1732395600117,1.85464e-05
1732399200146,6.42408e-05
1732402800057,5.49455e-05
1732406400116,3.58064e-05
1732410000034,8.00588e-05
1732413600161,7.65123e-05
1732417200183,0.0001172746
1732420800008,5.81117e-05
1732424400158,5.11483e-05
1732428000083,6.78538e-05
1732431600034,7.29961e-05
1732435200105,6.82765e-05
1732438800028,3.57769e-05
1732442400017,3.56494e-05
1732446000086,2.31386e-05
1732449600009,1.25e-05
1732453200072,1.25e-05
1732456800139,1.25e-05
1732460400016,1.25e-05
1732464000029,2.17693e-05
1732467600143,4.00144e-05
1732471200007,5.37362e-05
1732474800055,7.04989e-05
1732478400079,9.26437e-05
1732482000086,0.0001062965
1732485600075,5.94177e-05
1732489200006,6.18656e-05
1732492800027,0.0001020128
1732496400099,6.32491e-05
1732500000014,0.000107344
1732503600170,0.000116294
1732507200109,6.49247e-05
1732510800059,6.16071e-05
1732514400056,7.63772e-05
1732518000032,6.17146e-05
1732521600041,7.66782e-05
1732525200196,9.09828e-05
1732528800059,9.34828e-05
1732532400033,8.72794e-05
1732536000032,0.0001089344
1732539600094,5.21394e-05
1732543200005,3.33184e-05
1732546800055,2.81789e-05
1732550400024,1.25e-05
1732554000121,2.62877e-05
1732557600003,1.25e-05
1732561200014,1.25e-05
1732564800055,1.25e-05
1732568400130,1.25e-05
1732572000005,1.127e-05
1732575600048,-4.52088e-05
1732579200187,1.25e-05
1732582800170,1.25e-05
1732586400032,1.25e-05
1732590000144,1.25e-05
1732593600091,1.25e-05
1732597200048,1.25e-05
1732600800178,1.25e-05
1732604400031,1.25e-05
1732608000020,1.25e-05
1732611600051,1.25e-05
1732615200096,1.25e-05
1732618800155,1.25e-05
1732622400023,1.25e-05
1732626000084,1.25e-05
1732629600008,1.25e-05
1732633200097,1.25e-05
1732636800010,1.25e-05
1732640400096,1.25e-05
1732644000005,2.02638e-05
1732647600020,1.25e-05
1732651200022,1.46444e-05
1732654800130,2.58358e-05
1732658400006,5.89882e-05
1732662000075,4.65523e-05
1732665600045,4.55473e-05
1732669200019,2.77321e-05
1732672800052,3.86699e-05
1732676400169,5.83657e-05
1732680000180,5.32444e-05
1732683600001,5.65934e-05
1732687200048,3.6406e-05
1732690800005,5.97511e-05
1732694400099,7.95727e-05
1732698000042,3.34168e-05
1732701600054,5.13593e-05
1732705200089,5.71279e-05
1732708800045,6.70668e-05
1732712400027,4.6074e-05
1732716000022,5.94061e-05
1732719600011,6.66039e-05
1732723200003,8.7649e-05
1732726800140,6.20963e-05
1732730400016,5.88126e-05
1732734000013,8.27896e-05
1732737600024,0.000108562
1732741200034,0.0001067842
1732744800132,8.34455e-05
1732748400094,7.95026e-05
1732752000045,5.86245e-05
1732755600086,5.13876e-05
1732759200129,9.24937e-05
1732762800107,8.16159e-05
1732766400055,4.52426e-05
1732770000010,1.63544e-05
1732773600005,1.95206e-05
1732777200027,1.25e-05
1732780800089,1.25e-05
1732784400020,1.25e-05
1732788000117,2.54746e-05
1732791600049,2.18764e-05
1732795200142,1.32865e-05
1732798800069,1.25e-05
1732802400174,2.13088e-05
1732806000092,3.27199e-05
1732809600166,1.25e-05
1732813200156,1.25e-05
1732816800070,1.25e-05
1732820400024,1.25e-05
1732824000068,1.4479e-05
1732827600011,1.25e-05
1732831200027,1.68883e-05
1732834800103,4.9533e-05
1732838400189,5.91567e-05
1732842000052,3.84668e-05
1732845600022,6.15814e-05
1732849200013,5.76115e-05
1732852800135,4.89508e-05
1732856400101,3.41391e-05
1732860000079,5.90552e-05
1732863600173,5.20381e-05
1732867200316,2.62151e-05
1732870800381,1.25e-05
1732874400056,3.9783e-05
1732878000186,6.14363e-05
1732881600088,7.44018e-05
1732885200072,4.11782e-05
1732888800050,5.21587e-05
1732892400000,7.71328e-05
1732896000038,0.000130872
1732899600097,0.0001007958
1732903200144,0.0001009997
1732906800046,0.0001545247
1732910400100,0.0001054734
1732914000069,0.0001630693
1732917600114,0.0001130086
1732921200060,0.0001009816
1732924800132,9.54295e-05
1732928400050,5.72361e-05
1732932000175,8.46925e-05
1732935600000,8.36143e-05
1732939200168,0.000109411
1732942800098,0.0001087176
1732946400013,9.63651e-05
1732950000000,0.0001040789
1732953600130,0.0001327807
1732957200051,0.0001069497
1732960800033,0.000103937
1732964400004,7.92517e-05
1732968000046,8.61575e-05
1732971600081,8.75606e-05
1732975200023,8.08614e-05
1732978800055,7.18578e-05
1732982400033,6.95885e-05
1732986000067,4.49353e-05
1732989600086,6.95247e-05
1732993200147,7.3196e-05
1732996800011,6.95849e-05
1733000400136,8.93563e-05
1733004000017,0.0001059555
1733007600021,7.39162e-05
1733011200042,5.84994e-05
1733014800019,8.64263e-05
1733018400039,0.0001048461
1733022000000,5.57231e-05
1733025600030,4.70747e-05
1733029200057,8.90283e-05
1733032800028,8.73105e-05
1733036400022,7.73944e-05
1733040000115,9.5614e-05
1733043600137,7.05177e-05
1733047200107,6.42791e-05
1733050800061,6.53493e-05
1733054400110,7.00684e-05
1733058000119,4.85539e-05
1733061600166,4.58315e-05
1733065200019,9.64179e-05
1733068800178,9.63134e-05
1733072400013,0.000147359
1733076000000,0.0001158096
1733079600120,0.0001172153
1733083200096,9.4984e-05
1733086800019,9.38005e-05
1733090400136,0.0001616307
1733094000017,0.0002014274
1733097600064,0.0001630901
1733101200065,0.0001863758
1733104800134,0.0001821948
1733108400140,0.0001537809
1733112000109,9.24068e-05
1733115600028,2.4595e-05
1733119200085,6.03481e-05
1733122800011,4.04307e-05
1733126400162,4.8065e-05
1733130000034,1.25e-05
1733133600120,1.25e-05
1733137200033,1.25e-05
1733140800002,1.25e-05
1733144400039,1.25e-05
1733148000161,1.25267e-05
1733151600136,2.88528e-05
1733155200006,6.80428e-05
1733158800077,5.12936e-05
1733162400163,1.25e-05
1733166000017,3.34707e-05
1733169600142,5.21661e-05
1733173200101,6.58444e-05
1733176800146,6.98692e-05
1733180400034,6.32751e-05
1733184000180,0.0001003269
1733187600131,6.4528e-05
1733191200058,5.99026e-05
1733194800112,7.15138e-05
1733198400111,8.56246e-05
1733202000024,9.33524e-05
1733205600017,8.82243e-05
1733209200133,0.0001225368
1733212800132,8.99566e-05
1733216400123,5.40017e-05
1733220000037,6.33806e-05
1733223600089,8.54151e-05
1733227200179,9.4801e-05
1733230800076,7.83739e-05
1733234400109,1.68576e-05
1733238000078,1.79996e-05
1733241600091,6.56694e-05
1733245200158,4.85423e-05
1733248800000,2.55958e-05
1733252400101,4.63076e-05
1733256000016,5.78514e-05
1733259600010,9.73166e-05
1733263200108,0.0001289858
1733266800145,0.0001600174
1733270400128,0.0001665895
1733274000093,0.0001550206
1733277600173,0.0001393227
1733281200030,8.59703e-05
1733284800119,0.0001218169
1733288400049,0.0001254908
1733292000009,0.0001298836
1733295600190,0.0001242682
1733299200123,0.0001259757
1733302800007,0.0001080133
1733306400004,9.60484e-05
1733310000086,0.0001083419
1733313600064,0.0001609628
1733317200060,7.88837e-05
1733320800104,7.41836e-05
1733324400024,8.05375e-05
1733328000192,0.0001157634
1733331600088,1.42348e-05
1733335200197,4.2551e-05
1733338800023,7.05313e-05
1733342400024,0.0001105313
1733346000064,0.0001323348
1733349600094,0.0002084868
1733353200039,0.0001287026
1733356800043,0.0001370897
1733360400021,0.0001315271
1733364000019,1.25e-05
1733367600018,7.78788e-05
1733371200017,0.0002142398
1733374800176,0.0002455187
1733378400188,0.0002230103
1733382000008,0.0001805199
1733385600120,0.0001708779
1733389200045,0.0001486986
1733392800004,0.0001659869
1733396400003,0.0001686001
1733400000042,0.0001668402
1733403600067,0.000179179
1733407200099,0.0002289099
1733410800049,0.000191033
1733414400097,0.0001094487
1733418000041,9.91811e-05
1733421600001,0.0001121765
1733425200061,0.0001167244
1733428800038,0.000110685
1733432400184,4.6483e-05
1733436000023,5.19342e-05
1733439600149,7.7769e-05
1733443200143,0.0001067335
1733446800187,0.0001033471
1733450400083,0.0001224861
1733454000016,0.0001179142
1733457600012,0.0001321051
1733461200025,0.0001783459
1733464800022,0.0001882888
1733468400114,0.0002037231
1733472000176,0.000182779
1733475600041,0.0001886461
1733479200033,4.74172e-05
1733482800029,1.31216e-05
1733486400038,3.47837e-05
1733490000002,3.59747e-05
1733493600046,6.20607e-05
1733497200141,0.0001388082
1733500800065,0.0001684444
1733504400122,0.0001190332
1733508000062,0.0001333579
1733511600093,0.0001784334
1733515200001,0.0001787544
1733518800169,0.0001955042
1733522400012,0.0001411886
1733526000077,0.0001176871
1733529600117,0.0001011535
1733533200005,0.0001108237
1733536800077,0.0001012584
1733540400005,0.0001150224
1733544000047,0.0001002856
1733547600108,0.000111782
1733551200082,7.3854e-05
1733554800073,9.15827e-05
1733558400112,0.0001192488
1733562000190,9.87511e-05
1733565600041,0.0001302555
1733569200049,0.0001622062
1733572800039,0.0001649815
1733576400037,0.0001117499
1733580000015,9.99746e-05
1733583600069,0.0001349979
1733587200078,0.0001747816
1733590800064,0.0001800462
1733594400013,0.000188383
1733598000052,0.0002100603
1733601600030,0.0001707826
1733605200167,0.0001669101
1733608800107,0.0001294714
1733612400072,0.0001193139
1733616000184,0.0001295714
1733619600181,0.0001172511
1733623200137,0.0001864144
1733626800135,0.0001755567
1733630400191,0.0001888984
1733634000026,0.0002458448
1733637600009,0.0001253464
1733641200165,0.0001393698
1733644800080,0.0001457583
1733648400072,6.29314e-05
1733652000150,3.071e-05
1733655600005,1.25e-05
1733659200024,1.56223e-05
1733662800071,4.29295e-05
1733666400005,5.40136e-05
1733670000009,5.86919e-05
1733673600032,5.62072e-05
1733677200004,7.44832e-05
1733680800078,8.48668e-05
1733684400008,7.71322e-05
1733688000044,7.94135e-05
1733691600016,7.24958e-05
1733695200095,5.81751e-05
1733698800022,5.01068e-05
1733702400197,8.0044e-05
1733706000025,5.35346e-05
1733709600016,2.79423e-05
1733713200013,1.25e-05
1733716800103,1.25e-05
1733720400198,2.35709e-05
1733724000146,4.20645e-05
1733727600101,1.25e-05
1733731200100,1.25e-05
1733734800176,1.25e-05
1733738400052,1.25e-05
1733742000007,1.25e-05
1733745600009,1.25e-05
1733749200000,1.25e-05
1733752800014,5.13632e-05
1733756400126,8.24325e-05
1733760000113,3.76945e-05
1733763600146,6.39109e-05
1733767200000,6.80437e-05
1733770800128,5.04254e-05
1733774400064,3.54454e-05
1733778000032,1.25e-05
1733781600074,1.25e-05
1733785200012,1.25e-05
1733788800013,1.25e-05
1733792400014,1.25e-05
1733796000013,1.25e-05
1733799600066,1.25e-05
1733803200108,1.25e-05
1733806800113,1.25e-05
1733810400107,2.16102e-05
1733814000027,2.7772e-05
1733817600115,2.26023e-05
1733821200036,1.25e-05
1733824800027,1.25e-05
1733828400145,1.25e-05
1733832000107,1.25e-05
1733835600179,1.25e-05
1733839200083,1.25e-05
1733842800055,1.25e-05
1733846400157,1.25e-05
1733850000188,1.25e-05
1733853600201,1.25e-05
1733857200191,1.25e-05
1733860800011,1.25e-05
1733864400102,2.68567e-05
1733868000130,1.25e-05
1733871600073,1.25e-05
1733875200086,1.25e-05
1733878800036,1.25e-05
1733882400011,1.25e-05
1733886000069,1.25e-05
1733889600039,2.40059e-05
1733893200032,1.25e-05
1733896800021,1.25e-05
1733900400003,1.25e-05
1733904000007,1.96817e-05
1733907600128,1.25e-05
1733911200108,1.25e-05
1733914800000,2.8983e-05
1733918400193,1.25e-05
1733922000031,2.7359e-05
1733925600003,3.55027e-05
1733929200192,5.90744e-05
1733932800151,4.59374e-05
1733936400022,3.01347e-05
1733940000038,1.39408e-05
1733943600006,2.22663e-05
1733947200089,3.04223e-05
1733950800070,1.99652e-05
1733954400004,1.25e-05
1733958000152,2.08179e-05
1733961600095,3.22267e-05
1733965200011,1.43429e-05
1733968800142,1.25e-05
1733972400041,2.62134e-05
1733976000070,6.11111e-05
1733979600090,8.17618e-05
1733983200187,7.42141e-05
1733986800040,5.33524e-05
1733990400130,3.84881e-05
1733994000031,2.33332e-05
1733997600113,2.11549e-05
1734001200012,2.87377e-05
1734004800116,3.05911e-05
1734008400186,6.69073e-05
1734012000153,0.0001011013
1734015600002,5.28267e-05
1734019200005,9.55197e-05
1734022800130,7.51836e-05
1734026400057,7.28677e-05
1734030000002,8.37459e-05
1734033600078,3.57663e-05
1734037200092,1.25e-05
1734040800068,2.2438e-05
1734044400199,2.83652e-05
1734048000007,1.25e-05
1734051600006,1.25e-05
1734055200142,1.25e-05
1734058800132,1.25e-05
1734062400122,1.25e-05
1734066000160,1.25e-05
1734069600174,2.04234e-05
1734073200029,1.25e-05
1734076800029,1.25e-05
1734080400139,1.25e-05
1734084000090,1.25e-05
1734087600126,1.25e-05
1734091200121,1.25e-05
1734094800121,1.25e-05
1734098400156,1.25e-05
1734102000115,2.32235e-05
1734105600002,3.58282e-05
1734109200046,2.74832e-05
1734112800025,3.16338e-05
1734116400049,4.61257e-05
1734120000020,7.21753e-05
1734123600110,6.85029e-05
1734127200090,6.46735e-05
1734130800117,3.54464e-05
1734134400106,7.12891e-05
1734138000050,6.92122e-05
1734141600070,6.02338e-05
1734145200014,5.24744e-05
1734148800050,7.66748e-05
1734152400058,7.25959e-05
1734156000017,8.01882e-05
1734159600128,6.74887e-05
1734163200018,3.77468e-05
1734166800077,3.79104e-05
1734170400045,2.63262e-05
1734174000086,1.47638e-05
1734177600067,1.25e-05
1734181200024,1.25e-05
1734184800138,1.25e-05
1734188400014,1.25e-05
1734192000145,1.25e-05
1734195600175,1.25e-05
1734199200080,1.25e-05
1734202800001,1.25e-05
1734206400132,1.25e-05
1734210000117,1.25e-05
1734213600120,1.25e-05
1734217200155,1.25e-05
1734220800140,1.25e-05
1734224400156,1.25e-05
1734228000137,1.25e-05
1734231600012,1.25e-05
1734235200045,1.25e-05
1734238800063,1.25e-05
1734242400037,1.25e-05
1734246000190,1.25e-05
1734249600001,1.25e-05
1734253200193,1.25e-05
1734256800095,1.25e-05
1734260400117,1.25e-05
1734264000054,2.15682e-05
1734267600108,4.06128e-05
1734271200120,3.54205e-05
1734274800039,4.17646e-05
1734278400054,7.36213e-05
1734282000043,7.1639e-05
1734285600004,8.36704e-05
1734289200034,6.6412e-05
1734292800007,6.92625e-05
1734296400025,5.40523e-05
1734300000004,1.25e-05
1734303600059,2.63818e-05
1734307200057,7.45029e-05
1734310800062,0.0001059257
1734314400100,0.0001266723
1734318000020,8.71953e-05
1734321600126,5.41509e-05
1734325200134,3.88039e-05
1734328800044,2.93783e-05
1734332400124,5.53877e-05
1734336000011,5.50696e-05
1734339600164,3.63465e-05
1734343200129,4.24746e-05
1734346800125,1.25e-05
1734350400065,1.25e-05
1734354000027,1.25e-05
1734357600037,1.25e-05
1734361200036,1.25e-05
1734364800030,4.25791e-05
1734368400128,6.66201e-05
1734372000081,9.95105e-05
1734375600179,0.0001089909
1734379200011,8.04381e-05
1734382800139,5.32505e-05
1734386400178,3.38169e-05
1734390000141,6.67526e-05
1734393600027,3.08155e-05
1734397200190,1.25e-05
1734400800131,1.25e-05
1734404400052,1.48259e-05
1734408000112,3.63728e-05
1734411600073,1.27442e-05
1734415200042,1.25e-05
1734418800001,1.25e-05
1734422400199,1.25e-05
1734426000041,1.25e-05
1734429600030,1.25e-05
1734433200059,3.1699e-05
1734436800135,5.43101e-05
1734440400089,4.77616e-05
1734444000008,5.22682e-05
1734447600051,2.99427e-05
1734451200107,1.34482e-05
1734454800005,2.90228e-05
1734458400001,3.60735e-05
1734462000091,2.77182e-05
1734465600152,1.52677e-05
1734469200014,4.46448e-05
1734472800139,3.82154e-05
1734476400030,1.25e-05
1734480000134,1.25e-05
1734483600017,1.25e-05
1734487200075,1.25e-05
1734490800024,1.25e-05
1734494400008,1.25e-05
1734498000033,1.25e-05
1734501600010,1.25e-05
1734505200190,1.25e-05
1734508800172,1.25e-05
1734512400153,1.25e-05
1734516000036,1.25e-05
1734519600017,1.25e-05
1734523200021,1.25e-05
1734526800186,1.25e-05
1734530400040,1.25e-05
1734534000062,1.25e-05
1734537600165,1.25e-05
1734541200133,1.25e-05
1734544800004,1.25e-05
1734548400131,1.25e-05
1734552000058,1.25e-05
1734555600061,-9.92043e-05
1734559200151,-4.15695e-05
1734562800109,-2.68405e-05
1734566400138,-7.5316e-06
1734570000134,1.24574e-05
1734573600015,-1.1967e-06
1734577200026,-5.22047e-05
1734580800134,-1.17617e-05
1734584400007,1.01574e-05
1734588000108,7.8742e-06
1734591600189,1.12623e-05
1734595200086,1.25e-05
1734598800006,1.25e-05
1734602400020,1.25e-05
1734606000065,1.25e-05
1734609600143,1.25e-05
1734613200023,1.25e-05
1734616800137,1.25e-05
1734620400141,1.25e-05
1734624000033,-2.51974e-05
1734627600004,1.25e-05
1734631200081,-2.5479e-05
1734634800069,-7.54592e-05
1734638400105,-3.08264e-05
1734642000149,1.841e-07
1734645600062,5.8429e-06
1734649200062,-5.5136e-06
1734652800089,1.25e-05
1734656400028,1.25e-05
1734660000068,1.25e-05
1734663600023,1.25e-05
1734667200007,1.25e-05
1734670800148,1.25e-05
1734674400043,1.25e-05
1734678000058,5.9116e-06
1734681600050,1.25e-05
1734685200041,6.6578e-06
1734688800015,-9.4498e-06
1734692400165,-5.56545e-05
1734696000134,6.8566e-06
1734699600054,-1.15829e-05
1734703200157,-2.97328e-05
1734706800372,-2.16369e-05
1734710400071,-3.51916e-05
1734714000158,-8.2469e-06
1734717600175,-5.3721e-06
1734721200089,-5.30996e-05
1734724800076,-4.28786e-05
1734728400218,-2.70916e-05
1734732000090,-1.98293e-05
1734735601106,-3.6045e-06
1734739200176,-3.9667e-06
1734742800125,-2.1457e-06
1734746400025,-6.8253e-06
1734750000461,1.20728e-05
1734753600463,1.25e-05
1734757200612,1.25e-05
1734760800178,1.25e-05
1734764400062,1.25e-05
1734768000183,1.25e-05
1734771600199,1.25e-05
1734775200079,1.25e-05
1734778800083,1.25e-05
1734782400088,1.25e-05
1734786000065,1.25e-05
1734789600110,-1.98195e-05
1734793200221,-2.25041e-05
1734796800103,8.483e-06
1734800400106,-1.5007e-06
1734804000270,-3.056e-05
1734807600136,-4.07954e-05
1734811200200,-2.98652e-05
1734814800065,-7.3467e-06
1734818400060,-3.17735e-05
1734822000098,-1.52529e-05
1734825600296,3.5166e-06
1734829200167,3.3578e-06
1734832800177,-1.6945e-06
1734836400496,1.25e-05
1734840000535,1.25e-05
1734843600183,2.5171e-06
1734847200088,1.25e-05
1734850800001,6.8149e-06
1734854400256,2.2536e-06
1734858000151,1.25e-05
1734861600387,-1.0092e-06
1734865200259,-6.0853e-06
1734868800073,7.5573e-06
1734872400009,9.079e-06
1734876000000,-3.2e-06
1734879600080,-1.1913e-06
1734883200130,-7.7785e-06
1734886800087,-1.14698e-05
1734890400270,-9.2494e-06
1734894000174,5.495e-06
1734897600229,-3.2686e-06
1734901200173,-1.12609e-05
1734904800014,-1.25469e-05
1734908400046,-4.8346e-06
1734912000211,5.1146e-06
1734915600010,-1.98813e-05
1734919200090,-3.21605e-05
1734922800235,-4.21492e-05
1734926400204,-6.9449e-06
1734930000445,-5.9061e-06
1734933600146,-3.79117e-05
1734937200295,-1.85059e-05
1734940800718,-3.24869e-05
1734944400147,3.7159e-06
1734948000047,-4.4782e-06
1734951600034,-8.4386e-06
1734955200188,-7.5173e-06
1734958800165,1.25e-05
1734962400151,-1.76765e-05
1734966000328,-4.11428e-05
1734969600214,-3.51222e-05
1734973200101,-1.3715e-05
1734976800092,-2.06482e-05
1734980400305,-1.22204e-05
1734984000315,-2.37773e-05
1734987600326,-2.43467e-05
1734991200121,-1.15134e-05
1734994800365,-1.7568e-06
1734998400623,-4.3151e-06
1735002000106,-6.9118e-06
1735005600109,-3.04173e-05
1735009200094,-1.93604e-05
1735012800136,-8.6992e-06
1735016400121,1.24738e-05
1735020000016,1.25e-05
1735023600429,1.25e-05
1735027200112,1.25e-05
1735030800128,1.25e-05
1735034400082,1.25e-05
1735038000001,1.25e-05
1735041600173,1.00781e-05
1735045200001,1.25e-05
1735048800034,1.25e-05
1735052400069,1.25e-05
1735056000181,1.25e-05
1735059600249,1.25e-05
1735063200085,1.25e-05
1735066800177,1.25e-05
1735070400113,1.25e-05
1735074000590,1.12726e-05
1735077600084,1.25e-05
1735081200123,1.25e-05
1735084800015,1.25e-05
1735088400601,1.25e-05
1735092000359,1.25e-05
1735095600132,1.25e-05
1735099200776,1.25e-05
1735102800076,-1.34773e-05
1735106400119,-5.4018e-06
1735110000298,9.4251e-06
1735113600036,8.4865e-06
1735117200563,7.8752e-06
1735120800531,1.25e-05
1735124400119,1.25e-05
1735128000000,1.16963e-05
1735131600040,-1.35529e-05
1735135200455,-9.7407e-06
1735138800061,1.25e-05
1735142400028,1.05641e-05
1735146000169,-4.9931e-06
1735149600017,5.416e-06
1735153200113,1.25e-05
1735156800004,1.25e-05
1735160400585,1.25e-05
1735164000343,1.25e-05
1735167600007,8.9914e-06
1735171200565,1.25e-05
1735174800080,1.25e-05
1735178400089,1.25e-05
1735182000693,1.25e-05
1735185600063,7.9324e-06
1735189200573,-2.44862e-05
1735192800061,-3.11394e-05
1735196400031,-2.21449e-05
1735200000635,-3.34122e-05
1735203600103,-1.68922e-05
1735207200621,-1.02477e-05
1735210800108,-7.191e-06
1735214400786,-3.79363e-05
1735218000746,-1.6628e-05
1735221600153,-8.8907e-06
1735225200361,-2.16742e-05
1735228800783,-1.46892e-05
1735232400262,-2.02054e-05
1735236000065,-1.94294e-05
1735239600024,-2.48668e-05
1735243200510,-3.01755e-05
1735246800015,-2.0638e-05
1735250400031,-1.08433e-05
1735254000101,-1.31709e-05
1735257600011,-1.58193e-05
1735261200074,-6.3899e-06
1735264800047,-8.693e-07
1735268400640,-7.7433e-06
1735272000266,-5.3446e-06
1735275600123,1.976e-06
1735279200110,-7.987e-06
1735282800104,7.754e-06
1735286400757,1.0215e-06
1735290000104,-2.17516e-05
1735293600013,-4.6558e-06
1735297200522,-1.82793e-05
1735300800848,-5.7263e-06
1735304400549,-7.4388e-06
1735308000059,-3.64532e-05
1735311600047,-9.2663e-06
1735315200111,-2.29837e-05
1735318800120,-8.657e-06
1735322400103,-2.0452e-05
1735326000038,-8.0778e-06
1735329600144,-1.72523e-05
1735333200111,-2.66834e-05
1735336800250,-3.46787e-05
1735340400044,-4.03548e-05
1735344000216,-3.45525e-05
1735347600296,-3.40896e-05
1735351200080,-1.67187e-05
1735354800079,1.25e-05
1735358400020,5.4963e-06
1735362000248,6.7565e-06
1735365600284,1.012e-06
1735369200034,-4.8371e-06
1735372800267,-1.28204e-05
1735376400206,-1.1157e-06
1735380000038,-2.43e-06
1735383600431,-8.8145e-06
1735387200072,-2.3501e-06
1735390800328,2.5451e-06
1735394400016,-2.7124e-06
1735398000073,1.25e-05
1735401600227,1.25e-05
1735405200101,1.25e-05
1735408800121,1.25e-05
1735412400042,1.25e-05
1735416000020,1.25e-05
1735419600343,1.25e-05
1735423200159,1.25e-05
1735426800457,1.25e-05
1735430400072,1.25e-05
1735434000123,1.25e-05
1735437600104,1.25e-05
1735441200333,1.25e-05
1735444800892,1.25e-05
1735448400034,1.25e-05
1735452000087,1.25e-05
1735455600850,1.25e-05
1735459200004,1.25e-05
1735462800035,1.25e-05
1735466400667,1.25e-05
1735470000960,1.25e-05
1735473600040,1.25e-05
1735477200387,1.25e-05
1735480800151,1.25e-05
1735484400351,1.25e-05
1735488000353,1.25e-05
1735491600405,1.25e-05
1735495200486,1.25e-05
1735498800024,1.25e-05
1735502400083,1.25e-05
1735506000766,1.23765e-05
1735509601218,1.15322e-05
1735513200026,2.1071e-06
1735516800793,1.25e-05
1735520400380,1.25e-05
1735524000484,1.25e-05
1735527600109,1.25e-05
1735531200532,1.0713e-05
1735534800438,6.0621e-06
1735538400375,1.25e-05
1735542000542,1.25e-05
1735545600011,1.25e-05
1735549200333,1.25e-05
1735552800117,1.25e-05
1735556400112,1.25e-05
1735560000460,1.25e-05
1735563600327,1.25e-05
1735567200103,1.25e-05
1735570800010,1.25e-05
1735574400098,1.25e-05
1735578000072,1.25e-05
1735581600885,1.25e-05
1735585200074,1.25e-05
1735588800039,1.25e-05
1735592400279,1.25e-05
1735596000101,1.25e-05
1735599600129,1.25e-05
1735603200090,1.25e-05
1735606800027,1.25e-05
1735610400310,1.25e-05
1735614000061,1.25e-05
1735617600028,1.25e-05
1735621200613,1.25e-05
1735624800861,1.25e-05
1735628400438,1.25e-05
1735632000107,1.25e-05
1735635600420,1.25e-05
1735639200116,1.25e-05
1735642800436,1.25e-05
1735646400100,1.25e-05
1735650000127,1.25e-05
1735653600001,1.25e-05
1735657200119,1.25e-05
1735660800034,1.25e-05
1735664400101,1.25e-05
1735668000088,1.25e-05
1735671600057,1.25e-05
1735675200076,1.25e-05
1735678800120,1.25e-05
1735682400002,1.25e-05
1735686000138,1.25e-05
1735689600054,1.25e-05
1735693200077,1.25e-05
1735696800072,1.25e-05
1735700400125,1.25e-05
1735704000070,1.25e-05
1735707600170,1.25e-05
1735711200066,1.25e-05
1735714800086,1.25e-05
1735718400132,1.25e-05
1735722000046,1.25e-05
1735725600089,1.25e-05
1735729200037,1.25e-05
1735732800109,1.25e-05
1735736400136,1.25e-05
1735740000197,1.25e-05
1735743600144,1.25e-05
1735747200147,1.25e-05
1735750800012,1.25e-05
1735754400038,1.25e-05
1735758000085,1.25e-05
1735761600055,1.25e-05
1735765200084,1.25e-05
1735768800022,1.25e-05
1735772400024,1.25e-05
1735776000035,1.25e-05
1735779600036,1.25e-05
1735783200113,1.25e-05
1735786800118,1.25e-05
1735790400032,1.25e-05
1735794000034,1.25e-05
1735797600034,1.25e-05
1735801200117,1.25e-05
1735804800072,1.25e-05
1735808400183,1.25e-05
1735812000103,1.25e-05
1735815600036,1.25e-05
1735819200001,1.25e-05
1735822800000,1.25e-05
1735826400005,1.25e-05
1735830000058,1.25e-05
1735833600187,1.25e-05
1735837200037,1.25e-05
1735840800194,1.25e-05
1735844400036,1.25e-05
1735848000101,1.25e-05
1735851600054,1.25e-05
1735855200028,1.25e-05
1735858800038,1.25e-05
1735862400016,1.25e-05
1735866000130,1.25e-05
1735869600124,1.25e-05
1735873200115,1.25e-05
1735876800045,1.25e-05
1735880400012,1.25e-05
1735884000188,1.42833e-05
1735887600102,1.25e-05
1735891200031,1.25e-05
1735894800014,1.25e-05
1735898400053,1.25e-05
1735902000015,1.47886e-05
1735905600016,2.97539e-05
1735909200072,3.65809e-05
1735912800035,2.1108e-05
1735916400057,3.91695e-05
1735920000097,5.78717e-05
1735923600034,3.7278e-05
1735927200018,3.86303e-05
1735930800050,4.34359e-05
1735934400058,4.97748e-05
1735938000099,6.37283e-05
1735941600061,6.89221e-05
1735945200013,4.51306e-05
1735948800067,4.11258e-05
1735952400033,2.77656e-05
1735956000072,3.18976e-05
1735959600018,4.48158e-05
1735963200119,4.48231e-05
1735966800006,1.72758e-05
1735970400167,4.3633e-05
1735974000098,1.25e-05
1735977600019,3.29246e-05
1735981200117,1.5296e-05
1735984800045,2.90367e-05
1735988400071,2.35969e-05
1735992000052,1.67317e-05
1735995600105,2.27121e-05
1735999200014,4.26475e-05
1736002800155,2.28805e-05
1736006400022,2.15535e-05
1736010000040,2.24784e-05
1736013600079,2.01844e-05
1736017200101,2.10826e-05
1736020800100,1.25e-05
1736024400102,1.80642e-05
1736028000010,2.6062e-05
1736031600012,6.00853e-05
1736035200051,5.86892e-05
1736038800122,5.37804e-05
1736042400117,2.2007e-05
1736046000108,2.08719e-05
1736049600097,1.25e-05
1736053200037,1.76401e-05
1736056800110,3.10799e-05
1736060400194,1.55159e-05
1736064000181,1.25e-05
1736067600099,1.25e-05
1736071200095,1.25e-05
1736074800153,2.31057e-05
1736078400156,2.43311e-05
1736082000028,2.76361e-05
1736085600012,3.33799e-05
1736089200048,2.88027e-05
1736092800155,1.79263e-05
1736096400077,1.25e-05
1736100000079,1.25e-05
1736103600168,1.25e-05
1736107200074,1.25e-05
1736110800003,1.25e-05
1736114400035,1.25e-05
1736118000077,1.25e-05
1736121600051,1.25e-05
1736125200060,1.25e-05
1736128800154,1.25e-05
1736132400075,1.25e-05
1736136000128,1.25e-05
1736139600000,1.25e-05
1736143200185,1.86606e-05
1736146800131,1.25e-05
1736150400073,1.25e-05
1736154000015,1.25e-05
1736157600054,1.25e-05
1736161200042,1.25e-05
1736164800111,1.25e-05
1736168400020,1.25e-05
1736172000121,1.25e-05
1736175600155,1.25e-05
1736179200140,3.1647e-05
1736182800077,1.71673e-05
1736186400010,1.75526e-05
1736190000134,2.38403e-05
1736193600187,3.32181e-05
1736197200083,1.63739e-05
1736200800121,2.65328e-05
1736204400186,1.42818e-05
1736208000104,1.25e-05
1736211600085,1.25e-05
1736215200091,1.50755e-05
1736218800104,1.27215e-05
1736222400070,1.25e-05
1736226000009,1.25e-05
1736229600005,1.25e-05
1736233200130,1.25e-05
1736236800163,1.25e-05
1736240400047,1.25e-05
1736244000098,1.37667e-05
1736247600103,1.25e-05
1736251200105,1.25e-05
1736254800183,1.25e-05
1736258400052,1.3756e-05
1736262000015,1.25e-05
1736265600013,1.25e-05
1736269200051,1.25e-05
1736272800096,1.25e-05
1736276400188,1.25e-05
1736280000151,1.25e-05
1736283600083,1.25e-05
1736287200149,1.25e-05
1736290800083,1.25e-05
1736294400045,1.25e-05
1736298000061,1.25e-05
1736301600024,1.25e-05
1736305200085,1.25e-05
1736308800082,1.25e-05
1736312400006,1.25e-05
1736316000126,1.25e-05
1736319600099,1.25e-05
1736323200057,1.25e-05
1736326800021,1.25e-05
1736330400130,1.25e-05
1736334000088,1.25e-05
1736337600297,1.25e-05
1736341200100,1.25e-05
1736344800141,1.25e-05
1736348400169,1.25e-05
1736352000035,1.25e-05
1736355600205,1.25e-05
1736359200096,1.25e-05
1736362800158,1.25e-05
1736366400033,1.25e-05
1736370000050,1.25e-05
1736373600082,1.25e-05
1736377200059,1.25e-05
1736380800021,1.25e-05
1736384400197,1.25e-05
1736388000118,1.25e-05
1736391600050,1.25e-05
1736395200092,1.25e-05
1736398800009,1.25e-05
1736402400051,1.25e-05
1736406000029,1.25e-05
1736409600091,1.25e-05
1736413200099,1.25e-05
1736416800050,1.25e-05
1736420400057,1.25e-05
1736424000149,1.25e-05
1736427600013,1.25e-05
1736431200198,-8.1201e-06
1736434800148,-9.7485e-06
1736438400015,1.25e-05
1736442000118,8.876e-07
1736445600005,7.3024e-06
1736449200000,1.06656e-05
1736452800045,-6.559e-07
1736456400083,-1.66568e-05
1736460000003,2.31e-07
1736463600084,-8.9635e-06
1736467200033,-1.32166e-05
1736470800111,4.3387e-06
1736474400183,1.7803e-06
1736478000180,7.9725e-06
1736481600031,4.0527e-06
1736485200133,1.25e-05
1736488800018,1.25e-05
1736492400054,1.25e-05
1736496000107,1.25e-05
1736499600038,1.25e-05
1736503200050,1.25e-05
1736506800023,1.25e-05
1736510400022,1.25e-05
1736514000049,1.25e-05
1736517600033,1.25e-05
1736521200078,1.25e-05
1736524800097,1.25e-05
1736528400017,1.25e-05
1736532000112,1.25e-05
1736535600114,1.25e-05
1736539200153,1.25e-05
1736542800077,1.25e-05
1736546400025,1.25e-05
1736550000163,1.25e-05
1736553600118,1.25e-05
1736557200026,1.25e-05
1736560800017,1.25e-05
1736564400000,1.25e-05
1736568000085,1.12013e-05
1736571600018,1.24939e-05
1736575200132,1.25e-05
1736578800031,1.25e-05
1736582400034,1.25e-05
1736586000011,1.25e-05
1736589600001,1.25e-05
1736593200055,1.25e-05
1736596800173,1.25e-05
1736600400099,1.25e-05
1736604000166,1.25e-05
1736607600179,1.25e-05
1736611200177,1.25e-05
1736614800100,1.25e-05
1736618400069,1.25e-05
1736622000007,1.25e-05
1736625600013,1.25e-05
1736629200011,1.25e-05
1736632800145,1.25e-05
1736636400184,1.25e-05
1736640000194,1.25e-05
1736643600014,1.25e-05
1736647200018,1.25e-05
1736650800019,1.25e-05
1736654400003,1.25e-05
1736658000022,1.25e-05
1736661600078,1.25e-05
1736665200023,1.25e-05
1736668800041,1.25e-05
1736672400026,1.25e-05
1736676000012,1.25e-05
1736679600026,1.25e-05
1736683200007,1.25e-05
1736686800104,1.25e-05
1736690400011,1.25e-05
1736694000016,1.25e-05
1736697600136,1.25e-05
1736701200106,1.25e-05
1736704800003,1.25e-05
1736708400087,1.25e-05
1736712000140,1.25e-05
1736715600103,1.25e-05
1736719200174,1.25e-05
1736722800046,1.25e-05
1736726400073,1.25e-05
1736730000151,1.25e-05
1736733600144,1.25e-05
1736737200003,1.25e-05
1736740800137,1.25e-05
1736744400131,-4.145e-06
1736748000000,-1.01471e-05
1736751600083,-3.5119e-06
1736755200072,1.25e-05
1736758800160,1.25e-05
1736762400059,1.25e-05
1736766000062,1.25e-05
1736769600187,1.25e-05
1736773200104,-3.18485e-05
1736776800076,-1.39592e-05
1736780400082,-2.12415e-05
1736784000194,-1.04675e-05
1736787600514,-4.238e-06
1736791200117,-1.85327e-05
1736794800016,-6.991e-06
1736798400124,-3.4342e-06
1736802000069,2.5212e-06
1736805600130,3.7694e-06
1736809200053,1.25e-05
1736812800075,1.25e-05
1736816400141,1.25e-05
1736820000115,1.25e-05
1736823600069,1.25e-05
1736827200028,1.25e-05
1736830800021,1.25e-05
1736834400128,1.25e-05
1736838000034,1.25e-05
1736841600149,1.25e-05
1736845200182,1.25e-05
1736848800071,1.25e-05
1736852400081,1.25e-05
1736856000083,1.25e-05
1736859600176,1.25e-05
1736863200133,1.25e-05
1736866800123,1.25e-05
1736870400085,1.25e-05
1736874000004,1.25e-05
1736877600060,1.25e-05
1736881200188,1.25e-05
1736884800147,1.25e-05
1736888400072,1.25e-05
1736892000111,1.25e-05
1736895600071,1.25e-05
1736899200012,1.25e-05
1736902800003,1.25e-05
1736906400002,1.25e-05
1736910000147,1.25e-05
1736913600198,1.25e-05
1736917200111,1.25e-05
1736920800112,1.25e-05
1736924400054,1.25e-05
1736928000102,1.25e-05
1736931600020,1.25e-05
1736935200107,1.25e-05
1736938800047,1.25e-05
1736942400029,1.25e-05
1736946000128,1.25e-05
1736949600061,1.25e-05
1736953200030,1.25e-05
1736956800195,1.42047e-05
1736960400135,1.25e-05
1736964000124,1.25e-05
1736967600005,1.25e-05
1736971200115,3.63011e-05
1736974800087,3.6406e-05
1736978400101,3.19278e-05
1736982000026,3.33615e-05
1736985600186,5.17897e-05
1736989200030,2.20063e-05
1736992800006,2.58985e-05
1736996400167,2.29919e-05
1737000000096,1.25e-05
1737003600016,1.25e-05
1737007200009,1.77404e-05
1737010800070,2.43529e-05
1737014400096,3.2906e-05
1737018000037,2.09596e-05
1737021600075,3.19774e-05
1737025200014,3.19816e-05
1737028800144,3.90943e-05
1737032400071,5.55912e-05
1737036000106,3.00517e-05
1737039600095,1.92e-05
1737043200028,4.2652e-05
1737046800052,5.63191e-05
1737050400064,2.1257e-05
1737054000114,2.50173e-05
1737057600020,5.09952e-05
1737061200122,6.1096e-05
1737064800071,2.54716e-05
1737068400088,1.25e-05
1737072000048,1.25e-05
1737075600035,1.25e-05
1737079200000,2.10304e-05
1737082800028,3.68825e-05
1737086400153,4.65936e-05
1737090000041,4.80466e-05
1737093600034,6.20467e-05
1737097200011,5.95033e-05
1737100800050,7.39719e-05
1737104400042,7.00102e-05
1737108000056,6.20311e-05
1737111600141,4.50014e-05
1737115200077,5.15016e-05
1737118800089,3.04989e-05
1737122400047,4.0157e-05
1737126000132,5.69745e-05
1737129600005,0.0001041667
1737133200169,0.0001159615
1737136800183,8.35008e-05
1737140400116,1.25e-05
1737144000191,5.06127e-05
1737147600109,3.78945e-05
1737151200071,2.74918e-05
1737154800010,3.57717e-05
1737158400007,3.86006e-05
1737162000151,7.26649e-05
1737165600121,6.62272e-05
1737169200118,4.28089e-05
1737172800019,1.25e-05
1737176400183,1.25e-05
1737180000140,1.25e-05
1737183600030,5.0317e-06
1737187200039,1.25e-05
1737190800066,1.25e-05
1737194400096,1.25e-05
1737198000039,1.25e-05
1737201600004,1.25e-05
1737205200088,1.25e-05
1737208800164,1.25e-05
1737212400005,1.25e-05
1737216000154,1.25e-05
1737219600012,1.25e-05
1737223200086,1.25e-05
1737226800195,1.25e-05
1737230400068,1.25e-05
1737234000103,1.25e-05
1737237600014,1.25e-05
1737241200059,1.25e-05
1737244800142,1.25e-05
1737248400105,1.25e-05
1737252000048,1.25e-05
1737255600008,2.49917e-05
1737259200008,2.51444e-05
1737262800032,1.25e-05
1737266400076,1.25e-05
1737270000102,1.25e-05
1737273600077,1.25e-05
1737277200040,1.25e-05
1737280800065,1.25e-05
1737284400074,1.25e-05
1737288000085,1.25e-05
1737291600005,1.25e-05
1737295200078,1.25e-05
1737298800079,1.25e-05
1737302400026,1.25e-05
1737306000047,3.041e-05
1737309600130,3.47802e-05
1737313200101,5.10215e-05
1737316800113,6.28197e-05
1737320400051,6.31767e-05
1737324000094,1.25e-05
1737327600074,1.25e-05
1737331200006,1.25e-05
1737334800184,6.8791e-06
1737338400106,1.19491e-05
1737342000009,1.25e-05
1737345600039,1.25e-05
1737349200014,1.25e-05
1737352800215,1.25e-05
1737356400016,1.25e-05
1737360000003,1.25e-05
1737363600044,1.25e-05
1737367200018,1.95807e-05
1737370800004,1.25e-05
1737374400105,1.25e-05
1737378000143,3.07299e-05
1737381600006,4.05968e-05
1737385200010,3.80395e-05
1737388800025,4.103e-05
1737392400031,4.01864e-05
1737396000018,1.25e-05
1737399600012,2.38386e-05
1737403200043,4.52832e-05
1737406800077,5.46771e-05
1737410400023,1.25e-05
1737414000023,1.25e-05
1737417600010,1.25e-05
1737421200089,1.25e-05
1737424800002,1.25e-05
1737428400107,1.25e-05
1737432000050,1.25e-05
1737435600037,1.25e-05
1737439200179,1.25e-05
1737442800020,1.25e-05
1737446400134,1.25e-05
1737450000134,1.25e-05
1737453600001,1.25e-05
1737457200112,1.25e-05
1737460800081,1.25e-05
1737464400042,1.25e-05
1737468000024,1.25e-05
1737471600028,1.25e-05
1737475200106,1.25e-05
1737478800061,1.25e-05
1737482400024,1.25e-05
1737486000042,6.51661e-05
1737489600021,3.20612e-05
1737493200005,2.60544e-05
1737496800145,1.25e-05
1737500400025,1.25e-05
1737504000037,1.25e-05
1737507600004,1.25e-05
1737511200100,1.25e-05
1737514800028,1.25e-05
1737518400007,1.25e-05
1737522000159,1.25e-05
1737525600069,1.25e-05
1737529200065,1.25e-05
1737532800041,1.25e-05
1737536400006,1.25e-05
1737540000034,1.25e-05
1737543600105,1.25e-05
1737547200036,1.25e-05
1737550800038,1.25e-05
1737554400041,1.25e-05
1737558000065,1.25e-05
1737561600147,1.25e-05
1737565200065,1.25e-05
1737568800070,1.25e-05
1737572400056,1.25e-05
1737576000072,1.25e-05
1737579600060,1.25e-05
1737583200103,1.25e-05
1737586800074,1.25e-05
1737590400080,1.013e-05
1737594000020,1.25e-05
1737597600043,9.033e-06
1737601200149,-1.88193e-05
1737604800035,7.4008e-06
1737608400035,-1.32987e-05
1737612000068,1.10072e-05
1737615600049,1.25e-05
1737619200161,1.22991e-05
1737622800127,1.25e-05
1737626400008,-1.03313e-05
1737630000036,-1.31612e-05
1737633600007,3.2327e-06
1737637200045,1.25e-05
1737640800036,1.25e-05
1737644400065,1.25e-05
1737648000035,6.8371e-06
1737651600094,1.25e-05
1737655200145,1.25e-05
1737658800074,1.25e-05
1737662400101,-1.05417e-05
1737666000131,1.25e-05
1737669600040,-1.95436e-05
1737673200069,1.25e-05
1737676800067,1.25e-05
1737680400101,1.25e-05
1737684000069,8.4042e-06
1737687600156,5.5729e-06
1737691200024,1.12633e-05
1737694800116,1.25e-05
1737698400049,1.25e-05
1737702000152,8.4032e-06
1737705600090,4.5669e-06
1737709200014,1.1392e-05
1737712800027,9.1055e-06
1737716400122,1.25e-05
1737720000069,1.25e-05
1737723600047,1.25e-05
1737727200170,1.25e-05
1737730800035,1.25e-05
1737734400055,1.25e-05
1737738000026,1.25e-05
1737741600180,1.25e-05
1737745200051,1.25e-05
1737748800041,1.25e-05
1737752400042,1.25e-05
1737756000068,9.8643e-06
1737759600006,1.25e-05
1737763200067,-8.4358e-06
1737766800079,-1.47138e-05
1737770400082,1.14273e-05
1737774000121,4.0962e-06
1737777600092,6.8076e-06
1737781200054,1.25e-05
1737784800055,3.8452e-06
1737788400187,9.3868e-06
1737792000085,4.3799e-06
1737795600006,1.25e-05
1737799200004,1.15383e-05
1737802800178,2.6923e-06
1737806400055,4.1547e-06
1737810000018,1.16175e-05
1737813600025,1.25e-05
1737817200077,5.8258e-06
1737820800123,1.25e-05
1737824400019,1.25e-05
1737828000019,1.25e-05
1737831600012,1.25e-05
1737835200020,1.25e-05
1737838800050,1.25e-05
1737842400084,1.25e-05
1737846000013,1.25e-05
1737849600049,1.25e-05
1737853200070,1.25e-05
1737856800092,1.25e-05
1737860400009,1.25e-05
1737864000073,1.25e-05
1737867600031,1.25e-05
1737871200010,1.25e-05
1737874800006,1.25e-05
1737878400013,1.25e-05
1737882000058,1.25e-05
1737885600049,1.25e-05
1737889200045,1.25e-05
1737892800037,1.25e-05
1737896400001,1.25e-05
1737900000063,1.25e-05
1737903600007,1.25e-05
1737907200022,1.25e-05
1737910800047,1.25e-05
1737914400064,1.25e-05
1737918000128,1.25e-05
1737921600027,1.25e-05
1737925200127,1.25e-05
1737928800038,1.25e-05
1737932400004,-2.80697e-05
1737936000096,-5.31749e-05
1737939600002,-3.04559e-05
1737943200014,-6.22072e-05
1737946800039,-6.11672e-05
1737950400034,-5.8566e-05
1737954000026,-5.73375e-05
1737957600085,-9.88429e-05
1737961200113,-0.0001173049
1737964800096,-9.08876e-05
1737968400068,-7.21046e-05
1737972000009,-5.23518e-05
1737975600036,-4.00329e-05
1737979200167,-1.25503e-05
1737982800052,-3.47832e-05
1737986400084,-2.05843e-05
1737990000046,-2.06384e-05
1737993600043,2.2504e-06
1737997200007,1.25e-05
1738000800065,-1.72297e-05
1738004400066,-6.9563e-06
1738008000063,-8.1601e-06
1738011600049,-1.03747e-05
1738015200044,-3.734e-06
1738018800014,-1.87724e-05
1738022400068,-4.9804e-06
1738026000099,1.20381e-05
1738029600005,-1.66251e-05
1738033200051,1.25e-05
1738036800067,1.25e-05
1738040400027,1.06403e-05
1738044000104,1.0101e-05
1738047600002,1.01021e-05
1738051200084,4.2283e-06
1738054800021,-5.52e-06
1738058400111,1.1882e-06
1738062000117,1.5652e-06
1738065600058,-6.8323e-06
1738069200027,4.773e-06
1738072800085,-4.1037e-06
1738076400042,-5.2572e-06
1738080000030,1.21053e-05
1738083600049,-6.1614e-06
1738087200022,3.7441e-06
1738090800074,-1.64307e-05
1738094400042,-1.24078e-05
1738098000036,-1.12111e-05
1738101600019,-5.5224e-06
1738105200209,-2.9329e-06
1738108800065,-2.18478e-05
1738112400006,-1.1765e-05
1738116000056,-2.5556e-06
1738119600004,-1.3552e-06
1738123200012,1.14752e-05
1738126800032,5.529e-06
1738130400173,9.4875e-06
1738134000098,1.25e-05
1738137600194,1.25e-05
1738141200170,1.25e-05
1738144800059,3.6483e-06
1738148400023,1.25e-05
1738152000054,1.25e-05
1738155600034,3.2705e-06
1738159200113,-1.29e-06
1738162800052,1.25e-05
1738166400047,1.25e-05
1738170000041,1.25e-05
1738173600041,1.25e-05
1738177200009,1.25e-05
1738180800019,1.233e-05
1738184400052,1.25e-05
1738188000014,1.18745e-05
1738191600001,1.25e-05
1738195200017,1.25e-05
1738198800001,-8.5577e-06
1738202400144,1.25e-05
1738206000065,1.25e-05
1738209600087,1.25e-05
1738213200110,1.25e-05
1738216800062,1.25e-05
1738220400031,1.25e-05
1738224000040,1.25e-05
1738227600060,1.25e-05
1738231200051,1.25e-05
1738234800057,1.25e-05
1738238400053,1.25e-05
1738242000012,1.25e-05
1738245600000,1.25e-05
1738249200128,1.25e-05
1738252800140,1.25e-05
1738256400074,1.25e-05
1738260000242,1.25e-05
1738263600001,1.25e-05
1738267200164,1.25e-05
1738270800058,1.25e-05
1738274400033,1.25e-05
1738278000060,1.25e-05
1738281600035,1.25e-05
1738285200024,1.25e-05
1738288800006,1.25e-05
1738292400040,1.25e-05
1738296000029,1.25e-05
1738299600015,1.25e-05
1738303200064,1.25e-05
1738306800005,1.25e-05
1738310400005,1.25e-05
1738314000081,1.25e-05
1738317600000,1.25e-05
1738321200004,1.25e-05
1738324800042,1.25e-05
1738328400085,1.25e-05
1738332000033,1.25e-05
1738335600053,1.25e-05
1738339200096,1.25e-05
1738342800118,1.25e-05
1738346400195,1.25e-05
1738350000012,1.25e-05
1738353600009,1.25e-05
1738357200073,1.25e-05
1738360800082,1.25e-05
1738364400000,1.25e-05
1738368000026,1.25e-05
1738371600064,1.25e-05
1738375200085,1.25e-05
1738378800076,1.25e-05
1738382400013,1.25e-05
1738386000078,1.25e-05
1738389600093,1.25e-05
1738393200166,1.25e-05
1738396800046,1.25e-05
1738400400157,1.25e-05
1738404000009,1.25e-05
1738407600043,1.25e-05
1738411200101,1.25e-05
1738414800010,1.25e-05
1738418400011,1.25e-05
1738422000124,1.25e-05
1738425600196,1.25e-05
1738429200041,1.25e-05
1738432800083,1.25e-05
1738436400008,1.25e-05
1738440000027,1.25e-05
1738443600041,7.7607e-06
1738447200078,9.9122e-06
1738450800138,-9.3553e-06
1738454400188,-1.34332e-05
1738458000075,-2.168e-06
1738461600181,-4.0911e-06
1738465200104,-9.3507e-06
1738468800006,-1.72195e-05
1738472400025,-1.7643e-06
1738476000030,8.8149e-06
1738479600106,2.2098e-06
1738483200018,3.2303e-06
1738486800062,1.25e-05
1738490400079,1.25e-05
1738494000006,7.046e-06
1738497600187,-8.6717e-06
1738501200045,-5.0821e-06
1738504800026,4.8412e-06
1738508400044,6.4898e-06
1738512000012,5.0455e-06
1738515600164,-6.8954e-06
1738519200047,-1.6032e-06
1738522800079,-4.7116e-06
1738526400244,8.13e-06
1738530000054,-1.66232e-05
1738533600157,-1.41798e-05
1738537200081,1.3222e-06
1738540800021,6.722e-07
1738544400171,6.2976e-06
1738548000015,-2.4574e-05
1738551600083,-1.49542e-05
1738555200169,-3.3e-06
1738558800032,-1.22e-07
1738562400038,-2.90092e-05
1738566000159,-4.7232e-06
1738569600169,8.6466e-06
1738573200090,6.3795e-06
1738576800008,1.2174e-06
1738580400055,1.25e-05
1738584000014,1.25e-05
1738587600091,3.239e-06
1738591200024,6.1082e-06
1738594800082,6.0355e-06
1738598400068,9.7314e-06
1738602000026,-9.9998e-06
1738605600048,-2.33116e-05
1738609200109,-3.04319e-05
1738612800037,9.7367e-06
1738616400067,7.3483e-06
1738620000047,1.25e-05
1738623600086,1.25e-05
1738627200170,1.25e-05
1738630800104,1.25e-05
1738634400075,1.25e-05
1738638000165,1.15368e-05
1738641600085,1.25e-05
1738645200080,1.0685e-05
1738648800109,1.25e-05
1738652400060,1.25e-05
1738656000031,1.25e-05
1738659600070,1.25e-05
1738663200033,1.25e-05
1738666800055,1.25e-05
1738670400088,1.25e-05
1738674000100,1.25e-05
1738677600246,1.25e-05
1738681200040,1.25e-05
1738684800059,1.25e-05
1738688400063,1.25e-05
1738692000076,1.25e-05
1738695600074,1.25e-05
1738699200087,1.25e-05
1738702800005,5.2689e-06
1738706400113,7.7432e-06
1738710000060,-1.2384e-06
1738713600003,1.25e-05
1738717200029,1.25e-05
1738720800000,5.3677e-06
1738724400035,-4.3072e-06
1738728000032,1.25e-05
1738731600103,8.383e-06
1738735200097,1.2192e-06
1738738800021,1.25e-05
1738742400079,-7.824e-07
1738746000067,-2.9621e-06
1738749600129,1.25e-05
1738753200107,1.25e-05
1738756800048,1.25e-05
1738760400015,1.25e-05
1738764000025,1.25e-05
1738767600152,1.25e-05
1738771200083,-3.6536e-06
1738774800122,-2.8446e-06
1738778400063,-1.13013e-05
1738782000017,-2.17148e-05
1738785600089,1.05419e-05
1738789200060,1.14843e-05
1738792800004,1.25e-05
1738796400195,-1.95806e-05
1738800000090,-1.96176e-05
1738803600072,-1.67483e-05
1738807200065,-9.7776e-06
1738810800074,-5.5928e-06
1738814400004,-5.5657e-06
1738818000049,-1.39399e-05
1738821600052,-1.60812e-05
1738825200160,-1.56209e-05
1738828800075,-1.10264e-05
1738832400045,1.1954e-06
1738836000070,1.25e-05
1738839600072,3.8436e-06
1738843200057,-2.8062e-06
1738846800025,8.1071e-06
1738850400048,7.4802e-06
1738854000007,-2.483e-07
1738857600038,-1.28686e-05
1738861200010,-7.5661e-06
1738864800075,-3.92993e-05
1738868400001,1.25e-05
1738872000074,-4.1014e-06
1738875600030,-3.8174e-05
1738879200045,-2.96775e-05
1738882800038,-4.74341e-05
1738886400068,-2.02884e-05
1738890000079,2.594e-06
1738893600030,6.9781e-06
1738897200041,9.1453e-06
1738900800030,-1.64909e-05
1738904400124,-1.30793e-05
1738908000151,-3.2242e-05
1738911600009,-2.41944e-05
1738915200098,-1.23698e-05
1738918800008,-1.3845e-05
1738922400090,-6.6347e-06
1738926000129,1.25e-05
1738929600025,1.25e-05
1738933200113,1.25e-05
1738936800035,1.25e-05
1738940400049,1.25e-05
1738944000015,1.25e-05
1738947600106,-1.40852e-05
1738951200016,-6.7356e-06
1738954800005,-1.32407e-05
1738958400065,-1.84222e-05
1738962000062,-4.24062e-05
1738965600078,-3.49404e-05
1738969200096,-5.57204e-05
1738972800061,-1.42748e-05
1738976400270,9.507e-06
1738980000081,5.1333e-06
1738983600085,7.4828e-06
1738987200068,4.3052e-06
1738990800066,2.8622e-06
1738994400016,-1.529e-06
1738998000167,-3.9276e-06
1739001600073,-2.0593e-06
1739005200063,-5.2887e-06
1739008800010,-3.9989e-06
1739012400037,1.25e-05
1739016000097,2.128e-06
1739019600054,-2.1742e-06
1739023200123,1.25e-05
1739026800175,1.25e-05
1739030400027,4.9808e-06
1739034000013,1.25e-05
1739037600027,-1.43392e-05
1739041200041,1.1496e-06
1739044800130,2.8573e-06
1739048400089,-1.54325e-05
1739052000032,-9.7955e-06
1739055600038,-1.12031e-05
1739059200027,6.2946e-06
1739062800059,2.2268e-06
1739066400063,3.9091e-06
1739070000004,-9.6908e-06
1739073600125,-9.4181e-06
1739077200016,-3.343e-07
1739080800042,-8.208e-07
1739084400093,-4.0747e-06
1739088000096,2.803e-06
1739091600053,2.2297e-06
1739095200009,5.812e-06
1739098800049,6.2387e-06
1739102400016,-2.33417e-05
1739106000027,-2.691e-07
1739109600041,-1.65473e-05
1739113200018,-1.36266e-05
1739116800041,-1.435e-07
1739120400072,-1.0817e-06
1739124000046,2.2953e-06
1739127600019,-4.4953e-06
1739131200172,-6.3824e-06
1739134800024,-1.7611e-06
1739138400040,-1.91464e-05
1739142000039,-9.0092e-06
1739145600080,1.25e-05
1739149200072,1.10424e-05
1739152800014,-9.1953e-06
1739156400011,-1.05501e-05
1739160000099,1.25e-05
1739163600052,1.25e-05
1739167200048,1.25e-05
1739170800061,-5.3394e-06
1739174400078,-4.4314e-06
1739178000043,6.7957e-06
1739181600022,9.9733e-06
1739185200015,5.4189e-06
1739188800010,1.25e-05
1739192400063,8.307e-06
1739196000046,4.4308e-06
1739199600051,-3.2637e-06
1739203200010,-2.41e-06
1739206800040,9.1646e-06
1739210400009,1.25e-05
1739214000106,1.25e-05
1739217600018,1.25e-05
1739221200008,-4.0345e-06
1739224800068,-1.00356e-05
1739228400090,-5.5022e-06
1739232000034,9.4922e-06
1739235600057,1.25e-05
1739239200033,1.25e-05
1739242800083,1.25e-05
1739246400004,1.25e-05
1739250000064,1.25e-05
1739253600030,1.25e-05
1739257200031,1.25e-05
1739260800197,1.25e-05
1739264400001,1.25e-05
1739268000093,1.25e-05
1739271600025,1.25e-05
1739275200028,1.25e-05
1739278800140,1.25e-05
1739282400065,1.25e-05
1739286000039,1.25e-05
1739289600035,1.25e-05
1739293200025,1.25e-05
1739296800142,1.25e-05
1739300400040,1.25e-05
1739304000012,1.25e-05
1739307600058,1.25e-05
1739311200091,1.25e-05
1739314800017,1.25e-05
1739318400058,1.25e-05
1739322000080,1.25e-05
1739325600079,1.25e-05
1739329200082,1.25e-05
1739332800048,1.25e-05
1739336400105,1.25e-05
1739340000102,1.25e-05
1739343600002,1.25e-05
1739347200047,1.25e-05
1739350800185,1.25e-05
1739354400044,1.25e-05
1739358000017,1.25e-05
1739361600046,1.25e-05
1739365200018,1.25e-05
1739368800067,1.25e-05
1739372400134,1.25e-05
1739376000013,1.25e-05
1739379600103,1.25e-05
1739383200093,1.25e-05
1739386800226,1.25e-05
1739390400093,1.25e-05
1739394000045,1.25e-05
1739397600030,1.25e-05
1739401200100,1.25e-05
1739404800081,1.25e-05
1739408400043,1.25e-05
1739412000027,1.25e-05
1739415600110,1.25e-05
1739419200076,1.25e-05
1739422800017,1.25e-05
1739426400037,1.25e-05
1739430000047,1.25e-05
1739433600015,1.25e-05
1739437200027,1.25e-05
1739440800004,1.25e-05
1739444400029,1.25e-05
1739448000004,1.25e-05
1739451600036,1.25e-05
1739455200067,1.25e-05
1739458800042,1.25e-05
1739462400027,1.25e-05
1739466000053,1.25e-05
1739469600030,1.25e-05
1739473200001,1.25e-05
1739476800110,1.25e-05
1739480400048,1.25e-05
1739484000009,1.25e-05
1739487600052,1.25e-05
1739491200060,1.25e-05
1739494800023,1.25e-05
1739498400000,1.25e-05
1739502000005,1.25e-05
1739505600118,1.25e-05
1739509200035,1.25e-05
1739512800005,1.25e-05
1739516400016,1.25e-05
1739520000092,1.25e-05
1739523600077,1.25e-05
1739527200051,1.25e-05
1739530800062,1.25e-05
1739534400017,1.25e-05
1739538000060,1.25e-05
1739541600058,1.25e-05
1739545200009,1.25e-05
1739548800020,1.25e-05
1739552400101,1.25e-05
1739556000014,1.25e-05
1739559600019,1.25e-05
1739563200004,1.25e-05
1739566800153,1.25e-05
1739570400106,1.25e-05
1739574000033,1.25e-05
1739577600062,1.25e-05
1739581200096,1.25e-05
1739584800092,1.25e-05
1739588400035,1.25e-05
1739592000013,1.25e-05
1739595600019,1.25e-05
1739599200027,1.25e-05
1739602800050,1.25e-05
1739606400020,1.25e-05
1739610000047,1.25e-05
1739613600034,1.25e-05
1739617200004,1.25e-05
1739620800030,1.25e-05
1739624400004,1.25e-05
1739628000121,1.25e-05
1739631600055,1.25e-05
1739635200163,1.25e-05
1739638800094,1.25e-05
1739642400096,1.25e-05
1739646000069,1.25e-05
1739649600157,1.25e-05
1739653200019,1.25e-05
1739656800087,1.25e-05
1739660400059,1.25e-05
1739664000082,1.25e-05
1739667600042,1.25e-05
1739671200022,1.25e-05
1739674800078,1.25e-05
1739678400034,1.25e-05
1739682000007,1.25e-05
1739685600060,1.25e-05
1739689200059,1.25e-05
1739692800039,1.25e-05
1739696400088,1.25e-05
1739700000086,1.25e-05
1739703600074,1.25e-05
1739707200100,1.25e-05
1739710800081,1.25e-05
1739714400126,1.25e-05
1739718000014,1.25e-05
1739721600015,1.25e-05
1739725200118,1.25e-05
1739728800016,1.25e-05
1739732400038,1.25e-05
1739736000053,1.25e-05
1739739600022,1.25e-05
1739743200096,1.25e-05
1739746800044,1.25e-05
1739750400038,1.25e-05
1739754000055,1.25e-05
1739757600015,1.25e-05
1739761200008,1.25e-05
1739764800050,1.25e-05
1739768400038,1.25e-05
1739772000001,1.25e-05
1739775600006,1.25e-05
1739779200051,1.25e-05
1739782800096,1.25e-05
1739786400007,1.25e-05
1739790000061,1.25e-05
1739793600035,1.25e-05
1739797200000,1.25e-05
1739800800089,1.25e-05
1739804400038,1.25e-05
1739808000048,1.25e-05
1739811600106,1.25e-05
1739815200032,9.1296e-06
1739818800022,6.7795e-06
1739822400053,1.25e-05
1739826000018,1.25e-05
1739829600005,1.25e-05
1739833200000,1.25e-05
1739836800098,-1.399e-06
1739840400003,1.25e-05
1739844000045,1.25e-05
1739847600019,1.25e-05
1739851200028,9.883e-06
1739854800155,1.25e-05
1739858400002,-2.2112e-06
1739862000046,-7.7238e-06
1739865600021,-1.4811e-06
1739869200048,2.1059e-06
1739872800064,1.25e-05
1739876400091,2.1838e-06
1739880000026,-4.5132e-06
1739883600036,9.5751e-06
1739887200110,1.25e-05
1739890800023,1.25e-05
1739894400092,-7.3354e-06
1739898000029,-4.4634e-06
1739901600043,-1.16695e-05
1739905200031,-1.18701e-05
1739908800084,-6.4611e-06
1739912400014,9.9599e-06
1739916000019,1.25e-05
1739919600130,8.1568e-06
1739923200076,1.25e-05
1739926800048,-6.6248e-06
1739930400048,8.7097e-06
1739934000021,1.25e-05
1739937600025,1.25e-05
1739941200018,1.25e-05
1739944800012,1.25e-05
1739948400050,1.25e-05
1739952000022,1.25e-05
1739955600091,1.25e-05
1739959200091,1.25e-05
1739962800035,1.25e-05
1739966400109,1.25e-05
1739970000006,1.25e-05
1739973600042,1.25e-05
1739977200101,1.25e-05
1739980800051,1.25e-05
1739984400091,1.25e-05
1739988000018,1.25e-05
1739991600072,1.25e-05
1739995200051,1.25e-05
1739998800014,1.25e-05
1740002400043,1.25e-05
1740006000018,1.25e-05
1740009600055,1.25e-05
1740013200132,1.25e-05
1740016800042,1.25e-05
1740020400070,1.25e-05
1740024000031,1.25e-05
1740027600037,1.25e-05
1740031200054,1.25e-05
1740034800111,1.25e-05
1740038400010,1.25e-05
1740042000027,1.25e-05
1740045600063,1.25e-05
1740049200004,1.25e-05
1740052800109,1.25e-05
1740056400140,1.25e-05
1740060000075,1.25e-05
1740063600003,1.25e-05
1740067200078,1.25e-05
1740070800036,1.25e-05
1740074400010,1.25e-05
1740078000089,1.25e-05
1740081600003,1.25e-05
1740085200050,1.25e-05
1740088800095,1.25e-05
1740092400039,1.25e-05
1740096000115,1.25e-05
1740099600066,1.25e-05
1740103200000,1.25e-05
1740106800085,1.25e-05
1740110400025,1.25e-05
1740114000031,1.25e-05
1740117600000,1.25e-05
1740121200091,1.25e-05
1740124800085,1.25e-05
1740128400036,1.25e-05
1740132000029,1.25e-05
1740135600119,1.25e-05
1740139200082,1.25e-05
1740142800025,1.25e-05
1740146400023,1.25e-05
1740150000029,1.25e-05
1740153600016,1.25e-05
1740157200025,1.25e-05
1740160800043,1.25e-05
1740164400059,1.25e-05
1740168000059,6.117e-07
1740171600000,-7.2251e-06
1740175200028,1.25e-05
1740178800096,1.25e-05
1740182400015,1.25e-05
1740186000018,1.00569e-05
1740189600086,3.3623e-06
1740193200084,-5.3072e-06
1740196800048,1.6084e-06
1740200400000,1.25e-05
1740204000091,1.25e-05
1740207600123,1.0614e-06
1740211200020,-2.1802e-06
1740214800014,5.2687e-06
1740218400206,1.25e-05
1740222000022,1.25e-05
1740225600115,1.25e-05
1740229200015,1.25e-05
1740232800051,9.9301e-06
1740236400004,1.25e-05
1740240000035,1.25e-05
1740243600066,1.25e-05
1740247200039,1.25e-05
1740250800094,1.25e-05
1740254400010,1.25e-05
1740258000034,1.25e-05
1740261600068,1.25e-05
1740265200031,1.25e-05
1740268800060,1.25e-05
1740272400041,1.25e-05
1740276000045,1.25e-05
1740279600011,1.25e-05
1740283200048,7.8319e-06
1740286800034,5.3618e-06
1740290400064,6.7218e-06
1740294000010,8.7847e-06
1740297600152,5.4251e-06
1740301200027,5.6926e-06
1740304800011,2.526e-06
1740308400166,8.6451e-06
1740312000052,1.20347e-05
1740315600098,2.7284e-06
1740319200050,5.0902e-06
1740322800066,1.24808e-05
1740326400079,-1.43446e-05
1740330000024,7.6289e-06
1740333600068,1.25e-05
1740337200008,1.25e-05
1740340800030,-9.6787e-06
1740344400023,-2.28528e-05
1740348000118,-6.75e-07
1740351600017,-4.4617e-06
1740355200123,3.5323e-06
1740358800041,5.513e-06
1740362400008,-6.1723e-06
1740366000005,-6.8223e-06
1740369600039,-4.0284e-06
1740373200085,-1.05134e-05
1740376800199,-2.319e-06
1740380400017,1.8701e-06
1740384000014,-1.18801e-05
1740387600101,-1.7137e-06
1740391200039,1.25e-05
1740394800065,1.25e-05
1740398400048,1.23561e-05
1740402000028,1.25e-05
1740405600098,1.25e-05
1740409200019,1.25e-05
1740412800053,1.4186e-06
1740416400162,-1.18482e-05
1740420000103,-1.34026e-05
1740423600018,-1.59739e-05
1740427200109,-2.13905e-05
1740430800000,-1.52202e-05
1740434400047,-1.09292e-05
1740438000197,-3.7396e-06
1740441600011,-4.8387e-06
1740445200007,-1.08739e-05
1740448800064,-1.54704e-05
1740452400015,-5.1697e-06
1740456000008,-1.8588e-06
1740459600131,-2.03973e-05
1740463200030,-1.26145e-05
1740466800045,-5.7823e-06
1740470400042,-4.701e-06
1740474000016,1.25e-05
1740477600003,5.2285e-06
1740481200135,-7.8738e-06
1740484800041,-4.6321e-06
1740488400053,6.0542e-06
1740492000000,1.25e-05
1740495600006,1.25e-05
1740499200007,1.25e-05
1740502800035,1.25e-05
1740506400013,1.25e-05
1740510000031,1.25e-05
1740513600027,1.25e-05
1740517200054,1.25e-05
1740520800040,-5.6671e-06
1740524400000,-5.7638e-06
1740528000018,5.3517e-06
1740531600028,1.08701e-05
1740535200045,-3.27e-07
1740538800034,8.85e-08
1740542400031,1.06764e-05
1740546000005,-3.9704e-06
1740549600045,7.5855e-06
1740553200033,9.3454e-06
1740556800090,4.3421e-06
1740560400042,1.02168e-05
1740564000041,1.25e-05
1740567600020,1.22006e-05
1740571200020,8.0262e-06
1740574800024,-9.067e-06
1740578400043,-7.3339e-06
1740582000035,-2.0837e-06
1740585600086,1.02443e-05
1740589200048,6.8389e-06
1740592800041,-8.359e-07
1740596400182,-1.12606e-05
1740600000197,6.6554e-06
1740603600028,1.25e-05
1740607200064,1.25e-05
1740610800135,1.25e-05
1740614400080,1.25e-05
1740618000065,1.25e-05
1740621600026,1.25e-05
1740625200077,1.25e-05
1740628800028,1.25e-05
1740632400007,1.25e-05
1740636000026,1.25e-05
1740639600052,1.25e-05
1740643200140,1.25e-05
1740646800030,1.25e-05
1740650400090,1.25e-05
1740654000060,1.25e-05
1740657600031,1.25e-05
1740661200037,-2.0444e-06
1740664800039,-8.154e-06
1740668400051,-2.37587e-05
1740672000009,-5.6e-08
1740675600060,1.25e-05
1740679200027,8.2974e-06
1740682800036,4.5392e-06
1740686400058,-2.20844e-05
1740690000047,-2.24234e-05
1740693600082,1.25e-05
1740697200080,-5.3821e-06
1740700800071,1.15159e-05
1740704400016,6.9938e-06
1740708000023,-5.0818e-06
1740711600052,-7.7605e-06
1740715200021,-2.0664e-06
1740718800040,6.3997e-06
1740722400041,-5.305e-06
1740726000183,-1.3385e-05
1740729600099,-1.48767e-05
1740733200062,-4.0713e-06
1740736800118,-3.3264e-06
1740740400032,-1.6675e-06
1740744000119,2.9289e-06
1740747600132,6.021e-07
1740751200024,-7.1382e-06
1740754800119,-1.56715e-05
1740758400001,5.671e-07
1740762000029,1.7523e-06
1740765600031,3.1819e-06
1740769200008,7.2024e-06
1740772800006,1.15584e-05
1740776400042,1.25e-05
1740780000048,1.25e-05
1740783600132,6.2884e-06
1740787200033,3.428e-06
1740790800110,1.06999e-05
1740794400017,2.7961e-06
1740798000076,1.01058e-05
1740801600052,2.9198e-06
1740805200012,4.4754e-06
1740808800066,2.9084e-06
1740812400024,-2.2106e-06
1740816000095,-5.1116e-06
1740819600045,5.8067e-06
1740823200068,-5.5712e-06
1740826800017,-9.7062e-06
1740830400049,-9.8256e-06
1740834000041,6.5278e-06
1740837600009,5.0676e-06
1740841200038,9.6595e-06
1740844800027,7.4679e-06
1740848400003,4.9698e-06
1740852000047,8.0227e-06
1740855600093,9.9674e-06
1740859200035,9.7331e-06
1740862800032,-5.714e-06
1740866400007,2.88e-08
1740870000025,1.25e-05
1740873600094,1.25e-05
1740877200036,1.25e-05
1740880800076,1.25e-05
1740884400016,1.25e-05
1740888000012,1.25e-05
1740891600085,1.10624e-05
1740895200004,9.8195e-06
1740898800083,1.22278e-05
1740902400006,-3.8013e-06
1740906000055,2.2128e-06
1740909600057,1.14434e-05
1740913200110,1.25e-05
1740916800051,9.7462e-06
1740920400031,7.3209e-06
1740924000018,9.589e-07
1740927600010,6.1908e-06
1740931200006,1.05525e-05
1740934800036,5.4163e-06
1740938400042,1.25e-05
1740942000007,1.25e-05
1740945600088,1.25e-05
1740949200026,1.25e-05
1740952800027,1.25e-05
1740956400136,1.25e-05
1740960000048,1.25e-05
1740963600018,1.25e-05
1740967200076,1.25e-05
1740970800003,1.25e-05
1740974400243,1.25e-05
1740978000037,1.25e-05
1740981600048,1.25e-05
1740985200007,1.25e-05
1740988800047,1.25e-05
1740992400041,1.25e-05
1740996000025,-2.164e-07
1740999600021,1.24384e-05
1741003200007,1.25e-05
1741006800078,6.3481e-06
1741010400092,1.25e-05
1741014000031,1.25e-05
1741017600013,1.25e-05
1741021200125,1.25e-05
1741024800013,1.25e-05
1741028400042,1.25e-05
1741032000055,1.25e-05
1741035600008,-6.9831e-06
1741039200195,1.24008e-05
1741042800052,5.1193e-06
1741046400060,1.25e-05
1741050000040,5.8009e-06
1741053600091,-5.3404e-06
1741057200031,-3.28116e-05
1741060800008,-3.33534e-05
1741064400003,-2.67496e-05
1741068000136,-1.15375e-05
1741071600015,-2.43127e-05
1741075200045,-1.58567e-05
1741078800049,-8.5172e-06
1741082400050,-1.01875e-05
1741086000048,-2.04503e-05
1741089600008,2.8497e-06
1741093200030,3.9329e-06
1741096800038,-1.3012e-06
1741100400014,-6.8242e-06
1741104000078,-1.3135e-06
1741107600027,-2.9733e-06
1741111200006,1.25e-05
1741114800111,8.3811e-06
1741118400062,5.2592e-06
1741122000029,-2.3742e-06
1741125600126,-7.0105e-06
1741129200006,-1.9347e-06
1741132800036,-8.3405e-06
1741136400064,4.85e-07
1741140000053,3.5798e-06
1741143600009,-6.5986e-06
1741147200045,-1.5335e-06
1741150800040,1.25e-05
1741154400098,2.7954e-06
1741158000153,5.4277e-06
1741161600056,1.25e-05
1741165200036,1.25e-05
1741168800066,1.25e-05
1741172400035,8.0526e-06
1741176000044,1.25e-05
1741179600020,7.0652e-06
1741183200084,8.4693e-06
1741186800025,-5.598e-07
1741190400043,1.15697e-05
1741194000040,1.03596e-05
1741197600020,1.25e-05
1741201200028,1.25e-05
1741204800097,1.25e-05
1741208400112,1.25e-05
1741212000030,1.4655e-06
1741215600105,-4.2635e-06
1741219200014,1.25e-05
1741222800079,1.25e-05
1741226400147,1.25e-05
1741230000072,1.25e-05
1741233600033,1.25e-05
1741237200043,1.25e-05
1741240800041,1.25e-05
1741244400085,1.25e-05
1741248000022,1.25e-05
1741251600027,1.25e-05
1741255200037,1.25e-05
1741258800128,1.25e-05
1741262400025,1.25e-05
1741266000132,1.25e-05
1741269600004,1.25e-05
1741273200016,1.08626e-05
1741276800026,1.25e-05
1741280400008,1.25e-05
1741284000109,-2.1363e-06
1741287600005,1.25e-05
1741291200031,1.25e-05
1741294800034,-4.3323e-06
1741298400012,1.01388e-05
1741302000018,-7.6325e-06
1741305600126,1.6503e-06
1741309200001,1.3329e-06
1741312800013,-1.55061e-05
1741316400032,2.177e-06
1741320000061,1.25e-05
1741323600050,-5.5974e-06
1741327200031,-1.0112e-05
1741330800030,-3.191e-07
1741334400033,4.2293e-06
1741338000011,1.25e-05
1741341600029,8.3597e-06
1741345200015,4.4473e-06
1741348800014,8.2231e-06
1741352400209,1.05046e-05
1741356000047,1.25e-05
1741359600037,1.25e-05
1741363200060,1.25e-05
1741366800119,1.25e-05
1741370400136,3.1111e-06
1741374000024,1.25e-05
1741377600030,4.7849e-06
1741381200112,5.4197e-06
1741384800109,9.9213e-06
1741388400043,-9.7929e-06
1741392000069,-1.29408e-05
1741395600015,6.6212e-06
1741399200090,-7.595e-07
1741402800072,-5.7276e-06
1741406400120,-5.926e-06
1741410000017,-5.6025e-06
1741413600027,1.6322e-06
1741417200163,-1.4285e-06
1741420800115,7.325e-07
1741424400028,1.1611e-05
1741428000095,3.797e-07
1741431600204,7.5514e-06
1741435200039,4.8068e-06
1741438800056,-4.49e-07
1741442400029,-7.647e-06
1741446000027,3.212e-07
1741449600062,-2.4956e-06
1741453200012,-2.0412e-06
1741456800081,2.7746e-06
1741460400051,-1.22e-07
1741464000004,5.9174e-06
1741467600032,1.13577e-05
1741471200066,4.685e-07
1741474800046,-1.9657e-06
1741478400011,4.071e-06
1741482000102,-5.5984e-06
1741485600136,1.6855e-06
1741489200034,7.336e-07
1741492800028,-8.235e-07
1741496400046,1.23818e-05
1741500000063,1.25e-05
1741503600092,7.5068e-06
1741507200012,3.3691e-06
1741510800030,1.05231e-05
1741514400069,3.2198e-06
1741518000053,-5.1368e-06
1741521600119,-1.45122e-05
1741525200060,4.7429e-06
1741528800060,1.7927e-06
1741532400014,-1.01298e-05
1741536000003,-1.9927e-06
1741539600099,-1.2399e-05
1741543200029,-2.41062e-05
1741546800021,-2.83972e-05
1741550400082,-2.43816e-05
1741554000052,-8.7476e-06
1741557600039,-1.7096e-05
1741561200026,-8.1518e-06
1741564800002,-7.073e-06
1741568400113,2.7675e-06
1741572000092,5.3537e-06
1741575600091,9.3496e-06
1741579200071,1.25e-05
1741582800073,-3.864e-06
1741586400050,-6.869e-07
1741590000004,1.25e-05
1741593600009,1.25e-05
1741597200107,1.25e-05
1741600800006,1.25e-05
1741604400001,1.25e-05
1741608000027,1.25e-05
1741611600084,1.12357e-05
1741615200028,-5.0425e-06
1741618800027,-3.16039e-05
1741622400008,-2.1508e-05
1741626000026,-1.39838e-05
1741629600015,-9.3568e-06
1741633200046,1.483e-06
1741636800020,-1.92087e-05
1741640400045,-8.2923e-06
1741644000028,-1.25375e-05
1741647600061,-1.54178e-05
1741651200077,-5.7754e-06
1741654800027,-2.01344e-05
1741658400066,-2.45944e-05
1741662000054,-2.94449e-05
1741665600023,-9.1729e-06
1741669200054,2.7008e-06
1741672800068,-1.30831e-05
1741676400184,-2.10992e-05
1741680000011,-8.7031e-06
1741683600057,-8.7856e-06
1741687200039,4.3764e-06
1741690800089,1.25e-05
1741694400067,6.6931e-06
1741698000040,-1.36571e-05
1741701600099,-1.9539e-05
1741705200013,-1.72001e-05
1741708800069,-1.27386e-05
1741712400006,-9.1556e-06
1741716000016,4.9269e-06
1741719600051,1.25e-05
1741723200037,1.25e-05
1741726800002,1.25e-05
1741730400078,1.25e-05
1741734000033,1.25e-05
1741737600020,1.25e-05
1741741200065,1.25e-05
1741744800179,1.25e-05
1741748400036,1.25e-05
1741752000055,1.25e-05
1741755600079,1.25e-05
1741759200068,1.25e-05
1741762800010,1.25e-05
1741766400024,1.25e-05
1741770000015,1.25e-05
1741773600084,1.25e-05
1741777200015,1.25e-05
1741780800005,1.25e-05
1741784400015,1.25e-05
1741788000004,1.25e-05
1741791600059,1.25e-05
1741795200030,3.5337e-06
1741798800053,1.25e-05
1741802400072,1.25e-05
1741806000036,1.25e-05
1741809600036,1.25e-05
1741813200048,1.25e-05
1741816800016,1.25e-05
1741820400075,1.25e-05
1741824000013,1.25e-05
1741827600039,1.25e-05
1741831200048,1.25e-05
1741834800035,1.25e-05
1741838400066,1.25e-05
1741842000085,1.25e-05
1741845600030,1.25e-05
1741849200042,1.0023e-05
1741852800115,1.02491e-05
1741856400044,1.25e-05
1741860000009,1.25e-05
1741863600118,1.25e-05
1741867200071,1.25e-05
1741870800051,1.25e-05
1741874400116,1.09188e-05
1741878000109,1.25e-05
1741881600086,1.25e-05
1741885200026,1.11745e-05
1741888800028,-1.89969e-05
1741892400005,1.05746e-05
1741896000082,-1.91945e-05
1741899600004,-1.27924e-05
1741903200060,-5.22596e-05
1741906800025,-3.70135e-05
1741910400047,1.20649e-05
1741914000000,9.6171e-06
1741917600083,7.8742e-06
1741921200044,1.25e-05
1741924800062,1.25e-05
1741928400065,1.09045e-05
1741932000044,8.3251e-06
1741935600003,1.25e-05
1741939200059,1.25e-05
1741942800006,1.25e-05
1741946400088,8.7966e-06
1741950000010,1.19952e-05
1741953600027,5.3118e-06
1741957200043,-8.996e-07
1741960800131,4.2352e-06
1741964400031,1.10749e-05
1741968000062,4.2729e-06
1741971600062,3.2484e-06
1741975200178,8.5451e-06
1741978800049,-5.349e-07
1741982400078,-4.181e-07
1741986000053,-1.2627e-06
1741989600049,-1.5881e-06
1741993200000,9.4638e-06
1741996800046,1.09189e-05
1742000400029,5.5782e-06
1742004000017,-1.34121e-05
1742007600076,-1.295e-05
1742011200036,-9.845e-07
1742014800042,6.2419e-06
1742018400010,9.7e-07
1742022000127,1.25e-05
1742025600029,1.25e-05
1742029200028,3.7977e-06
1742032800031,1.0185e-06
1742036400090,-1.35608e-05
1742040000138,-1.18943e-05
1742043600009,-1.41872e-05
1742047200066,-5.5719e-06
1742050800066,-3.3554e-06
1742054400010,2.88e-08
1742058000056,4.4835e-06
1742061600061,5.473e-07
1742065200203,2.7226e-06
1742068800008,9.4776e-06
1742072400010,2.2255e-06
1742076000089,8.8552e-06
1742079600065,9.1888e-06
1742083200031,1.15178e-05
1742086800043,1.25e-05
1742090400131,9.5882e-06
1742094000062,1.13578e-05
1742097600114,1.21842e-05
1742101200047,4.8802e-06
1742104800014,7.4348e-06
1742108400071,1.1386e-05
1742112000023,9.0851e-06
1742115600041,9.363e-06
1742119200112,1.25e-05
1742122800052,6.7689e-06
1742126400081,1.25e-05
1742130000044,1.5195e-06
1742133600021,1.25e-05
1742137200033,1.25e-05
1742140800082,1.25e-05
1742144400075,1.25e-05
1742148000090,1.25e-05
1742151600063,1.25e-05
1742155200067,9.1125e-06
1742158800048,7.2748e-06
1742162400043,5.3361e-06
1742166000049,1.25e-05
1742169600141,1.25e-05
1742173200107,1.25e-05
1742176800079,1.25e-05
1742180400067,1.25e-05
1742184000019,1.25e-05
1742187600046,1.25e-05
1742191200049,1.25e-05
1742194800088,1.01959e-05
1742198400003,3.9574e-06
1742202000061,1.25e-05
1742205600016,1.25e-05
1742209200050,1.25e-05
1742212800002,1.25e-05
1742216400045,1.25e-05
1742220000073,1.07716e-05
1742223600007,4.8306e-06
1742227200057,1.25e-05
1742230800066,1.25e-05
1742234400059,1.25e-05
1742238000018,1.25e-05
1742241600000,1.25e-05
1742245200068,1.25e-05
1742248800030,1.25e-05
1742252400011,1.25e-05
1742256000030,6.5724e-06
1742259600042,1.18397e-05
1742263200061,5.8249e-06
1742266800010,-1.24095e-05
1742270400022,-1.66359e-05
1742274000014,-5.4686e-06
1742277600073,-7.1106e-06
1742281200080,-1.15822e-05
1742284800057,4.8471e-06
1742288400002,4.0016e-06
1742292000005,4.6274e-06
1742295600081,-8.829e-07
1742299200006,-1.86274e-05
1742302800034,-1.43133e-05
1742306400054,-2.81e-06
1742310000076,-8.1433e-06
1742313600057,1.0809e-06
1742317200087,4.9376e-06
1742320800027,1.18474e-05
1742324400087,6.5237e-06
1742328000019,-8.4043e-06
1742331600052,-9.5343e-06
1742335200019,-8.5461e-06
1742338800000,-2.4485e-06
1742342400023,-2.197e-06
1742346000005,7.1226e-06
1742349600057,2.9435e-06
1742353200061,-2.1486e-06
1742356800041,2.6446e-06
1742360400057,3.9659e-06
1742364000026,1.9923e-06
1742367600103,-1.075e-06
1742371200024,1.6922e-06
1742374800074,8.0047e-06
1742378400139,1.6201e-06
1742382000032,2.7838e-06
1742385600037,6.9757e-06
1742389200042,3.7575e-06
1742392800005,3.9376e-06
1742396400035,1.1444e-05
1742400000039,7.162e-07
1742403600029,5.9518e-06
1742407200160,1.25e-05
1742410800012,1.25e-05
1742414400079,1.25e-05
1742418000126,1.25e-05
1742421600063,1.25e-05
1742425200061,1.25e-05
1742428800049,1.25e-05
1742432400020,1.25e-05
1742436000028,1.25e-05
1742439600050,1.25e-05
1742443200085,1.25e-05
1742446800048,1.25e-05
1742450400021,1.25e-05
1742454000019,1.25e-05
1742457600003,1.25e-05
1742461200000,1.25e-05
1742464800077,1.25e-05
1742468400115,1.20746e-05
1742472000025,2.5094e-06
1742475600088,6.9718e-06
1742479200025,1.25e-05
1742482800088,1.25e-05
1742486400047,7.3834e-06
1742490000049,2.5515e-06
1742493600101,6.3887e-06
1742497200019,9.6653e-06
1742500800042,1.25e-05
1742504400071,1.25e-05
1742508000094,5.7681e-06
1742511600046,1.25e-05
1742515200035,4.9228e-06
1742518800043,2.3433e-06
1742522400002,7.2492e-06
1742526000069,1.25e-05
1742529600057,1.0594e-05
1742533200018,1.03748e-05
1742536800061,1.25e-05
1742540400064,1.25e-05
1742544000025,1.25e-05
1742547600042,1.25e-05
1742551200060,1.25e-05
1742554800041,7.567e-06
1742558400052,6.526e-06
1742562000053,7.044e-07
1742565600010,-7.751e-07
1742569200039,-1.60804e-05
1742572800047,-2.30193e-05
1742576400044,-5.7933e-06
1742580000060,-5.0959e-06
1742583600007,-1.8428e-06
1742587200057,4.2874e-06
1742590800070,8.03e-07
1742594400074,8.258e-06
1742598000010,2.9114e-06
1742601600038,1.2039e-06
1742605200046,4.2694e-06
1742608800055,-2.2024e-06
1742612400032,5.493e-07
1742616000009,4.35e-07
1742619600032,-6.5e-08
1742623200102,4.6335e-06
1742626800047,7.6006e-06
1742630400042,1.07775e-05
1742634000106,6.3226e-06
1742637600058,1.11403e-05
1742641200115,1.25e-05
1742644800035,1.16453e-05
1742648400082,1.25e-05
1742652000032,1.25e-05
1742655600064,1.25e-05
1742659200036,1.25e-05
1742662800054,1.25e-05
1742666400119,1.25e-05
1742670000063,1.25e-05
1742673600026,1.25e-05
1742677200027,1.25e-05
1742680800028,1.25e-05
1742684400000,3.5924e-06
1742688000020,-1.19411e-05
1742691600050,9.4002e-06
1742695200008,1.25e-05
1742698800011,1.25e-05
1742702400029,1.25e-05
1742706000049,1.25e-05
1742709600102,1.25e-05
1742713200057,1.25e-05
1742716800065,1.25e-05
1742720400040,1.25e-05
1742724000077,1.25e-05
1742727600033,1.25e-05
1742731200010,1.25e-05
1742734800077,1.25e-05
1742738400023,1.25e-05
1742742000067,1.25e-05
1742745600051,1.25e-05
1742749200043,1.25e-05
1742752800031,1.25e-05
1742756400027,1.25e-05
1742760000112,1.25e-05
1742763600029,1.25e-05
1742767200028,1.25e-05
1742770800053,1.25e-05
1742774400090,1.25e-05
1742778000018,1.25e-05
1742781600009,1.25e-05
1742785200043,1.25e-05
1742788800138,1.25e-05
1742792400036,1.25e-05
1742796000058,1.25e-05
1742799600029,1.25e-05
1742803200023,1.25e-05
1742806800026,1.25e-05
1742810400015,1.25e-05
1742814000166,1.25e-05
1742817600041,1.25e-05
1742821200043,1.25e-05
1742824800065,1.25e-05
1742828400003,1.25e-05
1742832000030,1.25e-05
1742835600029,1.25e-05
1742839200037,1.25e-05
1742842800007,1.25e-05
1742846400047,1.25e-05
1742850000085,1.00147e-05
1742853600030,1.25e-05
1742857200063,1.25e-05
1742860800026,1.25e-05
1742864400028,1.25e-05
1742868000021,1.25e-05
1742871600024,1.25e-05
1742875200019,1.25e-05
1742878800049,1.09822e-05
1742882400070,7.1753e-06
1742886000040,1.25e-05
1742889600081,1.01607e-05
1742893200007,1.07464e-05
1742896800049,6.87e-06
1742900400008,1.17426e-05
1742904000023,7.3178e-06
1742907600065,7.1066e-06
1742911200079,1.25e-05
1742914800007,1.25e-05
1742918400047,1.25e-05
1742922000015,1.17969e-05
1742925600047,1.25e-05
1742929200045,1.25e-05
1742932800009,1.25e-05
1742936400043,1.25e-05
1742940000045,1.25e-05
1742943600208,1.25e-05
1742947200001,1.00223e-05
1742950800003,1.25e-05
1742954400077,1.25e-05
1742958000008,1.13417e-05
1742961600064,1.25e-05
1742965200014,1.25e-05
1742968800065,1.04791e-05
1742972400003,1.25e-05
1742976000022,1.25e-05
1742979600005,1.25e-05
1742983200058,1.25e-05
1742986800012,1.25e-05
1742990400001,1.25e-05
1742994000063,1.25e-05
1742997600069,1.25e-05
1743001200047,1.25e-05
1743004800008,9.4136e-06
1743008400024,1.06272e-05
1743012000109,1.25e-05
1743015600004,1.25e-05
1743019200019,1.1929e-06
1743022800046,1.1627e-06
1743026400035,-7.9529e-06
1743030000035,-2.30694e-05
1743033600005,-1.44274e-05
1743037200006,-4.435e-06
1743040800036,-6.2958e-06
1743044400030,-2.10308e-05
1743048000011,-3.2303e-05
1743051600053,-3.72901e-05
1743055200074,-3.25119e-05
1743058800007,-2.33824e-05
1743062400083,-1.87176e-05
1743066000057,-1.57174e-05
1743069600043,-1.12779e-05
1743073200012,-1.87386e-05
1743076800047,-9.9505e-06
1743080400054,-1.26211e-05
1743084000010,-6.7993e-06
1743087600015,6.4553e-06
1743091200049,1.25e-05
1743094800022,1.25e-05
1743098400068,1.25e-05
1743102000133,1.25e-05
1743105600066,1.25e-05
1743109200001,1.25e-05
1743112800037,1.25e-05
1743116400024,1.25e-05
1743120000014,1.25e-05
1743123600070,8.1569e-06
1743127200013,9.7258e-06
1743130800000,1.25e-05
1743134400065,1.7638e-06
1743138000056,3.1393e-06
1743141600041,5.6221e-06
1743145200054,1.07722e-05
1743148800039,1.02989e-05
1743152400073,-3.1134e-06
1743156000056,-1.54523e-05
1743159600023,-1.76803e-05
1743163200105,-1.38837e-05
1743166800006,-5.1586e-06
1743170400073,-2.8061e-06
1743174000063,-1.07925e-05
1743177600011,1.25e-05
1743181200012,1.25e-05
1743184800030,1.25e-05
1743188400060,1.25e-05
1743192000021,1.25e-05
1743195600026,1.25e-05
1743199200063,1.25e-05
1743202800049,1.25e-05
1743206400086,1.25e-05
1743210000069,1.25e-05
1743213600003,1.25e-05
1743217200037,1.25e-05
1743220800066,1.25e-05
1743224400042,2.1708e-06
1743228000061,-1.0155e-06
1743231600111,-3.0479e-06
1743235200045,-2.6637e-06
1743238800062,2.3944e-06
1743242400009,3.26e-07
1743246000052,4.1808e-06
1743249600027,-8.714e-07
1743253200055,-8.8157e-06
1743256800037,-1.05713e-05
1743260400120,-2.1567e-05
1743264000174,-1.55131e-05
1743267600050,-1.1887e-06
1743271200045,-1.76648e-05
1743274800093,-3.29203e-05
1743278400034,-2.62029e-05
1743282000049,-2.06954e-05
1743285600097,-3.19292e-05
1743289200048,-2.85962e-05
1743292800022,-3.09787e-05
1743296400028,-2.08778e-05
1743300000030,-2.16129e-05
1743303600025,-1.9815e-05
1743307200056,-1.93646e-05
1743310800085,-1.64982e-05
1743314400061,-1.71644e-05
1743318000061,-2.13185e-05
1743321600093,-2.08254e-05
1743325200107,-1.90466e-05
1743328800004,-2.27532e-05
1743332400000,-2.71226e-05
1743336000029,-2.96991e-05
1743339600021,-2.51663e-05
1743343200064,-2.11748e-05
1743346800027,-2.51175e-05
1743350400030,-2.20646e-05
1743354000057,-1.19905e-05
1743357600045,-2.84564e-05
1743361200039,-2.00029e-05
1743364800006,-2.04103e-05
1743368400000,-2.71476e-05
1743372000011,-2.61978e-05
1743375600098,-2.16599e-05
1743379200059,-1.18022e-05
1743382800016,-1.45737e-05
1743386400051,-1.4149e-05
1743390000041,-2.04651e-05
1743393600097,-1.84401e-05
1743397200013,-3.21568e-05
1743400800087,-3.78849e-05
1743404400060,-3.40076e-05
1743408000041,-2.08499e-05
1743411600032,-2.33156e-05
1743415200007,-3.18342e-05
1743418800005,-3.27902e-05
1743422400189,-2.98328e-05
1743426000052,-8.6917e-06
1743429600007,-2.0637e-06
1743433200002,-4.6253e-06
1743436800035,1.25e-05
1743440400069,1.25e-05
1743444000044,1.25e-05
1743447600051,1.25e-05
1743451200009,1.25e-05
1743454800053,6.7961e-06
1743458400055,1.25e-05
1743462000005,1.25e-05
1743465600014,-2.7047e-06
1743469200112,-4.8221e-06
1743472800017,1.3167e-06
1743476400093,1.03721e-05
1743480000077,1.25e-05
1743483600036,6.7879e-06
1743487200027,7.798e-06
1743490800078,7.5055e-06
1743494400075,1.21387e-05
1743498000074,1.25e-05
1743501600002,1.25e-05
1743505200022,1.25e-05
1743508800006,1.25e-05
1743512400030,1.25e-05
1743516000018,1.25e-05
1743519600000,1.25e-05
1743523200033,1.25e-05
1743526800035,1.25e-05
1743530400050,1.25e-05
1743534000020,1.25e-05
1743537600049,1.25e-05
1743541200021,1.25e-05
1743544800020,1.25e-05
1743548400024,1.25e-05
1743552000043,1.25e-05
1743555600010,1.25e-05
1743559200060,1.25e-05
1743562800015,1.25e-05
1743566400092,1.25e-05
1743570000180,1.03769e-05
1743573600024,1.17723e-05
1743577200010,4.5083e-06
1743580800023,7.6535e-06
1743584400007,5.5691e-06
1743588000019,6.7109e-06
1743591600046,1.25e-05
1743595200020,4.8925e-06
1743598800114,7.2556e-06
1743602400059,4.2098e-06
1743606000052,5.9269e-06
1743609600075,7.0675e-06
1743613200022,1.25e-05
1743616800007,1.0009e-05
1743620400085,-9.39e-08
1743624000002,1.25e-05
1743627600075,6.799e-06
1743631200051,-1.09622e-05
1743634800039,-1.31302e-05
1743638400071,-1.45845e-05
1743642000140,-1.29888e-05
1743645600014,-1.57928e-05
1743649200096,-2.87094e-05
1743652800005,-2.70628e-05
1743656400001,-1.93577e-05
1743660000090,-2.40251e-05
1743663600032,-1.21411e-05
1743667200096,-1.61447e-05
1743670800141,-1.67345e-05
1743674400086,-1.84928e-05
1743678000041,-2.0092e-05
1743681600002,-4.00192e-05
1743685200039,-3.63085e-05
1743688800053,-4.14294e-05
1743692400029,-5.76775e-05
1743696000085,-3.94478e-05
1743699600033,-3.51078e-05
1743703200035,-3.94994e-05
1743706800038,-2.73174e-05
1743710400004,-2.11918e-05
1743714000040,-2.96633e-05
1743717600025,-2.79921e-05
1743721200014,-1.76498e-05
1743724800034,-1.63547e-05
1743728400026,-1.34615e-05
1743732000012,-1.92525e-05
1743735600059,-2.24465e-05
1743739200057,-1.63672e-05
1743742800078,-1.17648e-05
1743746400019,5.0162e-06
1743750000004,-2.6503e-06
1743753600009,7.9602e-06
1743757200023,2.152e-06
1743760800039,-4.0066e-06
1743764400041,-5.2216e-06
1743768000047,-2.17473e-05
1743771600056,-9.1999e-06
1743775200029,-6.3676e-06
1743778800049,1.25e-05
1743782400021,1.25e-05
1743786000065,1.25e-05
1743789600005,1.25e-05
1743793200018,1.25e-05
1743796800095,1.25e-05
1743800400056,1.25e-05
1743804000039,1.25e-05
1743807600004,1.25e-05
1743811200101,1.25e-05
1743814800024,1.25e-05
1743818400049,1.25e-05
1743822000038,1.25e-05
1743825600099,1.25e-05
1743829200025,1.25e-05
1743832800055,1.25e-05
1743836400005,1.25e-05
1743840000029,1.25e-05
1743843600042,1.25e-05
1743847200041,1.25e-05
1743850800035,1.25e-05
1743854400113,1.25e-05
1743858000029,1.25e-05
1743861600185,1.7831e-06
1743865200024,-6.0993e-06
1743868800033,-4.9973e-06
1743872400023,-5.0593e-06
1743876000028,-7.601e-06
1743879600081,-9.9076e-06
1743883200038,-1.08362e-05
1743886800026,-1.21571e-05
1743890400037,-1.53434e-05
1743894000019,-1.32744e-05
1743897600051,-5.9536e-06
1743901200041,2.6157e-06
1743904800027,4.5264e-06
1743908400017,5.62e-08
1743912000002,-1.90375e-05
1743915600017,-1.40317e-05
1743919200017,-1.0872e-05
1743922800065,-1.64446e-05
1743926400042,-2.59865e-05
1743930000015,-2.37894e-05
1743933600009,-1.82295e-05
1743937200006,-1.93864e-05
1743940800061,-1.23211e-05
1743944400031,-2.34423e-05
1743948000100,-3.09896e-05
1743951600063,-3.84884e-05
1743955200028,-2.20563e-05
1743958800008,-8.485e-06
1743962400030,-5.7879e-05
1743966000154,-4.34589e-05
1743969600025,-3.69003e-05
1743973200029,-4.20759e-05
1743976800027,-3.17508e-05
1743980400005,-1.45213e-05
1743984000007,-3.96997e-05
1743987600091,-2.64059e-05
1743991200063,-2.55141e-05
1743994800004,-2.51876e-05
1743998400081,-2.30452e-05
1744002000069,-2.24182e-05
1744005600045,-2.16031e-05
1744009200040,-2.4534e-06
1744012800118,-1.6873e-06
1744016400113,1.2181e-06
1744020000042,5.933e-06
1744023600022,8.6559e-06
1744027200076,3.1139e-06
1744030800022,-4.6139e-06
1744034400009,-6.2904e-06
1744038000020,-1.08609e-05
1744041600107,1.25e-05
1744045200026,1.22918e-05
1744048800094,1.20539e-05
1744052400019,1.25e-05
1744056000019,1.25e-05
1744059600021,1.25e-05
1744063200021,1.06221e-05
1744066800039,1.25e-05
1744070400066,1.25e-05
1744074000042,1.25e-05
1744077600073,1.25e-05
1744081200068,1.25e-05
1744084800096,9.1145e-06
1744088400090,-2.1163e-06
1744092000017,-5.679e-07
1744095600050,5.5927e-06
1744099200004,-8.494e-06
1744102800032,-2.14558e-05
1744106400015,-2.27182e-05
1744110000071,-2.21714e-05
1744113600033,-1.8392e-05
1744117200007,-1.43376e-05
1744120800076,-1.34192e-05
1744124400019,-1.5763e-05
1744128000005,-2.3486e-05
1744131600050,-1.40454e-05
1744135200011,-2.62605e-05
1744138800108,-3.09623e-05
1744142400026,-3.21912e-05
1744146000049,-3.04434e-05
1744149600014,-2.21098e-05
1744153200029,-2.62876e-05
1744156800087,-4.14979e-05
1744160400087,-3.17238e-05
1744164000056,-3.82592e-05
1744167600008,-2.89608e-05
1744171200023,-2.12502e-05
1744174800076,-3.7544e-05
1744178400068,-1.45564e-05
1744182000006,3.033e-06
1744185600074,-2.851e-06
1744189200060,9.709e-07
1744192800088,-2.724e-07
1744196400036,2.9239e-06
1744200000055,1.25e-05
1744203600059,1.25e-05
1744207200032,-2.4593e-05
1744210800065,-4.31828e-05
1744214400084,-2.6695e-05
1744218000011,1.10217e-05
1744221600060,1.25e-05
1744225200059,1.25e-05
1744228800038,1.25e-05
1744232400017,1.25e-05
1744236000054,1.25e-05
1744239600012,1.25e-05
1744243200001,1.25e-05
1744246800036,1.25e-05
1744250400025,1.25e-05
1744254000071,1.25e-05
1744257600093,1.25e-05
1744261200028,1.25e-05
1744264800046,1.25e-05
1744268400030,1.25e-05
1744272000025,1.25e-05
1744275600068,1.25e-05
1744279200076,1.25e-05
1744282800045,1.25e-05
1744286400084,1.25e-05
1744290000015,1.25e-05
1744293600121,1.25e-05
1744297200031,1.25e-05
1744300800051,1.25e-05
1744304400069,1.25e-05
1744308000109,1.25e-05
1744311600018,1.25e-05
1744315200048,9.7478e-06
1744318800059,-2.1975e-06
1744322400042,2.6295e-06
1744326000003,1.14574e-05
1744329600102,1.25e-05
1744333200098,1.25e-05
1744336800096,-2.191e-06
1744340400013,-1.49361e-05
1744344000008,-1.10104e-05
1744347600044,-1.28942e-05
1744351200062,-1.08142e-05
1744354800005,-1.29394e-05
1744358400039,-1.81008e-05
1744362000103,-8.7613e-06
1744365600069,-1.57215e-05
1744369200083,-5.3608e-06
1744372800117,8.8711e-06
1744376400018,9.8711e-06
1744380000074,1.25e-05
1744383600047,1.25e-05
1744387200054,7.8965e-06
1744390800068,5.3134e-06
1744394400020,4.9069e-06
1744398000006,7.228e-06
1744401600006,3.6845e-06
1744405200082,1.4735e-06
1744408800113,1.15461e-05
1744412400032,6.6762e-06
1744416000042,1.25e-05
1744419600010,1.25e-05
1744423200017,1.25e-05
1744426800069,1.4353e-06
1744430400040,-1.18499e-05
1744434000014,-6.109e-06
1744437600077,1.2255e-05
1744441200041,7.6381e-06
1744444800015,4.5862e-06
1744448400128,1.25e-05
1744452000079,1.25e-05
1744455600059,1.25e-05
1744459200012,-7.92e-08
1744462800009,-3.1693e-06
1744466400006,6.5531e-06
1744470000015,1.25e-05
1744473600062,1.25e-05
1744477200027,1.25e-05
1744480800095,1.25e-05
1744484400020,1.25e-05
1744488000084,1.25e-05
1744491600082,5.3205e-06
1744495200026,4.7963e-06
1744498800121,6.1969e-06
1744502400037,6.2778e-06
1744506000063,8.43e-06
1744509600002,3.0003e-06
1744513200021,9.7347e-06
1744516800044,3.8778e-06
1744520400082,1.9232e-06
1744524000078,8.419e-07
1744527600033,-8.6601e-06
1744531200072,-7.99e-06
1744534800112,-1.2186e-06
1744538400012,-8.9214e-06
1744542000021,-2.8451e-06
1744545600054,-2.8382e-06
1744549200002,3.372e-07
1744552800004,2.0838e-06
1744556400100,-2.42814e-05
1744560000087,-8.7645e-06
1744563600045,-7.0116e-06
1744567200006,-5.538e-07
1744570800105,1.1358e-05
1744574400028,6.3508e-06
1744578000034,-2.5655e-06
1744581600058,1.5995e-06
1744585200011,-1.9077e-06
1744588800023,-1.8042e-06
1744592400033,1.22453e-05
1744596000040,1.25e-05
1744599600010,1.25e-05
1744603200007,7.8591e-06
1744606800018,1.3322e-06
1744610400035,1.25e-05
1744614000084,1.25e-05
1744617600043,1.25e-05
1744621200063,1.25e-05
1744624800040,1.03297e-05
1744628400042,1.25e-05
1744632000019,1.25e-05
1744635600074,1.25e-05
1744639200054,1.25e-05
1744642800147,1.25e-05
1744646400055,1.25e-05
1744650000087,5.2639e-06
1744653600043,1.25e-05
1744657200063,7.7435e-06
1744660800018,-5.9815e-06
1744664400041,-8.3659e-06
1744668000020,-1.1577e-05
1744671600028,-1.40373e-05
1744675200048,-1.35238e-05
1744678800005,-1.1993e-05
1744682400049,-5.311e-06
1744686000005,-1.8092e-06
1744689600029,-6.3785e-06
1744693200104,2.2853e-06
1744696800073,4.4357e-06
1744700400103,1.936e-06
1744704000030,5.8259e-06
1744707600079,1.8275e-06
1744711200084,4.09e-07
1744714800074,8.52e-08
1744718400047,6.9431e-06
1744722000054,-2.7647e-06
1744725600036,1.2781e-06
1744729200096,-1.11006e-05
1744732800003,-2.22918e-05
1744736400107,-1.79058e-05
1744740000042,-2.40678e-05
1744743600007,-2.1957e-05
1744747200015,-2.563e-05
1744750800001,-1.97826e-05
1744754400020,-2.12282e-05
1744758000080,-1.60282e-05
1744761600008,-1.42817e-05
1744765200034,-2.6086e-06
1744768800050,-4.005e-07
1744772400058,-1.9702e-06
1744776000066,3.2114e-06
1744779600127,4.5776e-06
1744783200006,8.3907e-06
1744786800021,1.18989e-05
1744790400069,2.8673e-06
1744794000021,3.3805e-06
1744797600072,6.3248e-06
1744801200063,5.3122e-06
1744804800030,-2.9758e-06
1744808400015,-7.5755e-06
1744812000024,1.933e-07
1744815600067,-2.1135e-06
1744819200035,-1.3302e-06
1744822800017,-1.3582e-06
1744826400038,-6.218e-06
1744830000000,-1.2731e-05
1744833600061,-7.1564e-06
1744837200033,-8.658e-07
1744840800075,-3.2368e-06
1744844400053,-1.04864e-05
1744848000078,-1.02184e-05
1744851600060,2.3617e-06
1744855200002,-4.0301e-06
1744858800088,-2.37242e-05
1744862400016,-1.81262e-05
1744866000081,-1.43585e-05
1744869600010,3.1057e-06
1744873200086,-1.544e-07
1744876800060,-1.29546e-05
1744880400021,-3.66e-06
1744884000093,-1.69539e-05
1744887600027,-1.16971e-05
1744891200100,-1.60895e-05
1744894800129,3.454e-07
1744898400054,-8.166e-06
1744902000020,-1.58619e-05
1744905600067,-1.29704e-05
1744909200023,-6.8051e-06
1744912800024,5.1616e-06
1744916400002,7.4822e-06
1744920000019,-4.2867e-06
1744923600092,-2.2658e-06
1744927200047,-2.3577e-06
1744930800046,-6.3716e-06
1744934400099,-9.2495e-06
1744938000098,-7.5851e-06
1744941600044,-8.2472e-06
1744945200082,-9.3819e-06
1744948800096,-1.05289e-05
1744952400044,-1.28415e-05
1744956000032,-1.0191e-05
1744959600000,1.0762e-06
1744963200038,-9.799e-07
1744966800002,-8.9e-09
1744970400073,5.0281e-06
1744974000002,1.15989e-05
1744977600038,1.25e-05
1744981200037,1.14756e-05
1744984800092,1.25e-05
1744988400004,1.25e-05
1744992000098,1.25e-05
1744995600065,1.25e-05
1744999200021,1.25e-05
1745002800121,1.02996e-05
1745006400063,1.09546e-05
1745010000074,8.2738e-06
1745013600034,1.406e-06
1745017200054,6.1012e-06
1745020800019,1.25e-05
1745024400054,1.10161e-05
1745028000027,7.661e-06
1745031600018,1.25e-05
1745035200054,1.25e-05
1745038800029,1.25e-05
1745042400046,1.25e-05
1745046000062,1.25e-05
1745049600041,1.25e-05
1745053200071,1.25e-05
1745056800047,1.25e-05
1745060400025,1.25e-05
1745064000006,9.8492e-06
1745067600054,8.6989e-06
1745071200033,1.25e-05
1745074800073,1.25e-05
1745078400054,1.25e-05
1745082000047,1.25e-05
1745085600048,1.25e-05
1745089200055,1.05863e-05
1745092800032,9.66e-06
1745096400044,1.09061e-05
1745100000139,3.4635e-06
1745103600074,3.0418e-06
1745107200017,1.25e-05
1745110800067,1.25e-05
1745114400081,1.25e-05
1745118000074,1.25e-05
1745121600079,2.1325e-06
1745125200061,8.0207e-06
1745128800040,8.7213e-06
1745132400033,7.6869e-06
1745136000064,3.5639e-06
1745139600116,6.3502e-06
1745143200089,1.4334e-06
1745146800036,-1.578e-06
1745150400055,5.1812e-06
1745154000082,-4.6632e-06
1745157600020,-8.7575e-06
1745161200033,-9.5452e-06
1745164800061,-5.4748e-06
1745168400028,-4.2566e-06
1745172000096,-6.0227e-06
1745175600048,-7.5016e-06
1745179200092,-1.00308e-05
1745182800039,-1.9938e-06
1745186400102,-7.0493e-06
1745190000033,-1.42199e-05
1745193600007,-1.66998e-05
1745197200025,5.5172e-06
1745200800034,1.06448e-05
1745204400015,1.25e-05
1745208000033,1.25e-05
1745211600030,1.25e-05
1745215200082,8.835e-06
1745218800094,1.25e-05
1745222400024,6.7786e-06
1745226000010,1.25e-05
1745229600134,1.25e-05
1745233200053,1.25e-05
1745236800028,1.25e-05
1745240400001,1.25e-05
1745244000018,9.8316e-06
1745247600021,1.25e-05
1745251200097,1.25e-05
1745254800109,1.0253e-05
1745258400042,1.2985e-06
1745262000071,7.2201e-06
1745265600044,2.1847e-06
1745269200050,5.1758e-06
1745272800046,1.07957e-05
1745276400018,-3.6765e-06
1745280000047,-5.4808e-06
1745283600028,6.308e-06
1745287200049,1.25e-05
1745290800010,1.25e-05
1745294400018,1.25e-05
1745298000086,1.25e-05
1745301600049,1.25e-05
1745305200112,5.926e-06
1745308800012,6.7146e-06
1745312400090,1.25e-05
1745316000002,1.25e-05
1745319600036,1.24659e-05
1745323200045,1.25e-05
1745326800019,1.25e-05
1745330400016,1.25e-05
1745334000020,1.25e-05
1745337600048,1.25e-05
1745341200047,1.25e-05
1745344800027,1.25e-05
1745348400005,1.25e-05
1745352000061,1.25e-05
1745355600030,1.25e-05
1745359200001,1.25e-05
1745362800073,1.25e-05
1745366400005,1.25e-05
1745370000002,1.25e-05
1745373600048,1.25e-05
1745377200049,1.25e-05
1745380800055,1.25e-05
1745384400064,1.25e-05
1745388000027,1.25e-05
1745391600086,1.25e-05
1745395200028,1.25e-05
1745398800002,1.25e-05
1745402400110,1.25e-05
1745406000005,1.25e-05
1745409600061,1.25e-05
1745413200110,1.25e-05
1745416800048,1.25e-05
1745420400032,1.25e-05
1745424000023,1.25e-05
1745427600027,1.25e-05
1745431200039,1.25e-05
1745434800005,1.25e-05
1745438400052,1.25e-05
1745442000018,1.25e-05
1745445600156,1.25e-05
1745449200075,1.25e-05
1745452800049,1.25e-05
1745456400008,1.25e-05
1745460000021,1.25e-05
1745463600069,1.25e-05
1745467200052,1.25e-05
1745470800087,1.25e-05
1745474400000,1.25e-05
1745478000044,1.25e-05
1745481600047,1.25e-05
1745485200073,1.25e-05
1745488800020,1.25e-05
1745492400009,1.25e-05
1745496000015,1.25e-05
1745499600026,1.25e-05
1745503200048,1.25e-05
1745506800010,1.25e-05
1745510400062,1.25e-05
1745514000010,1.25e-05
1745517600099,1.25e-05
1745521200015,1.25e-05
1745524800114,1.25e-05
1745528400051,1.25e-05
1745532000018,1.25e-05
1745535600077,1.25e-05
1745539200067,1.25e-05
1745542800096,1.25e-05
1745546400044,1.25e-05
1745550000111,1.25e-05
1745553600019,1.25e-05
1745557200110,1.25e-05
1745560800659,1.25e-05
1745564400073,1.25e-05
1745568000036,1.25e-05
1745571600025,1.25e-05
1745575200069,1.25e-05
1745578800035,1.25e-05
1745582400032,1.25e-05
1745586000002,1.25e-05
1745589600022,1.25e-05
1745593200004,1.25e-05
1745596800085,1.25e-05
1745600400046,1.25e-05
1745604000037,1.25e-05
1745607600050,1.25e-05
1745611200058,1.25e-05
1745614800047,1.25e-05
1745618400056,1.25e-05
1745622000047,1.25e-05
1745625600070,1.25e-05
1745629200004,1.25e-05
1745632800037,1.25e-05
1745636400050,1.25e-05
1745640000079,1.25e-05
1745643600089,1.25e-05
1745647200080,1.25e-05
1745650800011,1.25e-05
1745654400041,1.25e-05
1745658000020,1.25e-05
1745661600013,1.25e-05
1745665200099,1.25e-05
1745668800040,1.25e-05
1745672400062,1.25e-05
1745676000055,1.25e-05
1745679600016,1.25e-05
1745683200047,1.25e-05
1745686800054,1.25e-05
1745690400019,1.25e-05
1745694000030,1.25e-05
1745697600038,1.25e-05
1745701200024,1.25e-05
1745704800026,1.25e-05
1745708400003,1.25e-05
1745712000033,1.25e-05
1745715600081,1.25e-05
1745719200017,1.25e-05
1745722800074,1.25e-05
1745726400052,1.25e-05
1745730000058,1.25e-05
1745733600014,1.25e-05
1745737200032,1.25e-05
1745740800015,1.25e-05
1745744400034,1.25e-05
1745748000004,1.25e-05
1745751600010,1.25e-05
1745755200060,1.25e-05
1745758800022,1.25e-05
1745762400036,1.25e-05
1745766000047,1.25e-05
1745769600060,1.25e-05
1745773200051,1.25e-05
1745776800040,1.25e-05
1745780400040,1.25e-05
1745784000025,1.25e-05
1745787600041,1.25e-05
1745791200032,1.25e-05
1745794800006,1.25e-05
1745798400039,1.25e-05
1745802000048,1.25e-05
1745805600070,1.25e-05
1745809200116,1.25e-05
1745812800046,1.25e-05
1745816400026,1.25e-05
1745820000029,1.25e-05
1745823600083,1.25e-05
1745827200025,1.25e-05
1745830800092,1.25e-05
1745834400106,1.25e-05
1745838000067,1.25e-05
1745841600007,1.25e-05
1745845200058,1.25e-05
1745848800031,1.25e-05
1745852400049,1.25e-05
1745856000005,1.25e-05
1745859600059,1.25e-05
1745863200027,1.25e-05
1745866800072,1.25e-05
1745870400031,1.25e-05
1745874000031,1.25e-05
1745877600038,1.25e-05
1745881200073,1.25e-05
1745884800114,1.25e-05
1745888400054,1.25e-05
1745892000068,1.25e-05
1745895600009,1.25e-05
1745899200094,1.25e-05
1745902800010,1.25e-05
1745906400006,1.25e-05
1745910000003,1.25e-05
1745913600045,1.25e-05
1745917200049,1.25e-05
1745920800039,1.25e-05
1745924400028,1.25e-05
1745928000063,1.25e-05
1745931600012,1.25e-05
1745935200042,1.25e-05
1745938800090,1.25e-05
1745942400044,1.25e-05
1745946000089,1.25e-05
1745949600005,1.25e-05
1745953200034,1.25e-05
1745956800019,1.25e-05
1745960400095,1.25e-05
1745964000103,1.25e-05
1745967600007,1.25e-05
1745971200064,1.0391e-06
1745974800039,1.09871e-05
1745978400083,6.0511e-06
1745982000000,1.14554e-05
1745985600093,1.25e-05
1745989200118,1.25e-05
1745992800051,1.25e-05
1745996400035,1.09563e-05
1746000000027,1.25e-05
1746003600041,1.00618e-05
1746007200048,7.872e-06
1746010800054,1.23316e-05
1746014400106,1.25e-05
1746018000026,4.9036e-06
1746021600059,-5.9278e-06
1746025200012,-6.1834e-06
1746028800033,-2.2392e-06
1746032400040,5.4807e-06
1746036000030,3.1638e-06
1746039600099,1.25e-05
1746043200087,-2.378e-06
1746046800061,7.3624e-06
1746050400053,1.25e-05
1746054000065,9.7566e-06
1746057600104,1.25e-05
1746061200030,1.25e-05
1746064800005,1.25e-05
1746068400037,1.25e-05
1746072000010,1.25e-05
1746075600059,1.25e-05
1746079200023,1.25e-05
1746082800023,1.25e-05
1746086400013,1.25e-05
1746090000071,1.25e-05
1746093600063,1.25e-05
1746097200019,1.25e-05
1746100800140,1.25e-05
1746104400001,1.25e-05
1746108000073,1.25e-05
1746111600106,1.25e-05
1746115200012,1.25e-05
1746118800084,1.25e-05
1746122400029,1.25e-05
1746126000029,1.25e-05
1746129600034,1.25e-05
1746133200068,1.25e-05
1746136800057,1.25e-05
1746140400006,1.25e-05
1746144000001,1.25e-05
1746147600054,1.25e-05
1746151200069,1.25e-05
1746154800002,1.25e-05
1746158400034,1.25e-05
1746162000069,1.25e-05
1746165600067,1.25e-05
1746169200001,1.25e-05
1746172800116,1.25e-05
1746176400057,1.25e-05
1746180000076,1.25e-05
1746183600032,1.25e-05
1746187200024,1.25e-05
1746190800000,1.25e-05
1746194400060,1.25e-05
1746198000079,1.25e-05
1746201600032,1.25e-05
1746205200111,1.25e-05
1746208800101,1.25e-05
1746212400062,1.25e-05
1746216000030,1.25e-05
1746219600007,1.25e-05
1746223200037,1.25e-05
1746226800040,1.25e-05
1746230400096,1.25e-05
1746234000021,1.25e-05
1746237600040,1.25e-05
1746241200113,1.25e-05
1746244800069,1.25e-05
1746248400025,1.25e-05
1746252000081,1.25e-05
1746255600040,1.25e-05
1746259200119,1.25e-05
1746262800016,1.25e-05
1746266400004,1.25e-05
1746270000063,1.25e-05
1746273600080,1.25e-05
1746277200018,1.25e-05
1746280800078,1.25e-05
1746284400007,1.25e-05
1746288000092,1.25e-05
1746291600068,1.25e-05
1746295200029,1.25e-05
1746298800023,1.25e-05
1746302400024,1.25e-05
1746306000009,1.25e-05
1746309600055,1.25e-05
1746313200004,1.25e-05
1746316800111,1.25e-05
1746320400037,1.25e-05
1746324000084,1.25e-05
1746327600082,1.25e-05
1746331200051,1.25e-05
1746334800046,1.25e-05
1746338400017,1.25e-05
1746342000095,1.25e-05
1746345600000,1.25e-05
1746349200040,1.25e-05
1746352800025,1.25e-05
1746356400059,1.25e-05
1746360000067,1.25e-05
1746363600126,1.25e-05
1746367200045,1.25e-05
1746370800016,1.25e-05
1746374400097,9.168e-06
1746378000015,1.18942e-05
1746381600062,1.16806e-05
1746385200050,4.7436e-06
1746388800015,1.5538e-06
1746392400071,-4.001e-07
1746396000113,-2.9268e-06
1746399600044,6.5e-07
1746403200011,-2.8634e-06
1746406800121,3.8724e-06
1746410400054,9.1e-08
1746414000031,2.9411e-06
1746417600017,4.8821e-06
1746421200009,-5.0395e-06
1746424800024,-4.8667e-06
1746428400002,-1.4569e-06
1746432000012,5.9429e-06
1746435600113,1.11149e-05
1746439200018,8.7346e-06
1746442800021,1.25e-05
1746446400021,9.243e-07
1746450000050,4.756e-07
1746453600011,-2.695e-06
1746457200073,1.3653e-06
1746460800157,1.09806e-05
1746464400021,1.24567e-05
1746468000045,1.25e-05
1746471600003,1.25e-05
1746475200012,1.25e-05
1746478800073,2.0785e-06
1746482400000,1.3638e-06
1746486000053,2.4277e-06
1746489600024,5.1183e-06
1746493200010,1.25e-05
1746496800008,1.25e-05
1746500400065,-3.076e-06
1746504000018,-1.6904e-06
1746507600099,6.5903e-06
1746511200019,8.9189e-06
1746514800035,1.12159e-05
1746518400074,1.18559e-05
1746522000060,1.01387e-05
1746525600043,1.25e-05
1746529200001,1.25e-05
1746532800021,1.01257e-05
1746536400066,4.7399e-06
1746540000017,5.0925e-06
1746543600085,1.14792e-05
1746547200046,1.25e-05
1746550800011,1.25e-05
1746554400054,1.25e-05
1746558000075,1.25e-05
1746561600001,1.25e-05
1746565200065,1.25e-05
1746568800099,1.25e-05
1746572400067,1.25e-05
1746576000066,1.25e-05
1746579600021,1.25e-05
1746583200081,1.25e-05
1746586800096,1.25e-05
1746590400103,1.25e-05
1746594000048,1.25e-05
1746597600111,1.25e-05
1746601200042,1.25e-05
1746604800064,1.25e-05
1746608400036,1.25e-05
1746612000031,1.25e-05
1746615600004,1.25e-05
1746619200010,1.25e-05
1746622800059,1.25e-05
1746626400006,1.25e-05
1746630000023,1.25e-05
1746633600082,1.25e-05
1746637200040,1.25e-05
1746640800008,1.25e-05
1746644400080,1.25e-05
1746648000107,1.25e-05
1746651600008,1.25e-05
1746655200040,1.25e-05
1746658800029,1.25e-05
1746662400045,1.25e-05
1746666000041,1.25e-05
1746669600033,1.25e-05
1746673200061,1.25e-05
1746676800087,1.25e-05
1746680400081,1.25e-05
1746684000003,1.25e-05
1746687600033,1.25e-05
1746691200045,1.25e-05
1746694800025,1.25e-05
1746698400017,1.25e-05
1746702000014,1.25e-05
1746705600098,1.25e-05
1746709200167,1.25e-05
1746712800082,1.25e-05
1746716400050,1.25e-05
1746720000025,1.25e-05
1746723600052,1.25e-05
1746727200057,1.25e-05
1746730800057,1.25e-05
1746734400006,1.25e-05
1746738000027,1.63974e-05
1746741600047,1.25e-05
1746745200001,1.25e-05
1746748800076,1.25e-05
1746752400038,1.25e-05
1746756000034,1.25e-05
1746759600000,1.25e-05
1746763200012,1.25e-05
1746766800007,1.25e-05
1746770400048,1.25e-05
1746774000061,1.76207e-05
1746777600036,4.18761e-05
1746781200008,1.25e-05
1746784800044,1.25e-05
1746788400005,1.25e-05
1746792000046,1.25e-05
1746795600081,1.25e-05
1746799200033,1.33203e-05
1746802800010,1.25e-05
1746806400039,1.25e-05
1746810000005,1.25e-05
1746813600052,1.25e-05
1746817200051,1.50202e-05
1746820800011,1.25e-05
1746824400013,2.3966e-05
1746828000025,3.08816e-05
1746831600078,2.71694e-05
1746835200076,3.19941e-05
1746838800052,1.71077e-05
1746842400031,1.25e-05
1746846000023,1.25e-05
1746849600085,1.25e-05
1746853200057,1.25e-05
1746856800018,1.25e-05
1746860400045,2.18655e-05
1746864000101,3.11337e-05
1746867600013,1.31844e-05
1746871200070,3.20937e-05
1746874800020,5.07576e-05
1746878400003,4.28223e-05
1746882000062,1.74121e-05
1746885600038,1.93932e-05
1746889200006,4.59994e-05
1746892800026,3.95134e-05
1746896400031,3.87203e-05
1746900000059,3.19547e-05
1746903600101,3.53073e-05
1746907200025,6.30914e-05
1746910800028,6.88873e-05
1746914400013,6.41129e-05
1746918000024,7.03576e-05
1746921600015,6.19473e-05
1746925200000,5.34483e-05
1746928800006,3.28605e-05
1746932400098,4.87877e-05
1746936000056,4.15089e-05
1746939600056,5.4749e-05
1746943200067,2.78847e-05
1746946800026,2.51745e-05
1746950400047,1.25e-05
1746954000031,1.25e-05
1746957600021,1.25e-05
1746961200023,1.25e-05
1746964800065,1.25e-05
1746968400089,2.37037e-05
1746972000038,3.00334e-05
1746975600037,2.8756e-05
1746979200034,2.33642e-05
1746982800012,1.25e-05
1746986400111,1.25e-05
1746990000015,1.25e-05
1746993600042,1.25e-05
1746997200079,1.25e-05
1747000800046,1.25e-05
1747004400007,1.25e-05
1747008000038,1.25e-05
1747011600003,2.18246e-05
1747015200016,3.73695e-05
1747018800023,6.6276e-05
1747022400114,5.81948e-05
1747026000079,6.11607e-05
1747029600023,3.01556e-05
1747033200004,6.01934e-05
1747036800052,0.0001006331
1747040400006,2.98665e-05
1747044000029,6.75879e-05
1747047600070,3.89695e-05
1747051200048,2.08907e-05
1747054800076,3.00453e-05
1747058400066,2.07335e-05
1747062000002,1.46127e-05
1747065600034,1.25e-05
1747069200046,1.25e-05
1747072800014,1.25e-05
1747076400035,1.25e-05
1747080000008,1.25e-05
1747083600012,1.25e-05
1747087200044,1.9876e-05
1747090800051,2.9038e-05
1747094400088,4.16892e-05
1747098000084,1.25e-05
1747101600038,1.25e-05
1747105200064,1.25e-05
1747108800005,1.25e-05
1747112400079,1.25e-05
1747116000098,1.25e-05
1747119600080,1.25e-05
1747123200100,1.25e-05
1747126800102,1.25e-05
1747130400055,1.25e-05
1747134000003,1.25e-05
1747137600062,1.25e-05
1747141200015,1.25e-05
1747144800068,1.25e-05
1747148400047,1.25e-05
1747152000057,1.25e-05
1747155600006,1.25e-05
1747159200057,1.25e-05
1747162800032,1.25e-05
1747166400040,1.94482e-05
1747170000029,1.25e-05
1747173600063,1.25e-05
1747177200122,1.25e-05
1747180800025,1.25e-05
1747184400034,1.25e-05
1747188000059,1.25e-05
1747191600015,1.44427e-05
1747195200101,1.49895e-05
1747198800139,3.88486e-05
1747202400023,5.44048e-05
1747206000044,3.85317e-05
1747209600024,1.25e-05
1747213200049,1.25e-05
1747216800020,1.25e-05
1747220400065,1.25e-05
1747224000110,1.25e-05
1747227600002,1.25e-05
1747231200022,1.25e-05
1747234800064,1.25e-05
1747238400001,1.25e-05
1747242000003,1.25e-05
1747245600030,1.25e-05
1747249200100,1.25e-05
1747252800049,1.85371e-05
1747256400032,2.61869e-05
1747260000021,2.79027e-05
1747263600024,1.89121e-05
1747267200021,1.25e-05
1747270800100,1.25e-05
1747274400000,1.25e-05
1747278000030,1.25e-05
1747281600007,1.60806e-05
1747285200046,3.20447e-05
1747288800009,1.59209e-05
1747292400041,1.25e-05
1747296000035,1.25e-05
1747299600016,1.25e-05
1747303200013,1.25e-05
1747306800077,1.25e-05
1747310400008,1.25e-05
1747314000042,1.25e-05
1747317600076,1.25e-05
1747321200137,1.25e-05
1747324800033,1.25e-05
1747328400090,1.37227e-05
1747332000032,2.49311e-05
1747335600068,1.25e-05
1747339200106,1.25e-05
1747342800041,1.25e-05
1747346400000,1.25e-05
1747350000027,1.25e-05
1747353600075,1.25e-05
1747357200009,1.25e-05
1747360800070,1.25e-05
1747364400056,1.25e-05
1747368000079,1.25e-05
1747371600040,1.25e-05
1747375200044,1.25e-05
1747378800028,1.25e-05
1747382400029,1.25e-05
1747386000102,1.25e-05
1747389600062,1.25e-05
1747393200067,1.25e-05
1747396800023,1.25e-05
1747400400049,1.25e-05
1747404000055,1.25e-05
1747407600038,1.25e-05
1747411200033,1.25e-05
1747414800078,1.25e-05
1747418400023,2.0877e-05
1747422000066,1.25e-05
1747425600031,1.25e-05
1747429200056,1.25e-05
1747432800067,1.25e-05
1747436400071,1.25e-05
1747440000044,1.25e-05
1747443600055,1.25e-05
1747447200106,1.25e-05
1747450800047,1.25e-05
1747454400012,1.25e-05
1747458000087,1.25e-05
1747461600007,1.25e-05
1747465200022,1.25e-05
1747468800008,1.25e-05
1747472400017,1.25e-05
1747476000014,1.25e-05
1747479600062,1.25e-05
1747483200195,1.25e-05
1747486800054,1.25e-05
1747490400032,1.25e-05
1747494000048,1.25e-05
1747497600016,1.25e-05
1747501200156,1.25e-05
1747504800050,1.25e-05
1747508400026,1.25e-05
1747512000018,1.25e-05
1747515600041,1.25e-05
1747519200095,1.25e-05
1747522800059,1.25e-05
1747526400066,1.25e-05
1747530000071,1.25e-05
1747533600087,1.25e-05
1747537200054,1.25e-05
1747540800096,1.25e-05
1747544400055,1.25e-05
1747548000061,1.25e-05
1747551600024,1.25e-05
1747555200004,1.25e-05
1747558800092,1.25e-05
1747562400042,1.25e-05
1747566000077,1.25e-05
1747569600018,1.25e-05
1747573200069,1.25e-05
1747576800042,1.25e-05
1747580400039,1.25e-05
1747584000038,1.25e-05
1747587600037,1.25e-05
1747591200174,1.73674e-05
1747594800054,3.06186e-05
1747598400122,1.25e-05
1747602000034,1.25e-05
1747605600015,1.25e-05
1747609200036,1.25e-05
1747612800008,1.25e-05
1747616400041,1.25e-05
1747620000082,1.25e-05
1747623600062,1.25e-05
1747627200042,1.25e-05
1747630800054,1.25e-05
1747634400035,1.25e-05
1747638000113,1.25e-05
1747641600020,1.25e-05
1747645200089,1.25e-05
1747648800002,1.25e-05
1747652400143,1.25e-05
1747656000037,1.25e-05
1747659600007,1.25e-05
1747663200036,1.25e-05
1747666800012,1.25e-05
1747670400013,1.25e-05
1747674000071,1.25e-05
1747677600002,1.25e-05
1747681200031,1.25e-05
1747684800059,1.25e-05
1747688400095,1.25e-05
1747692000002,1.25e-05
1747695600045,1.25e-05
1747699200103,1.25e-05
1747702800037,1.25e-05
1747706400017,1.25e-05
1747710000052,2.65166e-05
1747713600035,1.53757e-05
1747717200053,1.60626e-05
1747720800030,1.82181e-05
1747724400025,1.25e-05
1747728000033,1.25e-05
1747731600034,1.25e-05
1747735200027,1.25e-05
1747738800042,1.25e-05
1747742400047,1.25e-05
1747746000109,1.25e-05
1747749600005,1.25e-05
1747753200019,1.25e-05
1747756800069,1.25e-05
1747760400048,1.25e-05
1747764000030,1.25e-05
1747767600065,1.25e-05
1747771200038,1.25e-05
1747774800006,1.42907e-05
1747778400064,2.2963e-05
1747782000022,1.6858e-05
1747785600065,2.6724e-05
1747789200058,3.26238e-05
1747792800037,3.96756e-05
1747796400022,4.02974e-05
1747800000068,5.01608e-05
1747803600046,6.05893e-05
1747807200048,7.35505e-05
1747810800036,5.10387e-05
1747814400027,1.25e-05
1747818000037,1.25e-05
1747821600027,1.25e-05
1747825200044,1.25e-05
1747828800007,1.25e-05
1747832400061,1.25e-05
1747836000030,1.25e-05
1747839600053,1.25e-05
1747843200003,6.27755e-05
1747846800007,7.86634e-05
1747850400064,4.85667e-05
1747854000018,1.25e-05
1747857600058,1.73109e-05
1747861200035,2.03802e-05
1747864800019,3.3376e-05
1747868400003,3.62739e-05
1747872000023,7.76378e-05
1747875600020,9.92132e-05
1747879200012,8.66663e-05
1747882800055,3.89159e-05
1747886400039,1.90804e-05
1747890000098,2.23734e-05
1747893600006,3.53882e-05
1747897200111,1.25e-05
1747900800041,1.84726e-05
1747904400041,6.31492e-05
1747908000043,5.24685e-05
1747911600072,6.15689e-05
1747915200047,4.21731e-05
1747918800064,3.18759e-05
1747922400016,2.92546e-05
1747926000004,6.21753e-05
1747929600025,6.62235e-05
1747933200046,7.65802e-05
1747936800102,0.0001015249
1747940400033,0.0001053003
1747944000069,6.66144e-05
1747947600046,7.90028e-05
1747951200036,6.00344e-05
1747954800021,0.000100812
1747958400026,0.0001763541
1747962000062,0.00011764
1747965600066,0.0001566021
1747969200008,0.0002521449
1747972800002,0.0001468076
1747976400051,7.54223e-05
1747980000100,5.71554e-05
1747983600023,4.25136e-05
1747987200035,4.89969e-05
1747990800088,4.43924e-05
1747994400119,9.7972e-05
1747998000057,9.21965e-05
1748001600048,4.5852e-05
1748005200067,1.25e-05
1748008800040,3.482e-05
1748012400007,4.97447e-05
1748016000070,4.95029e-05
1748019600048,1.25e-05
1748023200053,2.69522e-05
1748026800028,3.41378e-05
1748030400063,1.25e-05
1748034000004,1.25e-05
1748037600091,1.25e-05
1748041200174,1.25e-05
1748044800003,1.25e-05
1748048400023,1.25e-05
1748052000070,1.25e-05
1748055600023,1.25e-05
1748059200069,1.25e-05
1748062800006,1.25e-05
1748066400107,1.25e-05
1748070000090,1.25e-05
1748073600037,1.25e-05
1748077200014,1.25e-05
1748080800106,1.25e-05
1748084400016,1.25e-05
1748088000045,1.25e-05
1748091600025,1.25e-05
1748095200037,1.25e-05
1748098800067,1.25e-05
1748102400014,1.25e-05
1748106000057,1.25e-05
1748109600013,1.25e-05
1748113200008,1.25e-05
1748116800045,1.25e-05
1748120400067,1.25e-05
1748124000041,1.25e-05
1748127600017,1.25e-05
1748131200079,1.25e-05
1748134800053,1.25e-05
1748138400132,-7.003e-07
1748142000038,5.763e-06
1748145600039,1.24068e-05
1748149200038,1.25e-05
1748152800032,1.25e-05
1748156400011,1.25e-05
1748160000004,1.25e-05
1748163600034,1.13702e-05
1748167200089,8.9237e-06
1748170800038,1.25e-05
1748174400062,1.25e-05
1748178000041,1.25e-05
1748181600044,1.25e-05
1748185200050,-1.6628e-06
1748188800017,1.25e-05
1748192400017,1.25e-05
1748196000003,1.25e-05
1748199600026,1.25e-05
1748203200121,1.25e-05
1748206800009,1.25e-05
1748210400008,1.25e-05
1748214000018,1.25e-05
1748217600069,1.25e-05
1748221200034,1.25e-05
1748224800026,1.25e-05
1748228400038,1.25e-05
1748232000113,1.25e-05
1748235600062,1.25e-05
1748239200004,1.25e-05
1748242800020,1.25e-05
1748246400022,1.25e-05
1748250000048,1.25e-05
1748253600013,1.25e-05
1748257200079,1.25e-05
1748260800052,1.25e-05
1748264400046,1.25e-05
1748268000002,1.25e-05
1748271600048,1.25e-05
1748275200057,1.25e-05
1748278800036,1.25e-05
1748282400034,1.25e-05
1748286000184,1.25e-05
1748289600078,1.25e-05
1748293200039,1.25e-05
1748296800028,1.25e-05
1748300400077,1.25e-05
1748304000087,1.25e-05
1748307600084,1.25e-05
1748311200001,1.25e-05
1748314800011,1.25e-05
1748318400006,1.25e-05
1748322000054,1.25e-05
1748325600125,1.25e-05
1748329200059,1.25e-05
1748332800121,1.25e-05
1748336400022,1.25e-05
1748340000074,1.25e-05
1748343600024,1.25e-05
1748347200023,1.25e-05
1748350800055,1.25e-05
1748354400020,1.25e-05
1748358000020,1.25e-05
1748361600051,1.25e-05
1748365200041,1.25e-05
1748368800046,2.71263e-05
1748372400086,2.09486e-05
1748376000018,1.25e-05
1748379600043,1.25e-05
1748383200011,1.25e-05
1748386800039,1.25e-05
1748390400112,1.25e-05
1748394000014,1.25e-05
1748397600045,1.25e-05
1748401200058,1.25e-05
1748404800006,1.25e-05
1748408400074,1.25e-05
1748412000049,1.25e-05
1748415600050,1.25e-05
1748419200014,1.25e-05
1748422800091,1.25e-05
1748426400183,1.25e-05
1748430000075,1.25e-05
1748433600089,1.25e-05
1748437200090,1.25e-05
1748440800005,1.25e-05
1748444400044,1.25e-05
1748448000020,1.25e-05
1748451600033,1.25e-05
1748455200055,1.25e-05
1748458800046,1.25e-05
1748462400096,1.25e-05
1748466000153,1.25e-05
1748469600008,1.25e-05
1748473200054,1.25e-05
1748476800026,1.25e-05
1748480400033,1.25e-05
1748484000003,1.25e-05
1748487600067,1.25e-05
1748491200048,1.25e-05
1748494800008,1.25e-05
1748498400062,1.25e-05
1748502000047,1.25e-05
1748505600009,1.25e-05
1748509200005,1.25e-05
1748512800053,1.25e-05
1748516400051,1.25e-05
1748520000053,1.25e-05
1748523600053,1.25e-05
1748527200036,1.25e-05
1748530800014,1.25e-05
1748534400025,8.5728e-06
1748538000034,1.25e-05
1748541600040,1.11014e-05
1748545200031,9.0475e-06
1748548800009,3.513e-07
1748552400030,6.4886e-06
1748556000127,3.6996e-06
1748559600016,7.771e-07
1748563200037,-6.0013e-06
1748566800049,4.0264e-06
1748570400039,7.9869e-06
1748574000039,9.856e-07
1748577600047,9.0924e-06
1748581200044,3.4928e-06
1748584800067,8.0191e-06
1748588400022,1.22477e-05
1748592000000,2.0079e-06
1748595600024,1.25e-05
1748599200043,8.6671e-06
1748602800016,4.5304e-06
1748606400033,-4.1368e-06
1748610000062,6.7212e-06
1748613600061,9.0364e-06
1748617200055,1.21379e-05
1748620800012,3.743e-06
1748624400002,3.291e-07
1748628000054,8.6091e-06
1748631600061,1.25e-05
1748635200010,1.25e-05
1748638800019,1.25e-05
1748642400048,1.25e-05
1748646000180,3.6724e-06
1748649600016,-1.6314e-06
1748653200074,1.8171e-06
1748656800014,7.1202e-06
1748660400017,8.2142e-06
1748664000080,1.25e-05
1748667600028,1.03512e-05
1748671200064,9.2934e-06
1748674800049,8.154e-07
1748678400077,-2.456e-06
1748682000052,6.065e-07
1748685600063,6.5159e-06
1748689200039,1.05724e-05
1748692800065,8.8338e-06
1748696400035,6.4013e-06
1748700000046,2.5209e-06
1748703600010,4.4598e-06
1748707200045,9.3278e-06
1748710800088,2.6924e-06
1748714400045,6.1574e-06
1748718000009,4.4035e-06
1748721600027,4.4858e-06
1748725200015,-8.3378e-06
1748728800046,-1.9977e-06
1748732400018,-2.2992e-06
1748736000078,3.6128e-06
1748739600019,2.2278e-06
1748743200109,6.358e-07
1748746800048,-5.559e-07
1748750400103,-8.346e-07
1748754000059,-7.252e-07
1748757600133,3.1281e-06
1748761200003,4.893e-07
1748764800002,2.394e-07
1748768400055,6.574e-06
1748772000042,8.4934e-06
1748775600046,1.0129e-06
1748779200025,-4.2717e-06
1748782800084,3.535e-06
1748786400010,1.25e-05
1748790000030,1.25e-05
1748793600048,1.02403e-05
1748797200043,1.25e-05
1748800800076,1.25e-05
1748804400018,1.25e-05
1748808000004,1.25e-05
1748811600005,1.25e-05
1748815200049,1.25e-05
1748818800037,1.25e-05
1748822400086,1.25e-05
1748826000023,1.25e-05
1748829600030,1.25e-05
1748833200038,1.25e-05
1748836800014,1.25e-05
1748840400028,1.25e-05
1748844000044,1.25e-05
1748847600008,1.25e-05
1748851200040,1.25e-05
1748854800025,1.25e-05
1748858400026,1.25e-05
1748862000037,1.25e-05
1748865600033,1.25e-05
1748869200081,1.25e-05
1748872800062,1.25e-05
1748876400064,1.25e-05
1748880000096,1.25e-05
1748883600043,1.25e-05
1748887200039,1.25e-05
1748890800056,1.25e-05
1748894400099,1.25e-05
1748898000035,1.25e-05
1748901600136,1.25e-05
1748905200002,1.25e-05
1748908800081,1.25e-05
1748912400009,1.25e-05
1748916000006,1.25e-05
1748919600056,1.25e-05
1748923200053,1.25e-05
1748926800040,1.25e-05
1748930400013,1.25e-05
1748934000012,1.25e-05
1748937600030,1.25e-05
1748941200023,1.25e-05
1748944800007,1.25e-05
1748948400041,1.25e-05
1748952000032,1.25e-05
1748955600033,1.25e-05
1748959200009,1.25e-05
1748962800025,1.25e-05
1748966400045,1.25e-05
1748970000035,1.25e-05
1748973600005,1.25e-05
1748977200055,1.25e-05
1748980800047,1.25e-05
1748984400022,1.25e-05
1748988000045,1.25e-05
1748991600057,1.25e-05
1748995200069,1.25e-05
1748998800018,1.25e-05
1749002400063,1.25e-05
1749006000013,1.25e-05
1749009600062,1.25e-05
1749013200046,1.25e-05
1749016800082,1.25e-05
1749020400073,1.25e-05
1749024000021,1.25e-05
1749027600081,1.25e-05
1749031200065,1.25e-05
1749034800022,1.25e-05
1749038400002,1.25e-05
1749042000042,1.25e-05
1749045600057,1.25e-05
1749049200078,1.25e-05
1749052800078,1.25e-05
1749056400038,1.25e-05
1749060000055,1.25e-05
1749063600060,1.25e-05
1749067200034,1.25e-05
1749070800050,1.25e-05
1749074400054,1.25e-05
1749078000077,1.25e-05
1749081600030,1.25e-05
1749085200048,1.25e-05
1749088800041,1.25e-05
1749092400032,1.25e-05
1749096000121,1.25e-05
1749099600107,1.25e-05
1749103200049,1.25e-05
1749106800043,1.25e-05
1749110400070,1.25e-05
1749114000114,1.25e-05
1749117600024,1.25e-05
1749121200019,1.25e-05
1749124800051,1.25e-05
1749128400009,1.25e-05
1749132000100,1.25e-05
1749135600039,1.25e-05
1749139200036,1.25e-05
1749142800020,1.25e-05
1749146400120,1.25e-05
1749150000052,1.25e-05
1749153600081,1.25e-05
1749157200032,1.25e-05
1749160800004,1.25e-05
1749164400057,1.25e-05
1749168000006,1.25e-05
1749171600034,1.25e-05
1749175200029,1.25e-05
1749178800018,1.25e-05
1749182400038,1.25e-05
1749186000153,1.25e-05
1749189600050,1.25e-05
1749193200032,1.25e-05
1749196800093,1.25e-05
1749200400118,1.25e-05
1749204000014,1.25e-05
1749207600020,1.25e-05
1749211200086,1.25e-05
1749214800084,1.25e-05
1749218400000,1.25e-05
1749222000000,1.25e-05
1749225600031,1.25e-05
1749229200080,1.25e-05
1749232800028,1.25e-05
1749236400061,1.25e-05
1749240000067,1.25e-05
1749243600062,1.25e-05
1749247200029,1.25e-05
1749250800070,1.25e-05
1749254400049,1.25e-05
1749258000109,1.25e-05
1749261600150,1.25e-05
1749265200011,1.25e-05
1749268800007,1.25e-05
1749272400100,1.25e-05
1749276000006,1.25e-05
1749279600001,1.25e-05
1749283200011,1.25e-05
1749286800055,1.25e-05
1749290400012,1.25e-05
1749294000014,1.25e-05
1749297600046,1.25e-05
1749301200000,1.25e-05
1749304800037,1.25e-05
1749308400034,1.25e-05
1749312000047,1.25e-05
1749315600034,1.25e-05
1749319200035,1.25e-05
1749322800020,1.25e-05
1749326400034,1.25e-05
1749330000023,1.25e-05
1749333600024,1.25e-05
1749337200133,1.25e-05
1749340800068,1.25e-05
1749344400007,1.25e-05
1749348000039,1.25e-05
1749351600042,1.25e-05
1749355200077,1.25e-05
1749358800050,1.25e-05
1749362400030,1.25e-05
1749366000054,1.25e-05
1749369600054,1.25e-05
1749373200029,1.25e-05
1749376801094,1.25e-05
1749380400047,1.25e-05
1749384000050,1.25e-05
1749387600090,1.25e-05
1749391200034,1.25e-05
1749394800008,1.25e-05
1749398400155,1.25e-05
1749402000100,1.25e-05
1749405600014,1.25e-05
1749409200129,1.25e-05
1749412800076,1.25e-05
1749416400020,1.25e-05
1749420000029,1.25e-05
1749423600026,1.25e-05
1749427200057,1.25e-05
1749430800044,1.25e-05
1749434400044,1.25e-05
1749438000080,1.25e-05
1749441600036,1.25e-05
1749445200013,1.25e-05
1749448800017,1.25e-05
1749452400028,1.25e-05
1749456000048,1.25e-05
1749459600009,1.25e-05
1749463200027,1.25e-05
1749466800064,1.25e-05
1749470400039,1.25e-05
1749474000049,1.25e-05
1749477600022,1.25e-05
1749481200045,1.25e-05
1749484800064,1.25e-05
1749488400044,1.25e-05
1749492000020,1.25e-05
1749495600008,1.25e-05
1749499200017,1.25e-05
1749502800047,1.25e-05
1749506400064,1.25e-05
1749510000012,1.25e-05
1749513600020,1.25e-05
1749517200087,1.25e-05
1749520800084,1.25e-05
1749524400011,1.25e-05
1749528000100,1.25e-05
1749531600092,1.25e-05
1749535200045,1.25e-05
1749538800034,1.25e-05
1749542400005,1.25e-05
1749546000009,1.25e-05
1749549600100,1.25e-05
1749553200059,1.25e-05
1749556800068,1.25e-05
1749560400051,1.25e-05
1749564000059,1.25e-05
1749567600028,1.25e-05
1749571200050,1.25e-05
1749574800088,1.25e-05
1749578400000,1.25e-05
1749582000048,1.25e-05
1749585600022,1.25e-05
1749589200022,1.25e-05
1749592800015,1.25e-05
1749596400052,1.25e-05
1749600000023,1.25e-05
1749603600031,1.25e-05
1749607200000,1.25e-05
1749610800029,1.25e-05
1749614400007,1.25e-05
1749618000064,1.25e-05
1749621600004,1.25e-05
1749625200104,1.25e-05
1749628800010,1.25e-05
1749632400000,1.67201e-05
1749636000000,2.69126e-05
1749639600025,1.95278e-05
1749643200014,1.25e-05
1749646800005,1.25e-05
1749650400039,1.80481e-05
1749654000066,1.25e-05
1749657600022,1.25e-05
1749661200025,1.25e-05
1749664800056,1.25e-05
1749668400046,1.25e-05
1749672000062,1.25e-05
1749675600047,1.25e-05
1749679200010,1.25e-05
1749682800035,1.25e-05
1749686400029,1.25e-05
1749690000057,1.25e-05
1749693600030,1.25e-05
1749697200050,1.25e-05
1749700800063,1.25e-05
1749704400051,1.25e-05
1749708000026,1.25e-05
1749711600003,1.25e-05
1749715200002,1.25e-05
1749718800008,1.25e-05
1749722400077,1.25e-05
1749726000028,1.25e-05
1749729600029,1.25e-05
1749733200033,1.25e-05
1749736800050,1.25e-05
1749740400041,1.25e-05
1749744000065,1.25e-05
1749747600050,1.25e-05
1749751200038,1.25e-05
1749754800005,1.25e-05
1749758400034,1.25e-05
1749762000020,1.25e-05
1749765600002,1.25e-05
1749769200085,1.25e-05
1749772800071,1.25e-05
1749776400021,1.25e-05
1749780000052,1.25e-05
1749783600055,1.25e-05
1749787200055,1.25e-05
1749790800019,1.25e-05
1749794400076,1.25e-05
1749798000070,1.25e-05
1749801600018,1.25e-05
1749805200004,1.25e-05
1749808800049,1.25e-05
1749812400043,1.25e-05
1749816000027,1.25e-05
1749819600058,1.25e-05
1749823200063,1.25e-05
1749826800029,1.25e-05
1749830400040,1.25e-05
1749834000020,1.25e-05
1749837600083,1.25e-05
1749841200092,1.25e-05
1749844800037,1.25e-05
1749848400004,1.25e-05
1749852000162,1.25e-05
1749855600009,1.25e-05
1749859200047,1.25e-05
1749862800084,1.25e-05
1749866400075,1.25e-05
1749870000035,1.25e-05
1749873600008,1.25e-05
1749877200037,1.25e-05
1749880800047,1.25e-05
1749884400013,1.25e-05
1749888000182,1.25e-05
1749891600007,1.25e-05
1749895200013,1.25e-05
1749898800012,1.25e-05
1749902400033,1.25e-05
1749906000004,1.25e-05
1749909600010,1.25e-05
1749913200001,1.25e-05
1749916800021,1.25e-05
1749920400013,1.25e-05
1749924000012,1.25e-05
1749927600061,4.4893e-06
1749931200043,-1.1834e-06
1749934800044,-6.8576e-06
1749938400032,3.7712e-06
1749942000017,6.2153e-06
1749945600102,8.6166e-06
1749949200119,1.25e-05
1749952800164,-7.8987e-06
1749956400032,2.7778e-06
1749960000040,6.1119e-06
1749963600095,7.7243e-06
1749967200052,6.4387e-06
1749970800018,5.414e-06
1749974400021,5.8802e-06
1749978000016,2.5375e-06
1749981600032,-2.9802e-06
1749985200032,-3.8185e-06
1749988800126,5.165e-07
1749992400030,5.6788e-06
1749996000056,5.5982e-06
1749999600041,1.25e-05
1750003200130,1.25e-05
1750006800045,7.5484e-06
1750010400022,8.6714e-06
1750014000071,4.0778e-06
1750017600032,1.25e-05
1750021200007,5.7274e-06
1750024800017,6.8408e-06
1750028400037,6.2824e-06
1750032000076,1.25e-05
1750035600049,1.25e-05
1750039200073,1.25e-05
1750042800020,1.25e-05
1750046400041,1.25e-05
1750050000097,1.25e-05
1750053600023,1.25e-05
1750057200083,1.25e-05
1750060800052,1.25e-05
1750064400029,1.25e-05
1750068000078,1.08161e-05
1750071600015,1.25e-05
1750075200104,1.25e-05
1750078800089,1.25e-05
1750082400039,1.25e-05
1750086000038,1.25e-05
1750089600043,1.25e-05
1750093200011,1.25e-05
1750096800037,1.25e-05
1750100400001,1.25e-05
1750104000000,1.25e-05
1750107600037,1.25e-05
1750111200001,1.25e-05
1750114800089,1.25e-05
1750118400100,1.2225e-05
1750122000007,5.142e-06
1750125600020,1.25e-05
1750129200002,1.25e-05
1750132800065,1.25e-05
1750136400036,1.25e-05
1750140000030,1.25e-05
1750143600019,-2.5136e-06
1750147200086,7.6268e-06
1750150800014,9.4181e-06
1750154400035,1.25e-05
1750158000010,1.25e-05
1750161600148,1.25e-05
1750165200023,8.23e-08
1750168800000,5.0159e-06
1750172400033,1.25e-05
1750176000030,7.4763e-06
1750179600001,8.2878e-06
1750183200016,-1.4005e-06
1750186800020,1.8512e-06
1750190400072,1.25e-05
1750194000134,1.25e-05
1750197600007,6.8744e-06
1750201200041,3.1084e-06
1750204800088,9.0468e-06
1750208400078,1.03584e-05
1750212000090,4.1608e-06
1750215600030,3.0246e-06
1750219200080,5.2826e-06
1750222800071,5.2522e-06
1750226400051,1.6277e-06
1750230000036,-8.375e-07
1750233600028,1.07339e-05
1750237200015,1.25e-05
1750240800036,1.07493e-05
1750244400033,1.25e-05
1750248000012,1.25e-05
1750251600176,7.8086e-06
1750255200051,1.24202e-05
1750258800022,2.2135e-06
1750262400066,2.1472e-06
1750266000052,6.0872e-06
1750269600067,7.2679e-06
1750273200046,1.02263e-05
1750276800040,9.6592e-06
1750280400006,3.7807e-06
1750284000041,5.0865e-06
1750287600066,4.3395e-06
1750291200047,3.5873e-06
1750294800052,7.7468e-06
1750298400022,1.7933e-06
1750302000039,9.341e-06
1750305600079,1.22434e-05
1750309200009,8.132e-06
1750312800005,1.25e-05
1750316400071,1.1925e-06
1750320000036,-4.597e-07
1750323600002,1.9184e-06
1750327200081,5.6683e-06
1750330800024,8.437e-07
1750334400042,-3.2553e-06
1750338000015,-5.0729e-06
1750341600064,-9.252e-07
1750345200017,5.2761e-06
1750348800041,1.25e-05
1750352400007,1.25e-05
1750356000012,1.25e-05
1750359600010,1.25e-05
1750363200009,1.21569e-05
1750366800013,1.25e-05
1750370400020,1.25e-05
1750374000094,1.25e-05
1750377600010,1.25e-05
1750381200041,1.25e-05
1750384800037,1.25e-05
1750388400001,1.25e-05
1750392000051,6.0711e-06
1750395600001,1.25e-05
1750399200010,1.25e-05
1750402800184,1.25e-05
1750406400051,1.25e-05
1750410000015,1.25e-05
1750413600061,1.25e-05
1750417200044,1.25e-05
1750420800061,1.25e-05
1750424400035,1.25e-05
1750428000039,1.25e-05
1750431600025,1.25e-05
1750435200037,1.25e-05
1750438800001,1.25e-05
1750442400003,1.25e-05
1750446000018,1.25e-05
1750449600100,1.25e-05
1750453200016,1.25e-05
1750456800031,1.25e-05
1750460400059,1.25e-05
1750464000049,1.25e-05
1750467600056,1.25e-05
1750471200037,1.25e-05
1750474800106,6.2386e-06
1750478400070,8.4086e-06
1750482000024,1.02154e-05
1750485600014,1.25e-05
1750489200018,1.25e-05
1750492800012,1.25e-05
1750496400057,1.25e-05
1750500000011,1.09413e-05
1750503600021,7.3024e-06
1750507200046,1.01403e-05
1750510800024,7.6518e-06
1750514400060,5.0208e-06
1750518000030,4.5532e-06
1750521600081,-4.1083e-06
1750525200045,-1.469e-06
1750528800041,-4.2583e-06
1750532400077,-6.7568e-06
1750536000044,-3.3814e-06
1750539600061,3.1447e-06
1750543200046,-1.27666e-05
1750546800104,-8.1361e-06
1750550400016,1.8908e-06
1750554000040,-6.549e-07
1750557600038,2.4239e-06
1750561200065,4.173e-06
1750564800100,-6.1793e-06
1750568400018,-3.4975e-06
1750572000038,-1.702e-07
1750575600067,5.8658e-06
1750579200031,3.6077e-06
1750582800046,7.5872e-06
1750586400050,2.3533e-06
1750590000036,-1.313e-07
1750593600031,1.3199e-06
1750597200012,-4.5691e-06
1750600800086,-5.6114e-06
1750604400065,7.0216e-06
1750608000069,-1.7293e-06
1750611600040,4.0872e-06
1750615200048,4.4136e-06
1750618800085,1.25e-05
1750622400054,1.00855e-05
1750626000048,1.07339e-05
1750629600041,1.06501e-05
1750633200044,4.9413e-06
1750636800043,-3.0721e-06
1750640400037,-4.138e-07
1750644000017,1.4807e-06
1750647600044,-6.2687e-06
1750651200049,-3.046e-06
1750654800019,3.6712e-06
1750658400076,-3.8142e-06
1750662000011,-1.13824e-05
1750665600017,1.1367e-06
1750669200019,3.6053e-06
1750672800046,2.8367e-06
1750676400034,-5.3379e-06
1750680000080,-8.302e-06
1750683600012,-4.4929e-06
1750687200004,-5.0324e-06
1750690800046,1.1449e-06
1750694400038,-8.6413e-06
1750698000060,9.5e-09
1750701600057,5.6727e-06
1750705200136,1.25e-05
1750708800113,1.25e-05
1750712400002,1.03764e-05
1750716000022,5.2676e-06
1750719600081,1.25e-05
1750723200086,9.5541e-06
1750726800030,1.25e-05
1750730400012,1.25e-05
1750734000058,1.25e-05
1750737600011,1.00054e-05
1750741200057,5.8877e-06
1750744800021,1.25e-05
1750748400020,1.25e-05
1750752000005,1.25e-05
1750755600035,1.25e-05
1750759200047,1.25e-05
1750762800024,1.25e-05
1750766400039,1.1163e-05
1750770000075,1.15931e-05
1750773600000,1.16677e-05
1750777200070,1.1583e-06
1750780800015,-2.7801e-06
1750784400052,2.2945e-06
1750788000069,-1.0453e-06
1750791600043,2.2413e-06
1750795200020,1.9697e-06
1750798800117,3.7015e-06
1750802400021,-6.1316e-06
1750806000016,1.17679e-05
1750809600046,1.3602e-06
1750813200024,7.0508e-06
1750816800044,1.3605e-06
1750820400022,-3.8e-09
1750824000021,-3.2737e-06
1750827600108,-1.0197e-06
1750831200081,2.4535e-06
1750834800014,7.9263e-06
1750838400049,1.02074e-05
1750842000056,7.9547e-06
1750845600018,4.5051e-06
1750849200047,1.12703e-05
1750852800014,1.25e-05
1750856400113,1.25e-05
1750860000133,1.25e-05
1750863600058,-1.0153e-06
1750867200058,1.8697e-06
1750870800041,7.0058e-06
1750874400042,9.5839e-06
1750878000007,2.8657e-06
1750881600067,8.1832e-06
1750885200026,5.8321e-06
1750888800007,7.7846e-06
1750892400042,5.5858e-06
1750896000101,-1.638e-07
1750899600002,1.25e-05
1750903200017,1.04214e-05
1750906800038,1.09403e-05
1750910400069,1.25e-05
1750914000068,6.548e-06
1750917600042,5.5689e-06
1750921200020,1.1302e-06
1750924800086,6.6914e-06
1750928400030,3.6551e-06
1750932000107,-9.8076e-06
1750935600055,-3.9342e-06
1750939200037,-3.8731e-06
1750942800035,4.2637e-06
1750946400041,1.25e-05
1750950000057,7.0189e-06
1750953600035,-5.038e-06
1750957200006,8.53e-07
1750960800019,1.25e-05
1750964400032,1.25e-05
1750968000060,1.25e-05
1750971600003,9.3438e-06
1750975200030,-2.2659e-06
1750978800100,-5.8e-09
1750982400045,-1.8132e-06
1750986000051,-8.2926e-06
1750989600002,-9.4932e-06
1750993200058,-9.0442e-06
1750996800075,-4.4831e-06
1751000400053,-4.3473e-06
1751004000022,-3.517e-06
1751007600039,-9.17e-07
1751011200094,1.0612e-06
1751014800074,1.3912e-06
1751018400062,1.25e-05
1751022000077,8.1184e-06
1751025600089,2.5489e-06
1751029200012,-7.0927e-06
1751032800134,-2.6286e-06
1751036400057,6.2279e-06
1751040000002,6.1771e-06
1751043600040,1.16038e-05
1751047200028,7.6331e-06
1751050800055,6.458e-07
1751054400010,-1.90723e-05
1751058000128,5.452e-06
1751061600049,4.8475e-06
1751065200026,5.9924e-06
1751068800061,-4.3472e-06
1751072400002,1.2294e-06
1751076000050,5.781e-06
1751079600018,1.25e-05
1751083200012,1.25e-05
1751086800027,1.25e-05
1751090400009,1.25e-05
1751094000061,1.25e-05
1751097600029,1.25e-05
1751101200080,1.25e-05
1751104800063,1.25e-05
1751108400015,1.25e-05
1751112000033,1.25e-05
1751115600035,1.25e-05
1751119200069,1.25e-05
1751122800038,1.25e-05
1751126400129,1.25e-05
1751130000012,1.25e-05
1751133600074,1.25e-05
1751137200062,1.25e-05
1751140800031,1.25e-05
1751144400032,1.25e-05
1751148000098,9.321e-06
1751151600026,1.25e-05
1751155200019,1.25e-05
1751158800121,1.25e-05
1751162400018,1.25e-05
1751166000058,1.25e-05
1751169600046,1.25e-05
1751173200092,1.25e-05
1751176800009,1.25e-05
1751180400042,1.25e-05
1751184000036,1.25e-05
1751187600036,1.25e-05
1751191200076,1.25e-05
1751194800049,1.25e-05
1751198400033,1.25e-05
1751202000061,1.25e-05
1751205600001,1.25e-05
1751209200052,1.25e-05
1751212800060,1.25e-05
1751216400066,1.25e-05
1751220000047,1.25e-05
1751223600122,1.25e-05
1751227200049,1.25e-05
1751230800068,1.25e-05
1751234400016,1.25e-05
1751238000017,1.25e-05
1751241600062,1.25e-05
1751245200028,1.25e-05
1751248800062,1.25e-05
1751252400034,1.25e-05
1751256000049,1.25e-05
1751259600040,1.25e-05
1751263200058,9.09e-08
1751266800011,-3.1698e-06
1751270400035,1.25e-05
1751274000077,6.5765e-06
1751277600008,-3.6741e-06
1751281200026,-4.819e-07
1751284800051,-8.503e-07
1751288400038,1.5851e-06
1751292000068,-1.742e-07
1751295600010,1.25e-05
1751299200014,-8.151e-07
1751302800035,-3.4462e-06
1751306400047,-8.9998e-06
1751310000009,4.3687e-06
1751313600048,-2.6543e-06
1751317200106,-3.7679e-06
1751320800037,-4.445e-07
1751324400013,-1.9268e-06
1751328000000,1.18324e-05
1751331600011,2.3108e-06
1751335200035,8.2841e-06
1751338800038,1.05421e-05
1751342400012,2.1605e-06
1751346000014,2.693e-06
1751349600028,1.25e-05
1751353200012,1.25e-05
1751356800025,7.4017e-06
1751360400032,4.3421e-06
1751364000005,-3.1921e-06
1751367600022,1.25e-05
1751371200037,6.2269e-06
1751374800023,-1.6926e-06
1751378400059,-7.7987e-06
1751382000051,-1.37014e-05
1751385600065,-3.0122e-06
1751389200091,-3.7359e-06
1751392800012,-8.1939e-06
1751396400051,-1.03176e-05
1751400000039,-2.1752e-06
1751403600001,-7.8697e-06
1751407200000,-3.8819e-06
1751410800025,-9.9796e-06
1751414400041,1.4136e-06
1751418000011,2.3791e-06
1751421600107,-8.103e-07
1751425200024,2.0485e-06
1751428800099,3.4223e-06
1751432400011,6.6922e-06
1751436000037,8.4926e-06
1751439600071,3.9253e-06
1751443200049,9.9777e-06
1751446800053,6.6997e-06
1751450400047,1.25e-05
1751454000038,1.25e-05
1751457600059,3.1409e-06
1751461200000,4.887e-07
1751464800049,4.6525e-06
1751468400010,2.172e-07
1751472000059,-6.737e-07
1751475600066,1.25e-05
1751479200001,1.25e-05
1751482800122,1.25e-05
1751486400002,1.25e-05
1751490000024,1.25e-05
1751493600038,1.25e-05
1751497200063,1.25e-05
1751500800130,1.25e-05
1751504400011,1.25e-05
1751508000048,1.25e-05
1751511600081,1.25e-05
1751515200066,1.25e-05
1751518800012,1.25e-05
1751522400001,1.25e-05
1751526000033,1.25e-05
1751529600051,1.25e-05
1751533200047,1.25e-05
1751536800042,1.25e-05
1751540400013,1.25e-05
1751544000051,1.25e-05
1751547600047,1.25e-05
1751551200079,1.25e-05
1751554800007,1.25e-05
1751558400045,1.25e-05
1751562000034,1.25e-05
1751565600053,1.25e-05
1751569200011,1.25e-05
1751572800054,1.25e-05
1751576400075,1.25e-05
1751580000040,1.25e-05
1751583600069,1.25e-05
1751587200046,1.25e-05
1751590800035,1.25e-05
1751594400109,1.25e-05
1751598000027,1.25e-05
1751601600076,2.5576e-06
1751605200024,8.5483e-06
1751608800104,1.08365e-05
1751612400018,9.6017e-06
1751616000038,1.25e-05
1751619600001,8.558e-07
1751623200081,-1.0962e-06
1751626800045,1.5744e-06
1751630400042,-4.0678e-06
1751634000040,-1.8565e-06
1751637600029,5.9214e-06
1751641200091,1.25e-05
1751644800010,1.25e-05
1751648400118,5.9564e-06
1751652000053,1.00761e-05
1751655600123,1.25e-05
1751659200017,9.7222e-06
1751662800042,7.3629e-06
1751666400049,5.1228e-06
1751670000083,1.16853e-05
1751673600007,1.15239e-05
1751677200030,1.24745e-05
1751680800019,1.25e-05
1751684400008,1.25e-05
1751688000076,1.25e-05
1751691600064,9.5199e-06
1751695200053,7.8838e-06
1751698800032,8.557e-06
1751702400056,1.25e-05
1751706000010,1.25e-05
1751709600090,1.25e-05
1751713200026,1.25e-05
1751716800075,1.25e-05
1751720400027,1.25e-05
1751724000048,1.25e-05
1751727600064,1.25e-05
1751731200036,1.25e-05
1751734800058,1.25e-05
1751738400005,1.25e-05
1751742000089,1.25e-05
1751745600032,1.05778e-05
1751749200046,1.17555e-05
1751752800143,1.19001e-05
1751756400022,1.25e-05
1751760000004,1.25e-05
1751763600065,1.1268e-05
1751767200058,1.06893e-05
1751770800006,1.25e-05
1751774400047,6.0083e-06
1751778000035,-2.0085e-06
1751781600037,-4.4012e-06
1751785200012,1.83e-08
1751788800015,3.8076e-06
1751792400014,7.3336e-06
1751796000119,6.5933e-06
1751799600051,1.09189e-05
1751803200064,1.25e-05
1751806800046,1.25e-05
1751810400014,1.02565e-05
1751814000076,1.25e-05
1751817600008,1.25e-05
1751821200017,1.25e-05
1751824800027,1.25e-05
1751828400074,1.25e-05
1751832000062,1.25e-05
1751835600041,1.25e-05
1751839200056,1.25e-05
1751842800036,1.25e-05
1751846400068,1.25e-05
1751850000108,1.25e-05
1751853600146,1.25e-05
1751857200054,1.25e-05
1751860800051,1.25e-05
1751864400080,1.25e-05
1751868000083,1.25e-05
1751871600052,1.25e-05
1751875200115,1.25e-05
1751878800145,1.25e-05
1751882400038,1.25e-05
1751886000045,1.25e-05
1751889600021,1.25e-05
1751893200127,1.25e-05
1751896800078,1.25e-05
1751900400064,1.25e-05
1751904000064,1.25e-05
1751907600073,1.25e-05
1751911200080,1.25e-05
1751914800013,1.25e-05
1751918400029,1.25e-05
1751922000018,1.25e-05
1751925600035,1.25e-05
1751929200055,1.25e-05
1751932800008,1.25e-05
1751936400089,1.25e-05
1751940000062,1.25e-05
1751943600052,1.25e-05
1751947200066,1.25e-05
1751950800034,1.25e-05
1751954400029,1.25e-05
1751958000043,1.25e-05
1751961600021,1.25e-05
1751965200038,1.25e-05
1751968800075,1.25e-05
1751972400001,1.25e-05
1751976000073,1.25e-05
1751979600015,1.25e-05
1751983200049,1.25e-05
1751986800027,1.25e-05
1751990400016,1.25e-05
1751994000060,1.25e-05
1751997600004,1.25e-05
1752001200114,1.25e-05
1752004800017,1.25e-05
1752008400059,1.25e-05
1752012000016,1.25e-05
1752015600015,1.25e-05
1752019200036,1.25e-05
1752022800082,1.25e-05
1752026400060,1.25e-05
1752030000064,1.25e-05
1752033600064,1.25e-05
1752037200048,1.25e-05
1752040800088,1.25e-05
1752044400000,1.25e-05
1752048000034,1.25e-05
1752051600004,1.25e-05
1752055200045,1.25e-05
1752058800038,1.25e-05
1752062400110,1.25e-05
1752066000034,1.25e-05
1752069600097,1.25e-05
1752073200009,1.25e-05
1752076800078,1.25e-05
1752080400047,1.25e-05
1752084000002,1.25e-05
1752087600028,1.25e-05
1752091200091,1.25e-05
1752094800043,1.25e-05
1752098400028,1.25e-05
1752102000036,1.25e-05
1752105600063,1.25e-05
1752109200057,1.25e-05
1752112800003,1.25e-05
1752116400012,1.25e-05
1752120000033,1.25e-05
1752123600007,1.25e-05
1752127200042,1.25e-05
1752130800002,1.25e-05
1752134400044,1.25e-05
1752138000053,1.25e-05
1752141600056,1.25e-05
1752145200034,1.25e-05
1752148800005,1.25e-05
1752152400116,1.25e-05
1752156000005,1.25e-05
1752159600197,1.25e-05
1752163200036,1.25e-05
1752166800011,1.25e-05
1752170400029,1.25e-05
1752174000070,1.25e-05
1752177600027,1.25e-05
1752181200002,1.25e-05
1752184800089,1.25e-05
1752188400033,1.25e-05
1752192000021,3.09142e-05
1752195600016,1.50328e-05
1752199200027,1.25e-05
1752202800066,2.90738e-05
1752206400051,3.56498e-05
1752210000024,3.25057e-05
1752213600056,2.67094e-05
1752217200133,1.25e-05
1752220800054,1.25e-05
1752224400052,1.82065e-05
1752228000022,2.92712e-05
1752231600093,3.0099e-05
1752235200062,2.78717e-05
1752238800059,2.06572e-05
1752242400059,4.28511e-05
1752246000054,5.2679e-05
1752249600033,7.88482e-05
1752253200049,7.33624e-05
1752256800073,8.64068e-05
1752260400012,0.0001040978
1752264000012,0.000125875
1752267600040,6.88933e-05
1752271200014,6.30755e-05
1752274800020,1.79033e-05
1752278400034,3.42414e-05
1752282000042,2.12713e-05
1752285600000,4.31982e-05
1752289200016,4.47882e-05
1752292800003,2.72121e-05
1752296400063,1.80964e-05
1752300000076,2.3465e-05
1752303600092,2.09216e-05
1752307200014,2.09825e-05
1752310800188,2.7476e-05
1752314400051,1.25e-05
1752318000022,1.25e-05
1752321600003,1.59286e-05
1752325200074,1.25e-05
1752328800046,1.25e-05
1752332400027,1.25e-05
1752336000169,1.25e-05
1752339600094,1.25e-05
1752343200088,1.25e-05
1752346800052,1.70122e-05
1752350400106,2.19759e-05
1752354000081,1.29575e-05
1752357600013,2.13395e-05
1752361200041,1.96415e-05
1752364800043,2.39173e-05
1752368400010,3.24127e-05
1752372000001,3.75118e-05
1752375600029,2.64642e-05
1752379200075,3.79217e-05
1752382800091,3.42146e-05
1752386400028,1.25e-05
1752390000040,1.25e-05
1752393600019,1.25e-05
1752397200077,1.25e-05
1752400800020,1.25e-05
1752404400037,1.25e-05
1752408000008,1.25e-05
1752411600065,1.73598e-05
1752415200082,2.54655e-05
1752418800059,2.72571e-05
1752422400092,1.71337e-05
1752426000034,1.27713e-05
1752429600040,1.32141e-05
1752433200072,1.94968e-05
1752436800054,3.22036e-05
1752440400000,2.74531e-05
1752444000033,1.25e-05
1752447600024,1.25e-05
1752451200036,1.25e-05
1752454800024,1.25e-05
1752458400079,1.25e-05
1752462000010,2.06289e-05
1752465600018,2.63961e-05
1752469200053,6.64268e-05
1752472800033,6.44615e-05
1752476400003,6.42308e-05
1752480000042,9.55402e-05
1752483600018,7.87715e-05
1752487200025,7.96621e-05
1752490800020,5.44272e-05
1752494400055,4.50191e-05
1752498000002,2.72326e-05
1752501600080,2.37544e-05
1752505200063,1.76797e-05
1752508800000,1.25e-05
1752512400013,1.80492e-05
1752516000010,2.06636e-05
1752519600010,1.25e-05
1752523200022,1.25e-05
1752526800016,1.25e-05
1752530400025,1.25e-05
1752534000098,1.25e-05
1752537600017,1.25e-05
1752541200067,1.25e-05
1752544800080,1.25e-05
1752548400083,1.25e-05
1752552000022,1.25e-05
1752555600012,2.27127e-05
1752559200038,1.25e-05
1752562800046,1.82547e-05
1752566400039,2.29342e-05
1752570000051,1.25e-05
1752573600042,1.2603e-05
1752577200094,1.25e-05
1752580800059,1.25e-05
1752584400012,1.25e-05
1752588000027,1.25575e-05
1752591600056,1.2709e-05
1752595200005,1.25e-05
1752598800039,1.99933e-05
1752602400059,4.16365e-05
1752606000065,5.2843e-05
1752609600025,2.36763e-05
1752613200030,1.25e-05
1752616800035,1.25e-05
1752620400002,1.25e-05
1752624000004,3.86259e-05
1752627600034,8.34596e-05
1752631200042,8.42487e-05
1752634800057,6.4714e-05
1752638400052,8.24289e-05
1752642000061,8.85191e-05
1752645600066,8.56977e-05
1752649200019,7.9829e-05
1752652800125,9.60473e-05
1752656400075,0.0001023112
1752660000023,0.000104101
1752663600021,8.59866e-05
1752667200029,0.0001009834
1752670800002,0.0001028828
1752674400023,8.65095e-05
1752678000017,9.33689e-05
1752681600018,7.41284e-05
1752685200032,7.20546e-05
1752688800069,8.42411e-05
1752692400042,0.0001570654
1752696000019,0.0001077763
1752699600095,0.0001402169
1752703200002,0.0001934983
1752706800059,0.0001627791
1752710400022,0.0001296034
1752714000072,0.0001354169
1752717600058,9.30667e-05
1752721200030,8.03352e-05
1752724800119,4.54386e-05
1752728400004,4.74486e-05
1752732000008,4.83357e-05
1752735600001,5.34753e-05
1752739200042,6.28696e-05
1752742800070,0.0001001609
1752746400089,0.0001150325
1752750000060,0.0001005767
1752753600062,8.08861e-05
1752757200052,9.96917e-05
1752760800131,0.0001042392
1752764400026,6.47873e-05
1752768000033,7.07796e-05
1752771600134,6.34033e-05
1752775200032,5.40865e-05
1752778800006,7.8233e-05
1752782400052,0.000111631
1752786000061,5.26188e-05
1752789600060,0.0001225516
1752793200055,0.0002073269
1752796800073,0.0001186436
1752800400055,0.0001256188
1752804000058,0.0001842886
1752807600081,0.000190665
1752811200043,0.0001904267
1752814800005,0.0001760258
1752818400057,0.0001539811
1752822000019,0.0001572128
1752825600069,0.0001210626
1752829200041,0.0001111761
1752832800027,8.1426e-05
1752836400021,6.02006e-05
1752840000057,4.0734e-05
1752843600018,4.70277e-05
1752847200134,5.72714e-05
1752850800047,3.87334e-05
1752854400021,1.25e-05
1752858000042,1.25e-05
1752861600052,1.25e-05
1752865200066,1.25e-05
1752868800097,1.25e-05
1752872400055,1.25e-05
1752876000028,1.25e-05
1752879600012,1.25e-05
1752883200046,1.74146e-05
1752886800064,1.4701e-05
1752890400017,5.43483e-05
1752894000009,7.31299e-05
1752897600048,0.0001493327
1752901200061,0.0001444996
1752904800014,0.0001131528
1752908400098,0.0001002156
1752912000008,9.43656e-05
1752915600024,6.76615e-05
1752920087645,4.58293e-05
1752922800083,4.36963e-05
1752926400122,1.92644e-05
1752930000051,2.8845e-05
1752933600098,4.0994e-05
1752937200036,2.53518e-05
1752940800007,2.84349e-05
1752944400012,2.08059e-05
1752948000019,1.25e-05
1752951600040,1.25e-05
1752955200055,1.25e-05
1752958800033,1.25e-05
1752962400071,1.25e-05
1752966000079,1.25e-05
1752969600003,1.25e-05
1752973200076,1.25e-05
1752976800038,1.25e-05
1752980400088,1.25e-05
1752984000069,2.55795e-05
1752987600039,2.40275e-05
1752991200036,2.27287e-05
1752994800054,1.84284e-05
1752998400014,2.18792e-05
1753002000040,2.42181e-05
1753005600081,3.90139e-05
1753009200042,3.71507e-05
1753012800053,4.06912e-05
1753016400021,5.49933e-05
1753020000037,8.73666e-05
1753023600038,7.90273e-05
1753027200025,8.355e-05
1753030800014,0.0001144371
1753034400018,0.0001102668
1753038000082,6.84473e-05
1753041600094,7.09581e-05
1753045200033,9.54742e-05
1753048800035,6.65149e-05
1753052400022,8.67011e-05
1753056000039,9.66544e-05
1753059600007,8.33561e-05
1753063200017,6.59372e-05
1753066800018,9.02826e-05
1753070400027,0.0001122096
1753074000041,0.0001075036
1753077600055,0.0001011621
1753081200060,0.0001112738
1753084800018,0.0001145354
1753088400003,0.0001211021
1753092000002,8.64545e-05
1753095600035,5.64699e-05
1753099200010,6.36561e-05
1753102800019,7.68105e-05
1753106400096,0.0001375669
1753110000019,0.0001736258
1753113600004,0.0001634393
1753117200069,7.11423e-05
1753120800028,4.25612e-05
1753124400051,2.0213e-05
1753128000091,1.25e-05
1753131600069,1.30149e-05
1753135200071,1.33929e-05
1753138800027,2.89014e-05
1753142400092,1.50225e-05
1753146000084,1.25e-05
1753149600064,1.44959e-05
1753153200024,4.09173e-05
1753156800036,2.2055e-05
1753160400100,1.25e-05
1753164000087,3.50123e-05
1753167600027,3.90546e-05
1753171200016,3.03588e-05
1753174800016,1.25e-05
1753178400011,1.25e-05
1753182000048,1.59725e-05
1753185600000,2.61129e-05
1753189200021,2.52505e-05
1753192800027,3.8846e-05
1753196400090,3.7541e-05
1753200000039,6.61916e-05
1753203600042,5.82359e-05
1753207200008,3.39703e-05
1753210800040,6.29389e-05
1753214400041,5.82209e-05
1753218000022,3.83074e-05
1753221600044,4.25215e-05
1753225200034,8.09629e-05
1753228800095,0.0001197221
1753232400002,0.0001068428
1753236000053,7.90098e-05
1753239600036,7.73526e-05
1753243200010,7.11221e-05
1753246800027,5.73298e-05
1753250400045,2.33364e-05
1753254000038,1.70439e-05
1753257600032,1.41092e-05
1753261200000,2.52691e-05
1753264800005,1.25e-05
1753268400031,1.25e-05
1753272000040,1.25e-05
1753275600042,1.25e-05
1753279200028,1.56092e-05
1753282800074,4.15447e-05
1753286400025,8.90921e-05
1753290000008,6.2631e-05
1753293600012,4.77433e-05
1753297200064,7.39732e-05
1753300800030,8.55613e-05
1753304400130,5.78158e-05
1753308000031,3.10017e-05
1753311600160,4.87883e-05
1753315200095,5.48982e-05
1753318800037,8.25134e-05
1753322400075,0.0001115425
1753326000046,8.09235e-05
1753329600014,6.92558e-05
1753333200092,6.27296e-05
1753336800019,3.85081e-05
1753340400019,1.25e-05
1753344000038,1.25e-05
1753347600003,1.25e-05
1753351200089,1.25e-05
1753354800129,1.25e-05
1753358400037,1.25e-05
1753362000002,1.25e-05
1753365600042,1.25e-05
1753369200042,1.25e-05
1753372800052,1.25e-05
1753376400014,1.25e-05
1753380000002,1.25e-05
1753383600088,1.25e-05
1753387200002,1.25e-05
1753390800031,1.25e-05
1753394400027,1.25e-05
1753398000058,1.25e-05
1753401600065,1.25e-05
1753405200053,1.25e-05
1753408800083,1.25e-05
1753412400036,1.25e-05
1753416000024,1.25e-05
1753419600001,1.25e-05
1753423200046,1.25e-05
1753426800040,1.25e-05
1753430400008,1.25e-05
1753434000020,1.25e-05
1753437600059,1.25e-05
1753441200079,1.25e-05
1753444800102,1.25e-05
1753448400046,1.25e-05
1753452000044,1.25e-05
1753455600034,1.25e-05
1753459200001,1.25e-05
1753462800079,1.25e-05
1753466400035,1.25e-05
1753470000033,1.25e-05
1753473600048,1.25e-05
1753477200057,1.47592e-05
1753480800018,2.45443e-05
1753484400084,2.67436e-05
1753488000011,1.9639e-05
1753491600016,2.41912e-05
1753495200029,2.63735e-05
1753498800027,2.7797e-05
1753502400029,2.44805e-05
1753506000023,2.46598e-05
1753509600010,2.45441e-05
1753513200009,2.82197e-05
1753516800025,2.37325e-05
1753520400022,2.48578e-05
1753524000059,2.57948e-05
1753527600089,2.51985e-05
1753531200004,1.92155e-05
1753534800022,2.28736e-05
1753538400073,2.66984e-05
1753542000080,2.5603e-05
1753545600079,2.26251e-05
1753549200029,2.44405e-05
1753552800056,1.86005e-05
1753556400108,2.08462e-05
1753560000008,2.15196e-05
1753563600005,3.20816e-05
1753567200060,2.67197e-05
1753570800015,2.75997e-05
1753574400031,2.27943e-05
1753578000021,2.03389e-05
1753581600070,2.86444e-05
1753585200098,2.89876e-05
1753588800054,2.84362e-05
1753592400110,2.63621e-05
1753596000034,2.92892e-05
1753599600102,2.07659e-05
1753603200018,2.16038e-05
1753606800043,3.24291e-05
1753610400000,2.56212e-05
1753614000053,1.25e-05
1753617710963,1.29495e-05
1753621200023,1.83291e-05
1753624800089,2.56525e-05
1753628400048,3.47091e-05
1753632000011,2.52007e-05
1753635600039,4.06569e-05
1753639200049,4.30677e-05
1753642800022,7.17859e-05
1753646400024,7.65429e-05
1753650000032,7.41518e-05
1753653600039,7.11469e-05
1753657200007,8.15246e-05
1753660800002,7.72116e-05
1753664400040,8.26983e-05
1753668000020,6.37321e-05
1753671600081,7.89243e-05
1753675200083,8.15194e-05
1753678800036,8.0883e-05
1753682400019,7.10906e-05
1753686000076,4.80338e-05
1753689600015,3.31683e-05
1753693200019,3.84058e-05
1753696800094,4.06302e-05
1753700400039,4.19777e-05
1753704000092,3.6341e-05
1753707600044,3.90328e-05
1753711200059,1.46622e-05
1753714800016,1.25e-05
1753718400035,1.25e-05
1753722000093,1.25e-05
1753725600053,1.25e-05
1753729200045,1.25e-05
1753732800000,1.25e-05
1753736400045,1.25e-05
1753740000075,1.25e-05
1753743600040,1.25e-05
1753747200010,1.25e-05
1753750800006,1.25e-05
1753754400062,9.9034e-06
1753758000042,1.25e-05
1753761600100,1.25e-05
1753765200019,1.25e-05
1753768800030,1.25e-05
1753772400023,1.25e-05
1753776000091,1.25e-05
1753779600031,1.25e-05
1753783200004,1.25e-05
1753786800051,1.25e-05
1753790400011,1.25e-05
1753794000030,1.25e-05
1753797600116,1.25e-05
1753801200002,-0.0002370537
1753804800028,1.25e-05
1753808400081,1.25e-05
1753812000025,1.25e-05
1753815600057,3.7552e-06
1753819200076,1.25e-05
1753822800012,1.25e-05
1753826400032,1.25e-05
1753830000024,1.25e-05
1753833600077,1.25e-05
1753837200135,1.25e-05
1753840800023,1.25e-05
1753844400084,1.25e-05
1753848000005,1.25e-05
1753851600063,1.25e-05
1753855200083,1.25e-05
1753858800127,1.25e-05
1753862400004,1.25e-05
1753866000005,1.25e-05
1753869600028,1.25e-05
1753873200002,1.25e-05
1753876800028,7.4628e-06
1753880400007,1.0496e-06
1753884000002,7.5935e-06
1753887600032,1.25e-05
1753891200056,1.25e-05
1753894800004,1.25e-05
1753898400055,1.25e-05
1753902000204,1.25e-05
1753905600062,-4.67739e-05
1753909200032,1.25e-05
1753912800012,9.7105e-06
1753916400031,9.5259e-06
1753920000006,2.2258e-06
1753923600088,4.6784e-06
1753927200008,1.15547e-05
1753930800055,7.6312e-06
1753934400078,1.25e-05
1753938000022,1.25e-05
1753941600000,1.25e-05
1753945200020,1.25e-05
1753948800000,1.25e-05
1753952400062,1.25e-05
1753956000053,1.25e-05
1753959600074,1.25e-05
1753963200010,1.25e-05
1753966800015,1.25e-05
1753970400079,1.25e-05
1753974000032,1.25e-05
1753977600007,1.25e-05
1753981200011,1.25e-05
1753984800043,1.25e-05
1753988400083,4.5802e-06
1753992000073,-1.10472e-05
1753995600064,-5.7676e-06
1753999200021,-2.9261e-06
1754002800039,-9.6387e-06
1754006400147,-1.52696e-05
1754010000032,-1.85289e-05
1754013600070,-9.133e-06
1754017200066,4.9003e-06
1754020800005,5.2053e-06
1754024400027,1.1241e-05
1754028000131,1.25e-05
1754031600000,6.8717e-06
1754035200011,9.2681e-06
1754038800088,1.1011e-06
1754042400080,2.3609e-06
1754046000066,-3.7499e-06
1754049600031,-5.4698e-06
1754053200022,-5.1762e-06
1754056800014,-8.1167e-06
1754060400130,1.21146e-05
1754064000066,1.25e-05
1754067600007,1.25e-05
1754071200060,1.25e-05
1754074800069,9.0854e-06
1754078400098,4.3741e-06
1754082000042,-8.1965e-06
1754085600025,-5.445e-07
1754089200031,-2.40406e-05
1754092800114,-3.24214e-05
1754096400085,-1.81781e-05
1754100000003,-7.7946e-06
1754103600057,-5.5812e-06
1754107200089,-3.2999e-06
1754110800069,-1.5166e-06
1754114400031,8.37e-08
1754118000008,-1.6728e-06
1754121600023,2.1118e-06
1754125200063,2.1967e-06
1754128800003,2.8694e-06
1754132400056,2.3323e-06
1754136000063,3.0877e-06
1754139600091,3.5969e-06
1754143200071,3.7733e-06
1754146800072,-2.1913e-06
1754150400020,1.4979e-06
1754154000020,-5.1853e-06
1754157600008,-1.7813e-05
1754161200067,-2.88409e-05
1754164800108,-1.94429e-05
1754168400097,-1.21347e-05
1754172000022,-6.8068e-06
1754175600067,-3.3473e-06
1754179200042,-6.6539e-06
1754182800041,-6.1969e-06
1754186400014,-1.02424e-05
1754190000093,-3.6468e-06
1754193600015,-2.5578e-06
1754197200001,-4.0147e-06
1754200800003,9.195e-07
1754204400030,1.3571e-06
1754208000003,2.1624e-06
1754211600023,-1.9113e-06
1754215200010,5.7181e-06
1754218800046,4.2932e-06
1754222400054,-1.964e-07
1754226000076,6.8261e-06
1754229600004,1.07662e-05
1754233200031,1.06011e-05
1754236800038,4.4865e-06
1754240400031,-3.8748e-06
1754244000030,9.8302e-06
1754247600098,1.25e-05
1754251200063,1.25e-05
1754254800034,9.683e-07
1754258400022,-4.9054e-06
1754262000049,-6.0109e-06
1754265600043,3.4339e-06
1754269200018,1.02072e-05
1754272800096,6.04e-07
1754276400059,9.1456e-06
1754280000050,6.4827e-06
1754283600090,4.0184e-06
1754287200014,-5.7268e-06
1754290800068,-8.622e-07
1754294400003,-3.615e-06
1754298000057,-2.6034e-06
1754301600088,-3.282e-06
1754305200043,-2.7438e-06
1754308800052,-7.136e-07
1754312400050,1.25e-05
1754316000012,1.25e-05
1754319600108,1.8603e-06
1754323200044,1.25e-05
1754326800026,1.01472e-05
1754330400067,1.13735e-05
1754334000039,5.7843e-06
1754337600016,1.9381e-06
1754341200054,-1.567e-06
1754344800040,3.7849e-06
1754348400022,1.25e-05
1754352000043,1.25e-05
1754355600041,1.25e-05
1754359200040,1.25e-05
1754362800061,9.3237e-06
1754366400022,4.2187e-06
1754370000013,-8.413e-07
1754373600020,7.619e-07
1754377200040,-9.481e-07
1754380800035,-3.7094e-06
1754384400045,-2.044e-06
1754388000031,4.0637e-06
1754391600030,7.5567e-06
1754395200008,3.2313e-06
1754398800107,4.1242e-06
1754402400009,-3.01e-08
1754406000004,-1.33899e-05
1754409600057,-4.4213e-06
1754413200026,-1.29636e-05
1754416800035,-1.5027e-05
1754420400065,-4.2495e-06
1754424000018,4.223e-06
1754427600035,6.7952e-06
1754431200056,-1.1139e-06
1754434800103,-6.7434e-06
1754438400012,-6.18e-08
1754442000007,-5.733e-07
1754445600028,2.4111e-06
1754449200078,6.2904e-06
1754452800091,-4.64e-07
1754456400037,-3.272e-07
1754460000000,2.1118e-06
1754463600075,8.5339e-06
1754467200003,1.12004e-05
1754470800076,8.4476e-06
1754474400000,1.25e-05
1754478000082,1.25e-05
1754481600023,1.25e-05
1754485200035,1.25e-05
1754488800024,1.25e-05
1754492400129,1.25e-05
1754496000020,1.25e-05
1754499600013,1.25e-05
1754503200059,1.25e-05
1754506800036,1.25e-05
1754510400038,1.25e-05
1754514000059,1.25e-05
1754517600081,1.25e-05
1754521200058,1.25e-05
1754524800047,1.25e-05
1754528400057,1.25e-05
1754532000010,1.25e-05
1754535600047,1.25e-05
1754539200080,1.25e-05
1754542800009,1.25e-05
1754546400009,1.25e-05
1754550000016,1.25e-05
1754553600038,1.25e-05
1754557200062,1.25e-05
1754560800048,1.25e-05
1754564400030,1.25e-05
1754568000046,1.25e-05
1754571600018,1.25e-05
1754575200006,1.25e-05
1754578800003,1.25e-05
1754582400189,1.25e-05
1754586000004,1.25e-05
1754589600048,1.25e-05
1754593200009,1.25e-05
1754596800067,1.25e-05
1754600400017,1.25e-05
1754604000009,1.25e-05
1754607600093,1.25e-05
1754611200085,1.25e-05
1754614800087,1.25e-05
1754618400026,1.25e-05
1754622000014,1.25e-05
1754625600134,1.25e-05
1754629200021,1.25e-05
1754632800017,1.25e-05
1754636400030,1.25e-05
1754640000026,1.25e-05
1754643600018,1.25e-05
1754647200089,1.25e-05
1754650800040,1.25e-05
1754654400029,1.25e-05
1754658000036,1.25e-05
1754661600020,1.25e-05
1754665200051,1.25e-05
1754668800048,1.25e-05
1754672400027,1.25e-05
1754676000051,1.25e-05
1754679600035,1.25e-05
1754683200119,1.25e-05
1754686800023,1.25e-05
1754690400028,1.25e-05
1754694000147,1.25e-05
1754697600074,1.25e-05
1754701200010,1.25e-05
1754704800079,1.25e-05
1754708400024,1.25e-05
1754712000113,1.25e-05
1754715600055,1.25e-05
1754719200128,4.02408e-05
1754722800015,2.62861e-05
1754726400007,1.70968e-05
1754730000046,1.25e-05
1754733600016,1.25e-05
1754737200089,1.83439e-05
1754740800041,3.33316e-05
1754744400036,9.94869e-05
1754748000122,5.95657e-05
1754751600019,3.46782e-05
1754755200063,5.72126e-05
1754758800058,7.40089e-05
1754762400011,6.25215e-05
1754766000004,4.67791e-05
1754769600019,1.25e-05
1754773200064,1.25e-05
1754776800026,1.25e-05
1754780400051,1.25e-05
1754784000019,1.25e-05
1754787600009,1.25e-05
1754791200003,1.25e-05
1754794800062,1.25e-05
1754798400065,1.25e-05
1754802000047,1.25e-05
1754805600074,1.25e-05
1754809200076,1.25e-05
1754812800041,1.25e-05
1754816400000,1.25e-05
1754820000103,1.25e-05
1754823600045,1.25e-05
1754827200056,1.25e-05
1754830800037,1.25e-05
1754834400065,1.25e-05
1754838000055,1.25e-05
1754841600021,1.25e-05
1754845200069,1.25e-05
1754848800013,1.25e-05
1754852400006,1.25e-05
1754856000046,1.25e-05
1754859600030,1.25e-05
1754863200043,1.25e-05
1754866800000,1.25e-05
1754870400066,1.25e-05
1754874000057,1.25e-05
1754877600095,1.25e-05
1754881200035,1.25e-05
1754884800030,1.25e-05
1754888400046,1.25e-05
1754892000128,1.25e-05
1754895600048,1.25e-05
1754899200067,1.25e-05
1754902800041,1.25e-05
1754906400086,1.25e-05
1754910000097,1.25e-05
1754913600001,1.25e-05
1754917200051,1.25e-05
1754920800081,1.25e-05
1754924400027,1.25e-05
1754928000028,1.25e-05
1754931600048,1.25e-05
1754935200053,1.25e-05
1754938800036,1.25e-05
1754942400069,1.25e-05
1754946000002,1.25e-05
1754949600040,1.25e-05
1754953200235,3.3988e-06
1754956800042,9.9341e-06
1754960400026,1.095e-05
1754964000014,1.25e-05
1754967600071,1.15667e-05
1754971200035,1.2807e-06
1754974800027,2.5506e-06
1754978400053,2.3946e-06
1754982000071,5.1815e-06
1754985600000,8.2425e-06
1754989200002,8.6189e-06
1754992800006,4.5122e-06
1754996400025,-2.17433e-05
1755000000004,1.338e-07
1755003600001,1.25e-05
1755007200007,1.25e-05
1755010800046,1.25e-05
1755014400075,1.25e-05
1755018000079,1.25e-05
1755021600083,1.25e-05
1755025200035,1.25e-05
1755028800035,1.25e-05
1755032400033,1.25e-05
1755036000003,1.25e-05
1755039600011,1.25e-05
1755043200076,1.25e-05
1755046800016,1.25e-05
1755050400053,1.25e-05
1755054000057,1.25e-05
1755057600064,1.25e-05
1755061200046,1.25e-05
1755064800002,1.25e-05
1755068400074,1.25e-05
1755072000056,1.25e-05
1755075600072,3.85635e-05
1755079200042,4.96893e-05
1755082800017,5.05681e-05
1755086400081,4.31457e-05
1755090000102,3.15941e-05
1755093600064,3.13934e-05
1755097200047,2.14791e-05
1755100800015,1.95095e-05
1755104400107,1.90047e-05
1755108000023,1.34259e-05
1755111600044,1.25e-05
1755115200078,1.25e-05
1755118800041,1.25e-05
1755122400058,1.25e-05
1755126000029,1.46659e-05
1755129600010,1.72057e-05
1755133200037,2.10732e-05
1755136800054,3.49973e-05
1755140400124,7.69673e-05
1755144000056,8.58427e-05
1755147600019,8.37622e-05
1755151200051,8.05669e-05
1755154800027,6.21655e-05
1755158400062,6.2354e-05
1755162000021,5.53931e-05
1755165600053,5.51078e-05
1755169200034,2.12088e-05
1755172800023,2.85557e-05
1755176400024,1.25e-05
1755180000014,1.25e-05
1755183600068,1.25e-05
1755187200096,1.25e-05
1755190800024,1.25e-05
1755194400017,1.25e-05
1755198000019,1.25e-05
1755201600020,1.25e-05
1755205200045,1.25e-05
1755208800024,1.25e-05
1755212400015,1.25e-05
1755216000002,1.25e-05
1755219600056,1.25e-05
1755223200014,1.25e-05
1755226800001,1.25e-05
1755230400027,1.25e-05
1755234000012,1.25e-05
1755237600059,1.25e-05
1755241200037,1.25e-05
1755244800049,1.25e-05
1755248400050,1.25e-05
1755252000045,1.25e-05
1755255600075,1.25e-05
1755259200052,1.25e-05
1755262800051,1.25e-05
1755266400001,1.25e-05
1755270000024,1.25e-05
1755273600126,1.25e-05
1755277200016,1.25e-05
1755280800108,9.8206e-06
1755284400027,1.6485e-06
1755288000002,3.8654e-06
1755291600050,1.25e-05
1755295200104,1.25e-05
1755298800066,1.25e-05
1755302400072,1.25e-05
1755306000090,1.25e-05
1755309600025,1.25e-05
1755313200023,1.25e-05
1755316800052,1.25e-05
1755320400054,1.25e-05
1755324000022,1.25e-05
1755327600056,1.25e-05
1755331200063,1.25e-05
1755334800018,1.25e-05
1755338400041,1.25e-05
1755342000002,1.25e-05
1755345600003,1.25e-05
1755349200015,1.25e-05
1755352800077,1.25e-05
1755356400033,1.25e-05
1755360000062,1.25e-05
1755363600100,1.25e-05
1755367200083,1.25e-05
1755370800029,1.25e-05
1755374400057,1.25e-05
1755378000087,1.25e-05
1755381600008,1.25e-05
1755385200032,1.25e-05
1755388800009,1.25e-05
1755392400035,1.25e-05
1755396000027,1.25e-05
1755399600063,1.25e-05
1755403200056,1.25e-05
1755406800032,1.25e-05
1755410400005,1.25e-05
1755414000057,1.25e-05
1755417600000,1.25e-05
1755421200031,1.25e-05
1755424800003,1.25e-05
1755428400031,1.25e-05
1755432000021,1.25e-05
1755435600041,1.25e-05
1755439200027,1.25e-05
1755442800074,1.25e-05
1755446400075,1.25e-05
1755450000040,1.25e-05
1755453600079,1.25e-05
1755457200025,1.25e-05
1755460800069,1.25e-05
1755464400033,1.25e-05
1755468000131,1.25e-05
1755471600028,1.25e-05
1755475200021,1.25e-05
1755478800025,1.25e-05
1755482400040,1.25e-05
1755486000029,1.25e-05
1755489600023,1.25e-05
1755493200020,1.25e-05
1755496800047,1.25e-05
1755500400028,1.25e-05
1755504000021,1.25e-05
1755507600064,1.25e-05
1755511200044,1.25e-05
1755514800119,1.25e-05
1755518400047,1.25e-05
1755522000008,1.25e-05
1755525600062,1.25e-05
1755529200022,1.25e-05
1755532800022,1.25e-05
1755536400015,1.25e-05
1755540000012,1.25e-05
1755543600017,7.6487e-06
1755547200038,1.25e-05
1755550800014,1.25e-05
1755554400013,1.25e-05
1755558000018,1.25e-05
1755561600045,1.25e-05
1755565200056,1.08929e-05
1755568800000,1.25e-05
1755572400074,1.25e-05
1755576000017,3.5441e-06
1755579600053,-1.2585e-05
1755583200008,-3.5562e-06
1755586800084,-1.1955e-06
1755590400026,3.2061e-06
1755594000011,7.6922e-06
1755597600045,9.3104e-06
1755601200033,8.9296e-06
1755604800041,1.25e-05
1755608400045,1.25e-05
1755612000034,1.25e-05
1755615600115,1.25e-05
1755619200039,1.25e-05
1755622800097,1.25e-05
1755626400008,1.25e-05
1755630000053,1.25e-05
1755633600022,1.25e-05
1755637200014,1.25e-05
1755640800074,1.25e-05
1755644400055,1.16923e-05
1755648000079,9.3217e-06
1755651600112,6.0881e-06
1755655200078,4.4475e-06
1755658800135,1.25e-05
1755662400060,1.25e-05
1755666000009,1.2325e-05
1755669600038,1.1602e-05
1755673200071,1.25e-05
1755676800015,1.25e-05
1755680400037,8.6259e-06
1755684000059,1.7763e-06
1755687600037,7.2741e-06
1755691200013,1.4171e-06
1755694800086,1.25e-05
1755698400069,1.25e-05
1755702000032,1.25e-05
1755705600010,1.25e-05
1755709200016,1.25e-05
1755712800056,3.1039e-06
1755716400043,-1.3446e-06
1755720000054,7.1448e-06
1755723600022,1.19414e-05
1755727200041,5.5663e-06
1755730800033,-8.39e-08
1755734400042,6.2608e-06
1755738000037,1.25e-05
1755741600005,1.25e-05
1755745200002,2.6411e-06
1755748800072,1.2292e-05
1755752400055,1.25e-05
1755756000012,1.25e-05
1755759600045,1.25e-05
1755763200024,1.25e-05
1755766800023,1.25e-05
1755770400049,1.25e-05
1755774000143,1.25e-05
1755777600017,1.25e-05
1755781200007,1.00774e-05
1755784800025,7.0494e-06
1755788400129,-5.1398e-06
1755792000000,1.087e-07
1755795600027,7.4606e-06
1755799200061,3.7487e-06
1755802800003,7.5502e-06
1755806400078,6.0152e-06
1755810000064,1.13661e-05
1755813600060,1.25e-05
1755817200094,1.19806e-05
1755820800030,1.25e-05
1755824400028,1.25e-05
1755828000030,1.25e-05
1755831600069,1.25e-05
1755835200019,8.4703e-06
1755838800046,1.25e-05
1755842400028,1.25e-05
1755846000045,1.25e-05
1755849600018,1.25e-05
1755853200018,1.21634e-05
1755856800030,1.25e-05
1755860400061,1.16061e-05
1755864000031,5.9553e-06
1755867600024,5.7223e-06
1755871200108,-4.0942e-06
1755874800054,8.9429e-06
1755878400054,1.25e-05
1755882000044,1.25e-05
1755885600040,1.25e-05
1755889200075,1.25e-05
1755892800061,1.25e-05
1755896400047,1.25e-05
1755900000013,1.25e-05
1755903600007,1.25e-05
1755907200003,1.25e-05
1755910800002,1.25e-05
1755914400060,1.25e-05
1755918000010,1.25e-05
1755921600105,1.25e-05
1755925200022,1.25e-05
1755928800009,1.25e-05
1755932400060,1.25e-05
1755936000028,1.25e-05
1755939600097,1.25e-05
1755943200054,1.25e-05
1755946800030,1.25e-05
1755950400000,1.25e-05
1755954000045,1.25e-05
1755957600118,1.25e-05
1755961200004,1.25e-05
1755964800020,1.25e-05
1755968400049,1.25e-05
1755972000015,1.25e-05
1755975600114,1.25e-05
1755979200039,1.25e-05
1755982800051,1.25e-05
1755986400004,1.25e-05
1755990000056,1.25e-05
1755993600106,1.25e-05
1755997200020,1.25e-05
1756000800011,1.25e-05
1756004400062,1.25e-05
1756008000106,1.25e-05
1756011600067,1.25e-05
1756015200048,1.25e-05
1756018800035,1.25e-05
1756022400013,1.25e-05
1756026000085,1.25e-05
1756029600063,1.25e-05
1756033200005,1.25e-05
1756036800032,1.25e-05
1756040400016,1.25e-05
1756044000080,1.25e-05
1756047600134,1.25e-05
1756051200002,1.25e-05
1756054800033,1.25e-05
1756058400022,1.25e-05
1756062000001,1.25e-05
1756065600031,1.25e-05
1756069200044,1.25e-05
1756072800011,1.25e-05
1756076400027,1.25e-05
1756080000013,1.25e-05
1756083600011,1.25e-05
1756087200052,1.25e-05
1756090800004,1.25e-05
1756094400108,1.25e-05
1756098000004,1.25e-05
1756101600015,1.25e-05
1756105200034,1.25e-05
1756108800114,1.25e-05
1756112400033,1.01385e-05
1756116000041,1.25e-05
1756119600032,2.4655e-06
1756123200096,1.938e-06
1756126800016,1.9506e-06
1756130400037,6.3264e-06
1756134000015,9.5015e-06
1756137600012,2.0265e-06
1756141200052,6.44e-06
1756144800007,4.8862e-06
1756148400022,4.5265e-06
1756152000020,4.8006e-06
1756155600010,-1.92169e-05
1756159200055,-2.46139e-05
1756162800001,-1.96767e-05
1756166400014,-1.64348e-05
1756170000113,-1.3689e-06
1756173600071,6.528e-06
1756177200015,4.7071e-06
1756180800028,1.202e-05
1756184400040,1.8917e-06
1756188000057,9.824e-07
1756191600019,1.25e-05
1756195200064,1.25e-05
1756198800004,1.07131e-05
1756202400030,1.25e-05
1756206000022,1.25e-05
1756209600035,1.2427e-05
1756213200037,1.25e-05
1756216800066,1.25e-05
1756220400014,1.25e-05
1756224000012,1.25e-05
1756227600007,1.25e-05
1756231200007,1.25e-05
1756234800043,1.25e-05
1756238400070,1.25e-05
1756242000075,1.25e-05
1756245600039,1.25e-05
1756249200041,1.25e-05
1756252800041,1.25e-05
1756256400031,1.25e-05
1756260000003,1.25e-05
1756263600089,1.25e-05
1756267200034,1.25e-05
1756270800007,1.25e-05
1756274400039,1.25e-05
1756278000078,1.25e-05
1756281600036,1.25e-05
1756285200115,1.25e-05
1756288800019,1.25e-05
1756292400125,1.25e-05
1756296000017,1.25e-05
1756299600019,1.25e-05
1756303200027,1.25e-05
1756306800011,1.25e-05
1756310400027,1.25e-05
1756314000090,1.25e-05
1756317600134,1.25e-05
1756321200170,1.25e-05
1756324800072,1.25e-05
1756328400118,1.25e-05
1756332000060,1.25e-05
1756335600044,1.25e-05
1756339200044,1.25e-05
1756342800048,1.25e-05
1756346400051,1.25e-05
1756350000069,1.25e-05
1756353600041,1.25e-05
1756357200033,1.25e-05
1756360800038,1.25e-05
1756364400082,1.25e-05
1756368000011,1.25e-05
1756371600075,1.25e-05
1756375200095,1.25e-05
1756378800015,1.25e-05
1756382400101,1.25e-05
1756386000111,1.25e-05
1756389600008,1.25e-05
1756393200018,1.25e-05
1756396800003,1.25e-05
1756400400039,1.25e-05
1756404000035,1.25e-05
1756407600019,1.25e-05
1756411200054,1.25e-05
1756414800008,1.25e-05
1756418400108,1.25e-05
1756422000020,1.25e-05
1756425600041,1.25e-05
1756429200006,1.25e-05
1756432800089,1.25e-05
1756436400012,1.25e-05
1756440000104,1.25e-05
1756443600033,1.25e-05
1756447200004,1.25e-05
1756450800036,1.25e-05
1756454400080,1.25e-05
1756458000012,1.25e-05
1756461600048,1.25e-05
1756465200033,1.25e-05
1756468800072,1.25e-05
1756472400007,1.25e-05
1756476000029,1.25e-05
1756479600021,1.25e-05
1756483200052,1.25e-05
1756486800064,1.25e-05
1756490400060,1.25e-05
1756494000060,1.25e-05
1756497600059,1.25e-05
1756501200093,1.25e-05
1756504800000,1.25e-05
1756508400004,1.25e-05
1756512000046,1.25e-05
1756515600066,1.25e-05
1756519200038,1.25e-05
1756522800046,1.25e-05
1756526400038,1.25e-05
1756530000007,1.25e-05
1756533600022,1.25e-05
1756537200005,1.25e-05
1756540800065,1.25e-05
1756544400093,1.25e-05
1756548000028,1.25e-05
1756551600032,1.25e-05
1756555200089,1.25e-05
1756558800007,1.25e-05
1756562400025,1.25e-05
1756566000056,1.25e-05
1756569600064,1.25e-05
1756573200004,1.25e-05
1756576800037,1.25e-05
1756580400034,1.25e-05
1756584000093,1.25e-05
1756587600062,1.25e-05
1756591200053,1.25e-05
1756594800054,1.25e-05
1756598400044,1.25e-05
1756602000099,1.25e-05
1756605600042,1.25e-05
1756609200007,1.25e-05
1756612800021,1.25e-05
1756616400023,1.25e-05
1756620000063,1.25e-05
1756623600078,1.25e-05
1756627200011,1.25e-05
1756630800012,1.25e-05
1756634400076,1.25e-05
1756638000006,1.25e-05
1756641600113,1.25e-05
1756645200000,1.25e-05
1756648800013,1.25e-05
1756652400120,1.25e-05
1756656000054,1.25e-05
1756659600083,1.25e-05
1756663200050,1.25e-05
1756666800032,1.25e-05
1756670400032,1.25e-05
1756674000023,1.25e-05
1756677600012,1.25e-05
1756681200092,1.25e-05
1756684800052,1.25e-05
1756688400072,1.25e-05
1756692000006,1.25e-05
1756695600049,1.25e-05
1756699200101,1.25e-05
1756702800020,1.25e-05
1756706400041,1.25e-05
1756710000022,1.25e-05
1756713600004,1.25e-05
1756717200003,1.25e-05
1756720800070,1.25e-05
1756724400068,1.25e-05
1756728000044,1.25e-05
1756731600042,1.25e-05
1756735200012,1.25e-05
1756738800082,1.25e-05
1756742400053,1.25e-05
1756746000015,1.25e-05
1756749600044,1.25e-05
1756753200060,1.25e-05
1756756800028,1.25e-05
1756760400004,1.25e-05
1756764000113,5.02e-06
1756767600020,1.25e-05
1756771200036,1.25e-05
1756774800088,1.25e-05
1756778400040,1.1947e-05
1756782000001,1.19747e-05
1756785600034,1.25e-05
1756789200050,1.25e-05
1756792800017,1.25e-05
1756796400049,1.25e-05
1756800000022,1.25e-05
1756803600010,1.25e-05
1756807200151,1.25e-05
1756810800029,1.25e-05
1756814400112,1.25e-05
1756818000004,1.25e-05
1756821600109,1.25e-05
1756825200008,1.25e-05
1756828800032,1.25e-05
1756832400026,1.25e-05
1756836000007,1.25e-05
1756839600039,1.25e-05
1756843200024,1.25e-05
1756846800004,1.25e-05
1756850400007,1.25e-05
1756854000077,1.25e-05
1756857600031,1.25e-05
1756861200093,1.25e-05
1756864800034,1.25e-05
1756868400030,1.25e-05
1756872000124,1.25e-05
1756875600070,1.25e-05
1756879200133,1.25e-05
1756882800014,1.25e-05
1756886400027,1.25e-05
1756890000004,1.25e-05
1756893600060,1.25e-05
1756897200049,1.25e-05
1756900800065,1.25e-05
1756904400112,1.25e-05
1756908000000,1.25e-05
1756911600004,1.25e-05
1756915200033,1.25e-05
1756918800020,1.25e-05
1756922400022,1.25e-05
1756926000050,1.25e-05
1756929600026,1.25e-05
1756933200045,1.25e-05
1756936800068,1.25e-05
1756940400003,1.25e-05
1756944000040,1.25e-05
1756947600102,1.25e-05
1756951200043,1.25e-05
1756954800079,1.25e-05
1756958400071,1.25e-05
1756962000045,1.25e-05
1756965600083,1.25e-05
1756969200001,1.25e-05
1756972800113,1.25e-05
1756976400009,1.25e-05
1756980000025,1.25e-05
1756983600053,1.25e-05
1756987200054,1.25e-05
1756990800002,1.25e-05
1756994400027,1.25e-05
1756998000020,1.25e-05
1757001600017,1.25e-05
1757005200069,1.25e-05
1757008800021,1.25e-05
1757012400011,1.25e-05
1757016000153,1.25e-05
1757019600049,1.25e-05
1757023200027,1.25e-05
1757026800064,1.25e-05
1757030400006,1.25e-05
1757034000090,1.25e-05
1757037600099,1.25e-05
1757041200072,1.25e-05
1757044800056,1.25e-05
1757048400047,1.25e-05
1757052000009,1.25e-05
1757055600040,1.25e-05
1757059200028,1.25e-05
1757062800004,1.25e-05
1757066400019,1.25e-05
1757070000030,1.25e-05
1757073600063,1.25e-05
1757077200068,1.25e-05
1757080800038,1.25e-05
1757084400008,1.25e-05
1757088000036,1.25e-05
1757091600023,1.25e-05
1757095200028,1.25e-05
1757098800019,1.25e-05
1757102400042,1.25e-05
1757106000060,1.25e-05
1757109600051,1.25e-05
1757113200048,1.25e-05
1757116800039,1.25e-05
1757120400038,1.25e-05
1757124000059,1.25e-05
1757127600115,1.25e-05
1757131200023,1.25e-05
1757134800035,1.25e-05
1757138400078,1.25e-05
1757142000086,1.25e-05
1757145600027,1.25e-05
1757149200002,1.25e-05
1757152800007,1.25e-05
1757156400064,1.25e-05
1757160000068,1.25e-05
1757163600087,1.25e-05
1757167200047,1.25e-05
1757170800032,1.25e-05
1757174400060,1.25e-05
1757178000102,1.25e-05
1757181600014,1.25e-05
1757185200075,1.25e-05
1757188800002,1.25e-05
1757192400008,1.25e-05
1757196000026,1.25e-05
1757199600056,1.25e-05
1757203200012,1.25e-05
1757206800027,1.25e-05
1757210400006,1.25e-05
1757214000048,1.25e-05
1757217600054,1.25e-05
1757221200006,1.25e-05
1757224800121,1.25e-05
1757228400062,1.25e-05
1757232000034,1.25e-05
1757235600039,1.25e-05
1757239200001,1.25e-05
1757242800055,1.25e-05
1757246400020,1.25e-05
1757250000003,1.25e-05
1757253600011,1.25e-05
1757257200109,1.25e-05
1757260800046,1.25e-05
1757264400034,1.25e-05
1757268000050,1.25e-05
1757271600022,1.25e-05
1757275200102,1.25e-05
1757278800013,1.25e-05
1757282400031,1.25e-05
1757286000036,1.25e-05
1757289600089,1.25e-05
1757293200000,1.25e-05
1757296800018,1.25e-05
1757300400054,1.25e-05
1757304000002,1.25e-05
1757307600116,1.25e-05
1757311200061,1.25e-05
1757314800040,1.25e-05
1757318400066,1.25e-05
1757322000092,1.25e-05
1757325600019,1.25e-05
1757329200029,1.8339e-05
1757332800030,1.38627e-05
1757336400100,1.88438e-05
1757340000016,1.3536e-05
1757343600068,1.34507e-05
1757347200050,2.09953e-05
1757350800111,1.32555e-05
1757354400057,2.02786e-05
1757358000010,2.38342e-05
1757361600073,1.52971e-05
1757365200040,2.07115e-05
1757368800039,2.51752e-05
1757372400057,2.68576e-05
1757376000071,1.93267e-05
1757379600055,2.00246e-05
1757383200059,2.18083e-05
1757386800047,2.34429e-05
1757390400039,3.28848e-05
1757394000039,2.50812e-05
1757397600110,1.36934e-05
1757401200007,2.92296e-05
1757404800017,3.35899e-05
1757408400038,4.13049e-05
1757412000059,3.31046e-05
1757415600047,3.30059e-05
1757419200031,4.05619e-05
1757422800048,4.64461e-05
1757426400019,4.48622e-05
1757430000041,1.55084e-05
1757433600051,1.74102e-05
1757437200032,1.25424e-05
1757440800037,1.88436e-05
1757444400034,3.01985e-05
1757448000054,4.6222e-05
1757451600029,2.57602e-05
1757455200044,2.90156e-05
1757458800000,1.692e-05
1757462400029,1.46556e-05
1757466000014,1.25e-05
1757469600014,2.31443e-05
1757473200037,3.48117e-05
1757476800083,2.41457e-05
1757480400009,2.12005e-05
1757484000097,2.15713e-05
1757487600063,2.9923e-05
1757491200058,3.87954e-05
1757494800087,3.22718e-05
1757498400038,3.64849e-05
1757502000127,4.11775e-05
1757505600084,4.38335e-05
1757509200100,3.03989e-05
1757512800042,1.8644e-05
1757516400099,1.25e-05
1757520000044,1.8747e-05
1757523600005,3.7561e-05
1757527200032,0.0001036205
1757530800003,7.47725e-05
1757534400050,4.76061e-05
1757538000008,7.00815e-05
1757541600018,6.54347e-05
1757545200009,6.8276e-05
1757548800090,6.57585e-05
1757552400051,5.28529e-05
1757556000011,3.83732e-05
1757559600096,5.02739e-05
1757563200016,8.46869e-05
1757566800032,6.53326e-05
1757570400077,4.72301e-05
1757574000052,2.51252e-05
1757577600065,1.78195e-05
1757581200055,1.39232e-05
1757584800014,1.25e-05
1757588400002,1.25e-05
1757592000045,1.25e-05
1757595600020,1.25e-05
1757599200059,1.25e-05
1757602800142,1.25e-05
1757606400001,1.25e-05
1757610000077,1.25e-05
1757613600082,1.25e-05
1757617200007,1.25e-05
1757620800007,2.17374e-05
1757624400078,1.6165e-05
1757628000029,3.55954e-05
1757631600037,3.57822e-05
1757635200055,3.24463e-05
1757638800004,4.92052e-05
1757642400060,3.80225e-05
1757646000053,3.18447e-05
1757649600037,3.40214e-05
1757653200006,2.21315e-05
1757656800027,1.25e-05
1757660400044,1.25e-05
1757664000005,1.25e-05
1757667600066,1.25e-05
1757671200100,1.5014e-05
1757674800040,1.25e-05
1757678400062,1.25e-05
1757682000062,1.25e-05
1757685600038,1.25e-05
1757689200048,1.25e-05
1757692800064,1.25e-05
1757696400018,1.25e-05
1757700000026,1.29591e-05
1757703600066,1.84966e-05
1757707200057,2.32171e-05
1757710800007,2.84826e-05
1757714400031,2.11159e-05
1757718000007,4.71341e-05
1757721600038,3.448e-05
1757725200008,3.84807e-05
1757728800011,7.21697e-05
1757732400107,4.1451e-05
1757736000000,3.03183e-05
1757739600060,6.56386e-05
1757743200032,7.11619e-05
1757746800040,6.82585e-05
1757750400064,4.78583e-05
1757754000005,5.06204e-05
1757757600044,4.05978e-05
1757761200042,3.99243e-05
1757764800046,3.57213e-05
1757768400035,3.5278e-05
1757772000053,2.40758e-05
1757775600013,1.25224e-05
1757779200049,1.25e-05
1757782800030,1.25e-05
1757786400037,1.32016e-05
1757790000042,1.67796e-05
1757793600032,2.26944e-05
1757797200082,2.11855e-05
1757800800128,1.25e-05
1757804400121,1.25e-05
1757808000036,2.62476e-05
1757811600008,2.0446e-05
1757815200034,5.71775e-05
1757818800007,6.52585e-05
1757822400044,6.38981e-05
1757826000080,8.15029e-05
1757829600022,9.15408e-05
1757833200026,9.36229e-05
1757836800033,7.97886e-05
1757840400057,6.58506e-05
1757844000048,5.73237e-05
1757847600030,4.29656e-05
1757851200037,1.25e-05
1757854800025,1.25e-05
1757858400084,1.25e-05
1757862000078,1.25e-05
1757865600118,1.25e-05
1757869200032,1.25e-05
1757872800027,1.25e-05
1757876400060,1.25e-05
1757880000028,1.25e-05
1757883600035,1.25e-05
1757887200007,1.25e-05
1757890800009,1.25e-05
1757894400027,1.25e-05
1757898000015,1.25e-05
1757901600009,1.25e-05
1757905200066,1.25e-05
1757908800008,1.25e-05
1757912400050,1.25e-05
1757916000044,1.25e-05
1757919600013,1.25e-05
1757923200017,1.25e-05
1757926800001,1.25e-05
1757930400048,1.25e-05
1757934000076,1.25e-05
1757937600020,1.25e-05
1757941200014,1.25e-05
1757944800116,1.25e-05
1757948400031,1.25e-05
1757952000022,1.41714e-05
1757955600099,1.25e-05
1757959200041,1.25e-05
1757962800063,1.60666e-05
1757966400092,1.25e-05
1757970000047,1.25e-05
1757973600030,1.90219e-05
1757977200060,1.93348e-05
1757980800021,3.50101e-05
1757984400020,3.03264e-05
1757988000103,3.4157e-05
1757991600020,1.4869e-05
1757995200055,1.25e-05
1757998800033,1.25e-05
1758002400000,1.25e-05
1758006000117,1.25e-05
1758009600093,1.25e-05
1758013200063,1.25e-05
1758016800055,1.25e-05
1758020400005,1.25e-05
1758024000032,1.25e-05
1758027600053,1.25e-05
1758031200018,1.25e-05
1758034800026,1.25e-05
1758038400021,1.25e-05
1758042000002,4.1466e-05
1758045600032,3.89863e-05
1758049200049,2.36908e-05
1758052800044,3.68427e-05
1758056400073,4.55141e-05
1758060000078,3.13577e-05
1758063600027,2.07748e-05
1758067200089,1.71202e-05
1758070800035,4.34435e-05
1758074400074,4.24324e-05
1758078000013,2.72906e-05
1758081600030,5.10701e-05
1758085200084,2.31278e-05
1758088800012,2.04921e-05
1758092400059,1.93421e-05
1758096000061,1.25e-05
1758099600064,1.25e-05
1758103200017,1.25e-05
1758106800055,1.25e-05
1758110400040,1.25e-05
1758114000061,1.25e-05
1758117600016,1.25e-05
1758121200015,1.25e-05
1758124800001,1.25e-05
1758128400085,1.25e-05
1758132000038,1.25e-05
1758135600017,1.25e-05
1758139200076,1.75835e-05
1758142800089,1.25e-05
1758146400039,1.25e-05
1758150000061,1.4783e-05
1758153600010,1.25e-05
1758157200065,1.25e-05
1758160800072,1.25e-05
1758164400061,1.25e-05
1758168000067,1.95554e-05
1758171600024,3.62317e-05
1758175200022,1.79876e-05
1758178800030,1.25e-05
1758182400017,1.25e-05
1758186000056,1.25e-05
1758189600033,1.58321e-05
1758193200053,1.25e-05
1758196800068,1.48867e-05
1758200400082,2.4262e-05
1758204000008,5.39812e-05
1758207600185,4.21061e-05
1758211200048,6.40625e-05
1758214800100,4.11616e-05
1758218400087,1.93696e-05
1758222000062,5.47631e-05
1758225600010,0.0001386584
1758229200001,0.0001129898
1758232800021,4.03849e-05
1758236400114,2.39595e-05
1758240000070,4.55366e-05
1758243600048,5.87062e-05
1758247200098,3.39292e-05
1758250800047,2.97896e-05
1758254400064,1.87539e-05
1758258000018,1.25e-05
1758261600076,1.25e-05
1758265200001,1.25e-05
1758268800030,1.25e-05
1758272400109,1.85775e-05
1758276000042,1.92772e-05
1758279600063,1.25e-05
1758283200001,1.25e-05
1758286800038,1.25e-05
1758290400041,1.25e-05
1758294000012,1.25e-05
1758297600032,1.25e-05
1758301200052,1.25e-05
1758304800047,1.25e-05
1758308400049,1.25e-05
1758312000023,1.25e-05
1758315600022,1.25e-05
1758319200053,1.25e-05
1758322800020,1.25e-05
1758326400068,1.25e-05
1758330000039,1.25e-05
1758333600064,1.25e-05
1758337200060,1.25e-05
1758340800045,1.25e-05
1758344400047,1.25e-05
1758348000066,1.25e-05
1758351600027,1.25e-05
1758355200039,1.25e-05
1758358800037,1.25e-05
1758362400045,1.25e-05
1758366000029,1.25e-05
1758369600058,1.25e-05
1758373200066,1.25e-05
1758376800052,1.25e-05
1758380400015,1.25e-05
1758384000082,1.25e-05
1758387600089,1.25e-05
1758391200108,1.25e-05
1758394800077,1.25e-05
1758398400086,1.25e-05
1758402000062,1.25e-05
1758405600039,1.25e-05
1758409200039,1.25e-05
1758412800041,1.25e-05
1758416400054,1.25e-05
1758420000091,1.25e-05
1758423600037,1.25e-05
1758427200092,1.25e-05
1758430800037,1.25e-05
1758434400033,1.25e-05
1758438000060,1.25e-05
1758441600018,1.25e-05
1758445200030,1.25e-05
1758448800048,1.25e-05
1758452400031,1.25e-05
1758456000050,1.25e-05
1758459600064,1.25e-05
1758463200056,1.25e-05
1758466800069,1.25e-05
1758470400028,1.25e-05
1758474000007,1.25e-05
1758477600002,1.25e-05
1758481200108,1.25e-05
1758484800107,1.25e-05
1758488400032,1.25e-05
1758492000091,1.25e-05
1758495600106,1.25e-05
1758499200090,1.25e-05
1758502800068,1.25e-05
1758506400000,1.25e-05
1758510000040,1.25e-05
1758513600033,1.25e-05
1758517200062,1.25e-05
1758520800095,6.2418e-06
1758524400026,-2.19344e-05
1758528000036,9.4733e-06
1758531600021,1.25e-05
1758535200097,6.6369e-06
1758538800090,7.3977e-06
1758542400057,4.371e-06
1758546000008,5.121e-06
1758549600074,1.25e-05
1758553200010,1.25e-05
1758556800001,2.6967e-06
1758560400106,4.0969e-06
1758564000026,3.7812e-06
1758567600058,3.2533e-06
1758571200076,1.25e-05
1758574800091,1.25e-05
1758578400056,1.25e-05
1758582000030,1.25e-05
1758585600047,1.25e-05
1758589200005,1.25e-05
1758592800101,1.25e-05
1758596400062,1.25e-05
1758600000013,1.25e-05
1758603600077,1.25e-05
1758607200005,1.25e-05
1758610800003,1.25e-05
1758614400038,1.25e-05
1758618000072,1.25e-05
1758621600042,1.25e-05
1758625200022,1.25e-05
1758628800009,1.25e-05
1758632400046,1.25e-05
1758636000106,1.25e-05
1758639600055,1.25e-05
1758643200051,1.25e-05
1758646800043,1.25e-05
1758650400083,1.25e-05
1758654000011,1.25e-05
1758657600002,1.25e-05
1758661200028,1.25e-05
1758664800031,1.25e-05
1758668400001,1.25e-05
1758672000067,1.25e-05
1758675600042,1.25e-05
1758679200101,1.25e-05
1758682800031,1.25e-05
1758686400022,1.25e-05
1758690000088,1.25e-05
1758693600049,1.25e-05
1758697200062,1.25e-05
1758700800052,1.25e-05
1758704400014,1.25e-05
1758708000083,1.25e-05
1758711600025,1.25e-05
1758715200029,1.25e-05
1758718800014,1.25e-05
1758722400029,1.25e-05
1758726000013,1.25e-05
1758729600040,1.25e-05
1758733200098,1.25e-05
1758736800052,1.25e-05
1758740400007,1.25e-05
1758744000014,1.25e-05
1758747600070,1.25e-05
1758751200049,1.25e-05
1758754800021,1.25e-05
1758758400226,1.25e-05
1758762000067,1.25e-05
1758765600028,1.25e-05
1758769200070,9.8352e-06
1758772800049,4.8421e-06
1758776400054,1.2012e-06
1758780000001,3.4209e-06
1758783600049,6.329e-06
1758787200077,9.1548e-06
1758790800034,1.1494e-05
1758794400004,1.25e-05
1758798000011,1.25e-05
1758801600048,1.25e-05
1758805200068,1.25e-05
1758808800103,1.25e-05
1758812400006,1.25e-05
1758816000033,1.25e-05
1758819600026,6.3158e-06
1758823200017,-4.13047e-05
1758826800029,-1.96617e-05
1758830400011,-1.25345e-05
1758834000060,-2.476e-06
1758837600062,-5.564e-07
1758841200051,6.567e-07
1758844800107,-1.48269e-05
1758848400013,-5.04255e-05
1758852000031,-3.86714e-05
1758855600020,-4.01108e-05
1758859200087,-4.01387e-05
1758862800086,-3.98432e-05
1758866400023,-3.33792e-05
1758870000012,-1.35653e-05
1758873600009,-7.656e-06
1758877200095,-4.8714e-06
1758880800012,-9.2292e-06
1758884400010,-1.19749e-05
1758888000071,-3.9055e-06
1758891600053,-5.8602e-06
1758895200002,-3.2119e-06
1758898800060,9.28e-08
1758902400048,1.00033e-05
1758906000062,1.2391e-05
1758909600108,1.25e-05
1758913200105,1.25e-05
1758916800024,1.25e-05
1758920400002,1.25e-05
1758924000024,1.25e-05
1758927600029,1.25e-05
1758931200099,1.25e-05
1758934800050,1.25e-05
1758938400019,1.25e-05
1758942000048,1.25e-05
1758945600008,1.25e-05
1758949200029,1.25e-05
1758952800028,1.25e-05
1758956400002,1.25e-05
1758960000051,1.25e-05
1758963600004,1.25e-05
1758967200021,1.25e-05
1758970800013,1.25e-05
1758974400078,1.01209e-05
1758978000060,1.25e-05
1758981600030,1.24706e-05
1758985200062,1.25e-05
1758988800007,1.00304e-05
1758992400005,6.361e-06
1758996000024,5.819e-06
1758999600061,6.2688e-06
1759003200008,8.7793e-06
1759006800004,3.5862e-06
1759010400086,1.25e-05
1759014000005,1.25e-05
1759017600025,1.25e-05
1759021200028,1.25e-05
1759024800035,1.25e-05
1759028400010,1.25e-05
1759032000061,1.25e-05
1759035600013,1.25e-05
1759039200111,1.25e-05
1759042800049,1.25e-05
1759046400007,1.25e-05
1759050000040,1.25e-05
1759053600027,1.25e-05
1759057200011,1.25e-05
1759060800071,1.25e-05
1759064400011,1.25e-05
1759068000050,1.25e-05
1759071600065,1.25e-05
1759075200022,1.25e-05
1759078800040,1.25e-05
1759082400027,1.25e-05
1759086000127,1.25e-05
1759089600004,1.25e-05
1759093200011,1.25e-05
1759096800035,1.25e-05
1759100400053,1.25e-05
1759104000006,1.25e-05
1759107600022,1.25e-05
1759111200111,1.25e-05
1759114800011,1.25e-05
1759118400017,1.25e-05
1759122000062,1.25e-05
1759125600090,1.25e-05
1759129200062,1.25e-05
1759132800058,8.741e-06
1759136400034,7.7503e-06
1759140000007,7.7365e-06
1759143600002,7.2705e-06
1759147200045,8.1282e-06
1759150800066,1.25e-05
1759154400081,9.4605e-06
1759158000027,1.25e-05
1759161600050,1.25e-05
1759165200145,1.25e-05
1759168800077,9.8243e-06
1759172400082,1.17391e-05
1759176000048,1.25e-05
1759179600054,1.25e-05
1759183200018,1.25e-05
1759186800050,1.25e-05
1759190400020,1.25e-05
1759194000079,1.25e-05
1759197600029,1.25e-05
1759201200090,1.25e-05
1759204800014,1.25e-05
1759208400051,1.25e-05
1759212000040,1.25e-05
1759215600009,1.25e-05
1759219200064,1.25e-05
1759222800034,1.25e-05
1759226400033,9.6949e-06
1759230000021,9.3697e-06
1759233600050,6.4879e-06
1759237200009,4.9396e-06
1759240800020,-4.1174e-06
1759244400000,-1.5779e-06
1759248000051,2.0058e-06
1759251600008,3.517e-06
1759255200069,2.8977e-06
1759258800040,3.3162e-06
1759262400043,1.14918e-05
1759266000030,1.25e-05
1759269600021,1.25e-05
1759273200007,1.25e-05
1759276800098,1.25e-05
1759280400054,1.25e-05
1759284000041,1.25e-05
1759287600042,1.25e-05
1759291200054,1.25e-05
1759294800012,1.25e-05
1759298400068,1.25e-05
1759302000008,1.25e-05
1759305600041,1.25e-05
1759309200031,1.25e-05
1759312800020,1.25e-05
1759316400030,1.25e-05
1759320000021,1.25e-05
1759323600045,1.25e-05
1759327200081,1.25e-05
1759330800109,1.25e-05
1759334400038,1.25e-05
1759338000083,1.25e-05
1759341600062,1.25e-05
1759345200083,1.25e-05
1759348800086,1.25e-05
1759352400026,1.25e-05
1759356000034,1.25e-05
1759359600000,1.25e-05
1759363200016,1.25e-05
1759366800056,1.25e-05
1759370400057,1.25e-05
1759374000013,1.25e-05
1759377600018,1.25e-05
1759381200005,1.25e-05
1759384800017,1.25e-05
1759388400027,1.25e-05
1759392000063,1.25e-05
1759395600005,1.25e-05
1759399200024,1.25e-05
1759402800016,1.25e-05
1759406400036,1.25e-05
1759410000057,1.25e-05
1759413600020,1.25e-05
1759417200057,1.25e-05
1759420800033,1.25e-05
1759424400014,1.25e-05
1759428000012,1.25e-05
1759431600040,1.25e-05
1759435200064,1.25e-05
1759438800025,1.25e-05
1759442400095,1.25e-05
1759446000006,1.25e-05
1759449600008,1.25e-05
1759453200071,1.25e-05
1759456800012,1.25e-05
1759460400017,1.25e-05
1759464000028,1.25e-05
1759467600069,1.25e-05
1759471200014,1.25e-05
1759474800070,1.25e-05
1759478400028,1.25e-05
1759482000073,1.25e-05
1759485600007,1.25e-05
1759489200007,1.25e-05
1759492800020,1.25e-05
1759496400015,1.25e-05
1759500000013,1.25e-05
1759503600033,1.25e-05
1759507200030,1.25e-05
1759510800016,1.25e-05
1759514400018,1.25e-05
1759518000105,1.25e-05
1759521600048,1.25e-05
1759525200197,1.25e-05
1759528800055,1.25e-05
1759532400035,1.25e-05
1759536000006,1.25e-05
1759539600026,1.25e-05
1759543200070,1.25e-05
1759546800062,1.25e-05
1759550400046,1.25e-05
1759554000098,1.25e-05
1759557600044,1.25e-05
1759561200112,1.25e-05
1759564800019,1.25e-05
1759568400059,1.25e-05
1759572000014,1.25e-05
1759575600010,1.25e-05
1759579200009,1.25e-05
1759582800001,1.25e-05
1759586400055,1.25e-05
1759590000060,1.25e-05
1759593600016,1.25e-05
1759597200068,1.25e-05
1759600800073,1.25e-05
1759604400000,1.25e-05
1759608000015,1.25e-05
1759611600073,1.25e-05
1759615200047,1.25e-05
1759618800018,1.25e-05
1759622400101,1.25e-05
1759626000062,1.25e-05
1759629600055,1.25e-05
1759633200033,1.25e-05
1759636800041,3.20569e-05
1759640400084,3.41275e-05
1759644000055,2.34733e-05
1759647600050,4.2106e-05
1759651200014,3.93566e-05
1759654800033,4.44308e-05
1759658400043,3.56482e-05
1759662000002,1.25e-05
1759665600050,1.25e-05
1759669200081,1.25e-05
1759672800121,1.25e-05
1759676400088,1.25e-05
1759680000047,1.25e-05
1759683600035,1.25e-05
1759687200062,1.25e-05
1759690800032,1.25e-05
1759694400084,1.25e-05
1759698000108,1.25e-05
1759701600050,1.25e-05
1759705200071,1.25e-05
1759708800043,1.75131e-05
1759712400027,1.25e-05
1759716000023,1.25e-05
1759719600082,1.25e-05
1759723200091,1.25e-05
1759726800019,1.25e-05
1759730400111,1.91689e-05
1759734000032,3.34922e-05
1759737600097,3.73287e-05
1759741200055,4.16988e-05
1759744800016,4.19756e-05
1759748400026,4.19155e-05
1759752000074,5.21124e-05
1759755600017,4.63851e-05
1759759200005,6.37123e-05
1759762800043,6.93845e-05
1759766400064,7.63587e-05
1759770000051,7.21232e-05
1759773600087,8.39371e-05
1759777200084,8.37966e-05
1759780800023,6.45547e-05
1759784400015,5.6521e-05
1759788000075,4.73628e-05
1759791600068,2.50146e-05
1759795200002,1.54116e-05
1759798800012,1.49763e-05
1759802400064,1.62845e-05
1759806000050,2.38712e-05
1759809600039,2.40508e-05
1759813200032,1.85701e-05
1759816800019,1.5721e-05
1759820400042,1.25e-05
1759824000014,1.25e-05
1759827600010,1.25e-05
1759831200059,1.25e-05
1759834800022,1.25e-05
1759838400000,1.25e-05
1759842000076,1.25e-05
1759845600138,1.25e-05
1759849200114,1.25e-05
1759852800069,1.25e-05
1759856400026,1.25e-05
1759860000077,1.25e-05
1759863600033,1.25e-05
1759867200006,1.25e-05
1759870800062,1.25e-05
1759874400055,1.25e-05
1759878000098,1.25e-05
1759881600010,1.25e-05
1759885200133,1.25e-05
1759888800028,1.25e-05
1759892400068,1.25e-05
1759896000019,1.25e-05
1759899600056,1.25e-05
1759903200002,1.25e-05
1759906800022,1.25e-05
1759910400026,1.25e-05
1759914000065,1.25e-05
1759917600019,1.25e-05
1759921200005,1.25e-05
1759924800108,1.25e-05
1759928400001,2.76804e-05
1759932000002,6.028e-05
1759935600058,6.77905e-05
1759939200119,6.48423e-05
1759942800028,7.50609e-05
1759946400105,0.0001105963
1759950000018,0.0001045222
1759953600072,9.30092e-05
1759957200085,8.28366e-05
1759960800055,2.6957e-05
1759964400039,3.5972e-05
1759968000053,1.8287e-05
1759971600011,1.59454e-05
1759975200038,1.90358e-05
1759978800020,1.25e-05
1759982400064,1.25e-05
1759986000076,1.25e-05
1759989600013,1.25e-05
1759993200036,1.25e-05
1759996800110,1.25e-05
1760000400028,1.25e-05
1760004000032,1.25e-05
1760007600052,1.25e-05
1760011200015,1.25e-05
1760014800011,1.25e-05
1760018400037,1.25e-05
1760022000074,1.25e-05
1760025600019,1.25e-05
1760029200013,1.25e-05
1760032800077,1.25e-05
1760036400013,1.25e-05
1760040000003,1.25e-05
1760043600009,1.25e-05
1760047200078,1.25e-05
1760050800084,2.72673e-05
1760054400017,2.36e-05
1760058000038,2.02232e-05
1760061600022,3.03194e-05
1760065200040,2.67554e-05
1760068800008,2.32383e-05
1760072400082,1.28378e-05
1760076000013,1.25e-05
1760079600056,1.25e-05
1760083200014,1.25e-05
1760086800012,1.25e-05
1760090400089,1.25e-05
1760094000035,1.25e-05
1760097600023,2.15041e-05
1760101200059,1.98777e-05
1760104800055,3.08275e-05
1760108400072,3.33185e-05
1760112000042,1.25e-05
1760115600040,1.25e-05
1760119200009,1.25e-05
1760122800032,1.25e-05
1760126400062,1.25e-05
1760130000014,1.25e-05
1760133600084,-0.0001887059
1760137200035,-0.0012137345
1760140800023,-0.0001282386
1760144400034,7.1569e-06
1760148000015,-3.03208e-05
1760151600003,7.5794e-06
1760155200016,-9.9618e-06
1760158800063,3.4647e-06
1760162400153,-5.1659e-06
1760166000073,-7.1457e-06
1760169600013,-1.18153e-05
1760173200050,2.0457e-06
1760176800034,-8.8526e-06
1760180400019,-5.7069e-06
1760184000084,-7.3961e-06
1760187600002,-7.7239e-06
1760191200014,-4.5604e-06
1760194800044,-7.1691e-06
1760198400129,-6.3278e-06
1760202000043,-3.3628e-06
1760205600027,-7.2762e-06
1760209200071,-2.014e-07
1760212800041,-9.736e-07
1760216400089,-5.0321e-06
1760220000073,-1.55135e-05
1760223600004,-1.555e-05
1760227200048,-1.52596e-05
1760230800060,-3.7206e-06
1760234400086,2.351e-07
1760238000015,1.3311e-06
1760241600017,3.2221e-06
1760245200030,-2.2431e-06
1760248800046,-1.15927e-05
1760252400051,-4.4952e-06
1760256000128,-5.7225e-06
1760259600019,-3.9421e-06
1760263200032,-9.0422e-06
1760266800015,-8.7743e-06
1760270400041,-8.1361e-06
1760274000018,-1.487e-07
1760277600010,-4.6024e-06
1760281200058,4.4907e-06
1760284800000,1.25e-05
1760288400053,-3.9999e-06
1760292000083,-8.00239e-05
1760295600034,-7.10736e-05
1760299200037,-0.0001467853
1760302800008,-0.0001294108
1760306400034,-0.000108512
1760310000039,-8.65621e-05
1760313600022,-9.11938e-05
1760317200056,-6.84624e-05
1760320800109,-6.48291e-05
1760324400041,-6.73281e-05
1760328000081,-5.74644e-05
1760331600010,-4.55594e-05
1760335200068,-3.87553e-05
1760338800011,-3.27766e-05
1760342400029,-3.69451e-05
1760346000097,-3.27895e-05
1760349600037,-3.72381e-05
1760353200044,-1.75783e-05
1760356800094,-2.34725e-05
1760360400067,-1.86187e-05
1760364000029,-1.66259e-05
1760367600052,-3.23039e-05
1760371200027,-5.04056e-05
1760374800008,-2.82135e-05
1760378400013,-1.0222e-05
1760382000032,-1.0367e-05
1760385600049,-1.01802e-05
1760389200049,-8.7036e-06
1760392800002,-8.7295e-06
1760396400006,-6.8553e-06
1760400000054,-1.12423e-05
1760403600064,-8.9077e-06
1760407200032,-6.3018e-06
1760410800114,-1.73065e-05
1760414400019,-2.72269e-05
1760418000079,-3.7699e-05
1760421600009,-4.7482e-05
1760425200007,-3.84968e-05
1760428800001,-3.49871e-05
1760432400098,-3.71135e-05
1760436000066,-3.25204e-05
1760439600045,-3.3679e-05
1760443200009,-3.62722e-05
1760446800044,-3.93895e-05
1760450400060,-3.02813e-05
1760454000027,-3.5858e-05
1760457600021,-3.66674e-05
1760461200070,-3.06023e-05
1760464800036,-2.9667e-05
1760468400043,-3.30795e-05
1760472000090,-4.2433e-05
1760475600040,-4.8194e-05
1760479200030,-3.16846e-05
1760482800016,-2.66479e-05
1760486400106,-1.96862e-05
1760490000001,-1.85399e-05
1760493600048,-1.54248e-05
1760497200060,-9.2305e-06
1760500800092,-1.00901e-05
1760504400054,-2.97605e-05
1760508000025,-3.03619e-05
1760511600000,-2.40144e-05
1760515200090,-1.4641e-05
1760518800045,-1.06202e-05
1760522400038,-1.15066e-05
1760526000014,-1.33547e-05
1760529600071,-1.92742e-05
1760533200024,-1.38845e-05
1760536800088,-3.25882e-05
1760540400082,-4.03933e-05
1760544000002,-3.65987e-05
1760547600091,-3.5203e-05
1760551200014,-5.63056e-05
1760554800043,-6.50789e-05
1760558400048,-6.68856e-05
1760562000066,-5.91861e-05
1760565600068,-8.89214e-05
1760569200063,-0.000133965
1760572800003,-0.0001288548
1760576400006,-0.0001071867
1760580000024,-0.0001030753
1760583600057,-7.44901e-05
1760587200105,-4.99508e-05
1760590800050,-5.07849e-05
1760594400093,-5.20099e-05
1760598000001,-6.10813e-05
1760601600038,-6.05714e-05
1760605200082,-4.73293e-05
1760608800013,-3.32204e-05
1760612400020,-3.2172e-05
1760616000046,-2.40672e-05
1760619600058,1.0813e-06
1760623200059,5.5225e-06
1760626800000,-3.3727e-06
1760630400046,-1.88429e-05
1760634000067,-1.29628e-05
1760637600028,-1.81187e-05
1760641200035,-9.9199e-06
1760644800004,-6.7136e-06
1760648400058,-3.863e-06
1760652000015,-3.8648e-06
1760655600005,-1.37032e-05
1760659200017,-2.16606e-05
1760662800071,-2.01242e-05
1760666400052,-1.79943e-05
1760670000028,-8.4794e-06
1760673600012,-7.823e-06
1760677200047,-6.8373e-06
1760680800002,-2.2124e-06
1760684400082,1.0681e-06
1760688000040,9.421e-07
1760691600084,-9.4934e-06
1760695200049,-1.36113e-05
1760698800013,-1.80402e-05
1760702400077,-2.02636e-05
1760706000034,-2.60148e-05
1760709600009,-1.45357e-05
1760713200120,-6.0834e-06
1760716800040,-3.7351e-06
1760720400015,-5.83e-06
1760724000007,-1.13171e-05
1760727600019,-7.7155e-06
1760731200028,-1.89315e-05
1760734800016,-2.48902e-05
1760738400018,-2.25565e-05
1760742000049,-2.03731e-05
1760745600129,-1.11911e-05
1760749200018,-5.5767e-06
1760752800084,-7.9512e-06
1760756400037,-1.2002e-05
1760760000070,-5.0174e-06
1760763600106,-9.2827e-06
1760767200001,-6.3943e-06
1760770800089,-1.0013e-05
1760774400022,-2.72102e-05
1760778000003,-1.68065e-05
1760781600005,-1.29617e-05
1760785200034,-1.58473e-05
1760788800000,-1.30515e-05
1760792400017,-2.15756e-05
1760796000045,-2.46994e-05
1760799600069,-1.64733e-05
1760803200107,-9.2925e-06
1760806800041,-1.16256e-05
1760810400003,-9.0357e-06
1760814000020,-1.95784e-05
1760817600014,-1.62103e-05
1760821200056,-1.5604e-05
1760824800086,-1.27113e-05
1760828400018,-1.4123e-05
1760832000092,-1.50989e-05
1760835600033,-1.25122e-05
1760839200096,-1.00262e-05
1760842800108,8.316e-07
1760846400025,3.7556e-06
1760850000003,1.298e-06
1760853600048,-4.1925e-06
1760857200062,-1.6305e-06
1760860800041,-3.3148e-06
1760864400022,1.4098e-06
1760868000085,3.9877e-06
1760871600055,3.408e-06
1760875200055,-1.4365e-06
1760878800079,2.6933e-06
1760882400090,5.5011e-06
1760886000068,5.8708e-06
1760889600015,7.6009e-06
1760893200027,7.9662e-06
1760896800002,6.895e-06
1760900400081,8.9626e-06
1760904000001,2.2826e-06
1760907600000,8.6051e-06
1760911200051,4.1767e-06
1760914800023,5.1583e-06
1760918400001,-3.9426e-06
1760922000091,2.5866e-06
1760925600012,-1.302e-07
1760929200011,6.6456e-06
1760932800027,9.7646e-06
1760936400027,7.2819e-06
1760940000067,8.7888e-06
1760943600099,1.6001e-06
1760947200102,4.936e-06
1760950800121,9.6535e-06
1760954400031,5.38e-06
1760958000001,8.4484e-06
1760961600008,1.25e-05
1760965200016,1.25e-05
1760968800008,1.25e-05
1760972400038,8.1432e-06
1760976000065,7.2502e-06
1760979600004,9.9335e-06
1760983200050,7.6569e-06
1760986800049,3.757e-06
1760990400017,7.4367e-06
1760994000028,5.216e-06
1760997600031,2.961e-06
1761001200065,5.7939e-06
1761004800019,7.3483e-06
1761008400007,7.7302e-06
1761012000031,1.5939e-06
1761015600071,5.8454e-06
1761019200035,3.1848e-06
1761022800063,-2.9409e-06
1761026400008,-8.169e-06
1761030000118,-7.5717e-06
1761033600010,-8.3759e-06
1761037200003,-5.8051e-06
1761040800028,2.908e-07
1761044400076,-2.7487e-06
1761048000078,-1.03388e-05
1761051600030,-1.24721e-05
1761055200096,-8.3848e-06
1761058800047,2.3238e-06
1761062400042,1.6531e-06
1761066000058,5.7236e-06
1761069600016,4.5345e-06
1761073200080,1.25e-05
1761076800060,1.25e-05
1761080400019,1.25e-05
1761084000011,1.25e-05
1761087600060,6.5911e-06
1761091200025,-7.52e-08
1761094800050,-3.6049e-06
1761098400020,-5.9864e-06
1761102000081,-4.3943e-06
1761105600076,-1.5881e-06
1761109200035,-2.0283e-06
1761112800009,-4.2053e-06
1761116400071,-1.7484e-06
1761120000062,1.0076e-06
1761123600059,-2.0112e-06
1761127200074,-5.7342e-06
1761130800056,-8.596e-07
1761134400032,5.05e-08
1761138000031,-3.8184e-06
1761141600029,2.6031e-06
1761145200025,1.25e-05
1761148800036,1.25e-05
1761152400033,9.3251e-06
1761156000008,8.0563e-06
1761159600089,6.8061e-06
1761163200002,2.7158e-06
1761166800025,2.0477e-06
1761170400027,-3.872e-06
1761174000005,-8.5169e-06
1761177600009,-6.7324e-06
1761181200016,-9.8971e-06
1761184800031,-6.6684e-06
1761188400006,-2.0539e-06
1761192000069,-3.278e-06
1761195600027,-1.5658e-06
1761199200059,-1.523e-07
1761202800050,-1.744e-07
1761206400047,5.4717e-06
1761210000058,2.8449e-06
1761213600041,-1.14112e-05
1761217200009,1.2589e-06
1761220800003,3.4696e-06
1761224400028,3.1471e-06
1761228000017,4.4105e-06
1761231600071,4.0398e-06
1761235200077,5.519e-06
1761238800066,5.7136e-06
1761242400067,3.6009e-06
1761246000064,5.0138e-06
1761249600111,1.15508e-05
1761253200075,5.9528e-06
1761256800059,-1.8496e-06
1761260400061,-5.2927e-06
1761264000027,-3.262e-06
1761267600017,-4.1308e-06
1761271200037,-7.7805e-06
1761274800019,-4.2253e-06
1761278400025,-5.3812e-06
1761282000030,5.379e-07
1761285600025,2.3667e-06
1761289200071,6.3283e-06
1761292800077,3.8205e-06
1761296400061,8.431e-07
1761300000120,-4.9782e-06
1761303600104,-3.4885e-06
1761307200013,-2.511e-06
1761310800033,-8.314e-07
1761314400009,-5.825e-07
1761318000027,3.4951e-06
1761321600171,5.474e-07
1761325200036,7.36e-08
1761328800052,-2.7542e-06
1761332400043,2.352e-06
1761336000021,3.2564e-06
1761339600031,5.6466e-06
1761343200007,5.6457e-06
1761346800032,8.2444e-06
1761350400014,5.0163e-06
1761354000081,7.0218e-06
1761357600085,1.01847e-05
1761361200008,8.502e-06
1761364800066,9.7833e-06
1761368400028,9.1398e-06
1761372000036,1.25e-05
1761375600008,1.07272e-05
1761379200043,8.1199e-06
1761382800025,5.316e-07
1761386400021,-6.595e-07
1761390000057,-6.029e-07
1761393600047,7.8844e-06
1761397200046,1.03668e-05
1761400800058,7.7822e-06
1761404400016,8.9176e-06
1761408000041,6.658e-07
1761411600015,-3.0314e-06
1761415200027,-3.2682e-06
1761418800030,2.0008e-06
1761422400002,4.684e-06
1761426000073,3.1141e-06
1761429600055,4.5502e-06
1761433200044,6.192e-06
1761436800032,5.9411e-06
1761440400040,3.7e-08
1761444000006,-3.57e-06
1761447600063,-3.6452e-06
1761451200133,-3.0445e-06
1761454800021,-1.0855e-06
1761458400088,-1.876e-06
1761462000054,-2.0846e-06
1761465600009,-3.7491e-06
1761469200041,-1.4481e-06
1761472800028,4.977e-06
1761476400068,5.2483e-06
1761480000084,1.25e-05
1761483600054,1.25e-05
1761487200041,1.25e-05
1761490800079,1.25e-05
1761494400039,1.25e-05
1761498000074,1.25e-05
1761501600030,1.25e-05
1761505200059,1.18979e-05
1761508800056,8.9284e-06
1761512400033,1.06908e-05
1761516000019,1.10331e-05
1761519600009,1.25e-05
1761523200020,1.16546e-05
1761526800007,1.12523e-05
1761530400080,1.12015e-05
1761534000034,7.9491e-06
1761537600050,1.25e-05
1761541200056,1.25e-05
1761544800073,1.25e-05
1761548400002,1.25e-05
1761552000067,1.25e-05
1761555600016,1.02351e-05
1761559200082,1.08607e-05
1761562800067,3.8839e-06
1761566400052,8.0316e-06
1761570000132,6.6375e-06
1761573600028,7.8331e-06
1761577200090,8.5343e-06
1761580800054,1.04004e-05
1761584400078,8.6197e-06
1761588000053,9.4227e-06
1761591600055,1.04482e-05
1761595200077,5.2386e-06
1761598800065,2.3038e-06
1761602400010,-5.12e-08
1761606000071,-1.0406e-06
1761609600041,3.4102e-06
1761613200058,4.531e-07
1761616800012,4.677e-06
1761620400031,2.6581e-06
1761624000021,2.1204e-06
1761627600020,-1.4601e-06
1761631200053,-5.8265e-06
1761634800074,-2.7538e-06
1761638400069,-6.0975e-06
1761642000046,7.482e-07
1761645600036,-1.0469e-06
1761649200005,-2.8834e-06
1761652800001,-1.5594e-06
1761656400109,-2.879e-06
1761660000010,-5.756e-07
1761663600019,-2.2226e-06
1761667200046,-4.707e-07
1761670800059,-1.063e-06
1761674400091,1.8363e-06
1761678000102,-1.0056e-06
1761681600058,-6.0341e-06
1761685200077,-7.4871e-06
1761688800030,-2.2995e-06
1761692400042,-1.2202e-06
1761696000102,-2.6717e-06
1761699600042,-1.9264e-06
1761703200077,-1.1898e-06
1761706800042,-6.337e-06
1761710400036,-6.3742e-06
1761714000043,-6.3487e-06
1761717600006,-6.6149e-06
1761721200020,-5.8881e-06
1761724800053,-3.3422e-06
1761728400061,-8.05e-08
1761732000044,2.7664e-06
1761735600044,6.2371e-06
1761739200098,7.6916e-06
1761742800000,1.03103e-05
1761746400006,1.25e-05
1761750000035,3.0731e-06
1761753600064,7.624e-07
1761757200196,-7.1014e-06
1761760800117,-3.4072e-06
1761764400037,3.5875e-06
1761768000043,5.1698e-06
1761771600014,7.8125e-06
1761775200025,4.9087e-06
1761778800061,-5.748e-07
1761782400035,8.9482e-06
1761786000015,8.389e-06
1761789600037,5.7255e-06
1761793200041,1.25e-05
1761796800122,1.25e-05
1761800400021,1.3392e-06
1761804000021,1.6266e-06
1761807600062,-2.379e-06
1761811200024,5.239e-07
1761814800007,1.0854e-06
1761818400042,-1.2833e-06
1761822000045,-9.2759e-06
1761825600003,-8.266e-06
1761829200048,-1.31519e-05
1761832800048,-1.96765e-05
1761836400044,-1.12268e-05
1761840000037,-7.7353e-06
1761843600008,-1.94763e-05
1761847200032,-2.43126e-05
1761850800088,-2.12837e-05
1761854400034,-2.03308e-05
1761858000071,-1.87674e-05
1761861600092,-2.26162e-05
1761865200006,-2.30969e-05
1761868800006,-1.52907e-05
1761872400082,-1.82637e-05
1761876000068,-5.2793e-06
1761879600072,-7.6225e-06
1761883200038,-7.17e-06
1761886800105,5.074e-07
1761890400081,-1.3245e-06
1761894000066,-8.1692e-06
1761897600065,-4.9698e-06
1761901200071,-1.11134e-05
1761904800002,-9.563e-06
1761908400027,-8.2117e-06
1761912000145,-7.9997e-06
1761915600016,-1.19729e-05
1761919200066,-1.25839e-05
1761922800074,-1.08743e-05
1761926400068,-8.1392e-06
1761930000021,-1.28303e-05
1761933600067,-1.16248e-05
1761937200009,-1.25349e-05
1761940800030,-6.0531e-06
1761944400040,-4.4966e-06
1761948000089,-3.6295e-06
1761951600037,-3.2612e-06
1761955200078,-8.3613e-06
1761958800002,-9.6949e-06
1761962400000,-6.3056e-06
1761966000108,-6.1451e-06
1761969600053,-4.196e-07
1761973200085,-2.0071e-06
1761976800046,-3.322e-06
1761980400032,-1.05618e-05
1761984000039,-3.1382e-06
1761987600075,-1.17936e-05
1761991200010,-6.3963e-06
1761994800062,-7.4563e-06
1761998400072,-4.9448e-06
1762002000047,-8.454e-07
1762005600013,-5.6035e-06
1762009200106,-1.1298e-06
1762012800044,-1.7367e-06
1762016400100,-9.621e-07
1762020000005,2.2898e-06
1762023600116,-8.41e-08
1762027200002,2.4945e-06
1762030800008,-2.15e-07
1762034400031,-4.3244e-06
1762038000014,1.1886e-06
1762041600094,-1.4755e-06
1762045200000,-8.774e-07
1762048800052,-3.2878e-06
1762052400004,1.152e-06
1762056000012,-3.1093e-06
1762059600099,-4.6178e-06
1762063200007,-5.2067e-06
1762066800053,-3.436e-06
1762070400040,-3.1784e-06
1762074000053,5.239e-07
1762077600020,-3.2329e-06
1762081200019,-8.7561e-06
1762084800027,-1.2993e-06
1762088400003,2.0844e-06
1762092000057,-4.0767e-06
1762095600055,-6.319e-06
1762099200038,-9.5611e-06
1762102800043,-6.2898e-06
1762106400014,-1.9176e-06
1762110000050,-3.1301e-06
1762113600024,-5.3004e-06
1762117200063,-1.9861e-05
1762120800055,-6.9359e-06
1762124400127,-7.5931e-06
1762128000108,-8.5081e-06
1762131600005,-9.1144e-06
1762135200074,-6.6224e-06
1762138800048,-5.1586e-06
1762142400069,-1.85412e-05
1762146000062,-1.84521e-05
1762149600081,-2.65906e-05
1762153200041,-2.05933e-05
1762156800009,-1.74961e-05
1762160400014,-1.54105e-05
1762164000019,-1.72254e-05
1762167600065,-1.84882e-05
1762171200073,-2.20327e-05
1762174800022,-1.81705e-05
1762178400040,-9.7341e-06
1762182000059,-3.9105e-06
1762185600024,-1.36165e-05
1762189200019,-1.78865e-05
1762192800009,-1.77849e-05
1762196400094,-1.7801e-05
1762200000046,-1.50182e-05
1762203600000,-9.3791e-06
1762207200013,-9.108e-06
1762210800040,-5.0099e-06
1762214400009,-3.9742e-06
1762218000022,-4.4141e-06
1762221600049,-3.2937e-06
1762225200014,-6.1385e-06
1762228800074,4.336e-07
1762232400042,-3.9741e-06
1762236000054,-7.4159e-06
1762239600052,-3.2222e-06
1762243200064,-9.4853e-06
1762246800001,-9.7708e-06
1762250400042,-1.12753e-05
1762254000018,-4.4081e-06
1762257600053,-7.0219e-06
1762261200065,-1.07406e-05
1762264800077,-4.5655e-06
1762268400003,-6.878e-06
1762272000000,-2.8267e-06
1762275600006,-1.11145e-05
1762279200062,-1.48695e-05
1762282800079,-1.52694e-05
1762286400059,-6.5744e-06
1762290000034,1.25e-05
1762293600024,1.25e-05
1762297200105,1.25e-05
1762300800005,1.25e-05
1762304400045,1.25e-05
1762308000095,1.25e-05
1762311600037,1.25e-05
1762315200029,1.25e-05
1762318800020,1.25e-05
1762322400033,1.25e-05
1762326000044,1.25e-05
1762329600051,1.25e-05
1762333200029,1.25e-05
1762336800009,1.25e-05
1762340400001,1.25e-05
1762344000024,1.25e-05
1762347600088,1.25e-05
1762351200043,1.25e-05
1762354800072,1.25e-05
1762358400017,1.25e-05
1762362000026,1.25e-05
1762365600042,1.25e-05
1762369200000,1.25e-05
1762372800000,1.25e-05
1762376400095,1.25e-05
1762380000015,1.25e-05
1762383600000,1.25e-05
1762387200097,1.25e-05
1762390800003,1.25e-05
1762394400026,1.25e-05
1762398000007,1.25e-05
1762401600087,1.25e-05
1762405200131,1.25e-05
1762408800042,1.25e-05
1762412400071,1.25e-05
1762416000018,1.25e-05
1762419600140,1.25e-05
1762423200001,1.25e-05
1762426800102,1.25e-05
1762430400043,1.25e-05
1762434000022,1.25e-05
1762437600005,1.25e-05
1762441200021,1.25e-05
1762444800024,1.25e-05
1762448400081,1.25e-05
1762452000040,1.25e-05
1762455600042,1.25e-05
1762459200018,1.25e-05
1762462800048,1.25e-05
1762466400027,1.25e-05
1762470000047,1.25e-05
1762473600115,1.25e-05
1762477200033,1.25e-05
1762480800013,1.25e-05
1762484400014,1.25e-05
1762488000064,1.25e-05
1762491600056,1.25e-05
1762495200072,1.25e-05
1762498800016,1.25e-05
1762502400013,1.25e-05
1762506000038,1.25e-05
1762509600027,1.25e-05
1762513200002,1.25e-05
1762516800029,1.25e-05
1762520400135,1.25e-05
1762524000085,1.25e-05
1762527600034,1.25e-05
1762531200018,1.25e-05
1762534800021,1.25e-05
1762538400079,1.25e-05
1762542000010,1.25e-05
1762545600026,1.25e-05
1762549200021,1.25e-05
1762552800043,1.25e-05
1762556400141,1.25e-05
1762560000094,1.25e-05
1762563600067,1.25e-05
1762567200022,1.25e-05
1762570800023,1.25e-05
1762574400013,1.25e-05
1762578000085,1.25e-05
1762581600078,1.25e-05
1762585200036,1.25e-05
1762588800058,1.25e-05
1762592400085,1.25e-05
1762596000029,1.25e-05
1762599600034,1.25e-05
1762603200091,1.25e-05
1762606800036,1.25e-05
1762610400019,1.25e-05
1762614000056,1.25e-05
1762617600029,1.25e-05
1762621200024,1.25e-05
1762624800085,1.25e-05
1762628400082,1.25e-05
1762632000100,1.25e-05
1762635600090,1.25e-05
1762639200035,1.25e-05
1762642800043,1.25e-05
1762646400028,1.25e-05
1762650000002,1.25e-05
1762653600185,1.25e-05
1762657200067,1.25e-05
1762660800004,1.25e-05
1762664400022,1.25e-05
1762668000090,1.25e-05
1762671600058,1.25e-05
1762675200038,1.25e-05
1762678800012,1.25e-05
1762682400045,1.25e-05
1762686000046,1.25e-05
1762689600040,1.25e-05
1762693200061,1.25e-05
1762696800027,1.25e-05
1762700400050,1.25e-05
1762704000039,1.25e-05
1762707600109,1.25e-05
1762711200052,1.25e-05
1762714800066,1.25e-05
1762718400007,1.25e-05
1762722000092,1.25e-05
1762725600073,1.25e-05
1762729200047,1.25e-05
1762732800049,1.25e-05
1762736400000,1.25e-05
1762740000010,1.25e-05
1762743600055,1.25e-05
1762747200076,1.25e-05
1762750800075,1.25e-05
1762754400071,1.25e-05
1762758000051,1.25e-05
1762761600042,1.25e-05
1762765200026,1.25e-05
1762768800131,1.25e-05
1762772400024,1.25e-05
1762776000125,1.25e-05
1762779600057,1.25e-05
1762783200062,1.25e-05
1762786800004,1.25e-05
1762790400048,1.25e-05
1762794000036,1.25e-05
1762797600053,1.25e-05
1762801200043,1.25e-05
1762804800045,1.25e-05
1762808400074,1.25e-05
1762812000005,1.25e-05
1762815600001,1.25e-05
1762819200073,1.25e-05
1762822800054,1.25e-05
1762826400011,1.25e-05
1762830000076,1.25e-05
1762833600153,1.25e-05
1762837200043,1.25e-05
1762840800043,1.25e-05
1762844400040,1.25e-05
1762848000049,1.25e-05
1762851600026,1.25e-05
1762855200055,1.25e-05
1762858800060,1.25e-05
1762862400002,1.25e-05
1762866000058,1.25e-05
1762869600061,1.25e-05
1762873200027,1.25e-05
1762876800015,1.25e-05
1762880400073,1.25e-05
1762884000026,1.25e-05
1762887600016,1.25e-05
1762891200013,1.25e-05
1762894800050,1.25e-05
1762898400008,1.25e-05
1762902000015,1.25e-05
1762905600096,1.25e-05
1762909200040,1.25e-05
1762912800123,1.25e-05
1762916400006,1.25e-05
1762920000014,1.25e-05
1762923600084,1.25e-05
1762927200107,1.25e-05
1762930800073,1.25e-05
1762934400004,1.25e-05
1762938000040,1.25e-05
1762941600021,1.25e-05
1762945200044,1.25e-05
1762948800007,1.25e-05
1762952400063,1.25e-05
1762956000043,1.25e-05
1762959600019,1.25e-05
1762963200001,1.25e-05
1762966800045,1.25e-05
1762970400036,1.25e-05
1762974000032,1.25e-05
1762977600038,1.25e-05
1762981200057,1.25e-05
1762984800019,1.25e-05
1762988400045,1.25e-05
1762992000007,1.25e-05
1762995600079,1.25e-05
1762999200052,1.25e-05
1763002800067,1.25e-05
1763006400039,1.25e-05
1763010000072,1.25e-05
1763013600028,1.25e-05
1763017200014,1.25e-05
1763020800053,1.25e-05
1763024400007,1.25e-05
1763028000062,1.25e-05
1763031600092,1.25e-05
1763035200022,1.25e-05
1763038800024,1.25e-05
1763042400070,1.25e-05
1763046000014,1.25e-05
1763049600012,1.25e-05
1763053200042,1.25e-05
1763056800058,1.25e-05
1763060400062,1.25e-05
1763064000061,1.25e-05
1763067600046,1.15059e-05
1763071200013,1.25e-05
1763074800059,1.25e-05
1763078400130,1.25e-05
1763082000014,1.25e-05
1763085600069,1.25e-05
1763089200085,1.25e-05
1763092800024,1.25e-05
1763096400029,1.25e-05
1763100000096,1.25e-05
1763103600019,1.25e-05
1763107200098,1.25e-05
1763110800137,1.25e-05
1763114400036,1.25e-05
1763118000052,1.25e-05
1763121600046,1.25e-05
1763125200041,1.25e-05
1763128800034,1.25e-05
1763132400013,1.25e-05
1763136000014,1.25e-05
1763139600079,1.25e-05
1763143200020,1.25e-05
1763146800005,1.25e-05
1763150400054,1.25e-05
1763154000011,1.25e-05
1763157600091,1.25e-05
1763161200037,1.25e-05
1763164800028,1.25e-05
1763168400133,1.25e-05
1763172000009,1.25e-05
1763175600036,1.25e-05
1763179200065,1.25e-05
1763182800009,1.25e-05
1763186400014,1.25e-05
1763190000047,1.25e-05
1763193600089,1.25e-05
1763197200051,1.25e-05
1763200800102,1.25e-05
1763204400069,1.25e-05
1763208000005,1.25e-05
1763211600021,1.25e-05
1763215200091,1.25e-05
1763218800034,1.25e-05
1763222400015,1.25e-05
1763226000035,1.25e-05
1763229600023,1.25e-05
1763233200004,1.25e-05
1763236800052,1.25e-05
1763240400109,1.25e-05
1763244000042,1.25e-05
1763247600047,1.25e-05
1763251200002,1.25e-05
1763254800042,1.25e-05
1763258400028,1.25e-05
1763262000028,1.25e-05
1763265600042,1.25e-05
1763269200061,1.25e-05
1763272800020,1.25e-05
1763276400060,1.25e-05
1763280000087,1.25e-05
1763283600076,1.25e-05
1763287200068,1.25e-05
1763290800119,1.25e-05
1763294400087,1.25e-05
1763298000043,1.25e-05
1763301600073,1.25e-05
1763305200030,1.25e-05
1763308800012,1.25e-05
1763312400053,1.25e-05
1763316000003,1.25e-05
1763319600068,1.25e-05
1763323200033,1.25e-05
1763326800059,1.25e-05
1763330400007,1.17005e-05
1763334000049,1.25e-05
1763337600032,1.25e-05
1763341200020,1.25e-05
1763344800028,1.25e-05
1763348400050,1.25e-05
1763352000026,1.25e-05
1763355600122,1.25e-05
1763359200073,1.25e-05
1763362800069,1.25e-05
1763366400018,1.25e-05
1763370000061,1.25e-05
1763373600009,1.25e-05
1763377200051,1.25e-05
1763380800042,1.25e-05
1763384400062,1.25e-05
1763388000072,1.25e-05
1763391600017,1.25e-05
1763395200091,1.25e-05
1763398800031,1.25e-05
1763402400033,1.25e-05
1763406000029,1.25e-05
1763409600047,1.25e-05
1763413200069,1.25e-05
1763416800074,1.25e-05
1763420400045,1.25e-05
1763424000005,1.25e-05
1763427600008,1.17386e-05
1763431200088,1.25e-05
1763434800016,1.25e-05
1763438400090,1.25e-05
1763442000014,1.25e-05
1763445600071,1.25e-05
1763449200106,1.25e-05
1763452800038,1.25e-05
1763456400045,1.25e-05
1763460000075,1.25e-05
1763463600001,1.25e-05
1763467200035,1.25e-05
1763470800032,1.25e-05
1763474400037,1.25e-05
1763478000046,1.25e-05
1763481600046,1.25e-05
1763485200013,1.25e-05
1763488800026,1.25e-05
1763492400025,1.25e-05
1763496000006,1.25e-05
1763499600030,1.25e-05
1763503200011,1.25e-05
1763506800026,1.25e-05
1763510400026,1.25e-05
1763514000092,1.25e-05
1763517600049,1.25e-05
1763521200012,1.25e-05
1763524800054,1.25e-05
1763528400003,1.25e-05
1763532000026,1.25e-05
1763535600048,9.7664e-06
1763539200018,9.4015e-06
1763542800048,1.05524e-05
1763546400012,1.09309e-05
1763550000095,1.25e-05
1763553600026,1.25e-05
1763557200042,1.25e-05
1763560800002,1.25e-05
1763564400004,1.25e-05
1763568000036,1.25e-05
1763571600080,7.7904e-06
1763575200054,7.8356e-06
1763578800006,1.11711e-05
1763582400045,1.07227e-05
1763586000018,1.25e-05
1763589600034,1.25e-05
1763593200027,1.25e-05
1763596800071,1.25e-05
1763600400114,1.25e-05
1763604000030,1.25e-05
1763607600050,1.25e-05
1763611200005,1.25e-05
1763614800045,1.25e-05
1763618400003,1.25e-05
1763622000046,1.25e-05
1763625600000,1.25e-05
1763629200039,1.25e-05
1763632800112,1.25e-05
1763636400052,1.25e-05
1763640000004,1.25e-05
1763643600051,1.25e-05
1763647200045,1.25e-05
1763650800022,1.25e-05
1763654400039,1.25e-05
1763658000059,1.25e-05
1763661600035,1.25e-05
1763665200088,1.25e-05
1763668800054,1.25e-05
1763672400000,1.25e-05
1763676000129,1.25e-05
1763679600006,1.25e-05
1763683200037,1.25e-05
1763686800053,1.25e-05
1763690400169,1.25e-05
1763694000141,1.25e-05
1763697600006,1.25e-05
1763701200005,1.25e-05
1763704800054,1.25e-05
1763708400092,1.25e-05
1763712000103,8.7574e-06
1763715600003,-8.854e-07
1763719200007,4.1057e-06
1763722800009,1.25e-05
1763726400005,1.25e-05
1763730000102,1.25e-05
1763733600044,1.25e-05
1763737200047,1.25e-05
1763740800015,1.25e-05
1763744400023,1.25e-05
1763748000006,1.25e-05
1763751600093,1.25e-05
1763755200034,1.25e-05
1763758800031,7.0781e-06
1763762400066,1.25e-05
1763766000002,1.02774e-05
1763769600049,1.21591e-05
1763773200034,1.25e-05
1763776800035,1.25e-05
1763780400083,1.25e-05
1763784000070,1.25e-05
1763787600036,1.25e-05
1763791200033,8.02e-06
1763794800060,1.05038e-05
1763798400063,1.12406e-05
1763802000011,5.1589e-06
1763805600052,1.00321e-05
1763809200092,7.8122e-06
1763812800045,9.4528e-06
1763816400078,3.7656e-06
1763820000013,3.1937e-06
1763823600010,1.25e-05
1763827200011,1.25e-05
1763830800019,1.24503e-05
1763834400003,1.09336e-05
1763838000027,1.14268e-05
1763841600045,1.25e-05
1763845200055,1.21323e-05
1763848800053,1.05542e-05
1763852400085,1.25e-05
1763856000020,6.9116e-06
1763859600093,1.05358e-05
1763863200046,8.1842e-06
1763866800024,5.2855e-06
1763870400004,-4.8368e-06
1763874000012,-7.4986e-06
1763877600007,-1.4045e-06
1763881200051,-1.8347e-06
1763884800064,6.3418e-06
1763888400008,4.5322e-06
1763892000023,7.9194e-06
1763895600097,4.5889e-06
1763899200010,5.2179e-06
1763902800086,1.04319e-05
1763906400004,4.354e-06
1763910000040,1.1828e-06
1763913600021,4.9092e-06
1763917200005,3.5949e-06
1763920800020,6.031e-06
1763924400042,4.6961e-06
1763928000076,6.578e-06
1763931600083,4.038e-06
1763935200032,3.1897e-06
1763938800050,5.6717e-06
1763942400051,8.089e-06
1763946000030,8.8495e-06
1763949600067,4.4979e-06
1763953200010,9.6822e-06
1763956800034,8.8692e-06
1763960400042,3.7206e-06
1763964000036,3.4942e-06
1763967600028,-4.92e-07
1763971200025,2.2661e-06
1763974800049,-1.6811e-06
1763978400007,4.8317e-06
1763982000049,1.11861e-05
1763985600056,4.8524e-06
1763989200014,3.6091e-06
1763992800035,1.05831e-05
1763996400015,8.6989e-06
1764000000011,8.5308e-06
1764003600041,6.2804e-06
1764007200097,1.00009e-05
1764010800065,9.7624e-06
1764014400083,1.13821e-05
1764018000134,1.25e-05
1764021600018,1.11512e-05
1764025200013,1.02599e-05
1764028800027,8.6356e-06
1764032400029,1.23568e-05
1764036000065,1.08425e-05
1764039600062,1.16957e-05
1764043200057,1.25e-05
1764046800061,1.25e-05
1764050400056,1.21514e-05
1764054000004,1.19848e-05
1764057600000,1.25e-05
1764061200065,1.25e-05
1764064800014,1.25e-05
1764068400010,1.25e-05
1764072000055,8.7888e-06
1764075600083,5.392e-06
1764079200039,3.5478e-06
1764082800004,8.562e-06
1764086400060,1.25e-05
1764090000006,1.25e-05
1764093600054,1.25e-05
1764097200061,1.25e-05
1764100800015,9.1415e-06
1764104400012,1.25e-05
1764108000013,1.25e-05
1764111600092,1.25e-05
1764115200203,1.25e-05
1764118800056,1.25e-05
1764122400030,1.25e-05
1764126000063,1.25e-05
1764129600014,1.25e-05
1764133200044,1.25e-05
1764136800016,1.25e-05
1764140400022,1.25e-05
1764144000098,1.25e-05
1764147600091,1.25e-05
1764151200025,1.25e-05
1764154800023,9.5747e-06
1764158400100,1.25e-05
1764162000034,1.25e-05
1764165600047,1.25e-05
1764169200012,1.25e-05
1764172800062,1.25e-05
1764176400062,1.25e-05
1764180000073,1.25e-05
1764183600048,1.25e-05
1764187200065,1.25e-05
1764190800032,1.25e-05
1764194400029,1.25e-05
1764198000032,1.25e-05
1764201600024,1.25e-05
1764205200006,1.25e-05
1764208800090,9.1788e-06
1764212400036,1.25e-05
1764216000062,1.07921e-05
1764219600069,9.2745e-06
1764223200027,1.18435e-05
1764226800004,1.09346e-05
1764230400031,1.25e-05
1764234000030,1.00606e-05
1764237600037,9.8327e-06
1764241200006,1.23509e-05
1764244800056,6.9437e-06
1764248400129,8.3148e-06
1764252000083,1.02738e-05
1764255600013,7.8523e-06
1764259200038,7.8348e-06
1764262800030,7.8668e-06
1764266400008,7.1543e-06
1764270000043,9.4639e-06
1764273600031,7.6746e-06
1764277200068,8.3887e-06
1764280800021,1.08353e-05
1764284400015,1.25e-05
1764288000003,1.25e-05
1764291600096,6.1258e-06
1764295200007,4.6027e-06
1764298800026,3.852e-06
1764302400060,5.6577e-06
1764306000102,1.11358e-05
1764309600089,9.6764e-06
1764313200032,6.146e-06
1764316800007,7.0304e-06
1764320400007,4.6977e-06
1764324000046,2.5721e-06
1764327600039,3.851e-07
1764331200055,-4.9155e-06
1764334800037,-6.9439e-06
1764338400032,4.7435e-06
1764342000000,5.1133e-06
1764345600028,9.9038e-06
1764349200067,5.2554e-06
1764352800002,-1.062e-06
1764356400074,3.7958e-06
1764360000023,6.0771e-06
1764363600034,6.3041e-06
1764367200030,6.4519e-06
1764370800038,8.3572e-06
1764374400025,5.4162e-06
1764378000081,7.075e-06
1764381600015,9.0307e-06
1764385200061,6.6469e-06
1764388800003,8.1836e-06
1764392400146,6.3661e-06
1764396000061,4.0419e-06
1764399600067,6.8295e-06
1764403200067,7.966e-07
1764406800005,9.1985e-06
1764410400028,1.25e-05
1764414000053,1.25e-05
1764417600000,1.25e-05
1764421200051,1.25e-05
1764424800026,1.25e-05
1764428400007,1.25e-05
1764432000017,1.25e-05
1764435600109,7.0509e-06
1764439200004,6.0142e-06
1764442800022,9.4876e-06
1764446400051,8.9831e-06
1764450000028,1.12434e-05
1764453600035,1.25e-05
1764457200051,1.25e-05
1764460800082,1.01839e-05
1764464400030,9.7326e-06
1764468000075,8.5346e-06
1764471600044,5.3828e-06
1764475200090,7.1529e-06
1764478800004,6.3279e-06
1764482400004,3.3758e-06
1764486000045,5.0857e-06
1764489600065,7.5237e-06
1764493200051,8.512e-06
1764496800075,7.5748e-06
1764500400070,4.112e-06
1764504000054,-2.9903e-06
1764507600060,1.25e-05
1764511200007,1.25e-05
1764514800066,1.08369e-05
1764518400049,1.25e-05
1764522000046,1.25e-05
1764525600097,1.25e-05
1764529200015,9.9387e-06
1764532800096,9.2648e-06
1764536400035,1.07799e-05
1764540000056,1.2964e-06
1764543600008,7.005e-07
1764547200073,2.9949e-06
1764550800076,1.10635e-05
1764554400003,2.2528e-06
1764558000027,2.762e-06
1764561600028,4.5129e-06
1764565200048,3.3748e-06
1764568800029,3.3896e-06
1764572400034,-1.301e-07
1764576000014,6.4711e-06
1764579600010,8.405e-07
1764583200038,-2.1792e-06
1764586800036,-1.5623e-06
1764590400066,-9.463e-07
1764594000024,6.9018e-06
1764597600024,8.4427e-06
1764601200067,5.741e-06
1764604800069,1.111e-05
1764608400021,1.25e-05
1764612000060,1.25e-05
1764615600000,1.25e-05
1764619200070,1.15709e-05
1764622800006,4.8966e-06
1764626400103,5.0331e-06
1764630000062,7.4709e-06
1764633600052,7.0561e-06
1764637200062,1.02709e-05
1764640800027,1.13591e-05
1764644400060,1.11493e-05
1764648000023,1.25e-05
1764651600061,1.25e-05
1764655200036,1.1061e-05
1764658800001,9.1543e-06
1764662400104,7.1012e-06
1764666000038,1.10006e-05
1764669600047,9.1878e-06
1764673200037,7.6761e-06
1764676800092,7.7512e-06
1764680400029,5.5411e-06
1764684000078,7.8123e-06
1764687600070,9.5791e-06
1764691200048,1.25e-05
1764694800058,1.25e-05
1764698400022,1.25e-05
1764702000027,1.25e-05
1764705600007,1.25e-05
1764709200115,1.25e-05
1764712800050,1.25e-05
1764716400064,1.25e-05
1764720000098,1.25e-05
1764723600052,1.25e-05
1764727200028,1.25e-05
1764730800017,1.25e-05
1764734400010,1.25e-05
1764738000062,1.25e-05
1764741600007,1.25e-05
1764745200016,1.25e-05
1764748800016,1.25e-05
1764752400099,1.25e-05
1764756000051,1.25e-05
1764759600008,1.25e-05
1764763200008,1.25e-05
1764766800033,1.25e-05
1764770400068,1.25e-05
1764774000020,1.25e-05
1764777600116,1.25e-05
1764781200035,1.25e-05
1764784800043,1.25e-05
1764788400000,1.25e-05
1764792000036,1.25e-05
1764795600027,1.25e-05
1764799200024,1.25e-05
1764802800029,1.25e-05
1764806400032,1.25e-05
1764810000010,1.25e-05
1764813600079,1.04112e-05
1764817200010,9.6843e-06
1764820800038,1.02679e-05
1764824400064,1.11285e-05
1764828000059,1.16866e-05
1764831600011,1.24545e-05
1764835200049,1.17553e-05
1764838800085,1.25e-05
1764842400081,1.25e-05
1764846000050,1.25e-05
1764849600031,1.00052e-05
1764853200064,1.25e-05
1764856800041,1.25e-05
1764860400047,1.25e-05
1764864000010,1.25e-05
1764867600054,1.25e-05
1764871200008,1.25e-05
1764874800044,1.19694e-05
1764878400021,1.25e-05
1764882000078,1.25e-05
1764885600034,1.25e-05
1764889200015,1.25e-05
1764892800002,1.25e-05
1764896400035,1.25e-05
1764900000021,1.25e-05
1764903600048,1.25e-05
1764907200066,1.25e-05
1764910800044,1.25e-05
1764914400033,1.25e-05
1764918000050,1.23031e-05
1764921600032,1.19406e-05
1764925200019,1.11447e-05
1764928800035,9.3494e-06
1764932400077,1.25e-05
1764936000030,1.25e-05
1764939600062,1.25e-05
1764943200047,1.2494e-05
1764946800036,1.16923e-05
1764950400000,1.25e-05
1764954000026,1.15121e-05
1764957600054,3.6935e-06
1764961200086,-1.3796e-06
1764964800004,1.3015e-06
1764968400036,1.5029e-06
1764972000035,1.295e-06
1764975600012,-3.7774e-06
1764979200052,-7.659e-06
1764982800110,-5.7545e-06
1764986400011,-4.5366e-06
1764990000053,-2.0877e-06
1764993600025,-4.7275e-06
1764997200044,-3.6664e-06
1765000800010,-4.4977e-06
1765004400052,3.2528e-06
1765008000049,6.4197e-06
1765011600050,7.6081e-06
1765015200024,9.4428e-06
1765018800005,6.6946e-06
1765022400038,5.8876e-06
1765026000034,2.7032e-06
1765029600047,-1.465e-06
1765033200028,5.5164e-06
1765036800107,5.6445e-06
1765040400025,5.2726e-06
1765044000046,5.8399e-06
1765047600065,1.00374e-05
1765051200038,1.07314e-05
1765054800067,1.09432e-05
1765058400120,9.1897e-06
1765062000058,2.7856e-06
1765065600005,1.9411e-06
1765069200048,-2.5356e-06
1765072800012,-1.6197e-06
1765076400047,1.1993e-06
1765080000147,9.303e-07
1765083600081,3.75e-07
1765087200041,6.2678e-06
1765090800003,2.8672e-06
1765094400025,5.813e-07
1765098000033,2.2253e-06
1765101600096,2.277e-07
1765105200107,4.5508e-06
1765108800022,8.1016e-06
1765112400015,3.385e-06
1765116000007,5.127e-07
1765119600003,1.1461e-06
1765123200031,6.2739e-06
1765126800002,4.421e-06
1765130400040,6.5375e-06
1765134000096,4.3041e-06
1765137600036,-5.135e-07
1765141200009,2.5459e-06
1765144800031,5.2155e-06
1765148400067,5.143e-06
1765152000031,6.5172e-06
1765155600152,7.6829e-06
1765159200010,7.4286e-06
1765162800024,4.9325e-06
1765166400007,1.01365e-05
1765170000036,5.6819e-06
1765173600056,8.5001e-06
1765177200006,1.02134e-05
1765180800113,1.25e-05
1765184400062,1.25e-05
1765188000041,1.25e-05
1765191600085,1.25e-05
1765195200019,1.25e-05
1765198800077,1.25e-05
1765202400056,1.25e-05
1765206000011,1.25e-05
1765209600037,1.25e-05
1765213200037,1.25e-05
1765216800053,1.25e-05
1765220400047,1.25e-05
1765224000021,1.25e-05
1765227600150,1.25e-05
1765231200004,1.25e-05
1765234800059,1.25e-05
1765238400087,1.25e-05
1765242000022,1.25e-05
1765245600045,1.25e-05
1765249200064,1.25e-05
1765252800033,1.25e-05
1765256400043,8.2753e-06
1765260000001,1.04475e-05
1765263600090,1.00214e-05
1765267200041,1.16086e-05
1765270800045,1.18287e-05
1765274400025,1.25e-05
1765278000029,1.25e-05
1765281600077,1.21569e-05
1765285200052,8.9091e-06
1765288800043,1.25e-05
1765292400058,1.25e-05
1765296000007,1.25e-05
1765299600005,1.25e-05
1765303200021,1.25e-05
1765306800066,1.25e-05
1765310400008,1.25e-05
1765314000033,1.25e-05
1765317600103,1.25e-05
1765321200008,1.25e-05
1765324800013,1.25e-05
1765328400046,1.25e-05
1765332000101,1.25e-05
1765335600000,9.0691e-06
1765339200090,7.1235e-06
1765342800079,5.5171e-06
1765346400065,8.8276e-06
1765350000025,5.1062e-06
1765353600023,7.8184e-06
1765357200031,1.15016e-05
1765360800108,7.3141e-06
1765364400050,4.8215e-06
1765368000051,8.5521e-06
1765371600033,8.8936e-06
1765375200003,7.4327e-06
1765378800139,9.4952e-06
1765382400003,9.2976e-06
1765386000019,8.5448e-06
1765389600058,1.05077e-05
1765393200036,1.25e-05
1765396800105,1.25e-05
1765400400013,1.25e-05
1765404000057,1.22568e-05
1765407600000,6.8612e-06
1765411200043,5.4677e-06
1765414800002,4.4588e-06
1765418400017,3.0195e-06
1765422000029,-2.2074e-06
1765425600035,1.0299e-06
1765429200039,-5.8147e-06
1765432800044,-2.6956e-06
1765436400030,-2.1576e-06
1765440000002,-4.0931e-06
1765443600086,-4.2665e-06
1765447200017,-5.4323e-06
1765450800074,-6.5308e-06
1765454400085,-6.3399e-06
1765458000016,-5.5375e-06
1765461600053,-5.1469e-06
1765465200033,-2.4563e-06
1765468800037,-1.7096e-06
1765472400009,-7.1119e-06
1765476000065,-4.9889e-06
1765479600050,-2.8466e-06
1765483200102,5.5681e-06
1765486800008,6.1904e-06
1765490400002,1.25e-05
1765494000050,1.25e-05
1765497600018,1.23884e-05
1765501200171,1.25e-05
1765504800053,1.25e-05
1765508400087,8.4517e-06
1765512000006,1.00606e-05
1765515600009,8.1471e-06
1765519200066,9.0018e-06
1765522800063,1.25e-05
1765526400062,1.07649e-05
1765530000026,8.8456e-06
1765533600066,9.6459e-06
1765537200038,1.25e-05
1765540800034,1.25e-05
1765544400065,1.25e-05
1765548000016,7.9492e-06
1765551600036,7.5393e-06
1765555200063,6.488e-06
1765558800048,-1.23063e-05
1765562400100,-1.22248e-05
1765566000047,-1.1285e-05
1765569600061,-7.4221e-06
1765573200053,-6.4034e-06
1765576800043,-8.5935e-06
1765580400048,1.1676e-06
1765584000091,3.2077e-06
1765587600043,1.8643e-06
1765591200027,4.989e-07
1765594800090,2.8135e-06
1765598400011,6.4112e-06
1765602000068,4.8593e-06
1765605600030,7.9746e-06
1765609200002,4.5007e-06
1765612800054,8.7173e-06
1765616400047,5.9881e-06
1765620000009,5.5203e-06
1765623600027,5.8596e-06
1765627200024,2.2843e-06
1765630800079,7.42e-06
1765634400061,6.2286e-06
1765638000113,8.5861e-06
1765641600054,1.24718e-05
1765645200085,1.05083e-05
1765648800079,1.133e-05
1765652400003,9.6095e-06
1765656000137,1.00977e-05
1765659600031,1.25e-05
1765663200014,9.562e-06
1765666800022,5.1111e-06
1765670400071,8.013e-07
1765674000077,8.0223e-06
1765677600004,8.5753e-06
1765681200045,7.4237e-06
1765684800070,3.5201e-06
1765688400007,6.5106e-06
1765692000066,2.546e-07
1765695600048,-7.509e-07
1765699200098,2.5289e-06
1765702800052,2.5428e-06
1765706400041,-2.7008e-06
1765710000121,-1.8894e-06
1765713600014,-2.3919e-06
1765717200017,-5.5148e-06
1765720800060,6.575e-07
1765724400031,-5.618e-07
1765728000070,2.8232e-06
1765731600069,-1.4789e-06
1765735200047,-9.7027e-06
1765738800044,-1.66966e-05
1765742400047,-1.23448e-05
1765746000068,-1.66458e-05
1765749600087,-1.4278e-05
1765753200015,-8.806e-06
1765756800088,-5.8421e-06
1765760400010,-2.9863e-06
1765764000047,-3.3624e-06
1765767600076,3.3375e-06
1765771200021,2.5119e-06
1765774800059,4.8403e-06
1765778400047,4.5912e-06
1765782000042,3.6744e-06
1765785600082,-4.842e-07
1765789200059,2.665e-06
1765792800075,3.631e-06
1765796400123,6.3949e-06
1765800000009,6.4955e-06
1765803600004,1.25e-05
1765807200067,9.935e-06
1765810800001,1.24168e-05
1765814400063,-5.2784e-06
1765818000112,-7.051e-06
1765821600057,-6.2773e-06
1765825200060,-5.0021e-06
1765828800032,-1.22129e-05
1765832400059,-7.0203e-06
1765836000047,-1.28533e-05
1765839600069,-1.36758e-05
1765843200079,-1.25742e-05
1765846800072,-1.31314e-05
1765850400054,-7.8372e-06
1765854000051,-7.7362e-06
1765857600068,-3.7764e-06
1765861200036,-3.1005e-06
1765864800047,-5.3967e-06
1765868400012,-1.1068e-06
1765872000101,-9.7938e-06
1765875600077,-5.4747e-06
1765879200029,-5.3957e-06
1765882800055,-1.0856e-06
1765886400047,3.3511e-06
1765890000026,2.5323e-06
1765893600003,4.3018e-06
1765897200025,2.4804e-06
1765900800075,4.6981e-06
1765904400045,7.306e-07
1765908000063,-4.81e-07
1765911600014,5.844e-06
1765915200180,2.9734e-06
1765918800001,5.6713e-06
1765922400081,3.8936e-06
1765926000079,2.7945e-06
1765929600013,-1.439e-07
1765933200109,3.941e-07
1765936800088,7.7824e-06
1765940400065,6.6454e-06
1765944000020,9.1804e-06
1765947600122,8.9117e-06
1765951200024,1.03897e-05
1765954800010,7.3791e-06
1765958400022,3.1713e-06
1765962000055,5.0959e-06
1765965600016,3.3108e-06
1765969200072,4.6815e-06
1765972800021,1.25e-05
1765976400083,9.279e-06
1765980000018,1.07323e-05
1765983600040,1.23108e-05
1765987200034,1.18105e-05
1765990800038,-2.2913e-06
1765994400074,-1.60479e-05
1765998000014,-1.30062e-05
1766001600061,-1.55464e-05
1766005200032,-9.88e-06
1766008800073,-8.107e-06
1766012400000,-6.5231e-06
1766016000033,-1.01451e-05
1766019600079,-2.9041e-06
1766023200030,3.036e-07
1766026800055,1.3487e-06
1766030400029,-2.5553e-06
1766034000055,-5.0312e-06
1766037600044,-1.27534e-05
1766041200025,-8.8151e-06
1766044800050,-1.27608e-05
1766048400003,-9.788e-06
1766052000091,-1.20996e-05
1766055600056,-4.0595e-06
1766059200039,-5.7728e-06
1766062800003,6.35e-08
1766066400026,1.4593e-06
1766070000050,3.9656e-06
1766073600031,7.0353e-06
1766077200074,4.2256e-06
1766080800080,-1.164e-06
1766084400016,-1.16482e-05
1766088000077,-1.88173e-05
1766091600013,-2.19376e-05
1766095200073,-1.62164e-05
1766098800067,-9.7897e-06
1766102400067,-8.6421e-06
1766106000032,5.899e-07
1766109600061,-4.5294e-06
1766113200012,-2.026e-06
1766116800009,1.1626e-06
1766120400067,-1.3875e-06
1766124000047,-1.4506e-06
1766127600033,9.415e-07
1766131200054,3.1164e-06
1766134800013,4.0759e-06
1766138400046,4.1958e-06
1766142000006,6.4391e-06
1766145600061,7.9957e-06
1766149200006,7.6586e-06
1766152800026,9.3801e-06
1766156400126,1.25e-05
1766160000091,1.20277e-05
1766163600109,1.25e-05
1766167200025,1.19099e-05
1766170800014,1.25e-05
1766174400036,1.25e-05
1766178000021,1.25e-05
1766181600013,1.25e-05
1766185200045,1.25e-05
1766188800049,6.8241e-06
1766192400054,8.7508e-06
1766196000052,6.9081e-06
1766199600088,4.6025e-06
1766203200068,4.4215e-06
1766206800010,-2.489e-07
1766210400061,9.849e-07
1766214000016,1.8224e-06
1766217600027,1.497e-07
1766221200085,4.1025e-06
1766224800128,1.3331e-06
1766228400020,3.0157e-06
1766232000008,3.723e-06
1766235600029,8.986e-07
1766239200160,4.9361e-06
1766242800007,6.4067e-06
1766246400049,7.0508e-06
1766250000090,1.6876e-06
1766253600003,6.3821e-06
1766257200040,8.2925e-06
1766260800009,7.2535e-06
1766264400059,3.2266e-06
1766268000093,5.9648e-06
1766271600087,7.1082e-06
1766275200121,4.3124e-06
1766278800035,1.6333e-06
1766282400051,1.6087e-06
1766286000019,3.3967e-06
1766289600042,4.5097e-06
1766293200026,4.4417e-06
1766296800033,5.1727e-06
1766300400023,7.2108e-06
1766304000005,4.7664e-06
1766307600041,1.06568e-05
1766311200026,9.2879e-06
1766314800001,7.3744e-06
1766318400014,7.8807e-06
1766322000104,3.6353e-06
1766325600061,3.8351e-06
1766329200046,-8.319e-07
1766332800090,-1.53201e-05
1766336400081,-3.9876e-06
1766340000005,-6.7741e-06
1766343600103,-6.6003e-06
1766347200004,-9.0976e-06
1766350800091,-1.42419e-05
1766354400043,-1.3463e-05
1766358000179,-9.1218e-06
1766361600034,-5.2651e-06
1766365200030,-1.6358e-06
1766368800054,-4.3923e-06
1766372400057,-1.55379e-05
1766376000017,-7.0387e-06
1766379600041,-7.6783e-06
1766383200079,-8.0692e-06
1766386800012,-2.4533e-06
1766390400066,-4.0821e-06
1766394000042,-1.1921e-06
1766397600028,-3.4105e-06
1766401200073,-1.3087e-06
1766404800028,-2.9992e-06
1766408400031,-4.0683e-06
1766412000065,-3.0693e-06
1766415600012,2.4501e-06
1766419200031,6.5402e-06
1766422800050,4.8946e-06
1766426400030,5.0547e-06
1766430000006,9.6124e-06
1766433600046,1.2017e-06
1766437200000,1.9176e-06
1766440800036,-6.0347e-06
1766444400053,-5.0402e-06
1766448000002,-5.2203e-06
1766451600098,-2.9161e-06
1766455200053,-9.491e-07
1766458800060,3.6082e-06
1766462400059,2.2157e-06
1766466000066,-1.2269e-06
1766469600065,-7.041e-07
1766473200033,1.7328e-06
1766476800066,4.6739e-06
1766480400061,4.3945e-06
1766484000050,5.0002e-06
1766487600027,6.898e-06
1766491200062,7.775e-06
1766494800067,7.2882e-06
1766498400025,5.2378e-06
1766502000117,1.6783e-06
1766505600036,-3.9657e-06
1766509200118,1.3094e-06
1766512800008,4.4097e-06
1766516400021,-1.0687e-06
1766520000206,-7.117e-07
1766523600067,-9.371e-07
1766527200021,3.921e-07
1766530800051,-1.0055e-06
1766534400088,-5.0513e-06
1766538000030,-4.5068e-06
1766541600077,-1.1322e-06
1766545200005,-4.575e-06
1766548800045,-6.998e-06
1766552400039,-7.6655e-06
1766556000027,-9.9181e-06
1766559600010,-1.78052e-05
1766563200074,-1.18245e-05
1766566800035,-7.9678e-06
1766570400079,-7.8025e-06
1766574000034,-5.4367e-06
1766577600028,-5.9532e-06
1766581200012,-2.8416e-06
1766584800025,-3.5848e-06
1766588400087,-4.1634e-06
1766592000002,3.7832e-06
1766595600013,6.6954e-06
1766599200037,5.7711e-06
1766602800010,1.7987e-06
1766606400012,7.2183e-06
1766610000014,7.9467e-06
1766613600001,6.5845e-06
1766617200087,6.8527e-06
1766620800009,9.8846e-06
1766624400033,8.0374e-06
1766628000085,6.4905e-06
1766631600030,1.03678e-05
1766635200034,1.08177e-05
1766638800023,1.07642e-05
1766642400056,4.9988e-06
1766646000023,6.3137e-06
1766649600045,4.389e-06
1766653200041,1.7139e-06
1766656800018,-2.0409e-06
1766660400029,-2.0655e-06
1766664000064,-6.535e-06
1766667600067,-5.9164e-06
1766671200102,-5.6692e-06
1766674800042,-2.2111e-06
1766678400058,1.4685e-06
1766682000056,1.5196e-06
1766685600010,3.0725e-06
1766689200040,3.176e-06
1766692800060,3.6477e-06
1766696400080,4.9049e-06
1766700000003,-6.06e-08
1766703600019,-3.3926e-06
1766707200022,-6.211e-06
1766710800008,-7.5199e-06
1766714400062,-8.1732e-06
1766718000000,3.8984e-06
1766721600056,6.945e-07
1766725200092,4.558e-07
1766728800012,-1.07563e-05
1766732400039,-2.564e-06
1766736000040,-2.9061e-06
1766739600017,3.1271e-06
1766743200113,3.2216e-06
1766746800164,5.457e-07
1766750400040,1.067e-06
1766754000030,-1.3924e-06
1766757600015,-3.0227e-06
1766761200077,-6.5591e-06
1766764800036,-5.3014e-06
1766768400019,-8.1491e-06
1766772000088,-1.85315e-05
1766775600033,-1.53499e-05
1766779200045,-1.28389e-05
1766782800004,-9.7445e-06
1766786400040,-9.9333e-06
1766790000040,-4.0917e-06
1766793600023,-4.7821e-06
1766797200020,-2.706e-06
1766800800019,-5.8504e-06
1766804400083,-3.3308e-06
1766808000000,1.05025e-05
1766811600022,5.4524e-06
1766815200022,9.0914e-06
1766818800101,1.00127e-05
1766822400049,1.00419e-05
1766826000024,1.25e-05
1766829600051,9.0231e-06
1766833200058,9.4501e-06
1766836800048,1.08582e-05
1766840400049,1.20684e-05
1766844000129,1.14036e-05
1766847600130,1.13586e-05
1766851200019,9.5216e-06
1766854800106,8.1356e-06
1766858400021,6.2328e-06
1766862000007,5.9017e-06
1766865600057,1.0549e-06
1766869200027,4.7135e-06
1766872800034,5.3663e-06
1766876400018,9.8693e-06
1766880000072,1.25e-05
1766883600041,1.25e-05
1766887200027,1.25e-05
1766890800017,1.25e-05
1766894400024,1.25e-05
1766898000062,1.25e-05
1766901600060,1.25e-05
1766905200028,1.25e-05
1766908800040,1.25e-05
1766912400005,1.25e-05
1766916000074,1.05143e-05
1766919600057,1.25e-05
1766923200046,1.25e-05
1766926800095,1.25e-05
1766930400095,1.25e-05
1766934000109,1.25e-05
1766937600008,1.25e-05
1766941200074,1.25e-05
1766944800041,1.25e-05
1766948400019,1.25e-05
1766952000016,1.25e-05
1766955600047,7.2941e-06
1766959200072,7.1473e-06
1766962800045,9.6408e-06
1766966400132,1.14963e-05
1766970000082,1.25e-05
1766973600076,1.25e-05
1766977200049,1.25e-05
1766980800132,1.25e-05
1766984400006,1.25e-05
1766988000005,1.25e-05
1766991600018,1.25e-05
1766995200014,1.25e-05
1766998800030,1.25e-05
1767002400008,1.25e-05
1767006000098,1.07908e-05
1767009600026,7.3721e-06
1767013200001,2.6587e-06
1767016800028,2.7858e-06
1767020400031,1.8952e-06
1767024000014,3.5473e-06
1767027600019,2.2079e-06
1767031200031,5.8446e-06
1767034800026,-6.698e-07
1767038400055,1.4094e-06
1767042000006,-6.0008e-06
1767045600075,-3.9616e-06
1767049200040,-3.5004e-06
1767052800010,-2.8592e-06
1767056400049,-2.5197e-06
1767060000033,-4.7289e-06
1767063600041,-8.105e-07
1767067200063,3.3779e-06
1767070800069,1.7816e-06
1767074400067,-4.8798e-06
1767078000062,-4.8818e-06
1767081600028,6.414e-07
1767085200045,9.6432e-06
1767088800080,1.25e-05
1767092400054,1.25e-05
1767096000003,1.25e-05
1767099600121,1.25e-05
1767103200031,9.4256e-06
1767106800036,9.7673e-06
1767110400039,7.5404e-06
1767114000051,1.25e-05
1767117600071,1.25e-05
1767121200033,1.25e-05
1767124800120,8.0142e-06
1767128400041,1.956e-06
1767132000003,-8.4519e-06
1767135600047,-7.9508e-06
1767139200021,-2.6713e-06
1767142800022,-4.8267e-06
1767146400037,1.7636e-06
1767150000053,8.295e-07
1767153600057,-8.546e-07
1767157200011,-1.0343e-06
1767160800002,-6.609e-07
1767164400029,4.571e-07
1767168000063,-8.106e-07
1767171600019,3.5638e-06
1767175200002,2.2483e-06
1767178800050,5.603e-07
1767182400095,4.4344e-06
1767186000002,4.1944e-06
1767189600008,1.7639e-06
1767193200015,3.4407e-06
1767196800089,3.3931e-06
1767200400072,9.311e-07
1767204000050,-6.4068e-06
1767207600053,-7.806e-06
1767211200058,-8.0225e-06
1767214800043,-5.8921e-06
1767218400100,-1.35592e-05
1767222000093,-6.7199e-06
1767225600063,-6.7063e-06
1767229200053,-6.1477e-06
1767232800024,-5.0971e-06
1767236400012,-6.0033e-06
1767240000036,-6.5312e-06
1767243600040,-2.563e-06
1767247200053,2.1564e-06
1767250800011,3.9896e-06
1767254400045,8.7298e-06
1767258000098,1.19255e-05
1767261600010,1.25e-05
1767265200034,1.1371e-05
1767268800051,4.7503e-06
1767272400101,3.4817e-06
1767276000010,2.8877e-06
1767279600003,4.1845e-06
1767283200025,1.25e-05
1767286800034,1.25e-05
1767290400042,1.25e-05
1767294000029,1.25e-05
1767297600043,1.25e-05
1767301200069,1.25e-05
1767304800047,1.25e-05
1767308400023,1.25e-05
1767312000042,1.24012e-05
1767315600032,1.02831e-05
1767319200057,8.3513e-06
1767322800019,6.3368e-06
1767326400139,1.25e-05
1767330000110,1.25e-05
1767333600022,9.1245e-06
1767337200003,1.25e-05
1767340800081,9.1521e-06
1767344400003,1.25e-05
1767348000091,1.25e-05
1767351600048,1.25e-05
1767355200042,4.8903e-06
1767358800114,6.088e-06
1767362400009,1.02541e-05
1767366000105,1.25e-05
1767369600038,1.25e-05
1767373200047,1.25e-05
1767376800034,1.25e-05
1767380400026,1.25e-05
1767384000027,1.25e-05
1767387600000,1.25e-05
1767391200042,1.25e-05
1767394800022,1.25e-05
1767398400008,1.25e-05
1767402000018,1.25e-05
1767405600008,1.25e-05
1767409200074,1.25e-05
1767412800011,1.25e-05
1767416400006,1.25e-05
1767420000019,1.25e-05
1767423600004,1.25e-05
1767427200011,1.25e-05
1767430800067,1.25e-05
1767434400026,1.25e-05
1767438000060,1.25e-05
1767441600095,1.25e-05
1767445200083,1.25e-05
1767448800043,1.25e-05
1767452400072,1.25e-05
1767456000044,1.25e-05
1767459600083,1.25e-05
1767463200061,1.25e-05
1767466800032,1.25e-05
1767470400019,1.25e-05
1767474000128,1.25e-05
1767477600077,1.25e-05
1767481200046,1.25e-05
1767484800024,1.25e-05
1767488400010,1.25e-05
1767492000026,1.04096e-05
1767495600011,1.02248e-05
1767499200063,1.25e-05
1767502800060,1.25e-05
1767506400066,1.25e-05
1767510000031,1.25e-05
1767513600036,1.25e-05
1767517200001,1.25e-05
1767520800051,1.25e-05
1767524400051,1.25e-05
1767528000052,1.25e-05
1767531600062,1.25e-05
1767535200019,1.25e-05
1767538800078,1.25e-05
1767542400098,1.25e-05
1767546000020,1.25e-05
1767549600054,1.25e-05
1767553200024,1.25e-05
1767556800062,1.25e-05
1767560400000,1.25e-05
1767564000037,1.25e-05
1767567600111,1.25e-05
1767571200000,1.25e-05
1767574800014,1.25e-05
1767578400009,1.25e-05
1767582000010,1.25e-05
1767585600044,1.25e-05
1767589200042,1.25e-05
1767592800026,1.25e-05
1767596400067,1.25e-05
1767600000060,1.25e-05
1767603600043,1.25e-05
1767607200038,1.25e-05
1767610800040,1.25e-05
1767614400068,1.25e-05
1767618000054,1.25e-05
1767621600015,1.25e-05
1767625200020,1.25e-05
1767628800051,1.25e-05
1767632400085,1.25e-05
1767636000081,1.25e-05
1767639600056,1.25e-05
1767643200045,1.25e-05
1767646800022,1.25e-05
1767650400008,5.37239e-05
1767654000068,4.62268e-05
1767657600017,4.69762e-05
1767661200086,1.25e-05
1767664800073,1.25e-05
1767668400033,1.25e-05
1767672000036,1.25e-05
1767675600075,1.25e-05
1767679200013,1.25e-05
1767682800008,1.25e-05
1767686400066,1.25e-05
1767690000059,1.25e-05
1767693600012,1.25e-05
1767697200060,1.25e-05
1767700800017,1.25e-05
1767704400002,1.25e-05
1767708000046,1.25e-05
1767711600076,1.25e-05
1767715200036,1.25e-05
1767718800012,1.25e-05
1767722400001,1.25e-05
1767726000037,1.25e-05
1767729600018,1.25e-05
1767733200062,1.25e-05
1767736800005,1.25e-05
1767740400008,1.25e-05
1767744000119,1.25e-05
1767747600007,1.25e-05
1767751200010,1.25e-05
1767754800017,1.25e-05
1767758400033,1.25e-05
1767762000087,1.25e-05
1767765600009,1.25e-05
1767769200014,1.25e-05
1767772800062,1.25e-05
1767776400082,1.25e-05
1767780000029,1.25e-05
1767783600048,1.25e-05
1767787200096,1.25e-05
1767790800074,1.25e-05
1767794400040,1.25e-05
1767798000099,1.25e-05
1767801600081,2.66548e-05
1767805200013,3.25039e-05
1767808800014,1.63746e-05
1767812400055,1.25e-05
1767816000113,1.25e-05
1767819600117,1.25e-05
1767823200043,1.25e-05
1767826800090,1.25e-05
1767830400001,1.25e-05
1767834000035,1.25e-05
1767837600029,1.25e-05
1767841200014,1.25e-05
1767844800069,1.25e-05
1767848400155,1.25e-05
1767852000094,1.25e-05
1767855600010,1.25e-05
1767859200089,1.25e-05
1767862800077,1.25e-05
1767866400037,1.25e-05
1767870000015,1.25e-05
1767873600137,1.25e-05
1767877200040,1.25e-05
1767880800000,1.25e-05
1767884400106,1.25e-05
1767888000063,1.25e-05
1767891600004,1.25e-05
1767895200008,1.25e-05
1767898800013,1.25e-05
1767902400098,1.70491e-05
1767906000116,1.25e-05
1767909600008,1.25e-05
1767913200085,1.25e-05
1767916800020,1.25e-05
1767920400016,1.25e-05
1767924000063,1.25e-05
1767927600059,1.25e-05
1767931200100,1.25e-05
1767934800158,1.25e-05
1767938400046,1.25e-05
1767942000012,1.25e-05
1767945600028,1.25e-05
1767949200072,1.25e-05
1767952800077,1.25e-05
1767956400050,1.25e-05
1767960000041,1.25e-05
1767963600005,1.25e-05
1767967200032,1.25e-05
1767970800042,1.25e-05
1767974400002,1.25e-05
1767978000004,1.25e-05
1767981600018,1.25e-05
1767985200042,1.25e-05
1767988800065,1.25e-05
1767992400000,1.25e-05
1767996000018,1.25e-05
1767999600025,1.25e-05
1768003200103,1.25e-05
1768006800110,1.25e-05
1768010400064,1.25e-05
1768014000039,1.25e-05
1768017600085,1.25e-05
1768021200065,1.25e-05
1768024800034,1.25e-05
1768028400035,1.25e-05
1768032000072,1.25e-05
1768035600033,1.25e-05
1768039200024,1.25e-05
1768042800060,1.25e-05
1768046400034,1.25e-05
1768050000030,1.25e-05
1768053600051,1.25e-05
1768057200017,1.25e-05
1768060800003,1.25e-05
1768064400066,1.25e-05
1768068000054,1.25e-05
1768071600025,1.25e-05
1768075200081,1.25e-05
1768078800083,1.25e-05
1768082400025,1.25e-05
1768086000047,1.25e-05
1768089600007,1.25e-05
1768093200046,1.25e-05
1768096800078,1.25e-05
1768100400099,1.34821e-05
1768104000011,1.39371e-05
1768107600012,1.25e-05
1768111200038,1.57888e-05
1768114800049,1.96138e-05
1768118400066,1.99878e-05
1768122000045,1.53013e-05
1768125600103,1.58543e-05
1768129200105,1.74615e-05
1768132800018,1.51542e-05
1768136400035,1.25e-05
1768140000034,1.25e-05
1768143600124,1.25e-05
1768147200122,1.25e-05
1768150800061,1.25e-05
1768154400004,1.25e-05
1768158000023,1.25e-05
1768161600002,1.25e-05
1768165200010,1.25e-05
1768168800083,1.25e-05
1768172400127,1.25e-05
1768176000053,1.25e-05
1768179600080,1.25e-05
1768183200090,1.25e-05
1768186800016,1.25e-05
1768190400021,1.25e-05
1768194000027,1.25e-05
1768197600025,1.25e-05
1768201200061,1.25e-05
1768204800053,1.25e-05
1768208400088,1.25e-05
1768212000042,1.25e-05
1768215600003,1.25e-05
1768219200088,1.25e-05
1768222800053,1.25e-05
1768226400107,1.25e-05
1768230000059,1.25e-05
1768233600040,1.25e-05
1768237200086,1.25e-05
1768240800057,1.25e-05
1768244400008,1.25e-05
1768248000098,1.25e-05
1768251600078,1.25e-05
1768255200075,1.25e-05
1768258800024,1.25e-05
1768262400109,1.25e-05
1768266000121,1.25e-05
1768269600017,1.25e-05
1768273200043,1.25e-05
1768276800068,1.25e-05
1768280400079,1.25e-05
1768284000029,1.25e-05
1768287600089,1.25e-05
1768291200032,1.25e-05
1768294800003,1.25e-05
1768298400232,1.25e-05
1768302000011,1.25e-05
1768305600032,1.25e-05
1768309200083,1.25e-05
1768312800043,1.25e-05
1768316400051,1.25e-05
1768320000100,1.25e-05
1768323600039,1.25e-05
1768327200042,1.25e-05
1768330800031,1.25e-05
1768334400005,1.25e-05
1768338000017,1.25e-05
1768341600000,1.25e-05
1768345200037,1.25e-05
1768348800057,1.25e-05
1768352400019,1.25e-05
1768356000050,1.25e-05
1768359600053,1.25e-05
1768363200063,1.25e-05
1768366800023,1.25e-05
1768370400066,1.25e-05
1768374000099,1.25e-05
1768377600062,1.25e-05
1768381200051,1.25e-05
1768384800015,1.25e-05
1768388400000,1.25e-05
1768392000043,1.25e-05
1768395600040,1.25e-05
1768399200084,1.25e-05
1768402800001,1.25e-05
1768406400013,1.25e-05
1768410000085,1.25e-05
1768413600113,1.25e-05
1768417200071,1.25e-05
1768420800090,1.25e-05
1768424400039,1.25e-05
1768428000018,1.25e-05
1768431600024,1.25e-05
1768435200028,1.25e-05
1768438800004,1.25e-05
1768442400052,1.25e-05
1768446000019,1.25e-05
1768449600018,1.25e-05
1768453200081,1.25e-05
1768456800021,1.25e-05
1768460400057,1.25e-05
1768464000029,1.25e-05
1768467600023,1.25e-05
1768471200082,1.25e-05
1768474800076,1.25e-05
1768478400028,1.25e-05
1768482000044,1.25e-05
1768485600054,1.25e-05
1768489200001,1.25e-05
1768492800020,1.25e-05
1768496400067,1.25e-05
1768500000062,1.25e-05
1768503600003,1.25e-05
1768507200057,1.25e-05
1768510800062,1.25e-05
1768514400033,1.25e-05
1768518000000,1.25e-05
1768521600092,1.25e-05
1768525200045,1.25e-05
1768528800007,1.25e-05
1768532400044,1.25e-05
1768536000096,1.25e-05
1768539600028,1.25e-05
1768543200013,1.25e-05
1768546800059,1.25e-05
1768550400044,1.25e-05
1768554000013,1.25e-05
1768557600073,1.25e-05
1768561200003,1.25e-05
1768564800005,1.25e-05
1768568400060,1.25e-05
1768572000084,1.25e-05
1768575600051,1.25e-05
1768579200040,1.25e-05
1768582800051,1.25e-05
1768586400045,1.25e-05
1768590000147,1.25e-05
1768593600078,1.25e-05
1768597200092,1.25e-05
1768600800120,1.25e-05
1768604400021,1.25e-05
1768608000037,1.25e-05
1768611600055,1.25e-05
1768615200090,1.25e-05
1768618800036,1.25e-05
1768622400003,1.25e-05
1768626000027,1.25e-05
1768629600104,1.25e-05
1768633200005,1.25e-05
1768636800022,1.25e-05
1768640400004,1.25e-05
1768644000039,1.25e-05
1768647600095,1.25e-05
1768651200021,1.25e-05
1768654800089,1.25e-05
1768658400030,1.25e-05
1768662000010,1.25e-05
1768665600102,1.25e-05
1768669200010,1.25e-05
1768672800066,1.25e-05
1768676400038,1.25e-05
1768680000073,1.25e-05
1768683600017,1.25e-05
1768687200036,1.25e-05
1768690800100,1.25e-05
1768694400017,1.25e-05
1768698000117,1.25e-05
1768701600061,1.25e-05
1768705200047,1.25e-05
1768708800062,1.25e-05
1768712400034,1.25e-05
1768716000066,1.25e-05
1768719600063,1.25e-05
1768723200106,1.25e-05
1768726800110,1.25e-05
1768730400047,1.25e-05
1768734000085,1.25e-05
1768737600016,1.25e-05
1768741200054,1.25e-05
1768744800035,1.25e-05
1768748400030,1.25e-05
1768752000021,1.25e-05
1768755600040,1.25e-05
1768759200067,1.25e-05
1768762800018,1.25e-05
1768766400055,1.25e-05
1768770000024,1.25e-05
1768773600042,1.25e-05
1768777200113,1.25e-05
1768780800034,1.25e-05
1768784400098,1.25e-05
1768788000001,1.25e-05
1768791600009,1.25e-05
1768795200051,1.25e-05
1768798800000,1.25e-05
1768802400033,1.25e-05
1768806000014,1.25e-05
1768809600026,1.25e-05
1768813200012,1.25e-05
1768816800012,1.25e-05
1768820400094,1.25e-05
1768824000000,1.25e-05
1768827600041,1.25e-05
1768831200040,1.25e-05
1768834800049,1.25e-05
1768838400056,1.25e-05
1768842000011,1.25e-05
1768845600005,1.25e-05
1768849200012,1.25e-05
1768852800025,1.02938e-05
1768856400079,7.2019e-06
1768860000033,5.0104e-06
1768863600040,6.1384e-06
1768867200007,7.5332e-06
1768870800011,1.16051e-05
1768874400057,1.25e-05
1768878000001,1.25e-05
1768881600167,1.25e-05
1768885200112,1.25e-05
1768888800064,1.25e-05
1768892400110,1.25e-05
1768896000010,1.25e-05
1768899600079,1.25e-05
1768903200046,1.25e-05
1768906800018,4.9818e-06
1768910400064,-3.4039e-06
1768914000054,-4.7879e-06
1768917600109,-1.2192e-05
1768921200061,-7.3892e-06
1768924800047,-1.5298e-06
1768928400034,-3.2958e-06
1768932000037,3.3232e-06
1768935600028,5.664e-07
1768939200020,2.8069e-06
1768942800025,-1.298e-07
1768946400005,-1.06104e-05
1768950000015,-5.1993e-06
1768953600063,1.129e-07
1768957200039,3.0453e-06
1768960800038,1.0143e-06
1768964400143,1.149e-06
1768968000034,-1.6456e-06
1768971600057,-1.7992e-06
1768975200014,4.2774e-06
1768978800016,1.9744e-06
1768982400028,5.5673e-06
1768986000046,8.9709e-06
1768989600018,9.2348e-06
1768993200027,7.7586e-06
1768996800031,1.07439e-05
1769000400094,4.1136e-06
1769004000007,6.2874e-06
1769007600012,1.25e-05
1769011200016,8.5277e-06
1769014800079,1.2564e-06
1769018400006,5.2058e-06
1769022000021,7.8087e-06
1769025600017,1.25e-05
1769029200045,1.25e-05
1769032800093,1.25e-05
1769036400012,1.19342e-05
1769040000068,6.6293e-06
1769043600076,2.6818e-06
1769047200069,6.2956e-06
1769050800112,8.2171e-06
1769054400005,1.04047e-05
1769058000033,1.25e-05
1769061600029,1.25e-05
1769065200022,1.25e-05
1769068800084,1.25e-05
1769072400040,1.25e-05
1769076000057,1.25e-05
1769079600047,1.25e-05
1769083200063,1.25e-05
1769086800020,1.25e-05
1769090400092,1.2264e-05
1769094000007,1.11484e-05
1769097600083,6.9353e-06
1769101200035,9.0752e-06
1769104800004,1.25e-05
1769108400016,1.25e-05
1769112000017,1.25e-05
1769115600096,1.25e-05
1769119200013,1.03167e-05
1769122800019,6.5062e-06
1769126400009,-4.9285e-06
1769130000034,-2.23e-08
1769133600028,-3.1797e-06
1769137200122,-1.7476e-06
1769140800017,-1.1036e-06
1769144400154,2.5455e-06
1769148000112,3.6524e-06
1769151600066,8.5398e-06
1769155200100,2.4791e-06
1769158800005,-3.973e-07
1769162400058,4.9431e-06
1769166000030,5.8765e-06
1769169600029,5.2987e-06
1769173200018,4.6755e-06
1769176800013,5.3121e-06
1769180400048,-5.1628e-06
1769184000010,-4.754e-06
1769187600061,2.8982e-06
1769191200037,9.1617e-06
1769194800047,1.22982e-05
1769198400055,8.1125e-06
1769202000085,2.9621e-06
1769205600039,4.4353e-06
1769209200085,4.7828e-06
1769212800017,9.471e-07
1769216400061,2.2765e-06
1769220000093,4.009e-07
1769223600032,-2.7693e-06
1769227200067,-2.8916e-06
1769230800043,-1.6393e-06
1769234400032,3.331e-07
1769238000003,4.997e-07
1769241600030,-4.094e-07
1769245200058,9.3566e-06
1769248800112,8.1973e-06
1769252400027,4.4143e-06
1769256000100,3.5459e-06
1769259600080,4.5543e-06
1769263200016,5.6224e-06
1769266800060,6.2795e-06
1769270400092,-2.8239e-06
1769274000040,1.0949e-06
1769277600011,6.095e-07
1769281200036,2.4701e-06
1769284800028,4.9851e-06
1769288400012,3.4916e-06
1769292000056,8.7e-09
1769295600017,2.7005e-06
1769299200006,5.272e-07
1769302800021,2.439e-06
1769306400135,-6.0507e-06
1769310000054,-1.10998e-05
1769313600109,-9.8376e-06
1769317200110,-8.6746e-06
1769320800117,-8.2057e-06
1769324400059,-8.392e-06
1769328000042,-1.23575e-05
1769331600055,-1.20616e-05
1769335200045,-9.7273e-06
1769338800011,-2.6014e-06
1769342400029,-2.5073e-06
1769346000065,-5.5357e-06
1769349600031,1.5843e-06
1769353200075,-7.2182e-06
1769356800012,-9.9513e-06
1769360400013,-7.9537e-06
1769364000020,-1.4982e-06
1769367600010,-3.9378e-06
1769371200016,-9.7629e-06
1769374800021,-7.29727e-05
1769378400063,-7.61538e-05
1769382000127,-6.07229e-05
1769385600127,-4.72495e-05
1769389200001,-4.52087e-05
1769392800026,-2.93697e-05
1769396400059,-2.78959e-05
1769400000056,-1.46899e-05
1769403600020,-6.159e-06
1769407200101,-4.9616e-06
1769410800055,-6.726e-06
1769414400040,-6.21e-06
1769418000056,-6.7342e-06
1769421600060,-5.9958e-06
1769425200055,-7.0705e-06
1769428800081,-1.3882e-05
1769432400000,-1.05593e-05
1769436000050,-7.101e-06
1769439600064,-7.7592e-06
1769443200006,-1.04035e-05
1769446800012,-1.08407e-05
1769450400010,-1.03803e-05
1769454000045,-1.11226e-05
1769457600034,-1.28816e-05
1769461200094,-1.09356e-05
1769464800049,-1.13623e-05
1769468400079,-1.0013e-05
1769472000085,-1.46228e-05
1769475600073,-1.57489e-05
1769479200052,-1.28865e-05
1769482800012,-7.3489e-06
1769486400017,-8.0622e-06
1769490000023,-8.1108e-06
1769493600000,-8.8771e-06
1769497200049,-1.0355e-05
1769500800092,-1.08932e-05
1769504400020,-1.3558e-05
1769508000056,-1.23011e-05
1769511600003,-1.02612e-05
1769515200051,-9.7976e-06
1769518800006,-1.20458e-05
1769522400041,-1.02195e-05
1769526000074,-5.1206e-06
1769529600103,-2.8705e-06
1769533200024,-7.4222e-06
1769536800011,-6.7641e-06
1769540400027,-2.7193e-06
1769544000082,-1.4349e-06
1769547600015,-1.2957e-06
1769551200042,-5.5455e-06
1769554800015,-6.3467e-06
1769558400090,-2.4059e-06
1769562000024,-2.1646e-06
1769565600053,-2.5827e-06
1769569200047,1.6314e-06
1769572800114,4.485e-07
1769576400046,-4.122e-07
1769580000127,-2.5533e-06
1769583600070,-2.8195e-06
1769587200044,-3.3643e-06
1769590800042,-2.8863e-06
1769594400038,5.3976e-06
1769598000016,-9.11e-08
1769601600051,4.0444e-06
1769605200094,2.4723e-06
1769608800054,1.6989e-06
1769612400003,3.518e-07
1769616000022,-2.7563e-06
1769619600048,-3.6967e-06
1769623200020,-9.6057e-06
1769626800072,-5.8718e-06
1769630400063,4.2303e-06
1769634000108,5.658e-06
1769637600010,6.7256e-06
1769641200022,6.859e-07
1769644800027,-6.7e-08
1769648400021,3.815e-07
1769652000049,-6.7787e-06
1769655600013,-1.36037e-05
1769659200038,-9.8005e-06
1769662800051,-1.41529e-05
1769666400048,-1.30287e-05
1769670000087,-1.22828e-05
1769673600047,-1.01555e-05
1769677200026,-9.9848e-06
1769680800066,-2.10868e-05
1769684400051,-1.26086e-05
1769688000000,-6.5789e-06
1769691600120,-8.6781e-06
1769695200011,-7.691e-06
1769698800016,-9.1313e-06
1769702400059,-2.07475e-05
1769706000082,-1.83787e-05
1769709600099,-2.14534e-05
1769713200054,-2.51057e-05
1769716800035,-3.09337e-05
1769720400049,-2.6126e-05
1769724000059,-2.7735e-05
1769727600037,-3.06127e-05
1769731200022,-3.55742e-05
1769734800010,-2.85442e-05
1769738400075,-2.19638e-05
1769742000038,-2.57585e-05
1769745600028,-2.68746e-05
1769749200053,-2.46304e-05
1769752800084,-2.51199e-05
1769756400117,-1.96244e-05
1769760000018,-1.30077e-05
1769763600103,-9.4483e-06
1769767200049,-1.04643e-05
1769770800108,-6.816e-06
1769774400036,-3.7249e-06
1769778000025,-5.8875e-06
1769781600033,-6.1324e-06
1769785200008,-5.7636e-06
1769788800054,-1.42974e-05
1769792400105,-1.15704e-05
1769796000037,-1.31602e-05
1769799600042,-5.8774e-06
1769803200041,-6.3843e-06
1769806800006,-8.8286e-06
1769810400001,-2.4774e-06
1769814000031,-1.7074e-06
1769817600171,-2.978e-06
1769821200100,-6.0635e-06
1769824800068,-5.855e-06
1769828400097,-5.0949e-06
1769832000012,-7.9982e-06
1769835600026,-7.199e-06
1769839200002,-7.3214e-06
1769842800010,-2.3141e-06
1769846400049,-3.866e-06
1769850000076,1.5548e-06
1769853600022,-6.6568e-06
1769857200050,-1.48228e-05
1769860800105,-1.35312e-05
1769864400035,-1.88947e-05
1769868000027,-1.26729e-05
1769871600033,-1.66463e-05
1769875200091,-2.27537e-05
1769878800030,-2.14648e-05
1769882400057,-2.62954e-05
1769886000118,-3.17669e-05
1769889600081,-4.13334e-05
1769893200058,-3.64767e-05
1769896800056,-2.91771e-05
1769900400088,-3.80435e-05
1769904000016,-2.90607e-05
1769907600017,-2.11045e-05
1769911200052,-2.25789e-05
1769914800047,-2.03906e-05
1769918400091,-2.0112e-05
1769922000008,-1.97716e-05
1769925600029,-1.92484e-05
1769929200060,-1.61895e-05
1769932800056,-1.46186e-05
1769936400000,-1.14135e-05
1769940000092,-1.25093e-05
1769943600017,-1.26151e-05
1769947200097,-5.6181e-06
1769950800026,-7.2389e-06
1769954400096,-8.6364e-06
1769958000019,-4.4672e-06
1769961600034,-4.6214e-06
1769965200041,-6.2582e-06
1769968800062,-8.356e-06
1769972400042,-1.28993e-05
1769976000067,-1.24955e-05
1769979600104,-1.36268e-05
1769983200015,-1.24921e-05
1769986800006,-1.11738e-05
1769990400059,-2.9413e-06
1769994000038,-2.5555e-06
1769997600017,-1.2416e-06
1770001200062,-4.4238e-06
1770004800064,-9.0418e-06
1770008400106,7e-08
1770012000074,-9.1945e-06
1770015600020,-2.3827e-06
1770019200007,-6.0727e-06
1770022800043,-3.9598e-06
1770026400084,-2.1944e-06
1770030000047,-6.6908e-06
1770033600061,-1.20601e-05
1770037200088,-1.7269e-05
1770040800065,-1.1741e-05
1770044400070,-7.876e-07
1770048000041,-3.2403e-06
1770051600065,-8.5179e-06
1770055200066,-9.2689e-06
1770058800004,-6.685e-06
1770062400023,-6.0537e-06
1770066000014,-6.9565e-06
1770069600099,-8.313e-06
1770073200055,-1.84088e-05
1770076800013,-1.86434e-05
1770080400015,-1.38821e-05
1770084000012,-1.4661e-05
1770087600032,-1.1974e-05
1770091200038,-3.2597e-06
1770094800029,1.899e-07
1770098400000,-1.20165e-05
1770102000068,-2.70925e-05
1770105600057,-2.06108e-05
1770109200079,-2.10731e-05
1770112800022,-2.31409e-05
1770116400065,-2.42654e-05
1770120000118,-2.21356e-05
1770123600065,-1.45648e-05
1770127200040,-1.69916e-05
1770130800025,-1.89269e-05
1770134400059,-4.9311e-06
1770138000001,-4.4231e-06
1770141600015,-5.2673e-06
1770145200059,-1.5765e-06
1770148800049,1.3403e-06
1770152400031,8.8953e-06
1770156000004,1.23299e-05
1770159600056,-3.3658e-06
1770163200018,-1.3388e-06
1770166800045,-2.9479e-06
1770170400022,-1.9648e-06
1770174000032,-5.6556e-06
1770177600004,1.10445e-05
1770181200055,1.032e-05
1770184800042,1.00578e-05
1770188400016,1.25e-05
1770192000027,1.25e-05
1770195600003,1.25e-05
1770199200081,1.25e-05
1770202800016,1.25e-05
1770206400120,1.08176e-05
1770210000025,1.25e-05
1770213600004,1.23976e-05
1770217200071,1.323e-07
1770220800007,-6.4285e-06
1770224400105,6.878e-07
1770228000058,-7.33e-08
1770231600028,-3.971e-07
1770235200001,2.2043e-06
1770238800072,8.0542e-06
1770242400051,1.25e-05
1770246000022,1.00026e-05
1770249600003,9.5484e-06
1770253200010,9.8626e-06
1770256800097,1.25e-05
1770260400011,1.25e-05
1770264000032,1.25e-05
1770267600057,1.25e-05
1770271200038,1.25e-05
1770274800008,1.25e-05
1770278400038,1.25e-05
1770282000023,1.25e-05
1770285600022,1.25e-05
1770289200046,4.6481e-06
1770292800036,6.12e-06
1770296400013,6.1001e-06
1770300000012,4.4632e-06
1770303600079,7.1404e-06
1770307200065,5.4175e-06
1770310800004,5.2488e-06
1770314400104,4.9683e-06
1770318000030,1.25e-05
1770321600057,1.07204e-05
1770325200013,6.206e-06
1770328800040,-2.6569e-06
1770332400019,-9.8266e-06
1770336000083,-1.37697e-05
1770339600049,7.3604e-06
1770343200026,8.176e-07
1770346800050,3.4811e-06
1770350400075,-1.8938e-06
1770354000102,-1.568e-07
1770357600022,-1.6732e-06
1770361200074,-4.094e-06
1770364800037,-5.5835e-06
1770368400042,-1.01896e-05
1770372000053,-9.3581e-06
1770375600032,-5.3886e-06
1770379200009,-1.9566e-06
1770382800032,-3.4916e-06
1770386400024,-8.5801e-06
1770390000089,-5.6065e-06
1770393600036,-4.8899e-06
1770397200030,-4.6499e-06
1770400800086,-3.938e-06
1770404400056,-2.2149e-06
1770408000016,1.634e-07
1770411600031,-1.313e-07
1770415200032,-2.7493e-06
1770418800049,-3.2619e-06
1770422400064,-5.45e-07
1770426000036,4.594e-06
1770429600026,2.7098e-06
1770433200021,1.9548e-06
1770436800104,-3.0853e-06
1770440400063,-2.7007e-06
1770444000036,-4.7786e-06
1770447600008,-2.9848e-06
1770451200048,5.0606e-06
1770454800081,4.598e-07
1770458400020,-1.1485e-06
1770462000008,9.48e-07
1770465600031,-4.278e-06
1770469200040,-9.6171e-06
1770472800008,-6.4657e-06
1770476400093,-9.7216e-06
1770480000146,-8.4105e-06
1770483600055,-5.0073e-06
1770487200022,-9.567e-06
1770490800071,-6.0427e-06
1770494400020,-2.4031e-06
1770498000089,-1.4926e-06
1770501600055,2.4042e-06
1770505200038,-3.195e-07
1770508800042,-2.0206e-06
1770512400003,-2.1705e-06
1770516000074,-2.1913e-06
1770519600113,-5.2818e-06
1770523200069,-5.2912e-06
1770526800059,-3.584e-06
1770530400031,-2.0065e-06
1770534000038,-4.2514e-06
1770537600113,-5.1918e-06
1770541200040,-4.2559e-06
1770544800031,-9.2037e-06
1770548400068,-1.03705e-05
1770552000077,-1.37518e-05
1770555600011,-7.2545e-06
1770559200051,-9.8798e-06
1770562800041,-8.9471e-06
1770566400023,-1.05114e-05
1770570000043,-6.0171e-06
1770573600023,-1.19102e-05
1770577200070,-6.2421e-06
1770580800046,-3.5638e-06
1770584400059,-4.3774e-06
1770588000049,-7.4208e-06
1770591600015,-1.19966e-05
1770595200009,-2.2807e-06
1770598800034,-4.5589e-06
1770602400118,-5.7622e-06
1770606000004,-4.2094e-06
1770609600091,-7.186e-07
1770613200037,-1.9787e-06
1770616800020,-3.4084e-06
1770620400026,-7.953e-06
1770624000013,-1.06506e-05
1770627600040,-1.38414e-05
1770631200131,-1.68104e-05
1770634800088,-1.13409e-05
1770638400030,-1.31877e-05
1770642000020,-9.3395e-06
1770645600015,-7.4635e-06
1770649200011,-8.781e-07
1770652800001,-4.0276e-06
1770656400038,-3.6105e-06
1770660000060,-3.1139e-06
1770663600023,-6.5672e-06
1770667200059,-4.7995e-06
1770670800068,-2.521e-06
1770674400065,-2.4873e-06
1770678000046,-2.4733e-06
1770681600013,-1.795e-06
1770685200012,5.708e-07
1770688800055,3.9215e-06
1770692400057,-2.3114e-06
1770696000071,-7.7524e-06
1770699600024,-6.9342e-06
1770703200028,-5.0443e-06
1770706800090,-7.1039e-06
1770710400018,-2.04075e-05
1770714000041,-1.87126e-05
1770717600028,-2.1836e-05
1770721200100,-1.96818e-05
1770724800032,-1.86197e-05
1770728400106,-2.09398e-05
1770732000038,-2.09526e-05
1770735600006,-1.3352e-05
1770739200009,-3.9673e-06
1770742800070,-5.447e-06
1770746400065,-7.3011e-06
1770750000015,-9.0077e-06
1770753600053,-1.18973e-05
1770757200100,-1.06764e-05
1770760800070,-1.01754e-05
1770764400016,-9.1943e-06
1770768000036,-3.6413e-06
1770771600007,-6.9908e-06
1770775200051,-7.6034e-06
1770778800098,-5.8271e-06
1770782400071,-4.6445e-06
1770786000030,-7.8275e-06
1770789600005,-6.9244e-06
1770793200062,-1.24288e-05
1770796800095,-1.33384e-05
1770800400114,-1.24798e-05
1770804000048,-1.72168e-05
1770807600086,-1.11515e-05
1770811200022,-1.9316e-06
1770814800055,-1.04155e-05
1770818400087,-1.22606e-05
1770822000012,-1.20987e-05
1770825600074,-1.21407e-05
1770829200077,-3.851e-06
1770832800062,6.6e-07
1770836400045,-1.217e-06
1770840000051,-4.2672e-06
1770843600053,-1.898e-06
1770847200067,-2.5616e-06
1770850800087,-4.6354e-06
1770854400006,-8.1973e-06
1770858000034,-5.6764e-06
1770861600037,-4.2141e-06
1770865200057,-7.3575e-06
1770868800004,1.1184e-06
1770872400075,-1.76946e-05
1770876000077,-6.7204e-06
1770879600029,-4.1256e-06
1770883200036,-4.3617e-06
1770886800054,-5.563e-07
1770890400022,2.2121e-06
1770894000008,3.216e-06
1770897600064,4.6588e-06
1770901200056,3.3477e-06
1770904800023,3.4624e-06
1770908400004,9.6607e-06
1770912000043,7.4657e-06
1770915600026,5.9139e-06
1770919200015,3.5521e-06
1770922800053,4.766e-07
1770926400037,2.062e-06
1770930000043,-8.808e-07
1770933600010,1.552e-06
1770937200072,1.6189e-06
1770940800092,1.7612e-06
1770944400083,3.4701e-06
1770948000050,7.6923e-06
1770951600009,3.9436e-06
1770955200087,4.5601e-06
1770958800083,1.0001e-06
1770962400070,1.3059e-06
1770966000056,2.6525e-06
1770969600018,5.2737e-06
1770973200087,6.0675e-06
1770976800004,8.0125e-06
1770980400117,1.572e-06
1770984000059,3.1967e-06
1770987600040,3.0032e-06
1770991200092,4.6332e-06
1770994800081,4.957e-06
1770998400038,1.04999e-05
1771002000023,3.8379e-06
1771005600120,-2.2365e-06
1771009200063,8.841e-07
1771012800048,3.7448e-06
1771016400056,5.3627e-06
1771020000018,8.2396e-06
1771023600072,9.0105e-06
1771027200041,5.7366e-06
1771030800085,6.6565e-06
1771034400103,9.9412e-06
1771038000007,9.6004e-06
1771041600098,1.15892e-05
1771045200016,9.9488e-06
1771048800103,5.1683e-06
1771052400037,3.1207e-06
1771056000001,3.4351e-06
1771059600050,1.25e-05
1771063200086,6.312e-06
1771066800026,2.4223e-06
1771070400125,7.2916e-06
1771074000083,2.8419e-06
1771077600055,5.5741e-06
1771081200081,1.25e-05
1771084800035,1.25e-05
1771088400075,1.25e-05
1771092000102,1.25e-05
1771095600005,1.25e-05
1771099200071,1.25e-05
1771102800056,1.25e-05
1771106400045,1.25e-05
1771110000022,1.25e-05
1771113600102,1.25e-05
1771117200052,1.25e-05
1771120800088,1.25e-05
1771124400093,1.25e-05
1771128000058,1.25e-05
1771131600004,1.25e-05
1771135200027,1.25e-05
1771138800020,1.25e-05
1771142400027,1.25e-05
1771146000043,1.25e-05
1771149600001,1.25e-05
1771153200015,1.25e-05
1771156800014,1.25e-05
1771160400012,1.25e-05
1771164000023,1.25e-05
1771167600014,1.25e-05
1771171200083,1.25e-05
1771174800027,1.25e-05
1771178400006,1.25e-05
1771182000023,9.5626e-06
1771185600060,8.2639e-06
1771189200008,1.629e-07
1771192800058,-7.394e-07
1771196400053,5e-09
1771200000071,-4.193e-06
1771203600023,-5.6559e-06
1771207200070,-1.01099e-05
1771210800088,-7.8329e-06
1771214400033,-8.6441e-06
1771218000025,-4.85e-08
1771221600006,-4.2912e-06
1771225200043,-5.1079e-06
1771228800025,-4.1244e-06
1771232400002,-1.721e-06
1771236000026,-6.545e-07
1771239600000,-2.9818e-06
1771243200075,-3.6961e-06
1771246800013,-1.18302e-05
1771250400083,1.3365e-06
1771254000037,1.6e-09
1771257600099,-4.42e-08
1771261200019,2.1951e-06
1771264800138,-1.4673e-06
1771268400072,-1.731e-07
1771272000001,2.1913e-06
1771275600070,4.5945e-06
1771279200043,3.5912e-06
1771282800088,1.1e-09
1771286400063,2.5695e-06
1771290000070,5.3015e-06
1771293600032,3.1905e-06
1771297200021,6.5689e-06
1771300800061,7.1438e-06
1771304400038,5.821e-06
1771308000104,4.9665e-06
1771311600044,1.25e-05
1771315200015,1.25e-05
1771318800082,1.25e-05
1771322400097,1.12763e-05
1771326000042,1.25e-05
1771329600044,1.25e-05
1771333200044,1.25e-05
1771336800063,1.25e-05
1771340400062,1.25e-05
1771344000071,1.25e-05
1771347600038,1.25e-05
1771351200030,7.1345e-06
1771354800003,8.2858e-06
1771358400062,7.5643e-06
1771362000058,3.4018e-06
1771365600051,4.9132e-06
1771369200070,1.9395e-06
1771372800021,4.7652e-06
1771376400085,1.25e-05
1771380000067,1.25e-05
1771383600005,1.25e-05
1771387200016,1.25e-05
1771390800053,1.25e-05
1771394400013,1.25e-05
1771398000044,1.25e-05
1771401600085,1.25e-05
1771405200065,1.25e-05
1771408800081,1.25e-05
1771412400026,1.25e-05
1771416000017,1.25e-05
1771419600034,1.25e-05
1771423200046,1.25e-05
1771426800043,1.25e-05
1771430400046,1.25e-05
1771434000010,1.25e-05
1771437600003,1.25e-05
1771441200072,1.25e-05
1771444800039,1.25e-05
1771448400040,1.25e-05
1771452000035,1.25e-05
1771455600022,1.25e-05
1771459200054,1.25e-05
1771462800073,1.25e-05
1771466400079,1.25e-05
1771470000021,1.25e-05
1771473600122,1.14633e-05
1771477200058,1.25e-05
1771480800072,1.19615e-05
1771484400126,1.25e-05
1771488000040,1.25e-05
1771491600019,1.0514e-05
1771495200033,1.25e-05
1771498800010,9.8702e-06
1771502400062,9.9494e-06
1771506000017,1.0253e-05
1771509600019,6.175e-06
1771513200067,1.25e-05
1771516800026,1.25e-05
1771520400013,-1.5173e-06
1771524000000,2.5763e-06
1771527600043,3.7032e-06
1771531200009,6.2931e-06
1771534800023,4.825e-06
1771538400022,4.4332e-06
1771542000042,6.1313e-06
1771545600035,7.1078e-06
1771549200190,8.8879e-06
1771552800054,8.5496e-06
1771556400118,1.23201e-05
1771560000085,1.16444e-05
1771563600048,7.6223e-06
1771567200033,7.9581e-06
1771570800077,4.1353e-06
1771574400069,5.097e-06
1771578000018,5.3658e-06
1771581600018,-6.6953e-06
1771585200029,-8.114e-07
1771588800020,2.8225e-06
1771592400001,7.2754e-06
1771596000062,8.8066e-06
1771599600013,1.18716e-05
1771603200044,1.25e-05
1771606800002,1.25e-05
1771610400056,1.06847e-05
1771614000125,9.7861e-06
1771617600028,7.7176e-06
1771621200083,6.8234e-06
1771624800095,7.056e-06
1771628400033,1.25e-05
1771632000011,1.25e-05
1771635600131,1.1213e-05
1771639200011,1.15953e-05
1771642800063,1.25e-05
1771646400080,1.17935e-05
1771650000080,9.2062e-06
1771653600034,6.3518e-06
1771657200068,7.137e-06
1771660800035,1.25e-05
1771664400020,5.222e-06
1771668000068,4.0495e-06
1771671600028,2.394e-06
1771675200071,2.9544e-06
1771678800019,2.549e-06
1771682400000,1.4261e-06
1771686000011,4.2878e-06
1771689600010,3.763e-07
1771693200060,-1.283e-07
1771696800086,3.542e-06
1771700400111,8.0106e-06
1771704000048,7.065e-06
1771707600024,9.9184e-06
1771711200037,5.8601e-06
1771714800054,9.5773e-06
1771718400015,9.4933e-06
1771722000084,9.264e-06
1771725600046,4.6517e-06
1771729200056,3.0944e-06
1771732800066,4.5017e-06
1771736400123,2.3684e-06
1771740000012,-4.7315e-06
1771743600039,-1.2028e-06
1771747200009,4.1559e-06
1771750800017,2.609e-06
1771754400091,-4.1969e-06
1771758000056,5.8415e-06
1771761600075,1.984e-06
1771765200038,6.6395e-06
1771768800048,8.1508e-06
1771772400114,4.304e-06
1771776000015,7.2344e-06
1771779600036,6.0111e-06
1771783200075,9.2074e-06
1771786800006,3.9318e-06
1771790400029,2.36e-08
1771794000000,-3.3542e-06
1771797600023,-4.9895e-06
1771801200093,-1.3065e-06
1771804800016,6.91e-08
1771808400004,3.5839e-06
1771812000025,-3.2927e-06
1771815600025,-4.859e-06
1771819200028,-9.2649e-06
1771822800010,-7.2444e-06
1771826400078,-5.6134e-06
1771830000058,-1.5264e-06
1771833600004,-1.0673e-06
1771837200103,3.5324e-06
1771840800012,5.8952e-06
1771844400010,4.4344e-06
1771848000004,7.2938e-06
1771851600080,1.08144e-05
1771855200028,1.25e-05
1771858800059,8.8628e-06
1771862400045,8.588e-06
1771866000042,9.0789e-06
1771869600076,8.5695e-06
1771873200053,3.9742e-06
1771876800017,-3.4431e-06
1771880400054,-2.9325e-06
1771884000029,-6.004e-06
1771887600037,1.2384e-06
1771891200048,5.4924e-06
1771894800134,1.13735e-05
1771898400050,1.10484e-05
1771902000046,-1.608e-07
1771905600015,1.5517e-06
1771909200026,-1.749e-07
1771912800085,-3.8853e-06
1771916400076,-3.1749e-06
1771920000022,-5.777e-06
1771923600048,-3.9495e-06
1771927200044,-9.0516e-06
1771930800020,-3.5052e-06
1771934400025,-8.9332e-06
1771938000047,-9.9162e-06
1771941600060,-5.7414e-06
1771945200057,-9.321e-07
1771948800005,8.203e-07
1771952400049,6.8204e-06
1771956000022,6.6409e-06
1771959600066,7.3606e-06
1771963200026,6.4376e-06
1771966800002,4.6598e-06
1771970400030,4.6978e-06
1771974000078,5.4745e-06
1771977600014,3.5421e-06
1771981200032,-2.0694e-06
1771984800039,7.5145e-06
1771988400030,6.4665e-06
1771992000056,2.9652e-06
1771995600028,7.376e-07
1771999200061,-5.0563e-06
1772002800000,-4.5591e-06
1772006400037,-3.934e-06
1772010000060,-3.01e-08
1772013600029,8.434e-07
1772017200055,-1.1497e-06
1772020800008,-2.717e-07
1772024400008,2.6278e-06
1772028000023,5.8034e-06
1772031600051,8.8138e-06
1772035200012,6.6502e-06
1772038800075,8.9579e-06
1772042400088,1.0912e-05
1772046000128,1.25e-05
1772049600055,1.03558e-05
1772053200015,1.25e-05
1772056800000,1.25e-05
1772060400045,1.25e-05
1772064000036,1.25e-05
1772067600091,1.25e-05
1772071200018,1.21389e-05
1772074800060,8.3703e-06
1772078400013,5.2024e-06
1772082000058,5.0452e-06
1772085600099,2.5902e-06
1772089200021,6.848e-07
1772092800072,-2.7236e-06
1772096400076,1.0066e-06
1772100000108,2.0631e-06
1772103600073,-5.3036e-06
1772107200041,-1.36812e-05
1772110800051,-1.73549e-05
1772114400019,-1.46845e-05
1772118000033,-7.8229e-06
1772121600028,-8.5346e-06
1772125200027,4.4793e-06
1772128800023,-2.1682e-06
1772132400009,-2.9239e-06
1772136000035,-1.3004e-06
1772139600019,-4.6675e-06
1772143200019,-6.664e-06
1772146800054,-6.4152e-06
1772150400001,-8.8556e-06
1772154000078,-6.6426e-06
1772157600016,-4.918e-06
1772161200116,-8.4488e-06
1772164800057,-7.4747e-06
1772168400058,-1.9192e-06
1772172000053,-1.7453e-06
1772175600067,-4.412e-07
1772179200017,1.3029e-06
1772182800026,-2.7832e-06
1772186400074,-1.6245e-06
1772190000078,-6.23e-06
1772193600028,-5.9913e-06
1772197200020,-9.3604e-06
1772200800036,-1.03756e-05
1772204400054,-1.02811e-05
1772208000132,-1.27821e-05
1772211600041,-1.04934e-05
1772215200037,-9.3165e-06
1772218800012,-1.17303e-05
1772222400028,-1.55912e-05
1772226000037,-1.4455e-05
1772229600023,-1.6148e-05
1772233200014,-1.68546e-05
1772236800086,-2.17775e-05
1772240400090,-1.99975e-05
1772244000058,-1.67822e-05
1772247600012,-1.59233e-05
1772251200088,-1.47878e-05
1772254800063,-1.21434e-05
1772258400065,-1.15039e-05
1772262000026,-7.9408e-06
1772265600028,-1.67531e-05
1772269200012,-2.41877e-05
1772272800008,-2.22269e-05
1772276400008,-1.69263e-05
1772280000032,-1.95117e-05
1772283600035,-2.82157e-05
1772287200033,-2.07059e-05
1772290800021,-1.82255e-05
1772294400041,-2.22906e-05
1772298000025,-1.85803e-05
1772301600015,-1.69894e-05
1772305200074,-1.31507e-05
1772308800039,-1.17438e-05
1772312400041,-9.3548e-06
1772316000035,-7.2028e-06
1772319600066,-1.9265e-06
1772323200168,1.5008e-06
1772326800024,2.2827e-06
1772330400052,6.8167e-06
1772334000074,4.1757e-06
1772337600034,5.1593e-06
1772341200052,5.6346e-06
1772344800071,4.0419e-06
1772348400018,3.7469e-06
1772352000093,4.376e-06
1772355600017,1.07832e-05
1772359200018,1.25e-05
1772362800017,1.25e-05
1772366400039,1.25e-05
1772370000054,8.973e-06
1772373600029,-2.27e-08
1772377200027,-9.286e-07
1772380800018,1.0904e-06
1772384400120,-1.9883e-06
1772388000070,-7.6224e-06
1772391600062,-5.5179e-06
1772395200026,-7.5544e-06
1772398800065,-1.05322e-05
1772402400085,-8.6411e-06
1772406000005,-6.856e-06
1772409600044,-2.69269e-05
1772413200048,-1.62136e-05
1772416800044,-1.15579e-05
1772420400063,-1.53716e-05
1772424000048,-1.3422e-05
1772427600071,-1.48025e-05
1772431200062,-1.1318e-05
1772434800054,-1.41372e-05
1772438400003,-1.78545e-05
1772442000091,-1.56638e-05
1772445600007,-1.25176e-05
1772449200019,-1.35446e-05
1772452800016,-1.25005e-05
1772456400034,-1.498e-05
1772460000035,-2.14564e-05
1772463600070,-1.44465e-05
1772467200053,-6.1444e-06
1772470800086,9.95e-07
1772474400025,-3.4086e-06
1772478000044,-5.2574e-06
1772481600120,-1.04749e-05
1772485200038,-1.22134e-05
1772488800033,-1.2093e-05
1772492400068,-8.1575e-06
1772496000062,-1.24359e-05
1772499600052,-2.00145e-05
1772503200011,-2.33868e-05
1772506800058,-2.27071e-05
1772510400010,-2.90355e-05
1772514000074,-2.58057e-05
1772517600050,-2.84617e-05
1772521200069,-2.9892e-05
1772524800009,-2.81189e-05
1772528400114,-2.55642e-05
1772532000046,-2.42192e-05
1772535600006,-2.61674e-05
1772539200013,-2.93943e-05
1772542800012,-2.92877e-05
1772546400039,-2.98552e-05
1772550000007,-2.61129e-05
1772553600004,-2.98363e-05
1772557200041,-2.61468e-05
1772560800015,-3.54432e-05
1772564400049,-3.17193e-05
1772568000007,-3.36518e-05
1772571600014,-3.45237e-05
1772575200070,-4.73244e-05
1772578800016,-3.5081e-05
1772582400034,-2.26087e-05
1772586000049,-1.89521e-05
1772589600060,-1.96838e-05
1772593200052,-1.62944e-05
1772596800001,-1.62933e-05
1772600400064,-2.43661e-05
1772604000079,-2.25739e-05
1772607600095,-2.70598e-05
1772611200047,-2.72324e-05
1772614800010,-2.2328e-05
1772618400069,-3.1847e-06
1772622000024,-7.3676e-06
1772625600133,-2.2072e-06
1772629200019,-3.6342e-06
1772632800036,-4.3682e-06
1772636400023,-6.331e-07
1772640000011,4.9292e-06
1772643600095,9.2481e-06
1772647200092,1.25e-05
1772650800093,2.8402e-06
1772654400047,6.4537e-06
1772658000048,6.8274e-06
1772661600024,7.1655e-06
1772665200045,5.7808e-06
1772668800022,4.6333e-06
1772672400018,2.3893e-06
1772676000139,4.404e-07
1772679600019,-1.3657e-06
1772683200027,-4.5389e-06
1772686800001,-7.0882e-06
1772690400037,-1.48021e-05
1772694000091,-1.14584e-05
1772697600033,-9.5639e-06
1772701200063,-4.4619e-06
1772704800091,-8.5584e-06
1772708400017,-7.1396e-06
1772712000003,-1.68628e-05
1772715600009,-2.56199e-05
1772719200024,-2.31988e-05
1772722800039,-1.83776e-05
1772726400034,-1.13846e-05
1772730000083,-1.18479e-05
1772733600048,-1.27904e-05
1772737200052,-7.4497e-06
1772740800073,-3.7782e-06
1772744400042,4.181e-06
1772748000028,2.6067e-06
1772751600029,-1.49307e-05
1772755200030,-1.50773e-05
1772758800082,-9.9202e-06
1772762400006,-1.15569e-05
1772766000079,-1.7751e-05
1772769600026,-1.75012e-05
1772773200112,-1.45063e-05
1772776800019,-9.5945e-06
1772780400028,-7.213e-06
1772784000021,-1.3519e-05
1772787600022,-1.43136e-05
1772791200031,-1.10755e-05
1772794800036,-1.10174e-05
1772798400052,-7.4673e-06
1772802000052,-6.323e-06
1772805600033,-7.4384e-06
1772809200037,-1.64501e-05
1772812800062,-2.56822e-05
1772816400089,-1.42967e-05
1772820000056,-1.6508e-05
1772823600066,-1.57499e-05
1772827200046,-1.45287e-05
1772830800021,-1.5607e-05
1772834400046,-1.74168e-05
1772838000092,-1.82487e-05
1772841600061,-1.6352e-05
1772845200027,-1.15511e-05
1772848800050,-1.31119e-05
1772852400045,-1.42434e-05
1772856000014,-1.71197e-05
1772859600052,-1.47692e-05
1772863200070,-1.61249e-05
1772866800068,-1.62842e-05
1772870400015,-2.09124e-05
1772874000005,-1.94733e-05
1772877600014,-1.76749e-05
1772881200002,-1.62877e-05
1772884800031,-1.64251e-05
1772888400033,-1.97753e-05
1772892000084,-2.0544e-05
1772895600012,-2.17496e-05
1772899200014,-2.33966e-05
1772902800077,-1.7357e-05
1772906400110,-1.61949e-05
1772910000003,-1.83933e-05
1772913600010,-1.96432e-05
1772917200135,-1.85324e-05
1772920800082,-2.34522e-05
1772924400068,-2.47174e-05
1772928000002,-2.28773e-05
1772931600030,-1.60524e-05
1772935200003,-1.98476e-05
1772938800042,-1.79655e-05
1772942400001,-2.80582e-05
1772946000024,-2.68165e-05
1772949600045,-2.02006e-05
1772953200036,-2.45475e-05
1772956800041,-2.31656e-05
1772960400029,-2.05403e-05
1772964000035,-1.63783e-05
1772967600036,-9.5297e-06
1772971200021,-1.38841e-05
1772974800049,-2.2476e-05
1772978400061,-3.31215e-05
1772982000088,-3.37511e-05
1772985600024,-3.97662e-05
1772989200018,-2.54763e-05
1772992800004,-2.45458e-05
1772996400000,-2.8977e-05
1773000000074,-2.05751e-05
1773003600003,-1.95512e-05
1773007200038,-2.33043e-05
1773010800057,-2.5496e-05
1773014400091,-1.994e-05
1773018000052,-1.356e-05
1773021600016,-9.7244e-06
1773025200012,-5.0659e-06
1773028800030,-4.8757e-06
1773032400088,-2.7141e-06
1773036000070,2.3389e-06
1773039600026,6.1612e-06
1773043200094,-6.5089e-06
1773046800114,-4.014e-07
1773050400108,1.2177e-06
1773054000050,2.2364e-06
1773057600051,-2.5196e-06
1773061200073,5.874e-07
1773064800061,2.3587e-06
1773068400084,-4.5857e-06
1773072000075,-5.0873e-06
1773075600049,1.6126e-06
1773079200036,5.326e-07
1773082800053,3.522e-06
1773086400002,5.5753e-06
1773090000074,-3.4296e-06
1773093600010,-4.1617e-06
1773097200038,-1.08853e-05
1773100800042,-9.9843e-06
1773104400084,-3.2277e-06
1773108000013,-7.0296e-06
1773111600052,1.2237e-06
1773115200041,2.1588e-06
1773118800054,-5.4033e-06
1773122400137,-3.9201e-06
1773126000065,-4.7814e-06
1773129600052,-4.7746e-06
1773133200017,8.69e-08
1773136800060,6.2807e-06
1773140400011,9.1634e-06
1773144000038,7.4669e-06
1773147600061,9.2985e-06
1773151200027,1.15312e-05
1773154800083,1.25e-05
1773158400045,1.25e-05
1773162000004,1.25e-05
1773165600018,1.25e-05
1773169200049,6.9283e-06
1773172800050,1.3592e-06
1773176400058,1.755e-07
1773180000068,-1.0699e-06
1773183600061,-6.3206e-06
1773187200088,-9.2072e-06
1773190800002,-2.3139e-06
1773194400098,-7.3637e-06
1773198000016,-1.163e-05
1773201600038,-1.23449e-05
1773205200075,-9.292e-06
1773208800135,-1.55509e-05
1773212400014,-1.53442e-05
1773216000056,-1.13949e-05
1773219600082,-6.3139e-06
1773223200084,-5.2465e-06
1773226800001,-6.9996e-06
1773230400013,-4.4896e-06
1773234000063,-4.5264e-06
1773237600004,8.291e-07
1773241200051,-2.1174e-06
1773244800065,3.225e-07
1773248400068,-4.7214e-06
1773252000102,4.0909e-06
1773255600082,4.7098e-06
1773259200026,9.319e-06
1773262800008,1.06279e-05
1773266400035,2.1504e-06
1773270000069,3.1049e-06
1773273600084,5.0956e-06
1773277200006,4.9226e-06
1773280800080,4.1939e-06
1773284400036,4.05e-07
1773288000065,-1.931e-07
1773291600094,-8.637e-07
1773295200108,-1.09662e-05
1773298800046,-5.9983e-06
1773302400068,-1.9872e-06
1773306000063,-7.15e-07
1773309600013,-2.812e-06
1773313200017,8.699e-06
1773316800106,1.22941e-05
1773320400062,1.25e-05
1773324000110,1.25e-05
1773327600024,1.12973e-05
1773331200064,1.12224e-05
1773334800004,1.25e-05
1773338400004,1.25e-05
1773342000025,1.25e-05
1773345600165,1.25e-05
1773349200073,1.25e-05
1773352800071,1.25e-05
1773356400070,8.7981e-06
1773360000061,8.6381e-06
1773363600032,1.25e-05
1773367200025,1.18279e-05
1773370800021,1.2034e-05
1773374400099,1.25e-05
1773378000089,1.25e-05
1773381600064,1.25e-05
1773385200082,9.5654e-06
1773388800016,6.6411e-06
1773392400045,1.08869e-05
1773396000034,1.25e-05
1773399600010,1.25e-05
1773403200009,1.25e-05
1773406800059,1.25e-05
1773410400032,1.25e-05
1773414000021,1.25e-05
1773417600051,1.25e-05
1773421200044,1.25e-05
1773424800052,1.25e-05
1773428400006,1.25e-05
1773432000021,1.25e-05
1773435600092,1.25e-05
1773439200005,1.25e-05
1773442800109,1.25e-05
1773446400044,1.25e-05
1773450000094,1.25e-05
1773453600100,1.25e-05
1773457200013,1.25e-05
1773460800019,1.25e-05
1773464400095,1.25e-05
1773468000072,1.25e-05
1773471600036,1.25e-05
1773475200041,1.25e-05
1773478800025,1.24935e-05
1773482400098,6.539e-07
1773486000047,-1.9361e-06
1773489600020,3.3356e-06
1773493200042,-9.149e-07
1773496800076,-1.1902e-06
1773500400009,-2.4576e-06
1773504000100,1.467e-07
1773507600061,-1.4802e-06
1773511200018,1.06979e-05
1773514800048,6.4135e-06
1773518400035,6.6318e-06
1773522000015,1.20892e-05
1773525600041,1.25e-05
1773529200044,1.25e-05
1773532800099,1.25e-05
1773536400102,1.25e-05
1773540000005,1.25e-05
1773543600130,1.25e-05
1773547200040,1.25e-05
1773550800066,1.25e-05
1773554400010,1.25e-05
1773558000046,1.25e-05
1773561600003,1.25e-05
1773565200067,1.25e-05
1773568800003,1.25e-05
1773572400039,1.25e-05
1773576000060,1.25e-05
1773579600023,1.25e-05
1773583200023,1.25e-05
1773586800084,6.8944e-06
1773590400034,1.09487e-05
1773594000036,4.7152e-06
1773597600003,5.3746e-06
1773601200127,8.5316e-06
1773604800024,9.5818e-06
1773608400083,1.25e-05
1773612000019,1.25e-05
1773615600037,1.12735e-05
1773619200090,1.25e-05
1773622800002,1.25e-05
1773626400078,1.25e-05
1773630000040,1.25e-05
1773633600012,1.25e-05
1773637200021,1.25e-05
1773640800092,1.25e-05
1773644400033,1.25e-05
1773648000062,1.25e-05
1773651600035,1.25e-05
1773655200042,1.25e-05
1773658800013,1.25e-05
1773662400013,1.25e-05
1773666000000,1.25e-05
1773669600099,1.25e-05
1773673200013,1.25e-05
1773676800033,1.25e-05
1773680400023,1.25e-05
1773684000045,1.25e-05
1773687600080,1.25e-05
1773691200001,1.25e-05
1773694800032,1.25e-05
1773698400000,1.25e-05
1773702000003,1.25e-05
1773705600034,1.25e-05
1773709200045,1.25e-05
1773712800050,1.25e-05
1773716400010,1.25e-05
1773720000073,1.24477e-05
1773723600048,6.0278e-06
1773727200113,4.9873e-06
1773730800039,9.1905e-06
1773734400000,4.9976e-06
1773738000002,9.5828e-06
1773741600075,6.7589e-06
1773745200115,1.401e-06
1773748800006,8.796e-06
1773752400013,2.5582e-06
1773756000047,6.2801e-06
1773759600074,7.029e-06
1773763200038,3.6076e-06
1773766800054,7.2214e-06
1773770400071,5.4226e-06
1773774000018,9.4786e-06
1773777600034,1.25e-05
1773781200072,8.3487e-06
1773784800003,1.20064e-05
1773788400011,1.25e-05
1773792000028,1.04842e-05
1773795600016,8.9525e-06
1773799200026,6.9501e-06
1773802800060,7.9301e-06
1773806400054,6.7565e-06
1773810000001,4.2045e-06
1773813600067,6.7602e-06
1773817200033,1.05973e-05
1773820800005,2.9946e-06
1773824400052,-1.3495e-06
1773828000037,-5.8634e-06
1773831600025,-2.85584e-05
1773835200062,-1.92038e-05
1773838800007,-1.4767e-05
1773842400026,-1.73922e-05
1773846000035,-2.23787e-05
1773849600009,-1.48382e-05
1773853200066,-2.32592e-05
1773856800052,-1.62754e-05
1773860400045,-9.4777e-06
1773864000055,-1.05909e-05
1773867600050,-9.4176e-06
1773871200035,-3.4074e-06
1773874800040,-6.1352e-06
1773878400090,-6.623e-06
1773882000009,-7.082e-06
1773885600012,-6.0082e-06
1773889200041,-4.3587e-06
1773892800010,3.5708e-06
1773896400090,-2.5194e-06
1773900000052,-5.425e-07
1773903600107,1.24582e-05
1773907200064,7.2605e-06
1773910800026,-2.6744e-06
1773914400123,-3.0746e-06
1773918000052,8.2e-08
1773921600006,-7.6408e-06
1773925200045,-6.0894e-06
1773928800059,-1.21537e-05
1773932400002,-3.7e-07
1773936000031,-1.9045e-06
1773939600011,-1.6001e-06
1773943200049,-9.8841e-06
1773946800024,-8.6724e-06
1773950400037,-1.9002e-06
1773954000022,-1.7978e-06
1773957600001,-2.3594e-06
1773961200001,-3.6936e-06
1773964800103,-3.9334e-06
1773968400073,-5.6598e-06
1773972000053,-4.5209e-06
1773975600072,-6.1599e-06
1773979200004,-4.179e-06
1773982800107,-1.1251e-06
1773986400096,5.6296e-06
1773990000012,9.4785e-06
1773993600003,6.9457e-06
1773997200021,2.89e-07
1774000800063,-2.6023e-06
1774004400048,-3.7006e-06
1774008000087,-3.4597e-06
1774011600148,-5.017e-06
1774015200115,-3.1517e-06
1774018800034,3.8622e-06
1774022400074,-3.203e-07
1774026000075,-3.8199e-06
1774029600035,-6.468e-07
1774033200044,-1.7145e-06
1774036800034,2.4523e-06
1774040400007,-8.979e-07
1774044000000,-9.45e-07
1774047600047,7.7262e-06
1774051200093,5.6644e-06
1774054800011,4.8272e-06
1774058400032,5.5406e-06
1774062000013,4.4201e-06
1774065600040,3.7375e-06
1774069200041,2.8701e-06
1774072800066,1.1987e-06
1774076400010,1.7617e-06
1774080000075,2.8242e-06
1774083600064,1.1034e-06
1774087200000,4.4124e-06
1774090800008,-6.78e-08
1774094400094,4.4853e-06
1774098000015,9.4469e-06
1774101600045,1.4871e-06
1774105200051,2.1136e-06
1774108800039,1.6814e-06
1774112400032,4.177e-06
1774116000020,6.953e-06
1774119600057,3.8863e-06
1774123200073,3.4388e-06
1774126800086,6.1294e-06
1774130400004,6.4106e-06
1774134000026,8.2146e-06
1774137600042,-2.8335e-06
1774141200020,-3.0984e-06
1774144800085,-1.8611e-06
1774148400085,-7.0943e-06
1774152000007,-7.0571e-06
1774155600062,-1.10114e-05
1774159200062,-1.23452e-05
1774162800088,-1.37432e-05
1774166400050,-1.51329e-05
1774170000062,-1.34035e-05
1774173600003,-4.0168e-06
1774177200044,-4.2064e-06
1774180800049,-3.2561e-06
1774184400046,-1.04163e-05
1774188000011,-1.1459e-05
1774191600042,-1.15743e-05
1774195200021,-8.3195e-06
1774198800006,-8.0188e-06
1774202400081,-1.08907e-05
1774206000039,-1.25556e-05
1774209600048,-1.50605e-05
1774213200082,-1.53715e-05
1774216800090,-1.29318e-05
1774220400049,-7.3802e-06
1774224000261,-9.8924e-06
1774227600069,-7.5473e-06
1774231200040,-2.5248e-06
1774234800111,3.4014e-06
1774238400086,2.3548e-06
1774242000014,1.583e-07
1774245600068,3.2283e-06
1774249200043,-3.2727e-06
1774252800066,-1.1753e-06
1774256400071,-4.4881e-06
1774260000081,-2.5754e-06
1774263600004,4.165e-07
1774267200045,9.4433e-06
1774270800056,-1.3319e-06
1774274400053,-2.4438e-06
1774278000071,7.633e-06
1774281600048,7.1696e-06
1774285200080,2.3546e-06
1774288800041,8.0404e-06
1774292400054,5.9872e-06
1774296000019,1.25e-05
1774299600090,7.4766e-06
1774303200162,1.25e-05
1774306800056,1.25e-05
1774310400027,8.3291e-06
1774314000082,4.9922e-06
1774317600034,-1.201e-06
1774321200000,-2.7097e-06
1774324800016,-4.977e-06
1774328400079,-7.1863e-06
1774332000003,-7.1077e-06
1774335600088,-4.5177e-06
1774339200033,5.935e-07
1774342800051,5.9956e-06
1774346400105,7.1705e-06
1774350000045,6.2431e-06
1774353600096,2.3312e-06
1774357200028,-3.4349e-06
1774360800089,1.08394e-05
1774364400033,1.25e-05
1774368000039,1.25e-05
1774371600061,1.25e-05
1774375200062,9.9684e-06
1774378800040,1.02044e-05
1774382400058,1.25e-05
1774386000159,1.25e-05
1774389600052,1.25e-05
1774393200069,1.25e-05
1774396800048,1.25e-05
1774400400110,1.25e-05
1774404000086,1.25e-05
1774407600069,1.25e-05
1774411200059,1.17496e-05
1774414800076,1.25e-05
1774418400043,1.25e-05
1774422000053,1.25e-05
1774425600007,1.25e-05
1774429200057,1.25e-05
1774432800090,1.25e-05
1774436400018,1.25e-05
1774440000038,1.25e-05
1774443600032,1.25e-05
1774447200041,1.25e-05
1774450800062,1.25e-05
1774454400052,1.25e-05
1774458000022,1.25e-05
1774461600075,1.25e-05
1774465200037,1.25e-05
1774468800025,1.25e-05
1774472400066,1.25e-05
1774476000023,1.25e-05
1774479600072,1.25e-05
1774483200035,1.25e-05
1774486800006,1.25e-05
1774490400139,4.2224e-06
1774494000114,7.9576e-06
1774497600110,1.25e-05
1774501200097,9.3282e-06
1774504800014,8.7534e-06
1774508400009,-1.4594e-06
1774512000094,-5.627e-07
1774515600075,6.083e-07
1774519200001,-5.9714e-06
1774522800072,-8.6803e-06
1774526400020,-2.4335e-06
1774530000078,8.142e-07
1774533600066,3.7386e-06
1774537200018,-8.535e-07
1774540800055,-9.8762e-06
1774544400026,-1.16092e-05
1774548000030,-1.12757e-05
1774551600003,-6.0763e-06
1774555200077,-1.21832e-05
1774558800031,-4.5628e-06
1774562400068,3.3185e-06
1774566000071,1.6159e-06
1774569600013,1.01271e-05
1774573200004,9.7538e-06
1774576800007,3.6866e-06
1774580400045,9.863e-07
1774584000027,2.4144e-06
1774587600055,1.3251e-06
1774591200021,-1.2247e-06
1774594800047,2.25e-06
1774598400042,-2.466e-06
1774602000078,-7.913e-06
1774605600011,-1.0496e-06
1774609200056,-3.808e-06
1774612800073,-5.5674e-06
1774616400020,-2.7898e-06
1774620000027,7.25e-07
1774623600082,-1.4556e-06
1774627200069,6.4215e-06
1774630800063,9.3386e-06
1774634400018,7.4068e-06
1774638000017,-2.46e-07
1774641600043,-1.456e-06
1774645200064,-3.2073e-06
1774648800044,-6.9721e-06
1774652400008,-7.2498e-06
1774656000062,-3.7186e-06
1774659600004,-8.2801e-06
1774663200051,-9.0117e-06
1774666800023,-1.54507e-05
1774670400106,-1.32638e-05
1774674000055,-1.55152e-05
1774677600067,-1.04207e-05
1774681200039,-2.315e-06
1774684800007,-1.9353e-06
1774688400008,6.4595e-06
1774692000014,1.14699e-05
1774695600095,8.3978e-06
1774699200014,1.17612e-05
1774702800013,1.25e-05
1774706400047,1.25e-05
1774710000042,1.25e-05
1774713600047,1.25e-05
1774717200074,1.25e-05
1774720800070,1.25e-05
1774724400007,1.22263e-05
1774728000075,1.02738e-05
1774731600036,6.8122e-06
1774735200009,9.7826e-06
1774738800040,6.9608e-06
1774742400085,-6.2955e-06
1774746000068,-9.9466e-06
1774749600040,-5.9449e-06
1774753200050,-8.9767e-06
1774756800034,-3.85e-06
1774760400054,-3.0624e-06
1774764000017,1.991e-06
1774767600047,3.5198e-06
1774771200033,1.04018e-05
1774774800036,1.14306e-05
1774778400121,6.1323e-06
1774782000002,-1.7581e-06
1774785600067,-8.669e-06
1774789200056,-1.23103e-05
1774792800026,-1.07507e-05
1774796400057,-6.7688e-06
1774800000029,-1.1273e-05
1774803600011,-7.5814e-06
1774807200092,-1.23268e-05
1774810800066,-1.31452e-05
1774814400062,-1.35045e-05
1774818000026,-9.3594e-06
1774821600013,-4.3756e-06
1774825200096,-9.9623e-06
1774828800038,-1.14226e-05
1774832400030,-5.9087e-06
1774836000054,-4.5406e-06
1774839600013,2.871e-06
1774843200074,1.25e-05
1774846800056,1.25e-05
1774850400089,1.25e-05
1774854000043,1.16314e-05
1774857600192,5.7961e-06
1774861200039,1.05975e-05
1774864800052,8.8067e-06
1774868400059,5.7799e-06
1774872000038,9.0465e-06
1774875600031,1.25e-05
1774879200046,1.25e-05
1774882800019,1.25e-05
1774886400071,1.25e-05
1774890000108,1.25e-05
1774893600051,1.6283e-06
1774897200085,-1.33371e-05
1774900800055,-1.2436e-05
1774904400095,-9.8986e-06
1774908000021,-4.2633e-06
1774911600066,-4.1877e-06
1774915200016,-5.0911e-06
1774918800038,1.2415e-06
1774922400066,1.16669e-05
1774926000092,1.25e-05
1774929600073,1.25e-05
1774933200062,1.25e-05
1774936800022,1.25e-05
1774940400045,1.25e-05
1774944000000,1.03725e-05
1774947600056,1.24654e-05
1774951200021,-1.0645e-05
1774954800032,-2.00685e-05
1774958400073,-1.02355e-05
1774962000030,-7.9648e-06
1774965600038,-8.8181e-06
1774969200043,-1.4263e-06
1774972800025,-3.8265e-06
1774976400030,1.7901e-06
1774980000007,5.2968e-06
1774983600051,9.2833e-06
1774987200039,5.4596e-06
1774990800026,1.0333e-05
1774994400046,1.25e-05
1774998000029,4.7037e-06
1775001600068,4.9235e-06
1775005200022,1.05376e-05
1775008800050,8.2901e-06
1775012400044,8.5881e-06
1775016000042,9.6464e-06
1775019600057,7.0665e-06
1775023200051,1.19376e-05
1775026800039,1.19283e-05
1775030400062,1.25e-05
1775034000046,1.24669e-05
1775037600050,-4.232e-06
1775041200068,5.732e-07
1775044800081,-3.0645e-06
1775048400011,5.3868e-06
1775052000131,-7.8911e-06
1775055600029,-8.9515e-06
1775059200078,2.7086e-06
1775062800076,1.0408e-05
1775066400071,1.25e-05
1775070000017,1.25e-05
1775073600045,1.20856e-05
1775077200041,4.6098e-06
1775080800030,1.24439e-05
1775084400042,9.9477e-06
1775088000177,6.326e-06
1775091600004,2.6371e-06
1775095200060,-1.0054e-06
1775098800041,-1.45635e-05
1775102400059,-1.68048e-05
1775106000030,-1.02668e-05
1775109600039,-6.3502e-06
1775113200070,8.662e-07
1775116800129,1.00376e-05
1775120400026,9.803e-07
1775124000051,2.0966e-06
1775127600014,-5.9686e-06
1775131200021,-4.6044e-06
1775134800075,-4.1592e-06
1775138400049,-1.3774e-06
1775142000065,1.25e-05
1775145600040,7.2867e-06
1775149200022,1.25e-05
1775152800037,1.25e-05
1775156400006,1.03338e-05
1775160000023,6.8737e-06
1775163600131,1.25e-05
1775167200013,1.25e-05
1775170800004,1.25e-05
1775174400021,1.0692e-05
1775178000043,1.25e-05
1775181600023,1.25e-05
1775185200048,1.25e-05
1775188800039,1.25e-05
1775192400086,1.25e-05
1775196000049,1.25e-05
1775199600028,1.25e-05
1775203200069,1.25e-05
1775206800054,1.25e-05
1775210400043,1.25e-05
1775214000041,1.25e-05
1775217600031,1.25e-05
1775221200058,1.25e-05
1775224800001,1.25e-05
1775228400044,1.25e-05
1775232000033,1.25e-05
1775235600040,1.25e-05
1775239200069,1.25e-05
1775242800026,1.25e-05
1775246400036,1.25e-05
1775250000048,1.25e-05
1775253600031,1.25e-05
1775257200039,1.25e-05
1775260800063,1.25e-05
1775264400014,8.7745e-06
1775268000021,2.0944e-06
1775271600064,-2.4691e-06
1775275200011,-3.3802e-06
1775278800063,-2.699e-06
1775282400057,-6.8386e-06
1775286000051,2.0898e-06
1775289600033,3.2411e-06
1775293200008,5.1912e-06
1775296800029,-7.4981e-06
1775300400050,-4.8609e-06
1775304000009,-8.1593e-06
1775307600107,-6.3971e-06
1775311200065,-1.15455e-05
1775314800008,-8.3724e-06
1775318400038,2.956e-06
1775322000041,4.7121e-06
1775325600064,1.24566e-05
1775329200012,1.25e-05
1775332800063,1.25e-05
1775336400037,1.25e-05
1775340000032,1.25e-05
1775343600014,1.25e-05
1775347200047,1.25e-05
1775350800058,1.25e-05
1775354400058,1.25e-05
1775358000014,1.25e-05
1775361600022,9.1623e-06
1775365200024,-1.4583e-06
1775368800051,1.7574e-06
1775372400048,-1.00427e-05
1775376000066,-1.33694e-05
1775379600017,-1.56405e-05
1775383200017,-1.2565e-05
1775386800024,-1.30595e-05
1775390400017,-1.96433e-05
1775394000047,-1.35943e-05
1775397600057,-1.18065e-05
1775401200081,-4.7923e-06
1775404800031,9.3036e-06
1775408400049,3.5627e-06
1775412000042,-1.53428e-05
1775415600041,-7.7702e-06
1775419200030,-8.6942e-06
1775422800003,-5.7984e-06
1775426400060,-1.20684e-05
1775430000020,-4.5516e-06
1775433600029,8.3483e-06
1775437200040,1.25e-05
1775440800000,1.25e-05
1775444400049,1.25e-05
1775448000002,1.25e-05
1775451600047,1.25e-05
1775455200025,1.25e-05
1775458800064,9.2065e-06
1775462400053,1.25e-05
1775466000012,1.25e-05
1775469600006,1.25e-05
1775473200016,1.25e-05
1775476800072,1.25e-05
1775480400031,1.25e-05
1775484000066,9.3576e-06
1775487600048,1.25e-05
1775491200056,1.25e-05
1775494800002,1.25e-05
1775498400039,8.8735e-06
1775502000000,9.843e-06
1775505600078,9.7915e-06
1775509200054,5.9076e-06
1775512800043,2.9522e-06
1775516400021,-1.31518e-05
1775520000046,-1.32738e-05
1775523600015,-1.00923e-05
1775527200012,-8.7453e-06
1775530800093,-4.1774e-06
1775534400017,-2.3654e-06
1775538000006,1.0741e-06
1775541600030,2.6739e-06
1775545200064,-1.523e-06
1775548800020,7.5165e-06
1775552400031,2.9105e-06
1775556000005,1.25e-05
1775559600030,7.1897e-06
1775563200037,2.8533e-06
1775566800060,-5.566e-06
1775570400027,-2.6e-09
1775574000041,5.3599e-06
1775577600036,-1.6415e-06
1775581200024,5.229e-07
1775584800013,1.25e-05
1775588400017,9.6852e-06
1775592000041,1.17498e-05
1775595600062,1.25e-05
1775599200029,1.25e-05
1775602800038,1.25e-05
1775606400094,1.25e-05
1775610000057,1.25e-05
1775613600043,1.25e-05
1775617200059,1.25e-05
1775620800012,1.25e-05
1775624400056,1.25e-05
1775628000065,1.25e-05
1775631600039,1.25e-05
1775635200005,1.25e-05
1775638800047,1.25e-05
1775642400004,1.25e-05
1775646000027,1.25e-05
1775649600000,1.25e-05
1775653200019,1.25e-05
1775656800064,1.07678e-05
1775660400025,4.6482e-06
1775664000054,8.501e-07
1775667600009,-1.1204e-06
1775671200046,3.6398e-06
1775674800026,3.3783e-06
1775678400068,1.7313e-06
1775682000031,-3.4564e-06
1775685600010,1.5737e-06
1775689200039,2.1201e-06
1775692800070,-1.07425e-05
1775696400023,-1.07803e-05
1775700000010,-9.0349e-06
1775703600053,-4.8296e-06
1775707200015,-3.9512e-06
1775710800007,-9.449e-07
1775714400021,-2.5301e-06
1775718000001,-1.5746e-06
1775721600056,-1.5246e-06
1775725200008,5.575e-07
1775728800006,-3.8838e-06
1775732400010,-4.6994e-06
1775736000054,1.698e-07
1775739600004,3.1106e-06
1775743200056,-1.0394e-06
1775746800041,-6.8689e-06
1775750400011,1.4243e-06
1775754000012,2.7087e-06
1775757600001,7.8186e-06
1775761200031,9.9501e-06
1775764800004,1.25e-05
1775768400018,1.25e-05
1775772000000,1.25e-05
1775775600071,1.25e-05
1775779200062,1.25e-05
1775782800013,-5.152e-07
1775786400002,1.0928e-06
1775790000040,1.6364e-06
1775793600047,4.7968e-06
1775797200031,8.6582e-06
1775800800026,1.00256e-05
1775804400016,1.25e-05
1775808000000,1.25e-05
1775811600015,1.25e-05
1775815200028,1.24441e-05
1775818800010,1.5495e-06
1775822400057,1.3615e-06
1775826000032,-2.1544e-06
1775829600008,1.5985e-06
1775833200005,1.25e-05
1775836800053,1.25e-05
1775840400022,1.25e-05
1775844000021,1.25e-05
1775847600046,1.25e-05
1775851200009,1.25e-05
1775854800010,1.25e-05
1775858400079,1.25e-05
1775862000055,1.25e-05
1775865600015,1.25e-05
1775869200006,1.25e-05
1775872800020,1.25e-05
1775876400039,1.25e-05
1775880000013,1.25e-05
1775883600005,1.25e-05
1775887200024,7.4313e-06
1775890800016,3.4025e-06
1775894400002,6.6546e-06
1775898000042,9.6973e-06
1775901600048,7.7513e-06
1775905200040,6.5061e-06
1775908800055,7.2198e-06
1775912400047,3.8386e-06
1775916000001,1.25e-05
1775919600041,1.25e-05
1775923200034,1.25e-05
1775926800008,1.25e-05
1775930400033,1.25e-05
1775934000047,1.25e-05
1775937600023,1.25e-05
1775941200058,1.25e-05
1775944800036,1.25e-05
1775948400020,1.25e-05
1775952000067,1.25e-05
1775955600044,1.25e-05
1775959200031,1.25e-05
1775962800029,-6.8986e-06
1775966400055,-8.7624e-06
1775970000066,-9.3455e-06
1775973600047,-8.7e-06
1775977200004,2.6098e-06
1775980800022,-3.3054e-06
1775984400049,-5.8099e-06
1775988000011,-1.06833e-05
1775991600022,-3.0043e-06
1775995200040,-8.7034e-06
1775998800028,9.645e-07
1776002400064,-3.2024e-06
1776006000065,-1.77206e-05
1776009600046,-2.04654e-05
1776013200054,-1.45496e-05
1776016800035,-4.7358e-06
1776020400028,-2.1325e-06
1776024000062,-1.62886e-05
1776027600049,-6.4154e-06
1776031200058,8.399e-07
1776034800048,-1.2429e-06
1776038400013,-1.1446e-05
1776042000031,3.9317e-06
1776045600001,8.6266e-06
1776049200056,9.1523e-06
1776052800056,3.6811e-06
1776056400032,5.0136e-06
1776060000007,-3.6178e-06
1776063600011,4.3828e-06
1776067200015,6.3293e-06
1776070800013,-4.2914e-06
1776074400032,9.5644e-06
1776078000011,1.25e-05
1776081600063,1.07902e-05
1776085200036,1.08489e-05
1776088800007,1.15977e-05
1776092400114,1.17471e-05
1776096000016,9.5481e-06
1776099600028,4.1537e-06
1776103200040,9.9216e-06
1776106800055,6.5413e-06
1776110400032,1.25e-05
1776114000038,1.25e-05
1776117600023,1.2375e-05
1776121200008,1.25e-05
1776124800020,1.25e-05
1776128400057,1.25e-05
1776132000017,1.25e-05
1776135600043,1.25e-05
1776139200009,1.25e-05
1776142800054,1.25e-05
1776146400057,1.25e-05
1776150000076,1.25e-05
1776153600066,1.25e-05
1776157200041,1.25e-05
1776160800010,1.25e-05
1776164400030,1.25e-05
1776168000053,1.25e-05
1776171600039,1.25e-05
1776175200012,1.25e-05
1776178800056,1.25e-05
1776182400029,1.25e-05
1776186000057,1.25e-05
1776189600062,1.25e-05
1776193200040,1.25e-05
1776196800000,9.9196e-06
1776200400003,9.0764e-06
1776204000001,4.0085e-06
1776207600021,5.9632e-06
1776211200015,6.7224e-06
1776214800054,1.25e-05
1776218400036,1.25e-05
1776222000065,5.2704e-06
1776225600053,1.25e-05
1776229200029,1.25e-05
1776232800060,1.25e-05
1776236400038,1.25e-05
1776240000009,1.25e-05
1776243600024,1.25e-05
1776247200027,2.0017e-06
1776250800067,7.3333e-06
1776254400030,8.5558e-06
1776258000008,1.25e-05
1776261600035,9.1682e-06
1776265200057,1.16012e-05
1776268800025,1.11504e-05
1776272400022,1.25e-05
1776276000030,1.25e-05
1776279600062,1.25e-05
1776283200014,1.25e-05
1776286800049,1.25e-05
1776290400067,1.25e-05
1776294000056,1.25e-05
1776297600044,1.25e-05
1776301200022,1.25e-05
1776304800010,1.25e-05
1776308400053,1.25e-05
1776312000006,1.25e-05
1776315600042,1.25e-05
1776319200031,1.25e-05
1776322800012,1.25e-05
1776326400062,1.25e-05
1776330000045,1.25e-05
1776333600004,1.25e-05
1776337200035,1.25e-05
1776340800042,1.25e-05
1776344400030,1.25e-05
1776348000019,1.25e-05
1776351600047,1.25e-05
1776355200051,1.25e-05
1776358800013,1.25e-05
1776362400034,1.25e-05
1776366000064,1.25e-05
1776369600016,1.25e-05
1776373200025,1.25e-05
1776376800043,1.25e-05
1776380400041,1.25e-05
1776384000030,1.25e-05
1776387600015,1.25e-05
1776391200026,1.25e-05
1776394800010,1.25e-05
1776398400064,1.25e-05
1776402000052,1.25e-05
1776405600017,1.25e-05
1776409200065,1.25e-05
1776412800042,1.25e-05
1776416400035,1.25e-05
1776420000011,1.25e-05
1776423600038,1.25e-05
1776427200064,1.25e-05
1776430800036,1.25e-05
1776434400000,1.25e-05
1776438000059,1.25e-05
1776441600039,1.25e-05
1776445200046,1.25e-05
1776448800052,1.25e-05
1776452400019,1.25e-05
1776456000065,1.25e-05
1776459600012,1.25e-05
1776463200042,1.25e-05
1776466800022,1.25e-05
1776470400064,1.25e-05
1776474000049,1.25e-05
1776477600042,1.25e-05
1776481200031,1.25e-05
1776484800009,1.25e-05
1776488400060,1.25e-05
1776492000049,1.25e-05
1776495600028,1.25e-05
1776499200049,1.25e-05
1776502800011,1.25e-05
1776506400020,1.25e-05
1776510000016,4.6343e-06
1776513600034,4.1077e-06
1776517200047,4.6372e-06
1776520800018,1.2884e-06
1776524400000,-2.3907e-06
1776528000001,-1.3139e-06
1776531600001,-3.656e-06
1776535200050,1.408e-06
1776538800039,-6.547e-07
1776542400037,3.282e-07
1776546000036,6.3718e-06
1776549600011,5.9433e-06
1776553200026,4.941e-06
1776556800053,2.5935e-06
1776560400051,6.473e-06
1776564000028,5.8009e-06
1776567600060,4.7058e-06
1776571200051,6.7118e-06
1776574800046,3.5974e-06
1776578400041,7.2457e-06
1776582000002,8.8192e-06
1776585600040,1.12589e-05
1776589200041,3.4618e-06
1776592800022,-1.5721e-06
1776596400032,5.9863e-06
1776600000016,1.25e-05
1776603600026,1.25e-05
1776607200011,1.25e-05
1776610800004,1.25e-05
1776614400010,1.25e-05
1776618000060,1.25e-05
1776621600009,1.25e-05
1776625200018,1.25e-05
1776628800030,1.05165e-05
1776632400025,5.2071e-06
1776636000007,8.4286e-06
1776639600025,1.914e-07
1776643200062,-5.1823e-06
1776646800029,4.6823e-06
1776650400053,5.0219e-06
1776654000025,9.5533e-06
1776657600029,1.08101e-05
1776661200055,1.08805e-05
1776664800000,1.13005e-05
1776668400006,1.18069e-05
1776672000037,6.6977e-06
1776675600008,3.64e-07
1776679200053,3.8569e-06
1776682800014,7.485e-06
1776686400091,1.2318e-05
1776690000051,1.25e-05
1776693600033,1.25e-05
1776697200041,1.25e-05
1776700800028,6.3991e-06
1776704400049,5.5802e-06
1776708000019,9.0053e-06
1776711600037,1.25e-05
1776715200063,1.25e-05
1776718800038,1.25e-05
1776722400039,1.25e-05
1776726000053,8.5604e-06
1776729600087,1.17235e-05
1776733200043,1.25e-05
1776736800023,1.25e-05
1776740400030,1.25e-05
1776744000018,9.2561e-06
1776747600065,7.7847e-06
1776751200010,1.15446e-05
1776754800053,1.25e-05
1776758400036,1.25e-05
1776762000005,1.25e-05
1776765600001,7.6018e-06
1776769200065,1.25e-05
1776772800036,1.25e-05
1776776400063,1.25e-05
1776780000044,1.25e-05
1776783600019,1.07768e-05
1776787200048,1.25e-05
1776790800003,1.07561e-05
1776794400065,1.01338e-05
1776798000039,9.6622e-06
1776801600004,6.5776e-06
1776805200015,1.25e-05
1776808800008,1.07942e-05
1776812400011,1.25e-05
1776816000061,1.25e-05
1776819600004,1.25e-05
1776823200042,1.25e-05
1776826800005,1.25e-05
1776830400056,1.25e-05
1776834000030,1.25e-05
1776837600005,1.25e-05
1776841200018,1.25e-05
1776844800009,1.25e-05
1776848400041,1.25e-05
1776852000008,1.25e-05
1776855600019,1.25e-05
1776859200041,1.25e-05
1776862800003,1.25e-05
1776866400043,1.25e-05
1776870000021,1.25e-05
1776873600051,1.25e-05
1776877200012,1.25e-05
1776880800036,1.25e-05
1776884400031,1.25e-05
1776888000051,1.25e-05
1776891600023,1.25e-05
1776895200042,1.25e-05
1776898800056,1.25e-05
1776902400028,1.25e-05
1776906000056,1.25e-05
1776909600016,1.25e-05
1776913200013,1.25e-05
1776916800053,1.25e-05
1776920400046,1.25e-05
1776924000079,1.25e-05
1776927600059,1.25e-05
1776931200019,1.25e-05
1776934800060,1.11507e-05
1776938400021,1.25e-05
1776942000053,4.9079e-06
1776945600024,1.03933e-05
1776949200060,1.25e-05
1776952800015,1.25e-05
1776956400020,1.25e-05
1776960000048,1.25e-05
1776963600075,1.25e-05
1776967200016,2.2001e-06
1776970800075,8.0355e-06
1776974400003,7.4057e-06
1776978000042,7.0251e-06
1776981600005,1.25e-05
1776985200065,1.25e-05
1776988800064,1.25e-05
1776992400021,1.25e-05
1776996000064,1.25e-05
1776999600062,1.25e-05
1777003200018,1.25e-05
1777006800065,1.25e-05
1777010400000,1.25e-05
1777014000039,1.25e-05
1777017600008,1.25e-05
1777021200041,1.25e-05
1777024800038,1.25e-05
1777028400039,1.25e-05
1777032000002,1.25e-05
1777035600047,1.25e-05
1777039200063,1.25e-05
1777042800001,1.25e-05
1777046400049,1.25e-05
1777050000011,1.25e-05
1777053600037,1.25e-05
1777057200020,1.25e-05
1777060800007,1.25e-05
1777064400058,1.25e-05
1777068000042,1.25e-05
1777071600055,1.25e-05
1777075200024,1.25e-05
1777078800002,1.25e-05
1777082400044,1.25e-05
1777086000063,1.25e-05
1777089600000,1.25e-05
1777093200035,1.25e-05
1777096800023,1.10605e-05
1777100400048,1.25e-05
1777104000044,1.25e-05
1777107600060,1.25e-05
1777111200052,1.25e-05
1777114800064,1.25e-05
1777118400039,1.03089e-05
1777122000031,1.25e-05
1777125600050,1.25e-05
1777129200037,1.25e-05
1777132800080,1.25e-05
1777136400047,1.25e-05
1777140000031,1.25e-05
1777143600078,1.25e-05
1777147200064,1.25e-05
1777150800007,1.25e-05
1777154400003,1.25e-05
1777158000060,1.25e-05
1777161600025,1.25e-05
1777165200030,1.25e-05
1777168800007,1.25e-05
1777172400050,1.25e-05
1777176000032,1.25e-05
1777179600041,1.25e-05
1777183200030,1.25e-05
1777186800026,1.25e-05
1777190400058,1.25e-05
1777194000062,1.25e-05
1777197600065,1.25e-05
1777201200018,1.25e-05
1777204800009,1.25e-05
1777208400066,1.25e-05
1777212000016,1.25e-05
1777215600039,1.25e-05
1777219200066,1.25e-05
1777222800052,1.25e-05
1777226400024,1.25e-05
1777230000056,1.25e-05
1777233600017,1.25e-05
1777237200054,1.25e-05
1777240800047,1.25e-05
1777244400060,1.25e-05
1777248000023,1.25e-05
1777251600035,1.25e-05
1777255200052,1.25e-05
1777258800072,1.25e-05
1777262400041,1.25e-05
1777266000055,1.25e-05
1777269600007,1.25e-05
1777273200017,1.25e-05
1777276800012,3.3322e-06
1777280400041,5.7666e-06
1777284000013,1.13482e-05
1777287600115,1.2354e-05
1777291200058,6.8295e-06
1777294800020,1.15741e-05
1777298400028,1.0348e-05
1777302000022,1.25e-05
1777305600036,5.7939e-06
1777309200033,1.25e-05
1777312800033,1.25e-05
1777316400021,8.8763e-06
1777320000008,8.5156e-06
1777323600011,8.9138e-06
1777327200064,1.25e-05
1777330800012,1.25e-05
1777334400035,1.25e-05
1777338000003,1.25e-05
1777341600051,1.25e-05
1777345200044,1.25e-05
1777348800007,1.25e-05
1777352400034,1.25e-05
1777356000029,1.25e-05
1777359600063,1.25e-05
1777363200019,8.8068e-06
1777366800032,1.25e-05
1777370400023,1.25e-05
1777374000007,1.25e-05
1777377600016,8.2681e-06
1777381200077,1.25e-05
1777384800058,1.25e-05
1777388400063,1.25e-05
1777392000007,1.25e-05
1777395600070,1.25e-05
1777399200055,1.25e-05
1777402800060,1.25e-05
1777406400031,1.25e-05
1777410000052,1.25e-05
1777413600027,1.25e-05
1777417200042,1.25e-05
1777420800003,1.25e-05
1777424400025,1.25e-05
1777428000000,1.25e-05
1777431600009,1.25e-05
1777435200032,1.25e-05
1777438800046,1.25e-05
1777442400001,1.25e-05
1777446000063,1.25e-05
1777449600030,1.25e-05
1777453200042,1.25e-05
1777456800016,1.83169e-05
1777460400024,3.11188e-05
1777464000054,2.71678e-05
1777467600053,1.25e-05
1777471200029,1.25e-05
1777474800047,1.25e-05
1777478400067,1.25e-05
1777482000001,1.25e-05
1777485600043,1.25e-05
1777489200048,1.25e-05
1777492800001,1.25e-05
1777496400052,1.25e-05
1777500000002,1.25e-05
1777503600061,1.80504e-05
1777507200020,1.25e-05
1777510800019,2.75856e-05
1777514400044,4.2652e-05
1777518000073,1.25e-05
1777521600059,2.5609e-05
1777525200030,1.25e-05
1777528800060,1.25e-05
1777532400057,1.25e-05
1777536000072,2.71203e-05
1777539600041,4.81503e-05
1777543200040,3.49408e-05
1777546800009,1.25e-05
1777550400065,1.25e-05
1777554000045,1.25e-05
1777557600004,1.25e-05
1777561200033,1.25e-05
1777564800003,1.25e-05
1777568400029,1.25e-05
1777572000025,1.25e-05
1777575600030,1.25e-05
1777579200048,1.25e-05
1777582800009,1.25e-05
1777586400010,1.25e-05
1777590000005,1.25e-05
1777593600045,1.25e-05
1777597200040,1.25e-05
1777600800073,1.25e-05
1777604400003,1.25e-05
1777608000097,1.25e-05
1777611600029,1.25e-05
1777615200052,1.25e-05
1777618800028,1.25e-05
1777622400049,1.25e-05
1777626000046,1.25e-05
1777629600063,1.25e-05
1777633200046,1.25e-05
1777636800012,1.25e-05
1777640400028,1.25e-05
1777644000051,1.25e-05
1777647600002,1.25e-05
1777651200055,1.25e-05
1777654800055,1.25e-05
1777658400043,1.25e-05
1777662000031,1.25e-05
1777665600011,1.25e-05
1777669200059,1.25e-05
1777672800054,1.25e-05
1777676400002,1.25e-05
1777680000010,1.25e-05
1777683600070,1.25e-05
1777687200056,1.25e-05
1777690800038,1.25e-05
1777694400019,1.25e-05
1777698000004,1.25e-05
1777701600040,1.25e-05
1777705200044,1.25e-05
1777708800031,1.25e-05
1777712400002,1.25e-05
1777716000010,1.25e-05
1777719600041,1.25e-05
1777723200048,1.25e-05
1777726800017,1.25e-05
1777730400025,1.25e-05
1777734000021,1.25e-05
1777737600033,1.25e-05
1777741200048,1.25e-05
1777744800025,1.25e-05
1777748400038,1.25e-05
1777752000064,1.25e-05
1777755600020,1.25e-05
1777759200000,1.25e-05
1777762800067,1.25e-05
1777766400049,1.25e-05
1777770000025,1.25e-05
1777773600016,1.25e-05
1777777200053,1.25e-05
1777780800034,1.25e-05
1777784400010,1.25e-05
1777788000024,1.25e-05
1777791600004,1.25e-05
1777795200037,1.25e-05
1777798800018,1.25e-05
1777802400038,1.25e-05
1777806000052,1.25e-05
1777809600047,1.25e-05
1777813200005,1.25e-05
1777816800027,1.25e-05
1777820400059,1.25e-05
1777824000054,1.25e-05
1777827600044,1.25e-05
1777831200060,1.25e-05
1777834800014,1.25e-05
1777838400040,1.25e-05
1777842000037,1.25e-05
1777845600024,1.25e-05
1777849200039,1.25e-05
1777852800030,1.25e-05
1777856400063,1.25e-05
1777860000059,1.25e-05
1777863600012,1.25e-05
1777867200014,1.25e-05
1777870800025,1.25e-05
1777874400035,1.25e-05
1777878000001,1.25e-05
1777881600065,1.25e-05
1777885200015,1.25e-05
1777888800011,1.25e-05
1777892400065,1.25e-05
1777896000066,1.25e-05
1777899600032,1.25e-05
1777903200079,1.25e-05
1777906800062,1.25e-05
1777910400030,1.25e-05
1777914000041,1.25e-05
1777917600053,1.25e-05
1777921200037,1.25e-05
1777924800060,1.25e-05
1777928400052,1.25e-05
1777932000075,1.25e-05
1777935600055,1.25e-05
1777939200021,1.25e-05
1777942800040,1.25e-05
1777946400044,1.25e-05
1777950000039,1.25e-05
1777953600016,1.25e-05
1777957200057,1.25e-05
1777960800006,1.25e-05
1777964400052,1.25e-05
1777968000055,1.25e-05
1777971600016,1.25e-05
1777975200002,1.25e-05
1777978800054,1.25e-05
1777982400025,1.25e-05
1777986000065,1.25e-05
1777989600022,1.25e-05
1777993200017,1.25e-05
1777996800028,1.25e-05
1778000400003,1.25e-05
1778004000061,1.25e-05
1778007600036,1.25e-05
1778011200001,1.25e-05
1778014800044,1.25e-05
1778018400066,1.25e-05
1778022000056,1.25e-05
1778025600026,1.25e-05
1778029200002,1.25e-05
1778032800010,1.25e-05
1778036400061,1.25e-05
1778040000067,1.25e-05
1778043600011,1.25e-05
1778047200051,1.25e-05
1778050800046,1.25e-05
1778054400014,1.25e-05
1778058000029,1.25e-05
1778061600058,1.25e-05
1778065200012,1.25e-05
1778068800046,1.25e-05
1778072400027,1.25e-05
1778076000062,1.25e-05
1778079600012,1.25e-05
1778083200063,1.25e-05
1778086800019,1.25e-05
1778090400065,1.25e-05
1778094000068,1.25e-05
1778097600077,1.25e-05
1778101200026,1.25e-05
1778104800045,1.25e-05
1778108400000,4.1707e-06
1778112000059,1.05207e-05
1778115600065,5.8226e-06
1778119200043,6.1048e-06
1778122800030,8.9889e-06
1778126400026,1.25e-05
1778130000051,-1.534e-07
1778133600013,8.5456e-06
1778137200061,1.25e-05
1778140800060,1.25e-05
1778144400013,1.25e-05
1778148000020,1.25e-05
1778151600037,1.25e-05
1778155200009,1.25e-05
1778158800041,1.25e-05
1778162400079,1.25e-05
1778166000021,-3.0492e-06
1778169600044,-9.0153e-06
1778173200070,5.7394e-06
1778176800001,1.25e-05
1778180400025,1.25e-05
1778184000029,1.25e-05
1778187600026,1.25e-05
1778191200025,1.25e-05
1778194800057,1.25e-05
1778198400069,1.25e-05
1778202000002,1.25e-05
1778205600026,1.25e-05
1778209200048,1.25e-05
1778212800023,1.25e-05
1778216400023,1.25e-05
1778220000012,1.25e-05
1778223600012,1.25e-05
1778227200002,1.25e-05
1778230800038,1.25e-05
1778234400074,1.25e-05
1778238000003,1.25e-05
1778241600055,1.25e-05
1778245200029,1.25e-05
1778248800050,1.25e-05
1778252400064,1.25e-05
1778256000018,1.25e-05
1778259600053,1.25e-05
1778263200064,1.25e-05
1778266800038,1.25e-05
1778270400043,1.25e-05
1778274000041,1.25e-05
1778277600054,1.25e-05
1778281200009,1.25e-05
1778284800000,1.25e-05
1778288400009,1.25e-05
1778292000018,1.25e-05
1778295600006,1.25e-05
1778299200003,1.25e-05
1778302800047,1.25e-05
1778306400038,1.25e-05
1778310000036,1.25e-05
1778313600024,1.25e-05
1778317200062,1.25e-05
1778320800026,1.25e-05
1778324400050,1.25e-05
1778328000059,1.25e-05
1778331600000,1.25e-05
1778335200040,1.25e-05
1778338800053,1.25e-05
1778342400017,1.25e-05
1778346000001,1.25e-05
1778349600017,1.25e-05
1778353200018,1.25e-05
1778356800068,1.25e-05
1778360400051,1.25e-05
1778364000008,1.25e-05
1778367600025,1.25e-05
1778371200032,1.25e-05
1778374800048,1.25e-05
1778378400005,1.25e-05
1778382000065,1.25e-05
1778385600039,1.25e-05
1778389200002,1.25e-05
1778392800045,1.25e-05
1778396400044,1.25e-05
1778400000015,1.25e-05
1778403600013,1.25e-05
1778407200065,1.25e-05
1778410800000,1.25e-05
1778414400050,1.25e-05
1778418000020,1.25e-05
1778421600012,1.25e-05
1778425200019,1.25e-05
1778428800019,1.25e-05
1778432400006,1.25e-05
1778436000007,1.25e-05
1778439600038,1.25e-05
1778443200068,1.25e-05
1778446800002,1.25e-05
1778450400042,1.25e-05
1778454000083,1.25e-05
1778457600028,1.25e-05
1778461200001,1.25e-05
1778464800074,1.25e-05
1778468400051,1.25e-05
1778472000063,-5.53e-07
1778475600064,1.8644e-06
1778479200017,1.25e-05
1778482800034,1.25e-05
1778486400079,1.25e-05
1778490000051,1.25e-05
1778493600007,1.25e-05
1778497200059,1.25e-05
1778500800038,1.25e-05
1778504400052,1.25e-05
1778508000014,1.11658e-05
1778511600033,2.9869e-06
1778515200025,1.25e-05
1778518800005,1.25e-05
1778522400015,1.25e-05
1778526000033,1.25e-05
1778529600044,1.25e-05
1778533200034,1.25e-05
1778536800039,1.25e-05
1778540400005,1.25e-05
1778544000040,1.25e-05
1778547600019,1.25e-05
1778551200065,1.25e-05
1778554800018,1.25e-05
1778558400027,1.25e-05
1778562000020,1.25e-05
1778565600058,1.25e-05
1778569200008,1.25e-05
1778572800010,1.25e-05
1778576400005,6.251e-06
1778580000036,6.5643e-06
1778583600001,5.5554e-06
1778587200020,6.9646e-06
1778590800033,1.12972e-05
1778594400005,8.9529e-06
1778598000008,1.07253e-05
1778601600023,1.25e-05
1778605200037,7.2636e-06
1778608800037,1.25e-05
1778612400061,1.25e-05
1778616000021,1.25e-05
1778619600063,1.25e-05
1778623200054,1.25e-05
1778626800054,1.25e-05
1778630400016,1.25e-05
1778634000036,1.25e-05
1778637600050,1.25e-05
1778641200058,1.25e-05
1778644800066,1.25e-05
1778648400005,1.25e-05
1778652000016,1.25e-05
1778655600003,1.25e-05
1778659200046,1.25e-05
1778662800025,1.25e-05
1778666400006,1.25e-05
1778670000013,1.25e-05
1778673600048,1.25e-05
1778677200052,1.25e-05
1778680800024,1.25e-05
1778684400005,6.1606e-06
1778688000041,7.2565e-06
1778691600031,1.25e-05
1778695200014,1.25e-05
1778698800037,1.25e-05
1778702400043,1.25e-05
1778706000045,1.25e-05
1778709600004,1.25e-05
1778713200051,1.25e-05
1778716800062,1.25e-05
1778720400013,1.25e-05
1778724000012,1.25e-05
1778727600011,1.25e-05
1778731200047,1.25e-05
1778734800013,1.25e-05
1778738400014,1.25e-05
1778742000043,1.25e-05
1778745600035,1.25e-05
1778749200066,1.25e-05
1778752800000,1.25e-05
1778756400034,1.25e-05
1778760000001,1.25e-05
1778763600032,1.25e-05
1778767200002,1.25e-05
1778770800003,1.25e-05
1778774400047,1.25e-05
1778778000043,1.25e-05
1778781600066,1.25e-05
1778785200050,3.17302e-05
1778788800004,3.32508e-05
1778792400042,1.25e-05
1778796000026,1.25e-05
1778799600062,1.25e-05
1778803200071,1.25e-05
1778806800009,1.498e-05
1778810400030,3.25564e-05
1778814000043,1.25e-05
1778817600003,1.25e-05
1778821200001,1.25e-05
1778824800044,1.25e-05
1778828400034,1.25e-05
1778832000064,1.25e-05
1778835600005,1.25e-05
1778839200060,1.25e-05
1778842800038,1.25e-05
1778846400064,1.25e-05
1778850000023,1.25e-05
1778853600006,1.25e-05
1778857200044,1.25e-05
1778860800007,1.25e-05
1778864400060,1.25e-05
1778868000019,8.9918e-06
1778871600018,1.25e-05
1778875200015,1.25e-05
1778878800028,5.3339e-06
1778882400049,1.14028e-05
1778886000060,1.25e-05
1778889600027,1.25e-05
1778893200021,1.25e-05
1778896800038,1.25e-05
1778900400011,9.69e-07
1778904000008,3.6603e-06
1778907600023,6.4411e-06
1778911200064,1.07259e-05
1778914800006,-5.6202e-06
1778918400011,-8.191e-06
1778922000078,-1.13748e-05
1778925600062,-4.6213e-06
1778929200002,-2.42636e-05
1778932800005,-1.6734e-05
1778936400061,-1.09664e-05
1778940000057,2.2837e-06
1778943600025,1.07506e-05
1778947200094,1.25e-05
1778950800048,1.25e-05
1778954400018,1.24106e-05
1778958000075,1.25e-05
1778961600048,1.25e-05
1778965200049,1.25e-05
1778968800029,8.9262e-06
1778972400023,1.25e-05
1778976000019,1.25e-05
1778979600017,1.15505e-05
1778983200062,5.752e-06
1778986800038,8.672e-07
1778990400049,6.7864e-06
1778994000018,9.1777e-06
1778997600056,3.2416e-06
1779001200051,1.182e-07
1779004800048,9.4463e-06
1779008400010,1.13247e-05
1779012000039,1.11753e-05
1779015600016,4.2823e-06
1779019200014,7.276e-06
1779022800031,9.9018e-06
1779026400058,-1.349e-05
1779030000036,-3.4195e-06
1779033600030,3.6597e-06
1779037200025,3.9315e-06
1779040800010,8.4832e-06
1779044400032,8.2632e-06
1779048000020,1.175e-05
1779051600040,1.25e-05
1779055200040,1.25e-05
1779058800035,1.25e-05
1779062400029,5.4028e-06
1779066000063,6.9166e-06
1779069600013,1.934e-06
1779073200036,-6.4877e-06
1779076800064,-1.2125e-06
1779080400001,-7.0843e-06
1779084000055,-6.8718e-06
1779087600056,-3.30262e-05
1779091200006,-2.82901e-05
1779094800014,-2.93548e-05
1779098400046,-2.66498e-05
1779102000036,-2.20537e-05
1779105600049,-1.98514e-05
1779109200017,-2.1979e-05
1779112800012,-1.31075e-05
1779116400010,-1.02934e-05
1779120000018,-1.58877e-05
1779123600058,-4.362e-06
1779127200004,-1.1353e-06
1779130800025,-5.9449e-06
1779134400028,-8.777e-07
1779138000056,2.6223e-06
1779141600030,6.6741e-06
1779145200051,1.25e-05
1779148800076,1.25e-05
1779152400068,1.25e-05
1779156000015,1.25e-05
1779159600011,1.25e-05
1779163200005,1.25e-05
1779166800006,3.837e-06
1779170400005,8.7286e-06
1779174000011,3.1488e-06
1779177600002,8.1022e-06
1779181200038,1.0179e-05
1779184800119,-1.03421e-05
1779188400046,-9.6158e-06
1779192000006,-1.44495e-05
1779195600004,-1.35043e-05
1779199200046,-1.25547e-05
1779202800024,-1.19722e-05
1779206400021,-1.05842e-05
1779210000012,-2.62e-06
1779213600033,-1.3129e-06
1779217200016,1.9711e-06
1779220800064,3.4927e-06
1779224400051,2.4402e-06
1779228000037,-2.2526e-06
1779231600001,-6.037e-07
1779235200009,-3.3253e-06
1779238800030,-5.1606e-06
1779242400030,-4.9361e-06
1779246000073,-3.9143e-06
1779249600039,-2.294e-07
1779253200020,-7.26e-08
1779256800034,4.4043e-06
1779260400054,-2.0583e-06
1779264000081,-1.4297e-06
1779267600011,-1.0895e-06
1779271200027,3.4617e-06
1779274800044,-1.114e-06
1779278400039,4.945e-07
1779282000022,1.13234e-05
1779285600022,-2.9743e-06
1779289200052,7.8877e-06
1779292800041,1.25e-05
1779296400014,1.25e-05
1779300000030,1.25e-05
1779303600047,1.25e-05
1779307200014,8.3641e-06
1779310800054,1.13885e-05
1779314400084,1.25e-05
1779318000041,1.25e-05
1779321600086,1.2018e-05
1779325200000,1.25e-05
1779328800020,1.25e-05
1779332400062,1.25e-05
1779336000053,1.25e-05
1779339600042,1.25e-05
1779343200049,1.25e-05
1779346800047,1.25e-05
1779350400055,1.25e-05
1779354000023,1.25e-05
1779357600064,1.25e-05
1779361200033,1.25e-05
1779364800034,1.25e-05
1779368400045,1.25e-05
1779372000050,1.25e-05
1779375600017,1.25e-05
1779379200025,1.25e-05
1779382800000,1.25e-05
1779386400024,1.25e-05
1779390000021,1.25e-05
1779393600036,1.25e-05
1779397200011,1.25e-05
1779400800008,1.25e-05
1779404400065,1.25e-05
1779408000060,1.25e-05
1779411600003,1.25e-05
1779415200021,1.25e-05
1779418800022,1.25e-05
1779422400017,1.25e-05
1779426000023,1.25e-05
1779429600051,1.25e-05
1779433200006,1.25e-05
1779436800011,1.25e-05
1779440400045,1.25e-05
1779444000026,1.25e-05
1779447600051,1.25e-05
1779451200027,1.25e-05
1779454800050,1.25e-05
1779458400017,1.25e-05
1779462000066,1.25e-05
1779465600062,1.25e-05
1779469200029,1.25e-05
1779472800016,1.25e-05
1779476400007,-3.6506e-06
1779480000011,1.25e-05
1779483600002,1.25e-05
1779487200000,1.25e-05
1779490800031,1.25e-05
1779494400006,1.25e-05
1779498000002,1.25e-05
1779501600041,1.25e-05
1779505200019,1.25e-05
1779508800053,1.25e-05
1779512400048,1.00451e-05
1779516000036,2.3509e-06
1779519600066,-1.7546e-06
1779523200034,-1.04729e-05
1779526800067,-2.07723e-05
1779530400023,-1.22809e-05
1779534000030,-1.04417e-05
1779537600039,-1.49084e-05
1779541200035,-1.18753e-05
1779544800062,-7.1858e-06
1779548400004,-7.7196e-06
1779552000017,-2.8968e-06
1779555600014,3.0737e-06
1779559200068,6.224e-06
1779562800020,1.03552e-05
1779566400058,7.6939e-06
1779570000077,1.25e-05
1779573600025,1.25e-05
1779577200064,1.25e-05
1779580800038,1.25e-05
1779584400045,1.25e-05
1779588000010,1.25e-05
1779591600005,1.25e-05
1779595200011,1.25e-05
1779598800055,1.25e-05
1779602400049,1.25e-05
1779606000038,1.25e-05
1779609600034,1.25e-05
1779613200048,1.25e-05
1779616800040,1.25e-05
1779620400057,1.25e-05
1779624000043,1.25e-05
1779627600052,1.12518e-05
1779631200052,1.23846e-05
1779634800032,5.0838e-06
1779638400024,7.8013e-06
1779642000003,1.25e-05
1779645600030,9.6063e-06
1779649200041,3.2545e-06
1779652800000,6.2975e-06
1779656400064,7.495e-06
1779660000015,7.0016e-06
1779663600033,1.25e-05
1779667200025,1.25e-05
1779670800064,1.25e-05
1779674400016,1.25e-05
1779678000050,1.25e-05
1779681600031,1.25e-05
1779685200047,1.25e-05
1779688800042,1.25e-05
1779692400052,1.25e-05
1779696000016,1.25e-05
1779699600028,1.25e-05
1779703200021,1.25e-05
1779706800006,1.25e-05
1779710400041,1.25e-05
1779714000008,1.25e-05
1779717600059,1.25e-05
1779721200007,1.25e-05
1779724800039,1.25e-05
1779728400058,1.25e-05
1779732000047,1.25e-05
1779735600032,1.25e-05
1779739200052,1.25e-05
1779742800018,1.25e-05
1779746400006,1.25e-05
1779750000026,1.25e-05
1779753600040,1.25e-05
1779757200062,1.25e-05
1779760800054,1.25e-05
1779764400003,1.25e-05
1779768000070,1.25e-05
1779771600065,1.25e-05
1779775200000,1.25e-05
1779778800049,1.25e-05
1779782400058,1.25e-05
1779786000057,1.25e-05
1779789600044,1.25e-05
1779793200020,1.25e-05
1779796800014,1.25e-05
1779800400069,1.25e-05
1779804000051,1.25e-05
1779807600029,1.25e-05
1779811200057,1.25e-05
1779814800064,1.25e-05
1779818400049,1.25e-05
1779822000056,9.1324e-06
1779825600058,6.3756e-06
1779829200049,8.069e-06
1779832800001,8.9817e-06
1779836400051,1.25e-05
1779840000065,1.25e-05
1779843600008,1.25e-05
1779847200053,1.25e-05
1779850800017,1.25e-05
1779854400028,1.25e-05
1779858000014,1.25e-05
1779861600071,1.25e-05
1779865200045,1.25e-05
1779868800033,1.25e-05
1779872400026,1.25e-05
1779876000049,1.25e-05
1779879600070,1.25e-05
1779883200022,1.25e-05
1779886800017,1.25e-05
1779890400009,1.25e-05
1779894000023,1.25e-05
1779897600056,1.25e-05
1779901200002,1.25e-05
1779904800010,1.25e-05
1779908400031,1.25e-05
1779912000047,1.25e-05
1779915600032,1.25e-05
1779919200045,1.25e-05
1779922800042,1.25e-05
1779926400013,1.25e-05
1779930000013,1.25e-05
1779933600044,1.25e-05
1779937200040,1.25e-05
1779940800023,1.25e-05
1779944400005,-3.12841e-05
1779948000060,-2.83737e-05
1779951600067,-1.74846e-05
1779955200036,-1.11592e-05
1779958800022,-6.7716e-06
1779962400054,-3.0156e-06
1779966000027,-7.486e-07
1779969600003,5.356e-06
1779973200059,1.10311e-05
1779976800011,4.5002e-06
1779980400054,-1.162e-06
1779984000085,9.8814e-06
1779987600054,8.3842e-06
1779991200081,8.5411e-06
1779994800045,1.25e-05
1779998400024,1.25e-05
1780002000054,1.25e-05
1780005600057,1.25e-05
1780009200062,1.25e-05
1780012800066,1.25e-05
1780016400046,1.25e-05
1780020000003,1.25e-05
1780023600035,1.25e-05
1780027200041,1.25e-05
1780030800056,1.25e-05
1780034400048,1.25e-05
1780038000013,1.25e-05
1780041600008,1.25e-05
1780045200061,1.25e-05
1780048800035,1.25e-05
1780052400034,1.25e-05
1780056000030,1.25e-05
1780059600037,1.25e-05
1780063200045,6.1865e-06
1780066800047,-1.7213e-06
1780070400042,1.02565e-05
1780074000070,1.25e-05
1780077600058,1.25e-05
1780081200015,1.25e-05
1780084800023,1.25e-05
1780088400009,1.25e-05
1780092000051,1.25e-05
1780095600004,1.25e-05
1780099200028,-3.4617e-06
1780102800060,-7.7735e-06
1780106400046,9.595e-07
1780110000016,5.1626e-06
1780113600011,5.9063e-06
1780117200025,-4.691e-06
1780120800060,-5.2524e-06
1780124400054,-5.4499e-06
1780128000009,-1.25307e-05
1780131600066,3.375e-07
1780135200023,-6.4634e-06
1780138800024,-2.1922e-06
1780142400050,-6.7703e-06
1780146000053,-2.8346e-06
1780149600049,-1.9678e-06
1780153200029,5.1489e-06
1780156800037,8.7707e-06
1780160400070,9.7781e-06
1780164000038,3.3149e-06
1780167600053,8.0705e-06
1780171200009,1.9206e-06
1780174800027,4.9824e-06
1780178400060,1.25e-05
1780182000030,2.5643e-06
1780185600055,1.9703e-06
1780189200031,-2.6137e-06
1780192800062,-5.7516e-06
1780196400003,-5.1618e-06
1780200000040,-4.6117e-06
1780203600014,1.085e-06
1780207200012,4.0875e-06
1780210800007,4.781e-07
1780214400066,3.9216e-06
1780218000025,2.0895e-06
1780221600045,3.7775e-06
1780225200064,-1.3831e-06
1780228800048,3.554e-07
1780232400065,6.8334e-06
1780236000044,9.5092e-06
1780239600067,-6.612e-06
1780243200042,-7.0263e-06
1780246800009,-4.67e-07
1780250400037,-9.6883e-06
1780254000023,-1.12546e-05
1780257600049,-1.21678e-05
1780261200008,-1.1312e-05
1780264800006,-8.5925e-06
1780268400059,-3.6703e-06
1780272000050,2.8093e-06
1780275600010,1.25e-05
1780279200046,1.25e-05
1780282800011,1.25e-05
1780286400002,1.25e-05
1780290000044,1.25e-05
1780293600037,1.25e-05
1780297200013,1.25e-05
1780300800010,1.25e-05
1780304400047,6.1743e-06
1780308000040,1.25e-05
1780311600055,1.25e-05
1780315200049,1.25e-05
1780318800049,1.25e-05
1780322400037,1.25e-05
1780326000039,1.25e-05
1780329600001,1.25e-05
1780333200058,1.25e-05
1780336800025,1.25e-05
1780340400027,1.25e-05
1780344000058,1.25e-05
1780347600055,1.25e-05
1780351200044,1.25e-05
1780354800015,1.25e-05
1780358400016,1.25e-05
1780362000049,1.25e-05
1780365600054,1.25e-05
1780369200062,1.25e-05
1780372800063,1.25e-05
1780376400058,1.25e-05
1780380000028,1.25e-05
1780383600028,1.25e-05
1780387200005,1.25e-05
1780390800004,1.25e-05
1780394400060,1.25e-05
1780398000048,1.25e-05
1780401600006,1.25e-05
1780405200077,1.25e-05
1780408800037,1.25e-05
1780412400036,1.12028e-05
1780416000038,1.25e-05
1780419600008,1.25e-05
1780423200014,1.25e-05
1780426800026,1.25e-05
1780430400012,1.25e-05
1780434000028,1.25e-05
1780437600035,1.25e-05
1780441200004,1.25e-05
1780444800019,1.25e-05
1780448400036,9.9831e-06
1780452000062,1.25e-05
1780455600014,1.14088e-05
1780459200013,1.05836e-05
1780462800067,9.7453e-06
1780466400063,1.25e-05
1780470000027,1.25e-05
1780473600040,1.25e-05
1780477200040,3.6673e-06
1780480800062,-8.45e-08
1780484400013,5.6422e-06
1780488000046,2.322e-06
1780491600050,1.8315e-06
1780495200007,4.6145e-06
1780498800049,1.25e-05
1780502400028,1.25e-05
1780506000013,2.5964e-06
1780509600020,2.8197e-06
1780513200000,1.2289e-06
1780516800019,2.1986e-06
1780520400009,9.5757e-06
1780524000056,1.25e-05
1780527600002,1.25e-05
1780531200032,1.16051e-05
1780534800002,1.15179e-05
1780538400047,-8.696e-07
1780542000080,-2.21467e-05
1780545600010,-1.17371e-05
1780549200076,-2.9508e-06
1780552800007,-4.839e-07
1780556400059,2.0152e-06
1780560000004,8.051e-07
1780563600027,-4.4748e-06
1780567200015,-5.962e-06
1780570800025,-5.8528e-06
1780574400078,-9.0656e-06
1780578000006,-4.018e-07
1780581600014,7.5623e-06
1780585200006,1.25e-05
1780588800043,1.25e-05
1780592400015,1.25e-05
1780596000073,1.25e-05
1780599600000,1.25e-05
1780603200031,1.25e-05
1780606800063,1.25e-05
1780610400059,1.25e-05
1780614000046,1.25e-05
1780617600043,1.25e-05
1780621200052,1.25e-05
1780624800003,1.05007e-05
1780628400006,1.23453e-05
1780632000016,1.07478e-05
1780635600021,5.8875e-06
1780639200019,2.233e-07
1780642800021,-6.0624e-06
1780646400042,-7.8063e-06
1780650000016,-1.02778e-05
1780653600050,-1.02813e-05
1780657200006,-1.06722e-05
1780660800000,-1.00543e-05
1780664400043,-8.2691e-06
1780668000000,-3.1809e-06
1780671600009,-1.2584e-06
1780675200015,-9.4688e-06
1780678800002,-2.05529e-05
1780682400016,-2.19659e-05
1780686000012,-1.6412e-05
1780689600028,-2.25467e-05
1780693200020,-1.63212e-05
1780696800051,-9.2703e-06
1780700400054,-5.6209e-06
1780704000050,-1.39731e-05
1780707600030,-1.65754e-05
1780711200008,-1.12554e-05
1780714800034,-7.5423e-06
1780718400023,-1.5066e-05
1780722000060,-3.19072e-05
1780725600032,-1.70986e-05
1780729200001,-1.37561e-05
1780732800036,-1.17296e-05
1780736400036,-7.6107e-06
1780740000063,-8.1672e-06
1780743600048,-1.65443e-05
1780747200046,-1.50089e-05
1780750800048,-1.15683e-05
1780754400030,-6.3258e-06
1780758000011,-4.3757e-06
1780761600033,-1.43296e-05
1780765200057,-8.8369e-06
1780768800049,-1.23734e-05
1780772400038,-1.68286e-05
1780776000003,-2.02321e-05
1780779600065,-1.74773e-05
1780783200025,-1.48692e-05
1780786800050,-1.52092e-05
1780790400085,-1.82519e-05
1780794000004,-1.13579e-05
1780797600006,-9.5864e-06
1780801200040,-1.16047e-05
1780804800034,-1.14976e-05
1780808400000,-7.3977e-06
1780812000055,-7.1088e-06
1780815600034,-8.8348e-06
1780819200059,-1.24094e-05
1780822800063,-3.7338e-06
1780826400024,-6.9711e-06
1780830000042,-9.3191e-06
1780833600010,-1.4779e-06
1780837200027,1.2085e-05
1780840800030,7.2554e-06
1780844400011,1.09671e-05
1780848000011,9.209e-06
1780851600053,9.9015e-06
1780855200001,6.6697e-06
1780858800055,6.132e-06
1780862400046,3.8554e-06
1780866000028,7.3299e-06
1780869600052,4.6973e-06
1780873200003,1.12779e-05
1780876800034,1.09139e-05
1780880400034,5.322e-06
1780884000011,4.3472e-06
1780887600005,9.301e-07
1780891200025,5.8406e-06
1780894800046,2.7293e-06
1780898400031,6.5634e-06
1780902000063,1.04311e-05
1780905600003,7.1143e-06
1780909200009,7.7357e-06
1780912800047,1.12067e-05
1780916400017,6.0539e-06
1780920000056,1.25e-05
1780923600057,1.25e-05
1780927200035,1.25e-05
1780930800045,9.744e-06
1780934400055,8.6808e-06
1780938000075,7.9788e-06
1780941600012,3.1979e-06
1780945200027,-3.3415e-06
1780948800032,2.6029e-06
1780952400056,3.0702e-06
1780956000019,3.5369e-06
1780959600022,2.8321e-06
1780963200005,3.5471e-06
1780966800014,5.6203e-06
1780970400051,8.3947e-06
1780974000043,7.9793e-06
1780977600002,4.6448e-06
1780981200011,1.0422e-05
1780984800060,1.25e-05
1780988400027,1.10162e-05
1780992000081,8.8052e-06
1780995600001,8.2299e-06
1780999200031,7.4717e-06
1781002800067,-6.162e-07
1781006400036,7.1123e-06
1781010000031,7.9894e-06
1781013600014,1.16362e-05
1781017200029,1.25e-05
1781020800059,1.1821e-05
1781024400048,1.25e-05
1781028000032,1.25e-05
1781031600014,1.25e-05
1781035200045,1.10898e-05
1781038800056,3.6435e-06
1781042400063,5.7107e-06
1781046000059,9.2997e-06
1781049600070,2.157e-06
1781053200000,3.2654e-06
1781056800069,5.363e-07
1781060400030,-2.8462e-06
1781064000056,-7.2197e-06
1781067600003,-2.9167e-06
1781071200052,-1.1852e-06
1781074800059,2.4621e-06
1781078400060,1.6813e-06
1781082000053,6.7693e-06
1781085600013,8.8112e-06
1781089200011,2.7062e-06
1781092800032,1.05031e-05
1781096400058,1.25e-05
1781100000031,1.25e-05
1781103600057,1.04261e-05
1781107200069,7.3844e-06
1781110800012,1.956e-06
1781114400035,-2.6496e-06
1781118000046,2.9924e-06
1781121600093,6.1976e-06
1781125200023,-8.1983e-06
1781128800019,-1.43047e-05
1781132400077,-9.1678e-06
1781136000009,-7.0275e-06
1781139600039,-5.1239e-06
1781143200020,-2.946e-07
1781146800013,3.099e-06
1781150400009,-1.7855e-06
1781154000046,2.4716e-06
1781157600039,3.4521e-06
1781161200008,6.4836e-06
1781164800045,4.5835e-06
1781168400054,6.9786e-06
1781172000038,5.6443e-06
1781175600033,1.9132e-06
1781179200033,5.2047e-06
1781182800055,9.9443e-06
1781186400020,1.03434e-05
1781190000013,1.25e-05
1781193600017,1.131e-05
1781197200083,7.3975e-06
1781200800016,9.0048e-06
1781204400018,8.3601e-06
1781208000005,1.25e-05
1781211600036,8.27e-06
1781215200073,1.15084e-05
1781218800052,1.25e-05
1781222400013,1.25e-05
1781226000025,1.25e-05
1781229600033,1.25e-05
1781233200057,1.25e-05
1781236800009,6.8009e-06
1781240400001,6.6698e-06
1781244000056,9.5175e-06
1781247600027,3.7696e-06
1781251200035,5.498e-07
1781254800010,1.25e-05
1781258400015,1.25e-05
1781262000055,1.20787e-05
1781265600007,1.13326e-05
1781269200010,7.6005e-06
1781272800052,1.03804e-05
1781276400064,1.25e-05
1781280000005,1.25e-05
1781283600011,1.25e-05
1781287200044,1.25e-05
1781290800018,1.25e-05
1781294400007,1.25e-05
1781298000026,1.25e-05
1781301600022,6.9326e-06
1781305200025,1.0148e-05
1781308800034,5.0846e-06
1781312400044,7.5553e-06
1781316000044,9.6697e-06
1781319600000,9.7366e-06
1781323200040,8.5575e-06
1781326800006,8.1696e-06
1781330400043,8.2486e-06
1781334000030,1.25e-05
1781337600040,1.25e-05
1781341200053,1.25e-05
1781344800009,1.25e-05
1781348400051,1.25e-05
1781352000000,1.25e-05
1781355600021,1.25e-05
1781359200056,1.25e-05
1781362800009,1.25e-05
1781366400004,1.25e-05
1781370000036,1.25e-05
1781373600014,1.25e-05
1781377200021,1.25e-05
1781380800035,1.25e-05
1781384400042,1.25e-05
1781388000013,1.25e-05
1781391600023,1.25e-05
1781395200001,1.25e-05
1781398800042,1.25e-05
1781402400025,1.25e-05
1781406000005,1.25e-05
1781409600004,1.25e-05
1781413200060,1.25e-05
1781416800020,1.25e-05
1781420400012,1.25e-05
1781424000012,1.25e-05
1781427600044,1.25e-05
1781431200035,1.25e-05
1781434800048,1.25e-05
1781438400020,1.25e-05
1781442000056,1.25e-05
1781445600060,1.25e-05
1781449200056,1.25e-05
1781452800021,9.0476e-06
1781456400045,2.3148e-06
1781460000069,1.25e-05
1781463600035,6.9696e-06
1781467200066,3.7094e-06
1781470800006,9.6671e-06
1781474400000,1.25e-05
1781478000037,1.25e-05
1781481600049,1.25e-05
1781485200042,1.25e-05
1781488800063,1.25e-05
1781492400033,1.25e-05
1781496000023,1.25e-05
1781499600034,1.25e-05
1781503200000,1.25e-05
1781506800033,1.25e-05
1781510400043,1.25e-05
1781514000039,1.25e-05
1781517600048,1.25e-05
1781521200029,1.25e-05
1781524800000,1.25e-05
1781528400063,1.25e-05
1781532000031,1.25e-05
1781535600041,1.25e-05
1781539200005,1.25e-05
1781542800050,1.25e-05
1781546400012,-1.6342e-06
1781550000021,-1.3356e-06
1781553600038,-4.1013e-06
1781557200032,-7.7903e-06
1781560800024,3.0453e-06
1781564400029,-8.3906e-06
1781568000049,-1.39169e-05
1781571600062,-8.6872e-06
1781575200020,1.8244e-06
1781578800030,-4.3851e-06
1781582400067,-1.15812e-05
1781586000040,-4.559e-06
1781589600054,-6.5531e-06
1781593200002,-3.2747e-06
1781596800014,4.4857e-06
1781600400032,4.9335e-06
1781604000053,5.8725e-06
1781607600052,2.4303e-06
1781611200012,1.25e-05
1781614800018,1.25e-05
1781618400003,1.25e-05
1781622000025,1.25e-05
1781625600006,1.25e-05
1781629200014,1.25e-05
1781632800055,1.25e-05
1781636400059,1.25e-05
1781640000016,1.25e-05
1781643600008,1.25e-05
1781647200006,1.25e-05
1781650800065,1.25e-05
1781654400032,6.3736e-06
1781658000044,9.1857e-06
1781661600023,1.09508e-05
1781665200051,1.08847e-05
1781668800000,1.18448e-05
1781672400013,1.13476e-05
1781676000002,1.12754e-05
1781679600050,1.06351e-05
1781683200007,1.25e-05
1781686800041,1.2421e-06
1781690400045,-3.8124e-06
1781694000045,-4.5351e-06
1781697600050,-1.65143e-05
1781701200010,-1.34446e-05
1781704800055,-4.6177e-06
1781708400065,4.063e-06
1781712000021,1.09896e-05
1781715600008,1.25e-05
1781719200085,1.0083e-05
1781722800014,7.6874e-06
1781726400002,-2.2261e-06
1781730000044,1.774e-07
1781733600055,9.7119e-06
1781737200018,9.7611e-06
1781740800025,1.25e-05
1781744400017,1.25e-05
1781748000016,1.25e-05
1781751600014,1.25e-05
1781755200006,1.18415e-05
1781758800058,-5.6003e-06
1781762400043,-5.2897e-06
1781766000049,-1.4935e-06
1781769600053,-1.295e-06
1781773200012,-4.6511e-06
1781776800028,-1.7628e-06
1781780400027,5.11e-07
1781784000055,4.5098e-06
1781787600033,3.8698e-06
1781791200057,1.4782e-06
1781794800016,-2.5389e-06
1781798400053,-1.0836e-05
1781802000046,-1.53873e-05
1781805600046,-9.1251e-06
1781809200059,-5.4704e-06
1781812800014,-1.6148e-06
1781816400066,-2.7761e-06
1781820000060,3.9503e-06
1781823600062,3.2663e-06
1781827200011,9.1843e-06
1781830800007,1.04484e-05
1781834400023,1.13673e-05
1781838000002,1.1099e-05
1781841600042,4.8731e-06
1781845200002,3.7088e-06
1781848800022,3.5025e-06
1781852400062,3.2571e-06
1781856000051,9.752e-07
1781859600032,1.3309e-06
1781863200018,2.7971e-06
1781866800000,2.3185e-06
1781870400053,7.5129e-06
1781874000015,6.8836e-06
1781877600037,8.3232e-06
1781881200043,8.7361e-06
1781884800032,1.11058e-05
1781888400013,1.1342e-05
1781892000044,8.6652e-06
1781895600013,8.1554e-06
1781899200028,7.3094e-06
1781902800023,8.3811e-06
1781906400007,4.901e-07
1781910000072,-3.2457e-06
1781913600067,8.338e-07
1781917200031,6.1714e-06
1781920800026,7.153e-07
1781924400064,4.1627e-06
1781928000056,7.9828e-06
1781931600023,9.6714e-06
1781935200048,5.1043e-06
1781938800021,-2.2714e-06
1781942400036,-2.8546e-06
1781946000017,1.3208e-06
1781949600001,-1.56264e-05
1781953200008,6.3718e-06
1781956800010,4.2721e-06
1781960400008,-1.2672e-06
1781964000023,-5.525e-07
1781967600024,2.1005e-06
1781971200039,5.0154e-06
1781974800006,5.447e-06
1781978400046,2.8248e-06
1781982000017,3.388e-07
1781985600032,-4.1976e-06
1781989200043,3.9658e-06
1781992800059,8.0104e-06
1781996400038,1.08652e-05
1782000000047,7.1363e-06
1782003600035,1.4328e-06
1782007200009,5.0529e-06
1782010800033,4.3099e-06
1782014400034,5.785e-07
1782018000004,-8.9374e-06
1782021600025,-3.1661e-06
1782025200043,-3.3266e-06
1782028800033,1.3009e-06
1782032400005,-5.5805e-06
1782036000020,-2.1731e-06
1782039600040,-9.304e-07
1782043200044,-1.21305e-05
1782046800053,-9.7115e-06
1782050400007,-1.1521e-06
1782054000003,2.0596e-06
1782057600030,1.042e-06
1782061200007,3.3217e-06
1782064800046,-1.5128e-06
1782068400029,-2.2708e-06
1782072000036,-4.5053e-06
1782075600057,-5.2593e-06
1782079200077,-6.0016e-06
1782082800061,-4.8964e-06
1782086400011,-2.7144e-06
1782090000019,-1.2704e-06
1782093600074,2.4477e-06
1782097200037,2.246e-06
1782100800020,-2.408e-06
1782104400054,-8.297e-07
1782108000033,3.1296e-06
1782111600031,8.0249e-06
1782115200054,6.7948e-06
1782118800012,7.0194e-06
1782122400040,1.4433e-06
1782126000045,-3.928e-06
1782129600028,1.25e-05
1782133200062,8.8629e-06
1782136800004,1.00884e-05
1782140400009,9.396e-07
1782144000016,-3.1141e-06
1782147600020,-1.4519e-06
1782151200035,9.466e-07
1782154800028,2.1593e-06
1782158400037,2.5221e-06
1782162000027,7.0956e-06
1782165600001,9.3464e-06
1782169200047,1.305e-06
1782172800019,4.9189e-06
1782176400050,2.9739e-06
1782180000059,1.284e-07
1782183600043,1.2767e-06
1782187200043,-2.7689e-06
1782190800000,-3.4027e-06
1782194400028,-2.1524e-06
1782198000005,-8.6217e-06
1782201600004,-1.16074e-05
1782205200027,-1.20641e-05
1782208800015,-1.09824e-05
1782212400038,-9.2439e-06
1782216000032,-4.1107e-06
1782219600064,-6.3696e-06
1782223200005,-4.9306e-06
1782226800068,-8.2236e-06
1782230400018,-6.9335e-06
1782234000004,-8.152e-06
1782237600057,-7.2623e-06
1782241200036,-7.7454e-06
1782244800052,-6.7818e-06
1782248400041,-5.4018e-06
1782252000077,-6.5968e-06
1782255600017,-6.5897e-06
1782259200059,-5.8205e-06
1782262800007,-7.2945e-06
1782266400045,-7.9064e-06
1782270000043,-1.12163e-05
1782273600009,-3.8519e-06
1782277200004,-3.4005e-06
1782280800031,-1.0427e-06
1782284400002,-5.128e-06
1782288000010,-4.2085e-06
1782291600011,-2.9587e-06
1782295200043,-8.4615e-06
1782298800026,-4.6282e-06
1782302400040,-6.1248e-06
1782306000010,-6.3681e-06
1782309600048,-1.5852e-05
1782313200052,-1.71313e-05
1782316800060,-1.82516e-05
1782320400011,-2.26374e-05
1782324000061,-1.48481e-05
1782327600107,-8.1894e-06
1782331200013,-8.9409e-06
1782334800057,-6.8938e-06
1782338400034,-7.3374e-06
1782342000012,-7.1484e-06
1782345600020,-7.3165e-06
1782349200006,-6.516e-06
1782352800035,-8.9615e-06
1782356400010,-8.3398e-06
1782360000019,-4.4164e-06
1782363600009,-2.2491e-06
1782367200044,2.2877e-06
1782370800021,4.7824e-06
1782374400066,-2.5117e-06
1782378000009,4.4845e-06
1782381600040,2.1091e-06
1782385200059,3.3704e-06
1782388800013,2.732e-06
1782392400054,3.8592e-06
1782396000004,-9.5935e-06
1782399600031,-9.1645e-06
1782403200049,-8.2832e-06
1782406800028,-1.21456e-05
1782410400008,-5.1099e-06
1782414000054,-1.21989e-05
1782417600025,-1.73052e-05
1782421200001,-1.48587e-05
1782424800049,-1.9182e-06
1782428400053,2.803e-07
1782432000043,4.1114e-06
1782435600034,4.1836e-06
1782439200084,4.8339e-06
1782442800008,-7.2963e-06
1782446400013,-6.7901e-06
1782450000010,-1.7199e-06
1782453600030,-3.8784e-06
1782457200029,3.4441e-06
1782460800070,3.4057e-06
1782464400001,3.4781e-06
1782468000009,-2.2053e-06
1782471600032,-2.4308e-06
1782475200076,-1.47431e-05
1782478800058,-5.9765e-06
1782482400025,-7.4625e-06
1782486000036,1.3599e-06
1782489600035,4.788e-06
1782493200027,-2.1043e-06
1782496800042,1.0834e-06
1782500400058,1.9665e-06
1782504000001,-2.3948e-06
1782507600081,-4.9027e-06
1782511200052,-1.248e-06
1782514800072,3.1963e-06
1782518400047,1.029e-05
1782522000061,6.1715e-06
1782525600033,2.1895e-06
1782529200064,2.1539e-06
1782532800005,-6.8272e-06
1782536400052,-1.464e-06
1782540000003,-4.6508e-06
1782543600022,8.38e-07
1782547200062,-3.7821e-06
1782550800001,-6.6361e-06
1782554400064,-6.4069e-06
1782558000032,-1.16e-08
1782561600003,1.1976e-06
1782565200057,-7.3686e-06
1782568800038,-7.9478e-06
1782572400065,-6.1184e-06
1782576000043,-2.864e-07
1782579600058,1.3294e-06
1782583200108,-3.9641e-06
1782586800053,-9.0315e-06
1782590400044,-8.2678e-06
1782594000058,-2.9151e-06
1782597600021,-6.1226e-06
1782601200040,-3.3865e-06
1782604800067,-5.34e-06
1782608400011,-1.69114e-05
1782612000060,-1.13593e-05
1782615600023,-8.8148e-06
1782619200024,-8.2041e-06
1782622800062,-1.22032e-05
1782626400048,-9.9267e-06
1782630000131,-9.8443e-06
1782633600007,-3.4573e-06
1782637200030,-7.4512e-06
1782640800008,-2.06428e-05
1782644400056,-1.56908e-05
1782648000000,-8.8632e-06
1782651600035,-8.4458e-06
1782655200057,-6.7373e-06
1782658800011,-6.8094e-06
1782662400009,-6.7389e-06
1782666000008,-1.13531e-05
1782669600035,-1.09334e-05
1782673200062,-1.13148e-05
1782676800011,-7.7775e-06
1782680400003,-1.31486e-05
1782684000039,-1.28951e-05
1782687600013,-1.00582e-05
1782691200001,-5.2129e-06
1782694800041,-5.3544e-06
1782698400037,-5.3862e-06
1782702000024,-4.6274e-06
1782705600028,-1.0676e-06
1782709200033,-1.08832e-05
1782712800084,-5.6369e-06
1782716400013,4.2986e-06
1782720000021,3.61e-06
1782723600032,-1.3003e-06
1782727200059,-6.36e-07
1782730800002,-6.142e-07
1782734400034,-5.525e-07
1782738000037,9.6894e-06
1782741600097,1.1416e-06
1782745200041,-2.111e-06
1782748800009,-1.2677e-06
1782752400026,2.2427e-06
1782756000054,1.21657e-05
1782759600032,7.3029e-06
1782763200010,7.4107e-06
1782766800059,6.9416e-06
1782770400020,1.12756e-05
1782774000049,4.392e-07
1782777600028,-1.33543e-05
1782781200022,-1.0124e-05
1782784800047,-4.4372e-06
1782788400041,-5.6473e-06
1782792000028,-5.0333e-06
1782795600052,2.369e-07
1782799200065,2.6563e-06
1782802800042,3.5582e-06
1782806400071,3.7537e-06
1782810000015,-5.5356e-06
1782813600034,-9.432e-07
1782817200061,-1.3476e-06
1782820800037,-1.5422e-06
1782824400033,1.453e-07
1782828000043,3.5324e-06
1782831600058,-4.7117e-06
1782835200010,1.431e-06
1782838800028,3.0542e-06
1782842400014,-3.4316e-06
1782846000063,2.397e-07
1782849600065,1.8683e-06
1782853200051,-1.01384e-05
1782856800045,-5.4125e-06
1782860400048,-1.8552e-06
1782864000063,7.276e-07
1782867600046,-3.1288e-06
1782871200018,-3.7281e-06
1782874800011,1.5991e-06
1782878400001,-1.32547e-05
1782882000000,-8.1948e-06
1782885600001,-5.6033e-06
1782889200022,-5.7784e-06
1782892800065,-6.5483e-06
1782896400040,3.1351e-06
1782900000048,6.1787e-06
1782903600001,1.1735e-06
1782907200044,5.087e-06
1782910800001,2.6305e-06
1782914400006,-2.2507e-06
1782918000012,1.25e-05
1782921600045,1.25e-05
1782925200022,-6.3091e-06
1782928800061,-3.9337e-06
1782932400036,8.1145e-06
1782936000005,1.8036e-06
1782939600007,-7.3355e-06
1782943200086,3.8338e-06
1782946800056,4.3597e-06
1782950400074,2.7233e-06
1782954000014,-8.1694e-06
1782957600020,-8.8e-09
1782961200070,-4.069e-06
1782964800033,1.25e-05
1782968400047,1.25e-05
1782972000007,1.25e-05
1782975600011,1.02869e-05
1782979200014,1.24467e-05
1782982800010,1.25e-05
1782986400006,1.25e-05
1782990000037,1.25e-05
1782993600030,1.25e-05
1782997200027,1.25e-05
1783000800025,1.25e-05
1783004400055,1.25e-05
1783008000068,1.25e-05
1783011600026,1.25e-05
1783015200007,1.25e-05
1783018800044,1.25e-05
1783022400007,1.25e-05
1783026000031,1.25e-05
1783029600025,1.25e-05
1783033200029,1.25e-05
1783036800018,1.25e-05
1783040400017,1.25e-05
1783044000081,1.25e-05
1783047600031,1.25e-05
1783051200034,1.25e-05
1783054800012,1.25e-05
1783058400078,1.25e-05
1783062000025,1.25e-05
1783065600049,1.25e-05
1783069200022,1.25e-05
1783072800017,1.25e-05
1783076400042,1.25e-05
1783080000004,1.25e-05
1783083600007,1.25e-05
1783087200011,1.25e-05
1783090800026,1.25e-05
1783094400062,1.25e-05
1783098000007,1.25e-05
1783101600046,1.25e-05
1783105200040,1.25e-05
1783108800014,1.25e-05
1783112400013,1.25e-05
1783116000049,1.25e-05
1783119600014,1.25e-05
1783123200014,1.25e-05
1783126800023,1.25e-05
1783130400022,1.25e-05
1783134000012,1.25e-05
1783137600074,1.25e-05
1783141200064,1.25e-05
1783144800006,1.25e-05
1783148400009,1.25e-05
1783152000041,1.25e-05
1783155600033,1.25e-05
1783159200068,1.25e-05
1783162800049,1.25e-05
1783166400014,1.25e-05
1783170000049,1.25e-05
1783173600051,1.25e-05
1783177200083,1.25e-05
1783180800074,1.25e-05
1783184400031,1.25e-05
1783188000016,1.25e-05
1783191600033,1.25e-05
1783195200036,1.25e-05
1783198800023,1.25e-05
1783202400015,1.25e-05
1783206000021,1.25e-05
1783209600077,1.25e-05
1783213200057,1.25e-05
1783216800021,1.25e-05
1783220400031,1.25e-05
1783224000046,1.25e-05
1783227600013,1.25e-05
1783231200042,1.25e-05
1783234800059,1.25e-05
1783238400002,1.25e-05
1783242000041,1.25e-05
1783245600044,1.25e-05
1783249200023,1.25e-05
1783252800030,1.25e-05
1783256400036,1.25e-05
1783260000038,1.25e-05
1783263600031,1.25e-05
1783267200001,1.25e-05
1783270800030,1.25e-05
1783274400013,1.25e-05
1783278000023,1.25e-05
1783281600039,1.25e-05
1783285200043,1.25e-05
1783288800042,1.25e-05
1783292400024,1.25e-05
1783296000026,1.25e-05
1783299600010,1.25e-05
1783303200061,1.25e-05
1783306800027,1.25e-05
1783310400055,1.25e-05
1783314000021,1.25e-05
1783317600057,1.25e-05
1783321200035,1.25e-05
1783324800012,1.25e-05
1783328400015,1.25e-05
1783332000027,1.25e-05
1783335600052,1.25e-05
1783339200006,1.25e-05
1783342800006,1.25e-05
1783346400030,1.25e-05
1783350000126,1.25e-05
1783353600080,1.00838e-05
1783357200022,1.25e-05
1783360800024,1.25e-05
1783364400057,1.25e-05
1783368000066,1.25e-05
1783371600039,1.25e-05
1783375200063,1.25e-05
1783378800027,1.25e-05
1783382400045,1.25e-05
1783386000016,1.25e-05
1783389600038,1.25e-05
1783393200016,1.25e-05
1783396800040,1.25e-05
1783400400044,1.25e-05
1783404000057,1.25e-05
1783407600030,1.25e-05
1783411200059,1.25e-05
1783414800050,1.25e-05
1783418400014,1.25e-05
1783422000093,1.25e-05
1783425600031,1.25e-05
1783429200060,1.25e-05
1783432800064,1.25e-05
1783436400094,1.25e-05
1783440000045,1.25e-05
1783443600069,1.25e-05
1783447200007,1.25e-05
1783450800045,1.25e-05
1783454400007,1.25e-05
1783458000010,1.25e-05
1783461600012,1.24923e-05
1783465200057,1.25e-05
1783468800001,1.25e-05
1783472400064,1.25e-05
1783476000004,2.0251e-06
1783479600071,3.765e-07
1783483200037,3.598e-06
1783486800031,4.8775e-06
1783490400060,9.2889e-06
1783494000053,9.9285e-06
1783497600050,8.9169e-06
1783501200088,3.2688e-06
1783504800012,2.914e-06
1783508400026,-4.1951e-06
1783512000007,-4.274e-06
1783515600036,-1.8534e-06
1783519200017,-4.9418e-06
1783522800041,-7.0914e-06
1783526400052,-3.4738e-06
1783530000041,5.9791e-06
1783533600123,6.1762e-06
1783537200005,5.0505e-06
1783540800010,1.02232e-05
1783544400047,8.5043e-06
1783548000056,3.6213e-06
1783551600004,9.5026e-06
1783555200002,4.1015e-06
1783558800031,-1.563e-06
1783562400080,5.2691e-06
1783566000095,6.4059e-06
1783569600024,7.1824e-06
1783573200045,1.13275e-05
1783576800066,1.25e-05
1783580400047,1.25e-05
1783584000032,1.11223e-05
1783587600034,1.12413e-05
1783591200040,1.1753e-05
1783594800063,7.0439e-06
1783598400002,8.2172e-06
1783602000000,1.25e-05
1783605600059,1.01207e-05
1783609200019,9.5086e-06
1783612800068,1.25e-05
1783616400028,6.5609e-06
1783620000034,1.07277e-05
1783623600065,1.25e-05
1783627200026,1.25e-05
1783630800018,1.25e-05
1783634400018,1.25e-05
1783638000113,1.25e-05
1783641600078,1.25e-05
1783645200006,7.515e-06
1783648800014,1.25e-05
1783652400026,1.25e-05
1783656000004,1.25e-05
1783659600103,1.25e-05
1783663200056,1.25e-05
1783666800075,1.25e-05
1783670400011,1.25e-05
1783674000001,1.25e-05
1783677600010,1.25e-05
1783681200063,1.25e-05
1783684800048,1.25e-05
1783688400040,1.25e-05
1783692000038,1.25e-05
1783695600058,1.25e-05
1783699200002,1.25e-05
1783702800023,1.25e-05
1783706400023,1.25e-05
1783710000029,1.25e-05
1783713600039,1.25e-05
1783717200032,1.25e-05
1783720800008,1.25e-05
1783724400054,1.25e-05
1783728000046,1.25e-05
1783731600003,1.25e-05
1783735200086,1.25e-05
1783738800061,1.25e-05
1783742400000,1.25e-05
1783746000014,1.25e-05
1783749600004,1.25e-05
1783753200002,1.25e-05
1783756800047,1.25e-05
1783760400015,1.25e-05
1783764000064,1.25e-05
1783767600007,7.061e-06
1783771200045,1.25e-05
1783774800057,1.25e-05
1783778400068,1.25e-05
1783782000046,1.25e-05
1783785600012,1.25e-05
1783789200042,1.25e-05
1783792800014,8.8954e-06
1783796400040,1.25e-05
1783800000027,1.25e-05
1783803600018,9.6546e-06
1783807200055,5.902e-06
1783810800000,3.6586e-06
1783814400016,7.6945e-06
1783818000039,-1.2366e-06
1783821600006,-2.639e-06
1783825200028,-4.3938e-06
1783828800023,-3.0371e-06
1783832400029,-4.2496e-06
1783836000033,-8.8299e-06
1783839600036,-9.1589e-06
1783843200016,-1.0851e-06
1783846800011,3.9616e-06
1783850400018,-2.9462e-06
1783854000026,-4.924e-07
1783857600051,1.25e-05
1783861200002,1.25e-05
1783864800005,1.25e-05
1783868400049,1.25e-05
1783872000038,1.25e-05
1783875600033,1.25e-05
1783879200074,1.25e-05
1783882800028,1.10951e-05
1783886400131,1.25e-05
1783890000020,1.25e-05
1783893600022,1.25e-05
1783897200070,8.0471e-06
1783900800059,5.7875e-06
1783904400019,1.25e-05
1783908000075,1.03004e-05
1783911600046,4.6726e-06
1783915200053,-2.9965e-06
1783918800041,-3.1468e-06
1783922400026,3.955e-07
1783926000058,3.9352e-06
1783929600019,5.3697e-06
1783933200001,4.0724e-06
1783936800032,5.4615e-06
1783940400001,9.2187e-06
1783944000048,4.0567e-06
1783947600014,-4.139e-07
1783951200010,2.2867e-06
1783954800082,7.7163e-06
1783958400032,1.0949e-05
1783962000052,5.1202e-06
1783965600052,3.9092e-06
1783969200116,2.4399e-06
1783972800071,4.7714e-06
1783976400041,3.413e-06
1783980000060,-1.0514e-06
1783983600021,-1.5086e-06
1783987200011,-2.8072e-06
1783990800018,-5.59e-08
1783994400032,5.9541e-06
1783998000017,6.6704e-06
1784001600061,6.3378e-06
1784005200064,9.3855e-06
1784008800074,1.25e-05
1784012400044,9.5113e-06
1784016000009,6.0217e-06
1784019600061,2.526e-07
1784023200113,9.2307e-06
1784026800030,8.0054e-06
1784030400008,9.1899e-06
1784034000028,1.25e-05
1784037600012,1.25e-05
1784041200038,1.25e-05
1784044800005,1.25e-05
1784048400042,1.25e-05
1784052000013,1.25e-05
1784055600021,1.25e-05
1784059200027,1.25e-05
1784062800003,1.25e-05
1784066400007,1.25e-05
1784070000049,1.25e-05
1784073600046,1.25e-05
1784077200032,1.25e-05
1784080800028,1.25e-05
1784084400041,1.25e-05
1784088000005,1.25e-05
1784091600066,1.25e-05
1784095200025,1.25e-05
1784098800039,1.25e-05
1784102400024,1.25e-05
1784106000018,1.25e-05
1784109600013,1.25e-05
1784113200002,1.25e-05
1784116800055,1.25e-05
1784120400042,1.25e-05
1784124000050,1.25e-05
1784127600004,1.25e-05
1784131200009,1.25e-05
1784134800031,1.25e-05
1784138400023,1.25e-05
1784142000063,1.25e-05
1784145600068,1.25e-05
1784149200027,6.867e-06
1784152800016,1.02933e-05
1784156400034,1.25e-05
1784160000034,1.25e-05
1784163600054,1.25e-05
1784167200027,1.06952e-05
1784170800033,1.25e-05
1784174400056,1.25e-05
1784178000122,1.12473e-05
1784181600066,1.21047e-05
1784185200042,1.1431e-05
1784188800015,6.6291e-06
1784192400017,7.739e-06
1784196000008,3.7636e-06
1784199600020,8.7684e-06
1784203200028,8.5674e-06
1784206800050,1.21538e-05
1784210400054,1.25e-05
1784214000016,1.25e-05
1784217600041,1.25e-05
1784221200000,1.25e-05
1784224800011,1.25e-05
1784228400031,8.9798e-06
1784232000030,1.25e-05
1784235600011,7.2833e-06
1784239200008,2.5567e-06
1784242800017,4.6981e-06
1784246400018,-3.9704e-06
1784250000021,-8.026e-06
1784253600001,-4.3486e-06
1784257200017,-1.45e-05
1784260800041,-9.674e-06
1784264400052,-6.7439e-06
1784268000032,-6.7742e-06
1784271600072,-7.8956e-06
1784275200065,-6.1067e-06
1784278800031,-4.1003e-06
1784282400070,-3.5855e-06
1784286000020,-1.6948e-06
1784289600011,1.4335e-06
1784293200060,-4.0542e-06
1784296800111,-1.11375e-05
1784300400050,4.106e-06
1784304000048,3.7581e-06
1784307600062,5.5345e-06
1784311200022,1.14135e-05
1784314800025,5.1799e-06
1784318400039,9.4066e-06
1784322000065,7.6009e-06
1784325600069,4.3027e-06
1784329200041,-4.801e-07
1784332800082,-3.3483e-06
1784336400081,5.9514e-06
1784340000013,3.5913e-06
1784343600008,5.2305e-06
1784347200021,-1.9454e-06
1784350800016,1.25e-05
1784354400028,2.8322e-06
1784358000025,2.2178e-06
1784361600019,3.1842e-06
1784365200040,4.2035e-06
1784368800020,1.05823e-05
1784372400039,7.6292e-06
1784376000044,9.0178e-06
1784379600006,1.0337e-05
1784383200061,4.5808e-06
1784386800024,3.4399e-06
1784390400043,3.503e-06
1784394000035,4.9769e-06
1784397600031,4.3754e-06
1784401200033,1.21669e-05
1784404800016,1.16458e-05
1784408400006,1.25e-05
1784412000011,1.25e-05
1784415600009,1.25e-05
1784419200030,1.25e-05
1784422800044,1.25e-05
1784426400055,1.25e-05
1784430000022,1.25e-05
1784433600031,1.25e-05
1784437200043,1.25e-05
1784440800032,1.25e-05
1784444400047,1.25e-05
1784448000093,1.25e-05
1784451600026,1.25e-05
1784455200030,1.25e-05
1784458800033,1.25e-05
1784462400037,1.25e-05
1784466000014,1.25e-05
1784469600135,1.25e-05
1784473200019,1.25e-05
1784476800007,1.25e-05
1784480400043,1.25e-05
1784484000049,1.25e-05
1784487600049,1.25e-05
1784491200010,1.25e-05
1784494800026,1.25e-05
1784498400049,1.25e-05
1784502000014,7.5489e-06
1784505600034,1.14528e-05
1784509200063,1.25e-05
1784512800052,1.25e-05
1784516400046,1.17006e-05
1784520000011,9.373e-06
1784523600027,6.6839e-06
1784527200047,3.7282e-06
1784530800008,-3.371e-06
1784534400058,1.5962e-06
1784538000029,3.3951e-06
1784541600029,-1.5794e-06
1784545200000,1.23779e-05
1784548800000,1.25e-05
1784552400047,1.25e-05
1784556000049,8.8592e-06
1784559600053,-5.0313e-06
1784563200104,1.25e-05
1784566800046,1.25e-05
1784570400027,1.25e-05
1784574000035,1.25e-05
1784577600008,1.25e-05
1784581200006,1.25e-05
1784584800003,1.25e-05
1784588400048,1.25e-05
1784592000040,1.25e-05
1784595600005,1.25e-05
1784599200036,1.25e-05
1784602800030,1.25e-05
1784606400001,1.25e-05
1784610000004,1.25e-05
1784613600043,1.25e-05
1784617200034,1.25e-05
1784620800035,1.25e-05
1784624400044,1.25e-05
1784628000032,1.25e-05
1784631600043,1.25e-05
1784635200029,1.25e-05
1784638800025,1.25e-05
1784642400062,1.25e-05
1784646000021,1.25e-05
1784649600022,1.25e-05
1784653200028,1.25e-05
1784656800028,1.25e-05
1784660400068,1.25e-05
1784664000059,1.25e-05
1784667600047,1.25e-05
1784671200051,1.25e-05
1784674800023,1.25e-05
1784678400025,1.25e-05
1784682000013,1.25e-05
1784685600091,1.25e-05
1784689200043,1.25e-05
1784692800052,1.25e-05
1784696400087,1.25e-05
1784700000048,1.25e-05
1784703600019,5.7994e-06
1784707200039,1.1006e-05
1784710800028,1.25e-05
1784714400025,5.8474e-06
1784718000047,1.25e-05
1784721600037,1.25e-05
1784725200052,1.25e-05
1784728800038,1.25e-05
1784732400018,1.25e-05
1784736000004,1.25e-05
1784739600047,1.25e-05
1784743200015,1.0743e-06
1784746800007,-1.1481e-06
1784750400054,1.6456e-06
1784754000034,-1.3021e-06
1784757600043,-5.1192e-06
1784761200077,-3.0757e-06
1784764800046,-4.4442e-06
1784768400058,2.0122e-06
1784772000049,1.2738e-06
1784775600067,-5.8239e-06
1784779200046,-1.04651e-05
1784782800067,-2.7957e-06
1784786400001,-4.4072e-06
1784790000055,-4.3383e-06
1784793600021,-3.0945e-06
1784797200020,-4.2999e-06
1784800800014,-5.6144e-06
1784804400040,3.488e-07
1784808000099,7.4565e-06
1784811600032,1.0063e-05
1784815200121,-7.327e-07
1784818800032,3.7879e-06
1784822400001,-1.09215e-05
1784826000006,-1.4828e-05
1784829600046,-1.67869e-05
1784833200048,-1.39513e-05
1784836800072,-7.1827e-06
1784840400028,-6.3763e-06
1784844000038,-1.56011e-05
1784847600033,-1.02856e-05
1784851200021,-4.7131e-06
1784854800060,-6.2898e-06
1784858400004,-5.2056e-06
1784862000054,-9.5088e-06
1784865600047,-3.5672e-06
1784869200044,-1.27975e-05
1784872800049,-5.0081e-06
1784876400012,9.652e-07
1784880000029,1.1129e-06
1784883600044,-9.4349e-06
1784887200051,-8.9369e-06
1784890800034,-5.3632e-06
1784894400033,-2.2468e-06
1784898000024,3.3105e-06
1784901600060,-1.1638e-06
1784905200053,-2.5082e-06
1784908800051,3.0137e-06
1784912400029,-1.1208e-06
1784916000063,-3.696e-06
1784919600035,-4.3129e-06
1784923200052,1.1108e-06
1784926800060,2.8536e-06
1784930400008,-7.965e-07
1784934000024,-3.78e-08
1784937600066,3.885e-07
1784941200036,2.6679e-06
1784944800050,1.7885e-06
1784948400016,-4.588e-07
1784952000036,5.563e-07
1784955600032,5.1038e-06
1784959200063,2.0334e-06
1784962800028,-4.3962e-06
1784966400047,-8.797e-07
1784970000030,8.4662e-06
1784973600040,1.25e-05
1784977200051,1.25e-05
1784980800058,1.25e-05
1784984400037,1.25e-05
1784988000001,8.4878e-06
1784991600012,3.3602e-06
1784995200062,9.3064e-06
1784998800039,1.25e-05
1785002400031,1.25e-05
1785006000056,1.25e-05
1785009600057,1.25e-05
1785013200005,1.25e-05
1785016800002,1.25e-05
1785020400011,1.25e-05
1785024000055,1.25e-05
1785027600055,1.25e-05
1785031200111,1.25e-05
1785034800030,1.25e-05
1785038400021,1.25e-05
1785042000034,1.25e-05
1785045600052,1.25e-05
1785049200060,1.25e-05
1785052800022,1.25e-05
1785056400063,1.25e-05
1785060000012,1.25e-05
1785063600047,1.25e-05
1785067200121,1.25e-05
1785070800046,1.25e-05
1785074400019,1.25e-05
1785078000018,1.25e-05
1785081600062,1.25e-05
1785085200066,1.25e-05
1785088800070,1.25e-05
1785092400031,1.25e-05
1785096000057,1.25e-05
1785099600001,1.25e-05
1785103200023,1.25e-05
1785106800005,1.25e-05
1785110400074,1.25e-05
1785114000022,1.25e-05
1785117600111,1.25e-05
1785121200017,1.25e-05
1785124800014,1.25e-05
1785128400040,1.25e-05
1785132000021,1.25e-05
1785135600052,1.25e-05
1785139200015,1.25e-05
1785142800005,1.25e-05
1785146400038,1.25e-05
1785150000013,1.25e-05
1785153600054,1.25e-05
1785157200017,1.25e-05
1785160800021,1.25e-05
1785164400018,1.25e-05
1785168000017,1.25e-05
1785171600018,1.25e-05
1785175200035,1.25e-05
1785178800040,1.25e-05
1785182400016,1.25e-05
1785186000117,1.25e-05
1785189600062,1.25e-05
1785193200059,1.25e-05
1785196800026,1.25e-05
1785200400044,1.25e-05
1785204000059,3.83e-07
1785207600015,5.65e-08
1785211200006,1.5996e-06
1785214800046,6.7192e-06
1785218400038,1.25e-05
1785222000018,9.077e-06
1785225600004,6.1562e-06
1785229200012,-3.7231e-06
1785232800065,-3.5029e-06
1785236400046,-4.46e-08
1785240000028,2.0454e-06
1785243600014,9.4472e-06
1785247200032,3.9304e-06
1785250800056,8.6458e-06
1785254400052,6.1848e-06
1785258000100,1.1558e-05
1785261600050,1.25e-05
1785265200029,1.25e-05
1785268800046,1.25e-05
1785272400006,1.25e-05
1785276000009,1.25e-05
1785279600117,1.25e-05
1785283200066,6.4569e-06
1785286800023,1.25e-05
1785290400013,1.25e-05
1785294000002,7.9932e-06
1785297600027,-7.764e-07
1785301200043,-6.8129e-06
1785304800033,7.6133e-06
1785308400047,1.09424e-05
1785312000009,1.00059e-05
1785315600043,3.1492e-06
1785319200051,8.814e-07
1785322800011,-5.5572e-06
1785326400040,-6.1734e-06
1785330000030,-4.7739e-06
1785333600028,2.8797e-06
1785337200042,6.141e-07
1785340800011,7.1034e-06
1785344400057,6.1167e-06
1785348000021,7.5715e-06
1785351600020,1.9134e-06
1785355200045,-4.5884e-06
1785358800032,3.8425e-06
1785362400030,1.08284e-05
1785366000078,6.1281e-06
1785369600016,8.2324e-06
1785373200067,8.9494e-06
1785376800024,4.0727e-06
1785380400064,5.624e-06
1785384000061,5.7508e-06
1785387600025,3.0647e-06
1785391200057,-2.00012e-05
1785394800041,-1.97809e-05
1785398400046,-1.5662e-05
1785402000054,-7.6016e-06
1785405600067,-2.5004e-06
1785409200013,-6.677e-07
1785412800051,1.2099e-06
1785416400020,1.25e-05
1785420000019,1.22653e-05
1785423600013,1.25e-05
1785427200040,1.25e-05
1785430800060,1.25e-05
1785434400010,1.25e-05
1785438000002,5.4521e-06
1785441600025,-2.512e-06
1785445200008,3.4531e-06
1785448800003,3.5033e-06
1785452400025,1.09377e-05
1785456000072,1.25e-05
1785459600063,6.679e-06
1785463200040,1.25e-05
1785466800044,6.4809e-06
1785470400030,1.1405e-06
1785474000038,8.388e-07
1785477600055,-6.2134e-06
1785481200009,6.4083e-06
1785484800011,-5.873e-07
1785488400061,7.3181e-06
1785492000003,1.4598e-06
1785495600048,9.25e-07
1785499200019,3.4262e-06
1785502800019,-4.583e-07
1785506400016,4.7838e-06
1785510000020,1.25e-05
1785513600020,1.25e-05
1785517200020,1.25e-05
1785520800073,1.25e-05
1785524400025,1.25e-05
1785528000032,-2.5107e-06
1785531600015,-3.7119e-06
1785535200004,-5.687e-06
1785538800013,5.7395e-06
1785542400080,-3.657e-07
1785546000003,8.8934e-06
1785549600017,6.0294e-06
1785553200054,1.02911e-05
1785556800008,5.1748e-06
1785560400065,-4.0587e-06
1785564000017,-3.9567e-06
1785567600061,-3.5155e-06
1785571200000,-1.01606e-05
1785574800035,-1.43549e-05
1785578400056,-7.532e-06
1785582000029,-1.30075e-05
1785585600034,-7.5096e-06
1785589200036,3.5889e-06
1785592800045,4.5322e-06
1785596400003,1.0323e-06
1785600000043,-3.1814e-06
1785603600022,-3.1043e-06
1785607200001,-9.6808e-06
1785610800030,-5.9253e-06
1785614400033,7.0863e-06
1785618000006,7.0672e-06
1785621600018,1.25e-05
1785625200048,1.08428e-05
1785628800059,1.16861e-05
1785632400056,1.25e-05
1785636000002,1.25e-05
1785639600019,1.25e-05
1785643200017,1.25e-05
1785646800026,1.25e-05
1785650400014,1.25e-05
1785654000053,1.25e-05
1785657600020,1.25e-05
1785661200124,1.25e-05
1785664800023,1.25e-05
1785668400055,1.25e-05
1785672000048,1.25e-05
1785675600004,1.25e-05
1785679200034,1.25e-05
1785682800048,1.25e-05
1785686400028,1.25e-05
1785690000029,1.25e-05
1785693600002,1.25e-05
1785697200002,1.25e-05
1785700800033,9.3294e-06
1785704400037,9.2108e-06
1785708000043,1.25e-05
1785711600033,1.25e-05
1785715200028,1.25e-05
1785718800062,6.1783e-06
1785722400043,-4.1361e-06
1785726000042,-5.5832e-06
1785729600051,2.242e-06
1785733200017,4.7142e-06
1785736800062,7.0669e-06
1785740400026,-1.1467e-06
1785744000042,3.2129e-06
1785747600041,-4.8773e-06
1785751200030,2.8242e-06
1785754800110,8.1e-08
1785758400055,-1.0849e-06
1785762000036,5.8356e-06
1785765600010,4.7485e-06
1785769200047,-2.7449e-06
1785772800039,6.0779e-06
1785776400017,3.5481e-06
1785780000004,5.0646e-06
1785783600127,1.06583e-05
1785787200020,5.2244e-06
1785790800021,6.7855e-06
1785794400018,6.2483e-06
1785798000067,8.125e-07
1785801600008,1.20067e-05
1785805200042,8.0405e-06
1785808800059,1.25e-05
1785812400036,1.25e-05
1785816000044,1.25e-05
1785819600001,1.25e-05
1785823200063,1.25e-05
1785826800016,6.9818e-06
1785830400083,1.25e-05
1785834000027,1.25e-05
1785837600067,1.25e-05
1785841200006,6.1054e-06
1785844800003,1.24233e-05
1785848400003,8.0684e-06
1785852000001,6.7984e-06
1785855600069,-2.8801e-06
1785859200006,-9.0396e-06
1785862800035,-9.6617e-06
1785866400001,-1.18307e-05
1785870000033,-6.5919e-06
1785873600036,-2.6211e-06
1785877200011,3.9226e-06
1785880800082,1.25e-05
1785884400045,1.25e-05
1785888000040,1.25e-05
1785891600007,4.7989e-06
1785895200060,3.8112e-06
1785898800032,1.25e-05
1785902400019,7.0968e-06
1785906000043,5.3856e-06
1785909600010,1.25e-05
1785913200013,1.25e-05
1785916800065,1.25e-05
1785920400021,1.25e-05
1785924000029,7.3017e-06
1785927600049,2.7999e-06
1785931200016,-8.704e-07
1785934800061,1.25e-05
1785938400038,9.4192e-06
1785942000063,7.4432e-06
1785945600007,1.25e-05
1785949200068,1.25e-05
1785952800014,1.25e-05
1785956400133,1.25e-05
1785960000038,1.25e-05
1785963600016,1.25e-05
1785967200017,1.25e-05
1785970800053,1.25e-05
1785974400034,1.25e-05
1785978000017,1.25e-05
1785981600016,1.25e-05
1785985200000,2.643e-07
1785988800043,9.098e-07
1785992400018,8.4201e-06
1785996000018,1.25e-05
1785999600054,1.25e-05
1786003200053,1.25e-05
1786006800043,1.18865e-05
1786010400057,1.075e-06
1786014000016,-6.8217e-06
1786017600044,3.2854e-06
1786021200075,3.3764e-06
1786024800005,6.6025e-06
1786028400061,1.25e-05
1786032000013,1.25e-05
1786035600090,5.7005e-06
1786039200024,6.6263e-06
1786042800007,8.0643e-06
1786046400058,3.9959e-06
1786050000092,7.7802e-06
1786053600021,1.25e-05
1786057200017,1.25e-05
1786060800071,9.3113e-06
1786064400023,8.0349e-06
1786068000044,1.06214e-05
1786071600048,8.9158e-06
1786075200000,4.74e-06
1786078800013,8.4145e-06
1786082400046,9.8109e-06
1786086000038,1.25e-05
1786089600012,1.25e-05
1786093200017,1.25e-05
1786096800000,1.25e-05
1786100400051,1.25e-05
1786104000050,-5.929e-07
1786107600003,6.2226e-06
1786111200035,7.6204e-06
1786114800012,6.8426e-06
1786118400008,1.9892e-06
1786122000017,8.9064e-06
1786125600061,-4.9259e-06
1786129200031,2.0176e-06
1786132800028,4.18e-07
1786136400024,7.9837e-06
1786140000013,4.0796e-06
1786143600070,3.683e-07
1786147200060,-8.7607e-06
1786150800011,-3.779e-06
1786154400046,7.1986e-06
1786158000038,1.25e-05
1786161600048,1.25e-05
1786165200025,1.25e-05
1786168800010,1.25e-05
1786172400028,1.25e-05
1786176000037,1.25e-05
1786179600020,1.25e-05
1786183200032,1.25e-05
1786186800028,1.25e-05
1786190400039,1.25e-05
1786194000048,1.25e-05
1786197600061,1.25e-05
1786201200039,1.25e-05
1786204800048,1.25e-05
1786208400045,1.25e-05
1786212000001,1.25e-05
1786215600054,1.25e-05
1786219200029,1.25e-05
1786222800040,1.25e-05
1786226400055,1.25e-05
1786230000029,1.25e-05
1786233600006,1.25e-05
1786237200048,1.25e-05
1786240800010,1.25e-05
1786244400022,1.25e-05
1786248000019,1.25e-05
1786251600037,1.25e-05
1786255200035,1.25e-05
1786258800066,1.25e-05
1786262400003,1.25e-05
1786266000034,1.25e-05
1786269600046,1.2211e-05
1786273200046,1.25e-05
1786276800041,1.25e-05
1786280400020,1.25e-05
1786284000018,1.25e-05
1786287600054,1.25e-05
1786291200032,1.25e-05
1786294800013,1.25e-05
1786298400017,1.25e-05
1786302000035,1.25e-05
1786305600032,1.25e-05
1786309200021,1.25e-05
1786312800020,1.25e-05
1786316400017,1.25e-05
1786320000029,1.25e-05
1786323600030,1.25e-05
1786327200015,1.25e-05
1786330800079,1.25e-05
1786334400005,1.25e-05
1786338000028,1.25e-05
1786341600066,1.25e-05
1786345200068,1.25e-05
1786348800043,1.25e-05
1786352400010,1.25e-05
1786356000067,1.25e-05
1786359600043,1.25e-05
1786363200013,1.25e-05
1786366800029,1.25e-05
1786370400065,1.25e-05
1786374000001,1.25e-05
1786377600020,1.25e-05
1786381200047,8.704e-06
1786384800012,5.3751e-06
1786388400045,1.6724e-06
1786392000074,1.25e-05
1786395600052,1.25e-05
1786399200028,1.25e-05
1786402800066,1.25e-05
1786406400019,1.25e-05
1786410000033,1.13268e-05
1786413600013,1.25e-05
1786417200120,1.25e-05
1786420800086,1.25e-05
1786424400010,1.25e-05
1786428000024,1.25e-05
1786431600002,1.25e-05
1786435200091,1.25e-05
1786438800123,1.25e-05
1786442400054,1.25e-05
1786446000035,1.25e-05
1786449600025,1.25e-05
1786453200053,1.25e-05
1786456800065,1.25e-05
1786460400033,1.25e-05
1786464000039,1.25e-05
1786467600008,1.25e-05
1786471200017,1.25e-05
1786474800065,1.25e-05
1786478400007,1.25e-05
1786482000039,1.25e-05
1786485600006,1.25e-05
1786489200043,1.25e-05
1786492800012,1.25e-05
1786496400060,1.25e-05
1786500000027,1.25e-05
1786503600031,1.25e-05
1786507200057,1.25e-05
1786510800031,1.25e-05
1786514400069,1.25e-05
1786518000076,1.25e-05
1786521600044,1.25e-05
1786525200033,1.25e-05
1786528800035,1.25e-05
1786532400013,1.25e-05
1786536000003,1.25e-05
1786539600045,1.25e-05
1786543200026,1.25e-05
1786546800037,1.25e-05
1786550400020,1.25e-05
1786554000021,1.25e-05
1786557600049,1.25e-05
1786561200060,1.25e-05
1786564800062,1.25e-05
1786568400071,1.25e-05
1786572000056,1.25e-05
1786575600064,1.25e-05
1786579200046,1.25e-05
1786582800018,1.25e-05
1786586400072,1.25e-05
1786590000097,1.25e-05
1786593600123,1.25e-05
1786597200043,1.25e-05
1786600800032,1.25e-05
1786604400024,1.25e-05
1786608000011,1.25e-05
1786611600047,1.25e-05
1786615200040,-2.1744e-06
1786618800125,2.6343e-06
1786622400048,5.394e-07
1786626000026,1.19506e-05
1786629600026,1.25e-05
1786633200005,1.25e-05
1786636800072,1.25e-05
1786640400027,1.25e-05
1786644000032,1.25e-05
1786647600022,1.25e-05
1786651200056,1.25e-05
1786654800006,1.25e-05
1786658400055,1.25e-05
1786662000040,1.25e-05
1786665600060,1.25e-05
1786669200013,1.25e-05
1786672800047,1.25e-05
1786676400046,1.25e-05
1786680000050,1.25e-05
1786683600014,1.02885e-05
1786687200046,1.25e-05
1786690800020,1.24288e-05
1786694400030,1.25e-05
1786698000057,5.8263e-06
1786701600038,9.5213e-06
1786705200029,9.9777e-06
1786708800062,1.11744e-05
1786712400063,1.25e-05
1786716000048,1.25e-05
1786719600028,1.25e-05
1786723200013,1.25e-05
1786726800010,1.25e-05
1786730400038,1.25e-05
1786734000057,1.25e-05
1786737600048,1.15913e-05
1786741200016,1.25e-05
1786744800052,9.0711e-06
1786748400048,1.25e-05
1786752000032,1.25e-05
1786755600063,1.25e-05
1786759200031,1.25e-05
1786762800040,1.25e-05
1786766400026,1.25e-05
1786770000075,1.25e-05
1786773600058,1.25e-05
1786777200046,1.25e-05
1786780800048,1.25e-05
1786784400009,1.25e-05
1786788000038,1.25e-05
1786791600009,1.25e-05
1786795200003,1.25e-05
1786798800064,1.25e-05
1786802400035,1.25e-05
1786806000026,1.25e-05
1786809600025,1.25e-05
1786813200049,1.25e-05
1786816800053,1.25e-05
1786820400035,1.25e-05
1786824000048,1.25e-05
1786827600042,1.25e-05
1786831200030,1.25e-05
1786834800020,1.25e-05
1786838400059,1.25e-05
1786842000030,1.25e-05
1786845600028,1.25e-05
1786849200043,1.25e-05
1786852800072,1.25e-05
1786856400022,1.25e-05
1786860000092,1.25e-05
1786863600086,1.25e-05
1786867200034,1.25e-05
1786870800012,1.25e-05
1786874400004,1.25e-05
1786878000134,1.25e-05
1786881600014,1.25e-05
1786885200034,1.25e-05
1786888800046,1.25e-05
1786892400056,1.25e-05
1786896000003,1.25e-05
1786899600005,1.25e-05
1786903200030,1.25e-05
1786906800057,1.25e-05
1786910400038,1.25e-05
1786914000030,1.25e-05
1786917600053,1.25e-05
1786921200029,1.25e-05
1786924800025,1.25e-05
1786928400034,1.25e-05
1786932000055,1.25e-05
1786935600039,1.25e-05
1786939200011,1.25e-05
1786942800046,1.25e-05
1786946400026,1.25e-05
1786950000030,9.8062e-06
1786953600026,1.25e-05
1786957200049,1.25e-05
1786960800068,1.25e-05
1786964400045,1.25e-05
1786968000013,1.25e-05
1786971600064,1.25e-05
1786975200067,1.25e-05
1786978800001,1.25e-05
1786982400046,1.25e-05
1786986000061,1.25e-05
1786989600005,1.25e-05
1786993200018,1.25e-05
1786996800034,1.25e-05
1787000400020,1.25e-05
1787004000010,1.25e-05
1787007600046,1.25e-05
1787011200058,1.25e-05
1787014800012,1.25e-05
1787018400015,1.25e-05
1787022000001,1.25e-05
1787025600049,1.25e-05
1787029200016,1.25e-05
1787032800017,1.25e-05
1787036400068,1.25e-05
1787040000049,1.25e-05
1787043600052,1.25e-05
1787047200049,1.25e-05
1787050800026,1.25e-05
1787054400045,1.25e-05
1787058000003,1.25e-05
1787061600021,1.25e-05
1787065200028,1.25e-05
1787068800001,1.25e-05
1787072400026,1.25e-05
1787076000011,1.25e-05
1787079600048,1.25e-05
1787083200006,1.25e-05
1787086800097,1.25e-05
1787090400016,1.25e-05
1787094000008,1.25e-05
1787097600012,1.25e-05
1787101200055,1.25e-05
1787104800016,1.25e-05
1787108400047,1.25e-05
1787112000009,1.25e-05
1787115600008,1.25e-05
1787119200051,1.25e-05
1787122800034,1.25e-05
1787126400027,1.25e-05
1787130000036,1.25e-05
1787133600003,1.25e-05
1787137200030,1.25e-05
1787140800059,1.25e-05
1787144400021,1.25e-05
1787148000018,1.25e-05
1787151600007,1.25e-05
1787155200035,1.25e-05
1787158800001,1.25e-05
1787162400043,1.25e-05
1787166000035,1.25e-05
1787169600063,1.25e-05
1787173200026,1.25e-05
1787176800044,1.25e-05
1787180400004,1.25e-05
1787184000002,1.25e-05
1787187600057,1.25e-05
1787191200030,1.25e-05
1787194800020,1.25e-05
1787198400058,1.25e-05
1787202000050,1.25e-05
1787205600012,1.25e-05
1787209200099,1.25e-05
1787212800040,1.25e-05
1787216400047,1.25e-05
1787220000051,1.25e-05
1787223600038,1.25e-05
1787227200015,1.25e-05
1787230800021,1.25e-05
1787234400021,1.25e-05
1787238000042,1.25e-05
1787241600047,1.25e-05
1787245200009,3.6312e-05
1787248800076,2.56924e-05
1787252400031,1.25e-05
1787256000001,1.25e-05
1787259600054,1.25e-05
1787263200058,1.25e-05
1787266800039,1.25e-05
1787270400024,1.25e-05
1787274000054,3.03971e-05
1787277600048,1.25781e-05
1787281200027,1.25e-05
1787284800009,1.65837e-05
1787288400060,1.84081e-05
1787292000076,4.16783e-05
1787295600033,5.07548e-05
1787299200016,4.58293e-05
1787302800050,1.25e-05
1787306400041,1.25e-05
1787310000054,1.25e-05
1787313600051,1.25e-05
1787317200021,1.25e-05
1787320800026,1.25e-05
1787324400009,1.25e-05
1787328000031,5.05998e-05
1787331600024,4.75008e-05
1787335200013,7.07845e-05
1787338800035,7.85692e-05
1787342400041,4.48594e-05
1787346000063,0.0001131634
1787349600068,0.0003795082
1787353200016,0.0002824942
1787356800028,0.0001143407
1787360400065,7.90205e-05
1787364000021,0.0001320873
1787367600014,0.0001447459
1787371200035,0.0001340987
1787374800032,0.0001205346
1787378400054,1.54796e-05
1787382000006,8.23619e-05
1787385600038,5.73095e-05
1787389200006,1.25e-05
1787392800059,1.25e-05
1787396400030,1.25e-05
1787400000042,4.08206e-05
1787403600069,7.55044e-05
1787407200013,0.0001186294
1787410800030,4.99813e-05
1787414400054,2.87741e-05
1787418000039,3.55893e-05
1787421600048,6.12655e-05
1787425200029,6.38791e-05
1787428800015,6.6748e-05
1787432400018,6.58389e-05
1787436000064,3.40998e-05
1787439600035,3.94135e-05
1787443200018,4.11849e-05
1787446800043,5.50585e-05
1787450400032,5.94432e-05
1787454000028,2.77069e-05
1787457600018,1.25e-05
1787461200062,1.25e-05
1787464800028,1.25e-05
1787468400026,1.84203e-05
1787472000061,1.26735e-05
1787475600034,1.25e-05
1787479200004,1.62471e-05
1787482800022,1.25e-05
1787486400030,1.25645e-05
1787490000067,2.71401e-05
1787493600112,3.95513e-05
1787497200014,3.35474e-05
1787500800081,1.49438e-05
1787504400049,1.25e-05
1787508000010,1.25e-05
1787511600007,1.47749e-05
1787515200052,1.25e-05
1787518800055,2.07932e-05
1787522400072,2.93156e-05
1787526000063,1.25e-05
1787529600082,1.76243e-05
1787533200038,1.25e-05
1787536800042,1.25e-05
1787540400074,1.25e-05
1787544000019,1.25e-05
1787547600070,1.25e-05
1787551200057,1.25e-05
1787554800028,1.25e-05
1787558400005,1.25e-05
1787562000013,1.25e-05
1787565600056,1.25e-05
1787569200088,1.25e-05
1787572800085,1.25e-05
1787576400041,1.25e-05
1787580000060,1.25e-05
1787583600026,1.25e-05
1787587200005,1.25e-05
1787590800093,1.25e-05
1787594400008,1.25e-05
1787598000031,1.25e-05
1787601600030,1.25e-05
1787605200009,1.25e-05
1787608800032,1.25e-05
1787612400041,1.25e-05
1787616000004,1.25e-05
1787619600045,1.25e-05
1787623200006,1.25e-05
1787626800017,1.25e-05
1787630400028,1.25e-05
1787634000025,1.25e-05
1787637600001,1.25e-05
1787641200025,1.34291e-05
1787644800008,1.25e-05
1787648400046,1.25e-05
1787652000015,1.25e-05
1787655600008,1.25e-05
1787659200027,1.25e-05
1787662800038,1.25e-05
1787666400013,1.25e-05
1787670000026,1.25e-05
1787673600058,1.25e-05
1787677200010,1.25e-05
1787680800007,1.25e-05
1787684400134,1.25e-05
1787688000049,1.25e-05
1787691600059,1.25e-05
1787695200005,1.25e-05
1787698800001,1.25e-05
1787702400048,1.25e-05
1787706000049,1.25e-05
1787709600048,1.25e-05
1787713200037,1.25e-05
1787716800048,1.25e-05
1787720400049,1.25e-05
1787724000008,1.25e-05
1787727600018,1.25e-05
1787731200007,1.25e-05
1787734800067,1.25e-05
1787738400032,1.25e-05
1787742000018,1.25e-05
1787745600022,1.25e-05
1787749200003,1.11202e-05
1787752800026,3.175e-06
1787756400057,1.19031e-05
1787760000034,1.25e-05
1787763600021,1.25e-05
1787767200046,1.25e-05
1787770800041,1.25e-05
1787774400068,1.25e-05
1787778000039,1.25e-05
1787781600019,1.25e-05
1787785200002,1.25e-05
1787788800012,1.25e-05
1787792400004,1.25e-05
1787796000013,1.25e-05
1787799600029,1.25e-05
1787803200091,1.25e-05
1787806800010,1.06336e-05
1787810400041,3.4638e-06
1787814000047,9.4434e-06
1787817600119,1.20381e-05
1787821200047,1.25e-05
1787824800056,1.25e-05
1787828400074,1.25e-05
1787832000043,1.25e-05
1787835600066,1.25e-05
1787839200035,1.25e-05
1787842800045,1.25e-05
1787846400033,1.25e-05
1787850000032,1.25e-05
1787853600059,1.25e-05
1787857200062,1.25e-05
1787860800016,1.25e-05
1787864400051,1.02884e-05
1787868000040,1.03159e-05
1787871600056,1.06356e-05
1787875200079,1.25e-05
1787878800049,1.25e-05
1787882400026,1.25e-05
1787886000001,4.1519e-06
1787889600011,1.09816e-05
1787893200031,3.8947e-06
1787896800038,7.3434e-06
1787900400038,1.0862e-05
1787904000046,1.25e-05
1787907600010,1.16457e-05
1787911200037,7.9342e-06
1787914800083,1.25e-05
1787918400038,1.04199e-05
1787922000059,9.0313e-06
1787925600018,9.3145e-06
1787929200090,1.25e-05
1787932800011,9.2103e-06
1787936400016,7.8685e-06
1787940000049,5.6455e-06
1787943600018,7.9855e-06
1787947200046,1.25e-05
1787950800058,1.25e-05
1787954400045,1.25e-05
1787958000040,1.25e-05
1787961600069,1.25e-05
1787965200048,1.25e-05
1787968800035,1.25e-05
1787972400001,1.25e-05
1787976000012,1.25e-05
1787979600068,1.25e-05
1787983200061,1.25e-05
1787986800027,1.25e-05
1787990400053,1.25e-05
1787994000044,1.25e-05
1787997600025,1.25e-05
1788001200058,1.25e-05
1788004800032,1.25e-05
1788008400009,1.25e-05
1788012000049,1.25e-05
1788015600035,1.25e-05
1788019200095,1.25e-05
1788022800100,1.25e-05
1788026400034,1.25e-05
1788030000041,1.25e-05
1788033600019,1.25e-05
1788037200076,1.25e-05
1788040800041,1.25e-05
1788044400024,1.25e-05
1788048000065,1.25e-05
1788051600015,1.25e-05
1788055200010,1.25e-05
1788058800046,1.25e-05
1788062400018,1.25e-05
1788066000035,1.25e-05
1788069600001,1.25e-05
1788073200050,1.25e-05
1788076800036,1.25e-05
1788080400017,1.25e-05
1788084000042,1.25e-05
1788087600049,1.25e-05
1788091200098,1.25e-05
1788094800029,1.25e-05
1788098400047,1.25e-05
1788102000016,1.25e-05
1788105600036,1.25e-05
1788109200018,1.25e-05
1788112800008,1.25e-05
1788116400043,1.25e-05
1788120000027,1.25e-05
1788123600036,1.25e-05
1788127200071,1.25e-05
1788130800052,1.25e-05
1788134400007,1.12905e-05
1788138000050,1.25e-05
1788141600067,1.25e-05
1788145200034,1.25e-05
1788148800052,1.25e-05
1788152400000,1.25e-05
1788156000017,1.25e-05
1788159600011,1.25e-05
1788163200063,1.25e-05
1788166800032,1.25e-05
1788170400053,1.25e-05
1788174000036,1.25e-05
1788177600050,1.25e-05
1788181200063,1.25e-05
1788184800028,6.07e-06
1788188400047,1.25e-05
1788192000044,1.25e-05
1788195600042,1.25e-05
1788199200059,1.25e-05
1788202800043,1.25e-05
1788206400026,1.25e-05
1788210000044,1.25e-05
1788213600071,1.25e-05
1788217200129,1.25e-05
1788220800019,1.25e-05
1788224400054,1.25e-05
1788228000000,1.25e-05
1788231600044,1.25e-05
1788235200029,1.25e-05
1788238800033,1.25e-05
1788242400013,1.25e-05
1788246000067,1.25e-05
1788249600022,1.25e-05
1788253200003,1.25e-05
1788256800048,1.25e-05
1788260400054,1.25e-05
1788264000019,1.25e-05
1788267600031,1.25e-05
1788271200043,1.25e-05
1788274800043,1.25e-05
1788278400038,1.25e-05
1788282000051,1.25e-05
1788285600016,1.25e-05
1788289200007,1.25e-05
1788292800012,1.25e-05
1788296400010,1.25e-05
1788300000006,1.25e-05
1788303600005,1.25e-05
1788307200047,1.25e-05
1788310800015,1.25e-05
1788314400015,1.25e-05
1788318000012,1.25e-05
1788321600068,1.25e-05
1788325200032,1.25e-05
1788328800018,1.25e-05
1788332400034,1.25e-05
1788336000029,1.25e-05
1788339600002,1.25e-05
1788343200031,1.25e-05
1788346800076,1.25e-05
1788350400021,1.25e-05
1788354000073,1.25e-05
1788357600004,1.25e-05
1788361200060,1.25e-05
1788364800044,1.25e-05
1788368400004,1.25e-05
1788372000004,1.25e-05
1788375600017,1.25e-05
1788379200046,1.25e-05
1788382800055,1.25e-05
1788386400010,1.25e-05
1788390000041,1.25e-05
1788393600075,1.25e-05
1788397200052,1.25e-05
1788400800011,1.25e-05
1788404400026,1.25e-05
1788408000025,1.25e-05
1788411600015,1.25e-05
1788415200016,1.25e-05
1788418800040,1.25e-05
1788422400025,1.25e-05
1788426000011,1.25e-05
1788429600005,1.25e-05
1788433200031,1.25e-05
1788436800063,1.25e-05
1788440400007,1.25e-05
1788444000032,1.25e-05
1788447600014,1.25e-05
1788451200021,1.25e-05
1788454800038,1.25e-05
1788458400030,1.25e-05
1788462000039,1.25e-05
1788465600007,1.25e-05
1788469200047,1.25e-05
1788472800059,1.25e-05
1788476400059,1.25e-05
1788480000030,1.25e-05
1788483600062,1.25e-05
1788487200002,1.25e-05
1788490800028,1.25e-05
1788494400049,1.25e-05
1788498000080,1.25e-05
1788501600034,1.25e-05
1788505200017,1.25e-05
1788508800050,1.25e-05
1788512400048,1.25e-05
1788516000025,1.25e-05
1788519600028,1.25e-05
1788523200038,1.25e-05
1788526800038,1.25e-05
1788530400057,1.25e-05
1788534000045,1.25e-05
1788537600041,1.25e-05
1788541200047,1.25e-05
1788544800018,1.25e-05
1788548400002,1.25e-05
1788552000122,1.25e-05
1788555600044,1.25e-05
1788559200003,1.25e-05
1788562800000,1.25e-05
1788566400005,1.25e-05
1788570000016,1.25e-05
1788573600063,1.25e-05
1788577200037,1.25e-05
1788580800024,1.25e-05
1788584400089,1.25e-05
1788588000040,1.25e-05
1788591600013,1.25e-05
1788595200002,1.25e-05
1788598800072,1.25e-05
1788602400044,1.25e-05
1788606000016,1.25e-05
1788609600053,1.25e-05
1788613200049,1.25e-05
1788616800049,1.25e-05
1788620400047,1.25e-05
1788624000012,1.25e-05
1788627600018,1.25e-05
1788631200022,1.25e-05
1788634800048,1.25e-05
1788638400032,1.25e-05
1788642000040,1.25e-05
1788645600045,1.25e-05
1788649200059,1.25e-05
1788652800016,1.25e-05
1788656400049,1.25e-05
1788660000027,1.25e-05
1788663600010,1.25e-05
1788667200036,1.25e-05
1788670800040,1.25e-05
1788674400097,1.25e-05
1788678000116,1.25e-05
1788681600054,1.25e-05
1788685200005,1.25e-05
1788688800109,1.25e-05
1788692400065,1.25e-05
1788696000035,1.25e-05
1788699600035,1.25e-05
1788703200037,1.25e-05
1788706800045,1.25e-05
1788710400038,1.25e-05
1788714000013,1.25e-05
1788717600120,1.25e-05
1788721200100,1.25e-05
1788724800069,1.25e-05
1788728400040,1.25e-05
1788732000015,1.25e-05
1788735600002,1.25e-05
1788739200041,1.34541e-05
1788742800051,1.35665e-05
1788746400029,1.25e-05
1788750000059,1.25e-05
1788753600054,1.25e-05
1788757200057,1.25e-05
1788760800053,1.25e-05
1788764400019,1.25e-05
1788768000025,1.25e-05
1788771600038,1.25e-05
1788775200012,1.25e-05
1788778800029,1.25e-05
1788782400039,1.25e-05
1788786000056,1.25e-05
1788789600026,1.25e-05
1788793200045,1.25e-05
1788796800043,1.25e-05
1788800400049,1.25e-05
1788804000043,1.25e-05
1788807600028,1.25e-05
1788811200060,1.25e-05
1788814800039,1.25e-05
1788818400004,1.25e-05
1788822000016,1.25e-05
1788825600043,1.25e-05
1788829200050,1.25e-05
1788832800031,1.25e-05
1788836400017,1.25e-05
1788840000012,1.25e-05
1788843600011,1.25e-05
1788847200009,1.25e-05
1788850800043,1.25e-05
1788854400047,1.25e-05
1788858000016,1.25e-05
1788861600042,1.25e-05
1788865200085,1.25e-05
1788868800040,1.25e-05
1788872400038,1.25e-05
1788876000053,1.25e-05
1788879600048,1.25e-05
1788883200040,1.25e-05
1788886800031,1.25e-05
1788890400039,1.25e-05
1788894000054,1.25e-05
1788897600014,1.25e-05
1788901200003,1.25e-05
1788904800061,1.25e-05
1788908400052,1.25e-05
1788912000076,1.25e-05
1788915600108,1.25e-05
1788919200131,1.25e-05
1788922800011,1.25e-05
1788926400015,1.25e-05
1788930000032,1.25e-05
1788933600010,1.25e-05
1788937200046,1.25e-05
1788940800029,1.25e-05
1788944400015,1.25e-05
1788948000067,1.25e-05
1788951600005,1.25e-05
1788955200034,1.25e-05
1788958800049,1.25e-05
1788962400073,1.25e-05
1788966000054,1.25e-05
1788969600030,1.25e-05
1788973200075,1.25e-05
1788976800032,1.25e-05
1788980400057,1.25e-05
1788984000027,1.25e-05
1788987600023,1.25e-05
1788991200015,1.25e-05
1788994800058,1.25e-05
1788998400013,1.25e-05
1789002000046,1.25e-05
1789005600018,1.25e-05
1789009200048,1.25e-05
1789012800047,1.25e-05
1789016400010,1.25e-05
1789020000021,1.25e-05
1789023600026,1.25e-05
1789027200027,1.25e-05
1789030800040,1.25e-05
1789034400112,1.25e-05
1789038000012,1.25e-05
1789041600126,1.25e-05
1789045200008,1.25e-05
1789048800007,1.25e-05
1789052400004,1.25e-05
1789056000091,1.25e-05
1789059600001,1.25e-05
1789063200063,1.25e-05
1789066800045,1.25e-05
1789070400028,1.25e-05
1789074000110,1.25e-05
1789077600028,1.25e-05
1789081200007,1.25e-05
1789084800040,1.25e-05
1789088400030,1.25e-05
1789092000019,1.25e-05
1789095600118,1.25e-05
1789099200030,1.25e-05
1789102800018,1.25e-05
1789106400042,1.25e-05
1789110000124,1.25e-05
1789113600085,1.25e-05
1789117200037,1.25e-05
1789120800021,1.25e-05
1789124400046,1.25e-05
1789128000006,1.25e-05
1789131600057,1.25e-05
1789135200020,1.25e-05
1789138800047,1.25e-05
1789142400047,1.25e-05
1789146000028,1.25e-05
1789149600021,1.25e-05
1789153200011,1.25e-05
1789156800017,1.25e-05
1789160400000,1.25e-05
1789164000041,1.25e-05
1789167600007,1.25e-05
1789171200064,1.25e-05
1789174800041,1.25e-05
1789178400023,1.25e-05
1789182000036,1.25e-05
1789185600037,1.25e-05
1789189200028,1.25e-05
1789192800003,1.25e-05
1789196400009,1.25e-05
1789200000039,1.25e-05
1789203600059,1.25e-05
1789207200014,1.25e-05
1789210800059,1.25e-05
1789214400037,1.25e-05
1789218000041,1.25e-05
1789221600000,1.25e-05
1789225200104,1.25e-05
1789228800001,1.25e-05
1789232400043,1.25e-05
1789236000008,1.25e-05
1789239600008,1.25e-05
1789243200022,1.25e-05
1789246800010,1.25e-05
1789250400013,1.25e-05
1789254000043,1.25e-05
1789257600049,1.25e-05
1789261200026,1.25e-05
1789264800029,1.25e-05
1789268400061,1.25e-05
1789272000042,1.25e-05
1789275600117,1.25e-05
1789279200007,1.25e-05
1789282800041,1.25e-05
1789286400020,1.25e-05
1789290000029,1.25e-05
1789293600008,1.25e-05
1789297200026,1.25e-05
1789300800053,1.25e-05
1789304400019,1.25e-05
1789308000107,1.25e-05
1789311600038,1.25e-05
1789315200070,1.25e-05
1789318800040,1.25e-05
1789322400042,1.25e-05
1789326000020,1.25e-05
1789329600000,1.25e-05
1789333200020,4.1979e-06
1789336800010,1.25e-05
1789340400023,1.25e-05
1789344000068,1.25e-05
1789347600018,1.25e-05
1789351200022,1.25e-05
1789354800024,1.25e-05
1789358400022,1.25e-05
1789362000040,1.25e-05
1789365600057,1.25e-05
1789369200040,1.25e-05
1789372800034,1.25e-05
1789376400007,-1.5302e-06
1789380000021,9.108e-07
1789383600121,5.2497e-06
1789387200046,1.14205e-05
1789390800014,8.5737e-06
1789394400028,3.8538e-06
1789398000030,9.1302e-06
1789401600030,1.25e-05
1789405200041,7.7006e-06
1789408800060,9.1116e-06
1789412400016,1.25e-05
1789416000079,1.25e-05
1789419600027,1.25e-05
1789423200047,1.25e-05
1789426800132,1.25e-05
1789430400024,8.1903e-06
1789434000042,7.0545e-06
1789437600052,9.4976e-06
1789441200097,1.09833e-05
1789444800037,8.6351e-06
1789448400016,5.411e-06
1789452000003,4.08e-06
1789455600083,4.4728e-06
1789459200008,5.9379e-06
1789462800049,6.0768e-06
1789466400030,6.7823e-06
1789470000036,1.25e-05
1789473600039,1.25e-05
1789477200117,1.25e-05
1789480800005,7.3866e-06
1789484400050,3.8329e-06
1789488000014,-1.0431e-06
1789491600014,1.638e-06
1789495200017,1.08549e-05
1789498800047,1.1052e-05
1789502400033,1.25e-05
1789506000077,1.25e-05
1789509600043,1.01645e-05
1789513200062,1.25e-05
1789516800021,9.2131e-06
1789520400024,4.0346e-06
1789524000058,2.1629e-06
1789527600035,1.1344e-05
1789531200018,9.1037e-06
1789534800004,8.7383e-06
1789538400081,7.6025e-06
1789542000026,3.4394e-06
1789545600035,7.1501e-06
1789549200091,6.0406e-06
1789552800004,1.25e-05
1789556400029,1.25e-05
1789560000079,1.25e-05
1789563600018,1.01169e-05
1789567200013,9.747e-06
1789570800012,1.01614e-05
1789574400037,7.2115e-06
1789578000112,4.0157e-06
1789581600011,4.3101e-06
1789585200054,7.6815e-06
1789588800091,6.0905e-06
1789592400031,8.3491e-06
1789596000002,7.8258e-06
1789599600022,5.7024e-06
1789603200048,-6.204e-07
1789606800065,9.2072e-06
1789610400031,1.25e-05
1789614000045,1.25e-05
1789617600038,1.25e-05
1789621200068,9.0167e-06
1789624800010,1.14732e-05
1789628400016,1.25e-05
1789632000011,5.4632e-06
1789635600001,8.5097e-06
1789639200041,9.3776e-06
1789642800058,7.2188e-06
1789646400058,5.3094e-06
1789650000018,1.25e-05
1789653600029,1.25e-05
1789657200000,1.25e-05
1789660800021,8.9285e-06
1789664400089,1.10061e-05
1789668000043,1.25e-05
1789671600007,1.25e-05
1789675200068,1.25e-05
1789678800016,1.25e-05
1789682400006,1.25e-05
1789686000018,1.25e-05
1789689600005,1.25e-05
1789693200106,1.25e-05
1789696800015,1.25e-05
1789700400050,1.25e-05
1789704000030,1.25e-05
1789707600009,1.25e-05
1789711200035,1.25e-05
1789714800058,1.25e-05
1789718400019,1.25e-05
1789722000028,1.25e-05
1789725600041,1.25e-05
1789729200059,1.25e-05
1789732800005,1.25e-05
1789736400054,1.25e-05
1789740000014,1.25e-05
1789743600019,1.25e-05
1789747200023,1.25e-05
1789750800033,1.25e-05
1789754400069,1.25e-05
1789758000083,1.25e-05
1789761600036,1.25e-05
1789765200033,1.25e-05
1789768800024,1.25e-05
1789772400009,1.25e-05
1789776000048,1.25e-05
1789779600049,1.25e-05
1789783200035,1.25e-05
1789786800051,1.25e-05
1789790400012,1.25e-05
1789794000045,1.25e-05
1789797600067,1.25e-05
1789801200050,1.25e-05
1789804800095,1.25e-05
1789808400016,1.25e-05
1789812000053,1.25e-05
1789815600055,1.25e-05
1789819200053,1.25e-05
1789822800026,1.25e-05
1789826400022,1.25e-05
1789830000035,1.25e-05
1789833600032,1.25e-05
1789837200015,1.25e-05
1789840800037,1.25e-05
1789844400030,1.25e-05
1789848000021,1.25e-05
1789851600054,1.25e-05
1789855200034,1.25e-05
1789858800052,1.25e-05
1789862400057,1.25e-05
1789866000055,1.25e-05
1789869600005,1.25e-05
1789873200039,1.25e-05
1789876800051,1.25e-05
1789880400014,1.25e-05
1789884000017,1.25e-05
1789887600013,1.25e-05
1789891200021,1.25e-05
1789894800064,1.25e-05
1789898400052,1.25e-05
1789902000044,1.25e-05
1789905600043,1.25e-05
1789909200064,1.25e-05
1789912800025,1.25e-05
1789916400037,1.25e-05
1789920000035,1.25e-05
1789923600004,1.25e-05
1789927200038,1.25e-05
1789930800013,1.25e-05
1789934400046,1.25e-05
1789938000056,1.25e-05
1789941600032,1.25e-05
1789945200033,1.25e-05
1789948800072,1.25e-05
1789952400054,1.25e-05
1789956000032,1.36294e-05
1789959600007,1.25e-05
1789963200070,1.25e-05
1789966800008,1.25e-05
1789970400040,1.25e-05
1789974000047,1.25e-05
1789977600069,1.81931e-05
1789981200073,6.4141e-05
1789984800022,0.0001418876
1789988400040,9.97228e-05
1789992000012,9.42443e-05
1789995600016,0.0001035418
1789999200050,9.04812e-05
1790002800016,7.11969e-05
1790006400108,9.89275e-05
1790010000083,7.46683e-05
1790013600013,6.47092e-05
1790017200031,8.21564e-05
1790020800056,8.02484e-05
1790024400050,0.0001351338
1790028000000,5.10103e-05
1790031600034,6.87859e-05
1790035200028,0.0001010827
1790038800043,9.16511e-05
1790042400020,8.34929e-05
1790046000012,6.05898e-05
1790049600050,3.45132e-05
1790053200001,4.52968e-05
1790056800032,1.4734e-05
1790060400019,1.28422e-05
1790064000012,1.25e-05
1790067600013,1.25e-05
1790071200001,1.25e-05
1790074800014,1.25e-05
1790078400053,1.25e-05
1790082000080,1.70435e-05
1790085600059,2.29719e-05
1790089200000,2.37941e-05
1790092800071,2.63392e-05
1790096400085,1.25e-05
1790100000057,1.81993e-05
1790103600072,1.81507e-05
1790107200040,1.25e-05
1790110800004,1.68807e-05
1790114400062,1.29814e-05
1790118000027,1.25e-05
1790121600031,1.25e-05
1790125200061,1.60069e-05
1790128800025,2.4863e-05
1790132400051,1.94054e-05
1790136000024,3.98706e-05
1790139600009,4.70098e-05
1790143200005,3.0195e-05
1790146800002,4.31997e-05
1790150400033,2.96189e-05
1790154000065,1.25e-05
1790157600062,1.25e-05
1790161200047,1.25e-05
1790164800030,1.25e-05
1790168400050,1.25e-05
1790172000043,1.25e-05
1790175600003,1.25e-05
1790179200048,1.25e-05
1790182800005,1.25e-05
1790186400074,1.25e-05
1790190000015,1.25e-05
1790193600071,1.25e-05
1790197200118,1.25e-05
1790200800015,1.25e-05
1790204400039,1.25e-05
1790208000045,1.25e-05
1790211600025,1.25e-05
1790215200029,1.25e-05
1790218800001,1.25e-05
1790222400038,1.25e-05
1790226000007,1.25e-05
1790229600061,1.25e-05
1790233200056,1.25e-05
1790236800017,1.25e-05
1790240400034,1.25e-05
1790244000011,1.25e-05
1790247600045,1.25e-05
1790251200065,1.25e-05
1790254800003,1.25e-05
1790258400035,1.25e-05
1790262000014,1.25e-05
1790265600030,1.25e-05
1790269200058,1.25e-05
1790272800058,1.25e-05
1790276400018,1.25e-05
1790280000054,1.25e-05
1790283600088,1.25e-05
1790287200013,1.25e-05
1790290800038,1.25e-05
1790294400076,1.97333e-05
1790298000027,1.5341e-05
1790301600059,2.06754e-05
1790305200086,1.25e-05
1790308800036,1.25e-05
1790312400040,1.25e-05
1790316000121,1.25e-05
1790319600043,1.25e-05
1790323200066,1.25e-05
1790326800051,1.25e-05
1790330400040,2.15787e-05
1790334000005,2.67492e-05
1790337600040,4.50318e-05
1790341200017,3.83972e-05
1790344800040,4.45048e-05
1790348400042,2.57981e-05
1790352000015,2.4823e-05
1790355600045,1.78435e-05
1790359200046,1.25e-05
1790362800061,1.25e-05
1790366400094,1.25e-05
1790370000019,2.35779e-05
1790373600065,1.64548e-05
1790377200029,3.72006e-05
1790380800002,5.28544e-05
1790384400063,1.55883e-05
1790388000051,1.25e-05
1790391600063,1.25e-05
1790395200127,1.25e-05
1790398800053,1.25e-05
1790402400003,1.25e-05
1790406000062,1.25e-05
1790409600016,1.25e-05
1790413200003,1.25e-05
1790416800067,1.25e-05
1790420400004,1.25e-05
1790424000047,1.25e-05
1790427600035,1.25e-05
1790431200006,3.03549e-05
1790434800060,1.80085e-05
1790438400023,2.21239e-05
1790442000074,2.84891e-05
1790445600064,1.7482e-05
1790449200041,1.25e-05
1790452800001,1.4152e-05
1790456400055,1.25e-05
1790460000014,1.25e-05
1790463600010,1.25e-05
1790467200067,1.25e-05
1790470800109,1.25e-05
1790474400044,1.25e-05
1790478000037,1.25e-05
1790481600064,1.25e-05
1790485200078,1.25e-05
1790488800004,1.25e-05
1790492400103,1.36431e-05
1790496000019,3.1998e-05
1790499600102,3.70286e-05
1790503200009,1.27247e-05
1790506800042,2.72581e-05
1790510400075,5.31165e-05
1790514000029,5.76721e-05
1790517600041,3.22168e-05
1790521200029,1.30793e-05
1790524800057,1.39718e-05
1790528400015,2.04481e-05
1790532000004,2.46752e-05
1790535600037,2.87003e-05
1790539200040,3.27633e-05
1790542800090,3.25103e-05
1790546400030,5.62079e-05
1790550000045,2.56418e-05
1790553600025,3.06471e-05
1790557200001,2.46212e-05
1790560800063,1.25e-05
1790564400036,1.25e-05
1790568000046,1.25e-05
1790571600037,1.25e-05
1790575200119,1.25e-05
1790578800055,1.25e-05
1790582400052,1.25e-05
1790586000028,1.25e-05
1790589600018,1.25e-05
1790593200027,1.25e-05
1790596800054,1.25e-05
1790600400050,1.25e-05
1790604000070,1.25e-05
1790607600054,1.25e-05
1790611200046,1.25e-05
1790614800018,1.25e-05
1790618400067,1.25e-05
1790622000008,1.25e-05
1790625600041,1.25e-05
1790629200023,1.25e-05
1790632800008,1.25e-05
1790636400005,1.25e-05
1790640000079,1.25e-05
1790643600020,1.25e-05
1790647200023,1.25e-05
1790650800055,1.25e-05
1790654400047,1.25e-05
1790658000031,1.25e-05
1790661600024,1.25e-05
1790665200045,1.25e-05
1790668800049,1.25e-05
1790672400050,1.25e-05
1790676000041,1.25e-05
1790679600030,1.25e-05
1790683200051,1.25e-05
1790686800058,1.25e-05
1790690400028,1.25e-05
1790694000109,1.25e-05
1790697600055,1.25e-05
1790701200021,1.25e-05
1790704800018,1.25e-05
1790708400053,1.25e-05
1790712000071,1.25e-05
1790715600013,1.25e-05
1790719200065,1.25e-05
1790722800031,1.25e-05
1790726400042,1.25e-05
1790730000014,1.25e-05
1790733600030,1.25e-05
1790737200041,1.25e-05
1790740800018,1.25e-05
1790744400022,1.25e-05
1790748000000,1.25e-05
1790751600012,1.25e-05
1790755200006,1.25e-05
1790758800033,1.25e-05
1790762400054,1.25e-05
1790766000000,1.25e-05
1790769600056,1.25e-05
1790773200016,1.25e-05
1790776800044,1.25e-05
1790780400083,1.25e-05
1790784000113,1.25e-05
1790787600035,1.25e-05
1790791200021,1.25e-05
1790794800064,1.25e-05
1790798400022,1.25e-05
1790802000036,1.25e-05
1790805600030,1.25e-05
1790809200017,1.25e-05
1790812800051,1.25e-05
1790816400041,1.25e-05
1790820000044,1.25e-05
1790823600052,1.25e-05
1790827200008,1.25e-05
1790830800016,1.25e-05
1790834400093,1.25e-05
1790838000062,1.25e-05
1790841600032,1.25e-05
1790845200052,1.25e-05
1790848800021,1.25e-05
1790852400010,1.25e-05
1790856000034,1.25e-05
1790859600006,1.25e-05
1790863200041,1.25e-05
1790866800008,1.25e-05
1790870400034,1.25e-05
1790874000126,1.25e-05
1790877600009,1.25e-05
1790881200019,1.25e-05
1790884800066,1.25e-05
1790888400002,1.25e-05
1790892000052,1.25e-05
1790895600041,1.25e-05
1790899200027,1.25e-05
1790902800060,1.25e-05
1790906400045,1.25e-05
1790910000089,1.25e-05
1790913600127,1.25e-05
1790917200008,1.25e-05
1790920800039,1.25e-05
1790924400045,1.25e-05
1790928000067,1.25e-05
1790931600042,1.25e-05
1790935200047,3.55027e-05
1790938800052,2.52571e-05
1790942400053,2.26851e-05
1790946000044,3.25563e-05
1790949600006,1.79903e-05
1790953200044,1.78712e-05
1790956800024,1.25e-05
1790960400026,1.25e-05
1790964000058,1.25e-05
1790967600030,1.25e-05
1790971200019,1.25e-05
1790974800000,1.25e-05
1790978400018,1.25e-05
1790982000017,1.25e-05
1790985600106,1.25e-05
1790989200032,1.25e-05
1790992800063,1.25e-05
1790996400046,1.25e-05
1791000000020,1.25e-05
1791003600001,1.25e-05
1791007200033,1.25e-05
1791010800076,1.25e-05
1791014400007,1.25e-05
1791018000019,1.25e-05
1791021600000,1.25e-05
1791025200044,1.25e-05
1791028800062,1.25e-05
1791032400025,1.25e-05
1791036000015,1.25e-05
1791039600012,1.25e-05
1791043200045,1.25e-05
1791046800022,1.25e-05
1791050400021,1.25e-05
1791054000003,1.25e-05
1791057600064,1.25e-05
1791061200040,1.25e-05
1791064800078,1.25e-05
1791068400002,1.25e-05
1791072000002,1.25e-05
1791075600041,1.25e-05
1791079200043,1.25e-05
1791082800032,1.25e-05
1791086400055,1.25e-05
1791090000039,1.25e-05
1791093600013,1.25e-05
1791097200072,1.25e-05
1791100800002,1.25e-05
1791104400031,1.25e-05
1791108000022,1.25e-05
1791111600017,1.25e-05
1791115200071,1.25e-05
1791118800055,1.25e-05
1791122400035,1.25e-05
1791126000049,1.25e-05
1791129600013,1.25e-05
1791133200017,1.25e-05
1791136800006,1.25e-05
1791140400029,1.25e-05
1791144000011,1.25e-05
1791147600054,1.25e-05
1791151200014,1.25e-05
1791154800040,1.25e-05
1791158400121,1.25e-05
1791162000016,1.25e-05
1791165600057,1.25e-05
1791169200006,1.25e-05
1791172800040,1.25e-05
1791176400078,1.25e-05
1791180000046,1.25e-05
1791183600049,1.25e-05
1791187200052,1.25e-05
1791190800025,1.25e-05
1791194400036,1.25e-05
1791198000065,1.25e-05
1791201600069,1.25e-05
1791205200031,1.25e-05
1791208800034,1.25e-05
1791212400001,1.25e-05
1791216000037,1.25e-05
1791219600012,1.25e-05
1791223200078,1.25e-05
1791226800062,1.25e-05
1791230400065,1.25e-05
1791234000007,1.25e-05
1791237600006,1.25e-05
1791241200042,1.25e-05
1791244800027,1.25e-05
1791248400051,1.25e-05
1791252000089,1.25e-05
1791255600057,1.25e-05
1791259200066,1.25e-05
1791262800016,1.25e-05
1791266400028,1.25e-05
1791270000032,1.25e-05
1791273600042,1.25e-05
1791277200006,1.25e-05
1791280800037,1.25e-05
1791284400039,1.25e-05
1791288000027,1.25e-05
1791291600007,1.25e-05
1791295200046,1.25e-05
1791298800024,1.25e-05
1791302400068,1.25e-05
1791306000020,1.25e-05
1791309600093,1.25e-05
1791313200014,1.25e-05
1791316800056,1.25e-05
1791320400003,1.25e-05
1791324000019,1.25e-05
1791327600041,1.25e-05
1791331200024,1.25e-05
1791334800007,1.25e-05
1791338400083,1.25e-05
1791342000034,1.25e-05
1791345600013,1.25e-05
1791349200001,1.25e-05
1791352800005,1.25e-05
1791356400090,1.25e-05
1791360000039,1.25e-05
1791363600063,1.25e-05
1791367200063,1.25e-05
1791370800057,1.25e-05
1791374400081,1.25e-05
1791378000058,1.25e-05
1791381600050,1.25e-05
1791385200062,1.25e-05
1791388800026,1.25e-05
1791392400024,1.25e-05
1791396000002,1.25e-05
1791399600039,1.25e-05
1791403200006,1.25e-05
1791406800036,1.25e-05
1791410400050,1.25e-05
1791414000006,1.25e-05
1791417600062,1.25e-05
1791421200128,1.25e-05
1791424800012,1.25e-05
1791428400049,1.25e-05
1791432000046,1.25e-05
1791435600004,1.25e-05
1791439200058,1.25e-05
1791442800066,1.25e-05
1791446400038,1.25e-05
1791450000024,1.25e-05
1791453600074,1.25e-05
1791457200022,1.25e-05
1791460800053,-3.582e-07
1791464400033,-4.4502e-06
1791468000022,1.00913e-05
1791471600040,1.25e-05
1791475200042,-2.9934e-06
1791478800051,-3.0744e-06
1791482400023,-2.5006e-06
1791486000034,-2.1861e-06
