t_ms,o,h,l,c,v
1597795200000,422.33,427.1,393.28,407.65,0.0
1597881600000,407.63,419.48,402.41,416.29,0.0
1597968000000,416.3,418.95,385.09,388.25,0.0
1598054400000,388.27,397.34,380.0,395.44,0.0
1598140800000,395.44,397.2,383.69,391.0,0.0
1598227200000,391.0,410.7,387.64,407.94,0.0
1598313600000,407.91,409.43,370.14,383.11,0.0
1598400000000,383.07,393.44,377.63,386.02,0.0
1598486400000,386.02,397.38,371.31,383.6,0.0
1598572800000,383.58,398.8,379.94,395.14,0.0
1598659200000,395.16,405.8,391.81,398.66,0.0
1598745600000,398.71,430.28,398.37,429.11,0.0
1598832000000,429.12,439.49,418.2,434.03,0.0
1598918400000,434.03,489.32,429.25,475.61,0.0
1599004800000,475.7,482.44,418.3,439.75,0.0
1599091200000,439.74,450.91,371.0,381.62,0.0
1599177600000,381.52,400.63,356.14,385.2,0.0
1599264000000,385.24,394.89,307.36,334.85,0.0
1599350400000,334.85,360.0,316.03,352.69,0.0
1599436800000,352.62,358.48,323.02,353.49,0.0
1599523200000,353.49,356.67,325.0,337.32,0.0
1599609600000,337.38,359.0,330.58,350.65,0.0
1599696000000,350.58,377.0,349.66,367.69,0.0
1599782400000,367.69,375.07,355.6,373.45,0.0
1599868800000,373.42,388.36,364.43,387.65,0.0
1599955200000,387.58,390.45,353.12,366.24,0.0
1600041600000,366.24,384.42,355.48,377.13,0.0
1600128000000,377.13,382.49,362.29,364.06,0.0
1600214400000,364.0,373.3,354.75,364.95,0.0
1600300800000,364.97,394.07,363.1,389.24,0.0
1600387200000,389.23,392.43,375.39,384.44,0.0
1600473600000,384.43,388.71,376.67,384.96,0.0
1600560000000,384.95,385.33,364.52,370.85,0.0
1600646400000,370.86,377.2,330.66,340.19,0.0
1600732800000,340.19,346.75,335.27,344.06,0.0
1600819200000,344.05,344.6,312.36,320.64,0.0
1600905600000,320.64,353.09,316.37,348.77,0.0
1600992000000,348.73,357.88,337.5,351.88,0.0
1601078400000,351.88,356.58,345.76,353.88,0.0
1601164800000,353.89,362.22,346.79,357.4,0.0
1601251200000,357.29,368.45,351.6,353.85,0.0
1601337600000,353.84,360.55,350.07,359.7,0.0
1601424000000,359.7,361.55,351.02,359.71,0.0
1601510400000,359.71,370.44,345.1,352.53,0.0
1601596800000,352.54,354.34,334.01,345.41,0.0
1601683200000,345.44,350.86,343.38,345.72,0.0
1601769600000,345.69,354.3,343.68,352.23,0.0
1601856000000,352.15,356.51,348.2,353.45,0.0
1601942400000,353.45,354.95,336.44,340.65,0.0
1602028800000,340.66,342.9,332.22,341.41,0.0
1602115200000,341.42,353.43,333.88,351.08,0.0
1602201600000,351.07,368.3,347.26,365.04,0.0
1602288000000,365.03,378.7,364.71,370.68,0.0
1602374400000,370.68,378.1,369.07,374.39,0.0
1602460800000,374.39,395.43,365.5,386.73,0.0
1602547200000,386.72,388.15,374.25,381.12,0.0
1602633600000,381.11,387.72,373.12,378.75,0.0
1602720000000,378.75,382.6,369.5,377.63,0.0
1602806400000,377.63,379.92,360.53,365.41,0.0
1602892800000,365.42,370.91,363.19,368.26,0.0
1602979200000,368.26,378.8,367.16,378.29,0.0
1603065600000,378.28,384.53,372.72,379.47,0.0
1603152000000,379.47,381.19,364.9,368.74,0.0
1603238400000,368.74,402.8,367.9,390.96,0.0
1603324800000,390.95,421.9,390.57,414.39,0.0
1603411200000,414.38,419.99,401.82,409.4,0.0
1603497600000,409.41,417.16,407.33,412.34,0.0
1603584000000,412.34,417.89,402.6,406.14,0.0
1603670400000,406.14,411.18,382.18,392.43,0.0
1603756800000,392.43,410.58,390.0,403.6,0.0
1603843200000,403.59,409.65,379.28,388.17,0.0
1603929600000,388.17,394.27,380.5,386.94,0.0
1604016000000,386.94,392.1,373.03,382.4,0.0
1604102400000,382.49,394.14,380.14,386.29,0.0
1604188800000,386.28,398.0,384.32,396.82,0.0
1604275200000,396.9,405.0,377.71,383.16,0.0
1604361600000,383.16,390.28,370.0,388.11,0.0
1604448000000,388.11,408.99,375.71,402.92,0.0
1604534400000,402.95,423.79,395.89,417.14,0.0
1604620800000,417.13,459.0,414.81,456.38,0.0
1604707200000,456.38,469.74,423.7,435.58,0.0
1604793600000,435.64,461.1,432.33,454.75,0.0
1604880000000,454.74,459.9,433.76,444.72,0.0
1604966400000,444.73,455.82,439.07,450.67,0.0
1605052800000,450.67,476.89,449.69,463.35,0.0
1605139200000,463.34,470.83,451.09,462.68,0.0
1605225600000,462.69,479.0,457.25,476.8,0.0
1605312000000,476.8,478.1,451.97,461.0,0.0
1605398400000,461.02,462.96,440.1,448.16,0.0
1605484800000,448.16,466.6,445.53,460.72,0.0
1605571200000,460.7,485.93,460.0,482.49,0.0
1605657600000,482.56,497.0,455.0,478.61,0.0
1605744000000,478.6,480.68,465.15,471.38,0.0
1605830400000,471.38,514.52,471.01,510.37,0.0
1605916800000,510.43,555.44,502.8,554.1,0.0
1606003200000,554.04,582.93,511.0,560.42,0.0
1606089600000,560.41,611.88,550.81,609.12,0.0
1606176000000,609.12,624.65,586.15,605.72,0.0
1606262400000,605.71,607.09,555.0,569.79,0.0
1606348800000,569.79,577.53,480.12,520.25,0.0
1606435200000,520.2,530.83,493.8,518.92,0.0
1606521600000,518.89,548.0,507.0,537.46,0.0
1606608000000,537.37,577.0,530.5,576.38,0.0
1606694400000,576.38,617.53,570.9,617.42,0.0
1606780800000,617.5,638.66,558.0,585.98,0.0
1606867200000,585.92,605.88,574.73,596.96,0.0
1606953600000,596.96,624.7,585.95,616.2,0.0
1607040000000,616.21,620.99,564.91,567.68,0.0
1607126400000,567.69,598.2,561.06,596.97,0.0
1607212800000,596.98,607.93,583.2,601.86,0.0
1607299200000,601.86,603.63,584.67,591.84,0.0
1607385600000,591.84,595.75,548.0,555.17,0.0
1607472000000,555.08,578.62,531.0,573.27,0.0
1607558400000,573.28,575.67,548.52,559.71,0.0
1607644800000,559.69,561.37,533.11,544.74,0.0
1607731200000,544.8,574.0,543.34,568.34,0.0
1607817600000,568.3,595.47,563.11,590.91,0.0
1607904000000,590.92,591.63,575.57,586.33,0.0
1607990400000,586.32,598.0,579.0,588.8,0.0
1608076800000,588.8,640.47,581.04,637.8,0.0
1608163200000,637.79,678.2,625.0,643.12,0.0
1608249600000,643.09,665.85,630.1,654.51,0.0
1608336000000,654.44,671.95,646.0,658.81,0.0
1608422400000,658.82,662.99,620.93,638.27,0.0
1608508800000,638.25,648.88,595.54,608.18,0.0
1608595200000,608.24,638.7,588.41,637.2,0.0
1608681600000,637.2,639.54,546.81,585.34,0.0
1608768000000,585.49,615.42,565.2,612.31,0.0
1608854400000,612.31,634.96,604.5,627.18,0.0
1608940800000,627.17,654.32,615.1,637.9,0.0
1609027200000,637.89,718.75,625.0,685.97,0.0
1609113600000,685.97,749.5,681.91,731.07,0.0
1609200000000,731.06,742.0,690.1,733.45,0.0
1609286400000,733.45,760.76,717.52,753.04,0.0
1609372800000,753.05,757.0,721.75,737.19,0.0
1609459200000,737.18,750.4,714.55,729.77,0.0
1609545600000,729.7,788.71,715.6,775.02,0.0
1609632000000,775.04,1022.51,769.19,980.24,0.0
1609718400000,980.23,1173.94,890.0,1043.11,0.0
1609804800000,1043.12,1138.92,974.23,1101.29,0.0
1609891200000,1101.29,1218.0,1057.3,1212.64,0.0
1609977600000,1212.98,1297.15,1150.0,1227.12,0.0
1610064000000,1227.5,1279.06,1064.6,1218.39,0.0
1610150400000,1218.55,1314.0,1173.0,1279.96,0.0
1610236800000,1279.96,1354.66,1168.49,1257.96,0.0
1610323200000,1257.95,1264.5,915.2,1086.94,0.0
1610409600000,1086.84,1153.13,1007.0,1050.82,0.0
1610496000000,1050.67,1138.63,987.21,1130.4,0.0
1610582400000,1130.4,1249.32,1087.68,1234.86,0.0
1610668800000,1234.5,1260.0,1070.0,1168.79,0.0
1610755200000,1168.65,1296.79,1152.13,1230.19,0.0
1610841600000,1230.32,1272.28,1165.0,1233.71,0.0
1610928000000,1233.61,1265.96,1183.2,1262.99,0.0
1611014400000,1263.0,1444.05,1255.51,1367.51,0.0
1611100800000,1367.38,1411.38,1236.35,1379.24,0.0
1611187200000,1379.23,1391.0,1083.4,1111.23,0.0
1611273600000,1111.82,1274.52,1041.13,1234.55,0.0
1611360000000,1234.54,1274.0,1197.0,1235.66,0.0
1611446400000,1235.65,1401.88,1221.51,1394.24,0.0
1611532800000,1394.23,1481.46,1293.0,1318.61,0.0
1611619200000,1318.53,1379.5,1244.87,1368.4,0.0
1611705600000,1368.48,1377.9,1206.0,1238.55,0.0
1611792000000,1238.55,1362.94,1217.28,1329.86,0.0
1611878400000,1330.28,1443.0,1285.46,1381.99,0.0
1611964800000,1382.14,1409.35,1328.0,1380.48,0.0
1612051200000,1380.42,1383.7,1281.96,1313.12,0.0
1612137600000,1313.09,1379.73,1270.0,1376.48,0.0
1612224000000,1376.74,1551.5,1363.0,1516.26,0.0
1612310400000,1516.2,1672.76,1510.76,1666.0,0.0
1612396800000,1666.1,1703.37,1557.0,1596.0,0.0
1612483200000,1595.93,1767.19,1592.46,1721.16,0.0
1612569600000,1721.03,1748.11,1647.09,1679.34,0.0
1612656000000,1679.38,1695.5,1490.48,1611.99,0.0
1612742400000,1612.0,1782.5,1566.22,1755.61,0.0
1612828800000,1755.6,1830.47,1713.2,1770.79,0.0
1612915200000,1770.99,1848.0,1680.0,1743.31,0.0
1613001600000,1743.3,1827.07,1704.21,1789.32,0.0
1613088000000,1789.32,1872.86,1740.22,1843.08,0.0
1613174400000,1843.08,1878.88,1764.79,1818.02,0.0
1613260800000,1817.86,1857.67,1785.23,1803.59,0.0
1613347200000,1804.0,1839.63,1652.0,1781.34,0.0
1613433600000,1781.34,1831.58,1726.01,1784.31,0.0
1613520000000,1784.31,1864.26,1735.66,1849.86,0.0
1613606400000,1849.87,1955.0,1849.37,1941.26,0.0
1613692800000,1941.12,1980.0,1894.0,1958.58,0.0
1613779200000,1958.59,2048.0,1792.0,1914.58,0.0
1613865600000,1914.51,1981.04,1885.0,1934.75,0.0
1613952000000,1934.59,1938.5,1552.2,1778.3,0.0
1614038400000,1778.22,1784.08,1348.17,1579.75,0.0
1614124800000,1579.75,1714.04,1501.09,1623.98,0.0
1614211200000,1623.94,1672.49,1458.0,1482.09,0.0
1614297600000,1482.13,1563.66,1401.01,1445.28,0.0
1614384000000,1445.36,1530.19,1425.5,1458.65,0.0
1614470400000,1458.64,1469.44,1292.8,1419.77,0.0
1614556800000,1419.96,1573.42,1411.1,1571.2,0.0
1614643200000,1571.2,1604.85,1455.3,1486.28,0.0
1614729600000,1486.24,1664.0,1475.0,1568.63,0.0
1614816000000,1568.63,1626.0,1506.99,1540.69,0.0
1614902400000,1540.7,1551.0,1441.57,1529.88,0.0
1614988800000,1529.75,1674.02,1515.16,1651.73,0.0
1615075200000,1651.9,1736.89,1631.59,1727.23,0.0
1615161600000,1727.73,1844.57,1667.86,1834.3,0.0
1615248000000,1834.47,1873.86,1801.0,1873.31,0.0
1615334400000,1873.37,1882.59,1760.0,1796.8,0.0
1615420800000,1796.8,1850.07,1725.96,1829.0,0.0
1615507200000,1828.96,1846.59,1719.92,1767.44,0.0
1615593600000,1767.32,1948.75,1729.33,1924.94,0.0
1615680000000,1924.94,1935.88,1836.0,1850.54,0.0
1615766400000,1850.5,1896.3,1729.2,1794.89,0.0
1615852800000,1795.09,1819.76,1712.0,1807.25,0.0
1615939200000,1807.25,1841.86,1741.95,1825.77,0.0
1616025600000,1825.94,1853.0,1758.48,1777.54,0.0
1616112000000,1777.55,1844.32,1733.09,1811.04,0.0
1616198400000,1811.04,1873.84,1802.5,1807.35,0.0
1616284800000,1807.43,1818.61,1745.02,1784.67,0.0
1616371200000,1784.78,1809.59,1653.67,1681.69,0.0
1616457600000,1681.66,1722.52,1652.58,1669.33,0.0
1616544000000,1669.33,1742.43,1540.22,1582.11,0.0
1616630400000,1582.01,1622.54,1548.56,1587.5,0.0
1616716800000,1587.44,1701.19,1587.03,1699.13,0.0
1616803200000,1699.21,1734.88,1668.3,1714.34,0.0
1616889600000,1714.14,1727.5,1662.54,1688.3,0.0
1616976000000,1688.31,1845.0,1680.04,1818.44,0.0
1617062400000,1818.43,1863.79,1788.3,1843.43,0.0
1617148800000,1843.43,1952.98,1771.85,1923.07,0.0
1617235200000,1923.07,1989.11,1882.1,1969.74,0.0
1617321600000,1969.75,2150.0,1949.94,2138.01,0.0
1617408000000,2138.01,2144.17,2002.0,2012.63,0.0
1617494400000,2012.64,2093.72,1980.0,2077.73,0.0
1617580800000,2077.85,2138.61,2002.16,2110.35,0.0
1617667200000,2110.39,2161.02,2043.89,2114.47,0.0
1617753600000,2114.48,2133.02,1930.1,1965.4,0.0
1617840000000,1965.4,2086.67,1950.0,2082.08,0.0
1617926400000,2082.02,2104.83,2052.0,2068.02,0.0
1618012800000,2068.02,2211.94,2059.03,2135.96,0.0
1618099200000,2135.99,2171.07,2115.56,2155.05,0.0
1618185600000,2155.07,2209.99,2101.96,2139.25,0.0
1618272000000,2139.24,2324.0,2137.21,2303.15,0.0
1618358400000,2303.15,2450.0,2286.04,2437.08,0.0
1618444800000,2436.74,2548.6,2403.14,2519.85,0.0
1618531200000,2519.85,2553.0,2298.23,2427.29,0.0
1618617600000,2427.29,2499.26,2314.49,2319.8,0.0
1618704000000,2319.93,2341.91,1900.0,2235.32,0.0
1618790400000,2235.32,2278.58,2079.12,2162.75,0.0
1618876800000,2162.76,2347.0,2052.42,2329.96,0.0
1618963200000,2330.07,2470.0,2238.96,2358.9,0.0
1619049600000,2359.41,2645.63,2305.0,2398.94,0.0
1619136000000,2399.2,2443.66,2110.0,2368.67,0.0
1619222400000,2368.66,2370.04,2156.58,2215.54,0.0
1619308800000,2215.55,2357.0,2162.9,2320.71,0.0
1619395200000,2320.71,2545.5,2303.42,2534.25,0.0
1619481600000,2534.17,2683.42,2481.43,2668.39,0.0
1619568000000,2668.28,2762.1,2562.83,2748.33,0.0
1619654400000,2748.33,2798.0,2668.87,2759.14,0.0
1619740800000,2759.15,2803.55,2726.88,2773.15,0.0
1619827200000,2773.16,2958.91,2754.04,2947.01,0.0
1619913600000,2947.0,2986.97,2856.7,2950.98,0.0
1620000000000,2950.91,3459.8,2950.7,3433.36,0.0
1620086400000,3433.7,3529.64,3160.01,3243.67,0.0
1620172800000,3243.65,3552.74,3211.0,3528.49,0.0
1620259200000,3528.74,3616.0,3380.25,3493.16,0.0
1620345600000,3493.17,3592.0,3355.0,3480.98,0.0
1620432000000,3480.98,3964.83,3451.74,3914.47,0.0
1620518400000,3914.95,3985.55,3730.0,3928.01,0.0
1620604800000,3927.83,4214.92,3658.0,3950.33,0.0
1620691200000,3950.32,4183.52,3778.17,4175.91,0.0
1620777600000,4175.85,4379.18,3723.43,3828.99,0.0
1620864000000,3829.89,4036.45,3491.53,3719.45,0.0
1620950400000,3719.44,4175.0,3692.99,4079.99,0.0
1621036800000,4079.98,4137.21,3634.44,3648.98,0.0
1621123200000,3649.01,3882.76,3348.0,3581.39,0.0
1621209600000,3581.39,3587.0,3125.0,3283.58,0.0
1621296000000,3283.23,3570.27,3240.06,3376.35,0.0
1621382400000,3377.03,3446.24,1400.73,2442.98,0.0
1621468800000,2444.02,2990.85,2150.0,2768.42,0.0
1621555200000,2768.42,2940.0,2097.99,2431.01,0.0
1621641600000,2431.24,2489.65,2151.63,2295.15,0.0
1621728000000,2295.46,2383.41,1728.85,2096.63,0.0
1621814400000,2096.62,2675.0,2079.0,2649.27,0.0
1621900800000,2649.49,2750.0,2380.6,2706.83,0.0
1621987200000,2706.82,2913.0,2642.87,2884.27,0.0
1622073600000,2884.16,2893.03,2634.0,2742.77,0.0
1622160000000,2742.77,2763.57,2324.48,2411.66,0.0
1622246400000,2411.65,2577.04,2208.04,2277.99,0.0
1622332800000,2277.99,2476.83,2179.13,2386.11,0.0
1622419200000,2386.11,2721.51,2271.46,2706.33,0.0
1622505600000,2706.46,2741.45,2523.82,2634.63,0.0
1622592000000,2634.61,2804.04,2551.03,2707.22,0.0
1622678400000,2707.03,2892.23,2662.0,2858.34,0.0
1622764800000,2858.34,2861.53,2540.61,2689.21,0.0
1622851200000,2689.41,2817.43,2550.77,2627.45,0.0
1622937600000,2627.44,2744.0,2613.11,2711.4,0.0
1623024000000,2711.3,2849.65,2569.3,2592.96,0.0
1623110400000,2592.51,2621.27,2305.5,2506.19,0.0
1623196800000,2506.13,2627.38,2404.01,2610.2,0.0
1623283200000,2610.2,2624.79,2423.36,2471.11,0.0
1623369600000,2471.05,2497.94,2320.0,2354.25,0.0
1623456000000,2354.25,2452.79,2255.42,2370.59,0.0
1623542400000,2370.61,2548.0,2307.41,2508.71,0.0
1623628800000,2508.56,2608.53,2460.0,2579.82,0.0
1623715200000,2579.8,2639.99,2506.81,2544.17,0.0
1623801600000,2544.28,2557.54,2350.0,2366.84,0.0
1623888000000,2366.84,2459.77,2304.15,2372.51,0.0
1623974400000,2372.5,2376.94,2135.04,2231.68,0.0
1624060800000,2231.68,2280.0,2160.0,2163.36,0.0
1624147200000,2163.36,2277.0,2038.94,2242.7,0.0
1624233600000,2242.7,2259.27,1864.36,1884.77,0.0
1624320000000,1884.75,1997.8,1698.64,1878.46,0.0
1624406400000,1878.46,2044.35,1820.3,1966.51,0.0
1624492800000,1966.48,2036.0,1883.47,1989.5,0.0
1624579200000,1989.5,2020.0,1790.0,1808.0,0.0
1624665600000,1808.0,1852.95,1715.0,1828.88,0.0
1624752000000,1828.86,1984.61,1805.0,1980.83,0.0
1624838400000,1981.0,2146.91,1960.31,2083.56,0.0
1624924800000,2083.55,2244.33,2073.0,2165.15,0.0
1625011200000,2165.03,2290.0,2087.23,2275.0,0.0
1625097600000,2274.99,2275.68,2066.0,2105.24,0.0
1625184000000,2105.23,2160.0,2016.43,2152.64,0.0
1625270400000,2152.64,2239.0,2112.03,2226.63,0.0
1625356800000,2226.71,2390.0,2188.0,2321.95,0.0
1625443200000,2322.13,2324.22,2155.04,2195.38,0.0
1625529600000,2195.38,2349.92,2191.24,2322.04,0.0
1625616000000,2321.82,2410.0,2292.94,2314.65,0.0
1625702400000,2314.64,2326.58,2082.07,2114.88,0.0
1625788800000,2114.81,2189.27,2045.0,2147.53,0.0
1625875200000,2147.4,2195.0,2073.0,2111.14,0.0
1625961600000,2111.14,2175.0,2080.0,2140.27,0.0
1626048000000,2140.26,2167.95,2003.4,2030.85,0.0
1626134400000,2030.78,2048.97,1916.0,1940.32,0.0
1626220800000,1940.31,2018.55,1862.32,1993.82,0.0
1626307200000,1993.82,2042.1,1880.29,1919.35,0.0
1626393600000,1919.36,1965.85,1846.0,1876.1,0.0
1626480000000,1876.09,1919.0,1841.0,1898.55,0.0
1626566400000,1898.55,1994.26,1875.0,1890.66,0.0
1626652800000,1890.8,1917.82,1801.0,1818.4,0.0
1626739200000,1818.4,1841.34,1715.0,1785.04,0.0
1626825600000,1785.2,2038.0,1752.35,1995.49,0.0
1626912000000,1995.5,2046.0,1945.0,2023.55,0.0
1626998400000,2024.0,2131.96,1995.02,2124.33,0.0
1627084800000,2124.34,2198.0,2105.4,2183.53,0.0
1627171200000,2183.54,2197.0,2106.12,2188.11,0.0
1627257600000,2188.15,2433.53,2170.03,2227.41,0.0
1627344000000,2227.44,2319.0,2150.0,2298.04,0.0
1627430400000,2298.05,2345.54,2242.2,2300.08,0.0
1627516800000,2300.12,2406.44,2263.33,2382.45,0.0
1627603200000,2382.45,2473.99,2316.03,2461.72,0.0
1627689600000,2461.52,2553.8,2421.76,2530.49,0.0
1627776000000,2530.37,2699.0,2511.88,2554.71,0.0
1627862400000,2554.72,2666.91,2506.11,2607.09,0.0
1627948800000,2607.09,2633.27,2441.0,2506.87,0.0
1628035200000,2506.5,2775.06,2456.83,2725.0,0.0
1628121600000,2725.0,2845.9,2527.0,2826.8,0.0
1628208000000,2826.81,2948.36,2720.31,2892.3,0.0
1628294400000,2892.29,3176.0,2865.45,3163.26,0.0
1628380800000,3163.26,3195.67,2950.45,3014.06,0.0
1628467200000,3014.06,3190.8,2890.03,3163.43,0.0
1628553600000,3163.43,3239.13,3053.24,3143.98,0.0
1628640000000,3143.97,3279.78,3120.69,3161.52,0.0
1628726400000,3161.52,3241.57,2981.0,3046.74,0.0
1628812800000,3046.63,3332.88,3034.35,3324.12,0.0
1628899200000,3324.12,3337.99,3210.0,3266.31,0.0
1628985600000,3266.31,3326.0,3109.0,3312.31,0.0
1629072000000,3312.31,3343.0,3133.33,3146.83,0.0
1629158400000,3146.82,3294.23,2992.0,3014.64,0.0
1629244800000,3014.63,3125.92,2950.0,3014.25,0.0
1629331200000,3014.31,3194.0,2958.8,3186.8,0.0
1629417600000,3186.76,3308.26,3180.0,3286.62,0.0
1629504000000,3286.65,3313.9,3207.12,3226.4,0.0
1629590400000,3226.39,3276.42,3124.35,3241.29,0.0
1629676800000,3241.29,3383.0,3233.07,3323.01,0.0
1629763200000,3323.0,3362.0,3145.0,3173.98,0.0
1629849600000,3173.99,3249.0,3078.52,3227.9,0.0
1629936000000,3227.9,3254.0,3052.0,3093.77,0.0
1630022400000,3093.81,3283.0,3061.44,3273.91,0.0
1630108800000,3274.12,3288.22,3209.93,3247.29,0.0
1630195200000,3247.47,3291.7,3150.5,3225.47,0.0
1630281600000,3225.47,3350.0,3142.38,3230.43,0.0
1630368000000,3230.42,3478.0,3187.85,3430.49,0.0
1630454400000,3430.49,3849.0,3381.23,3831.44,0.0
1630540800000,3831.42,3843.21,3723.87,3788.95,0.0
1630627200000,3788.94,4036.44,3710.77,3942.79,0.0
1630713600000,3942.83,3976.59,3835.0,3889.71,0.0
1630800000000,3889.95,3991.25,3837.0,3952.56,0.0
1630886400000,3952.56,3976.6,3864.27,3929.0,0.0
1630972800000,3929.01,3952.53,2923.0,3435.0,0.0
1631059200000,3435.0,3562.25,3217.01,3497.99,0.0
1631145600000,3497.68,3570.34,3390.0,3426.42,0.0
1631232000000,3426.43,3517.91,3143.2,3209.84,0.0
1631318400000,3209.85,3349.17,3199.26,3267.23,0.0
1631404800000,3267.28,3474.95,3230.84,3405.21,0.0
1631491200000,3405.65,3432.12,3107.02,3284.41,0.0
1631577600000,3284.17,3438.0,3269.25,3435.42,0.0
1631664000000,3435.29,3620.0,3358.08,3614.72,0.0
1631750400000,3614.71,3678.0,3482.0,3570.46,0.0
1631836800000,3570.46,3597.52,3350.0,3400.99,0.0
1631923200000,3401.0,3546.0,3370.25,3435.35,0.0
1632009600000,3435.36,3459.0,3275.0,3328.72,0.0
1632096000000,3328.99,3347.99,2907.07,2978.34,0.0
1632182400000,2978.34,3108.17,2647.8,2765.48,0.0
1632268800000,2765.47,3088.88,2736.57,3076.62,0.0
1632355200000,3076.62,3173.99,3032.77,3150.7,0.0
1632441600000,3150.7,3157.5,2731.0,2926.37,0.0
1632528000000,2926.36,2967.32,2800.0,2921.08,0.0
1632614400000,2921.08,3116.84,2737.19,3057.63,0.0
1632700800000,3057.62,3163.9,2920.22,2923.6,0.0
1632787200000,2923.59,2969.0,2781.0,2803.5,0.0
1632873600000,2803.34,2949.0,2780.0,2848.38,0.0
1632960000000,2848.38,3049.3,2835.29,2999.45,0.0
1633046400000,2999.45,3331.56,2967.1,3308.58,0.0
1633132800000,3308.59,3471.58,3257.05,3387.25,0.0
1633219200000,3387.24,3489.22,3340.0,3418.25,0.0
1633305600000,3418.21,3440.0,3268.81,3386.12,0.0
1633392000000,3386.12,3549.9,3363.56,3517.64,0.0
1633478400000,3517.64,3638.0,3339.67,3576.85,0.0
1633564800000,3576.9,3659.98,3470.37,3589.85,0.0
1633651200000,3589.85,3675.41,3531.0,3563.81,0.0
1633737600000,3563.82,3639.0,3538.1,3577.8,0.0
1633824000000,3577.65,3607.55,3402.12,3415.01,0.0
1633910400000,3415.01,3629.0,3368.0,3543.1,0.0
1633996800000,3543.09,3549.82,3404.0,3492.91,0.0
1634083200000,3492.9,3618.0,3412.29,3610.05,0.0
1634169600000,3610.24,3830.0,3590.02,3794.19,0.0
1634256000000,3794.18,3915.0,3737.13,3872.71,0.0
1634342400000,3872.7,3980.0,3801.38,3833.3,0.0
1634428800000,3833.29,3925.95,3634.32,3851.01,0.0
1634515200000,3851.17,3898.94,3675.5,3748.31,0.0
1634601600000,3748.1,3893.0,3734.93,3881.48,0.0
1634688000000,3881.49,4173.5,3830.0,4164.14,0.0
1634774400000,4164.13,4389.6,4006.83,4057.26,0.0
1634860800000,4057.26,4172.52,3888.0,3975.56,0.0
1634947200000,3975.55,4177.27,3940.6,4170.5,0.0
1635033600000,4170.5,4191.72,3962.86,4084.61,0.0
1635120000000,4084.6,4240.03,4071.37,4224.14,0.0
1635206400000,4224.13,4306.61,4092.0,4133.39,0.0
1635292800000,4133.37,4319.0,3900.0,3923.57,0.0
1635379200000,3923.58,4300.0,3887.75,4288.96,0.0
1635465600000,4288.91,4467.89,4269.16,4421.53,0.0
1635552000000,4421.53,4438.85,4230.55,4324.82,0.0
1635638400000,4324.82,4399.22,4161.0,4288.86,0.0
1635724800000,4288.87,4385.57,4145.0,4322.72,0.0
1635811200000,4322.72,4604.96,4286.67,4593.88,0.0
1635897600000,4593.17,4676.0,4456.0,4606.59,0.0
1635984000000,4606.59,4611.23,4423.09,4535.37,0.0
1636070400000,4535.38,4575.0,4445.1,4477.29,0.0
1636156800000,4477.29,4538.29,4325.91,4521.4,0.0
1636243200000,4521.7,4642.76,4505.41,4616.5,0.0
1636329600000,4616.51,4830.66,4615.21,4814.3,0.0
1636416000000,4814.13,4844.97,4714.83,4734.98,0.0
1636502400000,4734.99,4877.54,4450.0,4632.21,0.0
1636588800000,4632.42,4783.12,4580.9,4721.19,0.0
1636675200000,4721.19,4811.0,4508.0,4665.99,0.0
1636761600000,4665.99,4708.0,4585.11,4644.42,0.0
1636848000000,4644.42,4700.0,4515.84,4629.44,0.0
1636934400000,4629.75,4771.83,4541.44,4567.01,0.0
1637020800000,4567.01,4567.07,4077.0,4209.42,0.0
1637107200000,4209.42,4300.0,4062.0,4287.99,0.0
1637193600000,4288.0,4343.33,3957.96,3997.72,0.0
1637280000000,3997.72,4309.04,3973.14,4293.44,0.0
1637366400000,4293.44,4436.01,4202.24,4412.55,0.0
1637452800000,4412.37,4425.73,4242.0,4259.23,0.0
1637539200000,4259.28,4327.75,4019.35,4086.57,0.0
1637625600000,4086.41,4387.0,4059.55,4341.36,0.0
1637712000000,4341.36,4377.0,4170.38,4271.29,0.0
1637798400000,4271.29,4558.29,4250.34,4527.86,0.0
1637884800000,4528.2,4555.0,3911.0,4040.66,0.0
1637971200000,4040.66,4182.66,4027.32,4095.33,0.0
1638057600000,4095.33,4301.07,3958.58,4296.6,0.0
1638144000000,4297.01,4460.0,4280.0,4445.1,0.0
1638230400000,4445.09,4757.8,4347.9,4631.51,0.0
1638316800000,4631.43,4783.19,4528.5,4586.66,0.0
1638403200000,4586.67,4636.86,4435.76,4514.32,0.0
1638489600000,4514.32,4658.0,4004.0,4213.66,0.0
1638576000000,4213.67,4237.2,3388.15,4115.79,0.0
1638662400000,4115.79,4247.19,4033.0,4197.53,0.0
1638748800000,4197.52,4377.58,3920.0,4345.2,0.0
1638835200000,4345.44,4425.0,4255.27,4305.82,0.0
1638921600000,4305.83,4454.6,4224.98,4435.33,0.0
1639008000000,4435.7,4490.97,4075.0,4103.8,0.0
1639094400000,4103.8,4232.0,3882.84,3895.95,0.0
1639180800000,3895.85,4094.82,3831.01,4089.81,0.0
1639267200000,4088.86,4173.37,3985.0,4129.0,0.0
1639353600000,4129.16,4142.0,3668.34,3780.63,0.0
1639440000000,3780.33,3879.13,3682.0,3856.66,0.0
1639526400000,3856.67,4096.0,3639.39,4019.01,0.0
1639612800000,4019.01,4118.47,3951.14,3958.67,0.0
1639699200000,3958.7,3992.99,3694.2,3873.93,0.0
1639785600000,3872.98,3997.39,3764.96,3957.64,0.0
1639872000000,3957.65,4034.99,3881.89,3922.51,0.0
1639958400000,3922.51,3981.48,3750.0,3943.48,0.0
1640044800000,3943.64,4063.0,3912.26,4014.38,0.0
1640131200000,4014.38,4074.99,3924.36,3978.62,0.0
1640217600000,3978.63,4153.71,3888.87,4111.3,0.0
1640304000000,4111.31,4133.38,4014.45,4045.0,0.0
1640390400000,4045.19,4138.47,4015.0,4093.87,0.0
1640476800000,4093.88,4104.84,4002.0,4062.24,0.0
1640563200000,4062.4,4126.0,4030.06,4037.36,0.0
1640649600000,4037.35,4037.36,3756.26,3791.99,0.0
1640736000000,3792.0,3825.91,3600.45,3628.55,0.0
1640822400000,3628.49,3766.71,3580.0,3708.37,0.0
1640908800000,3708.45,3814.95,3621.32,3676.02,0.0
1640995200000,3676.01,3776.33,3671.86,3763.06,0.0
1641081600000,3763.05,3860.0,3714.48,3826.21,0.0
1641168000000,3826.1,3850.0,3680.0,3764.07,0.0
1641254400000,3764.07,3893.19,3711.0,3785.6,0.0
1641340800000,3785.6,3847.18,3405.0,3537.71,0.0
1641427200000,3537.81,3549.11,3292.31,3404.6,0.0
1641513600000,3404.61,3415.35,3040.77,3196.58,0.0
1641600000000,3196.58,3248.03,2996.45,3080.03,0.0
1641686400000,3079.86,3209.4,3057.0,3150.0,0.0
1641772800000,3149.99,3179.16,2924.78,3081.31,0.0
1641859200000,3081.25,3262.66,3050.58,3236.86,0.0
1641945600000,3236.86,3411.0,3203.85,3369.93,0.0
1642032000000,3369.92,3408.89,3230.97,3240.36,0.0
1642118400000,3240.32,3342.63,3181.2,3305.6,0.0
1642204800000,3305.61,3372.0,3257.59,3324.05,0.0
1642291200000,3324.06,3394.62,3269.01,3345.49,0.0
1642377600000,3345.5,3355.3,3139.37,3208.61,0.0
1642464000000,3208.6,3243.95,3080.5,3159.32,0.0
1642550400000,3159.31,3174.6,3045.0,3082.81,0.0
1642636800000,3082.8,3272.24,2985.0,2999.92,0.0
1642723200000,2999.92,3031.9,2460.0,2566.91,0.0
1642809600000,2566.91,2625.6,2293.56,2410.96,0.0
1642896000000,2410.57,2549.0,2368.0,2538.41,0.0
1642982400000,2538.4,2539.59,2151.0,2438.13,0.0
1643068800000,2437.87,2504.98,2349.6,2457.37,0.0
1643155200000,2457.37,2720.06,2400.01,2461.61,0.0
1643241600000,2461.62,2520.0,2314.33,2422.61,0.0
1643328000000,2422.61,2556.93,2357.0,2543.34,0.0
1643414400000,2543.34,2658.41,2519.21,2599.94,0.0
1643500800000,2599.93,2644.93,2541.46,2600.45,0.0
1643587200000,2600.45,2706.47,2475.33,2685.34,0.0
1643673600000,2685.34,2812.94,2672.61,2786.38,0.0
1643760000000,2786.37,2810.0,2610.4,2678.0,0.0
1643846400000,2678.47,2722.99,2572.64,2694.37,0.0
1643932800000,2694.2,2995.0,2670.14,2993.65,0.0
1644019200000,2993.64,3059.91,2958.01,3011.59,0.0
1644105600000,3011.58,3075.0,2948.0,3054.26,0.0
1644192000000,3054.26,3185.99,2990.83,3138.55,0.0
1644278400000,3138.55,3246.65,3023.28,3115.23,0.0
1644364800000,3115.23,3269.16,3052.5,3241.82,0.0
1644451200000,3241.79,3282.96,3055.24,3070.9,0.0
1644537600000,3070.89,3136.55,2873.5,2926.04,0.0
1644624000000,2926.03,2983.62,2855.0,2916.93,0.0
1644710400000,2917.04,2952.66,2830.31,2870.32,0.0
1644796800000,2870.33,2964.44,2829.8,2928.87,0.0
1644883200000,2928.87,3198.0,2911.85,3183.73,0.0
1644969600000,3183.74,3186.79,3040.42,3121.8,0.0
1645056000000,3121.8,3158.68,2850.0,2890.8,0.0
1645142400000,2890.75,2941.94,2750.0,2778.46,0.0
1645228800000,2778.46,2829.99,2691.0,2761.89,0.0
1645315200000,2761.9,2762.89,2573.33,2620.72,0.0
1645401600000,2620.72,2758.0,2555.56,2566.88,0.0
1645488000000,2566.88,2670.0,2495.0,2635.57,0.0
1645574400000,2635.57,2752.38,2573.39,2578.02,0.0
1645660800000,2578.02,2777.33,2298.72,2595.47,0.0
1645747200000,2595.47,2835.0,2571.68,2766.36,0.0
1645833600000,2766.42,2882.0,2726.0,2778.15,0.0
1645920000000,2778.15,2836.21,2553.68,2615.99,0.0
1646006400000,2615.99,2966.0,2565.0,2920.1,0.0
1646092800000,2920.05,3036.0,2852.2,2975.61,0.0
1646179200000,2975.61,3046.46,2912.96,2947.47,0.0
1646265600000,2947.48,2970.0,2781.77,2832.97,0.0
1646352000000,2832.98,2835.9,2570.65,2620.25,0.0
1646438400000,2620.25,2684.87,2588.0,2663.55,0.0
1646524800000,2663.55,2674.61,2529.0,2549.37,0.0
1646611200000,2549.36,2650.0,2431.62,2489.9,0.0
1646697600000,2489.84,2623.0,2478.35,2575.49,0.0
1646784000000,2575.5,2773.17,2566.41,2726.37,0.0
1646870400000,2726.37,2733.37,2546.83,2605.44,0.0
1646956800000,2605.43,2676.2,2520.5,2555.89,0.0
1647043200000,2555.9,2620.0,2552.22,2567.64,0.0
1647129600000,2567.63,2604.13,2490.25,2514.07,0.0
1647216000000,2513.77,2609.32,2496.85,2588.96,0.0
1647302400000,2588.96,2668.8,2504.5,2617.29,0.0
1647388800000,2617.29,2789.86,2602.06,2772.78,0.0
1647475200000,2772.78,2839.0,2745.33,2810.74,0.0
1647561600000,2810.75,2984.72,2760.0,2938.02,0.0
1647648000000,2938.03,2992.0,2890.6,2950.0,0.0
1647734400000,2949.9,2965.0,2817.49,2860.47,0.0
1647820800000,2860.53,2960.0,2830.5,2889.08,0.0
1647907200000,2889.07,3055.9,2885.49,2968.49,0.0
1647993600000,2968.48,3043.69,2915.51,3035.55,0.0
1648080000000,3035.54,3129.75,3001.0,3109.89,0.0
1648166400000,3109.89,3195.0,3075.0,3101.37,0.0
1648252800000,3101.37,3152.24,3084.03,3143.47,0.0
1648339200000,3143.47,3299.33,3125.26,3295.01,0.0
1648425600000,3295.01,3430.0,3274.3,3333.62,0.0
1648512000000,3333.62,3480.0,3330.32,3399.0,0.0
1648598400000,3399.0,3447.74,3332.0,3385.1,0.0
1648684800000,3385.09,3444.6,3260.84,3281.43,0.0
1648771200000,3281.43,3483.12,3210.06,3454.33,0.0
1648857600000,3454.33,3533.0,3430.2,3443.07,0.0
1648944000000,3443.06,3580.0,3411.9,3520.76,0.0
1649030400000,3520.65,3551.55,3405.03,3518.96,0.0
1649116800000,3518.97,3554.99,3388.97,3405.04,0.0
1649203200000,3405.03,3406.08,3160.19,3166.78,0.0
1649289600000,3166.77,3267.58,3140.33,3225.15,0.0
1649376000000,3225.0,3315.0,3171.95,3191.26,0.0
1649462400000,3191.27,3269.62,3180.24,3257.53,0.0
1649548800000,3257.54,3307.21,3187.0,3200.24,0.0
1649635200000,3200.24,3212.0,2945.08,2978.69,0.0
1649721600000,2978.69,3082.0,2948.19,3026.3,0.0
1649808000000,3026.31,3133.0,2995.23,3116.45,0.0
1649894400000,3116.53,3148.0,2973.47,3019.82,0.0
1649980800000,3019.82,3062.81,2990.06,3039.19,0.0
1650067200000,3039.2,3090.0,3008.08,3057.99,0.0
1650153600000,3058.0,3082.56,2980.6,2986.03,0.0
1650240000000,2986.02,3069.0,2875.87,3054.02,0.0
1650326400000,3054.02,3129.43,3027.66,3100.42,0.0
1650412800000,3100.43,3173.89,3031.48,3074.01,0.0
1650499200000,3073.96,3180.0,2933.33,2981.31,0.0
1650585600000,2981.31,3035.37,2930.26,2960.38,0.0
1650672000000,2960.39,2976.82,2904.36,2930.28,0.0
1650758400000,2930.28,2967.2,2908.99,2918.97,0.0
1650844800000,2918.98,3026.02,2791.3,3006.11,0.0
1650931200000,3006.12,3043.0,2761.27,2807.88,0.0
1651017600000,2807.89,2920.0,2792.27,2887.57,0.0
1651104000000,2887.57,2979.76,2853.24,2935.39,0.0
1651190400000,2935.39,2946.29,2776.0,2815.37,0.0
1651276800000,2815.38,2841.04,2711.65,2725.1,0.0
1651363200000,2725.1,2849.0,2714.5,2823.38,0.0
1651449600000,2823.38,2882.15,2774.97,2855.16,0.0
1651536000000,2855.15,2860.76,2753.0,2780.91,0.0
1651622400000,2780.92,2965.0,2770.08,2939.76,0.0
1651708800000,2939.76,2955.79,2684.84,2746.37,0.0
1651795200000,2746.36,2757.28,2630.0,2691.59,0.0
1651881600000,2691.6,2703.61,2581.89,2634.82,0.0
1651968000000,2634.82,2641.11,2480.0,2518.9,0.0
1652054400000,2519.03,2530.88,2222.46,2227.48,0.0
1652140800000,2227.62,2455.88,2197.38,2340.86,0.0
1652227200000,2340.85,2451.86,2002.0,2083.98,0.0
1652313600000,2083.98,2193.7,1775.43,1959.78,0.0
1652400000000,1959.79,2149.99,1939.33,2008.49,0.0
1652486400000,2008.48,2068.6,1950.07,2055.0,0.0
1652572800000,2054.99,2174.32,2000.0,2144.07,0.0
1652659200000,2144.06,2144.07,1976.0,2022.89,0.0
1652745600000,2022.79,2124.1,2006.71,2090.0,0.0
1652832000000,2090.0,2110.89,1906.61,1914.2,0.0
1652918400000,1914.19,2039.3,1901.7,2019.46,0.0
1653004800000,2019.45,2064.74,1922.0,1958.69,0.0
1653091200000,1958.69,1990.75,1935.52,1973.94,0.0
1653177600000,1973.94,2056.73,1965.25,2042.63,0.0
1653264000000,2042.63,2088.6,1955.01,1972.45,0.0
1653350400000,1972.45,1993.72,1911.38,1978.56,0.0
1653436800000,1978.56,2022.74,1933.0,1942.0,0.0
1653523200000,1942.01,1965.28,1725.0,1791.02,0.0
1653609600000,1790.99,1821.85,1694.97,1726.55,0.0
1653696000000,1726.55,1809.33,1721.3,1791.74,0.0
1653782400000,1791.75,1829.0,1755.25,1812.45,0.0
1653868800000,1812.46,2013.56,1801.52,1997.87,0.0
1653955200000,1997.87,2016.77,1922.0,1941.68,0.0
1654041600000,1941.68,1972.77,1758.52,1817.1,0.0
1654128000000,1817.16,1852.99,1780.48,1833.37,0.0
1654214400000,1833.37,1843.33,1733.01,1774.15,0.0
1654300800000,1774.16,1815.48,1747.45,1803.71,0.0
1654387200000,1803.7,1830.0,1772.19,1805.39,0.0
1654473600000,1805.4,1919.33,1803.52,1859.11,0.0
1654560000000,1859.1,1875.0,1722.0,1812.61,0.0
1654646400000,1812.62,1840.13,1763.87,1791.02,0.0
1654732800000,1791.01,1832.7,1776.32,1788.03,0.0
1654819200000,1788.03,1803.82,1650.0,1661.95,0.0
1654905600000,1661.95,1680.97,1498.93,1532.19,0.0
1654992000000,1532.19,1548.81,1421.0,1434.35,0.0
1655078400000,1434.35,1454.58,1162.0,1209.04,0.0
1655164800000,1209.03,1268.9,1073.0,1208.32,0.0
1655251200000,1208.32,1249.4,1012.42,1236.49,0.0
1655337600000,1236.48,1257.29,1050.51,1067.77,0.0
1655424000000,1067.77,1118.0,1050.0,1085.99,0.0
1655510400000,1085.99,1097.0,878.04,994.09,0.0
1655596800000,994.09,1162.98,935.5,1127.88,0.0
1655683200000,1127.88,1174.0,1052.05,1127.83,0.0
1655769600000,1127.82,1194.0,1108.63,1125.47,0.0
1655856000000,1125.47,1126.81,1042.0,1049.4,0.0
1655942400000,1049.41,1156.01,1044.16,1143.71,0.0
1656028800000,1143.71,1244.94,1131.36,1224.42,0.0
1656115200000,1224.42,1258.0,1179.03,1241.6,0.0
1656201600000,1241.6,1280.0,1193.54,1197.21,0.0
1656288000000,1197.2,1238.89,1172.14,1191.9,0.0
1656374400000,1191.89,1239.66,1135.65,1143.5,0.0
1656460800000,1143.51,1156.76,1085.6,1099.32,0.0
1656547200000,1099.33,1106.6,995.0,1070.85,0.0
1656633600000,1070.9,1118.21,1032.65,1059.24,0.0
1656720000000,1059.16,1078.98,1026.16,1066.53,0.0
1656806400000,1066.53,1088.0,1040.01,1073.9,0.0
1656892800000,1073.91,1160.68,1044.33,1150.23,0.0
1656979200000,1150.23,1176.0,1075.0,1131.8,0.0
1657065600000,1131.81,1205.45,1111.03,1186.37,0.0
1657152000000,1186.36,1254.82,1162.93,1236.92,0.0
1657238400000,1236.91,1277.0,1192.0,1213.53,0.0
1657324800000,1213.53,1236.87,1203.75,1216.48,0.0
1657411200000,1216.49,1219.5,1152.0,1167.81,0.0
1657497600000,1167.81,1170.97,1091.1,1095.95,0.0
1657584000000,1095.88,1097.51,1032.09,1037.88,0.0
1657670400000,1037.88,1120.0,1005.0,1114.19,0.0
1657756800000,1114.18,1216.9,1070.57,1193.01,0.0
1657843200000,1193.01,1294.99,1180.74,1230.58,0.0
1657929600000,1230.59,1440.57,1191.41,1355.37,0.0
1658016000000,1355.38,1387.92,1316.0,1338.27,0.0
1658102400000,1338.28,1597.19,1335.49,1580.12,0.0
1658188800000,1580.12,1640.0,1492.57,1541.39,0.0
1658275200000,1541.4,1620.0,1477.0,1521.34,0.0
1658361600000,1521.26,1607.0,1462.3,1575.39,0.0
1658448000000,1575.38,1646.3,1515.75,1534.53,0.0
1658534400000,1534.53,1596.72,1485.53,1548.01,0.0
1658620800000,1548.01,1664.9,1543.45,1597.77,0.0
1658707200000,1597.77,1609.26,1433.2,1440.4,0.0
1658793600000,1440.4,1455.0,1355.0,1448.27,0.0
1658880000000,1448.28,1644.66,1420.22,1635.45,0.0
1658966400000,1635.46,1784.5,1595.0,1723.82,0.0
1659052800000,1723.83,1766.3,1656.0,1721.85,0.0
1659139200000,1721.85,1744.0,1671.0,1696.68,0.0
1659225600000,1696.68,1755.55,1666.0,1677.63,0.0
1659312000000,1677.63,1704.32,1605.5,1629.45,0.0
1659398400000,1629.45,1678.0,1557.8,1629.97,0.0
1659484800000,1629.98,1685.91,1588.5,1617.37,0.0
1659571200000,1617.37,1664.28,1580.0,1607.2,0.0
1659657600000,1607.2,1743.4,1605.0,1737.13,0.0
1659744000000,1737.12,1751.0,1685.03,1689.85,0.0
1659830400000,1689.84,1729.39,1667.0,1699.25,0.0
1659916800000,1699.25,1819.78,1693.15,1776.09,0.0
1660003200000,1776.08,1790.0,1666.05,1702.04,0.0
1660089600000,1702.04,1886.75,1655.0,1853.24,0.0
1660176000000,1853.25,1943.0,1849.8,1879.35,0.0
1660262400000,1879.35,1964.46,1852.0,1957.4,0.0
1660348800000,1957.4,2019.0,1945.5,1982.8,0.0
1660435200000,1982.79,2030.0,1905.0,1934.55,0.0
1660521600000,1934.56,2012.94,1871.0,1898.56,0.0
1660608000000,1898.55,1915.0,1850.0,1875.78,0.0
1660694400000,1875.79,1957.7,1818.01,1833.55,0.0
1660780800000,1833.55,1882.0,1820.11,1845.86,0.0
1660867200000,1845.86,1847.65,1601.85,1608.29,0.0
1660953600000,1608.29,1657.0,1520.64,1574.93,0.0
1661040000000,1574.92,1648.7,1560.0,1617.17,0.0
1661126400000,1617.17,1629.0,1528.0,1624.02,0.0
1661212800000,1624.02,1680.0,1562.41,1664.19,0.0
1661299200000,1664.19,1693.84,1605.0,1655.71,0.0
1661385600000,1655.71,1722.0,1652.27,1694.16,0.0
1661472000000,1694.15,1706.0,1485.0,1507.23,0.0
1661558400000,1507.22,1517.4,1443.4,1490.0,0.0
1661644800000,1490.0,1510.0,1423.1,1426.3,0.0
1661731200000,1426.29,1559.79,1420.59,1550.67,0.0
1661817600000,1550.66,1605.0,1471.92,1523.48,0.0
1661904000000,1523.49,1621.29,1523.26,1553.04,0.0
1661990400000,1553.04,1599.0,1505.0,1585.4,0.0
1662076800000,1585.4,1649.64,1545.0,1574.49,0.0
1662163200000,1574.49,1582.02,1532.6,1556.41,0.0
1662249600000,1556.42,1586.0,1539.7,1578.14,0.0
1662336000000,1578.14,1631.6,1555.72,1616.92,0.0
1662422400000,1616.93,1686.75,1551.7,1558.23,0.0
1662508800000,1558.23,1657.6,1486.16,1629.35,0.0
1662595200000,1629.36,1666.0,1594.0,1634.22,0.0
1662681600000,1634.23,1746.3,1629.25,1717.48,0.0
1662768000000,1717.49,1788.98,1705.0,1773.05,0.0
1662854400000,1773.04,1787.88,1718.02,1765.01,0.0
1662940800000,1765.0,1783.43,1691.28,1715.14,0.0
1663027200000,1715.15,1762.88,1556.78,1571.9,0.0
1663113600000,1571.91,1642.24,1548.0,1635.39,0.0
1663200000000,1635.4,1657.8,1455.0,1471.93,0.0
1663286400000,1471.94,1482.65,1403.0,1433.58,0.0
1663372800000,1433.58,1475.15,1408.15,1467.96,0.0
1663459200000,1467.96,1469.0,1320.0,1333.67,0.0
1663545600000,1333.68,1394.0,1276.62,1375.05,0.0
1663632000000,1375.05,1384.53,1311.0,1322.08,0.0
1663718400000,1322.09,1420.0,1218.0,1244.19,0.0
1663804800000,1244.2,1349.84,1235.6,1325.73,0.0
1663891200000,1325.73,1359.22,1260.75,1326.62,0.0
1663977600000,1326.62,1348.84,1305.36,1316.19,0.0
1664064000000,1316.18,1336.92,1268.19,1293.99,0.0
1664150400000,1293.98,1340.0,1277.55,1335.25,0.0
1664236800000,1335.25,1400.0,1303.02,1327.19,0.0
1664323200000,1327.2,1355.76,1250.0,1336.43,0.0
1664409600000,1336.43,1351.93,1287.24,1334.8,0.0
1664496000000,1334.8,1373.34,1307.53,1327.78,0.0
1664582400000,1327.78,1333.38,1301.0,1311.31,0.0
1664668800000,1311.32,1317.7,1266.66,1275.96,0.0
1664755200000,1275.95,1329.0,1260.48,1322.59,0.0
1664841600000,1322.58,1370.0,1318.06,1360.73,0.0
1664928000000,1360.73,1364.75,1315.27,1351.61,0.0
1665014400000,1351.6,1383.29,1344.0,1351.5,0.0
1665100800000,1351.5,1361.21,1316.22,1330.41,0.0
1665187200000,1330.42,1337.19,1302.0,1314.74,0.0
1665273600000,1314.75,1328.72,1306.41,1322.61,0.0
1665360000000,1322.6,1337.93,1284.38,1289.56,0.0
1665446400000,1289.57,1297.7,1265.0,1279.68,0.0
1665532800000,1279.67,1306.6,1274.35,1294.02,0.0
1665619200000,1294.02,1301.0,1176.0,1286.38,0.0
1665705600000,1286.38,1343.36,1282.74,1295.35,0.0
1665792000000,1295.34,1301.32,1262.12,1274.13,0.0
1665878400000,1274.12,1315.0,1273.98,1305.51,0.0
1665964800000,1305.52,1338.16,1295.0,1330.62,0.0
1666051200000,1330.62,1342.0,1285.11,1309.93,0.0
1666137600000,1309.93,1312.78,1275.56,1284.45,0.0
1666224000000,1284.45,1310.0,1270.0,1282.2,0.0
1666310400000,1282.19,1307.0,1248.0,1299.08,0.0
1666396800000,1299.08,1320.0,1293.67,1313.19,0.0
1666483200000,1313.18,1371.0,1298.22,1363.44,0.0
1666569600000,1363.43,1370.4,1322.25,1342.72,0.0
1666656000000,1342.73,1533.68,1334.16,1459.2,0.0
1666742400000,1459.19,1595.0,1456.69,1565.45,0.0
1666828800000,1565.45,1588.0,1500.46,1513.7,0.0
1666915200000,1513.7,1574.8,1475.0,1553.79,0.0
1667001600000,1553.8,1665.0,1546.71,1618.82,0.0
1667088000000,1618.82,1639.87,1574.6,1589.89,0.0
1667174400000,1589.88,1634.93,1543.72,1572.01,0.0
1667260800000,1572.0,1613.0,1562.7,1577.88,0.0
1667347200000,1577.88,1622.5,1501.0,1517.26,0.0
1667433600000,1517.26,1558.14,1514.07,1530.27,0.0
1667520000000,1530.27,1679.4,1527.78,1644.09,0.0
1667606400000,1644.08,1666.8,1620.1,1626.11,0.0
1667692800000,1626.11,1638.5,1561.32,1567.42,0.0
1667779200000,1567.42,1608.0,1544.94,1567.52,0.0
1667865600000,1567.52,1580.54,1195.22,1333.4,0.0
1667952000000,1333.4,1336.47,1071.14,1101.49,0.0
1668038400000,1101.53,1350.0,1083.77,1298.21,0.0
1668124800000,1298.3,1309.88,1199.57,1288.64,0.0
1668211200000,1288.67,1291.69,1238.0,1256.82,0.0
1668297600000,1256.85,1273.91,1200.0,1220.78,0.0
1668384000000,1220.78,1290.0,1170.5,1242.89,0.0
1668470400000,1242.9,1292.0,1232.52,1252.81,0.0
1668556800000,1252.8,1268.2,1185.59,1215.78,0.0
1668643200000,1215.72,1228.92,1181.0,1199.7,0.0
1668729600000,1199.7,1235.0,1198.48,1212.04,0.0
1668816000000,1212.05,1233.66,1196.0,1216.91,0.0
1668902400000,1216.9,1226.5,1131.6,1141.57,0.0
1668988800000,1141.53,1147.03,1077.32,1106.95,0.0
1669075200000,1106.94,1142.96,1071.52,1139.11,0.0
1669161600000,1139.11,1190.0,1127.01,1183.83,0.0
1669248000000,1183.84,1216.71,1179.72,1202.92,0.0
1669334400000,1202.93,1209.27,1170.99,1198.55,0.0
1669420800000,1198.55,1238.0,1195.08,1204.84,0.0
1669507200000,1205.0,1222.91,1186.58,1193.26,0.0
1669593600000,1193.25,1198.8,1150.25,1167.21,0.0
1669680000000,1167.2,1228.75,1156.06,1215.74,0.0
1669766400000,1215.75,1312.99,1211.53,1294.02,0.0
1669852800000,1294.09,1300.51,1262.0,1275.7,0.0
1669939200000,1275.7,1297.24,1264.43,1295.0,0.0
1670025600000,1294.99,1312.0,1235.17,1239.76,0.0
1670112000000,1239.76,1287.99,1239.13,1278.82,0.0
1670198400000,1278.82,1304.98,1246.0,1258.66,0.0
1670284800000,1258.67,1274.42,1240.55,1270.72,0.0
1670371200000,1270.72,1278.3,1217.02,1230.83,0.0
1670457600000,1230.78,1294.31,1221.0,1279.73,0.0
1670544000000,1279.72,1297.63,1254.0,1262.31,0.0
1670630400000,1262.31,1283.92,1258.58,1265.88,0.0
1670716800000,1265.87,1284.9,1255.0,1262.43,0.0
1670803200000,1262.43,1278.83,1238.5,1274.88,0.0
1670889600000,1274.89,1350.0,1254.32,1321.06,0.0
1670976000000,1321.05,1354.4,1300.17,1307.76,0.0
1671062400000,1307.76,1311.86,1256.1,1266.26,0.0
1671148800000,1266.26,1279.76,1154.7,1166.2,0.0
1671235200000,1166.19,1190.0,1161.07,1186.45,0.0
1671321600000,1186.44,1196.0,1171.12,1182.45,0.0
1671408000000,1182.45,1194.86,1148.0,1167.21,0.0
1671494400000,1167.21,1232.0,1162.5,1216.21,0.0
1671580800000,1216.22,1226.0,1202.06,1213.21,0.0
1671667200000,1213.21,1239.99,1182.0,1217.39,0.0
1671753600000,1217.38,1234.25,1208.33,1219.5,0.0
1671840000000,1219.5,1229.0,1214.0,1219.96,0.0
1671926400000,1219.96,1225.0,1187.54,1217.96,0.0
1672012800000,1217.97,1231.49,1210.0,1227.57,0.0
1672099200000,1227.57,1233.97,1200.0,1211.29,0.0
1672185600000,1211.29,1215.42,1177.5,1189.93,0.0
1672272000000,1189.94,1207.97,1186.24,1200.35,0.0
1672358400000,1200.36,1203.0,1180.0,1199.66,0.0
1672444800000,1199.67,1209.0,1190.26,1196.1,0.0
1672531200000,1196.1,1204.79,1190.8,1199.96,0.0
1672617600000,1199.96,1225.0,1191.5,1213.23,0.0
1672704000000,1213.24,1219.5,1203.05,1214.23,0.0
1672790400000,1214.22,1275.0,1212.16,1256.39,0.0
1672876800000,1256.39,1260.0,1242.22,1251.08,0.0
1672963200000,1251.08,1277.77,1233.0,1268.54,0.0
1673049600000,1268.54,1270.66,1260.53,1263.65,0.0
1673136000000,1263.64,1296.0,1256.3,1289.65,0.0
1673222400000,1289.64,1345.0,1284.81,1320.32,0.0
1673308800000,1320.32,1348.7,1316.74,1335.3,0.0
1673395200000,1335.29,1400.0,1319.52,1389.26,0.0
1673481600000,1389.25,1439.36,1358.0,1415.84,0.0
1673568000000,1415.85,1465.49,1400.7,1450.94,0.0
1673654400000,1450.95,1644.92,1448.7,1550.27,0.0
1673740800000,1550.27,1570.0,1516.02,1553.47,0.0
1673827200000,1553.48,1610.5,1520.0,1577.11,0.0
1673913600000,1577.25,1609.0,1540.0,1565.84,0.0
1674000000000,1565.83,1614.6,1501.21,1511.66,0.0
1674086400000,1511.6,1565.0,1509.87,1551.11,0.0
1674172800000,1551.11,1680.0,1541.6,1659.01,0.0
1674259200000,1659.01,1682.44,1615.3,1627.63,0.0
1674345600000,1627.63,1666.0,1603.39,1628.14,0.0
1674432000000,1628.13,1650.0,1585.21,1626.9,0.0
1674518400000,1626.9,1641.89,1530.0,1555.99,0.0
1674604800000,1556.0,1641.18,1512.3,1611.41,0.0
1674691200000,1611.44,1633.0,1575.66,1600.69,0.0
1674777600000,1600.69,1621.46,1551.1,1597.08,0.0
1674864000000,1597.08,1606.66,1555.0,1571.52,0.0
1674950400000,1571.52,1663.68,1565.98,1645.67,0.0
1675036800000,1645.67,1648.49,1529.04,1565.92,0.0
1675123200000,1565.93,1605.67,1561.04,1585.02,0.0
1675209600000,1585.02,1648.76,1554.57,1641.8,0.0
1675296000000,1641.81,1717.0,1625.0,1643.81,0.0
1675382400000,1643.82,1677.0,1622.0,1663.68,0.0
1675468800000,1663.69,1696.99,1645.0,1666.44,0.0
1675555200000,1666.44,1674.59,1608.0,1628.98,0.0
1675641600000,1628.98,1659.0,1602.0,1613.9,0.0
1675728000000,1613.89,1679.03,1612.49,1670.51,0.0
1675814400000,1670.5,1699.0,1631.0,1650.26,0.0
1675900800000,1650.26,1656.2,1522.0,1544.68,0.0
1675987200000,1544.67,1554.0,1486.28,1512.26,0.0
1676073600000,1512.25,1542.82,1502.83,1537.65,0.0
1676160000000,1537.64,1547.7,1491.0,1514.49,0.0
1676246400000,1514.48,1526.1,1460.0,1504.85,0.0
1676332800000,1504.86,1568.98,1470.0,1554.94,0.0
1676419200000,1554.94,1684.1,1541.77,1675.0,0.0
1676505600000,1674.99,1744.5,1634.02,1639.0,0.0
1676592000000,1638.99,1722.62,1631.31,1694.12,0.0
1676678400000,1694.1,1715.0,1679.13,1691.66,0.0
1676764800000,1691.65,1729.58,1666.0,1680.31,0.0
1676851200000,1680.46,1720.39,1650.0,1703.7,0.0
1676937600000,1703.71,1716.99,1635.0,1659.2,0.0
1677024000000,1659.2,1667.62,1591.17,1642.01,0.0
1677110400000,1642.01,1678.56,1627.64,1649.69,0.0
1677196800000,1649.68,1664.44,1572.0,1607.12,0.0
1677283200000,1607.11,1608.34,1556.08,1593.59,0.0
1677369600000,1600.7,1648.7,1600.1,1640.9,151.1582
1677456000000,1640.5,1664.6,1607.4,1632.9,597.3402
1677542400000,1632.7,1646.6,1596.5,1604.3,615.5604
1677628800000,1604.7,1669.3,1596.6,1664.3,616.7204
1677715200000,1664.7,1677.3,1619.4,1647.4,623.2874
1677801600000,1647.6,1648.7,1546.7,1568.4,535.3536
1677888000000,1568.9,1576.6,1548.1,1566.0,319.0343
1677974400000,1565.8,1586.2,1554.6,1563.9,392.0893
1678060800000,1563.7,1582.7,1553.8,1565.1,509.256
1678147200000,1565.1,1583.9,1531.7,1561.3,694.3473
1678233600000,1561.3,1569.9,1522.1,1532.0,758.9832
1678320000000,1531.8,1545.7,1407.5,1436.8,1256.4998
1678406400000,1436.3,1437.8,1368.1,1426.0,2416.7572
1678492800000,1425.7,1477.4,1408.0,1471.2,2058.436
1678579200000,1471.1,1596.0,1447.4,1579.3,1664.1802
1678665600000,1579.3,1693.5,1552.66,1674.3,3389.2017
1678752000000,1674.3,1778.4,1655.1,1700.5,3599.2871
1678838400000,1700.1,1718.3,1612.2,1649.3,3645.4193
1678924800000,1649.7,1691.8,1632.4,1672.5,2346.7569
1679011200000,1672.6,1800.6,1661.8,1789.7,3147.5006
1679097600000,1789.2,1843.0,1747.1,1758.8,2919.69
1679184000000,1758.5,1841.1,1758.0,1779.8,2378.7928
1679270400000,1779.6,1802.7,1722.6,1731.9,2958.5111
1679356800000,1731.8,1835.4,1716.6,1800.6,2553.3581
1679443200000,1800.3,1817.2,1709.7,1733.2,2064.7272
1679529600000,1733.6,1857.5,1728.7,1813.6,1795.2957
1679616000000,1813.2,1818.0,1725.2,1748.6,2153.1278
1679702400000,1748.8,1761.6,1712.6,1741.2,1351.3181
1679788800000,1741.1,1797.0,1738.3,1772.7,1421.2761
1679875200000,1772.7,1779.6,1689.1,1714.5,1411.0157
1679961600000,1714.1,1794.4,1698.3,1771.8,1564.2762
1680048000000,1772.1,1826.4,1771.7,1791.9,1662.6947
1680134400000,1791.9,1828.7,1762.3,1792.7,1674.2943
1680220800000,1792.9,1847.2,1779.1,1821.0,1227.1452
1680307200000,1820.8,1842.4,1809.1,1820.1,586.2342
1680393600000,1819.8,1824.3,1771.2,1793.2,997.7235
1680480000000,1793.5,1839.7,1761.8,1809.9,1516.1794
1680566400000,1809.8,1890.8,1801.2,1869.2,1262.7387
1680652800000,1868.8,1943.0,1863.9,1907.9,1292.3392
1680739200000,1907.6,1908.7,1854.1,1871.4,1068.6734
1680825600000,1871.4,1881.9,1840.3,1862.6,751.3441
1680912000000,1862.8,1878.8,1846.1,1847.9,438.7454
1680998400000,1848.0,1898.7,1821.3,1858.0,887.8716
1681084800000,1858.0,1918.0,1845.4,1909.1,1099.5379
1681171200000,1909.0,1945.0,1867.2,1888.8,1107.9344
1681257600000,1888.9,1931.6,1852.4,1916.8,3528.0047
1681344000000,1916.8,2024.2,1899.0,2012.2,2369.4906
1681430400000,2011.8,2143.0,2009.1,2100.0,3520.5692
1681516800000,2099.9,2111.4,2071.7,2090.9,1062.9643
1681603200000,2090.8,2145.5,2075.6,2118.7,1373.9895
1681689600000,2117.8,2120.5,2061.5,2074.6,836.2965
1681776000000,2074.5,2121.8,2053.1,2103.1,951.9419
1681862400000,2103.3,2104.6,1921.4,1934.1,1960.6596
1681948800000,1932.3,1981.3,1913.1,1942.0,2294.8961
1682035200000,1942.0,1955.9,1823.3,1848.9,2126.9891
1682121600000,1848.1,1886.0,1841.7,1873.2,968.9774
1682208000000,1872.8,1881.8,1834.7,1861.1,1394.617
1682294400000,1861.3,1888.4,1805.4,1841.0,2324.864
1682380800000,1841.2,1877.1,1796.9,1865.1,1709.7149
1682467200000,1865.6,1963.2,1783.2,1865.2,2314.0106
1682553600000,1865.3,1939.5,1858.6,1907.7,2275.5401
1682640000000,1907.6,1923.4,1874.8,1890.1,1386.0241
1682726400000,1890.2,1915.4,1856.1,1907.1,682.3984
1682812800000,1907.0,1938.7,1866.9,1866.9,1294.743
1682899200000,1868.1,1885.5,1806.2,1829.8,1249.9442
1682985600000,1829.8,1880.7,1822.1,1868.9,1083.4923
1683072000000,1869.3,1916.5,1842.0,1904.2,1314.7258
1683158400000,1904.6,1918.3,1846.3,1876.1,961.1205
1683244800000,1876.2,1999.4,1874.9,1992.7,1040.8617
1683331200000,1993.5,2019.9,1853.0,1895.6,1187.7728
1683417600000,1895.4,1932.6,1867.9,1869.6,1138.8304
1683504000000,1869.5,1883.0,1811.6,1846.5,1252.2818
1683590400000,1846.6,1860.5,1832.0,1845.7,222.9323
1683676800000,1850.3,1886.3,1796.8,1840.2,1165.457
1683763200000,1840.1,1841.0,1771.6,1795.2,1528.701
1683849600000,1793.6,1815.6,1737.5,1806.9,1228.4045
1683936000000,1804.5,1815.7,1784.1,1794.0,389.8576
1684022400000,1794.0,1822.8,1790.0,1798.4,743.7002
1684108800000,1798.3,1846.1,1784.6,1815.4,1928.3225
1684195200000,1815.2,1831.9,1795.3,1823.3,1656.8057
1684281600000,1821.9,1836.5,1784.8,1821.5,1321.3737
1684368000000,1822.1,1831.2,1772.0,1799.6,660.9891
1684454400000,1799.5,1829.3,1796.7,1811.3,538.7989
1684540800000,1811.6,1828.4,1806.3,1819.1,382.2788
1684627200000,1819.1,1828.3,1796.6,1804.1,469.004
1684713600000,1803.9,1826.4,1791.4,1816.4,552.1814
1684800000000,1816.7,1871.7,1670.6,1853.0,515.5995
1684886400000,1853.1,1853.1,1775.9,1798.9,1337.3428
1684972800000,1799.1,1818.2,1757.0,1804.7,3796.9013
1685059200000,1805.2,1838.7,1796.8,1827.1,1553.3656
1685145600000,1826.9,1835.2,1811.7,1829.0,1348.2639
1685232000000,1829.0,1922.9,1822.5,1907.6,5387.6068
1685318400000,1908.4,1927.4,1873.9,1891.5,9284.5942
1685404800000,1891.4,1916.6,1881.2,1897.9,2703.5228
1685491200000,1901.5,1904.9,1846.4,1873.4,2568.8442
1685577600000,1873.7,1889.3,1839.2,1860.3,1052.9305
1685664000000,1860.8,1911.5,1847.2,1905.8,988.1948
1685750400000,1906.2,1906.4,1881.5,1891.7,250.9496
1685836800000,1891.5,1914.2,1884.2,1889.6,271.296
1685923200000,1887.3,1889.7,1778.5,1810.8,1558.7455
1686009600000,1810.0,1894.9,1797.9,1886.4,658.7044
1686096000000,1884.4,1896.5,1822.5,1832.4,1087.2399
1686182400000,1837.3,1860.4,1828.2,1848.7,281.3928
1686268800000,1838.6,1855.3,1828.1,1837.2,267.4691
1686355200000,1839.0,1843.1,1716.8,1753.7,2558.2997
1686441600000,1750.0,1774.8,1738.4,1743.1,236.269
1686528000000,1749.5,1756.5,1719.5,1740.2,456.0165
1686614400000,1741.6,1767.5,1725.0,1735.6,348.5239
1686700800000,1744.9,1749.1,1632.8,1649.9,258.6069
1686787200000,1649.3,1689.0,1626.9,1665.6,340.9623
1686873600000,1666.2,1734.9,1646.4,1717.1,296.9863
1686960000000,1718.6,1777.9,1713.7,1726.9,241.3788
1687046400000,1727.5,1747.3,1714.0,1720.8,325.8642
1687132800000,1720.7,1748.9,1700.0,1737.1,288.3306
1687219200000,1736.4,1797.4,1714.3,1791.7,455.2932
1687305600000,1792.3,1901.8,1786.6,1888.9,712.6067
1687392000000,1889.0,1932.9,1867.0,1872.7,541.9316
1687478400000,1871.8,1934.4,1860.3,1892.2,485.1475
1687564800000,1892.0,1904.9,1865.0,1875.2,409.1245
1687651200000,1875.3,1930.6,1868.1,1898.5,344.4235
1687737600000,1898.1,1907.2,1839.5,1858.9,422.8236
1687824000000,1859.1,1913.2,1855.0,1889.8,278.3044
1687910400000,1888.9,1889.0,1814.0,1826.7,340.5344
1687996800000,1828.0,1879.2,1827.3,1850.9,214.028
1688083200000,1851.7,1948.5,1825.8,1933.0,421.9872
1688169600000,1933.3,1945.9,1908.6,1924.7,365.8327
1688256000000,1923.7,1965.5,1883.2,1938.8,389.0699
1688342400000,1938.0,1977.6,1934.0,1955.5,365.4963
1688428800000,1954.7,1966.9,1930.7,1935.6,363.5971
1688515200000,1936.1,1945.0,1894.5,1910.4,444.4398
1688601600000,1910.5,1957.1,1845.5,1846.9,904.1875
1688688000000,1846.2,1878.7,1827.8,1870.5,333.6832
1688774400000,1870.3,1873.7,1843.2,1864.3,216.957
1688860800000,1864.8,1879.0,1856.0,1863.1,436.8453
1688947200000,1861.4,1904.7,1846.8,1879.3,528.5426
1689033600000,1879.7,1889.7,1863.4,1878.0,470.7283
1689120000000,1878.0,1907.0,1864.0,1871.6,648.7542
1689206400000,1871.4,2013.0,1863.0,2005.3,740.0846
1689292800000,2005.8,2026.0,1899.0,1937.2,1185.3628
1689379200000,1937.4,1944.7,1925.6,1930.3,311.0511
1689465600000,1930.9,1942.1,1912.6,1921.3,276.5766
1689552000000,1920.0,1935.3,1875.0,1911.0,751.0105
1689638400000,1910.8,1916.7,1878.9,1897.8,477.4027
1689724800000,1897.9,1921.9,1881.5,1888.5,399.2948
1689811200000,1888.5,1929.4,1877.9,1890.4,393.3901
1689897600000,1890.9,1904.2,1884.6,1890.9,193.6385
1689984000000,1890.9,1897.0,1847.8,1866.1,186.6454
1690070400000,1865.7,1904.9,1858.4,1888.1,340.379
1690156800000,1888.1,1890.3,1832.0,1849.0,243.7864
1690243200000,1849.6,1868.0,1845.0,1857.0,227.3517
1690329600000,1857.4,1886.6,1848.4,1871.9,280.0033
1690416000000,1871.5,1885.8,1854.5,1860.6,419.9469
1690502400000,1860.3,1881.1,1856.6,1873.9,186.4572
1690588800000,1873.8,1886.7,1868.7,1880.0,153.6529
1690675200000,1880.3,1885.2,1849.0,1861.3,175.1566
1690761600000,1861.1,1875.0,1850.6,1855.8,285.9716
1690848000000,1855.3,1874.1,1815.2,1873.9,389.5745
1690934400000,1873.5,1878.6,1822.3,1839.7,582.5328
1691020800000,1839.6,1858.8,1826.0,1835.0,2578.3514
1691107200000,1834.6,1848.9,1817.2,1830.0,478.9791
1691193600000,1829.7,1839.3,1826.8,1835.7,134.0793
1691280000000,1836.2,1838.3,1826.0,1829.9,201.5927
1691366400000,1829.5,1846.0,1803.0,1829.0,277.9106
1691452800000,1828.9,1875.0,1825.7,1855.6,231.4933
1691539200000,1856.4,1871.1,1846.3,1854.8,227.2568
1691625600000,1855.3,1865.1,1846.9,1851.9,163.467
1691712000000,1852.1,1857.4,1839.0,1848.8,260.0341
1691798400000,1849.0,1853.2,1845.6,1849.4,140.268
1691884800000,1849.8,1862.1,1835.0,1840.3,202.5947
1691971200000,1840.7,1856.1,1835.0,1844.9,216.6387
1692057600000,1846.1,1847.2,1815.0,1828.4,188.7789
1692144000000,1828.8,1831.4,1799.0,1807.0,390.7754
1692230400000,1808.0,1809.6,1493.3,1683.2,3793.5207
1692316800000,1682.0,1698.7,1642.0,1660.4,603.7926
1692403200000,1660.4,1692.7,1653.2,1669.0,329.6166
1692489600000,1669.0,1691.8,1661.6,1683.8,234.9492
1692576000000,1684.1,1685.6,1648.1,1666.8,635.9742
1692662400000,1667.6,1669.0,1576.0,1634.2,608.7347
1692748800000,1635.1,1696.4,1629.0,1679.0,443.6973
1692835200000,1679.2,1683.0,1639.0,1660.8,331.3316
1692921600000,1660.7,1677.2,1635.9,1653.2,385.2527
1693008000000,1653.0,1655.1,1643.4,1646.8,268.4687
1693094400000,1646.0,1659.6,1645.6,1657.6,191.6801
1693180800000,1657.2,1663.4,1623.3,1652.8,251.831
1693267200000,1653.2,1745.0,1639.9,1729.4,551.7689
1693353600000,1729.2,1730.2,1696.0,1704.0,251.682
1693440000000,1704.3,1729.2,1629.8,1645.1,668.4484
1693526400000,1645.6,1654.1,1603.2,1628.7,762.5141
1693612800000,1628.2,1644.5,1627.2,1636.7,12614.5876
1693699200000,1636.7,1646.9,1624.9,1635.5,184.6132
1693785600000,1635.9,1643.2,1616.4,1630.1,498.5262
1693872000000,1630.6,1646.9,1609.8,1634.0,381.7298
1693958400000,1634.6,1675.2,1610.9,1632.4,1458.8051
1694044800000,1632.9,1660.4,1622.0,1648.8,1612.9825
1694131200000,1648.8,1659.2,1618.2,1637.3,520.9734
1694217600000,1637.0,1638.2,1630.5,1635.8,203.4114
1694304000000,1636.1,1636.1,1598.7,1616.8,1150.7061
1694390400000,1617.8,1618.7,1531.4,1551.3,2360.1983
1694476800000,1551.4,1625.1,1549.0,1593.4,1326.7664
1694563200000,1592.4,1619.0,1581.1,1607.9,636.4245
1694649600000,1608.0,1643.8,1606.9,1626.1,576.5152
1694736000000,1626.1,1653.2,1610.8,1640.6,579.9299
1694822400000,1641.8,1650.3,1630.7,1634.1,749.9083
1694908800000,1633.8,1635.5,1612.1,1622.1,1286.6225
1694995200000,1621.8,1670.0,1605.3,1637.3,1820.7172
1695081600000,1635.9,1660.0,1627.5,1643.6,801.9631
1695168000000,1643.7,1650.3,1604.9,1623.2,1646.8639
1695254400000,1622.4,1625.9,1570.0,1584.3,1354.8852
1695340800000,1584.7,1602.3,1578.5,1593.6,470.068
1695427200000,1593.2,1598.6,1587.5,1594.0,354.1405
1695513600000,1593.9,1600.1,1568.3,1580.1,645.0825
1695600000000,1580.8,1598.0,1562.7,1588.2,1504.6905
1695686400000,1588.3,1599.2,1580.7,1594.8,645.8982
1695772800000,1594.6,1633.8,1584.5,1598.6,626.316
1695859200000,1598.3,1665.7,1597.8,1652.4,1260.5306
1695945600000,1652.7,1688.0,1647.9,1667.9,1133.0982
1696032000000,1667.7,1694.0,1666.3,1670.5,1025.0818
1696118400000,1670.6,1769.0,1668.5,1733.5,1347.9897
1696204800000,1734.4,1743.9,1634.6,1661.7,1264.068
1696291200000,1661.9,1670.1,1643.6,1657.2,612.7018
1696377600000,1656.7,1657.8,1628.5,1647.8,1043.0667
1696464000000,1647.6,1654.4,1605.2,1611.1,1200.8999
1696550400000,1611.5,1661.6,1611.4,1645.3,1160.9948
1696636800000,1645.1,1647.6,1629.6,1633.4,419.6638
1696723200000,1633.8,1641.1,1616.5,1632.5,341.8706
1696809600000,1632.2,1635.0,1546.5,1580.3,1762.9116
1696896000000,1579.8,1594.2,1552.0,1567.3,826.4172
1696982400000,1567.2,1578.4,1549.0,1566.6,1124.1028
1697068800000,1566.8,1567.9,1523.4,1539.9,847.4234
1697155200000,1539.5,1577.0,1538.0,1552.5,1963.1039
1697241600000,1552.2,1560.8,1545.6,1555.4,892.4495
1697328000000,1555.0,1567.0,1549.5,1557.9,632.248
1697414400000,1558.0,1642.2,1555.0,1598.8,2449.3574
1697500800000,1598.6,1600.5,1552.8,1564.3,986.3415
1697587200000,1564.5,1584.4,1555.1,1562.5,1051.0481
1697673600000,1562.6,1573.9,1542.2,1566.3,1031.0012
1697760000000,1566.3,1627.7,1560.7,1603.4,1349.7799
1697846400000,1603.5,1642.6,1591.8,1628.3,979.2623
1697932800000,1629.0,1667.6,1621.8,1662.1,1662.204
1698019200000,1662.9,1799.0,1656.8,1767.2,4566.4078
1698105600000,1767.4,1855.1,1756.3,1784.9,5269.2942
1698192000000,1784.7,1815.5,1761.5,1787.3,2726.1192
1698278400000,1787.2,1866.8,1763.1,1804.2,2949.77
1698364800000,1804.1,1804.5,1749.8,1780.6,1008.0712
1698451200000,1780.7,1804.4,1771.6,1777.8,438.6412
1698537600000,1777.4,1812.7,1764.5,1796.5,542.3251
1698624000000,1796.7,1831.8,1779.4,1810.8,1621.1866
1698710400000,1810.8,1820.6,1783.8,1817.1,1588.3612
1698796800000,1815.9,1859.7,1784.2,1848.5,3163.3144
1698883200000,1848.2,1874.9,1785.3,1800.5,3351.6052
1698969600000,1801.1,1839.7,1779.0,1833.9,3016.3086
1699056000000,1834.5,1872.8,1826.2,1858.6,1974.9456
1699142400000,1858.1,1913.8,1847.2,1893.7,4412.6781
1699228800000,1892.9,1915.6,1870.5,1902.3,2926.2499
1699315200000,1901.6,1907.8,1850.7,1886.6,3302.6087
1699401600000,1886.4,1905.6,1874.1,1890.8,3442.8944
1699488000000,1889.2,2138.2,1884.8,2124.1,20050.6045
1699574400000,2124.1,2138.0,2068.3,2079.3,11406.6513
1699660800000,2080.0,2093.2,2034.3,2053.9,9664.9598
1699747200000,2053.8,2071.7,2015.0,2046.4,8386.7786
1699833600000,2046.0,2119.9,2031.0,2055.3,10946.269
1699920000000,2055.3,2066.9,1922.4,1981.1,9133.7712
1700006400000,1981.7,2062.9,1969.1,2059.8,8323.1055
1700092800000,2058.9,2092.8,1941.4,1963.9,10193.3062
1700179200000,1962.9,1992.3,1908.9,1963.2,6578.4137
1700265600000,1962.0,1971.6,1918.1,1963.7,3665.8944
1700352000000,1963.6,2017.3,1944.4,2013.3,2693.5723
1700438400000,2014.4,2068.7,1993.8,2021.7,12060.2402
1700524800000,2021.4,2034.8,1932.8,1932.8,30143.1489
1700611200000,1932.3,2094.5,1930.7,2064.1,9548.6426
1700697600000,2063.8,2088.7,2040.6,2061.9,6175.8391
1700784000000,2061.7,2133.3,2060.0,2081.7,9154.3621
1700870400000,2080.8,2090.6,2066.5,2083.9,5300.8194
1700956800000,2083.8,2095.1,2037.0,2063.4,8356.1391
1701043200000,2063.7,2071.8,1987.5,2027.5,10376.2514
1701129600000,2028.8,2076.5,1995.9,2048.4,12352.5799
1701216000000,2048.6,2075.9,2020.8,2030.3,10644.8905
1701302400000,2029.5,2057.1,2022.0,2053.4,11336.1768
1701388800000,2054.6,2113.1,2046.2,2087.8,20042.3066
1701475200000,2087.8,2194.7,2086.6,2166.9,29935.6184
1701561600000,2167.1,2220.5,2150.9,2196.1,17928.8575
1701648000000,2195.4,2277.2,2193.7,2244.8,23178.0769
1701734400000,2244.0,2311.6,2189.1,2297.2,34718.8672
1701820800000,2297.2,2314.6,2220.0,2233.7,25150.0637
1701907200000,2233.4,2386.6,2224.9,2358.9,23958.3536
1701993600000,2357.9,2392.9,2340.7,2360.5,15896.2411
1702080000000,2361.0,2405.0,2332.7,2342.7,22404.6843
1702166400000,2342.5,2379.0,2324.3,2354.1,18268.042
1702252800000,2354.2,2356.3,2161.7,2227.5,51839.1064
1702339200000,2226.8,2245.9,2168.7,2205.1,22492.3445
1702425600000,2205.2,2287.0,2147.4,2263.5,26191.3341
1702512000000,2263.2,2334.7,2243.5,2317.6,21239.7873
1702598400000,2317.4,2319.7,2201.5,2222.5,21122.505
1702684800000,2222.0,2266.0,2211.3,2229.5,11301.0042
1702771200000,2229.1,2251.9,2194.3,2200.0,14096.2562
1702857600000,2198.9,2225.4,2120.0,2220.0,19922.9952
1702944000000,2220.7,2255.7,2137.3,2180.3,18436.9943
1703030400000,2180.2,2270.9,2157.8,2204.5,30624.6229
1703116800000,2204.1,2283.4,2183.6,2241.7,20250.6564
1703203200000,2241.6,2347.0,2233.4,2327.9,27173.8469
1703289600000,2328.4,2332.8,2266.4,2311.3,17308.2634
1703376000000,2310.7,2327.6,2248.8,2265.7,15619.6414
1703462400000,2265.5,2306.7,2254.5,2273.6,17137.1765
1703548800000,2272.8,2276.5,2172.1,2233.1,23816.3538
1703635200000,2233.0,2395.0,2214.7,2381.6,25960.5917
1703721600000,2381.4,2448.2,2337.7,2346.3,38933.2413
1703808000000,2346.3,2388.9,2255.9,2301.6,52015.0922
1703894400000,2300.8,2324.3,2269.2,2293.4,17868.508
1703980800000,2293.1,2324.6,2261.1,2284.7,29992.565
1704067200000,2284.3,2355.5,2268.0,2355.5,27866.0026
1704153600000,2354.9,2434.8,2343.6,2356.6,24944.9645
1704240000000,2356.8,2386.1,1888.0,2211.4,88705.2009
1704326400000,2211.2,2295.0,2202.3,2269.3,39507.8721
1704412800000,2269.3,2277.9,2206.3,2269.6,59982.0882
1704499200000,2269.6,2270.3,2216.9,2240.4,47523.1106
1704585600000,2240.4,2258.0,2204.7,2220.3,38267.3986
1704672000000,2220.7,2360.8,2166.3,2334.3,41622.202
1704758400000,2334.1,2379.2,2225.4,2346.8,62590.6838
1704844800000,2346.6,2646.5,2341.3,2584.0,91078.419
1704931200000,2585.7,2693.4,2566.9,2623.2,77246.3304
1705017600000,2623.2,2720.0,2458.2,2524.4,118073.088
1705104000000,2524.5,2592.1,2498.5,2580.5,44155.7993
1705190400000,2579.9,2580.5,2470.0,2473.7,40643.5688
1705276800000,2474.5,2556.0,2471.2,2514.9,41185.7995
1705363200000,2514.9,2615.0,2500.0,2586.2,48701.1643
1705449600000,2586.0,2592.0,2507.3,2530.7,42711.9227
1705536000000,2530.7,2551.8,2428.0,2470.5,50286.1374
1705622400000,2470.8,2507.7,2414.7,2495.5,69474.3109
1705708800000,2495.2,2495.5,2452.7,2471.0,39102.4546
1705795200000,2471.1,2485.0,2454.5,2458.9,27407.9092
1705881600000,2458.9,2467.3,2302.6,2313.2,66908.3168
1705968000000,2313.0,2351.0,2167.7,2242.0,86982.3378
1706054400000,2241.8,2262.9,2199.3,2235.6,47815.9534
1706140800000,2235.6,2243.5,2173.2,2218.0,52537.0067
1706227200000,2218.9,2283.4,2197.0,2270.1,63388.2124
1706313600000,2269.7,2284.3,2252.8,2269.4,41166.189
1706400000000,2269.4,2309.4,2240.0,2257.4,51830.3088
1706486400000,2257.3,2322.0,2235.4,2317.6,84538.1156
1706572800000,2317.6,2391.4,2296.7,2341.6,104290.694
1706659200000,2341.4,2350.9,2265.0,2281.6,99054.4811
1706745600000,2281.7,2312.4,2240.0,2304.7,89990.0826
1706832000000,2304.7,2324.3,2281.8,2308.1,103607.7908
1706918400000,2308.1,2329.9,2291.3,2295.7,85207.0715
1707004800000,2295.7,2313.5,2268.3,2291.0,112434.3727
1707091200000,2291.0,2336.8,2269.4,2302.7,152575.4512
1707177600000,2302.7,2390.6,2300.0,2370.0,271171.5338
1707264000000,2370.0,2448.6,2353.0,2423.8,163889.2548
1707350400000,2423.8,2463.3,2410.0,2424.4,139569.6357
1707436800000,2424.3,2527.0,2422.2,2488.6,131981.5144
1707523200000,2488.5,2519.8,2472.4,2504.4,103664.0906
1707609600000,2504.3,2539.0,2496.1,2509.4,119907.3726
1707696000000,2509.4,2692.1,2468.4,2662.4,231405.3847
1707782400000,2662.5,2695.7,2554.8,2643.4,192130.774
1707868800000,2643.3,2790.3,2621.1,2777.0,109050.6333
1707955200000,2776.9,2870.9,2761.8,2826.1,133876.9606
1708041600000,2826.2,2860.1,2742.8,2802.5,110751.7314
1708128000000,2802.6,2805.3,2718.6,2788.0,79071.3603
1708214400000,2788.1,2897.7,2767.7,2884.8,111602.2873
1708300800000,2884.9,2986.7,2860.3,2945.3,142499.4155
1708387200000,2945.3,3037.0,2877.1,3015.8,188707.499
1708473600000,3015.8,3017.5,2870.3,2969.9,201473.8577
1708560000000,2969.9,3036.0,2909.5,2970.8,175706.9401
1708646400000,2970.9,2994.7,2902.7,2923.9,144365.6262
1708732800000,2923.9,3004.6,2908.1,2994.2,81816.0199
1708819200000,2994.2,3130.1,2985.1,3118.3,163975.7195
1708905600000,3118.2,3203.6,3038.8,3180.6,162058.8918
1708992000000,3180.6,3293.9,3168.3,3247.9,149616.982
1709078400000,3247.9,3495.7,3043.7,3386.0,205343.9825
1709164800000,3385.7,3529.2,3189.6,3341.2,130166.3657
1709251200000,3341.1,3453.1,3340.6,3436.2,89932.6111
1709337600000,3436.0,3464.0,3256.9,3424.2,58394.7803
1709424000000,3424.1,3497.0,3360.2,3492.3,68585.5208
1709510400000,3492.4,3644.2,3430.2,3630.1,135996.576
1709596800000,3630.4,3830.3,3221.4,3562.3,207181.5402
1709683200000,3562.7,3906.0,3506.0,3824.3,128819.1655
1709769600000,3824.3,3938.5,3736.9,3872.3,82354.4768
1709856000000,3872.3,4003.6,3824.9,3889.1,103403.235
1709942400000,3889.1,3948.5,3873.9,3910.3,34193.4211
1710028800000,3910.2,3970.2,3776.6,3880.7,71637.2378
1710115200000,3880.7,4090.8,3734.7,4069.7,106089.6605
1710201600000,4070.0,4095.8,3835.7,3984.8,106212.5621
1710288000000,3984.8,4089.5,3937.7,4010.0,74036.3599
1710374400000,4009.9,4014.9,3730.3,3888.2,106257.9188
1710460800000,3888.2,3937.7,3572.3,3746.1,148546.0294
1710547200000,3746.1,3785.1,3470.5,3527.7,98467.0063
1710633600000,3527.7,3683.3,3418.2,3649.3,95177.7082
1710720000000,3648.7,3649.2,3440.0,3524.5,96971.5042
1710806400000,3524.5,3550.4,3153.6,3163.2,229149.6983
1710892800000,3163.1,3538.3,3056.5,3519.1,271435.7956
1710979200000,3519.0,3588.0,3414.4,3496.5,113845.4461
1711065600000,3496.0,3546.0,3250.8,3335.5,116235.5843
1711152000000,3335.5,3435.8,3271.8,3331.1,70782.0748
1711238400000,3331.1,3474.1,3300.8,3456.9,57710.5784
1711324800000,3457.0,3663.0,3422.0,3593.9,102927.5916
1711411200000,3593.9,3681.8,3547.1,3592.3,131811.9644
1711497600000,3592.3,3673.1,3464.6,3506.2,84292.4868
1711584000000,3506.2,3616.0,3468.6,3566.4,71662.3734
1711670400000,3566.6,3588.6,3476.8,3513.4,78968.4278
1711756800000,3513.3,3568.9,3487.6,3509.4,46338.6232
1711843200000,3509.5,3659.9,3507.8,3649.6,66267.3877
1711929600000,3649.5,3649.7,3415.1,3507.7,88231.6382
1712016000000,3507.7,3508.4,3213.3,3281.8,128039.8043
1712102400000,3281.7,3369.9,3205.0,3314.4,90068.7243
1712188800000,3314.3,3444.0,3253.5,3331.1,103893.7322
1712275200000,3331.0,3351.4,3210.3,3319.7,90945.2337
1712361600000,3319.8,3400.0,3309.5,3353.9,53228.6717
1712448000000,3354.0,3462.9,3346.0,3457.3,62862.2152
1712534400000,3457.4,3733.0,3410.0,3699.0,137548.0911
1712620800000,3698.9,3728.6,3454.9,3509.1,151317.7522
1712707200000,3509.2,3565.8,3414.3,3547.8,109310.6711
1712793600000,3547.9,3620.8,3477.0,3506.3,94878.6184
1712880000000,3506.2,3556.5,3109.0,3239.5,156464.8883
1712966400000,3239.5,3302.7,2809.9,3007.8,195793.528
1713052800000,3007.8,3171.9,2906.5,3154.7,139580.7541
1713139200000,3154.6,3276.3,3022.0,3102.4,164454.5977
1713225600000,3102.6,3127.7,2988.2,3083.5,174080.6284
1713312000000,3083.4,3121.4,2917.2,2983.4,160000.2346
1713398400000,2983.3,3091.6,2951.7,3063.6,107653.6197
1713484800000,3063.7,3126.6,2864.8,3054.5,139505.5296
1713571200000,3054.5,3174.1,3017.8,3157.6,76777.9404
1713657600000,3157.4,3197.4,3116.5,3149.2,83637.7138
1713744000000,3149.1,3240.1,3128.8,3200.2,106032.8671
1713830400000,3200.4,3266.1,3147.9,3219.9,103655.6037
1713916800000,3219.9,3293.0,3102.2,3137.7,108185.0246
1714003200000,3137.6,3191.9,3072.4,3157.4,82608.7091
1714089600000,3157.3,3168.4,3105.0,3131.7,56323.1468
1714176000000,3131.8,3286.4,3050.3,3259.4,74608.2538
1714262400000,3259.5,3375.8,3250.4,3261.8,95339.2535
1714348800000,3261.8,3286.8,3113.8,3217.4,128711.0732
1714435200000,3217.6,3251.7,2922.0,3014.1,151354.689
1714521600000,3014.2,3023.0,2815.3,2971.2,102198.5418
1714608000000,2971.0,3014.4,2893.7,2986.0,54984.788
1714694400000,2985.1,3124.0,2957.8,3100.9,47762.0951
1714780800000,3100.5,3165.4,3086.4,3114.4,29303.7616
1714867200000,3114.5,3169.5,3072.1,3134.4,30974.8398
1714953600000,3134.4,3220.2,3047.2,3065.6,60157.5973
1715040000000,3065.8,3130.2,3000.0,3005.2,71384.4591
1715126400000,3005.3,3040.4,2937.9,2975.6,89144.7152
1715212800000,2975.2,3056.9,2950.4,3035.4,44885.8334
1715299200000,3035.5,3053.7,2880.3,2911.6,66814.3068
1715385600000,2911.5,2946.4,2886.0,2910.8,25929.1505
1715472000000,2910.8,2953.8,2900.0,2928.2,30510.2833
1715558400000,2928.2,2994.0,2862.3,2950.9,71876.681
1715644800000,2950.8,2960.2,2861.5,2881.7,61566.9211
1715731200000,2881.9,3039.3,2863.9,3030.7,54161.503
1715817600000,3030.2,3039.6,2924.7,2947.7,39929.7697
1715904000000,2947.4,3121.6,2936.0,3094.4,64816.2796
1715990400000,3094.3,3150.0,3085.6,3126.2,32212.6267
1716076800000,3126.1,3139.6,3049.0,3073.1,47191.8846
1716163200000,3072.9,3701.0,3047.8,3667.8,167604.488
1716249600000,3667.8,3845.5,3630.0,3794.1,116429.0181
1716336000000,3793.3,3818.0,3658.6,3741.4,102391.3521
1716422400000,3741.4,3955.4,3500.6,3785.4,258446.1532
1716508800000,3783.8,3832.8,3631.7,3730.5,102384.7192
1716595200000,3730.5,3781.6,3712.5,3753.8,24483.7392
1716681600000,3753.7,3888.7,3733.2,3829.9,49171.6906
1716768000000,3829.3,3980.8,3825.7,3898.4,71498.7483
1716854400000,3898.4,3936.6,3777.0,3845.6,86880.8517
1716940800000,3845.6,3889.0,3744.2,3769.1,65998.89
1717027200000,3769.2,3829.1,3704.2,3749.4,74867.7538
1717113600000,3749.1,3848.6,3725.3,3763.9,81337.4267
1717200000000,3763.9,3835.0,3755.0,3815.9,34431.811
1717286400000,3815.7,3838.2,3755.1,3784.6,44941.1543
1717372800000,3784.5,3855.1,3760.6,3769.1,51298.4071
1717459200000,3769.1,3834.2,3725.0,3814.9,43559.0004
1717545600000,3814.9,3893.2,3780.0,3868.7,61557.2619
1717632000000,3868.7,3883.3,3761.8,3817.3,50100.2827
1717718400000,3817.3,3845.7,3600.0,3681.9,100810.2379
1717804800000,3682.3,3712.8,3661.5,3684.8,23716.5917
1717891200000,3684.8,3724.5,3667.8,3709.5,21108.4663
1717977600000,3709.4,3716.3,3642.0,3669.2,44449.9648
1718064000000,3669.1,3673.9,3435.7,3499.2,124725.761
1718150400000,3499.2,3660.7,3463.4,3560.2,113696.5382
1718236800000,3560.4,3560.8,3428.5,3470.9,109245.5086
1718323200000,3470.8,3535.2,3365.1,3485.4,144662.8799
1718409600000,3485.3,3595.0,3476.6,3570.7,58002.4267
1718496000000,3570.8,3656.8,3541.1,3628.0,58725.7973
1718582400000,3628.1,3639.8,3467.8,3510.2,160230.4838
1718668800000,3510.3,3515.9,3354.8,3483.6,180354.7441
1718755200000,3483.7,3587.9,3466.9,3560.2,93812.9909
1718841600000,3560.3,3626.5,3486.0,3513.7,82812.2813
1718928000000,3513.4,3549.7,3445.5,3520.1,91887.17
1719014400000,3520.2,3522.5,3475.9,3498.9,25834.3341
1719100800000,3498.9,3523.6,3405.0,3422.9,51363.2212
1719187200000,3422.3,3436.0,3226.3,3353.7,204274.4447
1719273600000,3353.8,3430.9,3338.7,3395.1,57799.8376
1719360000000,3395.1,3426.8,3325.6,3370.9,73878.8754
1719446400000,3370.9,3481.2,3358.9,3454.7,57536.9947
1719532800000,3454.7,3491.1,3364.6,3380.4,82983.5099
1719619200000,3380.3,3408.3,3370.4,3378.0,20925.1546
1719705600000,3377.9,3462.5,3352.5,3440.3,35952.9306
1719792000000,3440.3,3525.2,3425.7,3443.4,60723.9827
1719878400000,3443.6,3467.2,3405.0,3423.5,67278.4328
1719964800000,3423.5,3434.0,3250.6,3295.6,120339.0682
1720051200000,3297.3,3312.6,3051.7,3060.6,209835.0374
1720137600000,3060.5,3107.3,2815.3,2980.6,280772.8586
1720224000000,2980.6,3078.3,2952.0,3063.7,70386.2497
1720310400000,3064.7,3071.8,2919.2,2928.3,56192.8209
1720396800000,2928.2,3090.6,2817.9,3019.6,173892.8586
1720483200000,3019.6,3117.2,3004.8,3066.1,126615.3649
1720569600000,3066.0,3150.8,3023.1,3100.6,142876.1796
1720656000000,3100.6,3217.4,3054.5,3097.7,115523.9332
1720742400000,3098.4,3159.3,3047.2,3136.0,82460.8904
1720828800000,3136.1,3205.2,3111.9,3176.8,34125.0876
1720915200000,3176.9,3269.7,3164.4,3244.2,42483.3367
1721001600000,3244.2,3493.6,3233.0,3483.2,127390.0427
1721088000000,3483.2,3498.6,3344.0,3444.4,130392.0348
1721174400000,3445.5,3519.4,3375.0,3386.5,139547.9675
1721260800000,3387.4,3490.9,3371.9,3428.0,140760.1871
1721347200000,3427.6,3539.0,3378.9,3505.6,116385.9751
1721433600000,3507.0,3540.9,3480.0,3520.2,33870.2466
1721520000000,3520.0,3549.1,3411.2,3536.8,78136.4409
1721606400000,3537.6,3565.8,3425.2,3443.1,95090.958
1721692800000,3443.0,3545.0,3392.4,3485.4,214849.7051
1721779200000,3485.4,3489.7,3297.0,3338.9,114209.7728
1721865600000,3338.8,3345.7,3086.4,3174.4,183236.2919
1721952000000,3174.3,3287.4,3170.3,3275.7,65067.9726
1722038400000,3275.4,3329.9,3192.0,3249.3,57825.551
1722124800000,3249.4,3285.7,3200.0,3270.9,32078.9553
1722211200000,3270.9,3399.8,3259.5,3321.5,96984.3314
1722297600000,3321.3,3371.0,3232.4,3279.6,90645.942
1722384000000,3279.4,3352.6,3213.2,3233.0,117952.5113
1722470400000,3233.0,3243.3,3078.7,3202.8,104804.3507
1722556800000,3202.6,3218.0,2964.4,2987.8,102483.5776
1722643200000,2987.8,3016.9,2857.0,2901.9,84030.9438
1722729600000,2902.2,2933.9,2631.1,2686.7,144438.1324
1722816000000,2686.9,2695.0,2100.0,2416.8,608783.4384
1722902400000,2417.4,2552.9,2414.7,2458.3,128024.5897
1722988800000,2458.7,2549.1,2306.3,2340.4,206969.1466
1723075200000,2340.4,2722.7,2319.0,2680.9,130703.7492
1723161600000,2680.2,2705.1,2551.3,2597.3,93646.7504
1723248000000,2597.6,2643.5,2574.6,2609.8,40554.0087
1723334400000,2609.7,2720.4,2538.5,2554.0,100022.6923
1723420800000,2553.9,2750.7,2510.2,2723.6,134771.2099
1723507200000,2723.7,2739.0,2610.6,2701.9,142190.5948
1723593600000,2701.8,2783.5,2633.0,2662.1,170865.4113
1723680000000,2662.1,2674.9,2513.4,2568.8,130086.3778
1723766400000,2569.2,2630.0,2549.4,2591.2,82034.9483
1723852800000,2591.2,2626.6,2585.8,2613.0,30270.9333
1723939200000,2613.0,2685.7,2592.9,2610.9,51623.9491
1724025600000,2610.8,2647.2,2561.0,2636.3,89938.5711
1724112000000,2636.6,2695.9,2554.2,2571.1,61989.8652
1724198400000,2571.0,2664.0,2535.9,2629.8,86718.8259
1724284800000,2629.7,2645.2,2582.6,2622.7,54733.2667
1724371200000,2622.7,2801.2,2621.6,2762.1,104912.0898
1724457600000,2762.6,2820.6,2730.0,2769.4,94290.6577
1724544000000,2769.3,2793.0,2731.4,2745.6,48118.2195
1724630400000,2745.6,2760.7,2664.9,2679.2,92029.2614
1724716800000,2679.0,2698.7,2394.0,2455.1,147108.1847
1724803200000,2455.3,2554.5,2417.9,2526.9,160942.4029
1724889600000,2527.4,2595.9,2505.3,2527.4,71563.9903
1724976000000,2527.1,2547.6,2431.5,2525.2,75274.5618
1725062400000,2525.6,2533.6,2491.5,2512.5,21116.8086
1725148800000,2512.0,2515.0,2399.3,2424.3,60790.1211
1725235200000,2424.3,2564.7,2422.6,2537.2,64929.5057
1725321600000,2538.0,2552.6,2407.1,2423.9,66962.5345
1725408000000,2423.3,2487.8,2310.0,2448.8,123887.9711
1725494400000,2448.8,2464.7,2346.4,2367.6,72138.4177
1725580800000,2367.4,2407.4,2149.9,2224.4,147006.8458
1725667200000,2224.5,2309.0,2220.7,2272.7,60202.19
1725753600000,2273.2,2332.1,2241.3,2295.8,68821.0799
1725840000000,2296.5,2380.8,2271.7,2358.7,111988.5301
1725926400000,2358.7,2398.0,2320.3,2387.3,84029.0416
1726012800000,2387.9,2388.6,2277.0,2339.6,64200.8066
1726099200000,2339.6,2393.7,2314.8,2361.9,64632.9823
1726185600000,2361.6,2465.0,2336.2,2438.4,69881.4706
1726272000000,2439.4,2440.3,2382.4,2418.2,33072.871
1726358400000,2418.2,2430.5,2281.6,2316.0,58803.8699
1726444800000,2316.0,2336.5,2252.8,2296.7,92240.3145
1726531200000,2296.8,2393.2,2263.2,2341.8,69489.3566
1726617600000,2341.8,2376.4,2276.2,2374.3,104561.197
1726704000000,2374.8,2492.7,2372.9,2464.8,90107.3599
1726790400000,2465.2,2578.4,2437.1,2563.7,90649.1055
1726876800000,2563.6,2623.6,2530.6,2614.3,49125.3432
1726963200000,2614.4,2632.8,2526.1,2583.4,78260.7809
1727049600000,2583.5,2704.8,2540.9,2648.4,129712.6467
1727136000000,2648.4,2672.9,2593.2,2654.4,88924.6397
1727222400000,2655.5,2674.8,2554.3,2580.0,108885.4491
1727308800000,2579.9,2666.7,2557.7,2631.9,119616.0917
1727395200000,2632.0,2729.6,2615.4,2696.2,81353.8311
1727481600000,2696.5,2706.0,2650.4,2674.5,44971.7935
1727568000000,2674.6,2683.1,2634.2,2657.7,35612.7853
1727654400000,2657.7,2663.8,2576.1,2604.2,95973.0712
1727740800000,2604.1,2660.8,2415.7,2448.7,222683.3284
1727827200000,2448.6,2499.8,2350.6,2364.1,166316.5841
1727913600000,2364.0,2402.8,2309.0,2348.8,101098.4715
1728000000000,2349.0,2440.5,2338.9,2413.0,60961.0161
1728086400000,2413.0,2427.6,2388.7,2413.8,39145.0322
1728172800000,2413.7,2456.2,2406.3,2438.4,41643.2313
1728259200000,2438.5,2520.3,2401.3,2421.2,69149.5403
1728345600000,2421.2,2465.5,2401.0,2439.5,76317.6202
1728432000000,2439.4,2472.4,2348.6,2368.8,91280.3243
1728518400000,2368.9,2419.1,2330.0,2385.4,106514.8563
1728604800000,2385.4,2470.4,2381.5,2437.4,52754.9182
1728691200000,2437.7,2488.5,2432.9,2475.4,24320.0481
1728777600000,2475.3,2483.9,2436.1,2467.7,23209.6307
1728864000000,2467.8,2653.2,2442.6,2629.2,107874.7721
1728950400000,2629.3,2687.8,2533.9,2606.8,143429.8749
1729036800000,2606.6,2647.4,2587.6,2610.3,67601.6318
1729123200000,2610.3,2647.0,2574.9,2604.8,44334.8295
1729209600000,2604.6,2676.0,2595.4,2642.0,60436.3562
1729296000000,2642.2,2663.9,2631.7,2648.6,25304.7263
1729382400000,2648.7,2759.6,2635.7,2747.8,57450.4788
1729468800000,2747.7,2769.9,2655.2,2665.6,68692.5723
1729555200000,2665.6,2670.5,2605.8,2622.0,57085.3704
1729641600000,2622.0,2625.8,2455.0,2524.6,103456.5847
1729728000000,2524.7,2561.2,2507.7,2535.3,65318.15
1729814400000,2535.2,2565.5,2382.8,2440.4,144837.7244
1729900800000,2440.5,2506.7,2430.0,2482.1,62254.8858
1729987200000,2482.1,2526.9,2464.2,2507.9,39066.9252
1730073600000,2507.8,2588.8,2470.2,2567.1,74239.9105
1730160000000,2567.2,2681.6,2561.3,2640.4,81510.1952
1730246400000,2640.5,2724.6,2601.0,2660.1,69842.0919
1730332800000,2660.1,2669.8,2503.9,2519.2,83022.5702
1730419200000,2519.2,2586.8,2470.8,2512.3,91863.806
1730505600000,2512.0,2523.3,2469.1,2493.0,25287.5501
1730592000000,2492.9,2495.5,2410.6,2456.4,66524.6399
1730678400000,2456.4,2489.9,2355.8,2396.6,65814.9774
1730764800000,2396.5,2480.7,2380.0,2422.8,74315.8662
1730851200000,2422.8,2749.0,2421.2,2724.5,255434.5962
1730937600000,2724.6,2918.9,2702.1,2897.7,226667.0538
1731024000000,2898.4,2985.0,2888.1,2964.0,152066.9812
1731110400000,2964.0,3161.3,2956.0,3129.4,149453.7528
1731196800000,3129.3,3251.3,3075.0,3186.6,226178.6334
1731283200000,3186.5,3393.4,3109.2,3375.4,336279.7493
1731369600000,3375.3,3451.9,3211.6,3247.7,317309.9102
1731456000000,3247.6,3335.0,3120.0,3190.6,320000.093
1731542400000,3190.6,3244.0,3031.6,3060.9,203795.4526
1731628800000,3060.9,3132.9,3016.4,3092.3,232106.5255
1731715200000,3091.4,3225.1,3072.3,3132.2,124661.6444
1731801600000,3132.5,3164.3,3035.9,3078.3,97114.2693
1731888000000,3078.7,3228.2,3053.4,3213.0,174675.3725
1731974400000,3212.5,3225.4,3067.3,3110.7,106368.954
1732060800000,3110.6,3160.8,3031.9,3071.6,113587.2328
1732147200000,3071.7,3391.4,3034.7,3358.9,252623.0546
1732233600000,3358.8,3431.6,3260.0,3332.1,189242.9696
1732320000000,3332.4,3500.0,3316.3,3396.7,136521.1439
1732406400000,3396.8,3452.9,3285.2,3363.6,102407.6983
1732492800000,3363.9,3549.2,3302.2,3417.9,259866.7643
1732579200000,3418.0,3465.1,3254.1,3328.4,198441.5941
1732665600000,3328.3,3688.8,3305.2,3656.5,203318.7263
1732752000000,3656.5,3664.9,3532.5,3581.7,152070.6926
1732838400000,3581.8,3649.0,3540.0,3596.0,113352.1888
1732924800000,3596.0,3742.6,3573.2,3706.9,170584.7912
1733011200000,3706.9,3750.0,3660.7,3711.2,137567.733
1733097600000,3711.1,3765.0,3555.8,3646.7,392776.5773
1733184000000,3647.2,3673.8,3501.7,3617.7,238996.0286
1733270400000,3617.7,3891.7,3617.6,3842.1,425009.6493
1733356800000,3841.7,3964.2,3643.8,3791.2,564840.2711
1733443200000,3791.2,4090.0,3783.0,4003.5,421018.8868
1733529600000,4003.6,4029.1,3971.4,3999.9,131729.1837
1733616000000,3999.9,4021.2,3922.0,4008.5,210127.7431
1733702400000,4008.6,4009.9,3470.1,3715.9,712990.382
1733788800000,3716.0,3786.5,3518.9,3631.1,594961.6335999999
1733875200000,3631.1,3850.0,3563.3,3833.8,289552.3455
1733961600000,3833.7,3990.5,3796.0,3886.7,352388.7248
1734048000000,3886.6,3971.6,3854.0,3908.9,271119.4354
1734134400000,3908.9,3950.2,3824.3,3873.4,210702.081
1734220800000,3873.3,3985.8,3832.0,3968.5,264894.6283
1734307200000,3968.5,4109.7,3885.8,3988.6,558796.2054
1734393600000,3988.6,4050.0,3846.1,3893.6,472878.1282
1734480000000,3893.3,3912.1,3615.7,3627.1,630844.4547999999
1734566400000,3627.1,3723.0,3295.4,3414.1,1211197.5144
1734652800000,3414.2,3495.6,3100.3,3469.3,979593.6128999999
1734739200000,3469.7,3555.3,3290.6,3336.0,425947.4342
1734825600000,3337.6,3400.9,3216.5,3280.9,480690.9758
1734912000000,3281.4,3469.0,3215.6,3424.5,561923.817
1734998400000,3424.4,3540.0,3357.6,3494.0,356223.5483
1735084800000,3493.8,3552.3,3441.4,3499.4,224432.317
1735171200000,3498.9,3517.9,3304.1,3335.2,347738.7009
1735257600000,3335.1,3442.1,3306.7,3334.9,325377.9856
1735344000000,3335.0,3437.2,3323.0,3404.8,181702.3866
1735430400000,3404.7,3414.3,3325.8,3356.7,172815.5952
1735516800000,3356.8,3439.1,3307.4,3362.2,455935.4193
1735603200000,3362.3,3450.0,3316.0,3336.8,239438.8958
1735689600000,3336.8,3377.4,3315.4,3363.2,129100.4128
1735776000000,3363.2,3510.0,3357.3,3457.6,273895.5306
1735862400000,3457.6,3634.1,3423.4,3610.5,309989.8637
1735948800000,3610.5,3672.8,3572.9,3657.8,222374.5905
1736035200000,3657.9,3677.0,3595.0,3636.0,184041.0452
1736121600000,3635.9,3744.8,3610.1,3685.8,360308.8376
1736208000000,3685.8,3702.2,3355.0,3381.2,679954.1879
1736294400000,3381.0,3416.8,3207.7,3329.5,526814.2634000001
1736380800000,3329.3,3359.6,3154.9,3216.3,624996.0788
1736467200000,3216.9,3321.3,3192.4,3265.7,388345.6927
1736553600000,3265.6,3322.3,3218.0,3284.2,167808.5388
1736640000000,3284.1,3301.7,3224.6,3268.0,138733.0784
1736726400000,3268.0,3340.0,2920.0,3137.6,760363.6549
1736812800000,3137.5,3254.1,3126.0,3223.4,334443.2404
1736899200000,3223.7,3473.6,3184.6,3451.1,403177.1889
1736985600000,3451.1,3460.3,3264.0,3309.3,350717.8151
1737072000000,3309.3,3526.6,3308.0,3473.9,449138.4829
1737158400000,3475.0,3495.9,3223.8,3311.2,566662.6506000001
1737244800000,3311.3,3456.7,3106.8,3212.6,1069667.8026999999
1737331200000,3213.1,3464.9,3140.9,3285.1,932445.0171000001
1737417600000,3285.1,3371.4,3202.2,3330.2,413507.953
1737504000000,3330.2,3368.0,3219.4,3240.7,274805.525
1737590400000,3240.7,3349.8,3163.5,3340.1,509156.4514
1737676800000,3340.2,3430.7,3272.9,3309.4,407409.8824
1737763200000,3309.4,3349.9,3267.1,3317.4,193571.0966
1737849600000,3317.4,3361.4,3226.1,3230.9,227992.0622
1737936000000,3230.9,3252.9,3017.6,3181.5,846802.662
1738022400000,3181.5,3224.0,3034.2,3076.0,555760.7354
1738108800000,3076.0,3183.1,3050.8,3113.1,719463.0212
1738195200000,3113.2,3284.8,3089.3,3247.7,484411.0857
1738281600000,3247.7,3440.0,3213.9,3302.6,785103.7238
1738368000000,3302.7,3334.3,3100.0,3114.5,521271.9262
1738454400000,3115.3,3161.6,2751.1,2870.2,971944.5917
1738540800000,2870.1,2920.0,2097.3,2878.8,2432802.2999999998
1738627200000,2878.7,2887.4,2631.9,2730.6,1397325.6982
1738713600000,2730.6,2826.3,2698.1,2788.3,703968.7205000001
1738800000000,2787.8,2858.1,2656.3,2687.7,637784.8369
1738886400000,2687.4,2796.9,2561.2,2621.6,631061.8277
1738972800000,2621.6,2665.9,2587.4,2630.6,303478.5601
1739059200000,2631.1,2694.8,2521.0,2626.8,381641.3621
1739145600000,2626.8,2693.6,2555.4,2659.8,449186.5033
1739232000000,2659.8,2724.7,2551.6,2602.8,785476.9979
1739318400000,2602.7,2797.3,2546.5,2738.9,842701.5729
1739404800000,2738.9,2758.6,2611.8,2674.4,493040.1327
1739491200000,2674.5,2792.4,2663.4,2724.0,460175.4035
1739577600000,2724.0,2739.0,2654.2,2691.3,251348.2092
1739664000000,2691.2,2727.8,2649.1,2660.0,248600.099
1739750400000,2659.9,2848.1,2633.0,2743.0,601226.0939
1739836800000,2742.9,2756.4,2604.2,2671.5,625883.6426
1739923200000,2671.4,2736.4,2655.7,2714.3,315777.001
1740009600000,2714.2,2770.0,2706.4,2737.0,381236.5193
1740096000000,2737.1,2845.0,2615.4,2664.4,1133883.8858
1740182400000,2664.9,2799.6,2654.8,2763.1,372352.9201
1740268800000,2763.3,2858.3,2744.5,2818.2,553274.7594
1740355200000,2818.2,2842.6,2472.3,2513.4,1034502.3325
1740441600000,2513.3,2532.3,2316.6,2493.7,1167838.6725999999
1740528000000,2494.1,2506.1,2253.9,2335.3,1037550.1424
1740614400000,2335.4,2381.0,2229.4,2307.3,809568.9644000001
1740700800000,2307.4,2314.4,2072.5,2235.6,1474683.3012999999
1740787200000,2235.7,2279.7,2141.0,2217.8,669182.1433
1740873600000,2217.8,2553.2,2171.9,2517.8,1511074.0877
1740960000000,2518.1,2522.6,2096.3,2147.6,1020582.2487999999
1741046400000,2147.8,2221.8,1992.3,2170.4,1329229.9302999999
1741132800000,2170.2,2272.9,2154.7,2240.6,461069.6924
1741219200000,2240.5,2319.3,2175.0,2201.5,594496.3987
1741305600000,2201.5,2256.4,2100.0,2140.0,961258.6393
1741392000000,2140.0,2233.2,2103.5,2202.6,351242.8559
1741478400000,2202.6,2211.1,1987.6,2019.2,775830.9713
1741564800000,2019.1,2155.1,1807.5,1864.3,1491150.9720000001
1741651200000,1864.3,1962.1,1756.0,1922.5,1122734.7975999999
1741737600000,1922.5,1970.0,1827.1,1907.3,1698167.4556
1741824000000,1907.1,1919.8,1820.8,1863.6,643182.0886
1741910400000,1863.7,1944.6,1860.5,1910.4,281933.6503
1741996800000,1910.1,1955.9,1902.3,1936.3,137886.9876
1742083200000,1936.4,1939.9,1861.0,1886.0,269594.0443
1742169600000,1886.2,1951.1,1878.8,1924.8,278140.0087
1742256000000,1924.9,1935.8,1871.4,1931.5,302053.3229
1742342400000,1931.2,2069.1,1927.3,2055.6,525387.7119
1742428800000,2055.8,2067.2,1951.6,1982.9,382418.9155
1742515200000,1983.0,1996.5,1935.5,1964.7,336166.8448
1742601600000,1964.9,2006.2,1963.7,1979.6,261779.9027
1742688000000,1979.6,2020.0,1975.5,2005.4,280944.3197
1742774400000,2005.5,2102.0,1976.2,2080.1,464924.895
1742860800000,2080.0,2097.1,2036.6,2065.3,370718.9418
1742947200000,2065.3,2077.8,1980.4,2008.4,377250.6426
1743033600000,2008.4,2036.4,1986.3,2002.7,187112.8231
1743120000000,2002.7,2014.7,1860.9,1895.8,490456.9135
1743206400000,1895.8,1913.1,1797.4,1826.9,395588.1165
1743292800000,1826.8,1847.7,1768.5,1806.9,283978.6385
1743379200000,1807.1,1853.7,1775.8,1821.2,529397.9118999999
1743465600000,1821.4,1927.7,1816.9,1904.3,422040.6822
1743552000000,1904.3,1954.7,1780.0,1794.0,611013.8282
1743638400000,1794.0,1844.2,1749.9,1815.8,522547.5536
1743724800000,1816.1,1834.4,1757.7,1816.1,600603.3928
1743811200000,1815.7,1826.4,1766.2,1805.2,188340.7574
1743897600000,1805.3,1816.2,1536.0,1579.3,1091863.7646000001
1743984000000,1579.4,1640.0,1415.0,1552.1,1725192.1299999999
1744070400000,1552.1,1618.2,1446.3,1472.1,1135211.0459
1744156800000,1472.1,1687.7,1382.3,1668.5,1756684.8241000001
1744243200000,1668.4,1668.7,1472.3,1521.4,896548.311
1744329600000,1521.3,1589.7,1503.2,1565.8,563746.5153
1744416000000,1565.8,1668.0,1545.5,1643.6,700517.9452
1744502400000,1643.6,1661.4,1551.8,1597.0,830584.1006
1744588800000,1597.0,1691.1,1594.8,1623.1,751516.7402
1744675200000,1623.2,1659.9,1582.1,1587.7,820331.9999000001
1744761600000,1587.7,1611.5,1537.9,1576.5,927455.4789
1744848000000,1576.2,1615.8,1562.5,1582.6,549485.3101
1744934400000,1582.6,1600.0,1572.5,1587.5,245772.7068
1745020800000,1587.5,1628.0,1584.0,1612.0,269672.0583
1745107200000,1579.1,1599.4,1564.8,1586.4,233517.0259
1745193600000,1586.4,1657.7,1562.1,1579.1,933153.0434
1745280000000,1579.1,1786.9,1540.0,1755.0,1515608.0109999999
1745366400000,1755.0,1835.4,1744.2,1794.0,1098218.9609000001
1745452800000,1794.1,1801.7,1722.6,1768.8,603920.1155
1745539200000,1768.9,1826.0,1738.0,1783.2,638011.2585999999
1745625600000,1783.5,1838.3,1778.2,1820.0,470230.9504
1745712000000,1819.9,1856.1,1782.0,1790.0,354183.4832
1745798400000,1789.9,1826.3,1743.3,1798.9,871238.2362
1745884800000,1798.8,1841.5,1779.5,1796.8,659108.6331
1745971200000,1796.9,1815.5,1731.8,1793.7,748724.3517999999
1746057600000,1793.6,1872.4,1792.5,1837.5,708666.5637000001
1746144000000,1837.6,1868.0,1812.5,1841.3,384097.6875
1746230400000,1841.3,1848.2,1809.3,1832.7,242219.0319
1746316800000,1832.7,1849.3,1802.1,1807.9,438784.9913
1746403200000,1808.0,1832.8,1781.3,1819.0,482354.4191
1746489600000,1819.0,1820.2,1751.4,1816.7,574830.3924
1746576000000,1816.6,1849.0,1786.4,1811.2,764060.9759
1746662400000,1811.0,2229.8,1808.7,2209.8,1581163.9674
1746748800000,2209.9,2491.9,2186.4,2347.0,1523750.6856
1746835200000,2347.0,2602.5,2320.9,2585.7,893330.7561999999
1746921600000,2585.8,2606.9,2440.1,2516.5,784422.1354
1747008000000,2516.5,2626.0,2412.4,2496.8,1087293.8458
1747094400000,2496.9,2740.3,2416.0,2679.9,1045561.684
1747180800000,2679.9,2725.8,2548.5,2609.4,968901.1394
1747267200000,2609.5,2647.1,2476.0,2547.9,842284.8970999999
1747353600000,2548.0,2648.0,2527.7,2535.6,623317.5342
1747440000000,2535.6,2535.6,2445.4,2474.1,617834.7831
1747526400000,2474.3,2589.2,2317.1,2499.7,1015885.4955
1747612800000,2499.8,2550.0,2350.1,2529.0,844673.6912
1747699200000,2529.1,2591.2,2443.5,2525.8,1221713.9194
1747785600000,2525.9,2618.6,2450.5,2554.3,1468589.2431000001
1747872000000,2553.8,2693.8,2548.7,2668.1,915729.1549
1747958400000,2668.1,2739.3,2500.0,2526.6,1094121.0401999999
1748044800000,2526.6,2576.0,2515.3,2529.2,266033.1735
1748131200000,2530.3,2553.8,2462.3,2550.9,577481.9043000001
1748217600000,2550.9,2600.6,2526.7,2564.6,355432.9344
1748304000000,2564.6,2714.0,2510.3,2661.3,805609.2726
1748390400000,2661.4,2689.0,2597.2,2682.3,681981.2772
1748476800000,2682.3,2790.2,2619.5,2631.9,1101104.0674000001
1748563200000,2631.8,2648.9,2508.0,2531.4,1049898.075
1748649600000,2531.3,2551.2,2478.2,2529.0,508723.1782
1748736000000,2528.9,2549.4,2470.3,2540.2,360538.3128
1748822400000,2540.3,2617.8,2477.3,2609.7,586362.1799
1748908800000,2609.7,2656.3,2577.1,2591.5,638046.382
1748995200000,2591.5,2680.7,2582.7,2608.7,728284.411
1749081600000,2608.9,2642.2,2392.2,2413.2,1205298.4905000001
1749168000000,2413.1,2529.7,2384.6,2475.0,647317.6953
1749254400000,2475.1,2541.4,2456.4,2524.3,323601.357
1749340800000,2524.3,2549.2,2492.5,2508.9,273208.94
1749427200000,2509.0,2697.2,2477.5,2682.3,624911.3296000001
1749513600000,2682.3,2828.6,2656.9,2819.1,976591.2408
1749600000000,2819.0,2881.6,2741.8,2771.3,997370.5661000001
1749686400000,2771.3,2784.1,2615.7,2641.2,1095811.1137999999
1749772800000,2641.5,2643.4,2434.2,2578.5,1560193.1806999999
1749859200000,2578.6,2578.9,2487.1,2529.4,375241.7228
1749945600000,2529.4,2557.5,2491.0,2546.6,353749.3827
1750032000000,2546.5,2679.6,2514.0,2543.0,886775.6464
1750118400000,2543.0,2617.4,2452.7,2508.0,939883.3025
1750204800000,2508.0,2547.7,2465.6,2523.7,773800.4105
1750291200000,2523.7,2546.5,2482.8,2519.5,497612.4276
1750377600000,2519.5,2567.2,2364.3,2404.9,794928.0564
1750464000000,2404.8,2446.0,2216.0,2295.2,685161.6892
1750550400000,2295.3,2313.2,2113.4,2226.3,1125579.2379000001
1750636800000,2226.3,2434.7,2187.2,2411.1,1433030.6734
1750723200000,2411.0,2481.5,2375.0,2447.0,762755.425
1750809600000,2447.0,2467.3,2388.0,2416.8,642826.0407
1750896000000,2416.9,2519.1,2393.4,2414.3,620893.9887
1750982400000,2414.4,2461.7,2381.1,2422.1,511809.2272
1751068800000,2422.2,2447.5,2404.0,2435.1,166496.5371
1751155200000,2435.1,2524.8,2406.2,2500.4,263818.1454
1751241600000,2500.4,2523.6,2434.3,2485.1,514731.9448
1751328000000,2485.1,2499.9,2384.3,2403.6,526935.2304
1751414400000,2403.5,2616.4,2373.0,2569.7,868832.2624
1751500800000,2569.8,2635.5,2556.1,2589.9,545417.1040000001
1751587200000,2589.9,2601.8,2474.4,2508.0,617358.772
1751673600000,2508.1,2529.8,2487.4,2516.4,260237.3905
1751760000000,2516.5,2604.9,2503.5,2570.3,420527.5928
1751846400000,2570.4,2591.4,2516.1,2542.7,500430.8815
1751932800000,2542.6,2627.8,2524.2,2615.7,498372.6297
1752019200000,2615.8,2800.0,2590.3,2770.0,856273.7424
1752105600000,2770.0,3001.0,2756.8,2953.0,1116835.3607999999
1752192000000,2953.1,3042.7,2916.5,2960.6,1133579.3141999999
1752278400000,2960.7,2981.5,2904.7,2944.1,403064.53
1752364800000,2944.1,3021.8,2937.0,2973.6,474986.8524
1752451200000,2973.6,3085.0,2965.1,3016.7,982736.5451
1752537600000,3016.7,3146.6,2931.4,3140.9,1556534.1776000001
1752624000000,3141.0,3425.8,3103.8,3374.0,1500109.5667999999
1752710400000,3374.0,3527.7,3311.2,3481.3,1539419.4889
1752796800000,3481.3,3678.0,3461.8,3546.4,1703726.6588000001
1752883200000,3546.3,3609.8,3507.0,3593.6,591998.0841
1752969600000,3593.5,3829.1,3581.0,3761.2,1321782.4262000001
1753056000000,3761.2,3862.6,3706.0,3765.0,1374061.9952
1753142400000,3764.9,3803.4,3620.6,3749.8,1415544.2604
1753228800000,3749.7,3766.7,3530.7,3631.7,1153408.6469000001
1753315200000,3631.7,3773.7,3505.7,3707.8,1318319.0996999999
1753401600000,3707.8,3749.7,3575.0,3729.2,1373563.6002
1753488000000,3729.3,3797.6,3703.9,3744.3,503069.0353
1753574400000,3744.3,3880.0,3733.6,3875.7,719472.3495
1753660800000,3875.9,3945.6,3754.8,3796.8,1064532.2439999999
1753747200000,3796.8,3885.4,3715.0,3794.2,1071380.3185000001
1753833600000,3794.1,3833.0,3650.0,3811.1,955398.9699
1753920000000,3811.2,3878.7,3679.0,3697.1,958958.8893
1754006400000,3697.2,3723.5,3427.8,3486.2,1734431.7438000001
1754092800000,3486.2,3535.7,3365.7,3392.2,957048.1806
1754179200000,3392.2,3519.3,3352.0,3494.3,583221.1753999999
1754265600000,3494.4,3735.6,3490.0,3720.0,1065943.6613
1754352000000,3720.0,3720.0,3541.2,3609.6,985618.0872
1754438400000,3609.6,3697.6,3562.1,3681.4,751349.5869
1754524800000,3681.4,3928.9,3645.3,3912.3,1144302.0677
1754611200000,3912.4,4074.1,3880.8,4012.0,1345929.2334
1754697600000,4012.0,4328.9,4009.0,4264.2,1273336.4779000001
1754784000000,4264.2,4334.9,4162.8,4253.8,962237.2083000001
1754870400000,4253.9,4369.8,4168.5,4223.8,1553655.1747000001
1754956800000,4223.8,4641.1,4219.1,4592.8,1781857.0758
1755043200000,4592.8,4787.8,4567.7,4753.5,1702581.9713000001
1755129600000,4753.6,4797.3,4314.3,4546.4,2580140.4961000001
1755216000000,4546.3,4668.3,4367.2,4440.4,1440437.7350000001
1755302400000,4440.4,4490.0,4373.7,4422.1,591489.9620000001
1755388800000,4422.1,4575.6,4394.9,4474.1,719668.7903
1755475200000,4474.1,4484.1,4214.9,4313.6,1743804.1414999999
1755561600000,4313.7,4354.7,4065.9,4073.7,1759693.4591999999
1755648000000,4073.8,4380.3,4060.1,4337.4,1980067.5463
1755734400000,4337.4,4340.9,4206.0,4226.5,1307988.7771000001
1755820800000,4226.5,4891.7,4211.6,4834.8,2414473.4325999999
1755907200000,4834.7,4835.2,4667.5,4782.8,694339.7714
1755993600000,4782.8,4960.0,4671.5,4781.5,1576893.3981999999
1756080000000,4781.5,4799.0,4334.0,4374.7,2002881.4946999999
1756166400000,4374.7,4631.6,4310.8,4598.1,1787794.8193999999
1756252800000,4598.3,4670.9,4480.7,4505.5,1171973.2744
1756339200000,4506.1,4636.4,4428.1,4509.6,811464.4215000001
1756425600000,4509.7,4515.2,4262.8,4358.5,1492820.6502
1756512000000,4358.6,4411.0,4255.2,4372.1,617986.1232
1756598400000,4372.6,4495.8,4371.3,4390.6,576319.5172999999
1756684800000,4390.7,4489.7,4210.5,4312.0,964842.3017
1756771200000,4312.0,4414.7,4256.3,4324.7,875834.0978
1756857600000,4324.6,4489.1,4281.6,4448.2,681874.1126
1756944000000,4448.2,4481.0,4264.1,4296.0,822516.4396
1757030400000,4295.9,4491.7,4252.4,4304.7,1195738.4971
1757116800000,4304.7,4327.2,4226.7,4271.2,255343.5476
1757203200000,4271.6,4333.0,4267.2,4303.4,331874.8643
1757289600000,4303.5,4383.7,4279.0,4304.0,673012.33
1757376000000,4304.0,4381.1,4276.2,4310.9,497041.6251
1757462400000,4310.9,4453.2,4285.0,4349.4,674482.4382
1757548800000,4349.3,4479.7,4339.1,4460.0,686788.0469
1757635200000,4460.1,4750.6,4452.2,4713.5,838855.1274
1757721600000,4713.5,4767.0,4610.5,4670.4,493120.1919
1757808000000,4670.5,4695.0,4577.8,4607.9,472102.0707
1757894400000,4607.8,4673.6,4466.4,4526.4,674082.9954
1757980800000,4526.4,4539.0,4425.8,4501.5,650776.5437
1758067200000,4501.4,4616.7,4408.7,4590.8,787052.5782
1758153600000,4590.8,4645.0,4554.2,4588.9,476371.8232
1758240000000,4588.9,4622.5,4439.0,4471.4,550728.4827000001
1758326400000,4471.4,4509.8,4456.1,4480.6,179159.8043
1758412800000,4480.6,4499.1,4443.3,4445.2,203948.362
1758499200000,4444.7,4454.9,3909.2,4197.3,1112987.8054
1758585600000,4197.3,4226.6,4112.1,4162.7,563947.0294999999
1758672000000,4162.6,4205.8,4076.1,4151.5,488052.1691
1758758400000,4151.2,4160.0,3821.7,3872.4,1329724.4998000001
1758844800000,3872.4,4066.9,3865.7,4030.8,563323.3516000001
1758931200000,4030.7,4037.8,3971.3,4017.4,172244.7553
1759017600000,4017.5,4144.2,3963.9,4141.6,297171.4358
1759104000000,4141.1,4234.7,4081.4,4213.6,475081.2589
1759190400000,4213.5,4243.9,4091.0,4143.6,415310.7888
1759276800000,4143.6,4351.6,4121.7,4346.0,532574.1639
1759363200000,4346.0,4515.8,4331.4,4483.7,530838.966
1759449600000,4483.7,4590.9,4428.4,4512.7,458589.3861
1759536000000,4513.0,4517.9,4440.6,4487.2,172945.6428
1759622400000,4487.3,4618.0,4466.3,4516.2,419590.046
1759708800000,4516.3,4736.4,4491.1,4686.0,577033.034
1759795200000,4686.0,4757.6,4435.0,4450.7,874869.9918
1759881600000,4450.7,4560.9,4415.7,4528.7,558649.9476
1759968000000,4528.7,4534.0,4266.3,4369.2,711704.3857
1760054400000,4369.2,4395.0,3241.2,3822.3,1860127.7482
1760140800000,3822.4,3874.5,3641.6,3744.5,671154.2727
1760227200000,3744.7,4192.5,3692.4,4150.2,839061.3128
1760313600000,4150.2,4288.4,4038.7,4238.9,567379.9823
1760400000000,4238.9,4261.9,3882.1,4124.8,1040681.8926
1760486400000,4124.2,4217.1,3926.8,3983.7,768568.4402
1760572800000,3983.9,4086.0,3822.8,3893.0,775071.388
1760659200000,3893.1,3948.6,3675.0,3830.7,913559.9146
1760745600000,3830.7,3925.7,3818.5,3887.4,254839.9117
1760832000000,3887.5,4026.8,3827.2,3980.4,413370.5719
1760918400000,3980.3,4082.8,3906.6,3978.1,558290.7225
1761004800000,3978.2,4110.6,3839.5,3870.3,914675.9933
1761091200000,3870.4,3887.0,3710.1,3803.6,574362.3317
1761177600000,3803.6,3936.5,3794.9,3857.0,534971.3364
1761264000000,3856.9,4020.0,3846.4,3935.9,482222.9228
1761350400000,3936.0,3969.5,3913.7,3953.8,132256.8365
1761436800000,3953.9,4178.0,3920.1,4160.4,346681.9838
1761523200000,4160.2,4255.0,4095.3,4119.8,551067.5158000001
1761609600000,4119.9,4175.6,3929.0,3978.0,552626.0495
1761696000000,3978.0,4034.1,3841.8,3902.0,714978.8711
1761782400000,3902.0,3947.2,3677.0,3803.7,631988.9316
1761868800000,3803.6,3903.7,3795.3,3846.0,322817.038
1761955200000,3845.9,3906.8,3828.4,3872.2,137348.7282
1762041600000,3872.1,3917.3,3837.5,3904.7,174557.0803
1762128000000,3904.6,3912.2,3547.8,3602.4,887590.4538
1762214400000,3602.4,3652.2,3057.5,3285.9,1573471.8487
1762300800000,3285.9,3478.9,3166.2,3423.7,748507.4581
1762387200000,3423.6,3456.4,3242.9,3313.5,764891.5481
1762473600000,3313.5,3473.0,3193.0,3434.9,793834.0211
1762560000000,3434.9,3486.0,3355.3,3401.6,296217.2322
1762646400000,3401.6,3620.8,3358.2,3582.3,393980.7266
1762732800000,3582.4,3658.8,3508.3,3568.1,589491.0817
1762819200000,3568.0,3647.9,3401.5,3416.2,741775.1475
1762905600000,3416.1,3586.4,3370.3,3413.2,571652.7114
1762992000000,3413.3,3564.5,3154.2,3231.3,1022462.5657
1763078400000,3231.3,3256.0,3069.0,3112.9,905101.2441
1763164800000,3112.9,3231.3,3111.1,3168.0,201717.3563
1763251200000,3168.0,3249.0,3007.0,3096.9,510697.4199
1763337600000,3096.4,3223.3,2959.4,3033.0,845603.4824
1763424000000,3033.0,3171.4,2947.1,3124.8,799995.181
1763510400000,3124.8,3126.8,2874.4,3025.5,941790.8978
1763596800000,3025.8,3063.4,2780.1,2834.5,1096552.1502
1763683200000,2834.4,2887.4,2621.4,2764.7,1156598.0706
1763769600000,2764.7,2798.0,2703.7,2769.0,289355.3578
1763856000000,2769.1,2857.6,2767.0,2800.6,489974.5018
1763942400000,2800.6,2983.9,2761.6,2952.5,949748.6233
1764028800000,2952.5,2979.5,2855.7,2959.0,740974.0839
1764115200000,2958.9,3043.2,2888.0,3025.8,613255.9644000001
1764201600000,3025.6,3070.6,2985.1,3013.9,313634.2008
1764288000000,3013.9,3096.9,2992.4,3030.0,333447.7594
1764374400000,3030.1,3051.2,2961.2,2987.9,231283.8325
1764460800000,2987.9,3052.0,2974.9,2990.2,173585.5567
1764547200000,2990.1,2998.1,2718.2,2797.5,684720.3243
1764633600000,2797.6,3033.3,2781.0,2994.6,471718.369
1764720000000,2994.7,3212.8,2984.3,3187.0,509195.33
1764806400000,3187.4,3238.6,3066.0,3131.7,514493.6273
1764892800000,3131.8,3191.4,2983.2,3020.4,681342.4325
1764979200000,3020.4,3068.1,3010.6,3037.0,188850.2468
1765065600000,3036.9,3150.5,2914.0,3059.9,629453.5514999999
1765152000000,3059.9,3181.6,3040.1,3125.4,589738.5436
1765238400000,3125.4,3398.0,3091.4,3317.8,872534.2145
1765324800000,3317.7,3448.3,3287.8,3323.7,778821.8166
1765411200000,3323.6,3326.9,3146.2,3239.8,720474.2291999999
1765497600000,3239.8,3268.0,3051.8,3086.3,627026.7394
1765584000000,3086.3,3137.0,3080.0,3116.6,119386.4928
1765670400000,3116.5,3131.1,3030.0,3063.3,296742.5886
1765756800000,3063.4,3177.5,2895.1,2964.3,705649.063
1765843200000,2964.3,2981.1,2878.9,2961.4,528549.2439999999
1765929600000,2961.5,3030.0,2790.0,2832.0,809602.858
1766016000000,2832.2,2996.1,2773.9,2827.3,772202.2878
1766102400000,2827.2,3017.9,2808.0,2978.2,587774.1367
1766188800000,2978.2,2992.8,2966.2,2976.8,102538.7554
1766275200000,2976.8,3011.8,2943.6,3001.0,174257.0611
1766361600000,3000.9,3075.1,2962.5,3008.4,579880.8991
1766448000000,3008.4,3035.2,2900.6,2963.3,544712.4334
1766534400000,2963.2,2977.1,2885.8,2946.7,317429.8712
1766620800000,2946.7,2970.0,2889.5,2902.7,214172.8125
1766707200000,2902.5,2992.0,2893.3,2926.7,488849.574
1766793600000,2926.7,2958.9,2916.3,2947.0,120078.3765
1766880000000,2946.9,2959.0,2924.3,2949.3,159287.8869
1766966400000,2949.2,3056.0,2908.9,2936.9,656407.1148
1767052800000,2936.8,3008.5,2918.4,2973.1,345013.6417
1767139200000,2973.1,3026.2,2959.0,2972.0,288854.5583
1767225600000,2971.9,3009.3,2971.9,3002.9,185956.9046
1767312000000,3003.0,3148.2,2991.7,3123.7,622408.8864
1767398400000,3123.7,3135.0,3074.8,3125.9,262772.9329
1767484800000,3125.9,3166.0,3115.7,3143.5,289029.1636
1767571200000,3143.4,3263.6,3132.8,3223.5,523879.4332
1767657600000,3223.4,3306.3,3183.1,3295.9,632135.6175000001
1767744000000,3295.9,3296.1,3125.0,3167.7,367992.1442
1767830400000,3168.0,3182.0,3054.1,3107.7,531694.5827
1767916800000,3107.8,3148.2,3060.1,3088.2,552787.2253
1768003200000,3088.2,3102.9,3077.4,3086.1,79683.085
1768089600000,3086.1,3146.0,3084.0,3122.5,241085.6633
1768176000000,3122.6,3170.7,3066.5,3094.0,425804.6425
1768262400000,3093.9,3377.0,3090.5,3324.7,532950.024
1768348800000,3324.7,3403.3,3280.0,3354.5,677204.1608
1768435200000,3354.6,3384.8,3274.7,3318.2,452786.1967
1768521600000,3318.2,3326.3,3253.7,3296.4,276295.1587
1768608000000,3296.4,3329.5,3283.9,3309.2,114540.5834
1768694400000,3309.2,3368.0,3277.3,3282.7,199895.6327
1768780800000,3282.7,3283.6,3161.9,3188.3,608537.698
1768867200000,3188.2,3199.2,2923.6,2938.9,721592.3569
1768953600000,2938.8,3076.1,2865.1,2981.4,1077046.4236999999
1769040000000,2981.4,3037.4,2893.8,2951.1,678419.5995
1769126400000,2951.2,3017.6,2890.0,2954.9,744818.688
1769212800000,2955.0,2968.5,2942.1,2951.5,145311.1614
1769299200000,2951.4,2959.3,2785.2,2815.8,582965.3987
1769385600000,2815.7,2949.1,2811.2,2928.8,543394.4244
1769472000000,2928.8,3035.2,2899.2,3025.8,564080.3164
1769558400000,3025.7,3045.6,2982.6,3009.8,662560.1844
1769644800000,3009.7,3012.6,2753.5,2821.4,916461.7154
1769731200000,2821.4,2827.5,2634.9,2706.3,1180090.1262999999
1769817600000,2706.4,2714.0,2201.3,2449.5,1756153.9791000001
1769904000000,2449.5,2473.7,2220.1,2268.4,945445.231
1769990400000,2268.5,2394.6,2156.8,2345.2,1156001.6636000001
1770076800000,2345.1,2358.0,2108.8,2232.4,1267380.7760999999
1770163200000,2232.5,2294.4,2076.5,2147.9,1234819.3588
1770249600000,2147.9,2172.3,1817.9,1825.9,2110025.1442999998
1770336000000,1825.4,2091.7,1740.7,2062.0,1457378.3987
1770422400000,2061.9,2121.0,1993.6,2085.8,945318.8968
1770508800000,2085.9,2149.7,2065.3,2088.7,345434.3152
1770595200000,2088.6,2146.5,2007.5,2104.1,757744.9185
1770681600000,2104.1,2123.7,1987.5,2021.9,727407.7868999999
1770768000000,2021.9,2031.3,1902.0,1941.5,687394.0031
1770854400000,1941.4,2000.0,1896.7,1946.9,444744.9162
1770940800000,1946.9,2071.1,1923.4,2047.6,508156.2172
1771027200000,2048.0,2105.5,2042.0,2085.3,261261.3002
1771113600000,2085.4,2102.4,1927.7,1965.4,467396.3113
1771200000000,1965.6,2021.9,1936.9,1997.5,396368.9729
1771286400000,1997.5,2014.6,1941.3,1990.9,617995.5684
1771372800000,1990.9,2038.2,1922.5,1954.9,478447.226
1771459200000,1954.9,1986.6,1905.9,1948.3,389043.8751
1771545600000,1948.3,1980.0,1922.3,1968.1,480340.6327
1771632000000,1968.1,1995.0,1954.8,1972.6,146916.6548
1771718400000,1972.4,1982.6,1934.5,1957.0,171253.5958
1771804800000,1957.1,1957.6,1836.6,1855.6,616623.392
1771891200000,1855.6,1868.8,1797.2,1850.8,458537.9944
1771977600000,1851.0,2144.0,1845.7,2056.9,924649.8008
1772064000000,2057.0,2081.9,1974.9,2026.7,524247.5382
1772150400000,2026.9,2062.5,1885.3,1928.6,495203.8173
1772236800000,1928.6,1984.5,1835.0,1963.8,596774.6699
1772323200000,1963.6,2054.1,1906.2,1938.4,547151.372
1772409600000,1938.4,2088.5,1920.0,2026.5,679180.2495
1772496000000,2026.5,2040.6,1928.0,1981.8,685630.5999
1772582400000,1981.7,2198.7,1943.6,2126.6,675421.7189
1772668800000,2126.3,2162.7,2054.0,2072.0,469388.2528
1772755200000,2072.1,2092.3,1955.3,1977.7,511424.5373
1772841600000,1977.6,1995.0,1946.2,1968.0,252285.8138
1772928000000,1968.0,1979.0,1910.0,1935.9,422844.3711
1773014400000,1935.9,2053.0,1928.3,1992.4,582626.157
1773100800000,1992.3,2087.7,1990.6,2035.6,458316.0014
1773187200000,2035.5,2084.9,2006.5,2051.1,424277.492
1773273600000,2051.0,2095.9,2016.6,2072.5,497468.362
1773360000000,2072.5,2206.2,2069.5,2091.6,550847.5758
1773446400000,2091.4,2104.8,2060.7,2095.4,159975.2909
1773532800000,2095.5,2202.6,2082.2,2177.3,365330.7399
1773619200000,2177.4,2383.7,2163.8,2350.9,822929.7037
1773705600000,2351.0,2374.5,2295.5,2316.1,542992.4316
1773792000000,2316.1,2348.3,2151.6,2202.4,760067.3439
1773878400000,2202.5,2232.7,2096.6,2136.9,682257.8792
1773964800000,2136.9,2176.8,2116.1,2145.4,467834.3459
1774051200000,2145.2,2167.6,2069.3,2083.1,217488.7007
1774137600000,2083.1,2125.6,2024.5,2052.5,645383.7412
1774224000000,2052.5,2197.8,2022.0,2151.0,714673.1433
1774310400000,2150.9,2174.6,2102.2,2155.4,445647.8607
1774396800000,2155.5,2198.6,2146.5,2168.1,473811.0231
1774483200000,2168.2,2171.4,2032.3,2059.4,513405.283
1774569600000,2059.4,2075.8,1964.4,1991.8,374927.3429
1774656000000,1991.7,2041.1,1981.8,1993.9,274019.6317
1774742400000,1993.8,2018.6,1935.2,1983.3,267685.9067
1774828800000,1983.4,2086.0,1979.4,2025.5,448582.7822
1774915200000,2025.5,2122.4,2010.7,2104.0,779042.9056000001
1775001600000,2103.9,2166.9,2082.0,2138.5,671380.6233
1775088000000,2138.4,2157.8,2016.0,2055.9,600599.3675000001
1775174400000,2056.0,2080.0,2040.0,2052.8,190803.7431
1775260800000,2052.7,2083.6,2043.7,2064.5,113076.731
1775347200000,2064.5,2122.2,2021.0,2108.7,237384.9869
1775433600000,2109.0,2172.7,2087.3,2106.4,460519.852
1775520000000,2106.2,2274.1,2060.0,2239.7,820155.1442
1775606400000,2239.6,2269.7,2179.2,2189.1,569156.5017
1775692800000,2189.0,2245.8,2156.7,2189.1,506426.6189
1775779200000,2189.1,2256.0,2175.4,2244.1,352742.0684
1775865600000,2244.1,2329.1,2227.9,2284.0,236165.0079
1775952000000,2284.1,2287.9,2174.7,2190.3,334352.8296
1776038400000,2190.5,2391.7,2174.1,2368.2,530060.9293
1776124800000,2368.2,2413.8,2301.3,2320.9,590061.0395
1776211200000,2320.7,2383.0,2308.0,2358.3,411557.4842
1776297600000,2358.2,2367.7,2283.4,2347.4,408328.4879
1776384000000,2347.4,2462.5,2316.7,2417.1,458286.5525
1776470400000,2417.1,2426.0,2337.2,2348.9,195182.9484
1776556800000,2348.9,2353.9,2251.0,2261.3,456775.0324
1776643200000,2261.3,2345.9,2259.0,2312.1,450649.2916
1776729600000,2312.1,2337.1,2283.8,2326.3,509145.3005
1776816000000,2326.4,2422.2,2312.6,2372.7,434854.5635
1776902400000,2372.7,2380.1,2283.9,2328.9,481518.4735
1776988800000,2328.9,2336.8,2298.8,2313.8,271336.8215
1777075200000,2313.8,2322.3,2300.0,2318.1,97451.162
1777161600000,2318.1,2378.7,2304.9,2368.4,186575.6725
1777248000000,2368.5,2403.4,2262.2,2302.3,351210.2645
1777334400000,2302.4,2309.4,2255.3,2288.8,243458.2206
1777420800000,2288.9,2345.5,2218.0,2251.5,489099.234
1777507200000,2251.5,2278.2,2230.4,2256.4,414061.2715
1777593600000,2256.5,2324.2,2256.4,2294.7,318816.0037
1777680000000,2294.7,2341.9,2291.9,2316.0,139707.6663
1777766400000,2316.1,2355.5,2296.8,2321.7,212886.5256
1777852800000,2321.8,2397.9,2308.4,2346.0,445192.943
1777939200000,2345.9,2398.4,2343.9,2359.3,391164.3208
1778025600000,2359.3,2423.8,2336.3,2350.2,574817.915
1778112000000,2350.2,2351.7,2279.3,2290.6,360429.973
1778198400000,2290.7,2321.1,2263.4,2306.8,330757.1352
1778284800000,2306.8,2337.5,2298.8,2326.0,169141.4407
1778371200000,2326.0,2382.3,2310.6,2370.6,302587.0318
1778457600000,2370.7,2374.3,2302.1,2339.0,272458.6017
1778544000000,2339.0,2340.0,2255.2,2273.7,283446.3663
1778630400000,2273.7,2323.2,2233.6,2258.0,323669.1757
1778716800000,2258.0,2318.7,2237.7,2282.1,298690.3525
1778803200000,2282.2,2299.3,2204.0,2223.3,447544.284
1778889600000,2223.3,2230.5,2161.2,2179.4,272162.9407
1778976000000,2179.3,2197.2,2089.4,2130.1,321279.8259
1779062400000,2130.2,2156.1,2077.0,2129.7,608525.0625
1779148800000,2129.7,2146.3,2093.5,2110.8,263099.9634
1779235200000,2110.9,2148.2,2102.5,2129.1,237196.1669
1779321600000,2129.0,2156.7,2104.2,2133.1,389189.5257
1779408000000,2133.3,2140.9,2056.2,2064.8,417363.0991
1779494400000,2064.9,2149.0,2008.5,2116.8,568276.1408000001
1779580800000,2116.8,2130.0,2061.4,2098.6,223073.2219
1779667200000,2098.6,2141.0,2090.9,2112.4,254532.0143
1779753600000,2112.4,2140.0,2053.6,2072.6,387663.2474
1779840000000,2072.7,2096.2,2015.2,2023.9,385954.1061
1779926400000,2023.8,2029.3,1966.6,2009.2,491497.6427
1780012800000,2009.2,2046.7,1976.1,2013.7,479917.094
1780099200000,2013.7,2032.7,2001.1,2021.6,195769.1945
1780185600000,2021.6,2037.2,1993.4,2006.7,200385.0165
1780272000000,2006.8,2021.5,1954.8,2006.9,456761.2335
1780358400000,2007.0,2007.0,1838.0,1859.0,781055.5649
1780444800000,1859.2,1892.0,1770.0,1812.3,791866.3989
1780531200000,1812.3,1819.9,1716.7,1770.3,827724.888
1780617600000,1770.1,1773.9,1539.4,1582.4,1462461.7875000001
1780704000000,1582.3,1600.7,1504.4,1568.8,500455.8241
1780790400000,1568.9,1720.2,1563.3,1689.4,550545.9237
1780876800000,1689.6,1713.8,1643.7,1688.8,692794.1037
1780963200000,1688.6,1696.6,1609.8,1638.5,846438.743
1781049600000,1638.7,1667.4,1603.4,1620.9,830495.3939
1781136000000,1621.0,1693.7,1620.9,1672.7,685154.2635999999
1781222400000,1672.7,1690.8,1651.2,1665.7,516952.8097
1781308800000,1665.6,1696.4,1661.6,1680.3,175328.2475
1781395200000,1680.4,1732.4,1654.6,1725.3,547078.0678
1781481600000,1725.2,1849.5,1708.8,1795.5,605133.8703
1781568000000,1795.5,1839.4,1757.8,1792.8,732878.157
1781654400000,1792.8,1810.0,1724.9,1749.7,547335.9252000001
1781740800000,1749.9,1762.5,1671.2,1711.1,611850.26
1781827200000,1711.1,1719.7,1678.4,1711.2,417085.8437
1781913600000,1711.3,1750.0,1703.7,1740.5,252847.6472
1782000000000,1740.4,1740.6,1701.6,1706.1,306378.8926
1782086400000,1706.2,1778.6,1706.1,1727.9,933783.0655
1782172800000,1727.9,1735.8,1634.1,1666.4,615325.8366
1782259200000,1666.4,1691.1,1551.3,1621.2,706747.2471
1782345600000,1621.1,1659.0,1531.3,1566.6,683606.1655
1782432000000,1566.5,1592.8,1511.0,1577.6,694181.405
1782518400000,1577.7,1609.9,1562.1,1572.9,158700.4544
1782604800000,1572.9,1587.2,1547.6,1570.9,167372.0677
1782691200000,1571.0,1636.2,1549.3,1612.4,426374.8694
1782777600000,1612.3,1613.4,1549.9,1571.4,504183.1471
1782864000000,1571.4,1645.0,1552.0,1608.6,539371.2039
1782950400000,1608.9,1724.2,1596.6,1701.3,558884.2456
1783036800000,1701.2,1776.3,1695.2,1759.3,401626.1912
1783123200000,1759.3,1807.4,1744.8,1781.1,273779.5445
1783209600000,1781.2,1809.0,1749.5,1786.3,177339.2822
1783296000000,1786.2,1834.0,1729.6,1800.4,465076.6448
1783382400000,1800.5,1813.3,1757.8,1772.0,383313.0642
1783468800000,1771.4,1784.8,1713.0,1743.6,499805.0043
1783555200000,1743.6,1762.0,1722.0,1745.0,352288.0509
1783641600000,1745.1,1811.5,1737.5,1796.5,413192.1634
1783728000000,1796.4,1829.1,1786.3,1787.2,226305.1525
1783814400000,1787.2,1826.6,1778.8,1806.7,217753.2235
1783900800000,1806.6,1845.8,1750.5,1776.8,902782.5379999999
1783987200000,1776.9,1896.5,1773.7,1891.7,511868.339
1784073600000,1891.7,1946.5,1864.1,1918.3,424284.8732
1784160000000,1918.1,1929.4,1857.4,1865.1,466170.7956
1784246400000,1865.1,1871.4,1803.3,1841.6,409034.9939
1784332800000,1841.6,1867.1,1837.4,1863.0,175437.1561
1784419200000,1863.0,1879.2,1853.5,1872.2,158983.183
1784505600000,1872.2,1918.1,1843.0,1904.0,504267.158
1784592000000,1904.1,1952.0,1900.2,1929.5,412746.887
1784678400000,1929.5,1955.9,1910.4,1933.4,456352.9852
1784764800000,1933.5,1941.0,1868.1,1877.7,460315.4388
1784851200000,1877.8,1909.3,1847.0,1861.0,407329.0484
1784937600000,1860.7,1876.0,1850.4,1874.3,123616.4997
1785024000000,1874.3,1967.9,1873.5,1954.2,248041.7709
1785110400000,1954.3,1980.8,1881.6,1891.6,537552.5556
1785196800000,1891.5,1928.1,1856.3,1921.4,566861.9177
1785283200000,1921.3,1936.4,1874.1,1910.0,529937.3006
1785369600000,1910.0,1936.0,1893.4,1917.6,398638.153
1785456000000,1917.6,1935.4,1848.0,1861.6,489273.8336
1785542400000,1861.6,1874.4,1820.7,1843.9,202115.3214
1785628800000,1843.9,1898.6,1843.2,1884.6,283207.2357
1785715200000,1884.5,1885.4,1827.6,1859.4,344524.7553
1785801600000,1859.5,1881.1,1847.4,1869.4,418541.7662
1785888000000,1869.5,1927.0,1854.7,1908.1,507784.5536
1785974400000,1908.1,1918.9,1892.0,1903.0,366685.6848
1786060800000,1902.9,1939.4,1893.5,1913.1,541762.1596
1786147200000,1913.0,1925.8,1911.3,1916.0,93693.4263
1786233600000,1916.1,1937.5,1906.8,1909.9,122841.6341
1786320000000,1910.0,1930.6,1867.0,1872.5,423063.0234
1786406400000,1872.5,1896.7,1852.7,1882.0,338407.8606
1786492800000,1882.1,1924.3,1872.6,1879.5,339813.2466
1786579200000,1879.5,1899.5,1862.3,1885.4,387396.1719
1786665600000,1885.4,1890.6,1863.4,1881.2,261595.9057
1786752000000,1881.3,1885.6,1875.3,1882.3,81094.5465
1786838400000,1882.3,1891.3,1868.7,1875.6,158440.024
1786924800000,1875.6,1917.9,1871.8,1913.0,283004.2472
1787011200000,1912.9,1922.0,1884.8,1916.8,343093.9096
1787097600000,1916.9,2346.8,1905.3,2253.5,1933966.409
1787184000000,2252.9,2360.8,2224.0,2328.0,994377.9292
1787270400000,2328.1,2550.5,2325.9,2518.3,1514440.8373
1787356800000,2518.2,2533.8,2383.3,2423.4,777179.0821999999
1787443200000,2423.5,2487.0,2357.2,2464.4,647398.9048
1787529600000,2464.5,2534.0,2425.0,2482.3,789322.9705000001
1787616000000,2481.8,2532.5,2407.5,2441.6,735983.1334
1787702400000,2441.7,2514.9,2431.6,2506.0,503177.4562
1787788800000,2506.2,2566.4,2480.4,2510.1,642623.4658
1787875200000,2510.1,2533.8,2405.4,2442.3,546717.0922
1787961600000,2442.3,2459.6,2430.1,2457.3,123456.0696
1788048000000,2457.6,2536.7,2388.0,2417.5,512421.7491
1788134400000,2417.5,2490.0,2400.7,2468.0,486825.3103
1788220800000,2467.9,2485.8,2383.2,2418.9,415272.9231
1788307200000,2418.9,2429.5,2356.0,2391.6,470326.4187
1788393600000,2391.3,2529.4,2369.2,2508.1,545046.5432
1788480000000,2508.1,2545.9,2430.6,2455.4,523764.9945
1788566400000,2455.6,2493.0,2444.1,2479.9,133792.9255
1788652800000,2479.8,2525.8,2462.3,2515.1,272775.5425
1788739200000,2514.8,2536.0,2465.1,2489.2,315744.0461
1788825600000,2489.2,2507.4,2440.0,2484.4,423938.6134
1788912000000,2484.3,2523.0,2441.6,2467.2,513292.8165
1788998400000,2467.2,2483.9,2403.8,2437.1,469442.3212
1789084800000,2437.2,2666.2,2433.3,2515.4,1060793.5928
1789171200000,2515.5,2544.7,2507.5,2525.4,148314.1859
1789257600000,2525.4,2527.1,2460.4,2476.0,376024.6786
1789344000000,2475.9,2615.5,2464.7,2514.9,755882.0153
1789430400000,2514.5,2519.3,2356.6,2397.0,973784.5641
1789516800000,2397.1,2430.0,2366.9,2417.5,565795.7498
1789603200000,2417.7,2482.8,2413.0,2446.3,400609.2703
1789689600000,2446.4,2647.0,2435.8,2613.0,707990.2474
1789776000000,2612.9,2669.0,2603.7,2632.6,360088.9148
1789862400000,2632.5,2650.3,2562.9,2646.2,473216.5214
1789948800000,2646.2,2809.5,2642.2,2777.3,867819.3651000001
1790035200000,2777.3,2779.0,2716.2,2755.6,367493.9624
1790121600000,2755.6,2790.2,2636.0,2684.7,556293.0656
1790208000000,2684.7,2706.0,2626.9,2687.3,395677.0526
1790294400000,2687.3,2743.0,2667.4,2691.4,338335.8576
1790380800000,2691.4,2697.0,2663.2,2697.0,100502.6717
1790467200000,2696.9,2722.5,2668.6,2688.4,222166.4139
1790553600000,2688.3,2720.5,2634.5,2689.4,459700.2398
1790640000000,2689.5,2750.0,2652.3,2678.4,481890.5938
1790726400000,2678.5,2739.0,2657.8,2686.6,400818.7615
1790812800000,2686.5,2723.0,2673.3,2706.6,384660.7184
1790899200000,2706.6,2779.4,2651.0,2668.6,562147.4395
1790985600000,2668.7,2689.1,2666.0,2686.9,92746.0982
1791072000000,2686.9,2739.5,2686.2,2726.8,159699.8282
1791158400000,2726.8,2737.5,2678.8,2710.1,408671.7579
1791244800000,2710.1,2723.7,2682.9,2697.3,244211.0359
1791331200000,2697.4,2699.4,2537.6,2573.4,548426.6030999999
1791417600000,2573.3,2586.5,2406.7,2457.9,734737.3974
