t_ms,o,h,l,c,v
1733385600000,13.207,14.638,13.08,13.514,2053208.4399999999
1733400000000,13.538,13.732,12.3,12.825,1545740.8600000001
1733414400000,12.81,13.155,12.0,12.101,1129645.4399999999
1733428800000,12.114,13.0,11.3,12.724,2380229.3900000001
1733443200000,12.7,13.725,11.5,13.369,2145238.96
1733457600000,13.369,13.577,12.694,13.08,796426.51
1733472000000,13.097,13.4,12.424,12.67,722376.48
1733486400000,12.683,13.831,12.335,13.831,1287635.72
1733500800000,13.826,14.462,13.368,13.892,1520322.98
1733515200000,13.88,14.386,13.27,13.848,1045230.9300000001
1733529600000,13.848,15.054,13.55,14.902,902905.04
1733544000000,14.905,15.314,14.263,14.573,1310721.8799999999
1733558400000,14.548,15.0,14.177,14.334,712340.09
1733572800000,14.331,15.05,14.296,14.522,996159.4
1733587200000,14.533,14.913,13.835,14.722,1328470.6200000001
1733601600000,14.716,14.886,14.2,14.246,864666.7
1733616000000,14.23,14.451,13.564,14.191,1206472.4399999999
1733630400000,14.169,14.198,13.53,13.912,573688.2
1733644800000,13.912,14.036,13.516,13.941,528661.36
1733659200000,13.96,14.67,13.915,14.489,687275.17
1733673600000,14.489,14.702,13.882,13.915,713063.26
1733688000000,13.895,14.411,13.79,14.051,532480.16
1733702400000,14.056,14.463,13.52,13.664,872402.5600000001
1733716800000,13.666,13.967,12.534,13.514,2579418.1899999999
1733731200000,13.514,13.74,12.419,12.507,1604853.1399999999
1733745600000,12.507,13.547,12.3,12.616,1948232.79
1733760000000,12.64,13.432,12.4,12.73,1158292.27
1733774400000,12.73,13.84,12.064,13.598,3803019.1800000002
1733788800000,13.567,13.77,12.702,13.085,1018418.3
1733803200000,13.08,13.9,12.68,13.706,855563.8199999999
1733817600000,13.71,14.5,13.602,14.33,764562.03
1733832000000,14.333,14.443,13.035,13.036,1535956.79
1733846400000,13.036,13.732,12.627,13.231,2140996.1000000001
1733860800000,13.231,14.0,13.0,13.573,1010762.38
1733875200000,13.56,13.914,13.06,13.786,771192.97
1733889600000,13.817,13.945,13.33,13.536,653625.8100000001
1733904000000,13.549,14.412,13.537,14.248,569625.66
1733918400000,14.249,15.834,14.14,15.532,1980347.0
1733932800000,15.532,16.598,15.067,16.309,2327471.1200000001
1733947200000,16.32,16.584,15.83,16.144,888797.8100000001
1733961600000,16.17,16.652,15.62,16.383,1075392.8600000001
1733976000000,16.376,18.401,16.294,17.707,3080076.3399999999
1733990400000,17.729,18.384,17.519,17.832,1552334.6799999999
1734004800000,17.832,18.9,17.654,18.282,2186561.29
1734019200000,18.278,18.841,17.0,17.445,2434027.02
1734033600000,17.445,18.493,17.238,18.079,1509957.3400000001
1734048000000,18.08,18.214,17.248,17.826,1111661.53
1734062400000,17.826,17.843,16.972,17.345,1237210.1200000001
1734076800000,17.345,18.369,17.275,17.932,926109.71
1734091200000,17.953,18.1,17.254,17.945,1197113.55
1734105600000,17.959,19.71,17.41,19.466,2855193.1099999999
1734120000000,19.483,19.74,19.027,19.509,1241957.3100000001
1734134400000,19.51,22.353,19.05,20.958,2986854.8500000001
1734148800000,20.964,21.93,20.557,20.91,2084169.8200000001
1734163200000,20.914,21.857,20.075,20.528,1629845.3700000001
1734177600000,20.528,24.0,20.256,22.793,2659713.7799999998
1734192000000,22.743,23.65,22.0,22.939,794624.53
1734206400000,22.919,24.619,22.6,24.213,584930.92
1734220800000,24.212,25.469,23.179,24.058,2414171.2000000002
1734235200000,24.058,24.63,22.21,22.523,2064942.9099999999
1734249600000,22.523,24.053,21.348,21.9,2392022.2799999998
1734264000000,21.916,24.992,21.1,24.641,2394446.6000000001
1734278400000,24.64,25.2,23.4,23.609,1721965.1799999999
1734292800000,23.645,25.061,22.7,23.955,1759178.79
1734307200000,23.967,25.11,23.05,24.151,1799550.76
1734321600000,24.177,26.9,23.833,26.781,2128420.1200000001
1734336000000,26.781,27.4,25.44,25.901,2101696.4100000001
1734350400000,25.901,27.415,25.404,27.122,1787263.24
1734364800000,27.096,28.506,26.33,27.938,2056661.1299999999
1734379200000,27.94,28.698,27.064,27.32,1927078.6899999999
1734393600000,27.329,29.0,26.956,28.958,1663965.1899999999
1734408000000,28.961,29.0,27.618,27.78,1851148.3
1734422400000,27.797,28.738,27.46,27.75,1525124.1399999999
1734436800000,27.75,28.597,26.0,27.061,3727717.7999999998
1734451200000,27.051,27.641,25.474,26.798,2892443.6299999999
1734465600000,26.797,26.976,23.643,25.579,3399992.21
1734480000000,25.584,27.55,25.122,25.963,2590803.73
1734494400000,25.987,26.12,23.763,25.072,2234694.1499999999
1734508800000,25.072,27.5,25.07,26.663,1698330.1399999999
1734523200000,26.695,27.428,24.5,25.451,2436085.02
1734537600000,25.451,25.659,24.042,24.042,3017551.6200000001
1734552000000,24.049,26.25,22.716,23.251,6221181.3700000001
1734566400000,23.267,25.144,22.1,24.639,4585492.4900000002
1734580800000,24.592,25.657,24.088,25.657,1956067.28
1734595200000,25.657,27.23,24.579,27.106,2118054.8100000001
1734609600000,27.1,27.219,24.5,25.229,3325757.1499999999
1734624000000,25.231,25.507,22.75,24.052,5558806.9000000004
1734638400000,24.041,25.933,22.673,24.96,3787266.5899999999
1734652800000,24.952,25.462,23.382,24.927,2547162.8199999998
1734667200000,24.911,25.532,23.875,24.556,1952649.0700000001
1734681600000,24.555,24.69,22.962,23.295,3429666.8599999999
1734696000000,23.299,31.406,22.949,30.251,8146832.6600000001
1734710400000,30.254,31.97,29.237,29.585,4535599.79
1734724800000,29.585,30.975,28.35,29.81,2138808.7200000002
1734739200000,29.815,33.697,29.0,32.977,2720433.3399999999
1734753600000,32.962,35.27,32.1,34.22,3144738.5600000001
1734768000000,34.29,34.354,32.162,33.341,1917105.6799999999
1734782400000,33.305,33.62,31.325,32.455,2295197.1699999999
1734796800000,32.424,32.55,30.406,32.193,1962785.78
1734811200000,32.189,35.35,31.622,32.09,2746444.7200000002
1734825600000,32.088,35.15,32.027,34.573,2189188.7599999998
1734840000000,34.575,34.654,32.274,32.873,1649210.1100000001
1734854400000,32.866,34.744,32.825,33.923,1312492.8600000001
1734868800000,33.876,34.15,31.067,31.568,2426530.2799999998
1734883200000,31.558,31.87,27.79,27.889,4073283.4399999999
1734897600000,27.889,30.17,27.385,28.554,4503106.21
1734912000000,28.56,29.85,25.303,29.52,6453799.6399999997
1734926400000,29.52,29.768,25.92,28.229,4106949.1499999999
1734940800000,28.229,29.667,27.153,27.18,2504844.6499999999
1734955200000,27.181,27.781,25.27,27.043,3564833.8199999998
1734969600000,27.039,28.886,26.1,26.765,3894983.5299999998
1734984000000,26.753,29.939,26.5,28.632,2980538.48
1734998400000,28.634,30.365,27.465,29.335,2062699.1200000001
1735012800000,29.341,30.434,28.802,29.246,1541053.21
1735027200000,29.256,30.1,27.472,27.994,2199356.9199999999
1735041600000,27.985,30.4,27.58,30.361,2152281.8999999999
1735056000000,30.348,31.626,29.11,29.289,2432065.4399999999
1735070400000,29.264,30.6,28.55,29.857,1491020.78
1735084800000,29.859,30.475,29.2,29.538,839957.3
1735099200000,29.538,30.56,28.902,29.248,807843.14
1735113600000,29.267,29.748,28.0,28.123,1348108.55
1735128000000,28.118,28.768,26.5,26.932,2120093.6200000001
1735142400000,26.932,28.721,26.792,28.185,1368574.49
1735156800000,28.185,28.941,26.242,26.629,1998733.8999999999
1735171200000,26.635,26.959,25.696,26.569,1681959.4299999999
1735185600000,26.568,26.618,25.344,25.433,1298199.47
1735200000000,25.433,25.975,23.867,25.12,3298827.0899999999
1735214400000,25.105,26.077,24.2,24.889,2188651.5600000001
1735228800000,24.889,26.848,24.595,26.7,1708799.5800000001
1735243200000,26.723,27.238,25.753,27.218,1348229.28
1735257600000,27.22,28.107,26.674,27.193,2163358.7200000002
1735272000000,27.161,27.595,25.777,25.872,1196950.3
1735286400000,25.874,28.93,25.734,28.743,1795807.3400000001
1735300800000,28.716,28.794,26.637,27.563,1843445.9299999999
1735315200000,27.563,27.619,26.462,27.105,1171090.1299999999
1735329600000,27.105,27.261,26.183,27.119,928951.23
1735344000000,27.118,27.24,26.097,26.646,755731.04
1735358400000,26.656,26.891,25.9,25.939,644014.16
1735372800000,25.938,28.22,25.886,27.731,1259405.8400000001
1735387200000,27.731,29.0,27.113,28.345,1781670.3799999999
1735401600000,28.351,28.839,27.6,28.062,891496.54
1735416000000,28.045,29.35,27.842,29.291,892083.36
1735430400000,29.292,29.499,27.7,27.847,1072314.7
1735444800000,27.856,28.272,27.311,27.957,709760.5699999999
1735459200000,27.972,28.149,27.343,27.72,603118.89
1735473600000,27.72,28.193,27.13,27.387,907185.16
1735488000000,27.382,27.516,26.647,27.145,826542.59
1735502400000,27.157,27.779,26.7,27.49,800125.4
1735516800000,27.509,28.379,27.23,27.553,947807.2
1735531200000,27.552,28.11,27.045,27.917,744530.0699999999
1735545600000,27.93,29.333,27.567,28.015,2195066.25
1735560000000,28.025,28.419,26.71,27.192,1850987.54
1735574400000,27.189,27.697,26.51,27.069,1893276.26
1735588800000,27.07,27.6,26.668,26.99,868111.33
1735603200000,26.991,27.167,26.1,26.348,1090634.1599999999
1735617600000,26.363,26.591,25.568,25.947,926162.48
1735632000000,25.952,26.889,25.586,26.464,869974.78
1735646400000,26.467,27.067,25.939,26.125,1106749.3300000001
1735660800000,26.125,26.319,25.095,25.182,1606948.5900000001
1735675200000,25.17,25.213,22.958,24.062,3307455.5600000001
1735689600000,24.063,24.633,23.677,24.434,1826958.22
1735704000000,24.434,24.938,23.555,23.699,998443.3
1735718400000,23.699,24.773,23.328,24.62,1014857.28
1735732800000,24.634,24.891,24.0,24.82,798571.74
1735747200000,24.82,25.71,24.067,25.674,1008723.98
1735761600000,25.678,26.549,25.25,26.318,1870578.71
1735776000000,26.318,26.823,25.551,25.625,1142073.1499999999
1735790400000,25.625,26.516,25.561,25.843,784094.63
1735804800000,25.843,26.512,25.365,25.474,737385.5699999999
1735819200000,25.474,25.706,24.08,24.08,1282768.1200000001
1735833600000,24.08,24.638,23.1,23.237,2549015.3799999999
1735848000000,23.255,23.844,22.49,23.198,2002061.3200000001
1735862400000,23.198,24.038,22.829,23.827,840784.76
1735876800000,23.828,23.929,22.091,22.143,1848251.78
1735891200000,22.102,23.735,21.571,23.509,2613780.21
1735905600000,23.514,24.666,23.307,24.082,2188095.4500000002
1735920000000,24.111,24.811,23.5,23.876,1731415.98
1735934400000,23.878,24.5,23.029,24.49,1233679.9399999999
1735948800000,24.479,24.66,23.643,23.978,948816.73
1735963200000,23.97,23.984,23.262,23.449,428132.32
1735977600000,23.437,24.12,23.163,24.0,608374.65
1735992000000,23.978,24.405,23.484,23.552,854213.61
1736006400000,23.541,24.111,23.194,24.073,729592.38
1736020800000,24.056,25.5,23.94,25.058,2293940.7999999998
1736035200000,25.042,25.789,24.988,25.311,1418454.05
1736049600000,25.343,25.642,24.819,25.291,894601.52
1736064000000,25.3,25.456,24.455,25.42,888684.09
1736078400000,25.42,25.42,24.6,25.006,751436.33
1736092800000,24.976,25.19,24.3,24.41,1172367.5600000001
1736107200000,24.41,24.69,24.155,24.43,786328.05
1736121600000,24.43,24.966,24.07,24.806,800891.4300000001
1736136000000,24.806,25.15,24.569,24.787,674808.95
1736150400000,24.775,24.856,24.21,24.753,695155.54
1736164800000,24.762,25.975,24.745,25.905,2455463.9399999999
1736179200000,25.914,26.2,25.4,26.143,1746289.5800000001
1736193600000,26.143,26.195,25.05,25.24,1169172.76
1736208000000,25.232,26.086,25.161,25.736,1184078.53
1736222400000,25.751,26.301,25.4,26.027,978621.0600000001
1736236800000,26.027,26.125,25.123,25.321,712585.64
1736251200000,25.308,25.759,24.039,24.352,2284748.5699999998
1736265600000,24.357,24.801,22.76,23.027,3101885.2000000002
1736280000000,23.042,24.3,22.857,23.502,1884528.6499999999
1736294400000,23.502,23.888,21.533,21.838,2916148.0800000001
1736308800000,21.835,22.549,20.5,22.115,4113091.4700000002
1736323200000,22.144,22.427,21.156,21.432,1953532.5
1736337600000,21.434,22.18,20.64,21.222,1908282.0600000001
1736352000000,21.224,23.332,20.15,23.058,4210495.0700000003
1736366400000,23.058,23.954,22.412,22.501,2166251.6400000001
1736380800000,22.518,23.926,21.991,22.206,2002054.4399999999
1736395200000,22.203,22.575,20.272,20.388,2533454.2400000002
1736409600000,20.413,21.34,20.33,20.592,1700334.3400000001
1736424000000,20.58,21.118,18.974,20.64,5070241.4299999997
1736438400000,20.629,21.465,18.939,19.128,3746337.8300000001
1736452800000,19.128,20.538,18.889,20.304,2604719.4199999999
1736467200000,20.299,21.926,20.144,21.105,2617083.5600000001
1736481600000,21.118,22.198,20.7,21.811,1492733.79
1736496000000,21.821,22.094,21.241,21.725,910474.65
1736510400000,21.717,21.858,19.93,20.617,2776167.4399999999
1736524800000,20.616,21.536,19.751,21.065,2484911.3500000001
1736539200000,21.065,21.522,20.556,20.665,812472.91
1736553600000,20.665,20.843,20.12,20.36,607695.29
1736568000000,20.364,20.485,19.625,20.102,963472.64
1736582400000,20.102,20.515,19.6,20.287,844494.26
1736596800000,20.28,20.679,20.03,20.154,567235.54
1736611200000,20.145,20.45,19.85,20.189,763903.86
1736625600000,20.202,21.3,20.112,20.892,1310923.9099999999
1736640000000,20.883,21.039,20.326,20.389,335081.53
1736654400000,20.392,20.643,20.01,20.344,579547.59
1736668800000,20.358,21.41,20.29,21.405,819017.1
1736683200000,21.405,21.949,21.029,21.788,1209572.8700000001
1736697600000,21.788,21.989,21.253,21.565,662092.83
1736712000000,21.565,21.701,20.801,21.155,631928.71
1736726400000,21.156,23.346,20.888,21.243,3322395.0800000001
1736740800000,21.23,21.593,20.003,20.195,1425844.49
1736755200000,20.202,20.229,18.88,18.919,2574139.4700000002
1736769600000,18.913,20.8,18.81,20.405,3055312.5899999999
1736784000000,20.408,20.804,19.893,20.658,1324928.9099999999
1736798400000,20.671,21.969,20.514,21.66,1287528.3100000001
1736812800000,21.66,21.86,21.251,21.831,1019716.51
1736827200000,21.832,22.884,21.518,21.795,1393150.1799999999
1736841600000,21.795,23.235,21.656,22.77,1722973.1499999999
1736856000000,22.77,23.55,21.928,23.195,2483954.2599999998
1736870400000,23.186,23.197,22.357,22.406,1395262.23
1736884800000,22.393,23.02,22.316,22.988,922331.8199999999
1736899200000,22.987,23.05,22.422,22.7,1372938.1100000001
1736913600000,22.693,22.825,22.5,22.778,598934.58
1736928000000,22.769,22.839,22.116,22.465,1074074.8100000001
1736942400000,22.465,24.434,22.323,23.679,2901103.71
1736956800000,23.678,23.886,23.3,23.84,1461704.49
1736971200000,23.839,24.38,23.569,24.37,1330113.99
1736985600000,24.37,24.38,23.527,23.758,946668.1899999999
1737000000000,23.761,24.087,23.539,23.971,508502.75
1737014400000,23.971,24.02,23.342,23.875,736614.24
1737028800000,23.865,24.347,23.073,23.509,1714139.01
1737043200000,23.53,24.05,23.42,23.726,1052779.1100000001
1737057600000,23.726,23.824,23.15,23.507,1265117.8200000001
1737072000000,23.504,23.904,23.209,23.21,1134451.0800000001
1737086400000,23.21,23.849,23.2,23.652,620632.59
1737100800000,23.66,24.128,23.633,23.999,689206.97
1737115200000,24.0,24.115,23.11,23.231,2032213.6699999999
1737129600000,23.231,23.5,22.9,23.314,1206328.8200000001
1737144000000,23.313,23.7,23.02,23.133,1179107.8300000001
1737158400000,23.137,23.179,21.985,22.18,2714501.0899999999
1737172800000,22.159,23.024,21.116,21.766,3391664.3999999999
1737187200000,21.766,22.372,20.192,20.747,2718895.98
1737201600000,20.738,21.2,20.02,20.156,2029156.77
1737216000000,20.165,20.99,19.2,20.293,3719234.8199999998
1737230400000,20.307,22.12,20.17,22.016,1776626.21
1737244800000,22.032,22.288,20.95,20.95,1515359.9399999999
1737259200000,20.96,21.271,19.752,20.653,1869164.3899999999
1737273600000,20.655,22.6,19.41,22.359,3588869.6200000001
1737288000000,22.401,23.629,21.5,22.059,3874416.3700000001
1737302400000,22.059,23.782,22.05,23.095,2317796.46
1737316800000,23.095,23.76,19.293,20.432,5363001.5700000003
1737331200000,20.428,21.514,19.11,20.018,3859433.5800000001
1737345600000,20.031,21.96,19.856,21.919,2322654.3999999999
1737360000000,21.93,22.848,21.476,22.234,1643735.51
1737374400000,22.234,22.5,20.466,20.884,1650953.71
1737388800000,20.884,21.564,19.923,21.04,2657066.3900000001
1737403200000,21.032,21.058,20.013,20.575,834572.92
1737417600000,20.575,21.4,20.03,21.3,936845.23
1737432000000,21.298,21.923,20.571,21.608,1056452.76
1737446400000,21.606,23.162,21.431,22.893,1395451.0
1737460800000,22.876,24.111,22.076,23.667,2693645.6699999999
1737475200000,23.654,25.174,23.311,24.095,3509367.6699999999
1737489600000,24.088,24.35,22.84,23.178,1950167.2
1737504000000,23.183,25.2,23.0,25.194,1729522.5600000001
1737518400000,25.193,26.76,25.056,26.76,2291517.4900000002
1737532800000,26.76,27.053,25.617,25.777,1442747.1899999999
1737547200000,25.787,26.23,25.135,25.73,1098264.4299999999
1737561600000,25.722,26.5,25.45,25.632,954062.24
1737576000000,25.644,26.028,24.187,24.325,2023447.95
1737590400000,24.33,24.713,22.163,22.928,3447208.9900000002
1737604800000,22.928,23.75,22.1,23.705,1723983.3799999999
1737619200000,23.698,23.74,22.234,23.331,1694084.1599999999
1737633600000,23.331,24.438,22.415,23.575,3340040.1000000001
1737648000000,23.575,24.4,22.72,22.821,1954668.6000000001
1737662400000,22.822,25.364,21.5,21.978,4690469.1799999997
1737676800000,21.969,22.251,21.146,21.895,1803424.53
1737691200000,21.887,23.987,21.71,23.302,1895594.3400000001
1737705600000,23.298,24.027,23.0,24.017,1086663.8300000001
1737720000000,24.024,24.849,23.5,24.0,1726418.8600000001
1737734400000,24.0,25.008,23.709,24.667,1375794.6299999999
1737748800000,24.667,24.995,22.7,23.113,1755212.76
1737763200000,23.112,23.19,22.0,23.012,1887732.77
1737777600000,23.01,23.012,21.748,22.105,1174101.7
1737792000000,22.105,23.0,21.8,22.765,1075329.1200000001
1737806400000,22.757,23.528,22.381,23.303,1147947.1899999999
1737820800000,23.303,23.715,22.994,23.384,706040.5600000001
1737835200000,23.385,23.942,22.982,23.198,840395.09
1737849600000,23.2,24.8,23.023,24.174,1281116.74
1737864000000,24.159,24.9,23.6,23.966,1066714.1200000001
1737878400000,23.965,24.0,22.753,23.826,1102303.0
1737892800000,23.818,23.9,23.0,23.554,946842.99
1737907200000,23.553,24.211,23.335,23.653,803294.73
1737921600000,23.656,23.699,22.134,22.143,1411990.8500000001
1737936000000,22.135,22.637,20.667,21.011,3604762.6000000001
1737950400000,21.013,21.229,20.2,20.861,3069246.3500000001
1737964800000,20.861,21.65,20.456,21.203,1632894.3200000001
1737979200000,21.207,22.0,20.708,21.574,2210640.8700000001
1737993600000,21.574,21.962,20.807,21.267,1540568.0600000001
1738008000000,21.27,23.724,21.27,23.402,2637272.98
1738022400000,23.401,23.8,22.777,23.391,1250903.52
1738036800000,23.389,24.465,23.169,24.133,2301454.73
1738051200000,24.145,24.47,23.485,23.877,1553897.72
1738065600000,23.883,24.037,22.41,23.5,2289386.29
1738080000000,23.502,23.667,22.7,22.993,1613371.9099999999
1738094400000,22.992,23.048,21.55,22.291,1978597.71
1738108800000,22.291,22.8,21.959,22.504,711942.36
1738123200000,22.504,23.645,22.413,23.611,655557.96
1738137600000,23.612,23.639,22.705,23.036,1030386.91
1738152000000,23.036,23.36,22.46,22.937,1003605.74
1738166400000,22.936,23.65,21.981,23.414,2161506.02
1738180800000,23.422,24.4,23.101,23.759,2872558.4300000002
1738195200000,23.744,26.484,23.354,26.45,3235726.1400000001
1738209600000,26.45,26.785,25.57,25.991,2361895.21
1738224000000,25.984,26.598,25.304,26.333,1329354.8799999999
1738238400000,26.324,27.992,26.131,26.598,2943589.6099999999
1738252800000,26.593,27.423,26.526,27.112,1135224.6599999999
1738267200000,27.103,27.8,26.482,27.211,1507822.6399999999
1738281600000,27.211,27.88,26.105,26.411,1823925.98
1738296000000,26.411,27.319,25.7,26.677,1486848.1899999999
1738310400000,26.664,27.549,26.04,27.391,1128604.6599999999
1738324800000,27.373,28.153,26.55,28.133,2007534.71
1738339200000,28.15,28.334,26.533,27.146,2691284.6099999999
1738353600000,27.133,27.585,26.0,26.916,1816335.3700000001
1738368000000,26.927,27.4,25.836,26.149,1086002.49
1738382400000,26.132,26.492,25.521,26.227,875380.87
1738396800000,26.227,26.705,25.787,26.388,1363245.4199999999
1738411200000,26.393,27.784,26.207,27.477,1227828.3400000001
1738425600000,27.472,27.5,25.25,25.627,1495648.49
1738440000000,25.627,25.648,22.595,23.181,5738704.8399999999
1738454400000,23.181,24.389,21.63,22.18,3413583.2599999998
1738468800000,22.184,23.466,22.044,22.399,1574441.05
1738483200000,22.395,23.2,22.02,22.087,1363397.74
1738497600000,22.087,23.333,22.047,22.684,1532268.4299999999
1738512000000,22.685,22.702,20.666,21.918,4354550.1100000003
1738526400000,21.915,22.525,20.604,22.361,3058042.3999999999
1738540800000,22.361,23.943,19.937,22.55,8090049.2400000002
1738555200000,22.55,23.77,21.736,23.72,2720822.0800000001
1738569600000,23.722,23.727,22.712,23.072,1628998.24
1738584000000,23.073,25.89,22.078,25.007,4362178.2300000004
1738598400000,25.007,25.815,24.191,25.313,3049425.71
1738612800000,25.313,26.0,24.48,25.185,2695270.8700000001
1738627200000,25.187,26.06,24.582,25.113,1623239.0600000001
1738641600000,25.121,25.503,23.754,24.684,2512771.3300000001
1738656000000,24.685,25.835,24.081,25.212,1322266.1799999999
1738670400000,25.2,26.8,25.111,26.567,2244444.5800000001
1738684800000,26.592,26.788,25.378,25.378,1505289.98
1738699200000,25.401,25.924,24.332,25.141,3372300.29
1738713600000,25.143,25.732,24.695,25.409,1175568.79
1738728000000,25.397,26.729,25.185,26.653,1449471.8600000001
1738742400000,26.653,26.8,25.847,26.663,867163.36
1738756800000,26.663,27.433,26.239,27.062,2021015.2
1738771200000,27.065,27.129,25.584,25.704,1969122.3899999999
1738785600000,25.713,25.886,24.2,24.76,1676368.3899999999
1738800000000,24.766,25.917,24.302,25.55,1416301.6799999999
1738814400000,25.555,26.242,25.436,25.81,720841.61
1738828800000,25.826,26.014,25.116,25.498,662320.22
1738843200000,25.489,25.568,23.546,24.106,2094958.1699999999
1738857600000,24.102,24.716,23.641,24.044,1822434.1499999999
1738872000000,24.043,24.725,23.77,23.884,1275337.05
1738886400000,23.882,24.725,23.67,24.195,1401798.1599999999
1738900800000,24.194,24.495,23.238,23.299,883241.2
1738915200000,23.292,24.3,23.12,24.27,795002.74
1738929600000,24.269,25.209,23.554,23.77,1952336.28
1738944000000,23.776,23.889,22.864,23.293,1828715.1100000001
1738958400000,23.292,23.303,22.111,22.876,2140328.7400000002
1738972800000,22.87,23.182,22.583,22.954,662549.14
1738987200000,22.95,22.95,22.229,22.641,619768.46
1739001600000,22.63,23.151,22.485,23.001,660344.29
1739016000000,23.004,23.549,22.9,23.049,1043822.23
1739030400000,23.056,23.8,22.86,23.573,641891.87
1739044800000,23.576,23.875,23.296,23.434,487404.83
1739059200000,23.423,24.028,23.141,23.973,592140.8
1739073600000,23.98,24.059,23.42,23.618,346804.31
1739088000000,23.621,23.92,23.155,23.219,440875.44
1739102400000,23.219,23.459,22.7,23.168,737808.76
1739116800000,23.171,23.358,22.706,22.833,380140.66
1739131200000,22.833,23.148,22.1,22.979,1049758.6499999999
1739145600000,22.98,23.527,22.221,23.193,1237881.76
1739160000000,23.197,23.9,22.989,23.879,578220.3
1739174400000,23.879,24.126,23.741,24.045,559769.89
1739188800000,24.045,24.25,23.429,23.932,1156063.8999999999
1739203200000,23.93,24.012,23.627,23.953,643210.6899999999
1739217600000,23.957,24.154,23.153,23.344,748562.99
1739232000000,23.337,24.5,23.32,24.206,963572.35
1739246400000,24.208,24.828,24.178,24.582,554253.6899999999
1739260800000,24.594,24.9,24.491,24.856,484687.83
1739275200000,24.85,24.859,23.999,24.417,1133836.97
1739289600000,24.415,24.441,22.9,23.119,1382597.3799999999
1739304000000,23.118,23.698,22.965,23.497,851591.1899999999
1739318400000,23.496,23.538,23.1,23.179,327443.93
1739332800000,23.187,23.836,22.97,23.734,434745.13
1739347200000,23.734,23.895,23.502,23.854,406806.89
1739361600000,23.857,24.336,22.5,23.537,2234639.46
1739376000000,23.529,24.85,23.068,24.588,1928492.9099999999
1739390400000,24.604,25.848,24.458,25.839,1472468.99
1739404800000,25.834,25.867,25.25,25.468,949583.28
1739419200000,25.468,25.47,24.823,25.055,763885.63
1739433600000,25.055,25.82,24.632,25.498,1071358.9399999999
1739448000000,25.502,25.547,24.674,25.147,1400036.8100000001
1739462400000,25.131,25.64,24.6,25.609,1133805.3200000001
1739476800000,25.6,26.32,25.549,26.301,1122656.1000000001
1739491200000,26.301,26.631,25.977,26.355,1067036.1200000001
1739505600000,26.361,26.863,26.183,26.572,824694.04
1739520000000,26.583,27.387,26.32,27.252,1102327.3400000001
1739534400000,27.264,27.736,26.833,27.229,1335035.0800000001
1739548800000,27.223,28.524,26.845,27.08,2999795.4100000001
1739563200000,27.08,27.3,25.752,26.2,1377449.49
1739577600000,26.222,26.913,25.802,26.523,1083492.8
1739592000000,26.523,26.698,26.051,26.457,545835.0600000001
1739606400000,26.441,26.84,26.078,26.417,601012.37
1739620800000,26.417,26.694,25.95,26.089,620878.53
1739635200000,26.089,26.179,25.304,25.738,849454.62
1739649600000,25.744,26.197,25.498,25.744,509078.68
1739664000000,25.731,26.085,25.555,25.751,387110.82
1739678400000,25.752,26.447,25.633,25.942,627318.7
1739692800000,25.945,26.536,25.909,26.434,479928.15
1739707200000,26.431,26.582,25.702,26.249,527108.99
1739721600000,26.249,26.77,25.989,26.373,594672.05
1739736000000,26.373,26.964,26.216,26.814,676286.79
1739750400000,26.801,27.0,26.093,26.136,742932.35
1739764800000,26.149,26.15,25.354,25.477,1099695.8999999999
1739779200000,25.476,25.942,25.341,25.741,621425.3
1739793600000,25.736,26.47,25.435,25.528,1025162.46
1739808000000,25.528,25.64,24.853,25.5,1420378.3400000001
1739822400000,25.498,25.935,25.25,25.405,842576.78
1739836800000,25.406,25.749,25.33,25.719,434445.55
1739851200000,25.724,27.768,25.02,25.637,4750870.4699999997
1739865600000,25.637,26.008,23.754,23.953,3372247.2000000002
1739880000000,23.958,24.95,23.5,23.539,2760130.3799999999
1739894400000,23.538,23.907,22.309,23.621,3769644.6699999999
1739908800000,23.611,24.18,22.631,24.107,2265414.0600000001
1739923200000,24.105,24.379,23.441,24.105,1084519.1100000001
1739937600000,24.099,24.25,22.502,23.398,1697265.0600000001
1739952000000,23.385,23.525,22.7,23.458,1078230.1499999999
1739966400000,23.461,23.575,22.977,23.273,917919.49
1739980800000,23.266,24.188,23.235,23.918,1468898.96
1739995200000,23.934,24.568,23.742,24.069,1406346.74
1740009600000,24.069,24.859,23.997,24.683,818674.25
1740024000000,24.681,24.971,24.35,24.577,686329.4300000001
1740038400000,24.568,25.224,24.34,24.993,744225.27
1740052800000,24.986,25.163,23.96,24.056,1263819.8400000001
1740067200000,24.055,24.932,23.98,24.573,957016.89
1740081600000,24.573,24.96,24.081,24.479,1134626.6799999999
1740096000000,24.479,24.809,24.465,24.779,579722.11
1740110400000,24.779,25.3,24.759,24.848,669924.99
1740124800000,24.863,25.446,24.811,25.019,602393.58
1740139200000,25.019,25.493,23.677,25.272,2334239.73
1740153600000,25.272,26.0,23.742,24.207,3961757.8399999999
1740168000000,24.206,25.145,24.084,25.058,1328630.4099999999
1740182400000,25.047,25.188,24.601,24.832,635080.9300000001
1740196800000,24.832,24.858,24.381,24.434,397269.18
1740211200000,24.435,24.621,24.22,24.564,402210.39
1740225600000,24.563,24.775,24.491,24.658,477906.02
1740240000000,24.653,24.826,24.4,24.814,513853.76
1740254400000,24.824,25.062,24.73,24.741,364615.51
1740268800000,24.789,24.813,24.231,24.323,580845.46
1740283200000,24.325,24.476,24.106,24.408,432207.94
1740297600000,24.408,24.429,23.65,23.73,595561.6800000001
1740312000000,23.73,23.895,23.37,23.517,717019.83
1740326400000,23.536,23.98,23.35,23.566,662999.8199999999
1740340800000,23.57,23.609,22.8,23.164,986488.27
1740355200000,23.179,23.5,22.189,22.276,1626994.0900000001
1740369600000,22.28,22.4,21.36,21.584,2382900.6099999999
1740384000000,21.586,21.959,20.837,21.939,2031158.75
1740398400000,21.939,22.225,20.812,21.247,2267913.0699999998
1740412800000,21.248,21.833,20.5,20.593,1689320.2
1740427200000,20.593,20.942,19.835,19.902,3456948.7799999998
1740441600000,19.902,20.32,17.586,18.531,8102569.0899999999
1740456000000,18.51,19.382,17.774,18.713,4812118.3099999996
1740470400000,18.72,19.263,17.036,18.61,4825608.8499999996
1740484800000,18.61,19.85,18.03,19.567,3929560.3300000001
1740499200000,19.559,19.918,18.8,19.793,2584974.4300000002
1740513600000,19.787,20.846,19.7,20.219,2613296.96
1740528000000,20.219,21.479,20.052,20.754,2098761.4500000002
1740542400000,20.759,21.2,20.402,20.539,1328968.49
1740556800000,20.538,20.644,19.407,20.054,1397821.22
1740571200000,20.055,20.63,19.157,20.164,2240893.2599999998
1740585600000,20.164,20.403,18.534,18.74,2681339.1200000001
1740600000000,18.74,20.158,18.45,19.578,2738121.4500000002
1740614400000,19.58,20.886,19.569,20.221,1541596.02
1740628800000,20.221,20.954,19.827,20.759,1204134.48
1740643200000,20.759,21.23,20.382,20.761,929366.11
1740657600000,20.757,20.772,20.0,20.421,1211365.8200000001
1740672000000,20.417,20.668,19.844,20.205,932591.41
1740686400000,20.207,20.929,19.664,20.915,1445381.74
1740700800000,20.915,20.923,18.707,18.746,3423075.6899999999
1740715200000,18.745,19.436,18.5,19.023,2263135.48
1740729600000,19.019,19.838,18.87,19.512,1331086.4299999999
1740744000000,19.513,20.52,19.309,20.025,2325145.0299999998
1740758400000,20.024,20.116,19.05,19.782,1541067.0600000001
1740772800000,19.781,20.129,19.478,19.939,1156902.54
1740787200000,19.946,20.46,19.573,20.46,873620.97
1740801600000,20.459,20.501,19.852,20.02,868273.5600000001
1740816000000,20.017,20.211,18.948,19.328,934068.88
1740830400000,19.328,19.512,18.983,19.326,629392.8199999999
1740844800000,19.326,19.423,18.83,19.279,689008.14
1740859200000,19.279,19.659,19.185,19.599,385133.95
1740873600000,19.598,19.951,19.496,19.784,585687.3100000001
1740888000000,19.779,19.967,19.353,19.504,329798.67
1740902400000,19.506,19.775,19.213,19.214,391039.87
1740916800000,19.214,19.437,18.23,18.961,2656156.8399999999
1740931200000,18.964,21.014,18.819,20.235,4502230.4000000004
1740945600000,20.235,21.034,19.505,20.531,2621846.2599999998
1740960000000,20.538,21.099,19.701,20.094,2338555.04
1740974400000,20.095,20.593,19.146,19.446,1719483.47
1740988800000,19.446,19.528,18.965,19.358,1266361.8500000001
1741003200000,19.361,20.007,18.848,19.163,1880584.9099999999
1741017600000,19.158,19.29,17.437,17.814,3810661.3900000001
1741032000000,17.805,18.167,17.44,17.901,2075645.24
1741046400000,17.897,18.126,15.77,16.504,6169569.96
1741060800000,16.506,16.749,15.79,16.071,2307577.5600000001
1741075200000,16.071,16.693,15.361,16.247,3529291.1899999999
1741089600000,16.249,16.703,15.556,16.357,3634353.98
1741104000000,16.356,17.668,15.751,17.479,3006950.6200000001
1741118400000,17.478,17.726,16.724,17.1,1959535.0900000001
1741132800000,17.09,17.921,16.922,17.212,1829889.1200000001
1741147200000,17.206,17.286,16.551,17.138,1362526.76
1741161600000,17.138,17.902,17.034,17.353,1487466.73
1741176000000,17.352,17.726,16.756,16.848,1549013.1599999999
1741190400000,16.849,17.274,16.321,17.258,1600243.52
1741204800000,17.258,17.451,16.9,17.187,945314.66
1741219200000,17.187,17.4,16.697,17.177,846920.75
1741233600000,17.18,17.583,16.743,16.754,1272393.3
1741248000000,16.754,17.294,16.721,17.029,949593.64
1741262400000,17.029,17.07,15.861,16.129,2178428.0
1741276800000,16.129,16.221,14.997,15.333,4317402.71
1741291200000,15.339,15.693,15.11,15.387,2090497.49
1741305600000,15.389,16.464,14.612,15.723,5524254.4199999999
1741320000000,15.723,16.312,15.5,16.311,1093414.46
1741334400000,16.312,16.327,15.66,15.852,920096.85
1741348800000,15.851,16.293,15.313,15.547,3051053.6699999999
1741363200000,15.549,15.982,15.118,15.777,1704375.1399999999
1741377600000,15.777,16.005,15.025,15.128,1512477.4299999999
1741392000000,15.133,15.899,15.054,15.416,1129111.29
1741406400000,15.416,16.026,15.32,15.97,626456.4
1741420800000,15.969,16.005,15.559,15.6,542980.76
1741435200000,15.598,16.089,15.37,15.966,737630.33
1741449600000,15.963,15.98,15.473,15.792,731893.22
1741464000000,15.792,15.793,15.023,15.122,836225.88
1741478400000,15.122,15.5,15.048,15.49,514190.53
1741492800000,15.49,15.582,15.19,15.274,475437.48
1741507200000,15.273,15.306,14.823,14.94,804350.54
1741521600000,14.941,15.24,14.506,14.874,2519378.8900000001
1741536000000,14.871,15.126,14.4,15.053,2437818.7999999998
1741550400000,15.052,15.208,14.234,14.435,2127831.98
1741564800000,14.441,15.1,14.181,14.968,1423546.5
1741579200000,14.968,15.099,14.392,14.688,898077.35
1741593600000,14.691,15.164,14.262,15.128,1426235.5600000001
1741608000000,15.149,15.384,14.109,14.303,2943867.9100000001
1741622400000,14.301,14.325,13.25,14.043,4910091.6799999997
1741636800000,14.034,14.295,13.449,13.465,1962078.8799999999
1741651200000,13.473,14.081,13.0,13.926,3535246.8199999998
1741665600000,13.927,14.39,13.853,14.285,903449.55
1741680000000,14.285,14.648,14.154,14.36,1548635.51
1741694400000,14.36,14.429,13.433,14.331,2496083.3500000001
1741708800000,14.336,14.755,13.726,14.3,2662260.6499999999
1741723200000,14.3,14.352,13.617,13.795,1425533.3100000001
1741737600000,13.781,14.179,13.577,13.598,869550.08
1741752000000,13.599,13.854,13.427,13.848,1078779.9299999999
1741766400000,13.85,14.086,12.412,13.826,8679091.2699999996
1741780800000,13.825,14.244,12.533,12.971,4779985.0099999998
1741795200000,12.972,13.478,12.75,12.89,3136784.8999999999
1741809600000,12.89,13.365,12.749,13.178,1352170.0
1741824000000,13.178,13.7,12.902,13.258,1456261.4199999999
1741838400000,13.262,13.382,12.364,12.518,3519858.7999999998
1741852800000,12.527,12.846,12.181,12.513,2246196.3300000001
1741867200000,12.514,12.65,12.11,12.343,3492452.52
1741881600000,12.343,13.004,12.15,12.285,3015983.4900000002
1741896000000,12.293,12.672,12.096,12.33,1500420.45
1741910400000,12.335,12.897,12.293,12.78,1075126.97
1741924800000,12.782,13.7,12.768,13.7,1810287.1399999999
1741939200000,13.697,14.09,13.371,14.068,2427053.8700000001
1741953600000,14.062,14.365,13.618,14.285,2727863.0499999998
1741968000000,14.278,14.524,14.084,14.444,1611632.8400000001
1741982400000,14.446,14.446,13.75,13.798,1292672.8700000001
1741996800000,13.79,14.297,13.761,14.295,558616.41
1742011200000,14.295,14.735,14.057,14.379,1128015.9299999999
1742025600000,14.379,14.558,14.201,14.26,521964.46
1742040000000,14.262,14.77,14.25,14.54,882590.3
1742054400000,14.543,14.816,14.222,14.425,1022102.14
1742068800000,14.426,14.6,14.304,14.383,353422.82
1742083200000,14.39,14.418,13.877,14.114,592605.9399999999
1742097600000,14.112,14.116,13.622,13.812,961439.42
1742112000000,13.814,13.833,13.363,13.363,748663.29
1742126400000,13.362,13.57,13.2,13.376,1043708.77
1742140800000,13.367,13.62,13.061,13.128,1189392.1499999999
1742155200000,13.131,13.334,12.805,12.976,1016094.1800000001
1742169600000,12.976,13.583,12.955,13.508,939360.14
1742184000000,13.508,13.686,13.252,13.606,662806.48
1742198400000,13.602,14.057,13.502,13.968,1168765.04
1742212800000,13.97,14.008,13.477,13.689,1366980.3600000001
1742227200000,13.688,13.793,13.474,13.64,1273191.8799999999
1742241600000,13.643,13.663,13.13,13.255,813932.99
1742256000000,13.259,13.28,12.879,13.2,1256827.0600000001
1742270400000,13.202,13.41,12.884,13.341,866199.01
1742284800000,13.342,13.49,13.196,13.349,834506.08
1742299200000,13.343,13.404,12.993,13.228,948722.27
1742313600000,13.23,13.579,13.197,13.496,624728.64
1742328000000,13.503,14.34,13.33,14.179,1518249.3
1742342400000,14.171,14.55,13.791,13.965,1433846.6499999999
1742356800000,13.962,14.466,13.88,14.305,687921.29
1742371200000,14.304,15.156,14.304,15.141,2956218.2999999998
1742385600000,15.146,15.395,14.782,15.089,2469339.4700000002
1742400000000,15.101,15.268,14.396,15.006,3289049.4399999999
1742414400000,15.006,15.787,14.983,15.61,1789519.4399999999
1742428800000,15.617,15.799,14.889,14.968,1534756.6299999999
1742443200000,14.971,15.029,14.667,14.866,902543.64
1742457600000,14.867,15.117,14.495,14.823,1024687.91
1742472000000,14.825,15.15,14.526,14.604,1163582.8300000001
1742486400000,14.606,14.683,13.939,14.347,2151111.9300000002
1742500800000,14.347,14.42,13.94,14.145,748667.35
1742515200000,14.144,14.542,14.133,14.429,532896.8100000001
1742529600000,14.423,14.556,14.11,14.233,511301.85
1742544000000,14.233,14.374,14.03,14.217,875652.62
1742558400000,14.213,14.535,13.871,14.334,1619065.76
1742572800000,14.339,15.401,14.304,15.26,1932034.4399999999
1742587200000,15.259,15.924,15.158,15.913,2070101.1799999999
1742601600000,15.914,16.0,15.418,15.852,1497101.3100000001
1742616000000,15.847,16.479,15.778,16.069,1649095.7
1742630400000,16.062,16.726,15.992,16.052,1323793.3899999999
1742644800000,16.056,16.174,15.707,15.772,941412.23
1742659200000,15.77,15.985,15.619,15.928,501448.34
1742673600000,15.928,16.15,15.516,15.572,874314.96
1742688000000,15.575,15.983,15.5,15.822,693661.38
1742702400000,15.821,16.154,15.587,16.043,453629.79
1742716800000,16.048,16.329,15.691,16.178,733230.84
1742731200000,16.178,16.263,15.628,15.684,898682.4399999999
1742745600000,15.684,15.827,15.45,15.747,718684.5699999999
1742760000000,15.756,16.317,15.722,16.309,659979.67
1742774400000,16.308,16.669,15.718,16.52,1417915.3899999999
1742788800000,16.524,17.061,16.516,16.585,1366650.6899999999
1742803200000,16.585,17.205,16.584,17.167,826914.2
1742817600000,17.163,17.35,16.312,16.964,2729167.7799999998
1742832000000,16.96,17.197,16.582,17.034,1328957.8100000001
1742846400000,17.031,17.168,16.383,16.764,978381.5
1742860800000,16.764,17.005,16.1,16.127,1115624.26
1742875200000,16.127,16.24,15.865,16.192,1124179.3799999999
1742889600000,16.188,16.575,16.12,16.503,588671.42
1742904000000,16.508,16.862,16.385,16.418,1284549.3
1742918400000,16.415,16.485,15.961,16.252,1256226.3600000001
1742932800000,16.259,16.454,15.884,16.028,1032162.91
1742947200000,16.026,16.403,15.6,15.683,1592332.8500000001
1742961600000,15.683,16.113,15.468,16.071,1463600.3500000001
1742976000000,16.069,16.307,15.96,16.22,562958.08
1742990400000,16.217,16.26,12.492,14.472,27852423.3000000007
1743004800000,14.478,15.061,13.474,13.938,7005876.8099999996
1743019200000,13.944,14.5,13.619,14.065,3250695.4100000001
1743033600000,14.066,14.99,13.981,14.758,1992286.53
1743048000000,14.761,14.857,14.344,14.473,1070325.0800000001
1743062400000,14.473,14.781,14.263,14.446,967815.58
1743076800000,14.444,14.656,14.02,14.392,1728999.9199999999
1743091200000,14.393,14.589,14.254,14.406,1128347.5600000001
1743105600000,14.409,15.156,14.38,14.614,1886620.1200000001
1743120000000,14.612,14.914,14.38,14.419,1021556.3199999999
1743134400000,14.414,14.485,13.511,13.651,2700671.8199999998
1743148800000,13.638,13.967,13.494,13.951,1402943.1899999999
1743163200000,13.948,14.027,13.516,13.725,2070262.1699999999
1743177600000,13.725,13.806,13.055,13.317,2905737.6800000002
1743192000000,13.298,13.444,13.01,13.416,1614379.3999999999
1743206400000,13.415,13.6,13.033,13.139,1135496.47
1743220800000,13.138,13.205,12.62,12.735,1746861.1799999999
1743235200000,12.735,12.922,12.358,12.567,1854504.3600000001
1743249600000,12.55,12.995,12.526,12.983,1509746.4099999999
1743264000000,12.984,13.093,12.474,12.798,1483714.55
1743278400000,12.8,12.826,12.507,12.807,595059.79
1743292800000,12.807,12.981,12.61,12.83,632313.1800000001
1743307200000,12.829,13.014,12.532,12.541,787528.38
1743321600000,12.54,12.691,12.289,12.622,1295480.5600000001
1743336000000,12.624,12.731,12.354,12.533,1250739.6699999999
1743350400000,12.534,12.784,12.301,12.577,1358793.8899999999
1743364800000,12.576,12.602,12.198,12.486,1131540.5800000001
1743379200000,12.487,12.63,12.198,12.365,1166514.3300000001
1743393600000,12.367,12.65,12.278,12.487,502717.58
1743408000000,12.487,12.942,12.453,12.761,1056745.22
1743422400000,12.762,13.371,12.411,13.099,2438690.3500000001
1743436800000,13.099,13.48,13.065,13.085,1669399.6499999999
1743451200000,13.086,13.203,12.935,13.006,569872.16
1743465600000,13.006,13.66,12.954,13.581,877057.52
1743480000000,13.587,13.802,13.332,13.471,1074774.1399999999
1743494400000,13.471,13.899,13.402,13.499,1384323.8999999999
1743508800000,13.501,13.969,13.094,13.8,2077722.9199999999
1743523200000,13.8,13.87,13.074,13.258,1566234.6200000001
1743537600000,13.258,13.481,13.107,13.327,645008.4399999999
1743552000000,13.327,13.375,13.008,13.171,710401.03
1743566400000,13.171,13.291,12.949,13.176,581470.54
1743580800000,13.179,13.783,13.138,13.706,1188920.8799999999
1743595200000,13.705,14.461,13.189,14.242,3291363.3599999999
1743609600000,14.247,14.289,13.5,13.747,1635724.8500000001
1743624000000,13.743,14.246,11.68,11.772,6668068.0099999998
1743638400000,11.771,12.609,11.646,12.389,2440227.6800000002
1743652800000,12.39,12.622,11.758,11.942,1808171.1899999999
1743667200000,11.942,12.044,11.178,11.286,2741553.6200000001
1743681600000,11.282,11.562,11.041,11.478,4281404.5999999996
1743696000000,11.484,11.579,11.25,11.503,1961548.47
1743710400000,11.503,11.876,11.418,11.707,1350544.71
1743724800000,11.708,11.977,11.602,11.777,1008557.15
1743739200000,11.778,11.883,11.452,11.836,1223240.71
1743753600000,11.836,12.068,11.084,11.319,2392945.3300000001
1743768000000,11.321,11.812,11.057,11.453,3840534.1099999999
1743782400000,11.454,12.2,11.3,12.158,2912074.3500000001
1743796800000,12.134,12.4,11.839,11.886,1712039.0900000001
1743811200000,11.889,12.198,11.805,11.838,658019.6899999999
1743825600000,11.832,12.09,11.72,11.821,564567.11
1743840000000,11.823,12.104,11.746,11.934,450804.56
1743854400000,11.934,11.989,11.42,11.538,1281298.48
1743868800000,11.537,11.832,11.493,11.749,761523.21
1743883200000,11.749,12.054,11.699,12.046,503855.28
1743897600000,12.047,12.092,11.691,11.691,649753.21
1743912000000,11.698,11.812,11.553,11.584,639687.65
1743926400000,11.584,11.607,11.32,11.428,692532.39
1743940800000,11.428,11.559,11.07,11.431,1805289.54
1743955200000,11.432,11.435,10.21,10.634,5318198.2800000003
1743969600000,10.634,10.713,10.001,10.261,3330364.0800000001
1743984000000,10.26,10.886,9.716,10.363,4786998.5499999998
1743998400000,10.358,10.421,9.3061,9.933,4286576.9500000002
1744012800000,9.9371,10.421,9.9,10.293,2108178.8300000001
1744027200000,10.292,11.562,10.141,11.08,6883164.4400000004
1744041600000,11.079,11.623,10.594,11.376,3713620.77
1744056000000,11.38,11.932,11.371,11.494,1723802.77
1744070400000,11.493,12.703,11.407,12.39,3261084.9900000002
1744084800000,12.388,12.543,11.782,11.998,1674198.73
1744099200000,11.997,12.253,11.7,12.21,1788640.3
1744113600000,12.211,12.31,11.487,11.577,2336761.7400000002
1744128000000,11.576,11.577,10.7,11.246,3705571.9900000002
1744142400000,11.246,11.433,10.982,11.22,1315453.2
1744156800000,11.221,12.263,11.078,11.63,3426837.0499999998
1744171200000,11.627,12.5,11.573,12.43,2393086.7200000002
1744185600000,12.431,12.815,11.93,12.138,2332954.0699999998
1744200000000,12.137,13.081,11.921,12.92,3719370.3199999998
1744214400000,12.915,14.419,12.737,13.886,7592027.1100000003
1744228800000,13.884,14.226,13.5,13.57,1785567.47
1744243200000,13.57,13.913,13.246,13.361,1840664.6399999999
1744257600000,13.361,13.835,13.221,13.823,1189316.8799999999
1744272000000,13.823,14.45,13.706,14.148,1876379.8500000001
1744286400000,14.141,14.5,13.3,13.354,3114313.4900000002
1744300800000,13.364,14.22,13.1,14.031,2352263.6299999999
1744315200000,14.032,14.472,13.993,14.16,1505632.0800000001
1744329600000,14.157,14.993,13.744,14.934,2530252.7400000002
1744344000000,14.93,15.523,14.834,15.349,1987856.5800000001
1744358400000,15.35,15.473,14.865,14.865,1454528.98
1744372800000,14.871,15.362,14.785,15.026,1815220.54
1744387200000,15.027,15.836,14.961,15.743,2478650.8799999999
1744401600000,15.743,16.009,15.467,15.673,2204928.25
1744416000000,15.671,15.671,15.129,15.305,1150468.73
1744430400000,15.303,15.916,15.12,15.804,759446.67
1744444800000,15.809,15.966,15.472,15.506,689671.4300000001
1744459200000,15.504,16.309,15.222,15.953,2652776.5499999998
1744473600000,15.954,16.481,15.764,16.477,1781308.1200000001
1744488000000,16.478,16.778,16.218,16.352,1541913.1100000001
1744502400000,16.347,16.832,16.067,16.222,1300590.3799999999
1744516800000,16.219,16.476,15.892,15.99,793583.6800000001
1744531200000,15.99,16.415,15.899,16.415,631183.09
1744545600000,16.415,16.435,15.252,15.492,1920521.55
1744560000000,15.492,16.289,15.462,15.559,1592967.0700000001
1744574400000,15.561,15.711,14.977,15.404,2022099.3700000001
1744588800000,15.405,16.162,15.3,15.56,1782073.72
1744603200000,15.558,16.108,15.558,15.938,1248604.1100000001
1744617600000,15.95,15.994,15.5,15.92,643209.66
1744632000000,15.92,16.359,15.549,15.609,1815963.8700000001
1744646400000,15.604,16.009,15.3,15.68,1691154.3300000001
1744660800000,15.695,15.895,15.442,15.733,809100.8199999999
1744675200000,15.734,16.4,15.578,16.3,981935.5
1744689600000,16.294,16.392,16.021,16.388,630680.97
1744704000000,16.386,16.596,15.91,16.067,799070.46
1744718400000,16.059,16.439,15.51,15.7,1513903.79
1744732800000,15.701,15.781,15.131,15.168,1246863.5900000001
1744747200000,15.169,15.425,14.971,15.025,996891.79
1744761600000,15.027,15.326,14.888,15.274,868294.05
1744776000000,15.27,15.321,14.779,14.818,912578.6899999999
1744790400000,14.818,15.317,14.64,15.271,960870.2
1744804800000,15.273,16.124,15.12,15.843,1910608.99
1744819200000,15.843,16.032,15.217,15.745,2134191.79
1744833600000,15.746,16.248,15.682,15.737,1757439.05
1744848000000,15.737,16.184,15.483,15.618,1170043.3100000001
1744862400000,15.618,16.562,15.576,16.442,1254971.5900000001
1744876800000,16.442,16.75,16.25,16.588,1035657.14
1744891200000,16.587,16.75,15.927,16.52,1634523.1499999999
1744905600000,16.521,17.0,16.287,16.529,2360974.8399999999
1744920000000,16.519,17.226,16.501,17.149,2143595.9300000002
1744934400000,17.148,17.44,16.8,17.127,1674556.1599999999
1744948800000,17.125,17.179,16.666,16.961,1026518.25
1744963200000,16.962,17.067,16.382,16.596,903472.04
1744977600000,16.598,16.821,16.399,16.424,911258.84
1744992000000,16.426,17.019,16.315,16.793,1128131.45
1745006400000,16.793,17.199,16.699,17.056,647201.53
1745020800000,17.056,17.529,16.69,17.529,1127059.8100000001
1745035200000,17.508,18.242,17.431,18.169,1881589.5
1745049600000,18.17,18.199,17.86,17.947,807068.27
1745064000000,17.949,18.2,17.7,18.0,1000272.42
1745078400000,18.0,18.145,17.52,17.787,1008850.9300000001
1745092800000,17.787,18.103,17.665,18.088,466318.4
1745107200000,18.088,18.489,18.0,18.47,820810.5
1745121600000,18.468,18.493,17.662,17.734,990188.79
1745136000000,17.641,17.757,17.396,17.523,575950.46
1745150400000,17.523,17.84,17.098,17.278,1046191.05
1745164800000,17.277,17.711,17.212,17.664,571045.35
1745179200000,17.663,17.847,17.251,17.598,844789.67
1745193600000,17.597,18.45,17.592,17.885,1675197.77
1745208000000,17.888,18.399,17.786,18.292,730009.98
1745222400000,18.303,18.456,17.809,17.894,855624.0699999999
1745236800000,17.891,18.288,17.69,18.043,1209368.0800000001
1745251200000,18.042,18.063,17.214,17.857,1538697.9399999999
1745265600000,17.858,18.241,17.8,18.198,779235.26
1745280000000,18.198,18.698,17.83,18.579,1365529.6699999999
1745294400000,18.579,18.696,18.064,18.273,900185.3
1745308800000,18.274,18.497,18.08,18.495,728367.11
1745323200000,18.495,18.907,18.369,18.555,2275171.8500000001
1745337600000,18.555,18.87,18.351,18.832,1134914.75
1745352000000,18.824,19.285,18.557,19.205,1792444.95
1745366400000,19.205,19.236,18.586,19.069,1358701.03
1745380800000,19.07,19.2,18.711,18.942,1359516.45
1745395200000,18.941,19.111,18.723,18.828,999934.62
1745409600000,18.828,19.1,18.139,18.507,2615839.21
1745424000000,18.509,18.8,18.0,18.386,1956192.8799999999
1745438400000,18.386,18.65,18.154,18.447,890890.29
1745452800000,18.449,18.62,18.001,18.016,1182885.26
1745467200000,18.016,18.314,17.9,17.929,547218.34
1745481600000,17.929,18.217,17.698,17.822,1154255.1499999999
1745496000000,17.826,18.304,17.706,18.216,1157601.3
1745510400000,18.216,19.072,17.921,18.917,1900948.97
1745524800000,18.918,18.985,18.35,18.776,1085454.0
1745539200000,18.776,19.093,18.482,18.657,1020736.92
1745553600000,18.655,18.85,18.497,18.838,749157.58
1745568000000,18.843,19.062,18.764,19.048,656836.35
1745582400000,19.048,19.191,18.5,18.531,1585294.7
1745596800000,18.529,18.61,18.171,18.308,1089065.3
1745611200000,18.306,18.428,18.15,18.407,429834.06
1745625600000,18.407,18.461,17.961,18.398,771056.77
1745640000000,18.398,18.424,17.936,18.099,686489.11
1745654400000,18.098,18.349,17.61,17.675,740812.64
1745668800000,17.675,17.88,17.475,17.803,932986.37
1745683200000,17.802,17.963,17.68,17.878,779388.97
1745697600000,17.878,18.279,17.747,17.916,786286.16
1745712000000,17.916,18.25,17.602,17.699,1076419.3400000001
1745726400000,17.7,17.834,17.324,17.521,808380.66
1745740800000,17.52,17.65,17.47,17.598,305487.32
1745755200000,17.598,18.038,17.436,17.986,1063528.6100000001
1745769600000,17.989,17.99,17.648,17.698,489123.64
1745784000000,17.698,17.771,17.322,17.383,506710.63
1745798400000,17.384,17.761,16.75,17.593,1966051.4399999999
1745812800000,17.594,18.394,17.591,18.258,1039457.65
1745827200000,18.263,18.598,18.238,18.262,1015965.41
1745841600000,18.262,18.369,17.188,17.514,1796740.6200000001
1745856000000,17.514,17.857,17.238,17.722,1463748.3500000001
1745870400000,17.732,18.744,17.508,18.682,3160431.73
1745884800000,18.683,19.2,18.15,18.659,2390215.0899999999
1745899200000,18.66,18.993,18.265,18.91,958729.3100000001
1745913600000,18.914,19.008,18.715,18.84,967928.09
1745928000000,18.839,18.969,18.563,18.879,766981.17
1745942400000,18.879,19.089,18.649,19.067,878707.51
1745956800000,19.066,19.165,18.174,18.613,2056350.9399999999
1745971200000,18.608,18.659,18.199,18.556,726250.76
1745985600000,18.559,18.577,18.227,18.396,518777.73
1746000000000,18.398,18.774,18.368,18.774,371995.89
1746014400000,18.77,18.804,17.604,18.341,2487352.6800000002
1746028800000,18.341,18.923,18.135,18.806,1758599.72
1746043200000,18.801,20.17,18.745,20.028,2864141.1800000002
1746057600000,20.028,20.299,19.223,19.36,3978086.75
1746072000000,19.356,19.929,19.259,19.916,1202000.4099999999
1746086400000,19.916,20.089,19.725,20.015,1106758.24
1746100800000,20.015,21.176,19.988,20.263,4325430.0999999996
1746115200000,20.263,20.469,19.918,20.269,1386242.26
1746129600000,20.272,20.419,19.731,19.937,1290503.51
1746144000000,19.933,20.643,19.883,20.594,967513.2
1746158400000,20.594,20.7,19.981,20.192,869034.1
1746172800000,20.195,20.525,20.1,20.155,534218.8
1746187200000,20.155,21.17,20.145,21.154,1499985.0900000001
1746201600000,21.156,21.437,20.753,20.927,1688546.4299999999
1746216000000,20.927,21.149,20.726,20.812,641289.13
1746230400000,20.813,20.907,20.5,20.74,560412.75
1746244800000,20.741,20.832,20.53,20.575,317700.42
1746259200000,20.578,20.706,20.192,20.337,550355.16
1746273600000,20.338,20.931,20.338,20.673,786811.3
1746288000000,20.672,21.539,19.951,21.261,2558768.2400000002
1746302400000,21.266,21.44,20.886,20.948,819721.0600000001
1746316800000,20.944,21.224,20.468,20.584,623077.96
1746331200000,20.584,20.93,20.494,20.558,540403.77
1746345600000,20.558,20.899,20.369,20.884,463738.66
1746360000000,20.886,21.026,20.7,20.717,556862.4399999999
1746374400000,20.714,20.81,20.243,20.25,731146.62
1746388800000,20.263,20.526,19.7,19.894,1616953.3300000001
1746403200000,19.893,20.432,19.791,20.41,1103476.0800000001
1746417600000,20.41,20.757,20.281,20.678,614111.78
1746432000000,20.67,20.699,19.97,20.023,823143.53
1746446400000,20.022,20.266,19.824,20.032,994356.51
1746460800000,20.03,20.425,19.94,20.226,612346.4
1746475200000,20.225,20.465,19.91,20.293,892742.66
1746489600000,20.292,20.561,19.972,20.223,589682.49
1746504000000,20.223,20.303,20.047,20.123,503295.37
1746518400000,20.122,20.151,19.583,19.665,1061910.6599999999
1746532800000,19.669,20.631,19.538,20.533,2745331.4399999999
1746547200000,20.534,20.8,20.201,20.631,1185377.27
1746561600000,20.631,21.145,20.167,20.951,1572586.4399999999
1746576000000,20.957,21.307,20.686,20.737,1155564.28
1746590400000,20.737,21.246,20.662,21.19,627202.95
1746604800000,21.19,21.437,21.087,21.395,1034444.75
1746619200000,21.396,21.439,21.01,21.08,1154258.3400000001
1746633600000,21.08,21.26,20.757,20.81,1419983.1399999999
1746648000000,20.809,21.231,20.749,21.042,841042.02
1746662400000,21.044,21.479,20.798,21.457,1288139.78
1746676800000,21.456,21.88,21.112,21.758,1614532.71
1746691200000,21.763,22.079,21.501,21.555,1572284.76
1746705600000,21.555,22.089,21.34,21.896,1926732.8100000001
1746720000000,21.898,22.103,21.792,21.943,2079746.52
1746734400000,21.943,23.571,21.911,23.331,4051291.5299999998
1746748800000,23.332,24.25,22.913,23.562,1894307.78
1746763200000,23.56,25.224,23.5,24.76,2603982.4399999999
1746777600000,24.778,25.75,24.303,24.846,2797226.4500000002
1746792000000,24.846,25.498,24.231,24.831,3365168.7400000002
1746806400000,24.831,25.2,24.431,25.2,1246919.6599999999
1746820800000,25.2,25.306,24.639,24.734,1372171.3899999999
1746835200000,24.734,25.08,24.419,24.507,1584226.1399999999
1746849600000,24.507,25.519,24.318,25.35,1458013.5700000001
1746864000000,25.349,25.733,25.056,25.24,2824621.0899999999
1746878400000,25.239,25.65,24.905,24.949,3162245.4199999999
1746892800000,24.946,25.552,24.881,25.339,2964535.04
1746907200000,25.339,26.337,25.229,26.262,3954113.9900000002
1746921600000,26.262,26.549,25.171,25.269,2314673.8999999999
1746936000000,25.268,25.601,23.65,23.984,2528550.9500000002
1746950400000,23.982,25.0,23.922,24.905,1355985.8500000001
1746964800000,24.898,25.062,23.8,23.98,1676149.05
1746979200000,23.983,25.227,23.87,24.47,1861063.99
1746993600000,24.47,25.32,24.467,24.887,1096794.78
1747008000000,24.887,25.203,24.149,24.692,1778264.97
1747022400000,24.692,25.726,24.5,24.873,1730603.8500000001
1747036800000,24.873,25.639,24.606,24.69,1849986.54
1747051200000,24.689,25.437,24.476,24.507,2037852.24
1747065600000,24.506,24.739,23.291,24.33,2103648.5899999999
1747080000000,24.33,25.079,24.168,24.845,877750.1800000001
1747094400000,24.846,24.853,23.417,23.585,1386139.3700000001
1747108800000,23.582,24.671,23.51,24.671,1138155.5
1747123200000,24.67,25.197,24.649,25.037,1423564.75
1747137600000,25.035,25.629,24.64,25.245,1917073.26
1747152000000,25.245,26.45,25.16,26.298,2070845.1299999999
1747166400000,26.299,26.412,25.72,25.814,1187069.1100000001
1747180800000,25.814,26.0,25.335,25.603,1030620.0600000001
1747195200000,25.603,26.2,25.439,25.833,780922.03
1747209600000,25.829,25.939,25.109,25.486,1160355.6200000001
1747224000000,25.49,25.76,25.12,25.661,1295044.97
1747238400000,25.661,25.723,24.629,25.097,1591085.6799999999
1747252800000,25.099,25.249,24.874,25.189,641672.24
1747267200000,25.189,25.56,24.784,24.816,878154.45
1747281600000,24.816,25.029,24.253,24.291,796672.87
1747296000000,24.29,25.039,24.251,24.87,1214028.8999999999
1747310400000,24.871,25.323,24.409,25.314,1260104.02
1747324800000,25.317,26.05,25.127,25.563,1651290.8500000001
1747339200000,25.563,26.21,25.394,26.134,1116703.04
1747353600000,26.135,27.211,25.737,26.932,2337604.9399999999
1747368000000,26.928,26.96,26.423,26.716,1279502.5900000001
1747382400000,26.715,27.044,26.24,26.812,1393240.6499999999
1747396800000,26.812,27.759,26.507,27.754,2367240.7400000002
1747411200000,27.753,28.25,27.401,27.845,2539642.3300000001
1747425600000,27.836,27.9,26.767,26.818,1746724.1399999999
1747440000000,26.814,27.436,26.283,27.43,1568017.6299999999
1747454400000,27.43,27.719,26.601,26.641,974256.38
1747468800000,26.64,27.55,26.472,27.265,906191.64
1747483200000,27.265,27.313,26.181,26.361,1532424.3400000001
1747497600000,26.359,26.513,25.753,25.8,1356519.4199999999
1747512000000,25.8,26.089,25.649,25.85,1200990.95
1747526400000,25.85,26.512,25.824,26.359,698582.14
1747540800000,26.359,27.202,26.264,26.988,1042422.4300000001
1747555200000,26.99,27.129,26.548,26.88,689979.83
1747569600000,26.88,27.32,26.723,27.042,927727.41
1747584000000,27.037,27.128,25.912,26.098,1869218.45
1747598400000,26.1,27.275,25.824,27.096,1489223.6200000001
1747612800000,27.095,27.309,25.858,25.883,1484001.2
1747627200000,25.882,26.244,25.262,26.059,2031291.45
1747641600000,26.058,26.258,25.245,25.455,1163955.04
1747656000000,25.455,26.3,25.0,25.768,2449612.1099999999
1747670400000,25.768,26.556,25.6,26.556,1688518.1000000001
1747684800000,26.537,26.81,26.115,26.522,1194313.52
1747699200000,26.523,27.011,26.24,26.608,1406179.25
1747713600000,26.608,26.727,26.335,26.433,703079.5600000001
1747728000000,26.434,26.732,26.007,26.059,895043.1
1747742400000,26.059,26.137,25.536,26.045,1375078.6799999999
1747756800000,26.045,26.241,25.441,25.963,1706566.3
1747771200000,25.96,26.526,25.765,26.524,1207841.9299999999
1747785600000,26.524,26.533,26.039,26.461,1075718.78
1747800000000,26.461,26.84,26.176,26.287,1798985.25
1747814400000,26.286,26.733,26.261,26.623,892668.65
1747828800000,26.624,27.77,26.31,27.739,2769530.5299999998
1747843200000,27.74,28.164,26.845,28.073,4892360.1699999999
1747857600000,28.073,28.317,27.431,28.304,1926106.78
1747872000000,28.304,30.778,28.165,30.582,4211695.3899999997
1747886400000,30.594,31.362,30.096,31.267,2229176.3399999999
1747900800000,31.268,31.903,30.723,30.993,2585494.8700000001
1747915200000,30.994,32.604,30.55,32.232,3456563.7000000002
1747929600000,32.232,34.132,32.13,32.685,6018231.6900000004
1747944000000,32.7,33.477,32.245,33.461,1694266.9099999999
1747958400000,33.46,36.162,32.905,35.637,4362893.7699999996
1747972800000,35.621,35.687,34.338,34.88,2931929.8999999999
1747987200000,34.881,37.551,34.73,35.477,4554520.6799999997
1748001600000,35.474,36.77,34.299,35.1,5741166.5800000001
1748016000000,35.101,35.321,33.8,34.425,3478671.0600000001
1748030400000,34.425,34.536,32.313,33.057,3993099.2200000002
1748044800000,33.057,33.478,32.131,33.47,2599456.96
1748059200000,33.47,34.202,32.678,33.671,2048187.3700000001
1748073600000,33.672,35.467,33.666,34.818,1791466.8300000001
1748088000000,34.819,35.08,34.0,34.927,1466558.46
1748102400000,34.93,35.712,34.242,35.342,1894518.54
1748116800000,35.343,36.601,34.618,34.81,2652159.0099999998
1748131200000,34.807,35.162,33.7,34.375,2320282.7999999998
1748145600000,34.375,35.468,34.261,34.937,1510494.5
1748160000000,34.938,36.431,34.254,36.197,1927193.26
1748174400000,36.185,38.878,36.129,37.767,4499479.7300000004
1748188800000,37.82,39.441,37.032,39.105,2813126.6299999999
1748203200000,39.105,39.289,37.666,39.141,2528085.6499999999
1748217600000,39.141,39.99,37.927,38.127,3173152.9100000001
1748232000000,38.127,39.659,38.087,39.115,2011288.71
1748246400000,39.115,39.355,37.5,38.708,2250089.0899999999
1748260800000,38.707,38.708,37.151,37.959,1911729.5700000001
1748275200000,37.971,38.4,36.5,36.964,2439446.6899999999
1748289600000,36.959,38.147,36.7,37.132,1313670.27
1748304000000,37.133,37.4,35.889,36.894,2297425.6000000001
1748318400000,36.894,38.22,36.743,37.617,1760511.45
1748332800000,37.617,38.12,36.551,37.88,1543762.51
1748347200000,37.891,38.901,37.047,37.646,2771515.1499999999
1748361600000,37.655,38.8,37.026,37.178,2409093.8700000001
1748376000000,37.179,37.369,35.6,35.775,2612939.0899999999
1748390400000,35.772,36.377,35.25,35.609,1761809.3799999999
1748404800000,35.608,36.142,35.21,35.687,1084270.48
1748419200000,35.687,35.881,35.074,35.657,1168224.74
1748433600000,35.655,36.221,33.284,33.875,4839313.0
1748448000000,33.859,34.88,32.6,33.147,3126322.6400000001
1748462400000,33.151,34.712,32.5,34.301,3562207.79
1748476800000,34.3,35.24,33.716,34.059,2346912.3799999999
1748491200000,34.058,34.823,33.272,34.575,1489872.4299999999
1748505600000,34.567,35.08,33.795,34.156,1437846.0800000001
1748520000000,34.157,34.182,31.576,31.88,5390523.0899999999
1748534400000,31.88,33.244,31.68,31.839,3310874.25
1748548800000,31.843,32.685,31.311,31.394,1765650.3700000001
1748563200000,31.394,32.841,30.617,32.586,3203788.8999999999
1748577600000,32.59,32.732,31.858,32.719,1520452.22
1748592000000,32.715,33.902,32.35,33.002,3670431.9100000001
1748606400000,33.001,33.643,31.366,32.532,3596276.6200000001
1748620800000,32.532,34.3,31.704,33.395,3783039.3900000001
1748635200000,33.395,33.812,31.983,32.82,2494845.96
1748649600000,32.819,33.65,30.91,31.664,3242677.9100000001
1748664000000,31.676,32.201,31.013,31.512,1507110.03
1748678400000,31.506,31.703,30.77,31.386,1195547.21
1748692800000,31.386,33.2,31.381,32.647,2097634.6899999999
1748707200000,32.646,33.176,32.418,32.916,904792.12
1748721600000,32.916,33.399,32.651,32.696,756659.25
1748736000000,32.692,32.904,32.168,32.587,752712.0
1748750400000,32.587,33.397,32.261,32.496,1099138.8300000001
1748764800000,32.501,32.52,31.578,31.861,1024313.08
1748779200000,31.861,32.488,31.481,32.462,960145.5
1748793600000,32.466,33.369,32.372,33.35,1263148.6799999999
1748808000000,33.35,34.3,33.209,34.192,1378720.6200000001
1748822400000,34.191,34.364,33.22,33.512,949418.83
1748836800000,33.512,33.8,32.599,33.642,1027901.61
1748851200000,33.641,34.16,32.518,32.682,1872500.55
1748865600000,32.682,33.659,32.369,33.656,2272460.3599999999
1748880000000,33.659,35.69,33.219,35.489,3017780.6800000002
1748894400000,35.49,36.7,35.35,36.519,3644105.8900000001
1748908800000,36.519,37.0,35.701,35.855,2288595.3900000001
1748923200000,35.855,36.395,35.659,36.153,1117284.8600000001
1748937600000,36.154,37.838,35.8,37.528,2340385.2000000002
1748952000000,37.558,38.279,37.14,37.85,2511826.29
1748966400000,37.849,37.949,36.574,37.032,2274593.6200000001
1748980800000,37.034,37.07,35.686,36.086,2680161.3900000001
1748995200000,36.086,37.053,35.74,36.592,2044878.5600000001
1749009600000,36.592,36.824,35.986,36.195,917000.11
1749024000000,36.196,37.238,36.111,36.614,1339823.28
1749038400000,36.614,37.122,35.988,36.852,2255766.04
1749052800000,36.853,37.192,35.93,36.054,1641990.5
1749067200000,36.054,36.227,34.404,35.65,3755893.6600000001
1749081600000,35.647,36.412,35.276,35.462,1705365.3799999999
1749096000000,35.462,35.745,34.484,34.753,1712543.6200000001
1749110400000,34.753,35.285,34.55,35.251,718659.48
1749124800000,35.251,35.721,34.213,34.98,2749080.7200000002
1749139200000,34.98,34.981,32.97,33.526,4493705.9699999997
1749153600000,33.522,34.748,32.599,34.021,5013730.7000000002
1749168000000,34.021,34.506,33.524,34.506,1534311.21
1749182400000,34.505,34.993,34.255,34.641,1421839.8899999999
1749196800000,34.642,34.948,34.287,34.458,1021018.55
1749211200000,34.458,35.586,34.13,35.04,2860864.5
1749225600000,35.04,35.05,33.411,33.816,2939984.3199999998
1749240000000,33.821,34.122,33.088,33.34,1292817.6299999999
1749254400000,33.345,34.232,33.028,33.994,1456606.01
1749268800000,33.994,34.323,33.833,34.041,785406.42
1749283200000,34.042,34.062,33.549,33.876,747840.34
1749297600000,33.876,34.95,33.839,34.701,1671960.1699999999
1749312000000,34.701,34.983,34.334,34.39,1239227.5
1749326400000,34.391,35.161,34.381,34.942,757109.64
1749340800000,34.936,35.354,34.498,35.212,799450.54
1749355200000,35.212,35.428,34.838,35.398,770113.53
1749369600000,35.397,35.515,35.038,35.5,524266.22
1749384000000,35.5,35.599,34.89,35.217,968037.99
1749398400000,35.215,36.346,35.199,36.001,1599726.1799999999
1749412800000,36.001,36.09,34.755,34.987,1235164.1399999999
1749427200000,34.987,35.6,34.679,35.526,1118607.28
1749441600000,35.527,35.65,34.767,35.063,1110936.6899999999
1749456000000,35.063,37.657,35.037,37.428,3261795.3999999999
1749470400000,37.439,37.8,36.5,37.677,3166705.9100000001
1749484800000,37.678,38.28,37.562,37.698,2509094.7599999998
1749499200000,37.7,39.0,37.394,38.859,3362639.2999999998
1749513600000,38.859,39.415,38.314,39.166,2316777.5899999999
1749528000000,39.166,39.63,38.571,39.065,2152236.5299999998
1749542400000,39.064,41.875,38.858,41.59,4450272.9699999997
1749556800000,41.603,41.739,39.57,40.179,3554319.9900000002
1749571200000,40.178,41.687,39.745,41.134,2565347.1400000001
1749585600000,41.134,42.418,40.866,42.284,3540089.2200000002
1749600000000,42.276,42.41,40.825,41.83,3064024.5600000001
1749614400000,41.831,42.854,41.5,42.621,1792598.3999999999
1749628800000,42.631,43.153,41.16,41.37,1886046.3300000001
1749643200000,41.374,44.078,41.16,43.541,5077359.5499999998
1749657600000,43.542,43.787,42.038,42.267,3491186.1099999999
1749672000000,42.268,42.647,40.727,41.837,3310828.3900000001
1749686400000,41.836,42.09,40.554,41.885,2453934.7999999998
1749700800000,41.884,42.24,41.323,41.481,1444433.0600000001
1749715200000,41.481,41.753,40.347,40.411,1819558.8600000001
1749729600000,40.41,43.522,40.35,42.453,4729159.46
1749744000000,42.453,43.891,41.72,41.889,3814109.4500000002
1749758400000,41.893,42.055,40.314,40.528,3998241.1800000002
1749772800000,40.518,40.526,37.1,39.106,11690359.0199999996
1749787200000,39.106,39.841,38.333,39.376,3732125.73
1749801600000,39.376,40.395,38.824,40.114,3196561.7599999998
1749816000000,40.115,41.589,39.01,41.199,4043751.8599999999
1749830400000,41.199,42.109,40.029,40.753,3302755.9300000002
1749844800000,40.759,42.7,40.74,42.3,2702914.8999999999
1749859200000,42.296,42.635,41.481,41.751,1562773.8300000001
1749873600000,41.75,42.671,41.65,42.439,1883241.3899999999
1749888000000,42.441,42.543,40.99,41.177,1662606.3100000001
1749902400000,41.177,41.632,40.298,40.491,2022958.49
1749916800000,40.489,40.654,39.255,39.275,2841027.6000000001
1749931200000,39.27,40.265,38.81,40.12,2494007.6600000001
1749945600000,40.119,40.804,39.91,39.944,1569134.8200000001
1749960000000,39.944,41.167,39.8,40.61,1517462.7
1749974400000,40.611,40.645,39.861,40.2,882956.3
1749988800000,40.201,41.164,39.629,40.775,2689065.5299999998
1750003200000,40.775,41.462,40.602,40.916,2295181.0600000001
1750017600000,40.916,41.428,40.11,41.172,2673207.6800000002
1750032000000,41.171,42.5,40.682,42.15,3773429.9300000002
1750046400000,42.15,44.851,42.102,44.686,4280674.4800000004
1750060800000,44.685,44.88,43.425,44.546,2926973.8799999999
1750075200000,44.538,45.844,44.06,44.591,4221242.04
1750089600000,44.603,45.298,44.192,44.387,2637676.5800000001
1750104000000,44.369,44.677,41.697,41.9,4990052.1600000001
1750118400000,41.899,43.3,41.23,43.165,5167988.9800000004
1750132800000,43.164,43.563,42.058,42.264,2297304.8999999999
1750147200000,42.264,42.482,40.051,40.512,4828040.2800000003
1750161600000,40.518,40.702,39.21,39.617,5297005.5499999998
1750176000000,39.617,41.472,38.22,40.608,7653785.29
1750190400000,40.607,40.906,38.947,39.973,3441340.3199999998
1750204800000,39.973,40.708,39.622,40.351,1588659.96
1750219200000,40.352,41.115,40.021,40.298,1927777.0900000001
1750233600000,40.286,40.845,38.703,39.23,2722355.73
1750248000000,39.232,40.358,37.57,39.026,9875970.8499999996
1750262400000,39.03,39.324,37.746,37.749,4514673.1100000003
1750276800000,37.766,39.66,37.732,39.46,3900715.6899999999
1750291200000,39.461,39.992,38.107,38.521,2567361.6499999999
1750305600000,38.522,38.538,37.561,37.846,2512421.0099999998
1750320000000,37.847,38.494,37.166,37.486,2118947.4399999999
1750334400000,37.486,38.012,36.061,36.251,5357245.7800000003
1750348800000,36.255,37.99,36.041,36.32,4606648.9900000002
1750363200000,36.32,37.107,35.786,36.879,3963975.3300000001
1750377600000,36.879,37.133,36.02,36.067,1620163.9299999999
1750392000000,36.063,37.712,35.55,37.709,3082378.5299999998
1750406400000,37.708,37.89,36.641,37.093,2393488.7599999998
1750420800000,37.094,37.797,35.55,35.71,5108160.5300000003
1750435200000,35.711,35.798,33.273,34.59,9941506.4399999995
1750449600000,34.59,34.926,33.033,33.365,4300129.5300000003
1750464000000,33.365,34.761,32.816,34.472,3433699.0499999998
1750478400000,34.472,35.001,34.343,34.962,1093720.28
1750492800000,34.962,35.298,34.742,35.213,1421345.2
1750507200000,35.213,35.3,32.881,33.273,3525084.5899999999
1750521600000,33.272,33.381,31.753,31.83,5085277.9199999999
1750536000000,31.827,34.567,30.25,34.427,9192781.8599999994
1750550400000,34.427,34.558,32.714,33.192,4896407.4400000004
1750564800000,33.185,34.572,33.103,33.829,2547063.0899999999
1750579200000,33.829,34.4,33.201,33.846,1367569.5800000001
1750593600000,33.843,33.974,31.507,32.87,6952274.2199999997
1750608000000,32.868,34.331,32.358,33.584,4043447.23
1750622400000,33.584,36.05,33.3,35.741,5635155.0099999998
1750636800000,35.744,36.115,34.975,35.276,2367002.04
1750651200000,35.276,35.92,35.054,35.892,1230155.24
1750665600000,35.892,36.299,34.637,35.084,2180487.1099999999
1750680000000,35.084,36.664,34.284,34.482,5211695.7999999998
1750694400000,34.483,37.449,33.222,37.246,9340633.8399999999
1750708800000,37.242,38.483,36.666,38.195,7164597.46
1750723200000,38.195,38.26,36.4,37.076,4307238.8499999996
1750737600000,37.076,37.95,36.653,36.979,1954078.53
1750752000000,36.978,37.406,36.271,37.135,2323252.8199999998
1750766400000,37.134,38.3,36.785,37.75,3126453.2799999998
1750780800000,37.749,38.968,36.727,37.187,3463545.1600000001
1750795200000,37.172,37.721,36.879,37.514,1329664.97
1750809600000,37.512,38.765,37.2,38.102,1889183.03
1750824000000,38.101,38.442,37.195,37.968,1877368.1899999999
1750838400000,37.967,38.616,37.501,38.436,1523830.1499999999
1750852800000,38.436,39.1,37.11,37.47,4970357.7999999998
1750867200000,37.47,37.546,36.67,37.267,2160883.9500000002
1750881600000,37.267,37.82,36.737,37.02,1417104.6299999999
1750896000000,37.02,38.108,36.661,37.58,1729198.23
1750910400000,37.584,38.016,36.87,37.673,1139479.52
1750924800000,37.674,37.92,36.938,37.356,1040837.72
1750939200000,37.355,37.979,36.8,37.388,2282541.8799999999
1750953600000,37.381,37.582,36.013,36.719,2889076.2999999998
1750968000000,36.72,37.66,35.743,35.83,3363748.2200000002
1750982400000,35.831,36.787,35.34,36.721,2066059.73
1750996800000,36.733,36.95,36.143,36.29,986166.59
1751011200000,36.289,37.299,36.198,36.91,1282385.6899999999
1751025600000,36.909,37.211,36.24,36.81,1683531.7
1751040000000,36.815,37.155,35.779,35.976,1792257.3100000001
1751054400000,35.965,36.62,35.868,36.62,919223.86
1751068800000,36.62,36.9,36.224,36.839,558248.48
1751083200000,36.838,37.133,36.539,37.114,598621.72
1751097600000,37.114,37.427,36.872,36.882,937579.15
1751112000000,36.882,36.952,36.584,36.887,551059.14
1751126400000,36.888,37.851,36.849,37.524,1364533.3799999999
1751140800000,37.523,37.907,37.414,37.812,698833.7
1751155200000,37.811,38.0,37.62,37.704,1216994.76
1751169600000,37.715,38.465,37.5,38.448,1054581.9299999999
1751184000000,38.448,38.891,38.248,38.836,1367234.54
1751198400000,38.835,39.35,38.44,38.455,1792148.71
1751212800000,38.454,38.566,37.972,38.271,1770242.03
1751227200000,38.271,39.909,37.999,39.791,2245382.6400000001
1751241600000,39.791,41.186,39.444,40.899,3043760.1200000001
1751256000000,40.897,41.25,39.718,40.067,2610104.02
1751270400000,40.066,40.211,39.57,39.965,1256954.04
1751284800000,39.964,40.365,39.147,39.884,2402978.8599999999
1751299200000,39.885,40.89,39.686,40.866,2033433.28
1751313600000,40.868,41.2,39.364,39.569,2277388.79
1751328000000,39.57,39.811,39.053,39.48,1272714.9399999999
1751342400000,39.48,39.488,38.452,39.001,1854555.76
1751356800000,39.001,39.45,38.601,39.328,1184088.6599999999
1751371200000,39.328,39.496,38.523,39.036,2134180.2599999998
1751385600000,39.037,39.509,37.0,37.028,4001091.25
1751400000000,37.027,37.715,36.855,36.918,2298543.0299999998
1751414400000,36.918,37.658,36.851,37.433,1991093.8300000001
1751428800000,37.433,38.263,37.245,38.12,1684351.3
1751443200000,38.12,38.887,38.11,38.266,1693192.24
1751457600000,38.266,38.978,37.81,38.894,2883425.3700000001
1751472000000,38.894,39.743,38.526,39.377,3789602.8100000001
1751486400000,39.377,40.4,39.258,39.884,3866562.0099999998
1751500800000,39.888,40.376,39.674,39.857,1492129.4099999999
1751515200000,39.858,40.813,39.732,40.797,1602556.6200000001
1751529600000,40.797,41.0,40.309,40.385,1210021.8999999999
1751544000000,40.378,41.248,39.859,40.0,3650766.6299999999
1751558400000,39.993,40.75,39.545,40.42,2203082.27
1751572800000,40.423,40.834,40.156,40.264,904099.86
1751587200000,40.275,40.47,39.142,39.251,1770644.47
1751601600000,39.251,39.474,38.34,38.546,2006301.3600000001
1751616000000,38.545,39.036,38.242,38.771,1146676.4299999999
1751630400000,38.767,38.861,37.782,37.891,1923579.6399999999
1751644800000,37.891,38.6,37.55,38.32,2313762.8300000001
1751659200000,38.321,39.164,38.267,38.993,1491103.1699999999
1751673600000,38.994,39.272,38.695,39.112,760376.02
1751688000000,39.112,39.66,38.92,39.514,932770.95
1751702400000,39.514,39.644,39.045,39.224,767508.62
1751716800000,39.223,39.655,39.025,39.321,1017529.49
1751731200000,39.32,39.464,38.281,38.72,3042007.96
1751745600000,38.72,39.277,38.55,39.168,1009629.63
1751760000000,39.168,39.467,38.846,39.278,1250200.55
1751774400000,39.278,39.466,38.788,38.937,1192443.3700000001
1751788800000,38.937,39.045,38.637,39.006,689691.24
1751803200000,39.005,39.692,38.834,39.374,1920556.73
1751817600000,39.373,39.528,39.051,39.371,1246183.8500000001
1751832000000,39.371,40.055,39.371,39.851,2065212.1399999999
1751846400000,39.852,40.186,39.491,39.856,1349203.9399999999
1751860800000,39.855,39.954,39.62,39.919,638989.61
1751875200000,39.918,40.0,39.5,39.584,873583.08
1751889600000,39.583,39.869,39.422,39.481,1415551.1200000001
1751904000000,39.48,39.599,38.659,38.89,2535820.6600000001
1751918400000,38.889,38.889,38.218,38.557,2276713.46
1751932800000,38.557,38.899,37.045,37.381,3223022.4300000002
1751947200000,37.381,37.922,37.0,37.921,1896239.49
1751961600000,37.918,38.418,37.592,38.179,1573476.3400000001
1751976000000,38.18,38.44,37.581,37.646,2207774.3900000001
1751990400000,37.646,39.103,37.501,38.954,3431467.7599999998
1752004800000,38.947,38.961,38.525,38.83,1026343.16
1752019200000,38.83,39.22,38.738,38.794,1164927.8
1752033600000,38.794,39.415,38.793,39.377,974906.17
1752048000000,39.377,39.472,38.918,39.316,991417.95
1752062400000,39.316,39.68,38.823,39.089,2521794.8100000001
1752076800000,39.09,41.024,39.089,40.71,4492745.8700000001
1752091200000,40.71,41.068,40.0,40.68,3253377.7799999998
1752105600000,40.68,41.71,40.522,41.403,2038140.3600000001
1752120000000,41.403,41.949,41.141,41.775,1547071.74
1752134400000,41.775,41.941,40.899,41.362,1493243.78
1752148800000,41.363,41.873,40.726,41.872,1791702.78
1752163200000,41.871,43.178,41.767,42.836,4106612.6699999999
1752177600000,42.826,44.08,42.754,43.821,3639225.3599999999
1752192000000,43.823,44.624,43.408,44.612,2840159.3700000001
1752206400000,44.612,46.297,44.303,45.284,5284290.0599999996
1752220800000,45.283,46.378,45.283,45.618,3541973.8199999998
1752235200000,45.618,46.464,45.12,45.246,2724047.5299999998
1752249600000,45.247,46.898,45.1,46.878,2892095.1699999999
1752264000000,46.876,46.989,45.3,46.392,2213037.8900000001
1752278400000,46.39,46.552,45.741,46.391,1253278.52
1752292800000,46.391,47.176,45.898,46.837,1597257.6799999999
1752307200000,46.837,47.4,46.589,46.709,1502285.3
1752321600000,46.707,46.893,45.254,45.478,3034666.0600000001
1752336000000,45.48,46.87,45.088,46.691,2696829.5899999999
1752350400000,46.692,47.36,46.185,47.1,2022599.5900000001
1752364800000,47.101,47.817,46.951,47.486,1524594.4099999999
1752379200000,47.485,48.0,47.17,47.987,1082124.03
1752393600000,47.987,48.179,47.592,48.042,1095397.05
1752408000000,48.042,48.825,47.716,48.427,2743505.02
1752422400000,48.451,49.242,48.078,49.031,2589910.8599999999
1752436800000,49.079,49.3,47.809,48.937,2683710.0699999998
1752451200000,48.937,49.87,48.845,49.641,2438407.4199999999
1752465600000,49.641,49.888,48.5,49.319,2086829.3
1752480000000,49.32,49.419,48.0,48.42,2395378.6800000002
1752494400000,48.421,49.053,47.352,47.743,3269903.5600000001
1752508800000,47.743,48.26,46.52,46.95,2805384.79
1752523200000,46.95,47.711,46.503,47.647,1516622.3200000001
1752537600000,47.646,48.014,46.837,47.338,2468275.8399999999
1752552000000,47.338,48.399,46.752,47.501,2052264.4299999999
1752566400000,47.502,47.566,46.675,47.125,1436655.6599999999
1752580800000,47.124,48.3,46.85,47.43,2705353.3999999999
1752595200000,47.429,48.032,47.079,47.236,2409256.7000000002
1752609600000,47.241,48.18,47.071,47.88,1714180.28
1752624000000,47.88,48.583,47.23,47.256,1520748.6499999999
1752638400000,47.255,48.0,47.135,47.789,1290545.0800000001
1752652800000,47.79,48.3,47.574,47.9,1208285.7
1752667200000,47.901,48.3,47.25,48.037,3167608.79
1752681600000,48.038,48.579,47.484,48.364,3071710.71
1752696000000,48.364,48.482,46.556,47.07,3988008.8100000001
1752710400000,47.071,47.45,45.571,46.081,3108858.6800000002
1752724800000,46.081,47.105,45.835,46.745,1894689.03
1752739200000,46.741,46.945,45.885,46.087,2176807.9300000002
1752753600000,46.087,46.98,45.723,46.874,2463313.8999999999
1752768000000,46.873,46.933,45.802,45.904,1967049.6399999999
1752782400000,45.902,47.09,44.504,45.641,6571228.2300000004
1752796800000,45.642,46.903,44.861,46.47,4237532.9299999997
1752811200000,46.477,47.52,46.021,46.245,2827184.2200000002
1752825600000,46.245,46.551,45.501,45.61,1884053.76
1752840000000,45.61,46.019,44.18,44.529,3072535.0499999998
1752854400000,44.535,44.885,42.899,43.528,3354957.5699999998
1752868800000,43.526,44.605,43.25,44.379,2649909.5800000001
1752883200000,44.382,45.3,44.289,45.181,1051941.3
1752897600000,45.181,45.355,44.404,44.593,786866.05
1752912000000,44.602,45.286,44.399,44.904,596690.2
1752926400000,44.903,45.067,44.097,44.824,1322502.6100000001
1752940800000,44.825,45.301,44.388,44.928,1180867.22
1752955200000,44.928,45.113,43.962,44.495,1184059.05
1752969600000,44.493,45.179,44.198,44.991,1012362.5699999999
1752984000000,44.988,45.223,44.76,45.095,519595.47
1752998400000,45.108,45.8,45.107,45.682,1581931.6100000001
1753012800000,45.681,46.757,45.418,46.747,2380848.4300000002
1753027200000,46.751,47.44,46.336,46.673,2850427.3700000001
1753041600000,46.671,46.88,45.302,46.032,2356460.6499999999
1753056000000,46.032,46.786,45.337,46.673,1127949.96
1753070400000,46.673,47.461,46.535,47.016,1519401.1000000001
1753084800000,47.016,47.845,46.863,47.445,1495066.3899999999
1753099200000,47.445,47.608,46.25,46.5,3358199.8100000001
1753113600000,46.494,46.572,44.301,44.454,5933272.25
1753128000000,44.454,45.28,44.1,44.356,2988940.96
1753142400000,44.357,45.754,43.663,44.329,4526584.96
1753156800000,44.34,44.366,43.121,43.755,2818025.3900000001
1753171200000,43.756,45.21,43.305,45.17,1847882.01
1753185600000,45.171,45.499,43.391,44.315,4491771.7699999996
1753200000000,44.314,44.874,43.52,44.298,2621224.5800000001
1753214400000,44.297,46.408,44.14,46.34,2168724.25
1753228800000,46.341,46.412,44.745,45.211,3077158.6000000001
1753243200000,45.196,45.284,44.059,44.111,1570957.2
1753257600000,44.111,44.462,43.66,44.027,1709410.79
1753272000000,44.035,44.104,42.785,43.499,3552488.9900000002
1753286400000,43.499,43.918,42.444,43.625,3648441.6899999999
1753300800000,43.638,44.249,42.804,43.783,2531057.75
1753315200000,43.767,44.484,43.564,43.949,1367448.0
1753329600000,43.945,44.118,41.519,42.502,4021996.5800000001
1753344000000,42.509,43.112,41.66,43.037,2300635.1400000001
1753358400000,43.037,43.62,42.451,43.06,2520067.4900000002
1753372800000,43.06,43.109,41.996,42.847,1783164.3700000001
1753387200000,42.845,43.21,42.051,42.135,1294586.1399999999
1753401600000,42.138,42.539,41.22,41.491,3461374.52
1753416000000,41.481,42.792,41.259,42.188,2408482.52
1753430400000,42.182,43.392,42.085,43.086,2084980.01
1753444800000,43.093,43.285,42.147,42.474,1782229.6699999999
1753459200000,42.477,43.252,42.319,42.865,1246932.72
1753473600000,42.859,44.282,42.659,44.223,1861533.8899999999
1753488000000,44.228,44.646,43.855,44.305,1334709.0700000001
1753502400000,44.303,44.975,44.267,44.364,803855.36
1753516800000,44.374,45.0,44.328,44.389,1113163.3300000001
1753531200000,44.388,44.639,43.966,44.24,1351931.3400000001
1753545600000,44.241,44.28,43.612,43.984,1010469.61
1753560000000,43.984,44.324,43.379,43.4,935153.65
1753574400000,43.399,43.602,43.036,43.512,1342474.54
1753588800000,43.511,43.843,43.13,43.189,876839.51
1753603200000,43.189,43.268,42.828,42.958,824722.59
1753617600000,42.96,43.256,42.435,43.142,2027768.26
1753632000000,43.137,44.4,43.0,43.771,2629138.7000000002
1753646400000,43.766,44.12,43.536,43.736,1032229.77
1753660800000,43.731,44.432,43.461,44.416,1285808.72
1753675200000,44.414,45.0,44.086,44.28,1673505.1100000001
1753689600000,44.267,44.771,43.969,44.353,1088930.98
1753704000000,44.353,45.9,43.98,45.229,5207444.9400000004
1753718400000,45.23,46.155,44.3,45.014,5160870.7000000002
1753732800000,45.015,45.06,42.667,43.781,5146487.71
1753747200000,43.783,44.248,43.111,44.205,1611052.8100000001
1753761600000,44.205,44.62,43.676,44.619,1259542.3899999999
1753776000000,44.62,45.202,44.059,44.804,2054980.71
1753790400000,44.805,45.333,42.409,43.274,6019913.1900000004
1753804800000,43.278,44.34,42.94,43.955,2711977.75
1753819200000,43.956,44.305,42.697,43.534,3072610.79
1753833600000,43.534,43.614,42.39,43.346,1299467.5
1753848000000,43.345,43.752,42.918,43.003,1297184.6100000001
1753862400000,43.004,43.353,42.393,42.698,1942606.6699999999
1753876800000,42.702,43.399,42.3,43.037,2555881.75
1753891200000,43.04,43.395,41.3,42.344,4320390.5199999996
1753905600000,42.345,42.596,41.744,42.28,1647581.04
1753920000000,42.275,43.09,42.112,43.09,1317230.0
1753934400000,43.09,43.573,42.849,43.43,1252300.73
1753948800000,43.429,44.1,43.429,43.559,1309261.4299999999
1753963200000,43.557,44.469,43.3,43.739,3012421.2599999998
1753977600000,43.731,44.729,41.622,41.625,4886086.0999999996
1753992000000,41.63,41.917,40.636,40.826,4547015.5800000001
1754006400000,40.826,41.642,40.327,41.193,2693501.8799999999
1754020800000,41.193,41.193,39.538,40.031,3547846.8199999998
1754035200000,40.03,40.162,39.238,40.09,3459552.5
1754049600000,40.089,40.504,38.0,39.177,6954837.1500000004
1754064000000,39.177,39.578,37.044,37.369,7084540.3300000001
1754078400000,37.37,37.954,36.274,37.598,5726379.1100000003
1754092800000,37.599,38.161,37.564,38.064,1428283.8300000001
1754107200000,38.065,38.49,37.52,38.468,1419484.8899999999
1754121600000,38.474,38.705,37.95,38.381,1502994.8100000001
1754136000000,38.381,38.405,37.135,37.182,1599665.72
1754150400000,37.182,37.635,35.478,36.066,5334456.3300000001
1754164800000,36.066,37.474,36.046,36.878,2152138.1299999999
1754179200000,36.879,37.833,36.401,37.714,2359396.8999999999
1754193600000,37.714,38.431,37.455,38.346,987911.48
1754208000000,38.352,39.28,38.19,38.51,2446719.23
1754222400000,38.515,38.525,37.51,37.947,3209104.23
1754236800000,37.947,38.668,37.747,38.401,984581.22
1754251200000,38.403,38.663,38.014,38.168,1034479.55
1754265600000,38.168,39.022,38.012,38.258,1335427.3799999999
1754280000000,38.258,38.464,37.549,38.337,783165.63
1754294400000,38.334,38.487,37.22,37.568,1567698.26
1754308800000,37.567,38.961,37.491,38.353,2818816.8599999999
1754323200000,38.359,39.459,37.608,37.65,3770023.3399999999
1754337600000,37.651,39.045,37.521,38.793,1907869.55
1754352000000,38.794,39.04,38.3,38.426,2072646.8600000001
1754366400000,38.425,39.25,38.0,38.249,1986771.6100000001
1754380800000,38.254,39.666,38.031,39.665,2219591.8100000001
1754395200000,39.666,39.883,38.08,38.114,4405689.4500000002
1754409600000,38.113,38.931,37.708,38.067,2639331.4900000002
1754424000000,38.068,38.621,37.37,38.492,2710409.9300000002
1754438400000,38.492,38.568,37.037,37.241,2478543.3900000001
1754452800000,37.242,37.835,36.931,37.829,1866163.54
1754467200000,37.831,37.847,37.141,37.475,907644.46
1754481600000,37.476,38.868,37.3,38.799,2813334.5299999998
1754496000000,38.796,39.25,38.242,38.357,2612304.3300000001
1754510400000,38.358,38.367,37.882,38.068,1023148.63
1754524800000,38.069,38.225,37.569,37.683,906506.65
1754539200000,37.685,38.204,37.67,37.927,544705.63
1754553600000,37.93,39.41,37.81,39.17,2384488.46
1754568000000,39.17,39.6,38.761,39.547,2463157.7200000002
1754582400000,39.546,39.9,38.636,39.874,3011890.8999999999
1754596800000,39.877,41.0,39.61,40.92,3195780.6200000001
1754611200000,40.92,41.23,40.366,40.86,1946977.46
1754625600000,40.86,41.25,40.1,40.782,1281064.3
1754640000000,40.783,41.53,40.456,41.467,1217620.46
1754654400000,41.46,41.75,40.494,40.608,2603311.3399999999
1754668800000,40.608,41.67,40.246,40.681,3359261.8100000001
1754683200000,40.682,41.274,40.601,40.996,1002448.2
1754697600000,40.996,41.239,40.55,40.972,1035380.84
1754712000000,40.974,42.672,40.9,42.672,3080264.5800000001
1754726400000,42.671,43.763,42.639,43.329,2502522.2999999998
1754740800000,43.33,44.065,43.101,43.635,2007505.8999999999
1754755200000,43.636,44.142,43.35,43.89,2200963.0299999998
1754769600000,43.89,44.738,43.614,43.684,2608521.6200000001
1754784000000,43.684,44.541,43.635,44.267,1261735.8899999999
1754798400000,44.267,44.494,43.178,43.189,1577026.29
1754812800000,43.189,43.935,42.815,43.746,1515457.6599999999
1754827200000,43.742,45.159,43.423,45.07,2109720.7999999998
1754841600000,45.071,45.469,44.71,45.376,1448878.55
1754856000000,45.371,45.382,44.51,45.305,1312343.75
1754870400000,45.305,46.424,45.143,45.969,2695673.52
1754884800000,45.969,46.812,45.969,46.11,1704945.96
1754899200000,46.103,46.285,44.61,44.838,2678388.7799999998
1754913600000,44.839,45.167,43.83,44.78,3318598.3399999999
1754928000000,44.788,44.973,43.49,43.761,2264334.4500000002
1754942400000,43.76,44.098,42.601,43.186,2408879.5600000001
1754956800000,43.185,44.009,43.043,43.317,1280391.6899999999
1754971200000,43.316,43.754,42.848,43.378,1114303.6899999999
1754985600000,43.38,43.457,42.2,42.806,1905540.1000000001
1755000000000,42.806,44.601,42.4,44.531,5825186.4800000004
1755014400000,44.532,44.919,43.678,44.403,2652676.1499999999
1755028800000,44.403,45.91,44.177,44.806,2929105.1200000001
1755043200000,44.761,45.086,43.823,44.552,2387840.52
1755057600000,44.56,44.674,42.924,44.227,3253417.5800000001
1755072000000,44.227,46.623,44.034,46.566,3378948.79
1755086400000,46.566,47.053,45.0,45.416,4891624.79
1755100800000,45.412,48.043,45.332,47.887,4773914.1100000003
1755115200000,47.887,48.111,46.32,47.654,3820524.2000000002
1755129600000,47.67,48.777,47.137,48.587,2154844.48
1755144000000,48.58,48.926,46.521,46.9,3786985.73
1755158400000,46.9,47.407,46.046,47.192,2462613.7799999998
1755172800000,47.195,47.424,41.462,44.749,11596956.3200000003
1755187200000,44.745,46.552,44.099,45.684,4971507.46
1755201600000,45.672,46.426,44.215,45.49,4816870.8200000003
1755216000000,45.49,49.574,45.356,49.54,5211987.7800000003
1755230400000,49.541,49.59,48.002,48.345,3561201.48
1755244800000,48.345,49.155,48.085,48.33,1623546.1299999999
1755259200000,48.33,48.668,45.555,46.317,6766222.5499999998
1755273600000,46.317,47.207,45.894,46.192,3711771.1000000001
1755288000000,46.193,48.587,46.005,47.805,2946747.5499999998
1755302400000,47.806,48.287,47.574,47.833,1183834.6499999999
1755316800000,47.831,48.004,46.835,47.275,1166013.3700000001
1755331200000,47.276,47.545,46.4,46.401,1234428.8100000001
1755345600000,46.401,47.152,46.134,46.565,1280308.1799999999
1755360000000,46.565,47.177,46.424,46.791,1026577.25
1755374400000,46.791,47.0,46.15,46.296,1060142.6200000001
1755388800000,46.296,46.74,45.788,46.637,1532947.6799999999
1755403200000,46.637,47.3,46.59,47.3,1050637.27
1755417600000,47.3,47.786,47.132,47.639,1323002.22
1755432000000,47.639,47.717,46.762,47.105,1677966.8899999999
1755446400000,47.106,47.2,46.107,46.155,1213683.2
1755460800000,46.153,46.825,46.015,46.045,923165.37
1755475200000,46.045,46.202,43.888,44.149,3447628.0499999998
1755489600000,44.154,44.416,42.953,43.55,3802810.98
1755504000000,43.55,44.037,42.99,43.106,2131334.75
1755518400000,43.1,44.232,42.939,44.231,2176148.2000000002
1755532800000,44.231,44.768,43.533,43.584,2798871.8700000001
1755547200000,43.584,44.326,43.045,43.333,2028775.8999999999
1755561600000,43.332,43.532,41.757,42.098,3594409.1899999999
1755576000000,42.099,42.39,41.575,42.04,1767374.74
1755590400000,42.04,43.411,41.859,43.321,2310201.23
1755604800000,43.32,44.175,42.25,42.454,4237802.46
1755619200000,42.454,43.843,41.695,42.961,4115846.7599999998
1755633600000,42.964,43.183,40.923,41.298,3596462.1200000001
1755648000000,41.303,42.2,41.25,41.514,2078552.53
1755662400000,41.515,42.139,41.474,41.488,1549722.6399999999
1755676800000,41.489,42.372,41.219,41.694,2230914.8700000001
1755691200000,41.695,42.88,40.6,41.986,4853621.9000000004
1755705600000,41.985,43.25,41.758,43.23,3385704.9300000002
1755720000000,43.231,43.284,42.584,43.011,2285443.7999999998
1755734400000,43.011,43.42,42.299,42.301,2046386.3200000001
1755748800000,42.3,42.644,41.657,41.906,1185749.8500000001
1755763200000,41.909,41.983,40.993,41.067,1565677.4199999999
1755777600000,41.065,42.3,40.824,41.074,2921931.8300000001
1755792000000,41.068,41.522,40.606,40.916,2054831.24
1755806400000,40.915,41.333,40.4,40.444,1285315.0700000001
1755820800000,40.442,41.708,40.442,41.179,2124698.1200000001
1755835200000,41.179,42.164,41.178,42.135,1092651.5600000001
1755849600000,42.136,42.271,41.7,41.726,1572557.48
1755864000000,41.727,44.146,40.94,43.661,7613238.0499999998
1755878400000,43.662,44.938,43.656,44.301,4122176.52
1755892800000,44.292,45.55,44.219,45.33,2227587.0299999998
1755907200000,45.332,45.351,43.412,43.514,2174980.6899999999
1755921600000,43.514,44.711,43.407,43.712,1941059.3300000001
1755936000000,43.713,44.113,43.23,43.646,1706809.45
1755950400000,43.649,44.191,43.527,43.876,1484153.5
1755964800000,43.878,44.851,43.863,44.639,1484580.26
1755979200000,44.639,44.95,44.413,44.9,1018539.02
1755993600000,44.9,45.053,43.951,44.202,1165198.5900000001
1756008000000,44.203,44.432,43.712,44.039,930111.9399999999
1756022400000,44.044,44.25,43.417,43.669,1025296.0699999999
1756036800000,43.669,44.638,43.497,44.127,1497089.5
1756051200000,44.127,46.956,44.126,45.5,5713527.8099999996
1756065600000,45.5,46.546,44.599,46.058,4041662.5099999998
1756080000000,46.06,47.421,45.12,46.468,2863543.8399999999
1756094400000,46.467,46.496,44.051,44.296,2409578.8100000001
1756108800000,44.296,46.094,43.955,45.675,4328397.5599999996
1756123200000,45.683,46.716,45.089,45.814,3446251.6899999999
1756137600000,45.815,46.8,43.832,44.0,3988613.7999999998
1756152000000,44.001,44.343,42.467,42.985,5139483.8099999996
1756166400000,42.979,44.368,42.338,44.085,3559996.3100000001
1756180800000,44.099,45.625,44.092,45.519,2669309.2599999998
1756195200000,45.52,45.841,44.884,45.259,1221536.1799999999
1756209600000,45.26,47.049,44.696,46.552,4746468.3499999996
1756224000000,46.552,48.69,46.54,48.513,4542425.3700000001
1756238400000,48.515,49.77,48.253,48.781,5382780.1799999997
1756252800000,48.781,51.19,48.135,50.983,4750519.0999999996
1756267200000,50.971,51.2,49.62,49.92,3448391.7400000002
1756281600000,49.921,50.216,48.313,49.75,3952678.6200000001
1756296000000,49.751,50.714,49.121,50.561,3276525.7200000002
1756310400000,50.574,50.642,48.615,48.741,4535481.7699999996
1756324800000,48.742,49.482,46.801,46.97,4911512.0599999996
1756339200000,46.97,48.5,46.643,48.5,3537749.4900000002
1756353600000,48.5,48.949,47.857,48.792,1888505.74
1756368000000,48.792,49.0,47.755,47.966,1651291.47
1756382400000,47.966,48.833,47.799,47.942,2191985.5499999998
1756396800000,47.942,48.109,45.788,46.037,6305791.7400000002
1756411200000,46.064,46.575,45.561,45.589,2843534.73
1756425600000,45.581,46.158,45.298,45.685,2213040.9900000002
1756440000000,45.684,46.031,44.256,44.41,2679103.0899999999
1756454400000,44.411,44.899,43.7,44.411,2567523.4199999999
1756468800000,44.411,45.429,43.924,44.847,5387545.3799999999
1756483200000,44.847,44.998,43.507,43.674,3314249.6499999999
1756497600000,43.661,44.804,43.258,44.435,3136060.1499999999
1756512000000,44.435,44.645,43.7,44.592,1083211.28
1756526400000,44.578,44.933,43.95,44.333,1211997.99
1756540800000,44.325,44.334,43.228,43.498,1377895.3999999999
1756555200000,43.499,44.198,43.25,44.178,1006851.9399999999
1756569600000,44.178,44.29,43.829,43.932,805148.64
1756584000000,43.932,44.212,43.746,44.058,452323.35
1756598400000,44.058,44.944,44.03,44.937,858805.58
1756612800000,44.937,45.025,44.501,44.511,593060.42
1756627200000,44.508,44.865,44.192,44.442,896228.0699999999
1756641600000,44.442,44.603,44.114,44.488,936966.3
1756656000000,44.491,45.374,44.413,44.8,1631045.99
1756670400000,44.803,45.189,44.224,44.276,582437.51
1756684800000,44.275,45.021,43.77,44.426,2184102.1299999999
1756699200000,44.421,44.999,43.929,44.997,845603.61
1756713600000,44.997,45.478,44.4,44.705,1488119.0900000001
1756728000000,44.708,44.922,44.083,44.283,870055.02
1756742400000,44.293,44.31,43.4,44.041,1236627.71
1756756800000,44.04,44.1,42.5,43.104,2223521.98
1756771200000,43.104,44.289,42.925,44.145,1359310.6699999999
1756785600000,44.145,44.897,44.0,44.489,986152.89
1756800000000,44.489,45.066,44.24,44.304,1258955.76
1756814400000,44.304,44.94,43.368,44.084,2185455.8799999999
1756828800000,44.089,44.647,43.73,44.035,1283335.8799999999
1756843200000,44.035,44.882,43.944,44.874,876551.17
1756857600000,44.874,45.23,44.511,44.69,1306175.6299999999
1756872000000,44.687,44.786,44.263,44.518,466610.43
1756886400000,44.517,45.96,44.437,45.569,1868448.9199999999
1756900800000,45.571,46.177,45.357,46.061,2319754.1000000001
1756915200000,46.061,46.471,45.557,45.793,1674722.24
1756929600000,45.809,46.091,45.764,45.849,569398.83
1756944000000,45.849,46.35,45.353,45.401,1191164.1299999999
1756958400000,45.4,45.689,45.2,45.625,1039608.8199999999
1756972800000,45.625,45.998,45.493,45.86,581711.84
1756987200000,45.861,46.02,44.86,45.192,1631322.1599999999
1757001600000,45.19,45.377,44.379,44.429,1300306.22
1757016000000,44.44,45.814,44.39,45.308,1416427.23
1757030400000,45.323,45.64,45.044,45.17,1066980.3600000001
1757044800000,45.17,46.28,45.169,46.229,796134.11
1757059200000,46.229,47.13,45.802,47.024,1373646.75
1757073600000,47.025,47.704,45.981,46.606,5917812.7800000003
1757088000000,46.606,47.365,46.032,47.169,1645550.24
1757102400000,47.17,47.5,46.87,47.222,1340232.0600000001
1757116800000,47.222,47.872,47.219,47.681,1059179.1000000001
1757131200000,47.68,47.68,46.756,46.802,847922.33
1757145600000,46.802,46.882,46.52,46.86,453703.58
1757160000000,46.861,46.99,46.4,46.424,619608.24
1757174400000,46.435,46.45,45.4,45.541,1791681.5
1757188800000,45.541,46.256,45.506,45.955,780300.36
1757203200000,45.965,47.155,45.936,46.859,1691481.9299999999
1757217600000,46.86,47.0,46.471,46.999,405589.35
1757232000000,47.0,47.439,46.938,47.166,628062.34
1757246400000,47.166,47.663,46.876,47.545,701217.39
1757260800000,47.545,47.622,46.828,47.034,1162325.1000000001
1757275200000,47.04,47.489,46.699,47.062,688322.96
1757289600000,47.077,48.952,46.9,48.715,2078750.9099999999
1757304000000,48.716,50.101,48.405,50.039,2546113.2000000002
1757318400000,50.039,51.183,50.03,50.418,2880842.3799999999
1757332800000,50.434,51.938,50.382,51.522,4067355.4300000002
1757347200000,51.517,51.575,50.235,50.378,2219386.1899999999
1757361600000,50.378,51.09,49.877,50.87,1833454.8700000001
1757376000000,50.87,51.69,50.477,51.475,1972826.2
1757390400000,51.475,55.078,51.367,54.49,5640780.1600000001
1757404800000,54.488,55.22,53.715,53.897,3039025.4100000001
1757419200000,53.89,54.368,52.021,52.662,4503959.9400000004
1757433600000,52.662,53.947,52.36,53.814,2271966.4300000002
1757448000000,53.807,53.964,52.743,53.296,1139555.8999999999
1757462400000,53.298,54.414,52.54,53.748,2260397.2200000002
1757476800000,53.759,55.434,53.385,55.13,2120801.4399999999
1757491200000,55.133,55.66,53.987,54.476,2167825.79
1757505600000,54.489,55.487,54.134,55.105,3683957.0800000001
1757520000000,55.104,55.393,53.635,54.378,2216258.6200000001
1757534400000,54.38,56.06,54.279,55.431,2632262.1600000001
1757548800000,55.436,56.202,55.26,55.997,1923771.03
1757563200000,55.997,56.055,55.148,55.272,1317307.8400000001
1757577600000,55.273,55.38,52.923,53.54,3345894.0099999998
1757592000000,53.541,54.75,52.9,54.649,4229246.8399999999
1757606400000,54.659,55.926,54.454,55.71,2038194.21
1757620800000,55.704,57.131,55.361,56.977,2701551.5600000001
1757635200000,56.994,57.374,56.315,56.527,2950065.2000000002
1757649600000,56.529,57.298,56.311,56.363,1379753.5
1757664000000,56.357,56.525,55.54,55.631,1431269.0
1757678400000,55.631,56.804,54.8,55.352,2665543.48
1757692800000,55.374,56.544,54.951,56.411,2260686.0600000001
1757707200000,56.411,56.419,54.755,55.222,2969930.2999999998
1757721600000,55.224,55.92,54.845,55.887,1399482.6200000001
1757736000000,55.881,55.882,54.796,55.148,1128349.3999999999
1757750400000,55.15,56.359,55.127,56.22,1080065.75
1757764800000,56.22,56.95,55.51,55.712,2092880.9299999999
1757779200000,55.712,55.881,54.12,54.96,3812416.8399999999
1757793600000,54.968,55.118,54.2,54.396,1109041.4099999999
1757808000000,54.428,55.255,53.85,54.011,2150125.3100000001
1757822400000,54.0,54.957,53.632,54.363,1317285.95
1757836800000,54.363,54.75,53.832,53.913,813120.92
1757851200000,53.896,54.413,53.535,54.022,1431061.5800000001
1757865600000,54.012,54.907,53.988,54.162,1219481.5700000001
1757880000000,54.16,54.361,53.51,53.65,950145.92
1757894400000,53.651,54.341,53.179,54.266,1071464.51
1757908800000,54.275,54.627,53.0,53.209,1518505.74
1757923200000,53.209,54.03,52.678,53.275,1902457.3500000001
1757937600000,53.278,53.732,52.195,52.643,3086061.77
1757952000000,52.64,53.647,52.034,53.63,2868045.1200000001
1757966400000,53.63,54.033,53.34,53.989,1459465.4099999999
1757980800000,53.99,54.035,53.146,53.235,1624867.4099999999
1757995200000,53.236,53.918,52.971,53.338,932222.2
1758009600000,53.333,53.596,52.374,52.722,962580.08
1758024000000,52.722,54.108,52.266,54.043,4127343.8300000001
1758038400000,54.043,54.095,53.527,53.853,1177840.02
1758052800000,53.857,54.582,53.779,54.42,1086117.54
1758067200000,54.42,54.808,53.826,54.119,1768462.9199999999
1758081600000,54.112,55.334,53.962,54.974,1318113.03
1758096000000,54.974,55.502,54.726,55.267,999547.76
1758110400000,55.272,55.52,54.623,54.633,1609948.6200000001
1758124800000,54.629,55.875,54.326,55.507,3664993.9500000002
1758139200000,55.522,58.042,55.505,57.754,3538540.1400000001
1758153600000,57.755,59.472,57.716,59.013,4182043.6699999999
1758168000000,59.012,59.045,58.023,58.343,1199254.0600000001
1758182400000,58.343,58.719,57.572,57.771,1206186.3
1758196800000,57.771,58.3,57.258,57.808,1586808.3
1758211200000,57.818,59.149,57.661,58.659,1492348.8600000001
1758225600000,58.657,58.971,57.821,58.637,973355.1
1758240000000,58.637,59.189,57.11,57.242,1269325.45
1758254400000,57.243,57.489,56.212,56.375,1836643.28
1758268800000,56.376,56.866,55.665,55.877,1544551.5900000001
1758283200000,55.877,57.118,55.227,56.12,3110605.0899999999
1758297600000,56.119,56.464,55.584,55.915,1239844.04
1758312000000,55.928,56.396,55.828,56.163,591992.34
1758326400000,56.167,56.405,55.628,56.021,815126.05
1758340800000,56.021,56.654,55.901,56.584,633880.11
1758355200000,56.585,56.588,55.435,55.44,821240.03
1758369600000,55.443,55.981,54.81,55.655,1499481.71
1758384000000,55.655,56.0,53.812,54.291,2183647.6699999999
1758398400000,54.287,54.879,54.0,54.219,919529.23
1758412800000,54.218,54.283,53.599,54.169,998295.67
1758427200000,54.169,54.361,53.522,53.605,759168.58
1758441600000,53.612,53.748,52.126,52.476,2829471.6299999999
1758456000000,52.475,52.93,51.651,52.032,1894885.0700000001
1758470400000,52.029,52.36,50.622,52.183,4449458.9299999997
1758484800000,52.18,52.257,50.819,50.876,1493830.99
1758499200000,50.883,51.324,49.088,49.769,5113980.3200000003
1758513600000,49.761,50.308,45.842,48.577,7385301.1299999999
1758528000000,48.578,49.48,48.499,48.85,2902342.27
1758542400000,48.849,50.232,48.177,48.343,2877976.4900000002
1758556800000,48.343,48.608,47.01,47.147,2722872.9399999999
1758571200000,47.157,48.024,46.85,47.269,2278141.7599999998
1758585600000,47.263,47.355,45.3,46.103,4449487.5700000003
1758600000000,46.102,48.874,45.961,48.665,3136125.3900000001
1758614400000,48.664,48.93,47.697,48.061,1501026.8600000001
1758628800000,48.051,48.6,46.844,47.326,3005117.8999999999
1758643200000,47.327,47.72,44.459,44.579,4407247.4500000002
1758657600000,44.579,45.621,44.343,44.684,2808468.25
1758672000000,44.653,45.7,44.045,44.151,2875198.5499999998
1758686400000,44.145,45.195,43.51,44.497,4099412.7799999998
1758700800000,44.5,46.127,43.265,45.932,5018226.9900000002
1758715200000,45.932,46.89,44.627,45.307,4687902.7199999997
1758729600000,45.308,46.2,44.901,46.018,2953697.0099999998
1758744000000,45.999,46.383,45.345,45.661,1226945.26
1758758400000,45.676,46.02,42.913,43.442,3230405.77
1758772800000,43.423,43.825,42.153,42.199,4335846.9900000002
1758787200000,42.199,43.6,41.655,41.82,2822552.5
1758801600000,41.821,42.428,40.71,41.725,7572160.9199999999
1758816000000,41.739,43.126,41.145,42.326,5085985.5499999998
1758830400000,42.327,43.528,39.58,40.38,7581488.3200000003
1758844800000,40.373,43.382,40.353,42.926,3737127.1600000001
1758859200000,42.927,43.329,41.733,42.459,1757753.3300000001
1758873600000,42.459,42.754,40.742,41.102,1796675.6000000001
1758888000000,41.106,44.379,40.902,44.274,4035324.0499999998
1758902400000,44.265,45.689,44.106,44.883,3788164.1600000001
1758916800000,44.877,45.361,44.144,44.822,1788603.1899999999
1758931200000,44.828,45.468,43.871,43.872,1897970.25
1758945600000,43.872,44.913,43.667,44.515,1376845.8
1758960000000,44.513,44.576,43.223,43.702,1242976.53
1758974400000,43.72,45.793,43.352,45.793,2420266.4100000001
1758988800000,45.793,45.979,45.116,45.674,1508008.26
1759003200000,45.682,46.569,45.324,45.773,1672505.24
1759017600000,45.777,45.902,44.442,44.771,1709296.5800000001
1759032000000,44.772,44.925,44.133,44.852,643199.7
1759046400000,44.847,44.994,43.393,43.605,1152214.72
1759060800000,43.604,44.561,42.916,44.547,1510006.05
1759075200000,44.554,46.004,44.547,45.696,2377534.6800000002
1759089600000,45.697,47.318,45.573,47.172,4523384.5099999998
1759104000000,47.172,47.5,46.352,47.358,1890177.1499999999
1759118400000,47.359,47.927,46.703,47.775,1431634.79
1759132800000,47.776,48.148,45.909,46.293,2249099.6299999999
1759147200000,46.293,47.919,45.75,46.696,3408970.3199999998
1759161600000,46.697,47.177,45.0,46.091,2430017.1499999999
1759176000000,46.078,47.139,45.98,46.234,1424626.3600000001
1759190400000,46.224,46.349,44.542,44.715,1974965.52
1759204800000,44.715,45.353,44.34,45.015,1722219.1499999999
1759219200000,45.014,45.743,43.589,45.687,3047309.5800000001
1759233600000,45.687,45.687,43.526,43.885,2580209.0899999999
1759248000000,43.885,45.786,43.554,45.52,2335578.6800000002
1759262400000,45.52,46.554,44.898,45.247,1630828.1599999999
1759276800000,45.247,45.919,44.59,45.007,1286554.3400000001
1759291200000,45.0,45.738,44.647,45.727,836287.85
1759305600000,45.721,47.7,45.618,47.614,2595835.9900000002
1759320000000,47.614,48.1,46.863,47.247,2526506.04
1759334400000,47.25,47.996,46.693,47.113,1440426.3
1759348800000,47.125,47.3,46.342,47.274,1174406.1799999999
1759363200000,47.267,49.429,47.014,49.424,3434989.3300000001
1759377600000,49.425,49.764,48.618,48.851,2244647.9399999999
1759392000000,48.85,49.876,48.714,49.652,1261600.0900000001
1759406400000,49.652,49.917,48.585,49.213,2135132.5
1759420800000,49.209,51.131,49.006,50.901,3486098.5699999998
1759435200000,50.907,50.96,50.006,50.858,1941594.8100000001
1759449600000,50.858,50.891,49.67,50.165,1438353.52
1759464000000,50.164,50.451,49.35,49.569,1545163.21
1759478400000,49.579,49.973,48.536,49.554,1794955.5900000001
1759492800000,49.554,50.862,48.615,50.518,2390653.2799999998
1759507200000,50.493,50.955,49.642,50.035,3497247.1099999999
1759521600000,50.039,50.228,49.361,49.475,887841.05
1759536000000,49.475,49.632,48.652,48.993,1156777.9399999999
1759550400000,49.019,49.324,48.652,48.74,801894.46
1759564800000,48.742,48.98,47.8,48.249,1816802.1000000001
1759579200000,48.249,48.884,47.745,47.914,1267287.1799999999
1759593600000,47.915,48.807,47.915,48.613,825449.4399999999
1759608000000,48.619,49.372,48.477,49.202,601824.28
1759622400000,49.198,50.34,48.9,50.032,1750709.8100000001
1759636800000,50.032,51.386,49.867,51.329,2392256.8300000001
1759651200000,51.338,51.5,49.0,49.366,2733638.2200000002
1759665600000,49.36,49.59,48.56,49.026,1298305.3799999999
1759680000000,49.025,49.26,47.4,47.516,2010630.47
1759694400000,47.517,48.582,47.404,48.288,1086569.8700000001
1759708800000,48.288,48.883,47.929,48.502,892448.39
1759723200000,48.502,49.249,48.317,48.564,1161270.72
1759737600000,48.573,49.173,48.119,48.341,1030793.73
1759752000000,48.35,49.223,48.31,48.839,2139350.6299999999
1759766400000,48.838,49.64,48.3,49.38,1767586.96
1759780800000,49.379,49.76,47.252,47.262,2257563.77
1759795200000,47.262,47.839,46.399,46.645,2800718.21
1759809600000,46.645,46.693,45.75,45.888,2305339.3399999999
1759824000000,45.874,46.594,45.592,46.001,1530714.1599999999
1759838400000,46.011,46.588,44.566,45.258,3783340.7599999998
1759852800000,45.258,45.761,44.62,45.005,1827902.6899999999
1759867200000,45.007,45.731,45.0,45.156,875480.5
1759881600000,45.15,46.324,44.892,45.582,1054177.3999999999
1759896000000,45.588,46.432,45.442,46.423,931068.77
1759910400000,46.422,46.726,45.886,46.028,964077.96
1759924800000,46.026,46.606,45.702,45.816,1463382.0700000001
1759939200000,45.816,47.395,45.8,46.821,2096111.21
1759953600000,46.819,46.871,45.916,46.683,776341.6
1759968000000,46.684,46.828,44.954,45.391,1932752.25
1759982400000,45.4,45.945,45.063,45.323,1230772.8600000001
1759996800000,45.323,45.435,44.206,44.278,2716973.7799999998
1760011200000,44.283,45.007,42.83,43.223,3993355.73
1760025600000,43.222,43.661,42.368,43.558,3148791.1200000001
1760040000000,43.562,44.55,43.546,43.976,2035302.4199999999
1760054400000,43.976,44.586,43.958,44.211,702173.88
1760068800000,44.21,44.345,43.443,43.69,1490756.5800000001
1760083200000,43.689,44.879,43.689,44.745,968169.72
1760097600000,44.741,45.449,42.014,42.606,4324747.0300000003
1760112000000,42.605,43.569,42.097,42.876,3058773.04
1760126400000,42.874,43.366,31.8,37.366,19333173.6999999993
1760140800000,37.458,39.313,36.062,37.948,8570750.9000000004
1760155200000,37.96,39.996,37.88,39.123,3981959.6800000002
1760169600000,39.142,40.929,38.7,39.93,3700036.4199999999
1760184000000,39.942,40.0,37.428,38.1,3081653.1699999999
1760198400000,38.1,38.574,36.172,36.419,2901900.8999999999
1760212800000,36.433,37.531,35.177,36.825,4757851.0599999996
1760227200000,36.828,37.682,35.778,37.088,2713695.77
1760241600000,37.086,38.887,36.952,37.766,1910791.6499999999
1760256000000,37.769,37.862,36.362,37.361,2000862.3600000001
1760270400000,37.361,40.052,36.95,39.406,4508695.8300000001
1760284800000,39.396,40.505,39.16,40.281,3696311.8300000001
1760299200000,40.28,40.887,39.41,39.616,2398448.7400000002
1760313600000,39.616,40.181,38.927,39.095,1554920.6399999999
1760328000000,39.096,42.487,38.151,42.461,4594681.6399999997
1760342400000,42.46,42.545,39.5,40.299,2775902.7200000002
1760356800000,40.291,41.436,39.642,39.744,3445926.4100000001
1760371200000,39.751,42.25,39.724,42.043,2508740.5600000001
1760385600000,42.043,43.69,41.87,42.423,2934419.79
1760400000000,42.437,43.201,41.199,41.227,2472425.9300000002
1760414400000,41.224,41.37,38.523,38.775,3603925.21
1760428800000,38.775,39.527,37.736,38.239,3489074.1299999999
1760443200000,38.231,40.198,37.379,40.134,3760771.9900000002
1760457600000,40.135,40.771,38.836,39.319,3534241.2999999998
1760472000000,39.325,39.826,38.851,39.41,1056631.48
1760486400000,39.408,39.794,38.577,38.883,1157541.8200000001
1760500800000,38.883,40.167,38.739,40.16,1302086.77
1760515200000,40.161,41.211,40.118,40.369,1925691.1499999999
1760529600000,40.376,40.488,38.629,38.862,2851546.3599999999
1760544000000,38.855,39.174,38.27,38.743,1477198.6100000001
1760558400000,38.762,38.939,36.839,37.408,2585322.7599999998
1760572800000,37.403,38.107,37.136,37.42,1304272.53
1760587200000,37.411,38.121,37.16,37.678,698922.92
1760601600000,37.678,38.854,36.911,38.853,1580580.0900000001
1760616000000,38.854,39.49,36.911,37.03,3377329.3599999999
1760630400000,37.019,38.343,36.58,37.206,3840010.7400000002
1760644800000,37.204,37.459,36.32,36.813,2022611.3300000001
1760659200000,36.816,37.571,36.581,37.458,1394116.8999999999
1760673600000,37.463,37.506,33.597,33.688,4286550.6200000001
1760688000000,33.691,35.684,33.33,35.43,5230290.29
1760702400000,35.426,36.0,33.521,35.536,4379532.7300000004
1760716800000,35.536,35.977,34.556,34.852,2314970.8799999999
1760731200000,34.849,36.192,34.701,35.496,1322575.8600000001
1760745600000,35.497,35.738,35.001,35.212,827619.02
1760760000000,35.213,35.765,34.618,35.325,785619.33
1760774400000,35.323,36.297,35.298,35.996,978753.54
1760788800000,36.017,36.135,35.068,35.495,786747.85
1760803200000,35.496,36.549,34.978,36.162,1676569.6000000001
1760817600000,36.158,36.922,35.869,36.883,1317156.05
1760832000000,36.873,36.962,36.184,36.932,830254.47
1760846400000,36.933,36.97,35.967,36.441,504421.42
1760860800000,36.446,37.6,35.751,37.319,1625705.9099999999
1760875200000,37.319,38.412,36.943,38.276,1798287.2
1760889600000,38.276,38.535,37.555,37.821,1746949.05
1760904000000,37.836,38.153,37.349,37.39,1096732.3
1760918400000,37.389,38.348,36.69,38.276,2059749.8400000001
1760932800000,38.284,38.828,37.872,38.428,2047541.6399999999
1760947200000,38.424,39.219,37.899,38.413,1461161.0800000001
1760961600000,38.406,39.58,38.348,38.841,1857256.3500000001
1760976000000,38.836,38.882,37.48,37.972,3040431.5800000001
1760990400000,37.971,38.464,37.535,37.942,754696.9399999999
1761004800000,37.932,38.074,37.064,37.085,775680.96
1761019200000,37.089,37.132,35.378,36.024,3344453.5899999999
1761033600000,36.009,36.253,35.401,36.112,1106875.5800000001
1761048000000,36.113,38.301,35.802,37.881,3923186.2799999998
1761062400000,37.877,38.38,36.796,36.933,2792734.5899999999
1761076800000,36.933,37.047,35.171,35.385,2538453.6600000001
1761091200000,35.376,35.598,34.69,35.264,2016686.8500000001
1761105600000,35.263,35.38,34.5,34.835,1640987.1699999999
1761120000000,34.826,36.171,34.733,35.883,1695809.48
1761134400000,35.883,36.681,35.648,36.383,2803728.0299999998
1761148800000,36.382,36.787,35.608,36.078,2443943.8399999999
1761163200000,36.077,36.866,34.768,36.226,2791695.8599999999
1761177600000,36.246,38.482,36.166,37.735,3338777.8799999999
1761192000000,37.741,39.188,37.001,38.893,3607766.3900000001
1761206400000,38.909,39.49,38.582,38.639,2000720.0900000001
1761220800000,38.639,40.819,38.51,40.011,5982159.25
1761235200000,40.004,40.342,39.08,39.453,2077492.3100000001
1761249600000,39.453,40.283,38.89,40.249,1032446.96
1761264000000,40.25,40.5,39.131,39.513,1087779.45
1761278400000,39.523,40.92,39.331,40.671,1815503.9399999999
1761292800000,40.659,40.686,39.532,39.678,913379.84
1761307200000,39.678,40.576,39.05,39.221,2138828.3399999999
1761321600000,39.221,39.393,38.716,39.207,1510070.6399999999
1761336000000,39.198,39.812,39.067,39.325,701284.5699999999
1761350400000,39.324,40.188,38.891,40.13,803939.99
1761364800000,40.122,40.292,39.551,40.195,688717.9300000001
1761379200000,40.195,41.21,40.119,41.16,918967.4399999999
1761393600000,41.16,41.789,40.72,40.939,1265737.1000000001
1761408000000,40.936,43.24,40.903,42.987,2332430.54
1761422400000,42.999,44.687,42.78,44.274,2528014.4399999999
1761436800000,44.274,44.886,43.54,43.73,2246397.8999999999
1761451200000,43.737,44.712,43.55,44.684,1209176.97
1761465600000,44.685,48.019,44.684,47.953,3684024.4500000002
1761480000000,47.925,48.7,46.825,47.332,2656660.4199999999
1761494400000,47.341,47.878,46.793,47.377,1043508.95
1761508800000,47.389,48.314,46.6,47.333,1831504.3899999999
1761523200000,47.331,48.791,47.107,48.145,1853271.29
1761537600000,48.145,49.421,46.654,47.359,2677312.6099999999
1761552000000,47.359,47.56,45.808,47.493,2236494.4300000002
1761566400000,47.504,47.582,46.027,46.422,1892250.45
1761580800000,46.422,47.74,46.42,46.846,1356793.78
1761595200000,46.848,48.888,45.449,46.604,4499794.3300000001
1761609600000,46.605,47.796,46.135,47.563,1521031.78
1761624000000,47.557,48.024,46.71,47.403,1052618.98
1761638400000,47.399,48.529,46.642,48.06,1576951.79
1761652800000,48.061,49.42,47.517,47.734,3017150.4100000001
1761667200000,47.734,48.977,46.327,46.436,2021178.1200000001
1761681600000,46.436,48.317,46.0,47.669,2590328.7400000002
1761696000000,47.719,48.631,47.364,47.824,1344356.29
1761710400000,47.825,48.88,47.42,47.678,872314.54
1761724800000,47.678,49.5,47.0,49.233,1442776.25
1761739200000,49.233,49.47,46.416,46.779,3317921.77
1761753600000,46.779,48.977,46.0,47.958,4422377.3399999999
1761768000000,47.966,49.988,47.426,48.056,3176884.2400000002
1761782400000,48.046,48.9,47.384,48.539,1485575.1200000001
1761796800000,48.517,49.796,46.769,49.641,2752684.1899999999
1761811200000,49.621,50.158,47.5,47.547,2035209.04
1761825600000,47.548,47.667,44.56,45.431,6188273.4199999999
1761840000000,45.426,46.04,42.706,43.127,5575422.4900000002
1761854400000,43.112,45.67,42.868,45.436,2702048.96
1761868800000,45.437,46.332,44.304,44.937,3018143.8399999999
1761883200000,44.936,45.98,43.809,44.007,1818389.49
1761897600000,44.007,44.971,43.433,44.334,1886049.3999999999
1761912000000,44.314,45.111,43.014,44.036,2882652.0499999998
1761926400000,44.035,44.1,42.393,43.435,3121776.7599999998
1761940800000,43.436,44.094,43.172,43.702,1062281.6799999999
1761955200000,43.698,44.44,42.752,44.204,1805227.3999999999
1761969600000,44.204,44.498,43.332,43.831,1009118.49
1761984000000,43.831,44.048,43.099,43.706,857878.46
1761998400000,43.71,43.839,42.727,43.38,1020482.1899999999
1762012800000,43.379,44.305,43.138,43.5,1340869.98
1762027200000,43.5,43.7,42.855,43.27,630413.61
1762041600000,43.271,43.282,42.214,43.035,1563078.24
1762056000000,43.034,43.429,42.575,43.246,681668.95
1762070400000,43.258,43.444,41.374,42.876,2717447.9500000002
1762084800000,42.876,43.0,41.449,41.476,1798287.3200000001
1762099200000,41.475,42.008,41.067,41.64,1979392.1399999999
1762113600000,41.639,42.612,41.273,42.434,935531.37
1762128000000,42.434,42.707,40.51,40.537,2283278.8199999998
1762142400000,40.537,41.8,40.19,41.342,2035353.75
1762156800000,41.342,41.519,40.251,41.387,1660911.6200000001
1762171200000,41.388,41.909,38.333,39.085,4149977.21
1762185600000,39.095,41.266,38.556,39.84,3288122.0699999998
1762200000000,39.837,40.365,39.021,40.179,1836950.23
1762214400000,40.193,40.828,39.23,40.566,1347062.6699999999
1762228800000,40.566,40.764,36.687,37.948,5126274.1600000001
1762243200000,37.948,38.352,36.878,38.179,3071507.75
1762257600000,38.179,40.229,37.012,39.09,4146422.6000000001
1762272000000,39.089,39.489,36.455,37.243,6363293.5300000003
1762286400000,37.245,39.3,35.254,39.006,7536153.1100000003
1762300800000,39.006,40.423,37.4,40.121,3464714.1299999999
1762315200000,40.121,40.985,39.723,40.651,1716797.1499999999
1762329600000,40.651,41.549,39.347,41.549,2289993.5299999998
1762344000000,41.543,42.241,40.702,42.069,2872466.5699999998
1762358400000,42.069,42.1,41.302,41.493,1708879.1599999999
1762372800000,41.493,41.65,40.782,41.359,814848.25
1762387200000,41.358,41.358,40.309,40.97,1275622.8999999999
1762401600000,40.969,41.171,39.502,39.632,1288970.8999999999
1762416000000,39.631,40.404,39.327,40.379,1124925.54
1762430400000,40.371,40.5,38.376,38.908,2733126.8999999999
1762444800000,38.908,39.17,37.57,38.723,4098794.8700000001
1762459200000,38.724,38.952,38.126,38.473,1468398.6899999999
1762473600000,38.473,39.456,38.245,38.56,1468846.24
1762488000000,38.561,40.376,38.119,40.325,1676477.1000000001
1762502400000,40.325,40.754,38.262,38.831,2466688.6200000001
1762516800000,38.83,40.8,37.879,40.456,2644108.5699999998
1762531200000,40.456,42.934,40.166,42.811,2530068.3999999999
1762545600000,42.814,43.308,42.2,42.201,2125959.2999999998
1762560000000,42.204,43.217,41.701,42.201,1173947.6100000001
1762574400000,42.201,42.534,40.399,40.869,1473877.5900000001
1762588800000,40.869,41.759,40.608,40.805,973802.88
1762603200000,40.805,41.47,39.809,40.242,1220860.54
1762617600000,40.242,40.939,39.693,39.987,1383749.8400000001
1762632000000,39.987,40.53,39.64,40.127,1069671.73
1762646400000,40.127,40.491,39.453,40.096,1038677.52
1762660800000,40.096,40.309,39.781,40.164,386025.08
1762675200000,40.168,40.454,39.126,39.716,909888.16
1762689600000,39.715,41.329,39.612,40.949,1382761.22
1762704000000,40.957,42.586,40.593,42.584,1212158.3899999999
1762718400000,42.583,42.797,41.58,41.793,1346251.48
1762732800000,41.796,42.921,41.454,42.712,1930285.98
1762747200000,42.712,43.176,42.511,42.999,1216332.6499999999
1762761600000,43.01,43.091,41.9,42.075,1127279.1799999999
1762776000000,42.075,42.367,41.022,41.174,1589400.46
1762790400000,41.179,41.931,40.775,41.693,1233222.23
1762804800000,41.701,42.375,41.293,41.414,1177734.8700000001
1762819200000,41.413,41.961,40.543,41.521,1833381.3200000001
1762833600000,41.519,41.521,39.735,39.811,1916845.8
1762848000000,39.805,40.45,39.676,40.294,1034647.23
1762862400000,40.294,40.445,39.571,39.88,1624540.01
1762876800000,39.879,39.911,39.021,39.314,1145159.95
1762891200000,39.325,39.399,38.444,38.68,1503517.98
1762905600000,38.675,39.34,38.406,39.123,842060.34
1762920000000,39.112,39.776,38.91,39.263,649834.8
1762934400000,39.264,40.8,39.264,40.463,1177769.53
1762948800000,40.45,40.678,38.71,38.759,1629055.03
1762963200000,38.758,39.08,37.513,38.38,3864537.1099999999
1762977600000,38.382,39.0,38.134,38.371,1045752.9399999999
1762992000000,38.371,39.1,37.93,38.554,1019559.64
1763006400000,38.557,40.007,38.29,39.202,1530598.0
1763020800000,39.201,39.439,38.699,39.072,699509.5699999999
1763035200000,39.06,39.246,38.102,38.369,1158003.96
1763049600000,38.36,38.526,36.583,37.511,3675831.5600000001
1763064000000,37.524,39.141,37.163,38.568,2265656.9300000002
1763078400000,38.567,38.626,37.55,37.838,1270198.98
1763092800000,37.834,37.934,36.412,37.492,2705040.0299999998
1763107200000,37.501,37.744,36.68,36.886,1190532.99
1763121600000,36.881,38.061,36.04,38.019,3555770.46
1763136000000,38.02,38.289,36.743,38.002,2491430.7999999998
1763150400000,38.007,38.602,37.034,37.522,1647885.8999999999
1763164800000,37.52,38.88,37.325,38.841,941294.78
1763179200000,38.842,39.32,38.328,39.152,760972.74
1763193600000,39.151,39.583,38.514,38.671,669624.84
1763208000000,38.668,39.328,38.535,39.213,696391.22
1763222400000,39.212,39.212,38.553,38.69,465410.14
1763236800000,38.7,38.821,38.31,38.602,362352.57
1763251200000,38.599,38.889,38.069,38.676,888312.52
1763265600000,38.675,39.299,38.555,39.225,717300.4399999999
1763280000000,39.223,40.519,38.904,39.307,1582307.8
1763294400000,39.291,39.553,38.07,38.223,1328913.9299999999
1763308800000,38.206,38.514,37.504,38.05,1387556.3600000001
1763323200000,38.071,38.758,37.493,38.706,1550222.21
1763337600000,38.706,39.041,38.206,38.749,845206.37
1763352000000,38.738,38.774,38.254,38.573,615770.04
1763366400000,38.574,39.238,38.3,39.228,529524.4300000001
1763380800000,39.228,39.285,37.343,37.543,2120531.2400000002
1763395200000,37.542,38.217,37.11,37.685,2275390.9700000002
1763409600000,37.68,39.322,37.587,39.322,2204075.71
1763424000000,39.323,40.89,38.527,40.407,2703340.7999999998
1763438400000,40.407,41.708,39.561,40.262,3070333.7599999998
1763452800000,40.269,41.48,40.247,41.115,1519693.1699999999
1763467200000,41.112,41.641,38.308,38.909,4390583.4400000004
1763481600000,38.898,39.588,38.269,38.633,1407556.9299999999
1763496000000,38.639,39.408,38.555,38.675,871751.63
1763510400000,38.675,39.132,38.313,38.367,641329.2
1763524800000,38.362,38.73,37.63,38.628,1616013.4399999999
1763539200000,38.631,38.73,37.959,38.241,848932.67
1763553600000,38.242,38.57,37.311,37.353,1329563.22
1763568000000,37.362,37.888,37.177,37.63,1625182.77
1763582400000,37.635,39.006,37.581,38.872,2217764.9700000002
1763596800000,38.872,39.813,38.36,39.293,1951096.6499999999
1763611200000,39.286,39.735,38.95,39.458,659980.24
1763625600000,39.458,39.497,38.988,39.303,544102.51
1763640000000,39.303,39.424,38.419,38.476,1199354.3700000001
1763654400000,38.478,38.551,37.371,37.884,2932151.5099999998
1763668800000,37.884,38.4,37.455,37.55,1138493.1499999999
1763683200000,37.549,38.545,36.833,36.878,2347287.2200000002
1763697600000,36.879,37.274,32.182,34.272,6467743.54
1763712000000,34.272,34.841,32.237,32.478,4957389.3899999997
1763726400000,32.479,34.195,31.616,32.834,6178742.1799999997
1763740800000,32.832,34.597,32.09,33.529,4472874.2800000003
1763755200000,33.528,34.337,33.029,33.863,2123474.1299999999
1763769600000,33.864,34.367,33.493,33.907,1060688.3
1763784000000,33.91,34.53,33.213,33.937,1068276.4099999999
1763798400000,33.942,33.954,32.733,32.882,1288606.0600000001
1763812800000,32.891,32.956,31.883,31.901,2364803.0699999998
1763827200000,31.902,32.004,30.489,30.5,4961703.75
1763841600000,30.5,30.649,29.355,29.978,6050262.1399999997
1763856000000,29.978,31.55,29.627,31.221,3093672.9399999999
1763870400000,31.225,31.857,30.359,30.899,1602136.7
1763884800000,30.887,31.66,30.72,31.542,1019121.9
1763899200000,31.543,32.05,30.62,31.185,1804076.75
1763913600000,31.185,31.237,30.25,31.003,1314894.8400000001
1763928000000,31.016,32.643,30.898,31.878,2981774.77
1763942400000,31.877,33.758,31.5,33.071,2264336.7999999998
1763956800000,33.071,33.075,31.168,31.57,2158838.5
1763971200000,31.571,31.8,31.047,31.216,1590575.02
1763985600000,31.218,31.94,30.39,31.039,2686880.6400000001
1764000000000,31.039,32.477,31.039,32.442,1921300.8300000001
1764014400000,32.452,34.678,32.364,33.719,4093833.6099999999
1764028800000,33.719,33.812,32.206,32.607,2530745.4500000002
1764043200000,32.607,32.901,31.8,31.889,1347794.25
1764057600000,31.89,34.453,31.89,32.552,6327123.71
1764072000000,32.551,33.236,31.807,32.285,2382017.9500000002
1764086400000,32.285,32.729,31.816,32.377,1323895.5700000001
1764100800000,32.377,33.953,32.2,33.754,1850509.6200000001
1764115200000,33.753,34.616,33.65,33.9,2020330.52
1764129600000,33.901,35.036,33.61,34.753,1877501.4099999999
1764144000000,34.752,34.786,33.618,33.709,802231.39
1764158400000,33.707,34.296,33.022,33.84,1396051.73
1764172800000,33.835,35.642,33.794,35.219,2124420.5
1764187200000,35.23,36.354,34.862,36.238,2536301.6299999999
1764201600000,36.238,36.482,35.544,35.678,1470231.27
1764216000000,35.673,35.936,35.325,35.574,657172.0600000001
1764230400000,35.574,35.645,34.5,34.824,1371524.5
1764244800000,34.824,34.999,34.5,34.714,1029883.5600000001
1764259200000,34.713,35.818,34.533,35.743,1530544.52
1764273600000,35.742,36.0,34.678,34.728,1156383.0800000001
1764288000000,34.728,34.901,33.764,34.895,1622368.02
1764302400000,34.893,35.56,34.481,34.674,1190483.5800000001
1764316800000,34.674,36.327,34.635,35.982,1661198.02
1764331200000,35.982,36.816,35.33,35.51,1954646.23
1764345600000,35.51,35.63,34.201,34.58,1663148.3200000001
1764360000000,34.58,35.351,34.307,34.97,787632.17
1764374400000,34.97,35.194,34.58,34.857,747049.24
1764388800000,34.858,36.48,34.1,35.99,3277594.1400000001
1764403200000,35.991,36.041,35.271,35.759,1514925.1699999999
1764417600000,35.759,36.262,34.558,34.799,2090066.73
1764432000000,34.786,35.117,34.042,34.49,1286184.6299999999
1764446400000,34.49,34.794,34.216,34.36,557792.45
1764460800000,34.36,34.566,34.021,34.314,717522.98
1764475200000,34.319,34.354,33.364,33.996,1243597.25
1764489600000,33.996,34.086,32.947,33.015,1555869.75
1764504000000,33.016,33.792,32.9,33.068,1641543.9299999999
1764518400000,33.074,34.01,33.074,33.753,767680.73
1764532800000,33.753,33.852,31.87,31.949,1882683.8100000001
1764547200000,31.94,32.068,30.526,30.766,5237252.8799999999
1764561600000,30.761,31.26,30.275,31.216,1721543.8600000001
1764576000000,31.216,31.446,30.588,30.644,966756.83
1764590400000,30.636,30.811,29.163,29.78,4668892.5199999996
1764604800000,29.78,30.0,29.25,29.552,1742890.1899999999
1764619200000,29.543,31.503,29.543,31.01,2423293.6600000001
1764633600000,31.018,31.54,30.35,31.087,1911793.52
1764648000000,31.087,32.001,30.938,31.716,1154612.6499999999
1764662400000,31.715,32.05,31.107,31.839,1169620.1299999999
1764676800000,31.845,33.402,31.458,33.001,6477955.5300000003
1764691200000,33.002,33.792,32.639,33.102,2477977.8999999999
1764705600000,33.102,34.428,32.622,33.875,1939239.6699999999
1764720000000,33.873,34.852,33.381,34.253,1322610.4099999999
1764734400000,34.253,35.4,34.058,34.26,1287315.3
1764748800000,34.259,34.633,33.5,33.782,1177567.0700000001
1764763200000,33.788,34.7,33.451,34.052,1633627.1699999999
1764777600000,34.056,34.79,33.877,34.772,1484423.01
1764792000000,34.772,35.127,34.296,34.671,1132814.0700000001
1764806400000,34.668,36.219,34.251,35.607,2317023.3900000001
1764820800000,35.607,35.607,34.7,35.252,933512.8199999999
1764835200000,35.25,35.412,34.586,34.768,642534.9
1764849600000,34.768,34.995,34.06,34.587,969012.29
1764864000000,34.587,34.954,33.213,33.492,2009135.1699999999
1764878400000,33.492,33.717,33.069,33.537,899130.74
1764892800000,33.537,33.932,33.275,33.68,790021.8199999999
1764907200000,33.694,33.837,33.175,33.211,442401.89
1764921600000,33.21,33.292,31.82,31.922,2773746.6099999999
1764936000000,31.924,32.067,31.156,31.506,3554760.1299999999
1764950400000,31.509,31.553,30.48,31.118,2703108.8799999999
1764964800000,31.119,31.36,30.795,30.988,1265498.3100000001
1764979200000,30.989,31.236,30.623,31.113,731892.58
1764993600000,31.114,31.415,31.028,31.075,384528.8
1765008000000,31.075,31.098,30.661,30.867,434544.44
1765022400000,30.866,31.2,30.622,30.87,561510.91
1765036800000,30.871,31.492,30.853,31.028,534224.21
1765051200000,31.026,31.282,30.735,30.961,564722.65
1765065600000,30.962,31.175,30.805,30.978,337223.66
1765080000000,30.974,31.231,30.495,30.523,515364.85
1765094400000,30.523,30.544,29.15,29.685,3369458.6499999999
1765108800000,29.68,30.077,28.143,29.085,4235405.3099999996
1765123200000,29.076,29.879,28.797,29.685,2634043.71
1765137600000,29.686,29.949,28.452,29.741,1878810.28
1765152000000,29.735,31.007,29.459,30.011,2095154.79
1765166400000,30.009,30.555,29.882,30.017,904891.8
1765180800000,30.017,30.85,29.98,30.663,961669.5699999999
1765195200000,30.662,30.716,29.083,29.581,2190400.9399999999
1765209600000,29.582,30.013,28.568,29.074,2657547.1600000001
1765224000000,29.079,29.913,29.045,29.491,1618315.5800000001
1765238400000,29.496,29.546,28.447,28.63,1325211.8400000001
1765252800000,28.632,28.721,27.448,28.31,3673987.1200000001
1765267200000,28.311,28.437,27.5,27.992,1926518.1599999999
1765281600000,27.99,28.82,27.798,28.544,2379993.98
1765296000000,28.545,29.328,28.26,29.088,2594676.2599999998
1765310400000,29.088,29.149,27.499,27.914,2677680.6699999999
1765324800000,27.913,28.95,27.601,28.843,1781816.6499999999
1765339200000,28.85,29.55,28.653,29.324,1548004.3799999999
1765353600000,29.333,29.5,28.996,29.123,1047037.8
1765368000000,29.129,29.325,28.731,29.047,941782.98
1765382400000,29.048,29.965,28.821,29.5,2143380.1000000001
1765396800000,29.5,30.003,28.831,28.843,1929283.75
1765411200000,28.842,29.193,28.149,28.636,1951214.8400000001
1765425600000,28.632,28.863,27.946,28.097,1072542.6399999999
1765440000000,28.096,28.122,27.091,27.228,1822931.29
1765454400000,27.232,28.136,26.874,27.55,2938766.7599999998
1765468800000,27.55,28.558,27.446,28.189,1611843.1000000001
1765483200000,28.19,29.239,28.184,29.159,2002287.54
1765497600000,29.16,29.631,28.854,29.467,1202349.3300000001
1765512000000,29.466,29.828,29.285,29.501,932719.6800000001
1765526400000,29.501,29.993,29.145,29.866,1196342.54
1765540800000,29.867,29.903,28.593,28.892,1619169.6899999999
1765555200000,28.893,30.309,28.679,28.841,3630184.96
1765569600000,28.839,29.076,28.361,28.616,1641691.8600000001
1765584000000,28.616,28.866,28.361,28.534,445669.0
1765598400000,28.534,28.552,27.957,28.045,1491653.7
1765612800000,28.045,29.045,27.939,28.944,1608916.8700000001
1765627200000,28.939,29.5,28.848,29.2,949435.73
1765641600000,29.2,29.391,28.791,28.936,705123.16
1765656000000,28.935,29.775,28.627,29.622,1040810.98
1765670400000,29.623,29.88,29.2,29.276,836587.04
1765684800000,29.276,29.618,28.94,29.57,725233.4399999999
1765699200000,29.576,29.608,28.622,28.844,982745.21
1765713600000,28.845,29.944,28.664,28.861,2135737.9199999999
1765728000000,28.861,29.574,28.754,29.153,1057240.1599999999
1765742400000,29.153,29.312,28.353,28.846,1343434.02
1765756800000,28.852,29.6,28.634,29.004,1214568.8600000001
1765771200000,29.004,29.325,28.973,29.148,535585.35
1765785600000,29.148,29.538,29.02,29.408,519018.23
1765800000000,29.408,29.514,27.4,27.762,3114485.9300000002
1765814400000,27.765,28.132,27.188,27.557,3710955.0600000001
1765828800000,27.558,27.738,27.181,27.616,1154217.29
1765843200000,27.616,27.68,26.313,26.708,2538277.9700000002
1765857600000,26.71,26.787,26.0,26.322,2120981.0899999999
1765872000000,26.323,27.423,26.264,27.415,1151269.7
1765886400000,27.416,27.611,26.8,27.284,2107744.3500000001
1765900800000,27.284,27.327,26.276,26.923,1726028.1000000001
1765915200000,26.916,27.182,26.511,26.809,995357.28
1765929600000,26.809,28.351,26.217,27.04,5304413.4699999997
1765944000000,27.042,27.292,26.55,27.198,1734151.1399999999
1765958400000,27.187,27.684,26.666,27.633,1165102.6299999999
1765972800000,27.627,27.9,26.599,26.742,3023617.1499999999
1765987200000,26.746,27.055,24.692,24.753,8795928.5399999991
1766001600000,24.752,25.03,24.15,24.483,3748561.25
1766016000000,24.48,24.768,24.103,24.186,2103182.8900000001
1766030400000,24.192,24.582,23.903,23.984,1214790.1899999999
1766044800000,23.984,24.486,23.681,24.363,2359355.5
1766059200000,24.37,25.293,24.1,24.676,4579063.5999999996
1766073600000,24.68,24.801,22.6,22.791,7002792.5800000001
1766088000000,22.785,23.23,22.432,22.454,2545219.8399999999
1766102400000,22.452,23.305,22.205,23.069,2599785.46
1766116800000,23.075,24.199,23.01,23.921,2245448.1099999999
1766131200000,23.921,24.794,23.753,24.577,1790754.3400000001
1766145600000,24.586,24.706,23.71,23.867,2472719.5600000001
1766160000000,23.868,25.162,23.809,24.753,2062285.8600000001
1766174400000,24.753,24.93,24.431,24.861,749033.6800000001
1766188800000,24.863,24.893,24.331,24.58,524344.55
1766203200000,24.579,24.963,24.533,24.916,567301.3
1766217600000,24.916,25.52,24.505,24.687,893290.39
1766232000000,24.687,24.847,24.455,24.682,533060.09
1766246400000,24.688,25.355,24.627,25.143,845126.8199999999
1766260800000,25.143,25.267,23.8,23.996,1369625.3300000001
1766275200000,23.995,24.13,23.6,23.897,1113397.8600000001
1766289600000,23.898,24.277,23.838,24.192,559657.5
1766304000000,24.189,24.639,24.001,24.294,2321923.7799999998
1766318400000,24.293,24.415,23.718,24.174,1812109.5900000001
1766332800000,24.173,24.531,24.023,24.355,1525550.5800000001
1766347200000,24.354,24.855,24.021,24.837,798796.67
1766361600000,24.836,25.0,24.451,24.762,1336061.55
1766376000000,24.757,25.424,24.641,25.388,754538.88
1766390400000,25.389,25.695,24.975,25.073,898973.0699999999
1766404800000,25.074,25.437,24.39,24.712,1789990.48
1766419200000,24.715,25.221,24.531,24.648,1722959.5600000001
1766433600000,24.643,25.113,24.54,24.867,1083116.47
1766448000000,24.869,25.005,24.335,24.336,775311.67
1766462400000,24.337,24.486,24.013,24.264,1155259.3400000001
1766476800000,24.259,24.419,23.815,24.303,704807.73
1766491200000,24.306,24.607,23.646,24.081,1308824.24
1766505600000,24.08,24.586,24.039,24.566,817646.55
1766520000000,24.566,24.755,23.8,23.947,1205424.53
1766534400000,23.948,24.396,23.636,24.065,1105794.25
1766548800000,24.061,24.231,23.709,23.718,582108.83
1766563200000,23.718,23.999,23.609,23.925,447547.97
1766577600000,23.92,24.293,23.791,24.277,602864.04
1766592000000,24.271,24.703,24.154,24.666,729152.09
1766606400000,24.663,25.238,24.423,25.155,1237455.25
1766620800000,25.163,25.201,24.781,24.852,842678.04
1766635200000,24.863,25.159,24.587,24.706,1029530.75
1766649600000,24.704,24.73,24.484,24.641,180730.78
1766664000000,24.641,24.897,24.533,24.807,256006.31
1766678400000,24.81,25.218,24.763,24.924,476437.55
1766692800000,24.924,25.014,24.186,24.4,1100478.22
1766707200000,24.399,25.12,24.364,24.949,736551.4300000001
1766721600000,24.947,25.517,24.791,25.108,914855.98
1766736000000,25.108,25.495,24.834,24.912,929607.27
1766750400000,24.912,25.169,24.705,24.985,679602.5
1766764800000,24.979,25.05,24.752,24.995,522469.22
1766779200000,24.996,25.836,24.969,25.79,751699.9
1766793600000,25.789,26.429,25.555,25.919,1077887.6100000001
1766808000000,25.925,26.075,25.754,25.942,378096.38
1766822400000,25.943,26.341,25.941,26.109,606012.55
1766836800000,26.106,26.17,25.71,25.963,474035.1
1766851200000,25.962,25.98,25.381,25.698,879872.78
1766865600000,25.698,26.153,25.584,25.967,638561.47
1766880000000,25.968,26.204,25.868,26.096,420552.51
1766894400000,26.098,26.312,25.71,25.815,510049.46
1766908800000,25.817,26.038,25.755,25.86,188497.97
1766923200000,25.861,25.908,25.067,25.163,999677.15
1766937600000,25.161,25.473,24.909,24.975,1543800.1399999999
1766952000000,24.974,25.453,24.816,25.358,1044048.34
1766966400000,25.355,26.288,25.252,26.093,2641939.0299999998
1766980800000,26.098,26.291,25.789,25.935,900936.4
1766995200000,25.935,26.116,25.52,25.655,1252541.54
1767009600000,25.654,26.13,25.31,26.027,1351313.6899999999
1767024000000,26.027,26.45,25.607,25.645,1271896.3600000001
1767038400000,25.643,26.0,25.629,25.789,758051.04
1767052800000,25.794,25.885,25.37,25.76,607292.24
1767067200000,25.758,26.44,25.73,26.14,1413901.98
1767081600000,26.135,26.698,25.727,25.883,1392591.3500000001
1767096000000,25.882,25.883,25.355,25.773,881050.92
1767110400000,25.776,26.0,25.532,25.989,796732.46
1767124800000,25.995,26.093,25.763,25.971,622605.8199999999
1767139200000,25.971,26.118,25.689,25.83,668824.4399999999
1767153600000,25.831,26.087,25.727,25.77,597994.6
1767168000000,25.76,25.93,25.712,25.792,460885.79
1767182400000,25.788,26.238,25.76,25.927,819193.86
1767196800000,25.928,26.1,25.567,25.755,698710.5
1767211200000,25.754,25.91,25.3,25.45,851527.77
1767225600000,25.45,26.076,25.417,25.576,864056.0
1767240000000,25.581,25.713,25.394,25.668,468221.11
1767254400000,25.669,25.857,25.558,25.779,266817.08
1767268800000,25.78,25.783,24.021,24.278,2708144.5800000001
1767283200000,24.28,24.619,23.939,24.39,3417435.4399999999
1767297600000,24.389,24.491,23.787,24.231,1304466.1699999999
1767312000000,24.232,24.605,24.057,24.498,975231.4300000001
1767326400000,24.498,24.811,24.161,24.295,1158015.95
1767340800000,24.295,24.998,24.266,24.462,1131474.52
1767355200000,24.46,24.71,24.259,24.494,1154817.78
1767369600000,24.495,24.878,24.4,24.611,1351010.98
1767384000000,24.62,24.651,24.057,24.582,1257774.9399999999
1767398400000,24.581,24.75,24.401,24.55,850176.74
1767412800000,24.551,25.229,24.308,24.511,1673617.9299999999
1767427200000,24.511,24.681,24.275,24.385,1135646.49
1767441600000,24.39,24.972,24.3,24.782,694878.85
1767456000000,24.783,25.19,24.696,24.8,773984.36
1767470400000,24.804,25.438,24.474,25.379,1664665.29
1767484800000,25.376,25.578,25.038,25.295,1132441.53
1767499200000,25.296,25.353,24.951,25.143,661828.9300000001
1767513600000,25.143,25.342,24.854,25.243,663080.84
1767528000000,25.237,26.15,25.066,26.148,1158293.1000000001
1767542400000,26.148,26.406,25.751,25.859,1176879.5900000001
1767556800000,25.86,26.889,25.815,26.871,2414776.3300000001
1767571200000,26.871,27.386,26.33,26.428,2611859.3999999999
1767585600000,26.43,26.643,26.148,26.409,789785.4
1767600000000,26.401,26.766,25.933,26.348,1741406.3700000001
1767614400000,26.342,26.581,25.8,26.422,1764727.3799999999
1767628800000,26.421,27.2,26.169,27.073,1694762.0800000001
1767643200000,27.073,27.484,26.391,26.507,2313048.7599999998
1767657600000,26.507,26.828,26.1,26.399,1830927.22
1767672000000,26.401,27.131,26.329,26.388,1804391.8999999999
1767686400000,26.385,27.04,26.19,26.923,1402242.6200000001
1767700800000,26.922,27.439,26.88,27.169,1676685.02
1767715200000,27.168,27.567,26.477,27.089,2960895.1400000001
1767729600000,27.08,28.38,27.064,28.241,2226300.9900000002
1767744000000,28.241,28.38,27.456,27.807,1478471.1599999999
1767758400000,27.807,27.993,27.291,27.615,656361.54
1767772800000,27.615,27.743,26.986,27.038,1658633.9299999999
1767787200000,27.034,27.093,26.487,26.487,1861350.6000000001
1767801600000,26.487,27.199,26.481,26.888,1289594.51
1767816000000,26.889,27.116,26.514,26.875,1383035.8200000001
1767830400000,26.876,27.089,26.363,26.514,737616.51
1767844800000,26.515,26.732,26.133,26.707,1100525.6299999999
1767859200000,26.7,26.747,25.83,26.149,1399080.5900000001
1767873600000,26.15,26.293,25.7,26.191,1603601.8999999999
1767888000000,26.191,26.305,25.761,25.95,1201457.8799999999
1767902400000,25.95,25.962,25.573,25.663,843545.8100000001
1767916800000,25.663,25.787,25.42,25.728,875217.08
1767931200000,25.735,26.208,25.687,26.086,646569.21
1767945600000,26.089,26.124,25.237,25.506,2434504.4900000002
1767960000000,25.506,25.99,25.319,25.621,1278504.01
1767974400000,25.618,25.925,25.02,25.105,1630846.01
1767988800000,25.112,25.199,24.91,25.054,895399.87
1768003200000,25.055,25.074,24.208,24.403,2592202.7799999998
1768017600000,24.399,24.434,24.176,24.331,567745.24
1768032000000,24.332,24.681,24.239,24.552,577202.4399999999
1768046400000,24.561,24.628,24.187,24.317,538004.03
1768060800000,24.317,24.33,23.855,24.117,968556.36
1768075200000,24.112,24.242,23.784,24.02,593602.38
1768089600000,24.02,24.2,23.969,24.191,436477.63
1768104000000,24.192,24.485,24.134,24.447,292361.4
1768118400000,24.447,24.51,24.308,24.426,387801.49
1768132800000,24.428,24.626,24.361,24.421,513255.34
1768147200000,24.421,24.653,24.374,24.546,427835.63
1768161600000,24.542,24.545,24.236,24.42,542621.62
1768176000000,24.421,25.392,24.281,24.879,1779613.3799999999
1768190400000,24.88,25.101,24.689,24.71,670297.96
1768204800000,24.72,24.85,23.61,23.992,2088512.3999999999
1768219200000,23.987,24.107,23.101,23.589,2132987.27
1768233600000,23.581,23.93,23.256,23.9,1901178.26
1768248000000,23.906,24.142,23.69,23.76,1554564.6899999999
1768262400000,23.758,24.255,23.738,24.235,904213.9300000001
1768276800000,24.236,24.493,24.19,24.275,544008.6899999999
1768291200000,24.276,24.679,24.045,24.306,1243850.6599999999
1768305600000,24.307,24.692,24.249,24.395,1778237.0900000001
1768320000000,24.395,25.043,24.389,24.974,1596759.4399999999
1768334400000,24.978,25.852,24.709,25.767,2865274.0600000001
1768348800000,25.766,26.136,25.62,26.075,992514.5
1768363200000,26.07,26.211,25.715,26.192,804572.91
1768377600000,26.193,26.547,25.803,25.823,1178881.9199999999
1768392000000,25.825,26.615,25.751,26.339,1819894.8899999999
1768406400000,26.339,26.878,25.81,26.34,2732390.4900000002
1768420800000,26.342,26.468,25.641,25.961,1710282.8899999999
1768435200000,25.967,26.104,24.712,24.725,3231373.1499999999
1768449600000,24.724,25.392,24.707,25.025,1697815.74
1768464000000,25.026,25.347,24.938,25.209,1056247.25
1768478400000,25.209,25.6,24.492,24.9,1857815.0600000001
1768492800000,24.897,25.275,24.5,25.0,1792351.48
1768507200000,25.0,25.2,24.337,24.724,1273143.21
1768521600000,24.725,24.866,24.499,24.585,523742.94
1768536000000,24.584,25.04,24.482,24.822,548879.76
1768550400000,24.821,25.131,24.686,25.13,916152.62
1768564800000,25.13,25.243,24.58,24.819,1109880.0700000001
1768579200000,24.815,25.11,24.729,24.822,604507.74
1768593600000,24.821,25.139,24.664,24.999,665696.3199999999
1768608000000,25.009,25.029,24.786,24.817,291037.04
1768622400000,24.813,25.036,24.749,24.95,297430.17
1768636800000,24.949,25.349,24.949,25.275,426911.77
1768651200000,25.269,25.67,25.068,25.663,591428.02
1768665600000,25.664,25.835,25.352,25.653,661620.24
1768680000000,25.653,25.725,25.35,25.421,803659.7
1768694400000,25.421,25.567,25.238,25.482,307824.31
1768708800000,25.483,26.04,25.424,25.841,487901.69
1768723200000,25.842,26.136,25.729,26.016,469078.44
1768737600000,26.017,26.031,25.69,25.832,342943.4
1768752000000,25.829,25.893,25.059,25.173,1602429.3400000001
1768766400000,25.173,25.278,24.337,24.461,1416858.21
1768780800000,24.461,24.466,23.011,23.937,3529102.2000000002
1768795200000,23.938,24.029,23.663,23.819,822121.91
1768809600000,23.819,24.246,23.786,24.109,796116.0699999999
1768824000000,24.109,24.109,23.493,23.751,1440492.1699999999
1768838400000,23.752,24.151,23.733,24.039,754152.0699999999
1768852800000,24.04,24.111,23.539,23.726,802880.1800000001
1768867200000,23.727,23.778,23.438,23.764,807559.46
1768881600000,23.765,23.876,23.087,23.096,1815619.25
1768896000000,23.095,23.257,22.711,22.76,2046436.3100000001
1768910400000,22.756,22.889,21.576,22.081,6487757.8799999999
1768924800000,22.081,22.176,20.965,21.54,4649987.3600000003
1768939200000,21.536,21.849,20.794,20.978,2775761.6899999999
1768953600000,20.981,21.565,20.871,21.437,1565225.8999999999
1768968000000,21.425,21.782,21.221,21.262,1110561.9399999999
1768982400000,21.258,21.266,20.548,20.697,2485318.1200000001
1768996800000,20.698,21.61,20.493,21.581,2379647.98
1769011200000,21.58,22.023,20.463,21.874,4906566.3700000001
1769025600000,21.881,22.095,21.417,21.526,1549219.3400000001
1769040000000,21.529,22.2,21.473,21.566,1571050.01
1769054400000,21.57,21.96,21.566,21.931,588077.54
1769068800000,21.931,22.212,21.806,21.807,986566.53
1769083200000,21.807,21.979,21.092,21.27,1880962.8999999999
1769097600000,21.267,21.75,21.112,21.418,1693334.22
1769112000000,21.416,21.498,21.26,21.439,392018.55
1769126400000,21.443,21.806,21.369,21.806,444253.14
1769140800000,21.805,21.846,21.393,21.445,509120.31
1769155200000,21.445,21.485,20.837,21.237,1398962.9299999999
1769169600000,21.231,22.351,21.153,22.338,2133943.2400000002
1769184000000,22.334,23.082,22.224,22.395,3193439.1499999999
1769198400000,22.395,22.744,22.304,22.641,836026.26
1769212800000,22.641,23.3,22.602,23.108,1533568.8999999999
1769227200000,23.106,23.168,22.811,22.814,509210.41
1769241600000,22.816,23.462,22.812,23.212,643700.4
1769256000000,23.212,23.462,23.002,23.039,744326.3100000001
1769270400000,23.042,23.665,22.907,23.434,1204570.9299999999
1769284800000,23.433,23.744,23.154,23.196,1337883.03
1769299200000,23.198,23.414,22.915,22.926,1008425.8100000001
1769313600000,22.929,22.985,22.712,22.897,550546.11
1769328000000,22.894,22.99,22.33,22.495,1405422.6399999999
1769342400000,22.494,22.719,22.417,22.447,617080.49
1769356800000,22.449,22.602,21.659,21.8,2507452.6400000001
1769371200000,21.801,22.286,21.621,22.204,1661326.3200000001
1769385600000,22.205,22.52,21.823,21.962,1754594.02
1769400000000,21.962,22.335,21.936,22.313,708032.0
1769414400000,22.314,22.6,22.021,22.276,1765041.51
1769428800000,22.275,22.882,22.111,22.449,1471301.21
1769443200000,22.449,24.41,22.401,24.1,3827524.3300000001
1769457600000,24.1,25.324,23.947,24.927,2559819.1899999999
1769472000000,24.929,26.455,24.895,26.1,2692354.0899999999
1769486400000,26.1,27.793,26.034,27.412,3037188.77
1769500800000,27.418,28.081,27.2,27.724,2938206.6099999999
1769515200000,27.721,28.18,27.131,28.163,2336321.3399999999
1769529600000,28.153,29.114,27.408,28.789,4275255.2699999996
1769544000000,28.783,30.96,28.731,30.814,5979465.1900000004
1769558400000,30.8,33.9,30.709,33.534,9396463.3499999996
1769572800000,33.534,34.228,32.374,33.482,4636134.3499999996
1769587200000,33.482,34.791,33.377,33.892,4170872.9700000002
1769601600000,33.888,34.647,33.0,33.447,3919684.3700000001
1769616000000,33.459,33.605,32.331,33.351,3765327.6800000002
1769630400000,33.339,34.503,32.76,34.419,3501705.9399999999
1769644800000,34.42,34.434,31.635,31.715,3844208.9500000002
1769659200000,31.729,33.231,31.068,32.419,3483379.2400000002
1769673600000,32.425,33.795,31.804,33.291,1965000.1799999999
1769688000000,33.301,34.536,31.728,33.1,6001206.4500000002
1769702400000,33.1,33.95,31.903,32.09,4344452.54
1769716800000,32.086,32.849,30.37,30.755,4705653.9800000004
1769731200000,30.756,30.808,28.135,29.209,5683622.6500000004
1769745600000,29.209,29.755,28.489,29.113,2965534.4399999999
1769760000000,29.108,30.888,28.997,30.59,2171994.3300000001
1769774400000,30.6,30.682,28.705,28.948,2552522.9199999999
1769788800000,28.947,32.896,28.53,32.069,5392301.46
1769803200000,32.076,32.102,30.248,30.6,2930935.3399999999
1769817600000,30.596,32.13,30.5,31.656,1591614.47
1769832000000,31.65,31.848,30.42,30.613,1451132.3700000001
1769846400000,30.613,30.894,29.773,30.24,1543192.6399999999
1769860800000,30.234,30.451,28.415,28.631,3308685.7999999998
1769875200000,28.635,29.91,27.298,29.068,7058587.29
1769889600000,29.056,31.146,28.578,30.981,3086142.2000000002
1769904000000,30.988,32.54,30.911,31.443,2666976.1600000001
1769918400000,31.439,31.982,30.17,30.669,1733808.72
1769932800000,30.67,31.539,30.2,30.945,1280385.25
1769947200000,30.945,31.047,28.449,28.965,2828320.3599999999
1769961600000,28.995,30.245,28.758,29.409,2285082.9700000002
1769976000000,29.408,31.2,28.91,30.557,3731813.7999999998
1769990400000,30.558,32.02,30.066,31.954,3499693.8500000001
1770004800000,31.966,32.0,29.435,31.188,3605370.7400000002
1770019200000,31.175,31.514,30.515,30.899,1267014.73
1770033600000,30.898,33.333,30.371,32.723,5694300.1699999999
1770048000000,32.724,33.737,31.601,32.486,4001866.9399999999
1770062400000,32.484,33.99,32.211,33.3,3064804.73
1770076800000,33.3,38.2,33.139,37.899,6818315.6200000001
1770091200000,37.908,38.441,36.698,37.275,3976021.0800000001
1770105600000,37.278,37.961,35.672,36.058,2768687.9700000002
1770120000000,36.061,36.405,33.541,34.192,4428834.3700000001
1770134400000,34.195,34.737,32.258,33.875,8612694.3399999999
1770148800000,33.876,35.646,32.456,32.684,4422019.0599999996
1770163200000,32.685,33.849,32.343,33.674,3087222.1499999999
1770177600000,33.673,34.0,32.856,33.366,1641293.54
1770192000000,33.366,33.597,32.55,33.325,1468725.26
1770206400000,33.311,34.321,32.476,34.021,3729853.0499999998
1770220800000,34.017,35.341,33.053,35.333,6051375.3600000003
1770235200000,35.324,36.22,34.455,35.45,4503176.0300000003
1770249600000,35.452,35.483,33.179,33.464,2998102.4399999999
1770264000000,33.46,34.673,33.271,34.182,1663062.27
1770278400000,34.181,35.256,32.604,32.878,2692091.9900000002
1770292800000,32.873,33.009,31.081,31.831,6798183.5899999999
1770307200000,31.821,33.363,31.011,32.481,5331406.4100000001
1770321600000,32.492,34.486,31.813,33.076,5690533.1500000004
1770336000000,33.066,36.797,31.268,34.75,7594875.7699999996
1770350400000,34.75,35.6,32.85,32.889,2981131.9900000002
1770364800000,32.872,34.354,32.162,33.893,2489930.0800000001
1770379200000,33.889,34.92,32.31,32.45,3763706.8700000001
1770393600000,32.431,34.525,32.239,33.256,3909572.1600000001
1770408000000,33.261,33.261,32.224,32.372,2272552.9199999999
1770422400000,32.363,33.094,31.516,33.093,1860816.1899999999
1770436800000,33.094,33.291,32.317,32.974,1083696.0900000001
1770451200000,32.962,33.829,32.468,32.736,1005140.79
1770465600000,32.735,33.243,31.867,32.06,872993.09
1770480000000,32.051,32.556,31.2,31.543,2201631.6800000002
1770494400000,31.542,32.043,31.02,31.398,1007587.6899999999
1770508800000,31.409,31.976,30.999,31.312,934592.96
1770523200000,31.323,31.881,30.509,31.019,1227551.77
1770537600000,31.029,32.157,30.725,32.052,1310751.78
1770552000000,32.055,32.262,31.061,31.61,973858.83
1770566400000,31.609,32.978,31.407,32.731,1522011.5600000001
1770580800000,32.742,33.032,32.018,32.441,1249249.78
1770595200000,32.436,33.5,32.213,33.106,1331716.97
1770609600000,33.104,33.223,32.273,32.412,655082.15
1770624000000,32.418,32.509,31.195,31.352,1231270.5600000001
1770638400000,31.352,32.12,31.203,31.271,1066983.5900000001
1770652800000,31.265,32.24,30.893,32.04,1739123.22
1770667200000,32.043,32.14,31.219,31.317,727989.4399999999
1770681600000,31.322,31.534,30.565,30.768,974420.55
1770696000000,30.764,30.996,29.737,29.989,1411319.8600000001
1770710400000,29.987,30.269,29.489,29.489,893093.46
1770724800000,29.523,30.054,29.202,29.804,1466084.72
1770739200000,29.803,30.53,29.565,29.832,1261009.51
1770753600000,29.829,29.899,28.754,28.824,1505299.9199999999
1770768000000,28.834,29.248,28.663,28.777,1013818.88
1770782400000,28.776,29.409,28.556,28.73,1138694.1799999999
1770796800000,28.734,29.27,28.367,29.087,1060500.79
1770811200000,29.074,29.363,28.283,28.905,1572092.8899999999
1770825600000,28.895,29.79,28.895,29.514,1669668.29
1770840000000,29.515,30.179,29.157,29.378,1320968.6599999999
1770854400000,29.366,30.92,29.361,30.53,1229872.99
1770868800000,30.534,30.698,30.0,30.234,512254.87
1770883200000,30.212,31.766,30.109,31.631,1330237.8100000001
1770897600000,31.619,31.797,30.626,30.765,1656879.72
1770912000000,30.778,30.898,29.291,29.721,2539267.2400000002
1770926400000,29.73,31.099,29.371,31.068,1374541.51
1770940800000,31.077,31.4,30.396,30.73,1155871.71
1770955200000,30.73,30.958,30.459,30.7,523358.95
1770969600000,30.711,30.75,30.158,30.526,911604.63
1770984000000,30.52,32.311,29.98,31.524,2318393.1000000001
1770998400000,31.528,32.118,31.321,31.38,1519682.76
1771012800000,31.378,31.738,31.0,31.558,627505.55
1771027200000,31.56,32.241,31.455,31.893,653245.35
1771041600000,31.895,31.912,31.256,31.765,643472.9300000001
1771056000000,31.765,32.273,31.5,32.094,569250.63
1771070400000,32.091,32.196,31.0,31.454,897024.3
1771084800000,31.455,31.533,30.674,31.445,889889.73
1771099200000,31.461,31.946,31.352,31.837,665461.3
1771113600000,31.836,32.0,31.145,31.424,873343.11
1771128000000,31.424,31.803,31.229,31.336,631677.26
1771142400000,31.34,31.64,30.684,31.464,836338.67
1771156800000,31.473,31.663,30.512,30.941,859958.34
1771171200000,30.937,31.125,30.455,30.555,663689.4399999999
1771185600000,30.555,30.702,30.251,30.684,649361.6800000001
1771200000000,30.69,30.941,30.0,30.285,702688.12
1771214400000,30.294,30.351,29.501,29.644,766824.33
1771228800000,29.647,30.119,29.598,29.926,450734.88
1771243200000,29.924,30.6,29.547,29.805,1203365.9299999999
1771257600000,29.804,30.012,29.675,29.866,521896.1
1771272000000,29.862,31.229,29.832,31.223,784424.3100000001
1771286400000,31.221,31.377,30.756,30.858,893439.8
1771300800000,30.86,31.046,30.021,30.127,1031788.1800000001
1771315200000,30.116,30.227,29.227,29.35,942321.49
1771329600000,29.328,29.816,29.0,29.563,1381940.27
1771344000000,29.57,30.12,29.25,29.522,1000870.62
1771358400000,29.522,29.9,29.33,29.491,453451.41
1771372800000,29.491,29.599,28.834,29.255,773742.59
1771387200000,29.256,29.716,29.19,29.642,382349.59
1771401600000,29.643,29.754,28.8,28.887,619067.04
1771416000000,28.888,29.575,28.55,29.191,1612745.4099999999
1771430400000,29.192,29.269,28.416,28.735,1232566.98
1771444800000,28.728,28.963,28.213,28.665,1157379.1699999999
1771459200000,28.662,28.771,28.211,28.739,663684.26
1771473600000,28.738,29.202,28.5,29.187,625926.58
1771488000000,29.181,29.2,28.27,28.375,677899.73
1771502400000,28.373,28.418,27.726,28.337,1425698.5900000001
1771516800000,28.327,28.88,28.138,28.674,727530.54
1771531200000,28.667,29.394,28.623,28.999,852154.92
1771545600000,28.996,29.555,28.957,29.474,582744.59
1771560000000,29.475,29.503,28.997,29.056,514136.5
1771574400000,29.055,29.734,28.923,29.377,669480.96
1771588800000,29.387,29.907,28.611,29.85,1655867.23
1771603200000,29.824,30.359,29.492,30.092,1798533.5800000001
1771617600000,30.084,30.432,29.902,30.366,645681.14
1771632000000,30.37,30.566,30.109,30.273,406732.5
1771646400000,30.271,30.414,30.057,30.088,269730.35
1771660800000,30.094,30.511,30.089,30.127,376678.38
1771675200000,30.126,30.2,29.734,29.918,701241.24
1771689600000,29.919,30.081,29.664,29.844,447443.2
1771704000000,29.846,29.875,29.56,29.73,454508.38
1771718400000,29.733,29.94,29.583,29.714,184320.28
1771732800000,29.714,29.756,29.424,29.434,253718.64
1771747200000,29.434,29.842,29.339,29.684,259255.87
1771761600000,29.687,29.713,28.975,29.195,596933.59
1771776000000,29.194,29.203,28.694,28.746,504540.16
1771790400000,28.745,29.029,28.744,29.007,289709.19
1771804800000,29.008,29.031,26.829,27.225,3639363.1899999999
1771819200000,27.234,27.88,26.905,27.695,1469916.24
1771833600000,27.694,28.211,27.4,27.628,1201768.3700000001
1771848000000,27.628,27.683,26.343,26.566,3121149.23
1771862400000,26.56,26.73,25.611,26.284,2694848.8300000001
1771876800000,26.285,26.666,26.122,26.366,842787.38
1771891200000,26.366,26.525,25.606,26.231,1459531.25
1771905600000,26.24,26.363,25.858,26.264,664028.34
1771920000000,26.266,26.643,26.176,26.461,809253.14
1771934400000,26.46,26.991,26.071,26.769,1688666.79
1771948800000,26.769,27.275,26.733,27.205,1310303.74
1771963200000,27.206,27.416,26.942,27.071,1416094.97
1771977600000,27.073,27.973,26.93,27.027,1831323.53
1771992000000,27.036,27.274,26.715,26.897,914448.9
1772006400000,26.898,27.178,26.732,27.174,790954.52
1772020800000,27.171,28.486,27.012,27.971,2030898.6799999999
1772035200000,27.972,29.056,27.903,28.772,1737279.6299999999
1772049600000,28.772,28.968,27.556,27.87,2311397.3300000001
1772064000000,27.874,28.638,27.724,28.031,1101137.3700000001
1772078400000,28.036,28.552,28.0,28.232,512582.82
1772092800000,28.241,29.367,28.085,28.429,1319632.21
1772107200000,28.429,29.338,28.147,28.442,1623656.1799999999
1772121600000,28.45,28.73,27.826,28.512,1362587.55
1772136000000,28.508,28.716,28.09,28.105,612604.3100000001
1772150400000,28.102,28.849,27.91,28.837,602225.4
1772164800000,28.83,29.625,28.778,29.284,1052454.25
1772179200000,29.275,29.936,28.293,28.305,1720646.9299999999
1772193600000,28.305,28.431,27.806,28.175,1522384.25
1772208000000,28.168,28.187,26.872,27.1,1734292.3999999999
1772222400000,27.091,27.421,26.724,27.28,603526.62
1772236800000,27.28,27.532,26.809,26.88,927361.4
1772251200000,26.88,27.04,26.062,26.634,2026091.8
1772265600000,26.638,27.695,26.544,27.265,1442024.1200000001
1772280000000,27.263,28.214,27.119,28.172,1395297.1899999999
1772294400000,28.172,29.7,28.011,29.483,2524139.23
1772308800000,29.486,31.431,29.37,31.203,2926819.27
1772323200000,31.204,31.306,30.2,30.902,1750746.1100000001
1772337600000,30.907,31.53,30.659,30.915,985500.74
1772352000000,30.915,31.2,30.425,31.039,907004.72
1772366400000,31.036,31.553,30.565,31.397,1241041.5700000001
1772380800000,31.397,31.885,30.675,31.582,2232934.6899999999
1772395200000,31.579,32.25,31.2,31.532,1737749.4099999999
1772409600000,31.529,32.718,31.5,32.034,1969613.8300000001
1772424000000,32.033,32.07,29.903,30.314,2006118.5600000001
1772438400000,30.314,30.723,30.212,30.696,581623.21
1772452800000,30.695,32.535,30.373,32.169,2287633.7000000002
1772467200000,32.171,33.686,31.952,32.44,2567494.3700000001
1772481600000,32.436,33.256,31.934,32.806,1460147.51
1772496000000,32.807,33.293,32.262,32.97,1024147.6899999999
1772510400000,32.98,33.54,32.304,33.025,1297227.02
1772524800000,33.026,33.04,31.567,31.929,1109441.54
1772539200000,31.937,32.369,31.01,31.892,1751480.3300000001
1772553600000,31.893,32.853,31.663,31.772,1808522.8600000001
1772568000000,31.773,31.9,30.79,31.293,1508564.1899999999
1772582400000,31.289,31.656,30.737,30.97,861904.52
1772596800000,30.97,32.188,30.771,32.188,717690.36
1772611200000,32.172,33.0,31.749,32.555,1561925.5700000001
1772625600000,32.567,33.2,32.15,33.137,1924215.0
1772640000000,33.136,33.2,31.993,32.423,2057874.1799999999
1772654400000,32.429,32.541,31.352,32.166,1552182.96
1772668800000,32.166,32.249,31.299,31.498,924877.5600000001
1772683200000,31.491,31.88,31.322,31.545,516780.33
1772697600000,31.55,32.252,31.512,31.826,1002247.35
1772712000000,31.823,32.065,30.929,31.308,1418824.6899999999
1772726400000,31.309,31.31,30.244,30.38,1436839.1799999999
1772740800000,30.395,30.956,30.376,30.533,945146.12
1772755200000,30.537,30.746,30.338,30.664,566768.3
1772769600000,30.656,31.147,30.525,30.797,650400.88
1772784000000,30.803,30.892,30.196,30.359,568946.55
1772798400000,30.349,30.846,29.516,29.849,1828390.74
1772812800000,29.846,30.51,29.45,30.359,1109149.05
1772827200000,30.36,31.314,30.312,31.021,1695943.96
1772841600000,31.021,31.121,30.614,30.772,604593.25
1772856000000,30.775,30.783,30.26,30.453,505072.83
1772870400000,30.451,31.1,30.271,30.916,821066.77
1772884800000,30.914,31.119,30.616,30.73,372564.06
1772899200000,30.731,30.969,29.8,30.17,919327.33
1772913600000,30.164,30.32,29.859,30.306,594951.65
1772928000000,30.305,30.367,30.014,30.07,519984.48
1772942400000,30.07,30.25,29.669,30.175,520234.23
1772956800000,30.175,30.656,30.057,30.331,491711.53
1772971200000,30.331,30.805,30.07,30.521,614153.79
1772985600000,30.521,30.781,30.088,30.776,480709.67
1773000000000,30.775,31.22,30.109,30.686,1864198.78
1773014400000,30.687,31.413,30.234,30.527,1400070.3799999999
1773028800000,30.528,31.077,30.37,30.686,868972.24
1773043200000,30.694,31.462,30.67,31.404,823213.88
1773057600000,31.403,33.451,31.39,32.399,6790783.4800000004
1773072000000,32.386,34.801,32.349,34.105,5842955.0199999996
1773086400000,34.097,35.367,33.907,34.653,1986538.3799999999
1773100800000,34.652,34.729,33.362,34.725,2936188.7799999998
1773115200000,34.723,34.86,33.846,34.545,896559.52
1773129600000,34.545,35.144,34.526,34.928,1288108.8999999999
1773144000000,34.929,35.183,33.923,34.795,2053893.95
1773158400000,34.808,34.886,33.7,33.944,1049606.73
1773172800000,33.942,34.279,33.564,34.172,765947.15
1773187200000,34.167,34.852,34.07,34.357,661102.9
1773201600000,34.351,35.0,34.311,34.39,690700.9399999999
1773216000000,34.391,34.989,34.083,34.878,717693.5699999999
1773230400000,34.877,36.974,34.755,36.325,3656786.46
1773244800000,36.325,36.77,35.901,36.331,1349627.4099999999
1773259200000,36.326,36.579,35.749,36.206,933141.8199999999
1773273600000,36.214,37.086,35.757,35.846,1705731.7
1773288000000,35.839,37.45,35.829,36.823,1600964.8
1773302400000,36.815,38.0,36.723,37.314,1412033.6000000001
1773316800000,37.315,38.0,36.875,37.402,1978212.6000000001
1773331200000,37.405,37.849,36.991,37.096,920325.04
1773345600000,37.096,37.492,36.827,37.26,681627.5600000001
1773360000000,37.254,38.497,37.162,38.085,1538914.4199999999
1773374400000,38.093,38.218,37.272,37.736,860796.9300000001
1773388800000,37.739,37.755,36.937,37.352,906690.54
1773403200000,37.353,37.685,36.11,36.256,1434890.3400000001
1773417600000,36.263,36.808,36.01,36.756,933328.58
1773432000000,36.759,36.943,35.94,36.442,745172.4300000001
1773446400000,36.442,37.076,36.35,36.989,499287.94
1773460800000,36.989,37.491,36.924,37.193,662128.28
1773475200000,37.193,37.218,36.574,36.909,471039.51
1773489600000,36.909,38.362,36.902,37.986,1409717.53
1773504000000,37.985,38.856,37.784,38.056,1194842.6599999999
1773518400000,38.057,38.277,37.7,37.807,662907.53
1773532800000,37.804,38.22,37.614,38.119,533888.9
1773547200000,38.12,38.27,37.4,37.504,607255.08
1773561600000,37.508,37.787,37.1,37.66,657554.13
1773576000000,37.664,37.674,37.2,37.289,501581.27
1773590400000,37.29,37.498,36.785,37.111,573524.89
1773604800000,37.112,37.716,36.861,37.256,1023262.08
1773619200000,37.255,38.158,37.213,37.823,1165525.1200000001
1773633600000,37.828,39.36,37.736,38.758,1837301.6699999999
1773648000000,38.759,39.653,38.746,39.528,1668120.27
1773662400000,39.533,39.715,38.418,39.044,1636670.0600000001
1773676800000,39.044,39.628,38.658,39.578,1153737.76
1773691200000,39.578,41.476,39.406,40.821,3324401.02
1773705600000,40.82,41.28,40.0,40.511,1650301.8700000001
1773720000000,40.511,41.568,40.258,41.498,974204.39
1773734400000,41.488,41.8,40.436,41.449,1178634.6899999999
1773748800000,41.45,41.697,39.66,39.908,1531974.98
1773763200000,39.908,41.382,39.898,41.028,1013258.8199999999
1773777600000,41.033,42.192,40.926,41.183,1305571.1100000001
1773792000000,41.183,42.399,40.55,42.231,1467049.8600000001
1773806400000,42.232,42.327,41.374,41.734,879362.92
1773820800000,41.736,42.096,40.9,41.192,1428718.8
1773835200000,41.192,43.082,40.226,41.572,5166129.6600000001
1773849600000,41.61,43.752,41.533,42.558,4270407.9900000002
1773864000000,42.553,43.035,41.562,42.107,1630324.49
1773878400000,42.117,42.27,41.076,41.559,1121753.76
1773892800000,41.558,41.651,40.056,40.157,1678343.0600000001
1773907200000,40.16,40.284,39.093,39.496,1971893.3300000001
1773921600000,39.492,39.817,38.634,39.608,2886759.1800000002
1773936000000,39.606,40.578,39.101,39.787,1596623.29
1773950400000,39.787,40.083,39.031,39.348,1621565.23
1773964800000,39.343,40.37,39.25,39.901,1350980.1899999999
1773979200000,39.901,40.435,39.142,40.377,1019605.84
1773993600000,40.374,40.771,39.221,39.522,1185480.3899999999
1774008000000,39.521,39.681,38.684,39.491,1373496.25
1774022400000,39.491,40.01,38.36,39.118,1860100.4399999999
1774036800000,39.117,40.14,38.753,39.538,1430926.3799999999
1774051200000,39.545,39.857,39.26,39.644,407735.31
1774065600000,39.641,39.82,39.209,39.698,287736.75
1774080000000,39.699,40.092,39.449,40.076,268340.15
1774094400000,40.081,40.158,39.689,39.932,395253.01
1774108800000,39.932,40.437,39.818,40.166,488659.44
1774123200000,40.166,40.273,38.881,39.144,665607.39
1774137600000,39.151,39.513,38.5,39.057,1441093.28
1774152000000,39.057,39.242,38.03,38.281,786435.08
1774166400000,38.29,38.331,37.816,37.939,796937.3
1774180800000,37.939,38.396,37.938,38.059,678306.24
1774195200000,38.063,38.206,37.897,38.006,491931.14
1774209600000,38.001,38.746,37.467,38.358,1387474.3
1774224000000,38.356,38.46,37.53,38.036,965823.25
1774238400000,38.036,38.492,37.384,37.48,593485.96
1774252800000,37.485,39.554,36.795,37.586,3270261.5800000001
1774267200000,37.591,39.0,37.153,37.689,2454833.0899999999
1774281600000,37.689,38.236,37.34,37.93,1125118.99
1774296000000,37.931,38.245,37.085,37.37,953032.3199999999
1774310400000,37.37,37.87,37.234,37.868,603125.8
1774324800000,37.869,38.553,37.795,38.54,988484.99
1774339200000,38.54,38.834,38.07,38.606,772574.6
1774353600000,38.601,39.75,37.918,39.391,2211179.46
1774368000000,39.386,39.941,38.737,39.684,1593448.3899999999
1774382400000,39.692,40.46,39.637,40.317,1217258.8600000001
1774396800000,40.314,40.924,39.843,40.289,1148230.29
1774411200000,40.293,40.446,40.007,40.302,355780.12
1774425600000,40.297,41.55,40.292,41.348,980703.73
1774440000000,41.349,41.388,40.041,40.272,1119746.28
1774454400000,40.277,40.846,40.255,40.478,626603.84
1774468800000,40.478,40.488,39.652,40.324,870374.85
1774483200000,40.324,40.383,39.277,39.428,733952.59
1774497600000,39.443,39.448,38.701,39.023,918109.12
1774512000000,39.024,39.39,38.855,39.065,631538.88
1774526400000,39.065,39.791,39.044,39.205,839497.33
1774540800000,39.206,39.248,38.37,38.448,982658.5600000001
1774555200000,38.443,39.214,38.273,39.151,822574.73
1774569600000,39.156,39.386,38.435,38.627,634314.96
1774584000000,38.627,39.386,38.51,39.302,735092.39
1774598400000,39.302,39.406,37.874,38.317,1350929.95
1774612800000,38.317,38.961,37.957,38.638,1271510.78
1774627200000,38.638,38.846,38.104,38.737,632334.41
1774641600000,38.731,38.879,38.216,38.658,441413.15
1774656000000,38.658,38.658,37.982,38.515,474539.15
1774670400000,38.515,39.377,38.306,39.376,601140.8199999999
1774684800000,39.368,39.7,39.112,39.524,645974.1800000001
1774699200000,39.521,40.25,39.407,40.21,1034673.21
1774713600000,40.21,40.254,39.533,39.884,539439.97
1774728000000,39.884,39.945,39.35,39.45,396945.77
1774742400000,39.445,39.973,39.21,39.925,370297.96
1774756800000,39.921,40.047,39.597,39.667,304843.47
1774771200000,39.666,39.881,39.21,39.307,340951.46
1774785600000,39.307,39.446,38.708,38.977,664014.47
1774800000000,38.978,39.124,38.556,38.565,519107.83
1774814400000,38.565,38.908,37.719,37.803,1012223.45
1774828800000,37.813,38.712,37.481,38.249,1474690.3200000001
1774843200000,38.244,38.772,37.948,38.423,780804.37
1774857600000,38.425,38.63,37.848,38.039,715256.3
1774872000000,38.039,38.528,37.732,38.254,1081429.9199999999
1774886400000,38.249,38.264,36.445,37.085,2109170.5099999998
1774900800000,37.081,37.274,36.636,36.824,1007657.48
1774915200000,36.823,37.624,36.636,37.311,1121348.22
1774929600000,37.311,37.342,36.391,36.722,708143.84
1774944000000,36.723,36.749,35.65,35.796,1270535.76
1774958400000,35.795,36.937,35.725,35.981,1750052.1899999999
1774972800000,35.981,37.34,35.969,36.625,1747664.6599999999
1774987200000,36.621,37.04,36.108,36.595,929135.64
1775001600000,36.596,36.644,35.97,36.421,706228.92
1775016000000,36.433,37.848,36.33,37.371,1336216.0900000001
1775030400000,37.37,37.489,36.655,37.234,930150.86
1775044800000,37.234,37.409,36.61,37.382,810763.12
1775059200000,37.382,37.443,36.061,36.152,1709161.6899999999
1775073600000,36.159,36.285,35.846,36.007,954516.15
1775088000000,36.01,36.269,35.04,35.19,1929422.72
1775102400000,35.183,35.516,34.929,35.07,1151551.9099999999
1775116800000,35.071,35.312,34.668,34.785,859459.63
1775131200000,34.786,34.937,34.422,34.86,1242140.9199999999
1775145600000,34.863,35.236,34.56,34.92,879648.51
1775160000000,34.92,35.345,34.833,35.174,656895.87
1775174400000,35.178,35.618,35.067,35.419,632662.6899999999
1775188800000,35.419,35.898,35.36,35.817,674294.04
1775203200000,35.818,36.058,35.636,35.946,587745.29
1775217600000,35.946,36.1,35.4,35.777,961221.4
1775232000000,35.776,36.086,35.5,35.764,475884.24
1775246400000,35.765,35.928,35.499,35.593,340880.78
1775260800000,35.594,35.96,35.502,35.856,239278.13
1775275200000,35.855,35.862,35.6,35.739,319500.66
1775289600000,35.739,35.828,35.64,35.8,139880.08
1775304000000,35.8,35.917,35.525,35.892,295133.08
1775318400000,35.892,36.228,35.88,35.974,564163.2
1775332800000,35.975,36.549,35.934,36.359,436647.45
1775347200000,36.36,36.412,35.888,35.92,485248.3
1775361600000,35.92,35.97,35.431,35.641,557422.26
1775376000000,35.64,35.913,35.627,35.64,299055.71
1775390400000,35.639,35.847,35.118,35.533,795712.8
1775404800000,35.532,35.85,35.434,35.848,329395.44
1775419200000,35.848,36.999,35.713,36.85,1118791.3100000001
1775433600000,36.857,37.243,36.567,37.143,715042.33
1775448000000,37.136,37.331,36.759,37.147,779935.71
1775462400000,37.146,37.599,37.048,37.235,875868.1
1775476800000,37.237,37.727,36.982,37.674,840996.45
1775491200000,37.674,37.749,36.8,37.302,1158154.27
1775505600000,37.304,37.337,35.951,36.287,996370.25
1775520000000,36.286,36.544,36.034,36.4,504996.22
1775534400000,36.4,36.507,36.066,36.195,334949.31
1775548800000,36.195,37.149,36.188,36.383,736800.86
1775563200000,36.383,36.48,35.715,36.034,807532.8
1775577600000,36.038,37.171,36.023,37.164,702894.05
1775592000000,37.163,39.16,36.922,38.606,3360353.2999999998
1775606400000,38.609,38.863,38.104,38.296,830078.5699999999
1775620800000,38.298,39.419,38.258,39.396,1230049.45
1775635200000,39.408,39.701,39.1,39.273,738977.9
1775649600000,39.273,39.792,38.503,38.861,1584317.77
1775664000000,38.86,38.971,37.751,38.081,1685796.45
1775678400000,38.087,39.673,37.911,38.759,2314130.9500000002
1775692800000,38.758,38.8,38.15,38.682,713157.09
1775707200000,38.687,38.882,38.227,38.739,414154.13
1775721600000,38.739,39.298,38.697,38.819,681122.6
1775736000000,38.819,39.815,38.75,39.563,1010679.45
1775750400000,39.562,40.282,39.361,40.028,1210420.27
1775764800000,40.039,40.399,39.32,39.458,905036.72
1775779200000,39.474,40.95,39.425,40.133,1784940.1200000001
1775793600000,40.133,40.805,40.004,40.034,771865.34
1775808000000,40.04,41.181,40.029,41.126,877899.29
1775822400000,41.129,42.232,41.012,41.71,1532255.99
1775836800000,41.71,42.236,41.559,41.689,1094809.8400000001
1775851200000,41.669,41.844,41.272,41.598,690617.62
1775865600000,41.596,42.15,41.48,41.848,398296.29
1775880000000,41.848,42.698,41.57,42.529,631942.48
1775894400000,42.53,42.572,42.102,42.413,474533.3
1775908800000,42.414,42.555,41.77,41.887,683487.98
1775923200000,41.886,43.173,41.881,43.028,1240936.55
1775937600000,43.028,43.093,42.07,42.279,833952.58
1775952000000,42.279,42.823,40.986,41.055,1477522.6699999999
1775966400000,41.056,41.123,40.507,40.762,787980.84
1775980800000,40.765,40.943,40.345,40.403,497577.03
1775995200000,40.403,40.883,40.19,40.813,815396.0699999999
1776009600000,40.813,41.355,40.789,41.09,763720.37
1776024000000,41.089,41.248,40.411,40.849,719797.99
1776038400000,40.848,41.999,40.784,41.553,622286.48
1776052800000,41.55,41.691,41.041,41.251,423130.82
1776067200000,41.25,41.87,41.104,41.835,418798.13
1776081600000,41.835,42.883,41.528,42.456,1266888.1399999999
1776096000000,42.447,43.999,42.194,43.641,2117046.3100000001
1776110400000,43.624,44.617,43.153,44.339,1854120.1599999999
1776124800000,44.326,45.0,44.134,44.683,1269093.1599999999
1776139200000,44.682,45.0,44.418,44.52,857487.26
1776153600000,44.519,45.34,44.409,44.8,880183.23
1776168000000,44.801,45.198,43.298,43.515,2311254.5
1776182400000,43.525,43.901,43.086,43.395,1805212.03
1776196800000,43.395,43.541,42.922,43.532,851818.3100000001
1776211200000,43.532,44.533,43.438,43.991,970110.74
1776225600000,43.977,44.104,43.133,43.342,731963.38
1776240000000,43.343,44.236,43.229,44.214,612571.13
1776254400000,44.215,44.749,43.997,44.575,993685.3100000001
1776268800000,44.569,45.462,44.203,44.848,1380316.8999999999
1776283200000,44.859,45.015,44.233,44.639,790690.42
1776297600000,44.639,45.215,44.088,44.842,696604.23
1776312000000,44.842,45.763,44.819,45.277,738838.6
1776326400000,45.277,45.391,44.453,44.617,882561.5699999999
1776340800000,44.618,45.1,44.26,44.737,1432508.26
1776355200000,44.738,44.863,43.46,44.127,1517256.1799999999
1776369600000,44.129,44.168,43.305,43.813,875657.47
1776384000000,43.814,44.367,43.17,43.289,745771.2
1776398400000,43.292,43.952,43.259,43.915,540299.41
1776412800000,43.916,44.466,43.251,43.65,1418477.05
1776427200000,43.65,45.309,43.554,45.276,1908097.76
1776441600000,45.276,45.5,43.953,44.418,1668631.0700000001
1776456000000,44.407,44.861,44.109,44.622,599338.55
1776470400000,44.622,45.456,44.468,45.14,625665.52
1776484800000,45.139,45.18,44.604,44.609,493398.23
1776499200000,44.616,45.108,44.05,44.306,731766.09
1776513600000,44.306,44.627,43.97,44.587,689871.1899999999
1776528000000,44.579,44.701,43.733,43.995,602471.79
1776542400000,44.0,44.286,43.717,43.781,427023.59
1776556800000,43.78,43.933,43.1,43.34,1102594.46
1776571200000,43.34,43.643,42.888,43.141,578551.3100000001
1776585600000,43.14,43.412,42.681,43.397,704368.45
1776600000000,43.396,43.925,43.14,43.371,719538.3199999999
1776614400000,43.371,43.39,41.377,41.555,2344570.8599999999
1776628800000,41.552,41.63,40.5,40.69,1451120.1399999999
1776643200000,40.69,41.61,40.676,41.232,1138674.3100000001
1776657600000,41.235,41.568,40.717,40.91,959786.11
1776672000000,40.91,41.24,40.712,41.19,637289.96
1776686400000,41.198,41.79,40.585,41.192,1552588.8799999999
1776700800000,41.199,41.633,40.67,41.321,1401525.1599999999
1776715200000,41.318,41.575,40.561,40.705,818203.95
1776729600000,40.7,41.428,40.359,41.262,1114834.52
1776744000000,41.261,41.38,40.613,40.906,755351.97
1776758400000,40.911,41.256,40.573,40.869,710671.0600000001
1776772800000,40.868,40.897,39.8,40.006,1799495.27
1776787200000,40.007,40.1,38.886,38.951,2255818.9500000002
1776801600000,38.95,39.906,38.89,39.764,1222241.49
1776816000000,39.762,40.691,39.624,40.101,1256427.6799999999
1776830400000,40.104,40.681,39.952,40.394,731582.92
1776844800000,40.405,41.094,40.307,41.058,844309.55
1776859200000,41.058,41.528,40.668,40.971,1591523.5700000001
1776873600000,40.972,41.41,40.75,40.952,883089.54
1776888000000,40.947,41.749,40.826,41.159,1073937.3999999999
1776902400000,41.16,41.428,40.521,40.673,786014.88
1776916800000,40.668,41.28,40.532,41.246,452326.23
1776931200000,41.242,41.35,40.531,41.086,492782.8
1776945600000,41.074,41.861,41.061,41.838,724588.14
1776960000000,41.839,41.855,40.706,40.958,1118849.3700000001
1776974400000,40.958,41.33,40.921,41.305,327371.01
1776988800000,41.312,41.54,40.864,41.066,492164.05
1777003200000,41.063,41.23,40.863,41.022,322311.14
1777017600000,41.017,41.13,40.683,41.042,469754.19
1777032000000,41.042,41.218,40.701,41.173,761403.8
1777046400000,41.179,41.378,40.873,41.294,529022.91
1777060800000,41.295,41.5,41.113,41.176,389525.5
1777075200000,41.175,41.281,41.002,41.186,431784.5
1777089600000,41.189,41.302,41.04,41.255,108493.8
1777104000000,41.254,41.905,41.163,41.748,398321.13
1777118400000,41.748,41.753,41.334,41.439,489216.21
1777132800000,41.438,41.502,40.83,41.182,567584.04
1777147200000,41.181,41.506,41.09,41.504,452855.85
1777161600000,41.505,41.529,41.233,41.293,371421.05
1777176000000,41.293,41.565,41.09,41.247,458342.46
1777190400000,41.247,41.344,41.099,41.143,163088.44
1777204800000,41.142,41.387,40.948,41.367,339175.75
1777219200000,41.37,42.061,41.221,42.001,592660.8
1777233600000,42.002,42.607,41.82,42.46,1094984.9099999999
1777248000000,42.46,43.568,42.307,43.333,1033172.08
1777262400000,43.333,43.362,42.22,42.365,1018606.85
1777276800000,42.364,42.639,42.157,42.382,449842.56
1777291200000,42.381,42.93,41.609,41.701,1754762.73
1777305600000,41.7,41.832,41.281,41.591,1112047.26
1777320000000,41.591,41.652,41.27,41.65,316929.48
1777334400000,41.646,41.834,40.794,41.04,845290.71
1777348800000,41.04,41.358,40.166,40.584,1132015.29
1777363200000,40.584,40.664,39.68,40.125,1187708.1899999999
1777377600000,40.126,40.206,39.504,39.737,1517818.78
1777392000000,39.74,40.14,39.379,40.101,842118.05
1777406400000,40.102,40.172,39.816,40.162,410385.98
1777420800000,40.162,40.561,39.906,40.293,639413.55
1777435200000,40.293,40.8,40.134,40.536,1072170.24
1777449600000,40.546,40.673,40.222,40.363,759465.29
1777464000000,40.363,40.388,39.352,39.547,1541205.05
1777478400000,39.549,39.962,39.158,39.933,1331066.29
1777492800000,39.933,40.18,39.693,39.935,313529.42
1777507200000,39.935,40.33,39.513,39.673,592403.61
1777521600000,39.672,39.678,39.22,39.503,342707.13
1777536000000,39.506,39.573,38.71,38.873,1005426.47
1777550400000,38.873,39.431,38.736,39.207,1545067.1899999999
1777564800000,39.212,39.397,38.877,39.244,1292049.73
1777579200000,39.244,39.71,39.023,39.691,506202.1
1777593600000,39.692,40.48,39.67,40.313,955192.95
1777608000000,40.314,40.395,39.738,39.911,554000.35
1777622400000,39.911,40.898,39.888,40.689,1448247.53
1777636800000,40.689,41.142,40.421,40.983,1252775.1799999999
1777651200000,40.983,41.142,40.657,40.947,595296.87
1777665600000,40.95,41.142,40.656,41.13,284236.69
1777680000000,41.142,41.463,40.983,41.404,484134.67
1777694400000,41.397,41.695,41.177,41.694,625587.16
1777708800000,41.694,42.447,41.448,41.516,1207855.04
1777723200000,41.516,41.749,41.242,41.569,508860.31
1777737600000,41.569,41.85,41.426,41.593,345428.41
1777752000000,41.595,41.618,41.247,41.254,366045.01
1777766400000,41.253,41.36,40.843,41.04,377483.58
1777780800000,41.025,41.131,40.787,41.024,280591.65
1777795200000,41.024,41.291,40.893,40.984,348361.44
1777809600000,40.983,41.194,40.737,40.764,404224.03
1777824000000,40.763,41.279,40.678,41.225,494874.63
1777838400000,41.225,41.733,41.065,41.552,769852.8199999999
1777852800000,41.552,42.236,40.944,42.191,1093611.5800000001
1777867200000,42.192,42.6,41.667,41.83,889452.7
1777881600000,41.83,41.944,41.088,41.339,787665.0
1777896000000,41.339,41.747,40.818,41.376,1356611.9399999999
1777910400000,41.374,41.768,41.101,41.603,654291.9300000001
1777924800000,41.604,42.538,41.512,41.812,778218.55
1777939200000,41.813,42.498,41.77,42.479,471447.81
1777953600000,42.479,43.279,42.294,43.231,884566.27
1777968000000,43.231,43.881,42.734,43.841,1247270.24
1777982400000,43.845,44.179,43.569,44.036,1129682.1100000001
1777996800000,44.037,44.5,43.718,44.042,1293464.99
1778011200000,44.043,44.633,43.585,43.707,1131259.3799999999
1778025600000,43.707,44.206,43.57,44.162,721676.26
1778040000000,44.164,44.429,43.803,44.392,611801.36
1778054400000,44.395,44.667,43.706,44.667,981622.11
1778068800000,44.667,44.758,43.122,43.543,1546593.1899999999
1778083200000,43.534,43.743,42.899,43.264,1020757.8
1778097600000,43.264,43.425,42.956,43.125,501873.62
1778112000000,43.126,43.186,42.31,42.31,820455.28
1778126400000,42.319,43.356,42.287,43.342,807862.67
1778140800000,43.342,43.556,42.447,42.758,638546.41
1778155200000,42.756,43.35,42.06,42.11,1051751.9399999999
1778169600000,42.102,42.551,41.857,42.313,707330.75
1778184000000,42.313,42.68,42.242,42.519,416264.35
1778198400000,42.526,42.77,42.146,42.246,693880.13
1778212800000,42.247,42.734,42.041,42.734,333679.4
1778227200000,42.733,42.955,42.347,42.513,409943.29
1778241600000,42.513,43.134,42.127,43.117,1295807.6000000001
1778256000000,43.121,43.5,42.698,43.104,970614.15
1778270400000,43.105,43.4,43.025,43.266,285353.22
1778284800000,43.266,44.12,43.213,44.076,716436.29
1778299200000,44.077,44.415,43.8,43.816,542429.25
1778313600000,43.816,44.263,43.25,43.745,717502.02
1778328000000,43.75,44.0,42.929,43.071,918236.88
1778342400000,43.088,43.309,42.881,43.099,624275.49
1778356800000,43.099,43.168,42.832,42.911,346196.12
1778371200000,42.911,42.97,42.383,42.839,768853.91
1778385600000,42.84,43.182,42.789,43.049,240776.49
1778400000000,43.05,43.158,42.696,42.819,226019.14
1778414400000,42.819,43.291,42.526,43.233,343580.63
1778428800000,43.234,43.697,43.102,43.451,597027.88
1778443200000,43.454,43.7,42.116,43.009,1618620.29
1778457600000,43.015,43.151,41.951,42.218,949917.85
1778472000000,42.213,42.258,41.713,41.85,746785.08
1778486400000,41.851,42.1,41.273,41.435,635759.33
1778500800000,41.434,41.672,40.825,41.671,1791775.3300000001
1778515200000,41.672,42.22,41.521,42.176,1070001.48
1778529600000,42.17,42.21,41.791,41.996,356847.12
1778544000000,41.999,42.05,40.86,40.981,832903.11
1778558400000,40.981,41.352,40.813,41.291,393600.46
1778572800000,41.292,41.397,40.618,41.03,891858.02
1778587200000,41.03,41.135,40.053,40.284,1691265.04
1778601600000,40.287,40.48,39.78,40.425,1095048.48
1778616000000,40.426,40.578,40.113,40.256,324715.9
1778630400000,40.254,40.706,40.044,40.444,439115.79
1778644800000,40.444,40.454,39.85,40.161,649566.14
1778659200000,40.161,40.201,39.24,39.24,1002608.0
1778673600000,39.241,39.571,38.857,38.868,1951158.71
1778688000000,38.867,39.36,38.86,39.102,531228.54
1778702400000,39.102,39.246,38.717,38.818,633784.5600000001
1778716800000,38.817,39.063,38.164,38.326,1102535.3500000001
1778731200000,38.328,39.308,38.302,39.009,614994.91
1778745600000,39.01,39.157,38.874,38.902,404135.54
1778760000000,38.901,42.837,38.887,42.632,7077216.2800000003
1778774400000,42.639,44.76,42.32,44.653,4543435.6399999997
1778788800000,44.653,44.679,43.6,44.134,2258604.4500000002
1778803200000,44.137,47.06,44.137,46.706,4988288.5199999996
1778817600000,46.706,46.993,45.133,46.687,2808323.0299999998
1778832000000,46.687,46.703,44.969,45.69,1618249.48
1778846400000,45.688,45.781,42.8,44.104,7241772.4100000001
1778860800000,44.102,45.088,43.644,44.575,2275813.54
1778875200000,44.576,44.95,43.806,44.155,1039079.5600000001
1778889600000,44.156,44.481,43.01,43.204,1074148.9199999999
1778904000000,43.204,43.211,41.289,41.981,2498940.0299999998
1778918400000,41.982,42.099,40.369,40.827,2375199.7599999998
1778932800000,40.829,41.333,40.694,40.89,934339.08
1778947200000,40.876,41.846,40.589,41.664,1435005.26
1778961600000,41.664,42.063,41.653,41.82,774509.14
1778976000000,41.82,42.713,41.333,42.403,1360935.28
1778990400000,42.402,42.9,41.93,42.779,1246547.6899999999
1779004800000,42.778,43.475,42.607,42.895,950589.63
1779019200000,42.89,43.99,42.503,43.589,1713350.74
1779033600000,43.59,47.047,43.373,46.714,3940788.6099999999
1779048000000,46.713,47.15,44.636,45.685,5048482.8399999999
1779062400000,45.686,47.0,45.104,45.508,2801912.7799999998
1779076800000,45.508,46.058,44.799,45.286,1388866.28
1779091200000,45.283,45.9,44.8,45.472,928166.67
1779105600000,45.493,46.267,44.196,44.726,3915252.9100000001
1779120000000,44.725,46.397,44.669,46.385,2000516.6499999999
1779134400000,46.376,48.0,45.685,47.76,4492772.1600000001
1779148800000,47.759,48.551,46.8,47.747,2907625.9399999999
1779163200000,47.754,48.379,47.183,47.8,1224403.48
1779177600000,47.8,48.683,47.539,47.751,1597548.6599999999
1779192000000,47.75,48.488,47.263,47.79,2460390.2599999998
1779206400000,47.781,48.896,47.659,48.72,2090232.8100000001
1779220800000,48.72,48.729,47.637,48.008,1092475.8
1779235200000,47.998,48.042,47.079,47.438,1033383.39
1779249600000,47.44,48.638,47.303,48.444,1071510.3600000001
1779264000000,48.444,50.05,48.422,49.684,2317465.8100000001
1779278400000,49.686,52.0,49.458,51.385,5516087.5700000003
1779292800000,51.386,52.945,51.164,52.92,3406028.46
1779307200000,52.924,54.842,51.658,54.836,4590310.8300000001
1779321600000,54.823,57.098,54.716,56.732,5381963.8300000001
1779336000000,56.719,58.5,55.671,58.334,3110694.4300000002
1779350400000,58.333,59.143,56.65,57.171,4118822.0299999998
1779364800000,57.17,62.596,56.72,61.08,10275475.0299999993
1779379200000,61.08,61.124,57.125,57.795,6508959.6799999997
1779393600000,57.789,59.132,56.162,58.579,3330179.7200000002
1779408000000,58.574,58.63,56.578,57.477,2340639.7599999998
1779422400000,57.477,58.3,56.954,57.879,1217832.75
1779436800000,57.887,60.915,57.587,60.872,3237927.5499999998
1779451200000,60.872,61.96,57.709,57.889,6183104.1200000001
1779465600000,57.89,58.509,54.968,55.592,5482616.6200000001
1779480000000,55.591,56.394,54.28,54.579,3182987.4900000002
1779494400000,54.58,55.93,54.0,55.93,1830845.8700000001
1779508800000,55.93,55.93,54.692,55.601,1036062.77
1779523200000,55.591,56.265,54.899,54.997,1060414.6899999999
1779537600000,54.99,57.692,54.42,57.162,2336595.7400000002
1779552000000,57.165,58.8,56.981,58.292,1835734.23
1779566400000,58.312,59.9,57.287,58.704,2683185.5800000001
1779580800000,58.704,61.495,58.612,60.126,3195655.6499999999
1779595200000,60.132,62.0,59.622,61.978,2175991.9399999999
1779609600000,61.977,64.34,61.591,62.79,4187069.0
1779624000000,62.807,64.32,61.556,63.649,3665731.1699999999
1779638400000,63.649,64.5,62.556,62.944,2154139.1400000001
1779652800000,62.944,63.791,61.32,62.745,2131284.5
1779667200000,62.76,62.9,60.71,61.441,1726034.2
1779681600000,61.441,63.495,60.889,63.419,2061848.47
1779696000000,63.423,63.9,62.69,63.375,1456837.2
1779710400000,63.376,63.792,62.336,62.545,1701152.04
1779724800000,62.567,62.583,61.4,62.011,1305496.9099999999
1779739200000,62.028,62.028,60.962,61.097,1310879.0600000001
1779753600000,61.098,61.218,58.55,59.293,3180996.3900000001
1779768000000,59.331,60.772,58.977,59.728,1685465.55
1779782400000,59.729,61.787,59.153,61.146,1702982.46
1779796800000,61.139,64.74,60.477,62.474,5809292.0999999996
1779811200000,62.464,63.813,60.076,60.73,3326908.4700000002
1779825600000,60.757,60.83,58.69,59.509,2734549.9100000001
1779840000000,59.508,61.09,59.342,60.014,1702430.24
1779854400000,60.014,62.628,59.5,62.094,1761374.6599999999
1779868800000,62.1,63.318,61.71,62.261,1509446.98
1779883200000,62.261,63.029,59.596,60.485,3201809.8599999999
1779897600000,60.485,60.618,58.881,60.107,2112747.9199999999
1779912000000,60.111,60.464,57.06,57.618,2513440.7400000002
1779926400000,57.618,58.529,56.69,57.057,1945214.5900000001
1779940800000,57.058,58.288,56.588,58.046,2142127.9900000002
1779955200000,58.043,58.061,56.296,57.05,1151337.79
1779969600000,57.05,58.79,56.25,57.661,3277864.23
1779984000000,57.661,61.5,57.367,60.92,3985824.6000000001
1779998400000,60.93,62.134,60.123,61.52,2472669.0
1780012800000,61.521,62.514,60.325,61.285,2630165.21
1780027200000,61.27,62.868,60.822,62.814,1654799.96
1780041600000,62.814,63.433,61.873,62.15,1732368.1200000001
1780056000000,62.15,66.725,61.4,65.564,8403842.25
1780070400000,65.565,67.416,64.756,66.197,4965772.5199999996
1780084800000,66.197,66.403,63.904,64.408,2682621.2200000002
1780099200000,64.405,65.986,64.071,65.092,1309051.72
1780113600000,65.092,66.303,64.0,66.029,1722200.53
1780128000000,66.029,68.0,65.802,67.831,1891889.2
1780142400000,67.831,68.64,66.501,67.126,3607681.1000000001
1780156800000,67.126,68.316,66.194,67.811,2498236.98
1780171200000,67.811,68.321,67.011,68.291,1194163.9299999999
1780185600000,68.3,69.55,68.0,68.807,2405318.96
1780200000000,68.806,70.081,68.397,69.196,2060027.6399999999
1780214400000,69.195,69.653,67.468,67.786,1853976.47
1780228800000,67.787,69.322,67.511,68.643,2265158.04
1780243200000,68.643,69.358,67.689,69.326,2075145.1299999999
1780257600000,69.327,73.116,69.02,72.053,5909742.25
1780272000000,72.095,74.1,71.633,73.483,3518948.25
1780286400000,73.483,74.0,71.966,72.343,2556258.71
1780300800000,72.335,73.999,71.428,73.135,2275480.6600000001
1780315200000,73.121,74.6,70.5,70.906,6095289.3700000001
1780329600000,70.937,73.944,70.417,73.775,3878990.1299999999
1780344000000,73.779,75.825,71.722,73.582,4109948.4700000002
1780358400000,73.582,75.643,72.706,74.569,3818829.3100000001
1780372800000,74.569,74.913,71.22,72.058,3006467.1299999999
1780387200000,72.057,73.091,70.5,72.606,2554580.1899999999
1780401600000,72.604,74.0,70.4,71.879,4354463.1500000004
1780416000000,71.879,72.8,68.941,70.808,4221472.7199999997
1780430400000,70.819,71.684,67.836,69.831,3914030.0600000001
1780444800000,69.83,70.92,68.274,70.566,2827607.6600000001
1780459200000,70.566,73.696,70.55,73.059,3323037.6400000001
1780473600000,73.056,73.5,71.59,72.335,1877064.45
1780488000000,72.337,73.9,71.7,72.118,2909251.73
1780502400000,72.11,74.623,71.35,73.442,4196248.4000000004
1780516800000,73.429,75.6,72.042,74.573,3438869.3100000001
1780531200000,74.575,75.5,70.5,74.028,5414341.0
1780545600000,74.028,75.008,67.773,67.796,5600912.4900000002
1780560000000,67.792,68.861,64.707,66.548,7625961.0
1780574400000,66.554,68.487,65.265,67.441,5349190.5099999998
1780588800000,67.442,68.922,65.709,66.411,3500742.1200000001
1780603200000,66.426,67.684,63.0,64.428,5058364.3200000003
1780617600000,64.428,66.031,61.563,61.742,5004789.2699999996
1780632000000,61.741,63.785,59.0,62.743,6739843.0099999998
1780646400000,62.743,62.755,60.839,61.743,2180410.3799999999
1780660800000,61.739,63.556,57.221,57.802,6141545.6600000001
1780675200000,57.802,60.399,56.69,58.613,6017827.8399999999
1780689600000,58.615,60.76,58.114,59.825,3038007.6600000001
1780704000000,59.81,61.221,58.688,58.887,1611794.6599999999
1780718400000,58.887,60.503,57.409,59.952,2127350.79
1780732800000,59.944,61.04,58.221,59.658,1231565.3899999999
1780747200000,59.657,59.95,57.65,58.305,973657.12
1780761600000,58.306,58.739,55.545,55.554,2339051.54
1780776000000,55.554,57.038,55.481,56.515,1375789.3799999999
1780790400000,56.525,58.454,56.105,57.834,1507743.6100000001
1780804800000,57.826,59.988,57.547,59.882,1862700.5700000001
1780819200000,59.876,60.44,58.561,58.881,1690951.1799999999
1780833600000,58.873,59.238,56.257,58.475,2189955.4700000002
1780848000000,58.48,59.524,56.878,57.615,1445540.98
1780862400000,57.622,59.899,57.496,59.747,1699696.55
1780876800000,59.75,62.138,59.301,61.332,3741154.48
1780891200000,61.34,63.42,60.2,63.05,2144029.7799999998
1780905600000,63.044,63.162,61.06,62.136,1385109.1899999999
1780920000000,62.138,65.802,61.291,64.792,5037453.5700000003
1780934400000,64.797,64.991,63.265,63.681,2608505.6499999999
1780948800000,63.684,64.5,62.743,63.839,1690435.1399999999
1780963200000,63.843,64.04,61.276,61.641,2426178.1000000001
1780977600000,61.64,62.582,60.844,62.258,1780818.53
1780992000000,62.255,62.921,61.521,61.806,1058672.78
1781006400000,61.807,62.351,58.695,58.914,3918634.7799999998
1781020800000,58.913,59.514,57.842,58.558,2852621.6600000001
1781035200000,58.561,59.494,57.293,57.765,1344697.98
1781049600000,57.781,58.171,55.568,56.591,2409452.4700000002
1781064000000,56.595,56.643,55.055,55.725,1911768.95
1781078400000,55.725,56.595,55.232,55.65,1193590.49
1781092800000,55.645,58.351,54.845,57.484,4419841.5999999996
1781107200000,57.485,57.516,53.596,53.923,3502527.0099999998
1781121600000,53.904,54.25,52.611,53.285,3066635.46
1781136000000,53.291,55.374,52.853,55.155,2043686.9199999999
1781150400000,55.16,56.366,54.35,55.544,1622198.74
1781164800000,55.54,57.08,55.494,56.835,1245673.29
1781179200000,56.834,57.516,55.677,56.715,2170662.6000000001
1781193600000,56.715,59.645,55.794,58.6,3659195.7400000002
1781208000000,58.61,59.554,58.098,58.931,1927275.9399999999
1781222400000,58.931,59.7,58.176,59.192,1194731.52
1781236800000,59.186,59.45,56.782,56.932,1546319.75
1781251200000,56.932,59.586,56.919,59.214,1514716.45
1781265600000,59.213,61.229,59.024,59.745,3429698.46
1781280000000,59.748,62.424,59.401,60.735,3282717.8799999999
1781294400000,60.741,61.3,59.192,59.264,1605231.3100000001
1781308800000,59.261,59.698,58.308,58.548,1402324.21
1781323200000,58.553,58.964,57.168,58.737,1379319.28
1781337600000,58.742,59.182,57.82,58.646,846160.8100000001
1781352000000,58.646,60.465,58.51,59.926,1271366.46
1781366400000,59.926,60.295,58.924,59.9,893820.99
1781380800000,59.899,60.881,59.64,60.7,637295.65
1781395200000,60.686,61.238,60.329,60.573,726076.83
1781409600000,60.579,60.634,59.671,60.081,807079.85
1781424000000,60.081,61.61,59.714,61.033,863052.7
1781438400000,61.029,61.323,59.653,60.252,865935.8100000001
1781452800000,60.253,60.78,59.597,60.511,727104.3100000001
1781467200000,60.51,64.139,60.215,63.923,3147303.6899999999
1781481600000,63.923,65.329,63.116,65.329,1731949.25
1781496000000,65.328,65.888,64.41,65.235,1986896.3500000001
1781510400000,65.235,68.592,65.141,67.958,2345949.2799999998
1781524800000,67.961,68.443,66.636,68.015,2434012.29
1781539200000,68.008,68.7,67.005,67.114,1468251.47
1781553600000,67.085,68.379,66.061,66.885,1209069.8300000001
1781568000000,66.889,69.798,66.361,69.779,1743090.9099999999
1781582400000,69.792,73.1,69.052,72.931,2511869.1400000001
1781596800000,72.96,76.443,72.529,75.637,3490995.4900000002
1781611200000,75.637,77.0,73.248,74.934,4581838.1900000004
1781625600000,74.928,75.331,72.038,72.438,3228129.6000000001
1781640000000,72.426,73.979,72.108,73.579,1276837.05
1781654400000,73.58,75.085,72.459,74.465,1682156.1299999999
1781668800000,74.475,75.332,72.8,73.415,1278812.24
1781683200000,73.415,73.498,70.629,71.006,1402974.1399999999
1781697600000,71.012,74.649,69.944,74.413,2821511.6099999999
1781712000000,74.417,76.78,70.998,72.221,7002898.3300000001
1781726400000,72.258,72.814,70.203,71.142,2088107.55
1781740800000,71.148,73.728,70.609,70.983,2126874.73
1781755200000,70.982,71.698,68.6,71.511,2799419.5299999998
1781769600000,71.523,72.768,70.582,70.912,1911876.78
1781784000000,70.914,72.31,67.305,67.498,3882900.3399999999
1781798400000,67.527,68.71,66.549,68.149,2768496.1600000001
1781812800000,68.16,69.296,67.3,68.35,1628877.1000000001
1781827200000,68.342,68.343,66.674,66.777,1064306.22
1781841600000,66.778,67.73,65.636,66.544,1628175.46
1781856000000,66.545,67.692,66.384,67.374,763301.1
1781870400000,67.374,69.555,66.5,69.34,1915418.4199999999
1781884800000,69.341,71.391,69.203,70.493,2158989.7400000002
1781899200000,70.499,70.941,68.854,70.262,1238199.8700000001
1781913600000,70.262,70.396,68.403,68.909,737727.86
1781928000000,68.909,70.935,68.657,69.981,707832.04
1781942400000,69.984,71.297,69.96,71.074,697787.73
1781956800000,71.075,71.426,68.702,71.088,1565443.76
1781971200000,71.095,71.111,68.985,69.862,820848.11
1781985600000,69.855,71.0,69.402,70.741,620029.66
1782000000000,70.74,70.913,69.637,69.686,613742.6
1782014400000,69.683,70.093,68.242,68.489,775322.49
1782028800000,68.482,68.539,67.189,67.734,1283756.8200000001
1782043200000,67.74,68.753,67.219,68.655,991422.64
1782057600000,68.668,68.765,67.526,68.522,569118.67
1782072000000,68.521,68.846,66.532,66.898,1235182.3999999999
1782086400000,66.899,68.877,65.1,65.435,1815436.8500000001
1782100800000,65.435,67.549,65.244,67.251,915855.01
1782115200000,67.253,68.5,67.036,68.025,713058.53
1782129600000,68.025,69.583,66.808,66.921,2672946.7200000002
1782144000000,66.925,69.35,66.524,67.413,2017136.9299999999
1782158400000,67.422,67.674,65.775,66.254,855255.91
1782172800000,66.253,67.345,65.742,67.059,922175.89
1782187200000,67.059,67.171,63.4,63.519,2602163.2000000002
1782201600000,63.528,63.744,62.233,63.243,2135970.5
1782216000000,63.231,63.67,61.621,62.35,2928445.6499999999
1782230400000,62.352,63.037,61.7,62.216,1578916.6299999999
1782244800000,62.217,62.924,61.688,62.143,997125.02
1782259200000,62.149,63.204,60.572,61.27,1614576.8100000001
1782273600000,61.27,62.641,60.366,61.94,1056013.4399999999
1782288000000,61.967,63.3,61.533,62.496,691932.04
1782302400000,62.486,62.589,59.72,59.922,1938392.22
1782316800000,59.912,60.872,59.05,60.816,2249609.0
1782331200000,60.81,64.27,60.569,63.888,2743678.5
1782345600000,63.904,64.138,62.735,63.023,1010143.9399999999
1782360000000,63.021,64.595,62.586,63.754,1132738.8600000001
1782374400000,63.754,63.947,62.424,62.854,893717.26
1782388800000,62.855,63.7,58.328,61.82,4398068.9500000002
1782403200000,61.821,63.632,61.053,63.505,2753013.77
1782417600000,63.505,65.399,62.838,64.068,2229915.6899999999
1782432000000,64.068,64.447,61.318,63.801,2198497.9700000002
1782446400000,63.801,65.053,61.929,65.005,1523107.76
1782460800000,64.984,65.418,61.702,62.035,1843995.6699999999
1782475200000,62.035,65.049,60.892,64.824,3012679.79
1782489600000,64.83,65.429,63.789,64.68,1826617.0700000001
1782504000000,64.678,65.1,63.208,64.33,1105469.77
1782518400000,64.334,64.448,63.193,63.964,536332.36
1782532800000,63.955,64.707,63.095,63.564,499803.3
1782547200000,63.559,63.922,62.616,63.402,695504.53
1782561600000,63.394,64.69,62.849,64.395,582950.71
1782576000000,64.382,64.403,62.1,62.169,842230.29
1782590400000,62.168,62.792,61.441,61.62,869280.03
1782604800000,61.62,62.215,61.326,62.18,424757.32
1782619200000,62.183,62.644,61.566,62.609,401393.79
1782633600000,62.616,63.512,62.3,63.166,755751.03
1782648000000,63.167,63.488,62.479,63.048,486643.55
1782662400000,63.049,63.209,61.61,61.938,467271.34
1782676800000,61.939,62.407,60.553,61.399,1256247.26
1782691200000,61.408,62.881,60.684,62.706,902953.9399999999
1782705600000,62.706,63.196,61.52,62.575,708516.7
1782720000000,62.574,63.832,62.273,63.365,864432.64
1782734400000,63.364,64.962,63.091,64.845,2903958.1400000001
1782748800000,64.846,67.102,64.217,66.885,2183462.2200000002
1782763200000,66.879,67.76,66.204,66.9,1334793.99
1782777600000,66.885,66.932,65.474,65.716,937785.48
1782792000000,65.715,66.45,65.167,65.631,598143.47
1782806400000,65.634,66.368,64.974,65.687,843214.5699999999
1782820800000,65.686,65.981,64.37,64.999,1764938.73
1782835200000,64.999,65.553,64.11,65.471,902725.8100000001
1782849600000,65.475,65.718,64.11,65.014,702802.3
1782864000000,65.025,65.781,62.87,65.577,1707932.6699999999
1782878400000,65.579,66.0,64.021,64.451,763341.33
1782892800000,64.448,64.448,62.317,62.618,1501765.8500000001
1782907200000,62.617,64.827,62.334,64.613,1972245.26
1782921600000,64.613,65.053,62.832,62.957,1431333.02
1782936000000,62.946,64.148,61.833,62.343,2245329.8500000001
1782950400000,62.347,63.675,61.644,63.607,900440.46
1782964800000,63.609,63.816,62.866,63.123,615892.23
1782979200000,63.098,65.303,63.0,65.094,1160510.4199999999
1782993600000,65.095,66.455,64.727,65.359,1684460.76
1783008000000,65.365,67.143,65.02,66.201,1321832.8200000001
1783022400000,66.214,66.973,65.409,66.897,706558.1
1783036800000,66.889,67.042,65.842,66.677,708620.0
1783051200000,66.677,67.733,66.242,67.294,542308.5
1783065600000,67.295,69.555,67.281,69.246,1520303.8300000001
1783080000000,69.262,70.729,68.763,69.918,1421617.6200000001
1783094400000,69.922,70.725,69.417,70.235,1010367.39
1783108800000,70.236,71.266,70.185,70.634,980313.45
1783123200000,70.644,71.638,69.939,71.312,966529.33
1783137600000,71.315,72.0,70.775,71.485,747911.25
1783152000000,71.479,71.55,70.379,70.587,411853.77
1783166400000,70.586,71.259,70.306,70.617,416940.14
1783180800000,70.617,70.865,69.355,69.882,1018462.6899999999
1783195200000,69.882,70.247,69.5,69.841,463356.97
1783209600000,69.841,69.867,68.227,68.656,869834.05
1783224000000,68.656,69.373,68.21,68.679,464849.27
1783238400000,68.68,69.094,68.333,68.83,353182.3
1783252800000,68.84,69.857,68.65,69.514,508384.59
1783267200000,69.513,69.925,69.098,69.757,355046.23
1783281600000,69.765,71.704,69.714,71.329,954405.72
1783296000000,71.329,72.6,71.116,71.586,898587.87
1783310400000,71.584,71.754,70.636,70.823,682724.85
1783324800000,70.824,71.084,69.744,69.98,622592.75
1783339200000,69.997,70.819,68.622,70.706,1604203.1200000001
1783353600000,70.718,71.71,70.664,71.606,882337.88
1783368000000,71.589,71.725,70.5,70.584,663326.9399999999
1783382400000,70.579,72.0,70.064,70.167,763938.5600000001
1783396800000,70.172,71.276,69.455,70.552,671896.5
1783411200000,70.549,71.921,70.5,71.913,793322.6800000001
1783425600000,71.92,72.914,70.838,71.954,2036046.54
1783440000000,71.959,72.333,69.455,70.113,1398716.8600000001
1783454400000,70.101,70.461,68.8,69.149,1064363.71
1783468800000,69.15,69.742,67.216,67.993,1391816.9399999999
1783483200000,67.999,68.419,67.711,68.24,431948.92
1783497600000,68.241,68.925,67.342,68.844,971729.04
1783512000000,68.845,68.896,66.491,66.891,1553871.1699999999
1783526400000,66.89,67.901,66.606,67.339,1098196.3700000001
1783540800000,67.34,67.691,66.1,67.619,817189.22
1783555200000,67.619,68.419,67.0,67.142,713997.1800000001
1783569600000,67.143,68.4,67.051,68.056,533565.16
1783584000000,68.057,68.371,67.0,67.423,711879.0699999999
1783598400000,67.423,68.705,67.052,67.415,1187888.1899999999
1783612800000,67.42,68.059,66.541,66.898,1113472.2
1783627200000,66.899,67.395,66.881,67.079,291681.22
1783641600000,67.082,68.409,66.804,68.399,494923.79
1783656000000,68.404,68.467,67.706,68.273,354391.3
1783670400000,68.276,69.319,68.212,68.792,805368.14
1783684800000,68.794,68.963,67.141,67.426,1157823.6299999999
1783699200000,67.442,67.949,66.938,67.223,756408.67
1783713600000,67.224,67.569,66.641,67.473,478661.75
1783728000000,67.47,67.649,66.743,67.033,416060.76
1783742400000,67.024,67.049,66.145,66.402,444005.79
1783756800000,66.402,66.998,66.378,66.962,242357.95
1783771200000,66.962,67.817,66.327,67.202,792922.98
1783785600000,67.202,67.778,66.85,67.497,466597.04
1783800000000,67.497,68.208,66.7,66.7,535713.17
1783814400000,66.731,67.396,66.534,67.223,323535.6
1783828800000,67.216,67.292,66.478,66.923,130875.97
1783843200000,66.923,67.445,66.48,66.87,464151.71
1783857600000,66.867,67.87,66.602,67.534,543867.9
1783872000000,67.535,68.318,67.482,68.239,532897.8100000001
1783886400000,68.24,68.344,66.92,67.288,568745.0699999999
1783900800000,67.293,68.167,66.5,66.555,665075.96
1783915200000,66.564,66.673,64.75,65.464,1579680.6100000001
1783929600000,65.465,65.79,64.83,65.048,597348.8
1783944000000,65.046,65.108,63.344,63.841,2024622.47
1783958400000,63.841,63.938,63.1,63.673,1255245.23
1783972800000,63.668,63.668,62.586,63.4,871122.15
1783987200000,63.401,63.738,62.506,63.23,734972.2
1784001600000,63.233,64.121,62.999,63.484,464618.64
1784016000000,63.485,64.049,63.392,63.798,352582.85
1784030400000,63.799,65.363,63.561,64.711,1573664.26
1784044800000,64.729,65.7,64.442,65.237,805516.02
1784059200000,65.24,66.111,65.017,65.566,758837.23
1784073600000,65.566,67.601,64.915,67.288,1104858.5800000001
1784088000000,67.291,67.592,66.649,66.858,792366.95
1784102400000,66.871,68.465,66.702,68.452,1123986.6399999999
1784116800000,68.452,68.977,67.58,67.876,1777818.1499999999
1784131200000,67.879,68.345,66.744,66.814,1128602.29
1784145600000,66.814,67.486,66.742,66.862,492068.87
1784160000000,66.86,67.217,66.0,66.109,708660.02
1784174400000,66.109,66.939,65.938,66.474,525577.9300000001
1784188800000,66.474,66.585,65.524,65.835,509626.14
1784203200000,65.834,66.17,65.103,65.342,1046986.08
1784217600000,65.341,65.342,61.805,62.264,3297005.1400000001
1784232000000,62.248,62.736,60.5,60.705,1738525.23
1784246400000,60.698,61.679,59.575,59.936,1406177.8200000001
1784260800000,59.943,60.164,58.45,58.614,2066534.8300000001
1784275200000,58.615,61.07,58.568,60.307,1077379.2
1784289600000,60.308,60.961,58.934,60.778,1587442.8899999999
1784304000000,60.779,60.823,59.69,60.266,1015547.92
1784318400000,60.27,60.295,59.423,59.725,563713.77
1784332800000,59.729,60.088,59.342,59.619,225997.25
1784347200000,59.624,59.634,58.557,59.344,642632.78
1784361600000,59.354,59.48,58.531,58.79,286642.65
1784376000000,58.785,59.682,58.227,59.191,707825.7
1784390400000,59.19,60.151,59.129,59.847,619767.47
1784404800000,59.847,60.625,59.776,60.189,494704.38
1784419200000,60.189,61.129,60.184,60.689,434806.79
1784433600000,60.689,61.047,60.565,60.734,232476.4
1784448000000,60.733,61.361,60.681,61.027,477348.99
1784462400000,61.033,61.289,60.569,60.855,401244.11
1784476800000,60.873,61.168,60.23,61.078,419015.82
1784491200000,61.066,61.459,60.801,61.11,449803.54
1784505600000,61.112,61.616,60.031,60.286,927744.2
1784520000000,60.287,60.818,59.78,60.676,506710.29
1784534400000,60.676,61.343,60.368,61.32,372179.47
1784548800000,61.319,62.322,60.414,62.182,1163711.3
1784563200000,62.182,62.465,61.795,61.993,880815.3100000001
1784577600000,61.998,62.9,61.944,62.447,490632.04
1784592000000,62.439,62.813,62.251,62.629,350842.25
1784606400000,62.641,63.355,62.566,62.936,524992.17
1784620800000,62.935,63.245,62.502,62.823,441959.27
1784635200000,62.823,62.863,61.521,61.749,1033536.15
1784649600000,61.748,61.91,59.862,60.235,1760683.24
1784664000000,60.244,60.948,59.804,60.836,883104.16
1784678400000,60.833,61.155,60.035,60.097,579157.14
1784692800000,60.096,60.546,58.099,58.512,1678791.0800000001
1784707200000,58.512,59.197,58.437,58.633,707214.91
1784721600000,58.63,59.122,58.01,58.028,1159358.46
1784736000000,58.031,59.927,57.369,59.167,2661230.0499999998
1784750400000,59.174,60.06,58.723,59.336,592102.5
1784764800000,59.338,59.744,58.43,59.053,478782.88
1784779200000,59.044,59.511,58.269,58.604,421298.82
1784793600000,58.605,59.497,58.599,59.246,270068.58
1784808000000,59.245,60.001,58.783,59.488,1139754.74
1784822400000,59.487,59.493,57.568,57.935,1398199.27
1784836800000,57.932,58.446,57.1,57.429,978862.59
1784851200000,57.431,58.311,57.137,58.146,570630.54
1784865600000,58.151,58.97,58.128,58.635,468591.07
1784880000000,58.635,59.017,58.2,58.495,246483.91
1784894400000,58.495,59.194,57.85,58.751,727295.04
1784908800000,58.751,59.123,58.027,58.112,403524.26
1784923200000,58.113,58.244,56.5,57.398,1223129.5
1784937600000,57.398,57.652,57.011,57.39,306861.14
1784952000000,57.383,57.471,57.033,57.109,134641.34
1784966400000,57.109,57.916,56.912,57.683,287009.5
1784980800000,57.682,57.961,57.18,57.719,305007.31
1784995200000,57.721,58.532,57.608,58.024,490332.81
1785009600000,58.025,58.224,57.798,58.096,280392.73
1785024000000,58.093,58.58,58.027,58.529,248035.15
1785038400000,58.533,58.73,58.28,58.545,287834.24
1785052800000,58.541,58.864,58.327,58.56,108851.02
1785067200000,58.559,59.099,58.42,58.953,348903.0
1785081600000,58.958,59.537,58.712,58.95,513706.28
1785096000000,58.958,59.847,58.738,59.594,481874.39
1785110400000,59.594,59.888,59.1,59.888,428631.13
1785124800000,59.888,60.428,59.816,59.935,418738.06
1785139200000,59.944,60.37,59.684,59.79,287725.63
1785153600000,59.789,60.035,57.315,57.411,1611807.97
1785168000000,57.412,57.922,56.26,57.257,1558430.8700000001
1785182400000,57.241,57.25,55.689,56.057,1189386.73
1785196800000,56.057,56.4,55.542,56.149,702007.47
1785211200000,56.145,56.38,54.652,55.302,1022407.9399999999
1785225600000,55.301,55.367,54.282,54.336,716310.58
1785240000000,54.335,55.58,54.0,55.285,1527245.6899999999
1785254400000,55.285,55.802,54.602,55.369,1119390.6000000001
1785268800000,55.369,55.725,54.458,55.144,720305.74
1785283200000,55.144,55.348,54.172,54.29,460213.45
1785297600000,54.29,55.542,54.003,55.374,574722.6899999999
1785312000000,55.382,55.389,54.513,54.889,470542.02
1785326400000,54.899,55.475,54.545,54.735,741374.91
1785340800000,54.722,55.474,53.089,53.111,1819126.5
1785355200000,53.112,54.075,53.061,53.863,1251089.9199999999
1785369600000,53.858,54.3,53.712,54.027,303282.6
1785384000000,54.032,54.077,53.372,53.637,362955.84
1785398400000,53.645,54.113,52.876,53.124,655776.9
1785412800000,53.113,54.563,52.761,54.425,1356478.5700000001
1785427200000,54.423,55.409,54.357,55.361,900243.3199999999
1785441600000,55.367,56.09,54.875,55.82,805910.37
1785456000000,55.819,56.094,54.8,55.038,750219.41
1785470400000,55.038,55.614,54.431,54.5,451209.3
1785484800000,54.502,54.929,54.086,54.916,458196.88
1785499200000,54.916,55.48,53.991,54.244,1231543.6899999999
1785513600000,54.243,54.496,52.114,52.282,2168119.3399999999
1785528000000,52.288,52.953,51.814,52.501,1100350.8100000001
1785542400000,52.507,52.66,52.064,52.274,311191.18
1785556800000,52.275,52.389,51.488,51.851,702041.12
1785571200000,51.852,52.457,51.826,52.138,392636.55
1785585600000,52.137,52.611,52.046,52.399,459185.15
1785600000000,52.4,52.598,51.6,52.031,714081.22
1785614400000,52.031,52.257,51.856,52.15,250843.48
1785628800000,52.149,53.025,52.142,52.745,479217.5
1785643200000,52.742,52.839,51.805,51.858,345422.96
1785657600000,51.859,52.128,51.081,51.246,852319.36
1785672000000,51.247,51.674,51.111,51.34,388775.43
1785686400000,51.339,52.809,51.252,52.691,726230.96
1785700800000,52.69,53.0,52.346,52.534,595905.6800000001
1785715200000,52.541,52.692,52.02,52.191,362679.29
1785729600000,52.182,52.813,51.885,52.333,437892.2
1785744000000,52.337,53.169,51.9,52.692,725262.9399999999
1785758400000,52.692,54.414,52.565,54.29,1446572.3500000001
1785772800000,54.297,54.8,54.028,54.453,755647.95
1785787200000,54.466,54.717,53.731,53.961,403779.77
1785801600000,53.955,54.476,53.526,54.132,302396.82
1785816000000,54.142,54.924,54.085,54.746,481447.97
1785830400000,54.746,55.522,54.476,55.503,697737.13
1785844800000,55.503,55.792,55.0,55.386,1181294.3100000001
1785859200000,55.387,55.78,55.167,55.536,636862.5600000001
1785873600000,55.536,55.744,55.0,55.006,492551.69
1785888000000,55.007,56.515,54.61,55.968,761900.78
1785902400000,55.969,57.246,55.921,57.04,846387.73
1785916800000,57.04,57.862,56.62,56.997,961150.11
1785931200000,56.997,57.703,56.517,57.047,913324.58
1785945600000,57.054,57.961,57.054,57.178,911968.25
1785960000000,57.177,57.258,56.621,56.914,645674.61
1785974400000,56.917,57.183,56.015,56.299,452910.7
1785988800000,56.299,56.633,55.721,55.991,438380.68
1786003200000,55.991,56.162,55.28,55.326,411904.04
1786017600000,55.331,56.096,54.614,55.554,1550749.0
1786032000000,55.553,56.533,55.283,56.017,877242.9399999999
1786046400000,56.028,56.308,55.765,56.159,293447.68
1786060800000,56.16,56.167,55.442,55.596,263505.24
1786075200000,55.592,55.73,55.0,55.575,425436.21
1786089600000,55.575,57.002,55.542,56.943,728521.1800000001
1786104000000,56.943,56.974,55.455,55.742,1289266.3
1786118400000,55.752,55.791,53.459,54.583,2202004.6600000001
1786132800000,54.583,54.591,53.801,54.064,598790.5
1786147200000,54.063,54.381,53.838,54.319,247358.56
1786161600000,54.33,54.411,54.121,54.373,171868.67
1786176000000,54.374,54.82,54.333,54.512,365558.28
1786190400000,54.513,54.952,54.315,54.727,295345.59
1786204800000,54.726,55.155,54.662,54.921,311604.82
1786219200000,54.92,55.225,54.875,55.074,194983.15
1786233600000,55.073,55.282,54.607,54.71,179240.69
1786248000000,54.709,54.989,54.515,54.754,152333.12
1786262400000,54.747,54.898,54.057,54.227,237783.34
1786276800000,54.217,54.917,54.09,54.815,271976.36
1786291200000,54.821,54.997,54.52,54.657,152924.58
1786305600000,54.657,54.813,53.706,53.83,541706.53
1786320000000,53.822,54.495,53.774,54.061,297987.83
1786334400000,54.068,54.802,53.897,54.735,368132.23
1786348800000,54.74,54.853,54.228,54.762,311568.08
1786363200000,54.765,55.244,53.992,54.305,732689.45
1786377600000,54.305,55.855,53.947,55.855,869471.5699999999
1786392000000,55.828,56.079,54.981,55.049,337043.05
1786406400000,55.049,55.487,54.765,55.395,352472.6
1786420800000,55.393,55.615,54.8,55.043,210866.49
1786435200000,55.05,55.385,54.882,55.304,181121.55
1786449600000,55.304,55.344,53.737,53.879,784587.51
1786464000000,53.878,54.584,53.758,54.519,533020.63
1786478400000,54.521,54.733,54.233,54.47,293614.36
1786492800000,54.47,54.752,54.264,54.619,324878.56
1786507200000,54.621,55.195,54.398,55.122,251272.05
1786521600000,55.123,55.764,54.858,55.742,313916.66
1786536000000,55.742,56.564,55.393,56.52,1261310.27
1786550400000,56.52,56.913,56.131,56.201,612212.4300000001
1786564800000,56.201,56.444,55.896,56.03,294002.91
1786579200000,56.031,56.642,55.991,56.437,425068.79
1786593600000,56.438,57.476,56.365,57.304,476955.53
1786608000000,57.305,57.755,56.805,57.037,780839.9300000001
1786622400000,57.037,58.5,56.99,57.786,1016710.3100000001
1786636800000,57.789,58.025,57.304,57.438,605610.34
1786651200000,57.443,57.601,57.0,57.464,445424.0
1786665600000,57.464,57.601,56.521,56.523,415193.09
1786680000000,56.523,56.912,56.274,56.406,269540.79
1786694400000,56.406,56.769,56.1,56.18,234969.85
1786708800000,56.171,56.241,55.466,55.603,816458.29
1786723200000,55.595,56.061,55.302,55.697,332946.07
1786737600000,55.697,56.513,55.388,56.48,373599.65
1786752000000,56.486,56.729,56.225,56.556,225426.03
1786766400000,56.556,56.631,55.81,56.443,220452.48
1786780800000,56.444,56.48,55.822,56.012,151435.65
1786795200000,56.011,56.808,55.867,56.769,263606.44
1786809600000,56.772,57.35,56.598,57.288,432559.83
1786824000000,57.289,57.289,56.741,56.875,188019.71
1786838400000,56.875,57.283,56.714,56.931,181633.43
1786852800000,56.931,57.45,56.747,57.449,209477.21
1786867200000,57.449,57.547,57.253,57.366,163506.96
1786881600000,57.359,57.495,57.021,57.418,193043.46
1786896000000,57.417,58.0,57.395,57.674,489057.61
1786910400000,57.673,57.764,57.025,57.099,362876.84
1786924800000,57.099,59.176,57.021,59.115,1077113.8600000001
1786939200000,59.119,59.647,58.668,59.529,685520.9399999999
1786953600000,59.532,59.874,59.07,59.479,888744.22
1786968000000,59.48,59.57,58.777,59.275,892368.11
1786982400000,59.276,59.294,58.69,58.941,382386.3
1786996800000,58.936,59.448,58.36,59.416,480573.32
1787011200000,59.416,59.62,58.958,59.351,462070.23
1787025600000,59.351,60.478,58.837,59.619,942082.67
1787040000000,59.623,59.952,59.167,59.827,579357.15
1787054400000,59.826,59.897,58.975,59.342,798644.5
1787068800000,59.348,59.379,58.232,58.889,894245.17
1787083200000,58.91,59.098,58.246,58.477,432964.2
1787097600000,58.483,58.818,58.15,58.37,423097.03
1787112000000,58.37,58.664,58.0,58.128,298796.65
1787126400000,58.128,58.939,58.076,58.706,347020.8
1787140800000,58.705,61.844,58.573,61.83,3034658.73
1787155200000,61.83,73.368,61.517,70.27,9873251.75
1787169600000,70.265,72.69,68.407,69.748,6984575.5700000003
1787184000000,69.726,71.056,68.39,69.471,2788153.0499999998
1787198400000,69.476,72.56,69.42,72.021,1826867.96
1787212800000,72.022,74.623,70.478,71.892,4515091.2999999998
1787227200000,71.903,73.469,71.0,73.203,2209281.48
1787241600000,73.203,74.353,71.631,72.559,2666345.96
1787256000000,72.559,75.0,72.559,73.773,1944772.77
1787270400000,73.775,75.101,71.15,72.24,3275402.21
1787284800000,72.25,74.0,72.036,73.8,1122457.4399999999
1787299200000,73.801,76.1,73.068,74.276,4401083.29
1787313600000,74.277,77.891,73.715,76.697,5446812.2000000002
1787328000000,76.698,76.842,73.95,74.944,2753539.4100000001
1787342400000,74.945,77.193,74.84,75.555,3156014.6600000001
1787356800000,75.563,82.535,74.615,82.147,4013287.4700000002
1787371200000,82.142,82.464,72.521,78.826,5192346.6299999999
1787385600000,78.825,79.239,75.111,77.939,2316540.4300000002
1787400000000,77.948,78.71,77.091,77.465,1178304.1399999999
1787414400000,77.467,79.689,77.272,79.253,1035465.9399999999
1787428800000,79.253,80.0,77.927,79.408,1386532.79
1787443200000,79.411,81.164,77.49,77.98,1705879.9399999999
1787457600000,77.981,79.1,77.007,78.786,1352024.76
1787472000000,78.787,81.21,78.651,80.575,1153694.5700000001
1787486400000,80.571,81.611,78.371,79.704,1905358.01
1787500800000,79.704,81.306,79.36,81.016,1233581.8799999999
1787515200000,81.017,83.464,80.56,82.369,1898961.28
1787529600000,82.37,82.376,79.205,79.507,1381627.1599999999
1787544000000,79.496,80.518,78.989,79.528,1032586.9300000001
1787558400000,79.522,80.39,76.98,80.205,2079968.4099999999
1787572800000,80.205,80.999,78.108,78.489,2946690.3100000001
1787587200000,78.489,79.391,76.594,77.757,1820857.5900000001
1787601600000,77.751,79.019,77.45,79.013,831333.65
1787616000000,79.009,81.337,78.17,80.736,2570182.5499999998
1787630400000,80.735,81.845,80.2,81.075,1088646.8500000001
1787644800000,81.08,82.0,79.623,79.845,1680404.1200000001
1787659200000,79.845,81.665,78.828,81.597,1877019.8200000001
1787673600000,81.606,83.253,80.768,81.743,2422831.52
1787688000000,81.744,81.77,78.293,79.652,1998499.1000000001
1787702400000,79.653,82.0,79.433,81.652,1032700.35
1787716800000,81.653,83.055,81.495,81.93,1028615.24
1787731200000,81.93,83.734,81.242,81.827,1515064.48
1787745600000,81.828,82.748,80.357,80.452,2519502.1000000001
1787760000000,80.452,81.384,79.441,81.096,1309303.5600000001
1787774400000,81.102,82.95,80.01,82.282,2274978.25
1787788800000,82.296,82.305,80.627,80.756,1070223.3899999999
1787803200000,80.756,81.833,80.5,81.733,532146.24
1787817600000,81.733,83.86,81.357,82.042,2353144.0600000001
1787832000000,82.042,85.5,82.01,84.634,3441727.6400000001
1787846400000,84.633,86.727,83.733,84.819,2812010.6299999999
1787860800000,84.835,85.469,84.173,84.641,1032855.11
1787875200000,84.641,85.035,83.063,83.628,965699.3100000001
1787889600000,83.628,84.233,82.857,84.061,679738.99
1787904000000,84.046,84.777,82.26,82.997,1057402.79
1787918400000,82.992,85.188,81.208,81.737,2941761.4500000002
1787932800000,81.71,82.186,78.348,79.621,4334738.2199999997
1787947200000,79.633,81.222,79.382,80.942,1062101.7
1787961600000,80.941,82.2,80.065,81.532,788317.1
1787976000000,81.533,82.153,80.801,81.376,709267.37
1787990400000,81.376,81.648,80.845,80.869,469625.58
1788004800000,80.87,83.198,80.869,82.97,792968.64
1788019200000,82.97,83.557,82.534,82.84,735907.21
1788033600000,82.84,83.563,82.659,83.382,445020.18
1788048000000,83.38,83.462,82.776,82.818,307697.0
1788062400000,82.817,83.45,82.482,82.875,262996.64
1788076800000,82.882,83.923,82.847,83.596,303864.23
1788091200000,83.597,84.155,83.053,83.184,508476.26
1788105600000,83.184,84.064,82.542,82.693,947634.5600000001
1788120000000,82.69,82.816,79.017,79.992,2170661.25
1788134400000,79.986,80.942,79.519,80.352,894973.6899999999
1788148800000,80.353,81.327,79.941,81.178,427475.86
1788163200000,81.179,82.13,80.953,81.786,459050.21
1788177600000,81.787,82.531,80.476,82.118,1073502.1200000001
1788192000000,82.119,85.001,81.619,83.632,2836563.9500000002
1788206400000,83.64,85.401,83.617,84.171,1096297.8899999999
1788220800000,84.171,84.599,83.6,84.315,472142.39
1788235200000,84.315,84.499,83.273,83.474,481977.41
1788249600000,83.474,84.014,82.645,83.882,814146.3
1788264000000,83.882,84.467,82.655,83.236,1039231.87
1788278400000,83.233,83.316,80.56,82.681,2235531.25
1788292800000,82.682,82.965,81.739,82.737,581344.85
1788307200000,82.752,83.388,81.725,82.915,886930.77
1788321600000,82.914,83.696,82.246,82.289,485502.71
1788336000000,82.288,82.459,80.159,81.204,914815.66
1788350400000,81.205,81.88,80.424,81.649,1241161.98
1788364800000,81.646,81.978,80.76,81.056,533804.12
1788379200000,81.052,81.962,80.92,81.9,372216.77
1788393600000,81.9,82.443,81.06,82.292,391002.9
1788408000000,82.291,82.618,81.5,81.958,284124.72
1788422400000,81.969,82.319,81.132,82.11,314622.59
1788436800000,82.11,84.646,81.891,84.464,2586133.6499999999
1788451200000,84.479,86.142,82.974,85.78,2454476.5499999998
1788465600000,85.789,88.199,85.01,87.486,1878297.26
1788480000000,87.478,87.883,86.388,87.241,842893.01
1788494400000,87.241,87.326,85.538,86.284,602959.36
1788508800000,86.298,87.3,85.718,87.25,600257.11
1788523200000,87.25,87.442,83.5,84.727,2733763.0499999998
1788537600000,84.72,85.539,84.574,84.861,749913.89
1788552000000,84.86,85.114,83.385,84.452,735728.24
1788566400000,84.451,84.642,83.777,83.954,194618.17
1788580800000,83.953,84.719,83.667,84.575,317620.58
1788595200000,84.575,85.037,84.405,84.857,244553.09
1788609600000,84.857,85.717,84.75,85.433,512988.68
1788624000000,85.433,86.174,85.306,85.392,439176.02
1788638400000,85.392,85.989,85.128,85.428,259287.96
1788652800000,85.427,86.393,84.497,85.887,632757.04
1788667200000,85.886,87.32,85.789,86.559,693951.09
1788681600000,86.559,88.727,86.376,88.525,830690.08
1788696000000,88.524,89.604,88.1,88.41,1516846.97
1788710400000,88.411,88.515,87.096,87.28,736675.98
1788724800000,87.283,88.465,86.521,87.943,776127.24
1788739200000,87.956,88.067,86.117,86.293,536665.91
1788753600000,86.292,86.995,86.0,86.338,332403.49
1788768000000,86.349,87.99,86.32,87.804,347987.42
1788782400000,87.805,88.308,84.698,85.16,1198786.3100000001
1788796800000,85.167,85.739,84.833,85.7,645037.49
1788811200000,85.7,85.808,84.639,85.176,274457.4
1788825600000,85.185,85.514,83.856,84.067,579841.54
1788840000000,84.066,84.48,83.175,84.113,730846.71
1788854400000,84.113,84.572,82.924,83.151,648101.9399999999
1788868800000,83.15,84.1,81.491,83.936,1788873.8500000001
1788883200000,83.917,84.788,83.5,84.1,784440.84
1788897600000,84.1,85.128,84.014,85.121,372189.55
1788912000000,85.121,85.956,85.028,85.21,499535.25
1788926400000,85.225,86.905,85.225,86.89,722130.76
1788940800000,86.89,87.0,85.522,86.298,595382.74
1788955200000,86.296,87.0,83.773,84.975,1265346.3500000001
1788969600000,84.978,87.037,84.484,84.78,1408074.8400000001
1788984000000,84.764,85.528,82.33,83.516,1593647.8500000001
1788998400000,83.549,84.26,82.654,83.994,533494.63
1789012800000,83.994,84.363,82.705,83.226,548176.9
1789027200000,83.215,83.386,81.991,82.752,632374.6899999999
1789041600000,82.752,82.864,80.024,80.639,2683830.1899999999
1789056000000,80.635,80.968,78.594,80.153,2326866.98
1789070400000,80.153,80.719,78.171,78.519,1013834.59
1789084800000,78.519,79.525,78.138,78.687,687633.65
1789099200000,78.687,80.379,78.612,79.84,584475.76
1789113600000,79.839,80.353,78.5,79.218,476115.84
1789128000000,79.217,83.767,78.549,81.96,3671869.7000000002
1789142400000,81.976,82.582,79.645,80.727,1436686.8700000001
1789156800000,80.726,81.29,78.5,79.391,901977.71
1789171200000,79.378,79.465,78.5,78.829,434632.18
1789185600000,78.829,79.103,78.334,79.039,303961.73
1789200000000,79.054,80.431,78.94,80.242,524300.9399999999
1789214400000,80.23,80.475,79.972,80.231,237520.79
1789228800000,80.23,80.775,79.33,79.644,388652.75
1789243200000,79.644,79.955,79.381,79.641,303770.0
1789257600000,79.638,79.644,78.939,78.99,310720.28
1789272000000,78.991,79.459,78.447,78.487,289160.02
1789286400000,78.488,78.547,77.039,77.463,1062567.8200000001
1789300800000,77.466,78.628,76.593,77.925,888469.1
1789315200000,77.925,78.719,77.72,78.05,424540.87
1789329600000,78.05,78.9,76.966,77.26,543801.13
1789344000000,77.26,80.081,76.908,79.837,1113709.55
1789358400000,79.843,80.291,79.399,79.916,431199.96
1789372800000,79.915,80.489,79.073,80.086,456355.13
1789387200000,80.085,81.063,79.021,79.845,1635058.9099999999
1789401600000,79.844,82.052,79.545,81.259,1017813.87
1789416000000,81.254,82.48,79.865,80.335,862990.5
1789430400000,80.332,80.555,79.243,79.432,625220.88
1789444800000,79.439,79.991,78.46,78.629,679671.45
1789459200000,78.629,79.487,78.433,79.022,333140.18
1789473600000,79.021,79.777,76.381,77.227,1543912.0900000001
1789488000000,77.228,78.101,75.15,77.219,2770488.3799999999
1789502400000,77.219,77.66,76.3,76.91,1038069.7
1789516800000,76.921,77.912,76.618,77.471,473538.82
1789531200000,77.476,77.997,76.953,77.541,348527.57
1789545600000,77.542,79.653,77.027,79.267,1062834.5
1789560000000,79.281,79.283,77.756,78.661,1151318.23
1789574400000,78.655,80.364,77.033,78.625,2888221.0099999998
1789588800000,78.616,79.084,77.612,78.235,647445.3100000001
1789603200000,78.231,79.5,78.059,79.32,637435.39
1789617600000,79.322,79.558,78.661,79.554,298820.47
1789632000000,79.556,80.973,79.33,79.769,670675.65
1789646400000,79.77,83.352,79.616,82.57,3552800.6200000001
1789660800000,82.579,83.405,81.66,83.208,809579.15
1789675200000,83.209,85.253,82.778,85.124,925250.34
1789689600000,85.124,87.139,85.074,86.924,1249119.0
1789704000000,86.907,88.5,86.05,88.279,711432.8
1789718400000,88.279,91.03,87.861,89.855,1633062.52
1789732800000,89.867,92.737,89.581,91.382,2387730.0800000001
1789747200000,91.368,92.4,90.677,92.352,1259762.79
1789761600000,92.337,93.17,91.136,92.611,863557.0699999999
1789776000000,92.614,94.599,92.363,93.497,988861.8
1789790400000,93.505,93.935,91.432,92.926,724192.21
1789804800000,92.943,93.342,91.501,92.574,529971.5600000001
1789819200000,92.585,93.464,92.162,93.137,612067.36
1789833600000,93.138,93.446,91.8,92.177,506546.87
1789848000000,92.178,92.374,91.007,92.218,675305.6
1789862400000,92.217,92.606,89.597,91.126,1121310.48
1789876800000,91.126,91.596,90.427,91.041,416333.25
1789891200000,91.04,91.626,90.099,91.415,506333.79
1789905600000,91.407,92.286,90.6,92.013,477773.06
1789920000000,92.02,93.817,91.944,93.35,974956.89
1789934400000,93.351,94.094,92.006,93.749,645460.45
1789948800000,93.748,94.495,92.453,93.492,884555.8199999999
1789963200000,93.493,94.549,93.359,94.312,473098.1
1789977600000,94.294,96.153,94.257,95.477,1428472.99
1789992000000,95.507,96.076,93.021,93.096,2085466.9399999999
1790006400000,93.172,93.581,92.0,93.329,1513684.27
1790020800000,93.33,94.332,92.897,94.143,843762.75
1790035200000,94.153,94.405,92.162,92.942,707661.54
1790049600000,92.941,94.739,92.591,94.729,744991.08
1790064000000,94.729,95.867,94.257,95.443,803970.8
1790078400000,95.442,96.0,93.72,94.878,1276514.26
1790092800000,94.878,96.983,94.405,96.289,1434918.1499999999
1790107200000,96.282,97.816,95.697,97.274,1100621.0800000001
1790121600000,97.279,97.75,96.544,96.915,699898.52
1790136000000,96.915,97.999,96.299,96.451,721865.8199999999
1790150400000,96.451,96.668,94.925,95.2,959165.4399999999
1790164800000,95.2,95.898,92.639,92.838,2580692.98
1790179200000,92.823,94.1,91.95,93.671,1852423.5
1790193600000,93.68,94.37,92.601,94.092,632741.91
1790208000000,94.092,94.545,91.512,91.892,1254568.03
1790222400000,91.892,95.0,91.288,93.95,1214659.78
1790236800000,93.951,94.054,89.771,90.925,2654262.3799999999
1790251200000,90.925,93.794,90.767,93.424,1910804.78
1790265600000,93.425,94.804,92.714,94.484,1428060.6200000001
1790280000000,94.478,94.677,91.978,92.083,893250.58
1790294400000,92.081,92.627,91.021,91.659,696097.47
1790308800000,91.66,92.999,91.598,92.962,309624.81
1790323200000,92.961,94.367,92.857,93.343,775867.15
1790337600000,93.343,93.884,90.247,90.822,1844820.96
1790352000000,90.821,91.924,90.679,91.563,786202.16
1790366400000,91.563,92.8,91.27,92.353,453773.24
1790380800000,92.353,92.596,91.289,91.823,342328.97
1790395200000,91.822,92.198,91.429,91.868,150554.72
1790409600000,91.868,92.336,91.303,92.152,213312.29
1790424000000,92.147,92.626,91.8,92.518,295305.72
1790438400000,92.521,92.685,91.469,91.606,343081.86
1790452800000,91.605,92.608,91.021,92.593,418553.62
1790467200000,92.593,93.55,92.378,93.316,512352.64
1790481600000,93.315,93.999,92.654,93.38,497748.15
1790496000000,93.38,93.58,92.75,93.195,226372.36
1790510400000,93.199,93.726,91.018,91.379,942969.71
1790524800000,91.38,92.125,91.051,91.774,345065.36
1790539200000,91.764,92.024,91.165,91.718,264683.89
1790553600000,91.718,92.09,89.021,89.481,1534483.51
1790568000000,89.497,90.312,88.485,88.803,801321.67
1790582400000,88.803,90.566,88.52,89.875,512115.05
1790596800000,89.865,90.402,86.747,88.299,2112755.6000000001
1790611200000,88.299,89.763,87.521,87.55,1163050.76
1790625600000,87.551,88.173,86.271,87.469,921534.86
1790640000000,87.47,87.479,85.59,86.85,932661.28
1790654400000,86.849,88.573,86.502,88.5,741336.59
1790668800000,88.5,89.038,87.856,88.587,543396.63
1790683200000,88.587,88.959,86.021,86.255,1298612.9199999999
1790697600000,86.269,87.0,84.879,85.01,1696859.23
1790712000000,85.012,86.475,84.759,86.026,692291.72
1790726400000,86.035,86.533,85.625,85.957,322739.12
1790740800000,85.946,86.35,85.1,86.095,413222.52
1790755200000,86.095,86.923,85.777,86.575,431305.53
1790769600000,86.575,87.806,84.546,87.7,2567118.54
1790784000000,87.7,91.428,87.608,88.719,3360619.5600000001
1790798400000,88.707,91.915,88.599,90.945,1942678.96
1790812800000,90.926,91.1,88.768,88.768,833250.53
1790827200000,88.787,89.896,88.422,88.837,740873.6800000001
1790841600000,88.838,90.487,88.358,90.277,652247.6800000001
1790856000000,90.278,90.67,87.198,87.377,1656120.0900000001
1790870400000,87.377,88.459,86.601,87.684,1382533.0600000001
1790884800000,87.691,87.812,86.384,87.632,629665.46
1790899200000,87.632,88.945,87.459,88.88,627928.78
1790913600000,88.88,90.881,88.555,89.744,1223810.3300000001
1790928000000,89.735,91.496,89.69,90.845,887850.48
1790942400000,90.856,91.551,89.021,89.965,1444603.1699999999
1790956800000,89.952,90.443,86.048,86.568,1963693.9099999999
1790971200000,86.581,89.414,86.031,89.058,1156752.49
1790985600000,89.058,89.99,88.027,88.235,881801.03
1791000000000,88.225,88.785,87.88,88.175,219394.96
1791014400000,88.175,88.337,87.687,87.931,177071.74
1791028800000,87.92,89.142,87.798,88.844,404739.29
1791043200000,88.846,89.299,88.625,89.074,228836.3
1791057600000,89.074,89.732,89.069,89.28,318415.44
1791072000000,89.281,89.85,89.255,89.782,183331.63
1791086400000,89.78,90.21,89.63,90.021,173928.94
1791100800000,90.025,90.953,89.951,90.262,587344.6
1791115200000,90.261,90.517,89.76,89.945,333462.62
1791129600000,89.945,90.456,89.662,90.295,247765.65
1791144000000,90.302,91.242,90.2,90.573,559056.16
1791158400000,90.565,91.2,89.9,90.325,793245.98
1791172800000,90.353,92.982,90.107,92.897,843120.52
1791187200000,92.897,93.821,92.567,93.485,953229.53
1791201600000,93.484,93.66,92.022,92.646,1480187.24
1791216000000,92.653,94.388,92.176,94.272,1095387.8100000001
1791230400000,94.251,95.339,93.8,94.231,1036353.5699999999
1791244800000,94.231,94.984,93.052,93.345,558179.76
1791259200000,93.353,93.797,92.554,93.002,406825.86
1791273600000,93.002,93.96,92.545,93.746,523715.93
1791288000000,93.746,93.839,92.136,92.16,1079324.3100000001
1791302400000,92.164,92.755,91.318,91.985,1249699.95
1791316800000,91.98,92.407,91.21,91.925,520066.1
1791331200000,91.914,92.2,89.246,90.778,1319972.77
1791345600000,90.778,91.326,90.051,90.777,556076.88
1791360000000,90.773,91.033,88.741,89.001,904075.53
1791374400000,89.001,89.499,88.01,88.533,1183632.1299999999
1791388800000,88.533,89.086,87.031,87.235,1712438.8899999999
1791403200000,87.235,88.488,87.167,88.464,663053.74
1791417600000,88.464,88.862,87.514,87.699,467755.95
1791432000000,87.715,87.765,86.572,87.199,950643.6
1791446400000,87.199,87.358,85.293,85.322,1062171.54
1791460800000,85.321,86.36,83.15,83.309,2495366.9900000002
1791475200000,83.309,84.599,82.577,83.786,1912348.51
