t_ms,o,h,l,c,v
1719489600000,13.861,14.222,13.861,14.092,51459.6
1719504000000,14.084,14.545,14.035,14.354,50090.5
1719518400000,14.38,14.435,14.287,14.431,34186.6
1719532800000,14.427,14.511,14.274,14.398,9431.0
1719547200000,14.398,14.409,14.143,14.207,16809.6
1719561600000,14.205,14.396,14.154,14.35,17728.7
1719576000000,14.348,14.595,14.269,14.381,92714.9
1719590400000,14.365,14.415,13.976,14.075,146800.5
1719604800000,14.086,14.116,13.757,13.771,27502.3
1719619200000,13.771,14.158,13.761,14.076,29746.9
1719633600000,14.091,14.115,13.946,13.958,2711.4
1719648000000,13.974,13.974,13.803,13.858,7252.8
1719662400000,13.853,13.875,13.595,13.68,12444.2
1719676800000,13.68,13.709,13.559,13.657,7538.8
1719691200000,13.647,13.697,13.487,13.542,17392.6
1719705600000,13.539,13.613,13.455,13.533,11113.5
1719720000000,13.535,13.706,13.457,13.678,4059.4
1719734400000,13.673,13.744,13.553,13.553,16150.5
1719748800000,13.555,13.704,13.533,13.701,14256.1
1719763200000,13.698,14.028,13.638,14.011,44968.5
1719777600000,14.026,14.36,13.977,14.306,121720.6
1719792000000,14.308,14.451,14.195,14.294,226184.6
1719806400000,14.29,14.416,14.277,14.378,28624.7
1719820800000,14.389,14.481,14.284,14.399,20220.6
1719835200000,14.414,14.438,14.231,14.387,26296.6
1719849600000,14.388,14.539,14.366,14.496,38040.6
1719864000000,14.468,14.582,14.318,14.346,18501.0
1719878400000,14.342,14.479,14.263,14.455,8418.0
1719892800000,14.456,14.7,14.403,14.565,11473.7
1719907200000,14.577,14.747,14.518,14.65,18742.8
1719921600000,14.65,14.668,14.362,14.514,47131.9
1719936000000,14.505,14.61,14.392,14.542,12001.3
1719950400000,14.531,14.596,14.424,14.428,18943.2
1719964800000,14.424,14.524,14.091,14.188,54916.9
1719979200000,14.195,14.592,14.124,14.414,46308.5
1719993600000,14.387,14.575,14.153,14.367,45871.9
1720008000000,14.347,14.591,14.077,14.412,41753.1
1720022400000,14.395,14.482,13.703,13.731,82753.3
1720036800000,13.713,13.804,13.558,13.583,25819.6
1720051200000,13.589,13.73,12.996,13.263,110570.9
1720065600000,13.254,13.398,13.097,13.134,38234.2
1720080000000,13.143,13.279,13.01,13.056,30242.1
1720094400000,13.048,13.077,12.62,13.069,53109.8
1720108800000,13.054,13.137,12.937,12.941,19913.6
1720123200000,12.937,13.15,12.509,12.525,114924.5
1720137600000,12.528,12.534,11.107,11.343,356170.2
1720152000000,11.322,11.705,11.042,11.49,130672.6
1720166400000,11.492,12.009,11.127,11.98,123339.9
1720180800000,11.977,12.404,11.8,12.319,103331.2
1720195200000,12.316,12.448,12.168,12.365,56396.8
1720209600000,12.359,12.387,12.253,12.305,18936.9
1720224000000,12.31,12.6,12.194,12.317,63363.8
1720238400000,12.305,12.564,12.237,12.5,35146.2
1720252800000,12.5,12.58,12.339,12.551,18982.1
1720267200000,12.552,12.755,12.445,12.698,21731.7
1720281600000,12.696,13.126,12.678,13.085,20359.6
1720296000000,13.075,13.291,13.051,13.193,9080.0
1720310400000,13.187,13.192,12.982,13.049,16180.8
1720324800000,13.058,13.059,12.672,12.783,7727.3
1720339200000,12.781,12.959,12.766,12.844,4842.0
1720353600000,12.834,12.934,12.426,12.527,38804.8
1720368000000,12.534,12.781,12.498,12.615,47481.5
1720382400000,12.619,12.689,12.311,12.351,23889.5
1720396800000,12.35,12.413,11.8,12.275,104097.6
1720411200000,12.268,12.742,12.233,12.595,23268.5
1720425600000,12.582,13.532,12.58,13.492,133138.5
1720440000000,13.492,13.53,12.685,12.822,354202.4
1720454400000,12.828,12.976,12.727,12.928,69060.1
1720468800000,12.938,13.246,12.824,13.133,44288.0
1720483200000,13.132,13.312,12.94,13.042,116213.7
1720497600000,13.014,13.107,12.94,12.94,22335.6
1720512000000,12.94,13.245,12.905,13.175,94121.3
1720526400000,13.166,13.213,12.756,12.887,155307.5
1720540800000,12.88,12.993,12.74,12.853,32362.1
1720555200000,12.854,12.951,12.756,12.832,110434.1
1720569600000,12.821,12.906,12.691,12.868,84221.8
1720584000000,12.861,13.157,12.861,12.969,91400.0
1720598400000,12.979,12.979,12.833,12.892,28401.6
1720612800000,12.889,12.93,12.729,12.896,82236.0
1720627200000,12.888,13.015,12.756,12.777,49360.8
1720641600000,12.775,12.818,12.707,12.787,16131.4
1720656000000,12.785,12.917,12.551,12.615,21876.4
1720670400000,12.618,12.822,12.597,12.822,15907.2
1720684800000,12.841,12.962,12.759,12.926,22907.9
1720699200000,12.928,13.15,12.657,12.709,92226.9
1720713600000,12.704,12.849,12.554,12.554,18734.7
1720728000000,12.553,12.553,12.3,12.338,30613.9
1720742400000,12.341,12.57,12.231,12.475,28399.4
1720756800000,12.48,12.518,12.364,12.432,9051.8
1720771200000,12.444,12.47,12.297,12.4,15660.8
1720785600000,12.403,12.721,12.379,12.679,57306.6
1720800000000,12.677,12.823,12.609,12.683,59626.7
1720814400000,12.696,12.739,12.558,12.739,12150.2
1720828800000,12.739,12.869,12.705,12.823,70824.0
1720843200000,12.824,13.032,12.768,13.032,25940.4
1720857600000,13.039,13.102,12.917,13.027,17652.3
1720872000000,13.032,13.064,12.939,13.057,6995.6
1720886400000,13.055,13.117,12.942,13.07,19836.0
1720900800000,13.067,13.119,12.886,13.017,28049.5
1720915200000,13.018,13.133,12.896,12.97,5991.6
1720929600000,12.967,13.157,12.965,13.098,17185.1
1720944000000,13.111,13.274,13.077,13.118,86620.4
1720958400000,13.12,13.29,13.002,13.286,62651.4
1720972800000,13.277,13.352,13.206,13.253,17583.3
1720987200000,13.25,13.528,13.231,13.459,34906.8
1721001600000,13.457,13.843,13.418,13.815,34883.4
1721016000000,13.817,13.902,13.658,13.842,11333.1
1721030400000,13.845,13.905,13.745,13.785,62832.1
1721044800000,13.788,13.998,13.779,13.892,73489.3
1721059200000,13.892,14.18,13.846,14.127,53449.5
1721073600000,14.154,14.498,14.143,14.411,57251.7
1721088000000,14.393,14.502,14.278,14.43,26044.4
1721102400000,14.415,14.474,13.926,13.952,124549.0
1721116800000,13.959,14.147,13.827,14.095,37057.0
1721131200000,14.098,14.488,13.948,14.433,46041.5
1721145600000,14.436,14.612,14.265,14.354,51931.8
1721160000000,14.336,14.355,14.109,14.213,13955.8
1721174400000,14.221,14.503,14.201,14.312,12729.9
1721188800000,14.31,14.419,14.276,14.382,11967.0
1721203200000,14.382,14.492,14.224,14.328,25138.4
1721217600000,14.321,14.468,14.127,14.138,43245.4
1721232000000,14.134,14.155,13.794,13.995,45588.7
1721246400000,13.978,13.994,13.732,13.738,17085.5
1721260800000,13.737,14.003,13.737,13.878,11394.5
1721275200000,13.877,13.968,13.713,13.838,14688.4
1721289600000,13.836,13.897,13.644,13.806,15082.0
1721304000000,13.807,13.957,13.532,13.548,43479.0
1721318400000,13.534,13.686,13.428,13.566,22120.9
1721332800000,13.564,13.678,13.513,13.607,21391.1
1721347200000,13.605,13.674,13.342,13.646,23946.0
1721361600000,13.657,13.75,13.502,13.562,21555.7
1721376000000,13.571,13.651,13.378,13.441,39432.9
1721390400000,13.439,13.902,13.412,13.891,34185.8
1721404800000,13.891,14.143,13.889,14.136,27762.4
1721419200000,14.143,14.144,14.005,14.081,30932.6
1721433600000,14.08,14.102,13.871,14.039,17706.8
1721448000000,14.037,14.226,14.019,14.11,11544.1
1721462400000,14.104,14.145,13.911,13.915,4109.8
1721476800000,13.913,14.105,13.859,14.095,12430.7
1721491200000,14.101,14.296,14.05,14.23,35427.9
1721505600000,14.229,14.344,14.202,14.26,32029.0
1721520000000,14.258,14.346,14.163,14.186,13473.6
1721534400000,14.181,14.205,13.961,13.978,47745.5
1721548800000,13.978,14.354,13.975,14.212,39856.4
1721563200000,14.205,14.727,14.18,14.459,226925.9
1721577600000,14.459,14.767,13.984,14.55,68085.2
1721592000000,14.557,15.016,14.513,14.824,44275.1
1721606400000,14.828,14.884,14.459,14.486,28543.1
1721620800000,14.497,14.554,14.218,14.264,24128.1
1721635200000,14.286,14.385,14.185,14.375,28127.5
1721649600000,14.362,14.402,14.05,14.153,44659.8
1721664000000,14.179,14.226,14.054,14.204,99826.8
1721678400000,14.204,14.204,13.786,13.94,37869.1
1721692800000,13.935,14.149,13.907,14.045,11460.3
1721707200000,14.046,14.048,13.679,13.86,27551.6
1721721600000,13.859,14.114,13.858,13.976,37044.0
1721736000000,13.976,13.979,13.647,13.821,55209.5
1721750400000,13.805,13.935,13.504,13.896,75845.5
1721764800000,13.913,14.019,13.806,13.921,21905.5
1721779200000,13.918,13.927,13.789,13.88,15479.7
1721793600000,13.865,13.87,13.708,13.862,15062.0
1721808000000,13.865,13.893,13.752,13.883,18431.4
1721822400000,13.875,13.962,13.741,13.752,13258.7
1721836800000,13.746,13.881,13.581,13.587,47257.3
1721851200000,13.583,13.639,13.257,13.407,63141.6
1721865600000,13.398,13.449,12.835,12.971,71414.7
1721880000000,12.95,13.142,12.922,13.028,18250.1
1721894400000,13.028,13.061,12.887,12.954,8956.8
1721908800000,12.945,13.023,12.723,12.832,26882.3
1721923200000,12.84,12.912,12.511,12.624,19083.3
1721937600000,12.624,12.977,12.473,12.938,34076.8
1721952000000,12.933,13.306,12.926,13.237,14734.8
1721966400000,13.236,13.511,13.229,13.402,7617.5
1721980800000,13.397,13.471,13.279,13.323,8180.2
1721995200000,13.34,13.568,13.278,13.52,18906.6
1722009600000,13.521,13.642,13.491,13.582,9042.8
1722024000000,13.58,13.592,13.485,13.539,10595.2
1722038400000,13.537,13.602,13.463,13.55,11931.0
1722052800000,13.547,13.696,13.546,13.658,4647.0
1722067200000,13.656,13.705,13.582,13.657,6760.0
1722081600000,13.654,13.887,13.548,13.632,18939.8
1722096000000,13.629,13.666,13.376,13.537,17807.4
1722110400000,13.525,13.742,13.276,13.559,33115.2
1722124800000,13.545,13.598,13.441,13.447,18793.1
1722139200000,13.456,13.497,13.315,13.453,7420.1
1722153600000,13.448,13.641,13.406,13.591,10093.0
1722168000000,13.594,13.643,13.404,13.43,12764.3
1722182400000,13.426,13.498,13.345,13.346,14892.8
1722196800000,13.35,13.353,13.199,13.306,9798.6
1722211200000,13.307,13.795,13.304,13.716,21639.8
1722225600000,13.727,13.89,13.669,13.89,10795.7
1722240000000,13.89,13.901,13.774,13.828,12850.0
1722254400000,13.828,13.851,13.475,13.558,40035.0
1722268800000,13.55,13.649,13.377,13.605,28467.5
1722283200000,13.598,13.701,13.51,13.536,59302.5
1722297600000,13.537,13.78,13.42,13.772,24966.7
1722312000000,13.763,13.794,13.621,13.7,7068.6
1722326400000,13.702,13.72,13.499,13.539,14057.1
1722340800000,13.537,13.675,13.457,13.556,13111.9
1722355200000,13.556,13.57,13.073,13.143,59510.0
1722369600000,13.143,13.236,12.979,13.145,63937.8
1722384000000,13.142,13.325,13.084,13.268,12504.0
1722398400000,13.262,13.416,13.109,13.313,15599.7
1722412800000,13.314,13.314,13.108,13.155,25513.2
1722427200000,13.155,13.267,13.062,13.087,23615.3
1722441600000,13.087,13.154,12.828,12.912,39468.3
1722456000000,12.908,12.983,12.778,12.836,17968.4
1722470400000,12.838,12.936,12.781,12.831,21697.0
1722484800000,12.82,12.89,12.636,12.828,32384.1
1722499200000,12.829,13.049,12.827,13.033,15933.4
1722513600000,13.028,13.096,12.506,12.525,53121.1
1722528000000,12.515,12.529,12.132,12.432,92541.6
1722542400000,12.413,12.977,12.35,12.897,34748.2
1722556800000,12.895,12.951,12.585,12.787,27254.3
1722571200000,12.784,12.809,12.401,12.485,46863.6
1722585600000,12.495,12.594,12.384,12.522,50120.4
1722600000000,12.517,12.676,11.8,12.098,124232.1
1722614400000,12.081,12.102,11.77,11.909,82436.7
1722628800000,11.913,12.039,11.811,11.929,39300.3
1722643200000,11.916,11.963,11.608,11.961,71302.2
1722657600000,11.958,12.088,11.934,12.051,6353.3
1722672000000,12.05,12.102,11.963,12.039,7406.9
1722686400000,12.03,12.126,11.784,11.813,10425.5
1722700800000,11.833,11.845,11.383,11.383,101881.7
1722715200000,11.388,11.76,11.348,11.681,28787.9
1722729600000,11.679,11.777,11.581,11.741,13491.8
1722744000000,11.737,11.779,11.56,11.572,5265.8
1722758400000,11.571,11.652,11.521,11.561,11756.5
1722772800000,11.579,11.628,11.008,11.021,40170.2
1722787200000,11.019,11.126,10.473,11.079,266914.8
1722801600000,11.083,11.207,10.786,10.873,119651.7
1722816000000,10.883,10.969,9.0649,9.309,473748.6
1722830400000,9.3057,9.4191,8.115,9.0547,470093.2
1722844800000,9.0511,9.0701,8.1249,8.4625,344328.9
1722859200000,8.4676,9.51,8.1134,9.438,481989.9
1722873600000,9.4343,9.7592,9.169,9.3093,246945.4
1722888000000,9.3221,9.6874,9.3111,9.4699,102516.0
1722902400000,9.4771,10.159,9.4711,9.9301,70878.7
1722916800000,9.9409,10.14,9.8908,10.098,76690.7
1722931200000,10.105,10.105,9.8126,9.989,89504.4
1722945600000,9.9761,10.398,9.7789,10.371,117052.8
1722960000000,10.361,10.445,10.092,10.11,65848.7
1722974400000,10.107,10.256,10.008,10.059,39804.8
1722988800000,10.058,10.406,9.9651,10.305,73392.9
1723003200000,10.298,10.466,10.255,10.335,30687.0
1723017600000,10.33,10.427,10.123,10.126,51108.3
1723032000000,10.147,10.209,9.6457,9.8115,82655.6
1723046400000,9.7914,9.8271,9.5109,9.6118,37452.8
1723060800000,9.607,9.6765,9.422,9.4844,39036.0
1723075200000,9.4878,10.043,9.3516,9.967,46766.1
1723089600000,9.9638,10.053,9.9055,9.9104,15041.8
1723104000000,9.9115,10.071,9.8898,10.018,29208.2
1723118400000,10.022,10.302,9.9128,10.191,83079.1
1723132800000,10.196,10.438,10.186,10.309,44898.9
1723147200000,10.32,10.821,10.306,10.744,42642.3
1723161600000,10.746,10.746,10.542,10.594,19091.3
1723176000000,10.599,10.612,10.42,10.548,15766.8
1723190400000,10.549,10.601,10.371,10.431,16290.7
1723204800000,10.427,10.511,10.166,10.181,106482.7
1723219200000,10.182,10.455,10.163,10.446,50660.2
1723233600000,10.431,10.545,10.352,10.53,42964.2
1723248000000,10.528,10.664,10.482,10.544,33288.6
1723262400000,10.544,10.666,10.471,10.63,17799.0
1723276800000,10.635,10.699,10.565,10.666,83654.1
1723291200000,10.663,10.684,10.54,10.573,122316.8
1723305600000,10.583,10.616,10.532,10.574,12220.2
1723320000000,10.58,10.611,10.528,10.549,3555.2
1723334400000,10.55,10.731,10.538,10.658,20472.2
1723348800000,10.661,10.732,10.592,10.732,25706.6
1723363200000,10.731,10.834,10.539,10.581,35836.2
1723377600000,10.569,10.594,10.33,10.394,33378.3
1723392000000,10.391,10.457,10.204,10.207,39250.1
1723406400000,10.203,10.204,9.9456,9.9939,144122.4
1723420800000,10.001,10.114,9.9419,10.068,42401.7
1723435200000,10.076,10.256,9.941,10.23,14382.6
1723449600000,10.23,10.678,10.206,10.645,166604.1
1723464000000,10.648,10.738,10.155,10.589,265048.6
1723478400000,10.589,10.639,10.264,10.371,57076.8
1723492800000,10.378,10.614,10.328,10.559,115686.2
1723507200000,10.554,10.582,10.3,10.319,24178.6
1723521600000,10.32,10.395,10.265,10.276,16466.8
1723536000000,10.276,10.309,10.106,10.222,75468.3
1723550400000,10.233,10.474,10.211,10.302,49846.8
1723564800000,10.302,10.667,10.302,10.6,165799.7
1723579200000,10.593,10.675,10.542,10.575,35918.5
1723593600000,10.57,10.65,10.517,10.589,19986.8
1723608000000,10.582,10.694,10.558,10.618,11523.9
1723622400000,10.621,10.689,10.538,10.601,65261.7
1723636800000,10.601,10.734,10.211,10.466,114319.9
1723651200000,10.466,10.479,10.311,10.378,107375.0
1723665600000,10.377,10.425,10.284,10.391,8356.2
1723680000000,10.392,10.471,10.352,10.461,51649.0
1723694400000,10.468,10.498,10.271,10.343,11179.9
1723708800000,10.333,10.468,10.314,10.441,20913.6
1723723200000,10.447,10.685,10.428,10.635,94017.5
1723737600000,10.638,10.684,10.013,10.069,116763.6
1723752000000,10.073,10.204,9.9803,10.167,94850.1
1723766400000,10.17,10.298,10.088,10.176,34660.2
1723780800000,10.173,10.396,10.161,10.313,157406.8
1723795200000,10.323,10.333,10.164,10.177,89652.8
1723809600000,10.185,10.264,9.875,10.018,216619.7
1723824000000,10.013,10.225,9.9577,10.201,71770.4
1723838400000,10.204,10.251,10.118,10.12,29382.4
1723852800000,10.117,10.148,10.041,10.087,26941.6
1723867200000,10.094,10.098,10.035,10.083,12433.5
1723881600000,10.08,10.132,10.025,10.063,10443.6
1723896000000,10.058,10.17,10.048,10.086,22043.1
1723910400000,10.09,10.169,10.068,10.123,18617.4
1723924800000,10.123,10.161,10.088,10.152,2730.6
1723939200000,10.15,10.21,10.069,10.076,7719.8
1723953600000,10.075,10.104,10.052,10.072,10267.1
1723968000000,10.07,10.244,10.062,10.227,17305.5
1723982400000,10.222,10.424,10.195,10.377,22746.4
1723996800000,10.383,10.462,10.281,10.348,24486.4
1724011200000,10.352,10.367,10.074,10.081,12423.6
1724025600000,10.08,10.186,10.017,10.164,57702.5
1724040000000,10.161,10.168,10.074,10.095,9211.6
1724054400000,10.096,10.153,9.9563,10.038,24848.8
1724068800000,10.039,10.119,9.9437,10.033,10862.9
1724083200000,10.028,10.173,9.9458,10.094,35022.0
1724097600000,10.085,10.19,10.071,10.176,14212.6
1724112000000,10.179,10.415,10.16,10.405,41518.8
1724126400000,10.42,10.535,10.389,10.497,10136.2
1724140800000,10.507,10.517,10.374,10.395,15470.8
1724155200000,10.396,10.451,10.049,10.108,24668.3
1724169600000,10.103,10.284,10.085,10.253,19363.7
1724184000000,10.259,10.311,10.189,10.231,28247.0
1724198400000,10.231,10.396,10.212,10.369,26718.3
1724212800000,10.373,10.45,10.335,10.412,5247.2
1724227200000,10.417,10.45,10.261,10.292,28276.2
1724241600000,10.293,10.447,10.16,10.409,51250.4
1724256000000,10.41,11.135,10.377,11.128,161067.8
1724270400000,11.122,11.388,11.088,11.209,94514.4
1724284800000,11.223,11.399,11.118,11.394,83639.2
1724299200000,11.375,11.422,11.273,11.332,13094.5
1724313600000,11.333,11.386,11.263,11.315,60598.5
1724328000000,11.315,11.555,11.276,11.449,102301.6
1724342400000,11.471,11.612,11.311,11.312,48263.6
1724356800000,11.321,11.474,11.313,11.472,26042.0
1724371200000,11.476,11.594,11.461,11.555,25576.7
1724385600000,11.554,11.684,11.528,11.647,13811.2
1724400000000,11.644,11.725,11.51,11.511,35868.6
1724414400000,11.532,11.798,11.462,11.671,93205.7
1724428800000,11.67,11.989,11.642,11.953,48611.6
1724443200000,11.952,12.2,11.946,12.049,38751.4
1724457600000,12.053,12.082,11.959,11.968,6674.1
1724472000000,11.967,12.016,11.906,11.962,24727.7
1724486400000,11.96,12.161,11.934,12.055,10715.6
1724500800000,12.058,12.243,12.036,12.24,8525.1
1724515200000,12.215,12.56,12.182,12.414,45530.4
1724529600000,12.426,12.515,12.188,12.341,18888.1
1724544000000,12.34,12.379,11.998,12.141,41496.2
1724558400000,12.093,12.192,11.942,12.052,26246.9
1724572800000,12.036,12.177,11.997,12.096,16468.8
1724587200000,12.102,12.298,12.085,12.193,18866.3
1724601600000,12.2,12.281,12.086,12.121,22333.6
1724616000000,12.13,12.311,12.086,12.096,22658.1
1724630400000,12.103,12.171,11.956,12.116,33487.0
1724644800000,12.123,12.436,12.104,12.382,26977.0
1724659200000,12.372,12.692,12.279,12.341,93153.4
1724673600000,12.327,12.363,12.086,12.205,42996.3
1724688000000,12.182,12.237,11.947,11.976,63356.3
1724702400000,11.979,12.072,11.835,11.835,71029.8
1724716800000,11.846,11.952,11.818,11.873,33439.6
1724731200000,11.876,12.046,11.769,11.83,14885.8
1724745600000,11.821,11.856,11.609,11.627,38496.3
1724760000000,11.626,11.685,11.487,11.517,71507.2
1724774400000,11.516,11.684,11.467,11.622,17748.8
1724788800000,11.613,11.613,10.897,11.155,115281.4
1724803200000,11.148,11.191,10.985,11.185,33503.5
1724817600000,11.184,11.197,10.972,10.975,11773.6
1724832000000,10.976,11.54,10.931,11.498,55650.7
1724846400000,11.5,11.698,11.208,11.302,85226.3
1724860800000,11.29,11.468,11.05,11.202,60076.2
1724875200000,11.215,11.403,11.109,11.168,35634.7
1724889600000,11.17,11.235,11.123,11.211,28528.2
1724904000000,11.21,11.298,11.147,11.209,40006.1
1724918400000,11.219,11.317,11.149,11.25,31166.5
1724932800000,11.238,11.46,11.228,11.337,37650.6
1724947200000,11.336,11.369,10.84,10.949,59378.6
1724961600000,10.946,10.999,10.81,10.936,14769.3
1724976000000,10.924,11.024,10.894,11.012,8445.1
1724990400000,11.017,11.134,10.958,11.1,7620.0
1725004800000,11.105,11.192,11.022,11.028,7465.9
1725019200000,11.029,11.167,10.511,10.543,58310.3
1725033600000,10.535,11.095,10.503,10.996,38865.9
1725048000000,11.0,11.133,10.958,11.108,31735.8
1725062400000,11.128,11.167,11.072,11.107,18295.5
1725076800000,11.11,11.167,11.095,11.113,16514.5
1725091200000,11.112,11.19,11.027,11.134,18447.0
1725105600000,11.133,11.193,11.034,11.084,23312.4
1725120000000,11.091,11.097,10.928,11.019,14730.5
1725134400000,11.011,11.095,10.992,11.011,9005.8
1725148800000,11.011,11.016,10.839,10.939,9404.4
1725163200000,10.939,10.963,10.783,10.87,10616.7
1725177600000,10.879,10.895,10.72,10.796,14796.0
1725192000000,10.796,10.805,10.524,10.694,10953.1
1725206400000,10.694,10.749,10.516,10.693,55418.4
1725220800000,10.699,10.763,10.235,10.366,31668.2
1725235200000,10.358,10.503,10.321,10.473,26709.2
1725249600000,10.479,10.518,10.336,10.37,16550.3
1725264000000,10.374,10.782,10.37,10.734,50540.1
1725278400000,10.737,10.785,10.587,10.646,14805.3
1725292800000,10.646,10.707,10.552,10.66,14677.2
1725307200000,10.662,10.821,10.635,10.754,20715.0
1725321600000,10.758,10.863,10.69,10.696,8234.1
1725336000000,10.701,10.719,10.611,10.694,3214.0
1725350400000,10.695,10.697,10.546,10.654,10509.5
1725364800000,10.649,10.731,10.28,10.296,13269.8
1725379200000,10.291,10.498,10.21,10.467,26105.9
1725393600000,10.484,10.51,10.3,10.306,16693.9
1725408000000,10.321,10.387,9.813,10.244,124251.2
1725422400000,10.243,10.404,10.171,10.258,21942.4
1725436800000,10.274,10.291,10.087,10.123,21253.2
1725451200000,10.115,10.391,10.057,10.391,22686.6
1725465600000,10.385,10.491,10.269,10.32,20766.3
1725480000000,10.322,10.416,10.281,10.331,5847.7
1725494400000,10.333,10.392,10.151,10.157,7997.5
1725508800000,10.158,10.298,10.12,10.273,16220.3
1725523200000,10.27,10.283,10.151,10.17,7757.9
1725537600000,10.171,10.237,9.9404,9.9982,37443.5
1725552000000,9.9861,10.105,9.9118,9.951,13290.8
1725566400000,9.9467,10.03,9.9402,10.019,9991.6
1725580800000,10.025,10.172,9.9482,10.106,18454.3
1725595200000,10.101,10.111,9.8104,9.912,15018.5
1725609600000,9.9209,9.9754,9.8816,9.901,19159.0
1725624000000,9.9,10.087,9.5839,9.681,110879.4
1725638400000,9.6768,9.6794,9.4572,9.5209,61094.3
1725652800000,9.5092,9.5846,9.2857,9.5659,51304.2
1725667200000,9.566,9.6824,9.555,9.6493,16558.3
1725681600000,9.6562,10.017,9.6494,9.9398,19515.1
1725696000000,9.941,9.999,9.872,9.9869,7302.8
1725710400000,9.9922,10.152,9.9874,10.125,11419.0
1725724800000,10.12,10.13,9.996,10.054,13029.9
1725739200000,10.045,10.051,9.9288,10.021,7877.1
1725753600000,10.023,10.139,9.9667,10.139,9252.1
1725768000000,10.143,10.304,10.14,10.279,30928.1
1725782400000,10.292,10.367,10.247,10.266,17499.6
1725796800000,10.27,10.296,10.16,10.166,17556.9
1725811200000,10.173,10.288,10.122,10.221,32080.0
1725825600000,10.221,10.449,10.208,10.339,21340.7
1725840000000,10.348,10.442,10.273,10.35,26477.2
1725854400000,10.36,10.681,10.285,10.616,27153.1
1725868800000,10.616,10.82,10.5,10.515,25224.0
1725883200000,10.512,10.525,10.299,10.384,23952.5
1725897600000,10.383,10.619,10.38,10.619,60360.0
1725912000000,10.617,10.734,10.523,10.538,32920.9
1725926400000,10.536,10.542,10.346,10.351,8376.2
1725940800000,10.351,10.546,10.33,10.524,6217.4
1725955200000,10.522,10.568,10.426,10.54,16311.0
1725969600000,10.535,10.581,10.408,10.472,15444.0
1725984000000,10.458,10.735,10.443,10.661,59955.4
1725998400000,10.653,10.671,10.561,10.589,21671.6
1726012800000,10.591,10.593,10.367,10.434,22965.0
1726027200000,10.432,10.479,10.31,10.475,27277.9
1726041600000,10.479,10.483,10.295,10.349,13576.0
1726056000000,10.35,10.492,10.166,10.34,65464.8
1726070400000,10.34,10.491,10.328,10.446,47903.3
1726084800000,10.447,10.456,10.385,10.395,15530.6
1726099200000,10.392,10.612,10.391,10.535,36640.3
1726113600000,10.525,10.614,10.507,10.573,20153.6
1726128000000,10.57,10.658,10.562,10.638,11439.2
1726142400000,10.646,10.713,10.534,10.537,45380.9
1726156800000,10.541,10.767,10.541,10.736,49653.4
1726171200000,10.74,10.803,10.662,10.785,25077.7
1726185600000,10.792,10.858,10.732,10.732,50527.3
1726200000000,10.733,10.76,10.638,10.697,36681.2
1726214400000,10.695,11.0,10.684,10.915,82649.2
1726228800000,10.93,11.341,10.93,11.293,147982.1
1726243200000,11.296,11.397,11.255,11.343,72214.1
1726257600000,11.358,11.556,11.345,11.448,23341.5
1726272000000,11.458,11.473,11.4,11.405,22152.6
1726286400000,11.407,11.412,11.324,11.398,9677.5
1726300800000,11.408,11.426,11.232,11.26,64903.8
1726315200000,11.261,11.379,11.247,11.375,25620.6
1726329600000,11.376,11.416,11.216,11.293,17723.0
1726344000000,11.298,11.343,11.267,11.302,19681.7
1726358400000,11.31,11.364,11.282,11.316,10151.7
1726372800000,11.326,11.339,11.259,11.268,20906.7
1726387200000,11.269,11.269,11.146,11.171,13115.2
1726401600000,11.167,11.279,11.137,11.232,24933.0
1726416000000,11.226,11.226,11.082,11.085,41694.1
1726430400000,11.082,11.093,10.8,10.814,24699.0
1726444800000,10.798,10.805,10.495,10.655,42804.4
1726459200000,10.647,10.74,10.592,10.725,15498.4
1726473600000,10.722,10.825,10.581,10.667,91281.3
1726488000000,10.663,10.68,10.45,10.552,30102.2
1726502400000,10.548,10.566,10.415,10.529,47947.6
1726516800000,10.531,10.585,10.429,10.542,6451.0
1726531200000,10.54,10.573,10.436,10.508,10018.9
1726545600000,10.513,10.642,10.513,10.608,8316.7
1726560000000,10.61,10.683,10.584,10.597,16352.0
1726574400000,10.593,10.907,10.512,10.842,37171.2
1726588800000,10.853,10.87,10.582,10.658,27051.4
1726603200000,10.658,10.725,10.564,10.619,13436.2
1726617600000,10.618,10.672,10.508,10.644,15013.4
1726632000000,10.634,10.65,10.54,10.594,9160.0
1726646400000,10.582,10.593,10.34,10.442,32090.1
1726660800000,10.439,10.502,10.288,10.33,23292.4
1726675200000,10.322,10.736,10.293,10.556,109761.5
1726689600000,10.567,10.893,10.442,10.893,31588.2
1726704000000,10.904,11.136,10.904,11.006,66380.3
1726718400000,11.016,11.156,10.966,11.156,22389.6
1726732800000,11.158,11.275,11.117,11.267,9575.0
1726747200000,11.27,11.344,11.19,11.229,20860.5
1726761600000,11.229,11.4,11.223,11.234,31337.0
1726776000000,11.23,11.265,11.178,11.204,34935.2
1726790400000,11.204,11.422,11.127,11.422,30468.3
1726804800000,11.431,11.728,11.423,11.699,38123.0
1726819200000,11.708,11.74,11.561,11.618,39055.0
1726833600000,11.622,11.697,11.459,11.546,33502.8
1726848000000,11.542,11.554,11.368,11.435,29731.6
1726862400000,11.447,11.5,11.399,11.437,12084.4
1726876800000,11.44,11.492,11.266,11.276,11516.7
1726891200000,11.279,11.366,11.212,11.363,9738.5
1726905600000,11.364,11.384,11.312,11.342,11478.9
1726920000000,11.347,11.482,11.328,11.39,6192.1
1726934400000,11.397,11.434,11.327,11.358,11700.9
1726948800000,11.364,11.545,11.33,11.494,5949.0
1726963200000,11.508,11.54,11.32,11.38,24717.4
1726977600000,11.379,11.425,11.282,11.308,20004.2
1726992000000,11.308,11.33,11.156,11.223,22740.2
1727006400000,11.225,11.253,11.026,11.032,20311.8
1727020800000,11.032,11.159,10.952,11.066,39173.1
1727035200000,11.065,11.198,10.851,11.132,26937.9
1727049600000,11.13,11.49,10.914,11.429,29953.3
1727064000000,11.432,11.464,11.284,11.312,19433.2
1727078400000,11.319,11.477,11.288,11.435,16582.6
1727092800000,11.433,11.585,11.336,11.499,56298.7
1727107200000,11.509,11.612,11.385,11.439,85812.1
1727121600000,11.44,11.484,11.366,11.411,100045.6
1727136000000,11.403,11.432,11.209,11.308,43270.2
1727150400000,11.317,11.499,11.234,11.48,28834.5
1727164800000,11.483,11.555,11.447,11.516,29340.8
1727179200000,11.528,11.634,11.335,11.531,45687.2
1727193600000,11.541,11.879,11.48,11.867,35462.8
1727208000000,11.865,12.237,11.844,12.168,50893.8
1727222400000,12.165,12.299,12.111,12.287,52454.0
1727236800000,12.298,12.298,12.087,12.187,15870.7
1727251200000,12.195,12.377,12.195,12.323,48082.1
1727265600000,12.324,12.51,12.281,12.381,67321.8
1727280000000,12.381,12.571,12.143,12.143,76077.1
1727294400000,12.166,12.262,12.073,12.117,40682.8
1727308800000,12.111,12.15,11.886,12.077,33852.1
1727323200000,12.077,12.283,12.013,12.266,24041.3
1727337600000,12.261,12.346,12.138,12.303,34441.7
1727352000000,12.312,12.648,12.215,12.609,102288.7
1727366400000,12.607,12.744,12.524,12.628,40971.3
1727380800000,12.638,12.649,12.445,12.569,31647.1
1727395200000,12.566,12.649,12.462,12.642,38652.2
1727409600000,12.638,12.857,12.63,12.758,45821.7
1727424000000,12.755,12.844,12.591,12.755,23231.0
1727438400000,12.738,12.835,12.64,12.727,22158.2
1727452800000,12.719,12.89,12.645,12.688,29450.0
1727467200000,12.697,12.755,12.614,12.671,29554.9
1727481600000,12.665,12.865,12.665,12.758,31585.5
1727496000000,12.762,12.806,12.578,12.582,11188.0
1727510400000,12.579,12.707,12.368,12.701,45107.5
1727524800000,12.703,12.944,12.59,12.847,38787.1
1727539200000,12.847,12.982,12.753,12.942,25512.3
1727553600000,12.936,12.98,12.728,12.945,45577.7
1727568000000,12.948,12.976,12.68,12.747,34263.7
1727582400000,12.743,12.759,12.527,12.54,21089.8
1727596800000,12.537,12.638,12.491,12.608,42333.1
1727611200000,12.606,12.634,12.476,12.603,10614.0
1727625600000,12.598,12.688,12.513,12.682,10132.7
1727640000000,12.674,12.722,12.443,12.484,27779.0
1727654400000,12.473,12.478,12.142,12.271,69777.1
1727668800000,12.272,12.349,12.197,12.284,14329.9
1727683200000,12.284,12.296,12.013,12.095,25290.4
1727697600000,12.076,12.198,11.933,11.937,24205.5
1727712000000,11.927,12.022,11.899,11.982,18361.1
1727726400000,11.977,12.056,11.76,11.857,25022.0
1727740800000,11.858,12.133,11.798,12.115,28562.9
1727755200000,12.119,12.257,12.102,12.216,26551.9
1727769600000,12.226,12.245,12.111,12.166,46406.9
1727784000000,12.167,12.179,11.166,11.44,215907.9
1727798400000,11.413,11.467,10.852,11.046,192589.2
1727812800000,11.042,11.098,10.888,11.016,60065.4
1727827200000,10.997,11.245,10.967,11.211,11951.8
1727841600000,11.209,11.306,11.135,11.239,10121.7
1727856000000,11.222,11.258,10.984,11.061,17060.2
1727870400000,11.064,11.075,10.781,10.919,47567.2
1727884800000,10.92,11.04,10.45,10.596,80685.1
1727899200000,10.602,10.678,10.456,10.651,22860.9
1727913600000,10.65,10.835,10.593,10.832,26851.2
1727928000000,10.834,10.857,10.614,10.637,23000.2
1727942400000,10.641,10.67,10.342,10.531,60533.4
1727956800000,10.531,10.607,10.346,10.531,52213.1
1727971200000,10.518,10.65,10.379,10.647,33431.3
1727985600000,10.638,10.682,10.541,10.652,17781.0
1728000000000,10.652,10.795,10.597,10.742,20000.4
1728014400000,10.733,10.988,10.732,10.973,35709.9
1728028800000,10.973,11.058,10.928,10.991,17969.3
1728043200000,10.987,11.167,10.896,11.167,46944.0
1728057600000,11.167,11.246,11.079,11.146,18801.2
1728072000000,11.145,11.145,11.033,11.072,25681.0
1728086400000,11.073,11.144,10.983,11.042,28381.0
1728100800000,11.053,11.24,11.04,11.21,9569.1
1728115200000,11.21,11.378,11.21,11.304,14239.3
1728129600000,11.322,11.384,11.239,11.353,47272.4
1728144000000,11.35,11.355,11.155,11.155,3006.5
1728158400000,11.154,11.279,11.079,11.264,31832.4
1728172800000,11.265,11.315,11.19,11.26,7082.1
1728187200000,11.262,11.399,11.234,11.328,20565.7
1728201600000,11.329,11.347,11.225,11.26,7982.4
1728216000000,11.259,11.369,11.199,11.306,20898.4
1728230400000,11.321,11.362,11.2,11.204,17577.8
1728244800000,11.199,11.315,11.162,11.276,20781.5
1728259200000,11.276,11.618,11.237,11.613,45895.1
1728273600000,11.622,11.673,11.54,11.55,16938.2
1728288000000,11.557,11.6,11.258,11.437,116331.0
1728302400000,11.439,11.755,11.345,11.531,45870.4
1728316800000,11.529,11.598,11.21,11.342,181332.1
1728331200000,11.351,11.374,11.128,11.158,23321.0
1728345600000,11.154,11.284,11.154,11.21,37597.6
1728360000000,11.217,11.25,10.971,11.025,19512.5
1728374400000,11.024,11.178,10.983,11.172,13748.4
1728388800000,11.171,11.192,10.871,10.943,40984.2
1728403200000,10.934,11.045,10.833,10.907,42694.7
1728417600000,10.899,10.978,10.789,10.832,19376.8
1728432000000,10.832,10.965,10.76,10.87,31747.9
1728446400000,10.868,10.918,10.765,10.792,9303.1
1728460800000,10.787,10.807,10.666,10.671,11620.4
1728475200000,10.673,10.746,10.559,10.712,26136.3
1728489600000,10.713,10.723,10.551,10.599,41600.0
1728504000000,10.595,10.595,10.419,10.531,25491.2
1728518400000,10.533,10.639,10.505,10.627,15249.5
1728532800000,10.628,10.734,10.628,10.631,12455.7
1728547200000,10.631,10.662,10.508,10.653,13208.2
1728561600000,10.659,10.667,10.395,10.629,36703.6
1728576000000,10.627,10.671,10.255,10.47,130880.6
1728590400000,10.458,10.564,10.417,10.557,28162.3
1728604800000,10.552,10.65,10.502,10.631,9667.6
1728619200000,10.626,10.689,10.594,10.659,10364.7
1728633600000,10.657,10.732,10.653,10.687,11398.5
1728648000000,10.685,10.886,10.625,10.869,24691.9
1728662400000,10.876,10.992,10.843,10.945,22483.8
1728676800000,10.964,11.021,10.883,10.905,10457.4
1728691200000,10.907,11.017,10.834,10.867,34045.8
1728705600000,10.886,10.984,10.886,10.984,19023.5
1728720000000,10.98,11.129,10.973,11.064,19155.4
1728734400000,11.072,11.146,11.035,11.084,56167.6
1728748800000,11.088,11.142,10.993,11.025,7767.9
1728763200000,11.022,11.093,11.003,11.003,9571.9
1728777600000,11.003,11.041,10.935,10.949,13158.3
1728792000000,10.943,11.077,10.943,10.977,5837.3
1728806400000,10.976,11.038,10.88,10.88,13272.7
1728820800000,10.892,10.957,10.639,10.698,18674.1
1728835200000,10.674,10.77,10.627,10.709,20798.7
1728849600000,10.712,10.83,10.683,10.741,12576.2
1728864000000,10.753,11.031,10.608,11.018,18899.4
1728878400000,11.019,11.039,10.856,11.02,23625.6
1728892800000,11.028,11.062,10.901,11.014,44347.4
1728907200000,11.009,11.285,10.982,11.263,41157.3
1728921600000,11.271,11.334,11.18,11.233,29612.0
1728936000000,11.232,11.342,11.195,11.289,21412.3
1728950400000,11.29,11.535,11.26,11.478,26930.3
1728964800000,11.47,11.594,11.362,11.493,25271.8
1728979200000,11.498,11.6,11.34,11.358,28645.6
1728993600000,11.387,11.694,10.945,11.148,142311.9
1729008000000,11.144,11.423,11.118,11.296,45198.0
1729022400000,11.291,11.465,11.123,11.465,22557.0
1729036800000,11.462,11.471,11.261,11.298,23941.6
1729051200000,11.298,11.353,11.161,11.181,6898.1
1729065600000,11.185,11.532,11.178,11.477,20335.5
1729080000000,11.463,11.531,11.115,11.159,64192.7
1729094400000,11.166,11.23,11.073,11.15,53626.5
1729108800000,11.148,11.359,11.148,11.245,30663.2
1729123200000,11.262,11.348,11.189,11.336,15203.1
1729137600000,11.334,11.349,11.102,11.155,8722.8
1729152000000,11.163,11.177,10.93,10.953,13327.5
1729166400000,10.939,11.135,10.92,11.109,46526.1
1729180800000,11.109,11.109,10.852,11.003,57493.7
1729195200000,11.004,11.079,11.004,11.028,18928.1
1729209600000,11.028,11.28,10.98,11.174,32455.1
1729224000000,11.165,11.429,11.158,11.421,8786.2
1729238400000,11.428,11.49,11.356,11.368,17880.1
1729252800000,11.359,11.482,11.316,11.455,29492.4
1729267200000,11.444,11.508,11.339,11.421,18114.9
1729281600000,11.423,11.489,11.379,11.479,8452.3
1729296000000,11.48,11.602,11.477,11.492,8223.5
1729310400000,11.489,11.511,11.388,11.399,6482.7
1729324800000,11.397,11.404,11.304,11.304,12968.4
1729339200000,11.311,11.414,11.307,11.385,5965.8
1729353600000,11.383,11.409,11.307,11.362,6662.2
1729368000000,11.361,11.458,11.345,11.422,5346.3
1729382400000,11.429,11.452,11.288,11.334,12056.8
1729396800000,11.333,11.405,11.301,11.381,5969.5
1729411200000,11.387,11.683,11.381,11.678,15903.6
1729425600000,11.683,11.922,11.601,11.899,70370.1
1729440000000,11.902,12.017,11.833,11.837,32261.1
1729454400000,11.836,12.044,11.819,11.982,52046.6
1729468800000,11.99,12.038,11.793,11.895,32049.3
1729483200000,11.901,12.019,11.853,11.922,27821.0
1729497600000,11.916,11.974,11.735,11.754,40237.6
1729512000000,11.743,11.767,11.552,11.673,36161.4
1729526400000,11.67,11.809,11.579,11.788,25777.5
1729540800000,11.764,11.832,11.697,11.714,9926.8
1729555200000,11.714,11.927,11.6,11.896,45459.5
1729569600000,11.897,12.2,11.846,12.123,60731.4
1729584000000,12.117,12.283,11.888,12.192,79774.9
1729598400000,12.172,12.338,12.06,12.147,85577.6
1729612800000,12.133,12.145,11.943,12.019,35283.6
1729627200000,12.005,12.14,11.957,11.987,9630.6
1729641600000,11.985,12.01,11.735,11.79,26306.5
1729656000000,11.794,11.825,11.617,11.617,17423.8
1729670400000,11.621,11.65,11.373,11.384,80347.4
1729684800000,11.373,11.468,11.254,11.331,76613.4
1729699200000,11.334,11.334,11.029,11.23,81825.2
1729713600000,11.237,11.357,11.208,11.336,9196.2
1729728000000,11.322,11.543,11.294,11.394,17015.8
1729742400000,11.388,11.49,11.288,11.288,10286.0
1729756800000,11.294,11.42,11.242,11.396,33276.4
1729771200000,11.405,11.518,11.401,11.442,22466.9
1729785600000,11.441,11.523,11.378,11.515,26539.4
1729800000000,11.518,11.647,11.492,11.623,18283.5
1729814400000,11.625,12.098,11.617,11.901,95696.8
1729828800000,11.934,11.936,11.666,11.694,33601.8
1729843200000,11.7,11.881,11.591,11.83,45481.5
1729857600000,11.83,12.014,11.755,11.845,80468.1
1729872000000,11.832,11.913,11.36,11.628,200450.4
1729886400000,11.615,11.783,10.819,11.161,162460.7
1729900800000,11.13,11.389,10.964,11.359,159817.5
1729915200000,11.336,11.382,11.097,11.097,28105.3
1729929600000,11.093,11.215,11.079,11.095,25864.2
1729944000000,11.086,11.13,10.824,10.851,54038.9
1729958400000,10.851,11.028,10.831,10.98,17133.8
1729972800000,10.982,11.106,10.972,11.015,34890.2
1729987200000,11.017,11.057,10.907,11.05,38971.9
1730001600000,11.059,11.059,10.929,10.95,50328.1
1730016000000,10.944,10.989,10.857,10.898,23092.2
1730030400000,10.892,11.126,10.883,11.111,59072.5
1730044800000,11.115,11.176,10.9,10.977,34284.8
1730059200000,10.975,11.12,10.939,10.988,108571.1
1730073600000,10.985,11.013,10.774,10.785,87582.2
1730088000000,10.772,11.029,10.712,10.978,31286.6
1730102400000,10.987,11.15,10.959,11.113,48277.4
1730116800000,11.12,11.19,10.821,10.821,139335.4
1730131200000,10.821,11.073,10.749,10.981,60947.8
1730145600000,11.021,11.253,10.98,11.185,61925.2
1730160000000,11.185,11.479,11.153,11.427,48124.6
1730174400000,11.417,11.534,11.417,11.487,25855.0
1730188800000,11.498,11.58,11.467,11.495,47951.2
1730203200000,11.494,11.564,11.41,11.557,34086.1
1730217600000,11.555,11.74,11.491,11.549,102310.2
1730232000000,11.561,11.812,11.468,11.803,31551.2
1730246400000,11.802,12.021,11.662,12.008,74921.6
1730260800000,12.01,12.141,11.944,11.973,65766.4
1730275200000,11.972,12.117,11.877,11.966,67123.8
1730289600000,11.986,12.393,11.941,12.268,143071.1
1730304000000,12.226,12.323,12.161,12.251,62377.3
1730318400000,12.25,12.461,12.105,12.397,76114.7
1730332800000,12.431,12.468,12.217,12.419,54895.5
1730347200000,12.415,12.415,12.108,12.201,40423.6
1730361600000,12.204,12.204,12.019,12.141,36054.7
1730376000000,12.131,12.171,11.731,11.788,94634.8
1730390400000,11.778,11.789,11.388,11.404,98975.7
1730404800000,11.413,11.542,11.324,11.427,63810.9
1730419200000,11.418,11.497,11.219,11.39,86413.2
1730433600000,11.386,11.509,11.256,11.312,15188.6
1730448000000,11.318,11.396,11.268,11.335,17901.2
1730462400000,11.324,11.717,11.195,11.335,88831.1
1730476800000,11.325,11.576,11.287,11.358,44991.0
1730491200000,11.35,11.393,11.146,11.257,22001.1
1730505600000,11.245,11.399,11.245,11.287,10517.2
1730520000000,11.302,11.321,11.19,11.254,8743.3
1730534400000,11.257,11.27,11.148,11.183,18240.0
1730548800000,11.181,11.212,11.075,11.173,14092.8
1730563200000,11.171,11.237,11.074,11.188,21129.1
1730577600000,11.186,11.271,11.129,11.179,2843.2
1730592000000,11.187,11.226,10.832,10.946,48923.5
1730606400000,10.956,11.05,10.921,10.981,25642.0
1730620800000,10.984,11.042,10.899,10.915,18012.6
1730635200000,10.92,10.951,10.532,10.702,71075.3
1730649600000,10.696,10.766,10.509,10.71,65304.5
1730664000000,10.719,10.833,10.664,10.753,34106.5
1730678400000,10.755,10.905,10.597,10.789,30552.8
1730692800000,10.796,10.863,10.622,10.625,9510.2
1730707200000,10.624,10.709,10.527,10.639,15541.0
1730721600000,10.638,10.715,10.37,10.397,37376.9
1730736000000,10.389,10.434,10.235,10.357,68328.0
1730750400000,10.355,10.365,10.068,10.251,76798.8
1730764800000,10.247,10.415,10.178,10.415,29401.7
1730779200000,10.421,10.517,10.414,10.507,6487.8
1730793600000,10.507,10.619,10.501,10.598,19992.7
1730808000000,10.603,10.886,10.563,10.762,87795.5
1730822400000,10.792,10.938,10.61,10.664,78589.0
1730836800000,10.641,10.904,10.618,10.837,16604.9
1730851200000,10.832,11.771,10.805,11.697,192801.1
1730865600000,11.698,11.961,11.588,11.754,113424.2
1730880000000,11.792,11.898,11.557,11.857,60777.1
1730894400000,11.846,11.899,11.671,11.814,94538.6
1730908800000,11.814,11.982,11.807,11.967,66425.4
1730923200000,11.975,12.329,11.944,12.186,100885.1
1730937600000,12.181,12.724,12.07,12.562,196880.6
1730952000000,12.565,12.577,12.215,12.315,90042.8
1730966400000,12.306,12.398,12.236,12.238,33019.5
1730980800000,12.24,12.457,12.136,12.457,56327.8
1730995200000,12.461,12.585,12.322,12.571,52059.1
1731009600000,12.577,12.69,12.473,12.602,99711.0
1731024000000,12.605,12.83,12.539,12.642,65236.0
1731038400000,12.644,12.876,12.643,12.849,65109.5
1731052800000,12.836,13.024,12.682,13.007,40552.0
1731067200000,13.032,13.419,13.031,13.268,148317.0
1731081600000,13.283,13.588,12.996,13.533,117715.1
1731096000000,13.526,13.759,13.363,13.705,78194.3
1731110400000,13.702,13.703,13.295,13.358,40122.6
1731124800000,13.354,13.746,13.35,13.514,23072.1
1731139200000,13.52,13.653,13.455,13.632,14111.8
1731153600000,13.618,13.644,13.325,13.53,109395.4
1731168000000,13.536,13.669,13.309,13.56,21355.3
1731182400000,13.548,13.853,13.473,13.795,56290.8
1731196800000,13.784,14.068,13.696,13.943,75049.6
1731211200000,13.929,14.614,13.919,14.509,105101.6
1731225600000,14.506,14.642,14.405,14.607,71189.4
1731240000000,14.583,14.761,14.449,14.601,123617.5
1731254400000,14.599,14.86,14.278,14.411,102242.4
1731268800000,14.399,14.516,13.668,14.272,97646.6
1731283200000,14.278,14.568,14.237,14.446,79984.6
1731297600000,14.447,14.447,13.631,13.81,79815.6
1731312000000,13.813,14.191,13.805,14.139,30656.7
1731326400000,14.138,14.475,13.846,14.332,63194.7
1731340800000,14.334,14.773,14.32,14.58,166247.9
1731355200000,14.596,14.95,14.322,14.94,140501.1
1731369600000,14.934,14.934,14.338,14.791,165919.3
1731384000000,14.788,14.925,14.582,14.826,102572.5
1731398400000,14.854,15.347,13.79,14.2,391083.6
1731412800000,14.212,14.346,13.699,13.959,170255.9
1731427200000,13.963,14.251,13.699,14.155,118434.6
1731441600000,14.169,14.319,13.923,13.974,130403.1
1731456000000,13.968,14.116,13.383,13.419,169147.4
1731470400000,13.42,13.627,13.079,13.382,211246.1
1731484800000,13.391,13.594,13.249,13.507,39682.9
1731499200000,13.501,14.388,13.343,14.246,205789.1
1731513600000,14.252,14.361,13.281,13.324,204695.9
1731528000000,13.305,13.546,13.066,13.489,125802.4
1731542400000,13.495,13.53,13.207,13.506,37174.2
1731556800000,13.482,13.844,13.397,13.633,31591.3
1731571200000,13.635,13.648,13.156,13.298,42348.4
1731585600000,13.294,13.563,12.896,12.967,367917.0
1731600000000,12.966,13.372,12.897,13.294,40664.2
1731614400000,13.28,13.364,12.817,13.01,66546.6
1731628800000,13.002,13.184,12.84,13.109,60620.6
1731643200000,13.106,13.307,12.728,13.148,56424.3
1731657600000,13.14,13.559,13.062,13.522,22369.8
1731672000000,13.5,13.668,13.153,13.2,52621.2
1731686400000,13.198,13.562,13.167,13.489,36722.1
1731700800000,13.483,13.916,13.483,13.859,37701.6
1731715200000,13.855,14.251,13.755,14.251,21345.9
1731729600000,14.277,14.311,14.027,14.037,32535.4
1731744000000,14.037,14.472,14.036,14.471,20012.2
1731758400000,14.465,14.55,14.068,14.17,96904.3
1731772800000,14.171,14.8,14.085,14.745,39941.0
1731787200000,14.757,14.793,14.473,14.534,86771.2
1731801600000,14.535,14.894,13.791,14.141,119311.7
1731816000000,14.141,14.542,14.044,14.435,40338.0
1731830400000,14.433,14.55,14.033,14.033,35072.3
1731844800000,14.061,14.213,13.9,13.934,15906.2
1731859200000,13.936,14.1,13.738,13.855,50211.4
1731873600000,13.853,13.93,13.57,13.786,21741.1
1731888000000,13.79,14.365,13.757,14.362,128695.8
1731902400000,14.38,14.89,14.21,14.866,79237.8
1731916800000,14.872,14.935,14.292,14.344,44912.3
1731931200000,14.341,15.206,14.248,15.168,83498.9
1731945600000,15.172,16.0,14.793,14.97,174799.7
1731960000000,14.952,15.429,14.842,15.282,80926.2
1731974400000,15.285,15.414,14.922,15.098,26574.2
1731988800000,15.096,15.129,14.845,14.866,31038.7
1732003200000,14.864,15.013,14.674,15.013,31812.7
1732017600000,15.013,15.152,14.588,14.772,55409.1
1732032000000,14.772,15.034,14.665,14.89,36122.4
1732046400000,14.895,14.991,14.422,14.63,92992.8
1732060800000,14.634,14.7,14.196,14.424,47564.6
1732075200000,14.415,14.637,14.27,14.48,24065.8
1732089600000,14.471,14.95,14.432,14.699,46355.5
1732104000000,14.691,15.334,14.621,15.009,149115.4
1732118400000,15.011,15.011,14.049,14.186,83997.2
1732132800000,14.159,14.558,14.109,14.244,30786.5
1732147200000,14.245,14.454,13.857,14.159,37411.4
1732161600000,14.175,14.688,14.169,14.68,57904.4
1732176000000,14.678,14.738,14.366,14.626,26464.9
1732190400000,14.629,15.387,14.62,14.838,125161.4
1732204800000,14.829,15.162,14.814,14.923,71832.1
1732219200000,14.923,15.035,14.698,14.903,46165.7
1732233600000,14.907,15.181,14.744,15.14,80929.6
1732248000000,15.107,15.459,15.079,15.236,56742.9
1732262400000,15.24,15.391,14.972,15.38,52755.3
1732276800000,15.395,15.564,14.884,15.443,143069.9
1732291200000,15.433,15.813,15.178,15.276,136800.3
1732305600000,15.264,16.596,15.19,16.575,128659.7
1732320000000,16.581,17.092,16.339,16.795,125239.0
1732334400000,16.788,17.05,16.483,17.025,333323.4
1732348800000,17.022,17.242,16.69,17.066,66298.1
1732363200000,17.042,17.95,16.949,17.948,136628.6
1732377600000,17.955,18.399,17.236,17.546,246430.6
1732392000000,17.568,17.804,17.067,17.407,46532.1
1732406400000,17.407,18.361,17.345,18.098,143808.2
1732420800000,18.047,18.175,17.584,17.821,30854.4
1732435200000,17.819,17.88,16.722,16.722,141131.5
1732449600000,16.718,16.904,16.145,16.337,191696.4
1732464000000,16.346,17.168,16.291,17.063,97155.1
1732478400000,17.001,18.118,16.985,17.924,102044.2
1732492800000,17.931,18.237,17.369,17.799,61796.4
1732507200000,17.839,18.401,17.828,18.314,76630.2
1732521600000,18.329,19.055,18.253,18.664,118552.0
1732536000000,18.673,18.839,17.549,18.52,214228.8
1732550400000,18.529,18.764,17.654,17.881,187684.4
1732564800000,17.87,18.188,17.163,17.373,138753.1
1732579200000,17.354,17.845,17.254,17.587,57231.1
1732593600000,17.571,17.684,17.148,17.247,68291.0
1732608000000,17.229,17.235,16.201,16.56,138456.3
1732622400000,16.56,17.505,16.502,16.945,97777.1
1732636800000,16.943,17.422,16.706,17.08,84452.0
1732651200000,17.092,17.512,16.976,17.372,126537.5
1732665600000,17.357,17.596,16.994,17.431,76639.2
1732680000000,17.404,18.273,17.395,18.154,119295.1
1732694400000,18.17,18.528,17.889,18.132,71788.5
1732708800000,18.148,18.306,17.75,18.088,87930.4
1732723200000,18.091,18.297,17.749,18.068,55347.2
1732737600000,18.068,19.019,18.065,18.668,147264.2
1732752000000,18.667,18.699,17.874,18.047,78478.2
1732766400000,18.06,18.249,17.84,17.902,43558.0
1732780800000,17.899,18.087,17.771,18.027,96963.8
1732795200000,18.02,18.096,17.513,17.54,98029.7
1732809600000,17.524,17.98,17.523,17.841,38051.4
1732824000000,17.814,18.082,17.662,17.96,81103.4
1732838400000,17.96,18.125,17.792,17.827,18231.3
1732852800000,17.827,17.845,17.561,17.562,143285.7
1732867200000,17.568,18.195,17.568,18.131,49598.4
1732881600000,18.145,18.399,17.927,18.099,125173.9
1732896000000,18.066,18.152,17.846,18.096,51739.6
1732910400000,18.116,18.412,18.026,18.266,28046.7
1732924800000,18.266,18.545,17.956,18.533,53731.6
1732939200000,18.524,18.727,18.283,18.634,31187.6
1732953600000,18.652,18.735,18.115,18.251,36497.5
1732968000000,18.251,18.984,18.239,18.907,63312.2
1732982400000,18.906,19.392,18.645,19.35,151909.5
1732996800000,19.351,19.464,19.02,19.02,105016.0
1733011200000,19.027,19.117,18.46,18.74,129306.9
1733025600000,18.728,18.969,18.562,18.667,16364.9
1733040000000,18.683,18.82,18.531,18.76,48284.2
1733054400000,18.763,19.007,18.61,18.846,45068.4
1733068800000,18.849,18.964,18.62,18.765,88419.2
1733083200000,18.752,19.069,18.452,18.924,121862.1
1733097600000,18.949,19.751,18.815,18.922,243995.8
1733112000000,18.919,20.055,18.603,19.837,303607.4
1733126400000,19.834,20.97,18.891,19.804,568583.9
1733140800000,19.797,21.906,19.515,21.835,658972.9
1733155200000,21.838,24.26,21.121,23.882,1877332.0
1733169600000,23.884,26.936,23.697,25.263,1971642.3999999999
1733184000000,25.274,25.576,23.832,24.242,788692.1
1733198400000,24.238,25.521,24.055,25.153,1295526.3999999999
1733212800000,25.152,26.359,24.545,24.603,1407683.3
1733227200000,24.614,24.965,22.505,24.039,1753502.1000000001
1733241600000,24.032,24.604,23.469,24.369,919792.6
1733256000000,24.351,25.25,24.039,24.104,1309241.3
1733270400000,24.091,24.62,23.548,24.012,674378.1
1733284800000,24.009,24.613,23.911,24.466,313728.3
1733299200000,24.467,25.077,24.029,24.638,308974.7
1733313600000,24.645,26.499,24.051,25.427,798273.9
1733328000000,25.382,25.486,24.02,24.976,613546.8
1733342400000,25.006,25.135,23.742,24.101,566567.2
1733356800000,24.092,24.209,22.778,23.617,531086.8
1733371200000,23.605,24.409,23.487,23.933,263016.9
1733385600000,23.944,24.29,23.743,24.262,139701.1
1733400000000,24.231,24.836,23.921,24.293,307477.4
1733414400000,24.293,24.6,23.633,23.746,294249.1
1733428800000,23.723,23.985,22.355,23.176,485201.5
1733443200000,23.176,24.145,23.092,24.047,285686.9
1733457600000,24.019,24.273,23.8,23.825,134846.5
1733472000000,23.817,24.092,23.139,23.34,95327.9
1733486400000,23.294,24.167,22.78,23.797,248407.4
1733500800000,23.808,25.132,23.76,24.943,318894.7
1733515200000,24.895,25.976,24.855,25.915,576794.1
1733529600000,25.914,26.9,25.173,26.681,690355.9
1733544000000,26.671,26.757,25.325,25.405,517936.3
1733558400000,25.396,25.453,24.779,24.954,184658.0
1733572800000,24.958,25.227,24.897,25.034,175961.0
1733587200000,25.024,25.051,24.41,24.799,409613.1
1733601600000,24.794,24.954,24.624,24.808,145806.6
1733616000000,24.808,25.032,24.706,24.837,139440.9
1733630400000,24.842,25.605,24.705,25.377,183169.8
1733644800000,25.381,26.923,25.123,26.697,688186.7
1733659200000,26.69,27.436,26.077,26.291,524646.3
1733673600000,26.291,26.314,25.541,25.96,358511.9
1733688000000,25.96,26.693,25.636,26.117,584906.3
1733702400000,26.118,27.368,25.882,26.644,970845.1
1733716800000,26.641,27.319,25.629,26.242,865530.2
1733731200000,26.238,26.238,24.487,24.661,864183.6
1733745600000,24.647,25.869,24.242,24.419,632871.0
1733760000000,24.394,24.624,23.612,23.672,402736.3
1733774400000,23.674,23.706,19.002,22.259,1880327.0
1733788800000,22.244,22.702,20.684,21.595,644825.9
1733803200000,21.614,23.393,21.073,23.09,438835.5
1733817600000,23.064,23.759,22.707,23.175,254682.7
1733832000000,23.199,23.288,21.325,21.341,484276.9
1733846400000,21.331,21.641,20.278,21.434,620989.3
1733860800000,21.424,22.442,21.302,22.113,211933.3
1733875200000,22.114,22.496,21.159,22.422,152287.7
1733889600000,22.425,22.66,22.207,22.208,135899.0
1733904000000,22.216,23.0,22.216,22.845,94646.3
1733918400000,22.825,24.221,22.824,23.902,379594.2
1733932800000,23.909,24.19,23.366,23.806,179566.7
1733947200000,23.809,24.358,23.695,24.087,341071.1
1733961600000,24.091,27.15,23.897,27.065,1240472.3999999999
1733976000000,27.079,29.501,27.001,28.853,1642025.1000000001
1733990400000,28.858,29.235,27.569,27.855,440292.8
1734004800000,27.925,28.581,27.327,28.279,633174.3
1734019200000,28.247,28.6,26.887,26.983,633365.4
1734033600000,26.959,29.391,26.719,29.363,2015282.6000000001
1734048000000,29.363,30.962,28.403,30.232,474048.4
1734062400000,30.247,30.4,28.626,28.942,1044535.3
1734076800000,28.94,29.042,28.179,28.399,227075.0
1734091200000,28.4,28.587,27.577,27.642,633892.3
1734105600000,27.673,28.421,27.614,28.138,978636.4
1734120000000,28.138,29.157,27.787,29.05,553921.2
1734134400000,29.035,30.771,28.813,29.487,1081827.3999999999
1734148800000,29.496,29.885,29.209,29.55,296580.0
1734163200000,29.54,30.39,29.32,29.811,230439.0
1734177600000,29.806,30.796,28.71,30.37,812905.5
1734192000000,30.36,30.483,28.749,29.206,1268931.6000000001
1734206400000,29.183,29.648,28.821,29.126,526573.4
1734220800000,29.125,29.576,28.549,29.35,566824.0
1734235200000,29.352,29.963,28.604,28.789,1633741.2
1734249600000,28.778,29.141,28.578,28.818,174138.4
1734264000000,28.825,29.371,28.322,29.171,239648.8
1734278400000,29.147,29.645,28.817,28.994,199641.6
1734292800000,29.004,29.667,28.051,29.295,789706.9
1734307200000,29.292,29.799,28.439,28.666,369997.2
1734321600000,28.667,29.505,28.45,29.307,241224.4
1734336000000,29.317,30.897,28.928,29.858,685577.3
1734350400000,29.86,30.644,29.274,30.305,754926.8
1734364800000,30.309,30.441,29.344,29.576,583662.3
1734379200000,29.552,29.812,28.729,28.777,305696.3
1734393600000,28.765,29.078,28.35,28.803,275510.7
1734408000000,28.796,28.8,27.985,28.133,182118.1
1734422400000,28.145,28.968,27.807,28.404,397528.7
1734436800000,28.426,28.65,27.52,27.639,285867.3
1734451200000,27.631,28.28,27.361,27.757,235104.1
1734465600000,27.803,28.294,27.497,27.887,337778.9
1734480000000,27.915,28.403,27.481,27.696,216534.4
1734494400000,27.673,27.762,26.824,27.191,342607.6
1734508800000,27.256,27.965,26.968,27.956,153117.0
1734523200000,27.957,27.957,26.547,27.133,318266.7
1734537600000,27.107,27.965,26.391,26.476,367558.0
1734552000000,26.418,26.607,24.67,24.868,986985.4
1734566400000,24.86,25.312,23.312,24.892,1091376.8999999999
1734580800000,24.882,24.97,24.441,24.908,579172.6
1734595200000,24.907,25.608,24.527,25.419,325724.3
1734609600000,25.408,25.408,23.75,24.207,383750.5
1734624000000,24.177,24.366,21.927,22.285,1690848.3
1734638400000,22.319,23.261,21.73,22.812,518743.5
1734652800000,22.827,23.709,22.638,23.159,300754.5
1734667200000,23.185,23.332,22.161,22.638,170635.6
1734681600000,22.634,22.634,20.02,20.025,845567.8
1734696000000,20.017,22.922,20.017,22.7,900356.4
1734710400000,22.696,23.666,22.42,23.248,541478.3
1734724800000,23.283,23.648,22.677,23.382,171200.7
1734739200000,23.392,23.705,23.042,23.139,88870.3
1734753600000,23.146,24.927,23.128,24.54,232002.2
1734768000000,24.559,24.758,23.603,23.815,204039.1
1734782400000,23.816,23.816,22.271,22.877,378873.2
1734796800000,22.877,22.917,21.933,22.323,228555.9
1734811200000,22.318,22.554,21.785,22.104,154392.2
1734825600000,22.121,22.405,21.847,22.169,143389.9
1734840000000,22.177,22.249,21.493,21.964,183831.8
1734854400000,21.954,22.776,21.954,22.458,99254.1
1734868800000,22.459,22.682,21.603,21.812,88119.1
1734883200000,21.797,22.517,21.572,21.652,145198.3
1734897600000,21.653,22.426,21.248,22.103,484452.7
1734912000000,22.101,23.316,21.501,23.081,571898.0
1734926400000,23.164,23.446,22.27,22.601,557823.1
1734940800000,22.62,23.366,22.52,23.114,518910.7
1734955200000,23.115,23.424,22.12,22.13,503493.7
1734969600000,22.155,23.101,22.09,22.948,577564.1
1734984000000,22.948,24.974,22.948,24.55,759253.5
1734998400000,24.558,24.69,23.561,24.16,227078.0
1735012800000,24.156,24.347,23.802,23.903,309565.7
1735027200000,23.902,24.45,23.823,24.267,272298.1
1735041600000,24.256,24.97,23.796,24.691,712601.0
1735056000000,24.68,25.477,24.384,25.074,557674.0
1735070400000,25.065,26.061,24.629,25.44,988758.5
1735084800000,25.448,25.52,24.6,24.687,137666.9
1735099200000,24.681,25.138,24.596,24.81,153226.4
1735113600000,24.784,25.633,24.508,24.521,215107.7
1735128000000,24.558,24.884,24.44,24.7,218498.4
1735142400000,24.712,24.775,24.271,24.737,165988.1
1735156800000,24.74,24.79,24.08,24.463,377626.5
1735171200000,24.461,24.714,23.882,23.964,267285.4
1735185600000,23.946,23.946,23.383,23.416,213304.7
1735200000000,23.431,23.454,22.813,23.065,560914.5
1735214400000,23.066,23.178,22.689,22.753,270077.3
1735228800000,22.744,23.107,22.58,22.815,212947.8
1735243200000,22.803,22.894,22.375,22.678,319147.0
1735257600000,22.67,23.258,22.513,22.966,347232.6
1735272000000,22.99,23.171,22.376,22.616,170377.5
1735286400000,22.615,23.673,22.615,23.473,269485.1
1735300800000,23.464,23.508,22.228,22.279,191491.0
1735315200000,22.295,22.768,21.938,22.204,843188.8
1735329600000,22.204,22.246,21.211,21.545,1544758.8999999999
1735344000000,21.552,21.632,21.199,21.375,277038.0
1735358400000,21.378,21.438,21.05,21.072,150297.6
1735372800000,21.072,21.435,21.062,21.318,137631.5
1735387200000,21.315,21.853,21.153,21.46,385813.4
1735401600000,21.467,22.172,21.346,21.81,305510.5
1735416000000,21.808,22.36,21.732,21.982,101570.6
1735430400000,21.975,22.007,21.635,21.808,54805.8
1735444800000,21.824,21.934,21.513,21.928,105739.6
1735459200000,21.927,21.954,21.493,21.493,71593.0
1735473600000,21.498,21.753,21.27,21.458,65180.0
1735488000000,21.44,21.447,21.204,21.27,56380.0
1735502400000,21.232,21.237,20.759,20.945,203746.9
1735516800000,20.946,21.813,20.847,21.107,196537.3
1735531200000,21.128,21.4,20.954,21.187,63990.0
1735545600000,21.233,21.426,21.0,21.231,53662.5
1735560000000,21.232,21.439,20.089,20.327,270396.8
1735574400000,20.304,21.186,20.115,21.075,236538.9
1735588800000,21.092,21.336,20.354,20.57,140532.9
1735603200000,20.561,20.64,20.264,20.27,46086.9
1735617600000,20.263,20.477,20.187,20.322,59909.9
1735632000000,20.322,20.926,20.322,20.535,83743.4
1735646400000,20.541,21.197,20.492,20.813,144032.9
1735660800000,20.826,20.842,19.949,20.1,177489.3
1735675200000,20.096,20.181,19.83,20.021,166607.6
1735689600000,19.995,20.247,19.97,20.071,67746.2
1735704000000,20.066,20.103,19.905,19.984,22425.4
1735718400000,19.995,20.139,19.708,20.035,69594.4
1735732800000,20.043,20.587,20.006,20.558,116448.9
1735747200000,20.564,21.551,20.353,21.501,246790.7
1735761600000,21.502,21.853,21.469,21.733,133347.5
1735776000000,21.732,22.383,21.732,21.908,213675.5
1735790400000,21.944,22.397,21.86,22.358,125304.7
1735804800000,22.344,22.81,22.081,22.596,178374.2
1735819200000,22.598,22.917,22.143,22.207,189649.6
1735833600000,22.227,22.581,22.038,22.135,156384.3
1735848000000,22.17,22.259,21.822,22.078,103172.1
1735862400000,22.084,22.439,21.928,22.254,121877.9
1735876800000,22.222,22.248,21.808,21.818,66871.5
1735891200000,21.818,22.688,21.65,22.688,114099.5
1735905600000,22.68,23.507,22.482,23.491,340513.4
1735920000000,23.487,23.919,23.347,23.813,541702.9
1735934400000,23.815,23.828,23.371,23.492,147246.1
1735948800000,23.492,23.545,23.144,23.207,91348.3
1735963200000,23.216,23.376,23.047,23.316,57358.5
1735977600000,23.303,23.331,22.902,23.121,49653.8
1735992000000,23.093,23.956,23.093,23.18,158062.0
1736006400000,23.183,23.785,23.183,23.649,121227.0
1736020800000,23.707,24.055,23.597,23.607,96511.0
1736035200000,23.614,23.793,23.235,23.356,56449.2
1736049600000,23.372,23.834,23.367,23.515,118068.9
1736064000000,23.521,23.564,23.033,23.098,120632.5
1736078400000,23.1,23.416,22.875,23.281,110894.7
1736092800000,23.29,23.508,23.121,23.368,95382.0
1736107200000,23.399,23.728,23.278,23.621,189733.0
1736121600000,23.597,24.092,23.041,24.078,178817.1
1736136000000,24.093,24.211,23.52,23.534,285791.5
1736150400000,23.534,23.839,23.339,23.837,88162.4
1736164800000,23.844,24.483,23.53,24.401,239471.2
1736179200000,24.403,24.797,23.762,23.916,282661.8
1736193600000,23.935,24.077,23.677,23.856,116468.8
1736208000000,23.843,23.844,23.458,23.523,113979.4
1736222400000,23.544,23.683,23.354,23.397,144624.6
1736236800000,23.4,23.664,23.09,23.2,63762.3
1736251200000,23.201,23.374,21.712,22.074,609872.6
1736265600000,22.066,22.198,21.4,21.475,297879.7
1736280000000,21.479,21.705,21.201,21.392,265231.0
1736294400000,21.403,21.721,20.892,21.17,161694.2
1736308800000,21.154,21.222,20.53,20.879,179414.1
1736323200000,20.879,21.128,20.59,20.712,83848.1
1736337600000,20.727,20.961,20.5,20.657,95842.9
1736352000000,20.668,20.716,19.579,20.214,426581.6
1736366400000,20.213,20.627,19.958,20.447,131933.0
1736380800000,20.436,20.731,20.232,20.289,97942.9
1736395200000,20.314,20.363,19.744,19.8,67631.2
1736409600000,19.8,20.114,19.68,19.939,106228.5
1736424000000,19.914,20.307,19.31,20.197,271855.0
1736438400000,20.196,20.296,19.39,19.417,143475.9
1736452800000,19.452,19.864,19.146,19.64,161800.2
1736467200000,19.643,20.019,19.643,19.938,136797.8
1736481600000,19.964,20.526,19.839,20.32,82361.8
1736496000000,20.33,20.481,20.244,20.367,47475.9
1736510400000,20.346,20.423,19.545,19.975,223161.5
1736524800000,19.98,20.48,19.777,20.364,108394.5
1736539200000,20.374,20.41,20.175,20.252,105479.7
1736553600000,20.247,20.299,19.918,19.938,61561.5
1736568000000,19.934,20.104,19.855,19.937,20941.9
1736582400000,19.942,20.249,19.812,20.176,26123.8
1736596800000,20.172,20.181,19.919,19.982,40491.5
1736611200000,20.017,20.05,19.842,20.009,34713.1
1736625600000,20.025,20.695,19.967,20.203,324984.1
1736640000000,20.204,20.313,20.05,20.242,62069.6
1736654400000,20.248,20.317,19.978,20.093,182425.5
1736668800000,20.094,20.132,19.793,19.973,67596.5
1736683200000,19.973,20.256,19.879,20.176,100058.9
1736697600000,20.169,20.209,19.983,20.04,44446.6
1736712000000,20.062,20.11,19.598,19.845,66079.8
1736726400000,19.819,20.449,19.332,19.395,418168.4
1736740800000,19.388,19.745,19.008,19.101,362389.9
1736755200000,19.098,19.104,18.053,18.099,268985.9
1736769600000,18.105,19.104,17.85,18.933,544689.7
1736784000000,18.924,19.042,18.23,18.469,958749.3
1736798400000,18.465,19.572,18.373,19.365,540617.0
1736812800000,19.36,19.592,19.26,19.51,146334.8
1736827200000,19.5,19.762,19.428,19.446,79752.7
1736841600000,19.446,20.288,19.446,19.948,160786.6
1736856000000,19.937,20.379,19.768,20.154,374244.9
1736870400000,20.152,20.501,19.977,20.308,334610.6
1736884800000,20.337,20.505,20.197,20.328,165107.3
1736899200000,20.336,20.701,20.214,20.471,357004.0
1736913600000,20.464,20.85,20.251,20.736,84135.3
1736928000000,20.742,20.988,20.105,20.331,204165.2
1736942400000,20.337,21.768,20.166,21.627,782734.1
1736956800000,21.621,21.863,21.268,21.627,280760.5
1736971200000,21.617,22.166,21.574,22.112,238758.1
1736985600000,22.112,22.183,21.466,21.611,417403.8
1737000000000,21.618,21.86,21.576,21.767,40568.1
1737014400000,21.766,22.525,21.296,22.495,525323.4
1737028800000,22.495,23.35,22.263,23.329,1094887.6000000001
1737043200000,23.327,23.749,23.167,23.741,437373.4
1737057600000,23.711,23.798,22.809,23.036,312000.4
1737072000000,23.035,24.026,23.035,23.569,1032063.7
1737086400000,23.57,24.303,23.512,24.148,300528.8
1737100800000,24.145,24.464,23.855,24.154,184098.7
1737115200000,24.155,24.53,23.867,24.455,382011.0
1737129600000,24.455,24.712,24.226,24.533,312048.1
1737144000000,24.537,25.236,24.488,25.11,460834.7
1737158400000,25.12,25.696,24.461,24.601,224295.6
1737172800000,24.581,24.722,23.438,23.842,664434.4
1737187200000,23.831,24.619,23.507,24.434,712745.3
1737201600000,24.433,24.842,23.942,24.092,408527.9
1737216000000,24.098,24.136,23.381,23.942,735542.8
1737230400000,24.009,24.217,23.541,24.121,276558.9
1737244800000,24.119,24.596,23.833,23.88,202624.3
1737259200000,23.888,23.888,23.157,23.395,194378.3
1737273600000,23.386,23.386,22.202,22.395,880250.1
1737288000000,22.405,26.257,22.358,25.459,1060214.3999999999
1737302400000,25.453,26.721,25.359,26.056,1186072.3999999999
1737316800000,26.069,26.577,23.558,24.32,3038415.1000000001
1737331200000,24.325,24.8,23.383,24.323,829505.1
1737345600000,24.32,26.47,24.01,26.32,699531.7
1737360000000,26.318,26.97,25.3,25.759,610275.3
1737374400000,25.77,26.691,24.554,25.908,1768726.7
1737388800000,25.895,26.394,23.993,25.705,1212958.3999999999
1737403200000,25.709,25.842,24.952,25.068,206025.4
1737417600000,25.073,25.166,24.043,24.524,336609.7
1737432000000,24.455,24.455,23.691,24.071,141258.5
1737446400000,24.086,26.246,23.913,25.662,375630.8
1737460800000,25.702,26.47,25.421,25.86,357572.8
1737475200000,25.848,27.094,25.804,26.665,424510.5
1737489600000,26.668,26.897,26.143,26.709,236766.9
1737504000000,26.651,27.192,26.241,26.311,198281.3
1737518400000,26.303,26.326,25.694,25.797,105330.6
1737532800000,25.808,26.012,25.58,25.87,90651.0
1737547200000,25.87,25.952,25.334,25.413,134128.7
1737561600000,25.431,25.68,25.211,25.416,136029.9
1737576000000,25.429,25.642,25.14,25.289,146666.1
1737590400000,25.301,25.338,24.468,24.813,242623.9
1737604800000,24.821,24.824,24.301,24.553,248204.3
1737619200000,24.564,24.611,23.954,24.456,249376.5
1737633600000,24.46,25.915,24.043,25.467,694171.3
1737648000000,25.468,26.256,24.672,24.776,686093.0
1737662400000,24.754,25.835,24.578,25.676,631178.3
1737676800000,25.666,25.837,24.861,25.244,244018.6
1737691200000,25.213,26.333,25.015,25.931,270406.4
1737705600000,25.955,26.434,25.855,26.173,109707.9
1737720000000,26.188,26.329,25.691,26.159,182767.5
1737734400000,26.147,26.255,25.707,25.786,140772.0
1737748800000,25.824,25.889,25.099,25.172,164576.0
1737763200000,25.183,25.328,24.808,25.281,193789.4
1737777600000,25.284,25.314,24.917,24.987,113729.0
1737792000000,24.996,25.089,24.693,24.976,119692.6
1737806400000,24.976,25.292,24.726,25.138,159607.3
1737820800000,25.137,25.36,24.803,25.256,102576.0
1737835200000,25.27,25.439,24.883,24.911,81646.4
1737849600000,24.911,25.634,24.865,25.596,72079.9
1737864000000,25.582,25.898,25.445,25.681,38448.9
1737878400000,25.692,25.837,25.153,25.321,112884.5
1737892800000,25.316,25.482,25.092,25.462,125177.9
1737907200000,25.453,26.29,25.274,26.224,210276.1
1737921600000,26.233,26.4,24.833,24.876,417373.0
1737936000000,24.866,25.118,23.727,23.974,637191.7
1737950400000,23.969,23.97,22.273,22.827,625876.4
1737964800000,22.834,22.899,22.177,22.426,428914.1
1737979200000,22.423,24.131,22.319,23.671,716095.5
1737993600000,23.688,23.913,22.779,23.1,254574.0
1738008000000,23.118,24.432,23.118,24.224,565698.3
1738022400000,24.217,24.551,23.8,24.287,173855.4
1738036800000,24.297,24.67,24.077,24.126,77497.6
1738051200000,24.125,24.216,23.853,23.973,53859.1
1738065600000,23.978,24.253,23.526,23.94,154087.5
1738080000000,23.95,23.974,23.146,23.294,140750.0
1738094400000,23.298,23.392,22.366,22.607,256539.1
1738108800000,22.613,23.405,22.576,23.241,80136.9
1738123200000,23.257,23.576,23.122,23.543,57705.3
1738137600000,23.54,23.621,23.046,23.462,45637.3
1738152000000,23.464,23.546,22.473,22.772,111718.9
1738166400000,22.761,23.771,22.343,23.524,251805.6
1738180800000,23.562,24.464,23.154,23.666,237036.3
1738195200000,23.665,24.333,23.418,24.302,112851.3
1738209600000,24.291,24.595,24.167,24.298,84104.9
1738224000000,24.302,24.74,24.169,24.507,77810.1
1738238400000,24.504,25.213,24.239,24.874,171212.6
1738252800000,24.876,25.102,24.619,24.778,131113.8
1738267200000,24.775,24.803,24.408,24.467,86786.3
1738281600000,24.464,24.877,24.25,24.338,123351.9
1738296000000,24.331,25.381,24.135,24.9,156796.1
1738310400000,24.9,25.708,24.712,25.676,149137.4
1738324800000,25.696,26.1,25.362,25.923,287164.9
1738339200000,25.933,26.424,24.853,24.925,414436.0
1738353600000,24.907,25.233,24.499,25.179,340191.0
1738368000000,25.178,25.972,25.083,25.643,233888.6
1738382400000,25.645,25.863,25.225,25.243,132954.6
1738396800000,25.245,25.338,24.534,24.785,71515.2
1738411200000,24.782,24.928,24.26,24.458,227343.5
1738425600000,24.469,24.637,23.5,23.552,187485.5
1738440000000,23.546,23.56,22.747,22.959,257968.5
1738454400000,22.952,23.318,22.23,22.318,207451.0
1738468800000,22.304,22.892,22.27,22.65,68638.8
1738483200000,22.646,23.169,22.074,22.117,129070.6
1738497600000,22.123,22.453,21.869,22.173,156303.6
1738512000000,22.176,22.184,20.084,20.741,469074.0
1738526400000,20.746,21.024,19.259,20.449,323890.4
1738540800000,20.448,20.459,15.468,17.684,2063809.0
1738555200000,17.712,19.465,17.048,19.42,595954.5
1738569600000,19.418,19.419,18.428,18.919,394389.5
1738584000000,18.902,20.673,18.12,20.434,859641.2
1738598400000,20.432,22.038,20.125,21.912,824505.6
1738612800000,21.882,22.009,20.992,21.669,795439.8
1738627200000,21.66,21.727,20.741,20.898,274694.1
1738641600000,20.898,21.128,19.549,19.643,757127.2
1738656000000,19.632,20.802,19.45,20.311,595038.4
1738670400000,20.311,20.995,20.185,20.532,520276.2
1738684800000,20.546,21.287,20.322,20.33,294568.0
1738699200000,20.327,20.504,19.283,19.967,1044535.2
1738713600000,19.978,20.268,19.733,19.983,280190.7
1738728000000,19.98,20.079,19.423,19.632,155099.3
1738742400000,19.632,20.09,19.39,19.998,153494.9
1738756800000,20.042,20.097,19.46,19.642,294431.4
1738771200000,19.627,19.702,18.944,19.448,344421.3
1738785600000,19.456,19.574,18.955,19.173,225429.3
1738800000000,19.184,19.586,19.044,19.489,244024.7
1738814400000,19.492,19.918,19.448,19.669,103165.5
1738828800000,19.689,19.897,19.487,19.697,65216.9
1738843200000,19.707,19.738,18.544,18.683,176950.4
1738857600000,18.688,18.853,18.401,18.518,170192.9
1738872000000,18.513,18.95,18.423,18.585,103414.1
1738886400000,18.587,19.055,18.57,18.812,59952.4
1738900800000,18.835,18.974,18.421,18.773,77861.7
1738915200000,18.777,19.387,18.696,19.295,55599.0
1738929600000,19.294,19.845,18.987,19.353,228879.6
1738944000000,19.358,19.369,18.593,18.718,142237.5
1738958400000,18.735,18.735,17.785,18.373,137893.2
1738972800000,18.362,18.6,18.19,18.219,47397.2
1738987200000,18.2,18.299,17.924,18.171,64143.1
1739001600000,18.167,18.199,17.904,18.051,84288.1
1739016000000,18.039,18.241,17.874,18.038,112995.5
1739030400000,18.044,18.444,17.876,18.331,59743.0
1739044800000,18.337,18.53,18.19,18.441,41432.1
1739059200000,18.434,18.994,18.254,18.904,63185.1
1739073600000,18.91,18.91,18.526,18.756,43129.0
1739088000000,18.767,18.892,18.543,18.552,48688.5
1739102400000,18.549,18.781,18.108,18.725,47745.8
1739116800000,18.727,18.938,18.358,18.369,48370.8
1739131200000,18.383,18.729,17.423,18.267,301281.9
1739145600000,18.26,18.623,17.659,18.343,134792.2
1739160000000,18.35,18.78,18.24,18.639,50058.6
1739174400000,18.643,18.967,18.621,18.745,97783.0
1739188800000,18.745,19.109,18.467,18.577,222940.3
1739203200000,18.59,18.95,18.495,18.845,119796.4
1739217600000,18.841,18.949,18.61,18.792,76278.0
1739232000000,18.788,19.377,18.774,19.333,282809.9
1739246400000,19.302,19.799,19.296,19.631,86113.2
1739260800000,19.638,19.748,19.35,19.56,76257.6
1739275200000,19.569,19.587,18.832,19.087,128120.3
1739289600000,19.094,19.172,18.22,18.453,310494.4
1739304000000,18.438,18.978,18.425,18.635,72019.5
1739318400000,18.631,18.872,18.389,18.466,74995.7
1739332800000,18.46,18.703,18.323,18.582,35123.9
1739347200000,18.581,18.758,18.389,18.535,51831.2
1739361600000,18.547,18.805,17.634,18.096,447165.7
1739376000000,18.112,18.889,17.945,18.833,346077.1
1739390400000,18.847,19.514,18.742,19.209,175133.1
1739404800000,19.207,19.333,18.996,19.215,64664.5
1739419200000,19.252,19.252,18.728,18.822,108623.4
1739433600000,18.824,18.881,18.573,18.685,58227.1
1739448000000,18.686,18.703,18.147,18.488,384016.1
1739462400000,18.486,18.614,18.187,18.339,164106.1
1739476800000,18.343,18.617,18.343,18.539,69956.6
1739491200000,18.545,18.953,18.446,18.931,49024.0
1739505600000,18.937,18.978,18.623,18.766,37868.8
1739520000000,18.761,19.341,18.669,19.033,199461.6
1739534400000,19.033,19.627,18.878,19.499,301716.9
1739548800000,19.51,19.854,19.194,19.511,189000.1
1739563200000,19.52,19.661,19.115,19.378,177030.3
1739577600000,19.382,19.622,19.183,19.421,155424.0
1739592000000,19.414,19.653,19.253,19.262,45741.5
1739606400000,19.262,19.381,19.014,19.107,132661.9
1739620800000,19.113,19.276,18.843,18.932,69462.6
1739635200000,18.943,19.038,18.786,18.858,53969.3
1739649600000,18.868,18.998,18.728,18.992,55534.7
1739664000000,18.992,19.113,18.696,18.836,44767.5
1739678400000,18.846,19.259,18.828,18.896,67942.4
1739692800000,18.898,19.152,18.83,19.151,26214.3
1739707200000,19.155,19.187,18.705,18.897,30220.1
1739721600000,18.891,19.113,18.555,18.829,76371.4
1739736000000,18.815,19.023,18.634,18.685,116662.8
1739750400000,18.689,19.006,18.623,18.811,75939.1
1739764800000,18.811,19.15,18.361,18.802,77281.9
1739779200000,18.795,19.494,18.715,19.373,165643.8
1739793600000,19.37,19.793,19.206,19.242,196157.9
1739808000000,19.234,19.381,18.708,19.071,256516.0
1739822400000,19.041,19.496,18.972,19.089,114662.0
1739836800000,19.099,19.189,18.768,18.857,50193.1
1739851200000,18.855,18.86,18.08,18.08,193633.0
1739865600000,18.08,18.284,17.851,17.994,156538.5
1739880000000,17.985,18.387,17.545,17.679,250621.4
1739894400000,17.673,17.81,17.274,17.606,453440.2
1739908800000,17.613,17.896,17.427,17.862,411239.9
1739923200000,17.861,17.991,17.531,17.836,214265.2
1739937600000,17.841,18.128,17.435,18.046,138150.7
1739952000000,18.05,18.129,17.876,18.118,140266.8
1739966400000,18.12,18.209,17.725,17.784,328411.1
1739980800000,17.792,18.061,17.716,17.893,119895.9
1739995200000,17.898,18.069,17.761,17.976,136414.7
1740009600000,17.972,18.366,17.89,18.329,70426.2
1740024000000,18.323,18.479,18.059,18.104,55204.4
1740038400000,18.105,18.197,17.828,18.142,75348.6
1740052800000,18.144,18.379,17.861,17.886,139310.1
1740067200000,17.887,18.431,17.862,18.333,96786.8
1740081600000,18.334,18.426,18.141,18.291,140983.2
1740096000000,18.291,18.312,18.054,18.092,66552.4
1740110400000,18.101,18.408,18.101,18.262,46011.0
1740124800000,18.268,18.742,18.222,18.586,120480.4
1740139200000,18.599,19.071,18.04,18.374,436270.3
1740153600000,18.387,18.553,17.125,17.277,395003.5
1740168000000,17.281,17.455,17.128,17.414,183023.0
1740182400000,17.414,17.673,17.316,17.453,52923.0
1740196800000,17.463,17.638,17.435,17.493,53327.4
1740211200000,17.493,17.709,17.433,17.612,53475.5
1740225600000,17.614,17.826,17.53,17.783,59421.0
1740240000000,17.781,18.024,17.758,17.856,78107.6
1740254400000,17.865,17.867,17.712,17.746,26749.4
1740268800000,17.748,17.906,17.639,17.792,45076.1
1740283200000,17.794,18.117,17.744,18.111,26804.3
1740297600000,18.114,18.128,17.723,17.767,36813.7
1740312000000,17.764,17.845,17.433,17.468,69596.0
1740326400000,17.461,17.668,17.461,17.539,67806.6
1740340800000,17.53,17.73,17.434,17.62,94481.2
1740355200000,17.621,17.749,16.776,16.82,204518.1
1740369600000,16.814,16.97,16.468,16.861,326580.1
1740384000000,16.86,16.861,16.435,16.664,77389.4
1740398400000,16.665,16.761,16.047,16.202,339266.6
1740412800000,16.207,16.485,15.927,16.09,93892.8
1740427200000,16.092,16.274,14.967,15.248,488086.8
1740441600000,15.245,15.409,14.826,15.108,229569.7
1740456000000,15.118,15.263,14.026,14.533,444341.0
1740470400000,14.515,14.896,14.252,14.825,241976.5
1740484800000,14.83,14.978,14.4,14.742,194444.2
1740499200000,14.742,15.116,14.505,15.082,425706.3
1740513600000,15.101,15.566,14.979,15.313,196036.6
1740528000000,15.311,15.545,15.092,15.39,83465.7
1740542400000,15.378,15.507,15.155,15.291,53308.3
1740556800000,15.292,15.635,15.144,15.512,128405.2
1740571200000,15.519,15.757,14.968,15.532,227784.0
1740585600000,15.532,15.581,14.687,14.875,217843.5
1740600000000,14.878,15.697,14.678,15.252,226783.0
1740614400000,15.262,15.433,15.057,15.303,79929.8
1740628800000,15.297,15.685,15.134,15.622,91045.7
1740643200000,15.615,15.778,15.448,15.62,83491.1
1740657600000,15.623,15.747,15.192,15.402,175812.9
1740672000000,15.386,15.496,15.018,15.077,129139.8
1740686400000,15.097,15.207,14.773,15.102,166089.6
1740700800000,15.11,15.168,13.815,13.815,239995.0
1740715200000,13.865,13.966,13.474,13.653,185045.3
1740729600000,13.656,14.041,13.447,13.763,121547.0
1740744000000,13.762,14.714,13.667,14.587,246673.6
1740758400000,14.602,14.834,14.482,14.748,92624.0
1740772800000,14.755,14.855,14.592,14.823,62726.4
1740787200000,14.811,14.943,14.562,14.798,56971.7
1740801600000,14.796,14.996,14.521,14.531,75840.8
1740816000000,14.544,14.849,14.396,14.43,51993.3
1740830400000,14.457,14.546,14.227,14.477,54614.5
1740844800000,14.479,14.906,14.418,14.883,267439.2
1740859200000,14.882,15.132,14.75,14.75,263573.2
1740873600000,14.752,14.92,14.65,14.862,163517.5
1740888000000,14.859,14.927,14.731,14.753,77564.5
1740902400000,14.756,14.901,14.692,14.775,19196.1
1740916800000,14.772,15.524,14.408,15.263,275433.4
1740931200000,15.271,17.36,15.26,16.955,865951.4
1740945600000,16.96,17.536,16.905,17.401,387769.4
1740960000000,17.407,17.474,16.568,16.795,313921.4
1740974400000,16.803,16.965,16.098,16.494,134396.5
1740988800000,16.494,16.504,15.923,16.315,251679.8
1741003200000,16.31,16.875,16.095,16.26,201211.3
1741017600000,16.262,16.449,14.701,14.736,858470.5
1741032000000,14.75,14.923,14.37,14.446,972132.2
1741046400000,14.449,14.598,13.408,13.758,636978.8
1741060800000,13.752,14.095,13.735,13.784,55584.1
1741075200000,13.792,13.96,13.669,13.791,261052.4
1741089600000,13.777,14.209,13.327,13.82,676356.6
1741104000000,13.818,14.52,13.071,14.501,576448.1
1741118400000,14.508,15.335,14.304,14.865,286863.7
1741132800000,14.855,15.084,14.634,14.818,141940.7
1741147200000,14.828,15.435,14.824,15.434,103984.6
1741161600000,15.438,16.482,15.362,16.057,238204.2
1741176000000,16.06,16.169,15.557,15.696,347204.6
1741190400000,15.682,16.427,15.578,16.348,348295.4
1741204800000,16.342,16.584,16.269,16.419,98828.9
1741219200000,16.422,17.328,16.379,17.223,275678.5
1741233600000,17.224,17.382,16.871,16.905,138354.0
1741248000000,16.92,17.647,16.838,17.479,189998.3
1741262400000,17.497,17.539,16.603,17.235,495803.6
1741276800000,17.24,17.332,16.521,16.803,409996.2
1741291200000,16.804,17.276,16.769,17.049,205462.3
1741305600000,17.066,17.216,15.874,16.167,441167.7
1741320000000,16.168,17.17,16.16,17.17,116320.6
1741334400000,17.2,17.366,16.807,17.126,217940.2
1741348800000,17.132,17.511,16.776,16.917,355853.1
1741363200000,16.917,16.978,16.142,16.62,514806.7
1741377600000,16.625,16.753,15.724,15.945,378213.5
1741392000000,15.945,16.016,15.432,15.679,312140.2
1741406400000,15.68,15.847,15.525,15.543,57062.6
1741420800000,15.54,15.555,15.244,15.326,131109.3
1741435200000,15.309,15.567,15.185,15.299,102043.8
1741449600000,15.296,15.558,15.117,15.535,153447.1
1741464000000,15.536,15.546,15.184,15.248,39083.1
1741478400000,15.25,15.349,15.014,15.262,34497.2
1741492800000,15.258,15.347,15.078,15.125,21855.7
1741507200000,15.124,15.124,14.624,14.684,110950.5
1741521600000,14.687,14.699,14.252,14.304,102354.9
1741536000000,14.3,14.362,13.653,13.979,176104.9
1741550400000,13.974,14.114,13.608,13.757,199919.2
1741564800000,13.799,14.219,13.665,14.121,103119.5
1741579200000,14.126,14.313,13.966,14.085,57010.8
1741593600000,14.088,14.554,13.82,14.249,185838.4
1741608000000,14.255,14.349,13.252,13.473,188265.5
1741622400000,13.473,13.539,12.41,12.801,487850.6
1741636800000,12.801,12.999,12.59,12.65,136519.8
1741651200000,12.656,12.828,11.85,12.44,429642.1
1741665600000,12.428,12.946,12.406,12.727,206431.6
1741680000000,12.719,13.17,12.651,13.032,232321.9
1741694400000,13.044,13.186,12.358,12.979,505349.2
1741708800000,12.972,13.64,12.791,13.586,240412.9
1741723200000,13.591,13.636,13.072,13.13,116649.2
1741737600000,13.132,13.466,12.828,12.828,168869.6
1741752000000,12.832,13.109,12.644,13.071,54279.3
1741766400000,13.074,13.403,12.992,13.371,117182.2
1741780800000,13.36,13.794,12.768,13.063,154931.5
1741795200000,13.063,13.356,13.032,13.272,248437.3
1741809600000,13.267,13.504,13.205,13.472,71935.5
1741824000000,13.479,13.522,13.219,13.269,69958.6
1741838400000,13.282,13.316,13.049,13.119,35150.8
1741852800000,13.121,13.487,12.99,13.433,71686.5
1741867200000,13.436,13.576,12.968,13.005,100483.4
1741881600000,13.016,13.04,12.712,12.816,116459.4
1741896000000,12.819,13.197,12.728,13.031,172998.6
1741910400000,13.032,13.342,12.99,13.26,35342.6
1741924800000,13.263,13.435,13.242,13.341,23912.6
1741939200000,13.34,14.914,13.309,14.085,14046510.1999999993
1741953600000,14.093,14.674,13.955,14.368,874665.9
1741968000000,14.374,14.674,13.864,13.866,2742628.5
1741982400000,13.896,13.934,13.566,13.649,1087781.2
1741996800000,13.649,14.08,13.625,14.005,515197.7
1742011200000,14.004,14.249,13.717,13.782,870557.2
1742025600000,13.799,14.08,13.75,14.043,255510.6
1742040000000,14.038,14.129,13.909,14.035,86725.4
1742054400000,14.036,14.155,13.954,14.04,91175.5
1742068800000,14.052,14.151,13.996,14.006,121620.3
1742083200000,14.01,14.029,13.774,13.975,124658.3
1742097600000,13.972,14.172,13.97,14.151,138730.0
1742112000000,14.152,14.186,13.482,13.515,203287.5
1742126400000,13.517,13.646,13.333,13.474,212994.4
1742140800000,13.473,13.789,13.36,13.4,235923.1
1742155200000,13.41,13.5,13.206,13.369,122490.0
1742169600000,13.369,13.749,13.343,13.691,154346.6
1742184000000,13.687,13.828,13.482,13.773,91476.5
1742198400000,13.771,13.882,13.664,13.795,76364.1
1742212800000,13.795,13.928,13.544,13.752,235526.8
1742227200000,13.757,14.202,13.651,14.119,114326.3
1742241600000,14.129,14.231,13.961,14.028,89057.1
1742256000000,14.022,14.087,13.731,13.822,107209.3
1742270400000,13.808,14.204,13.798,14.133,168521.9
1742284800000,14.142,14.273,13.687,13.713,87441.2
1742299200000,13.702,13.84,13.528,13.587,159616.6
1742313600000,13.589,13.745,13.45,13.695,92228.9
1742328000000,13.708,13.948,13.579,13.915,133686.9
1742342400000,13.914,14.074,13.767,13.993,60092.1
1742356800000,13.999,14.011,13.839,13.846,53497.7
1742371200000,13.848,14.492,13.847,14.462,149540.8
1742385600000,14.484,14.686,14.294,14.621,431117.3
1742400000000,14.619,14.661,14.208,14.468,408246.2
1742414400000,14.475,15.036,14.455,15.024,128898.2
1742428800000,15.024,15.155,14.704,14.712,104433.1
1742443200000,14.711,14.789,14.584,14.654,92161.5
1742457600000,14.627,14.808,14.377,14.477,112489.7
1742472000000,14.494,14.744,14.328,14.37,155486.0
1742486400000,14.344,14.424,14.07,14.167,114431.9
1742500800000,14.171,14.281,14.11,14.213,20971.8
1742515200000,14.216,14.376,14.122,14.132,76495.4
1742529600000,14.132,14.262,14.049,14.199,52325.4
1742544000000,14.195,14.277,13.926,14.063,67915.8
1742558400000,14.054,14.129,13.838,13.874,102750.2
1742572800000,13.874,14.1,13.827,13.995,106150.6
1742587200000,13.99,14.177,13.923,13.956,71459.1
1742601600000,13.952,14.133,13.931,14.069,118651.9
1742616000000,14.07,14.153,14.054,14.082,26796.7
1742630400000,14.073,14.296,14.05,14.206,45838.1
1742644800000,14.203,14.355,14.126,14.237,128865.1
1742659200000,14.228,14.496,14.208,14.461,76845.0
1742673600000,14.465,14.498,14.162,14.247,75615.7
1742688000000,14.243,14.461,14.21,14.461,26353.8
1742702400000,14.463,14.47,14.273,14.295,17977.3
1742716800000,14.29,14.478,14.252,14.375,38351.1
1742731200000,14.381,14.491,14.29,14.428,76569.0
1742745600000,14.431,14.442,14.233,14.355,166731.6
1742760000000,14.362,14.467,14.234,14.464,52092.0
1742774400000,14.456,14.697,14.147,14.662,152662.1
1742788800000,14.682,15.152,14.679,15.018,99044.8
1742803200000,15.027,15.3,15.027,15.181,63500.6
1742817600000,15.191,15.399,15.047,15.223,251832.6
1742832000000,15.205,15.244,14.99,15.152,95158.7
1742846400000,15.155,15.245,14.995,15.126,50904.5
1742860800000,15.122,15.236,14.862,14.898,128986.0
1742875200000,14.896,15.242,14.861,15.192,42949.0
1742889600000,15.195,15.487,15.195,15.44,61348.4
1742904000000,15.44,15.585,15.279,15.318,236681.0
1742918400000,15.333,15.509,15.284,15.461,74373.0
1742932800000,15.469,15.6,15.326,15.437,135237.3
1742947200000,15.433,15.613,15.24,15.291,107576.8
1742961600000,15.301,15.944,15.301,15.905,127491.3
1742976000000,15.905,15.99,15.787,15.862,70002.8
1742990400000,15.862,15.874,15.215,15.294,177361.1
1743004800000,15.281,15.465,14.939,15.154,164821.4
1743019200000,15.147,15.298,15.028,15.242,56209.8
1743033600000,15.245,15.777,15.167,15.716,55391.0
1743048000000,15.73,15.735,15.507,15.636,53495.4
1743062400000,15.627,15.732,15.483,15.504,62307.1
1743076800000,15.496,15.793,15.26,15.559,116162.1
1743091200000,15.558,15.611,15.305,15.468,87347.6
1743105600000,15.473,15.679,15.403,15.508,64628.5
1743120000000,15.516,15.583,15.253,15.338,94995.6
1743134400000,15.339,15.387,14.422,14.482,280939.5
1743148800000,14.47,14.515,14.199,14.377,92992.1
1743163200000,14.375,14.451,14.15,14.166,108420.8
1743177600000,14.159,14.21,13.998,14.075,132616.1
1743192000000,14.059,14.326,14.015,14.249,118213.6
1743206400000,14.248,14.4,14.059,14.242,102495.0
1743220800000,14.24,14.284,13.842,13.901,81706.5
1743235200000,13.897,14.025,13.539,13.622,88302.1
1743249600000,13.651,13.828,13.594,13.63,105554.1
1743264000000,13.63,13.687,13.379,13.568,107907.5
1743278400000,13.567,13.567,13.369,13.542,28668.8
1743292800000,13.543,13.789,13.4,13.673,49197.5
1743307200000,13.669,13.766,13.59,13.667,22995.9
1743321600000,13.664,13.855,13.645,13.72,111099.7
1743336000000,13.722,13.777,13.462,13.586,57168.1
1743350400000,13.596,13.715,13.364,13.596,97508.4
1743364800000,13.599,13.616,13.192,13.39,83354.2
1743379200000,13.411,13.527,13.123,13.246,54516.3
1743393600000,13.247,13.444,13.13,13.197,69413.0
1743408000000,13.209,13.302,12.956,13.206,107092.3
1743422400000,13.222,13.685,13.132,13.547,163388.9
1743436800000,13.547,13.7,13.414,13.525,37148.2
1743451200000,13.519,13.642,13.438,13.504,65206.3
1743465600000,13.504,13.756,13.488,13.628,35604.5
1743480000000,13.642,13.783,13.576,13.731,16629.6
1743494400000,13.731,14.085,13.73,13.945,49193.3
1743508800000,13.948,14.37,13.693,14.3,157456.8
1743523200000,14.305,14.387,14.11,14.178,56261.6
1743537600000,14.18,14.252,14.025,14.037,40712.4
1743552000000,14.035,14.039,13.647,13.744,47161.7
1743566400000,13.74,13.834,13.342,13.394,70964.3
1743580800000,13.384,13.693,13.323,13.487,93899.5
1743595200000,13.494,14.18,13.371,14.042,372748.1
1743609600000,14.063,14.153,13.73,13.995,67888.3
1743624000000,13.991,14.384,12.805,12.89,391427.3
1743638400000,12.896,13.296,12.836,13.194,99596.0
1743652800000,13.193,13.265,12.875,12.946,47623.3
1743667200000,12.946,13.058,12.688,12.814,115934.3
1743681600000,12.807,12.814,12.3,12.552,247187.3
1743696000000,12.549,12.706,12.403,12.626,62873.5
1743710400000,12.643,12.896,12.599,12.89,93639.5
1743724800000,12.896,12.939,12.657,12.701,60312.1
1743739200000,12.706,13.093,12.598,13.064,77020.8
1743753600000,13.074,13.178,12.347,12.561,71668.9
1743768000000,12.554,12.914,12.434,12.737,146995.8
1743782400000,12.731,13.063,12.655,12.915,137847.1
1743796800000,12.931,13.083,12.859,12.936,27868.1
1743811200000,12.939,13.031,12.838,12.839,30953.9
1743825600000,12.844,12.912,12.773,12.869,59728.2
1743840000000,12.877,13.047,12.827,12.876,22136.2
1743854400000,12.88,12.92,12.573,12.622,72039.4
1743868800000,12.624,12.715,12.597,12.609,43161.1
1743883200000,12.606,12.865,12.576,12.839,19654.8
1743897600000,12.839,12.94,12.71,12.774,24702.8
1743912000000,12.78,12.822,12.621,12.643,14424.9
1743926400000,12.647,12.7,12.532,12.605,38297.7
1743940800000,12.603,12.644,12.069,12.312,119319.6
1743955200000,12.308,12.325,11.428,11.576,274016.4
1743969600000,11.56,11.621,11.003,11.278,185906.6
1743984000000,11.279,11.51,10.804,10.929,126517.9
1743998400000,10.927,11.135,10.108,10.359,599282.0
1744012800000,10.349,10.932,10.313,10.697,189108.5
1744027200000,10.703,11.851,10.664,11.289,388628.6
1744041600000,11.273,11.485,11.091,11.334,146569.9
1744056000000,11.342,11.663,11.339,11.45,69006.5
1744070400000,11.449,11.872,11.366,11.642,76895.8
1744084800000,11.642,11.865,11.524,11.611,124159.3
1744099200000,11.609,11.803,11.425,11.803,149466.6
1744113600000,11.782,11.883,11.38,11.425,79426.5
1744128000000,11.416,11.441,10.837,10.897,196511.9
1744142400000,10.908,11.082,10.776,10.915,94334.9
1744156800000,10.922,10.991,10.45,10.691,65498.4
1744171200000,10.676,11.5,10.671,11.404,139665.2
1744185600000,11.382,11.486,11.109,11.183,157440.6
1744200000000,11.173,11.488,11.057,11.367,278835.7
1744214400000,11.362,12.756,11.349,12.615,514630.8
1744228800000,12.605,12.818,12.605,12.652,81654.3
1744243200000,12.651,12.655,12.168,12.312,159701.8
1744257600000,12.315,12.491,12.231,12.314,51231.7
1744272000000,12.325,12.433,12.269,12.404,31548.3
1744286400000,12.397,12.591,11.776,11.83,211392.9
1744300800000,11.824,12.084,11.671,12.007,153610.5
1744315200000,11.993,12.116,11.977,12.086,31071.5
1744329600000,12.068,12.46,12.026,12.38,56047.8
1744344000000,12.395,12.527,12.325,12.394,40015.7
1744358400000,12.388,12.691,12.332,12.462,51172.3
1744372800000,12.472,12.673,12.361,12.546,121455.9
1744387200000,12.554,12.802,12.46,12.718,86526.8
1744401600000,12.708,12.898,12.596,12.645,53506.8
1744416000000,12.643,12.694,12.473,12.539,33196.7
1744430400000,12.544,12.778,12.502,12.769,68569.4
1744444800000,12.77,12.941,12.669,12.74,44490.7
1744459200000,12.743,13.27,12.721,13.116,166838.1
1744473600000,13.114,13.179,12.971,13.09,54803.4
1744488000000,13.093,13.284,13.087,13.149,35471.4
1744502400000,13.15,13.225,12.993,13.048,53524.6
1744516800000,13.044,13.051,12.87,12.927,53245.2
1744531200000,12.925,13.162,12.773,12.788,53078.4
1744545600000,12.783,12.901,12.6,12.675,65943.8
1744560000000,12.672,13.216,12.472,12.646,61796.3
1744574400000,12.664,12.802,12.427,12.617,47330.7
1744588800000,12.62,13.145,12.578,12.765,36222.4
1744603200000,12.775,12.904,12.581,12.723,21295.0
1744617600000,12.72,13.237,12.691,13.146,34926.1
1744632000000,13.155,13.218,12.661,12.705,91008.7
1744646400000,12.71,13.004,12.626,12.873,106723.0
1744660800000,12.863,12.868,12.572,12.63,41154.6
1744675200000,12.632,12.746,12.524,12.731,243174.4
1744689600000,12.724,12.788,12.608,12.723,48703.4
1744704000000,12.723,12.785,12.503,12.578,73671.6
1744718400000,12.587,12.82,12.293,12.352,258227.5
1744732800000,12.363,12.441,12.25,12.359,84448.9
1744747200000,12.356,12.432,12.203,12.227,87149.3
1744761600000,12.228,12.413,12.168,12.398,28442.8
1744776000000,12.389,12.426,12.127,12.131,58429.3
1744790400000,12.151,12.293,12.045,12.158,24936.0
1744804800000,12.168,12.518,12.035,12.311,63490.0
1744819200000,12.316,12.473,11.9,12.372,205038.2
1744833600000,12.377,12.499,12.261,12.346,58553.0
1744848000000,12.345,12.495,12.296,12.381,32175.4
1744862400000,12.378,12.686,12.349,12.592,37487.3
1744876800000,12.598,12.616,12.384,12.435,49272.7
1744891200000,12.436,12.53,12.197,12.436,47289.0
1744905600000,12.434,12.691,12.374,12.484,60289.3
1744920000000,12.489,12.615,12.481,12.516,64938.0
1744934400000,12.526,12.568,12.391,12.556,52582.2
1744948800000,12.557,12.678,12.517,12.635,39342.6
1744963200000,12.64,12.709,12.591,12.622,24675.8
1744977600000,12.624,12.641,12.462,12.5,55681.4
1744992000000,12.507,12.64,12.496,12.613,12953.5
1745006400000,12.628,12.65,12.516,12.561,26472.8
1745020800000,12.556,12.765,12.532,12.713,21071.1
1745035200000,12.72,12.879,12.708,12.85,36991.1
1745049600000,12.858,12.919,12.749,12.749,18344.4
1745064000000,12.752,12.825,12.719,12.748,13288.9
1745078400000,12.746,12.999,12.7,12.925,26644.6
1745092800000,12.93,13.043,12.904,12.929,19104.4
1745107200000,12.933,13.037,12.909,13.031,32857.0
1745121600000,13.031,13.094,12.883,12.971,23695.5
1745136000000,13.008,13.014,12.875,12.9,23561.7
1745150400000,12.9,13.195,12.9,13.1,21879.2
1745164800000,13.103,13.444,13.057,13.408,48322.5
1745179200000,13.402,13.59,13.243,13.279,39733.6
1745193600000,13.279,13.649,13.262,13.525,45322.9
1745208000000,13.525,13.643,13.456,13.639,43266.3
1745222400000,13.639,13.686,13.376,13.44,71361.5
1745236800000,13.437,13.57,13.32,13.352,96438.8
1745251200000,13.355,13.373,12.96,13.136,105161.5
1745265600000,13.127,13.141,13.012,13.094,73995.5
1745280000000,13.095,13.3,12.843,13.108,103551.6
1745294400000,13.115,13.314,12.982,13.28,95168.9
1745308800000,13.278,13.504,13.249,13.442,34188.9
1745323200000,13.439,14.064,13.403,13.836,143332.4
1745337600000,13.843,13.914,13.715,13.845,36827.3
1745352000000,13.843,14.16,13.777,14.127,94387.8
1745366400000,14.132,14.418,14.014,14.409,85492.6
1745380800000,14.412,14.75,14.358,14.743,106933.2
1745395200000,14.741,15.146,14.701,14.999,58678.2
1745409600000,15.021,15.263,14.584,14.844,118849.0
1745424000000,14.844,15.036,14.712,14.853,69937.2
1745438400000,14.863,15.141,14.85,15.015,96440.3
1745452800000,15.009,15.104,14.554,14.573,47087.2
1745467200000,14.567,14.613,14.267,14.316,65130.6
1745481600000,14.319,14.448,14.156,14.432,66498.7
1745496000000,14.434,15.142,14.371,14.855,89986.3
1745510400000,14.88,15.073,14.724,14.96,47286.3
1745524800000,14.945,15.098,14.849,15.058,38738.4
1745539200000,15.058,15.197,14.708,14.973,106270.7
1745553600000,14.975,15.287,14.875,15.095,70282.9
1745568000000,15.112,15.31,14.989,15.127,75364.3
1745582400000,15.153,15.347,14.826,15.18,380329.6
1745596800000,15.187,15.238,14.926,15.048,154608.5
1745611200000,15.049,15.068,14.882,14.92,53936.6
1745625600000,14.917,15.32,14.917,15.09,80165.9
1745640000000,15.088,15.211,14.957,15.089,29284.5
1745654400000,15.086,15.24,14.726,14.755,32556.9
1745668800000,14.763,14.925,14.671,14.918,24096.4
1745683200000,14.914,14.946,14.784,14.882,15550.2
1745697600000,14.878,14.959,14.791,14.86,14505.6
1745712000000,14.862,15.094,14.532,14.726,78548.0
1745726400000,14.742,14.832,14.443,14.548,16546.9
1745740800000,14.55,14.654,14.499,14.515,12027.6
1745755200000,14.519,14.64,14.375,14.463,31785.6
1745769600000,14.468,14.812,14.385,14.808,15880.1
1745784000000,14.81,14.814,14.552,14.556,14969.9
1745798400000,14.549,14.859,14.241,14.834,42576.1
1745812800000,14.835,15.032,14.741,15.019,57862.3
1745827200000,15.02,15.105,14.801,14.965,156359.5
1745841600000,14.966,14.971,14.445,14.531,57684.5
1745856000000,14.539,15.002,14.415,14.944,26535.4
1745870400000,14.955,15.112,14.8,15.019,105239.0
1745884800000,15.02,15.24,14.935,15.058,103393.0
1745899200000,15.058,15.201,14.851,15.172,67984.5
1745913600000,15.167,15.222,15.0,15.022,44622.6
1745928000000,15.015,15.033,14.833,14.899,27412.3
1745942400000,14.9,15.012,14.78,14.854,58682.2
1745956800000,14.879,14.885,14.464,14.596,123519.7
1745971200000,14.593,14.75,14.497,14.709,25406.6
1745985600000,14.715,14.736,14.448,14.521,34990.9
1746000000000,14.523,14.66,14.465,14.621,25914.9
1746014400000,14.624,14.628,13.827,14.122,97928.8
1746028800000,14.117,14.366,13.998,14.207,29483.4
1746043200000,14.205,14.424,14.201,14.286,113425.2
1746057600000,14.291,14.669,14.291,14.519,42238.8
1746072000000,14.534,14.74,14.475,14.731,330461.1
1746086400000,14.72,15.013,14.701,14.973,233983.9
1746100800000,14.978,15.037,14.709,14.863,69926.3
1746115200000,14.861,15.007,14.824,14.832,49604.6
1746129600000,14.834,14.941,14.725,14.741,44850.5
1746144000000,14.736,15.018,14.7,14.862,62694.8
1746158400000,14.867,14.896,14.551,14.56,75890.3
1746172800000,14.561,14.761,14.555,14.584,93267.0
1746187200000,14.583,14.861,14.486,14.774,159499.4
1746201600000,14.773,15.008,14.611,14.622,59672.9
1746216000000,14.627,14.786,14.564,14.648,12897.8
1746230400000,14.647,14.656,14.491,14.519,17296.8
1746244800000,14.517,14.539,14.361,14.383,31379.0
1746259200000,14.385,14.414,14.267,14.3,17877.4
1746273600000,14.295,14.514,14.295,14.415,33340.1
1746288000000,14.412,14.417,14.154,14.364,53889.9
1746302400000,14.364,14.434,14.226,14.242,14968.1
1746316800000,14.238,14.353,14.145,14.17,25023.7
1746331200000,14.167,14.251,14.065,14.107,34316.1
1746345600000,14.116,14.123,13.98,14.027,25679.0
1746360000000,14.033,14.168,13.979,14.1,37078.2
1746374400000,14.095,14.123,13.964,14.01,34967.2
1746388800000,14.013,14.174,13.806,13.858,73913.4
1746403200000,13.85,14.016,13.748,13.877,96429.3
1746417600000,13.874,14.185,13.845,14.107,38069.1
1746432000000,14.109,14.147,13.665,13.742,75286.8
1746446400000,13.735,13.816,13.526,13.561,49519.5
1746460800000,13.563,13.806,13.545,13.621,89616.8
1746475200000,13.626,13.749,13.469,13.632,69786.4
1746489600000,13.629,13.665,13.399,13.582,78060.0
1746504000000,13.586,13.616,13.489,13.524,32146.5
1746518400000,13.52,13.52,13.222,13.282,40588.6
1746532800000,13.277,13.488,13.204,13.366,47404.5
1746547200000,13.379,13.681,13.318,13.606,75907.8
1746561600000,13.617,13.872,13.315,13.815,124522.7
1746576000000,13.819,14.074,13.785,13.919,31521.2
1746590400000,13.918,13.993,13.724,13.924,54391.3
1746604800000,13.924,13.975,13.814,13.852,33743.0
1746619200000,13.857,13.87,13.575,13.583,26465.3
1746633600000,13.587,13.697,13.462,13.562,109784.1
1746648000000,13.551,13.914,13.529,13.814,52154.7
1746662400000,13.814,14.493,13.811,14.483,119845.2
1746676800000,14.486,14.721,14.462,14.677,36842.7
1746691200000,14.679,14.961,14.669,14.886,98708.5
1746705600000,14.887,15.406,14.798,15.224,136296.9
1746720000000,15.231,15.598,15.175,15.521,381016.8
1746734400000,15.564,15.977,15.484,15.882,276638.3
1746748800000,15.886,15.951,15.66,15.679,94972.8
1746763200000,15.685,16.278,15.587,16.106,91461.1
1746777600000,16.101,16.721,15.89,16.239,334302.9
1746792000000,16.231,16.395,15.768,15.968,236498.0
1746806400000,15.97,16.188,15.751,16.018,140837.3
1746820800000,16.017,16.091,15.928,16.023,108646.3
1746835200000,16.018,16.278,15.873,16.067,36138.8
1746849600000,16.067,16.423,15.912,16.375,82921.3
1746864000000,16.367,16.501,16.035,16.104,77171.4
1746878400000,16.097,16.522,16.097,16.44,97600.4
1746892800000,16.433,17.009,16.417,16.782,189843.2
1746907200000,16.788,17.482,16.66,17.346,152089.2
1746921600000,17.347,17.416,16.823,16.966,156344.5
1746936000000,16.957,17.04,16.31,16.466,174819.8
1746950400000,16.457,16.697,16.387,16.684,51271.1
1746964800000,16.672,16.836,16.432,16.618,83856.5
1746979200000,16.616,17.054,16.432,16.961,155602.3
1746993600000,16.943,17.156,16.836,17.123,347816.4
1747008000000,17.125,17.354,16.806,17.168,81592.7
1747022400000,17.163,18.0,16.957,17.513,211012.0
1747036800000,17.525,17.656,17.132,17.152,320569.9
1747051200000,17.143,17.599,16.717,16.844,226378.1
1747065600000,16.853,17.036,16.051,16.513,262798.8
1747080000000,16.535,16.847,16.414,16.752,29094.3
1747094400000,16.745,16.746,16.064,16.086,70761.9
1747108800000,16.082,16.579,16.049,16.436,106373.2
1747123200000,16.439,16.782,16.384,16.675,101941.1
1747137600000,16.678,16.908,16.54,16.886,95660.0
1747152000000,16.889,17.84,16.867,17.637,176333.8
1747166400000,17.642,17.771,17.356,17.404,173417.7
1747180800000,17.403,17.541,17.033,17.234,165765.8
1747195200000,17.235,17.459,17.125,17.199,59072.9
1747209600000,17.203,17.257,16.817,17.129,81065.5
1747224000000,17.128,17.272,16.773,17.001,238194.5
1747238400000,17.007,17.112,16.688,17.04,168375.7
1747252800000,17.035,17.11,16.819,17.019,78861.9
1747267200000,17.025,17.218,16.689,16.712,60369.6
1747281600000,16.721,16.834,16.189,16.212,245783.1
1747296000000,16.207,16.552,16.09,16.311,76035.9
1747310400000,16.311,16.474,15.861,16.463,167111.9
1747324800000,16.462,16.721,16.001,16.167,83917.3
1747339200000,16.185,16.299,15.679,16.045,149540.8
1747353600000,16.044,16.349,15.936,16.309,100473.9
1747368000000,16.31,16.5,16.174,16.358,67329.8
1747382400000,16.36,16.532,16.041,16.354,79043.7
1747396800000,16.364,16.389,16.091,16.265,95996.4
1747411200000,16.265,16.336,15.991,16.053,53125.6
1747425600000,16.076,16.076,15.617,15.762,58301.9
1747440000000,15.761,15.78,15.25,15.518,111653.5
1747454400000,15.52,15.633,15.348,15.403,42884.0
1747468800000,15.416,15.484,15.252,15.319,26436.2
1747483200000,15.319,15.427,15.121,15.314,57084.5
1747497600000,15.312,15.44,15.09,15.251,67033.3
1747512000000,15.244,15.502,15.151,15.322,48228.4
1747526400000,15.325,15.456,15.263,15.371,47180.5
1747540800000,15.372,15.754,15.372,15.744,49116.1
1747555200000,15.744,15.885,15.643,15.643,30909.8
1747569600000,15.635,16.367,15.566,16.355,168775.7
1747584000000,16.363,16.405,15.179,15.225,323921.1
1747598400000,15.181,15.962,14.861,15.874,286318.5
1747612800000,15.883,16.006,15.123,15.149,251689.3
1747627200000,15.15,15.28,14.843,15.192,109454.3
1747641600000,15.179,15.287,15.102,15.221,56178.6
1747656000000,15.209,15.514,15.017,15.469,77567.7
1747670400000,15.477,15.908,15.364,15.795,88395.8
1747684800000,15.794,15.856,15.629,15.792,206194.3
1747699200000,15.793,16.423,15.676,16.147,332367.9
1747713600000,16.144,16.301,15.905,15.956,79028.2
1747728000000,15.948,16.043,15.552,15.681,161637.9
1747742400000,15.677,15.686,15.429,15.562,91348.1
1747756800000,15.538,15.682,15.25,15.628,175273.1
1747771200000,15.612,15.835,15.525,15.699,180365.5
1747785600000,15.708,15.941,15.525,15.882,38333.6
1747800000000,15.879,16.095,15.805,15.853,130685.1
1747814400000,15.857,16.261,15.59,15.874,194792.5
1747828800000,15.883,16.189,15.641,16.125,160384.2
1747843200000,16.13,16.509,15.553,15.986,434023.7
1747857600000,15.978,16.35,15.773,16.118,283107.1
1747872000000,16.116,16.538,16.052,16.424,159277.6
1747886400000,16.442,16.505,16.24,16.432,164398.3
1747900800000,16.433,16.765,16.41,16.627,157623.3
1747915200000,16.629,16.903,16.403,16.816,281337.9
1747929600000,16.816,16.924,16.638,16.663,154117.4
1747944000000,16.67,16.793,16.537,16.747,93073.9
1747958400000,16.751,17.181,16.605,17.143,383572.6
1747972800000,17.147,17.163,16.593,16.68,120375.7
1747987200000,16.684,17.136,16.216,16.271,310567.2
1748001600000,16.32,16.503,15.797,16.194,379610.2
1748016000000,16.211,16.384,16.033,16.054,79100.4
1748030400000,16.053,16.057,15.43,15.538,166277.9
1748044800000,15.542,15.816,15.46,15.752,73144.1
1748059200000,15.746,15.882,15.653,15.671,24058.1
1748073600000,15.687,15.915,15.647,15.768,11183.5
1748088000000,15.766,15.805,15.598,15.652,35613.3
1748102400000,15.649,15.698,15.429,15.511,52247.9
1748116800000,15.514,15.522,15.25,15.348,95573.0
1748131200000,15.347,15.502,15.116,15.463,51952.0
1748145600000,15.467,15.474,15.267,15.289,25978.2
1748160000000,15.29,15.291,15.067,15.147,39069.5
1748174400000,15.145,15.312,14.871,15.021,85774.6
1748188800000,15.021,15.176,14.883,15.127,45612.4
1748203200000,15.132,15.568,15.014,15.537,93421.5
1748217600000,15.54,15.812,15.494,15.694,278994.9
1748232000000,15.702,15.933,15.59,15.932,72523.9
1748246400000,15.941,15.969,15.698,15.737,54941.8
1748260800000,15.759,15.829,15.43,15.758,68203.0
1748275200000,15.77,15.827,15.41,15.501,30292.4
1748289600000,15.491,15.679,15.431,15.54,40721.6
1748304000000,15.542,15.603,15.167,15.455,98961.0
1748318400000,15.456,15.901,15.448,15.846,39105.9
1748332800000,15.857,15.985,15.839,15.958,74316.4
1748347200000,15.961,16.11,15.731,16.013,203124.4
1748361600000,16.009,16.138,15.881,15.946,71412.9
1748376000000,15.948,16.024,15.792,15.916,110711.9
1748390400000,15.913,16.053,15.727,16.035,56205.0
1748404800000,16.035,16.149,15.793,15.877,38091.8
1748419200000,15.882,16.004,15.743,15.978,30041.6
1748433600000,15.979,16.098,15.443,15.446,71708.3
1748448000000,15.452,15.674,15.317,15.324,41769.6
1748462400000,15.323,15.759,15.314,15.696,30768.9
1748476800000,15.698,16.201,15.607,16.039,136675.0
1748491200000,16.036,16.076,15.693,15.795,29174.9
1748505600000,15.8,15.939,15.718,15.868,45272.8
1748520000000,15.859,15.859,15.317,15.36,59534.0
1748534400000,15.359,15.495,15.139,15.197,118012.1
1748548800000,15.2,15.301,14.994,15.041,43216.0
1748563200000,15.041,15.116,14.213,14.707,253519.8
1748577600000,14.707,14.761,14.438,14.497,49808.3
1748592000000,14.504,14.587,14.296,14.545,98873.6
1748606400000,14.541,14.595,14.241,14.241,92702.4
1748620800000,14.244,14.34,13.824,14.268,163191.0
1748635200000,14.267,14.28,13.759,13.879,73486.4
1748649600000,13.884,13.921,13.397,13.553,165992.6
1748664000000,13.553,13.74,13.427,13.698,56353.0
1748678400000,13.696,13.882,13.621,13.663,41654.4
1748692800000,13.663,14.013,13.655,13.872,38040.5
1748707200000,13.873,14.172,13.834,14.117,31682.3
1748721600000,14.117,14.184,13.955,13.957,23869.6
1748736000000,13.965,13.972,13.749,13.835,22474.7
1748750400000,13.839,13.989,13.796,13.858,19493.1
1748764800000,13.86,13.883,13.577,13.81,41000.9
1748779200000,13.808,13.957,13.705,13.937,22236.6
1748793600000,13.941,14.091,13.782,14.008,84449.7
1748808000000,14.01,14.121,13.94,14.057,22672.5
1748822400000,14.058,14.083,13.806,13.864,15704.3
1748836800000,13.865,13.984,13.786,13.882,9627.2
1748851200000,13.884,13.962,13.643,13.679,46494.7
1748865600000,13.674,13.823,13.635,13.703,76562.0
1748880000000,13.707,13.836,13.595,13.679,77364.5
1748894400000,13.684,14.123,13.684,14.081,47847.5
1748908800000,14.085,14.45,14.043,14.142,102440.2
1748923200000,14.143,14.226,14.034,14.137,54379.9
1748937600000,14.134,14.163,14.003,14.083,41023.5
1748952000000,14.079,14.441,14.039,14.333,63082.8
1748966400000,14.332,14.402,14.215,14.352,44355.9
1748980800000,14.356,14.361,13.984,14.108,55638.9
1748995200000,14.11,14.391,14.051,14.338,49057.4
1749009600000,14.339,14.409,14.226,14.286,13398.0
1749024000000,14.289,14.475,14.191,14.194,27608.0
1749038400000,14.198,14.23,13.968,14.174,92681.1
1749052800000,14.175,14.178,13.9,13.902,44338.8
1749067200000,13.902,13.944,13.716,13.826,68977.0
1749081600000,13.832,13.957,13.74,13.88,72090.4
1749096000000,13.886,13.946,13.711,13.753,31090.4
1749110400000,13.752,13.838,13.629,13.761,43847.0
1749124800000,13.757,14.034,13.525,13.712,128110.1
1749139200000,13.711,13.723,13.083,13.194,214898.2
1749153600000,13.194,13.236,12.638,12.88,255963.0
1749168000000,12.88,13.189,12.818,13.179,58937.0
1749182400000,13.185,13.264,13.092,13.17,15129.8
1749196800000,13.173,13.265,13.15,13.209,20636.8
1749211200000,13.208,13.677,13.192,13.535,110491.1
1749225600000,13.533,13.605,13.409,13.475,106399.6
1749240000000,13.479,13.606,13.448,13.559,47992.7
1749254400000,13.567,13.831,13.477,13.793,105341.1
1749268800000,13.799,14.058,13.743,14.024,30411.3
1749283200000,14.024,14.07,13.906,13.988,15652.9
1749297600000,13.986,14.071,13.888,13.934,33395.0
1749312000000,13.933,13.955,13.755,13.804,68747.4
1749326400000,13.8,13.903,13.761,13.817,23390.4
1749340800000,13.816,13.854,13.744,13.782,54199.3
1749355200000,13.782,13.827,13.722,13.733,11855.9
1749369600000,13.734,13.775,13.563,13.755,32830.3
1749384000000,13.756,13.872,13.677,13.754,95295.3
1749398400000,13.757,13.912,13.757,13.912,24952.5
1749412800000,13.913,13.97,13.67,13.717,42046.7
1749427200000,13.718,13.784,13.617,13.704,58463.5
1749441600000,13.7,13.722,13.538,13.649,15731.6
1749456000000,13.658,13.956,13.566,13.897,86056.4
1749470400000,13.903,14.003,13.762,13.933,152216.7
1749484800000,13.933,14.096,13.932,14.019,121656.7
1749499200000,14.021,14.402,14.021,14.362,281984.0
1749513600000,14.358,14.63,14.34,14.473,100942.6
1749528000000,14.485,14.57,14.33,14.484,87851.8
1749542400000,14.488,15.266,14.425,15.173,363580.3
1749556800000,15.182,15.349,14.808,15.117,319773.1
1749571200000,15.089,15.543,15.049,15.294,336215.0
1749585600000,15.29,15.473,15.149,15.453,79273.7
1749600000000,15.465,15.524,15.142,15.314,117836.9
1749614400000,15.293,15.47,15.204,15.409,33927.3
1749628800000,15.41,15.512,15.074,15.161,90165.4
1749643200000,15.17,15.666,15.086,15.611,123305.7
1749657600000,15.632,15.646,15.094,15.143,169279.3
1749672000000,15.149,15.259,14.769,14.891,98082.4
1749686400000,14.89,14.926,14.59,14.656,155982.0
1749700800000,14.659,14.669,14.42,14.428,68832.2
1749715200000,14.422,14.473,14.037,14.117,207517.8
1749729600000,14.113,14.5,14.076,14.248,92578.3
1749744000000,14.249,14.57,14.09,14.135,115985.5
1749758400000,14.131,14.18,13.837,13.974,140056.3
1749772800000,13.972,13.982,12.746,13.244,584191.7
1749787200000,13.243,13.285,13.025,13.23,133115.6
1749801600000,13.232,13.396,13.129,13.315,59265.9
1749816000000,13.318,13.479,13.104,13.408,124921.6
1749830400000,13.408,13.596,13.034,13.131,91311.1
1749844800000,13.139,13.455,13.089,13.443,59606.7
1749859200000,13.445,13.448,13.238,13.258,66719.0
1749873600000,13.258,13.33,13.132,13.206,16730.0
1749888000000,13.205,13.209,13.086,13.156,37667.0
1749902400000,13.154,13.188,12.948,12.996,49384.0
1749916800000,12.99,13.08,12.832,12.985,95004.5
1749931200000,12.99,13.202,12.915,13.145,28337.4
1749945600000,13.146,13.267,13.135,13.222,38733.8
1749960000000,13.222,13.319,13.113,13.147,27546.3
1749974400000,13.153,13.158,13.016,13.073,20563.0
1749988800000,13.074,13.304,13.058,13.174,67232.8
1750003200000,13.175,13.23,13.095,13.12,75628.6
1750017600000,13.133,13.305,12.988,13.296,94109.6
1750032000000,13.295,13.472,13.174,13.377,114611.2
1750046400000,13.377,13.74,13.369,13.69,89077.9
1750060800000,13.684,13.742,13.562,13.679,94972.3
1750075200000,13.687,13.891,13.628,13.794,90116.6
1750089600000,13.802,14.092,13.787,14.038,95005.8
1750104000000,14.065,14.169,13.53,13.542,356383.4
1750118400000,13.56,13.775,13.231,13.662,196848.9
1750132800000,13.662,13.723,13.462,13.488,105001.5
1750147200000,13.492,13.51,13.198,13.241,37457.2
1750161600000,13.248,13.36,12.933,13.047,51922.2
1750176000000,13.046,13.242,12.806,13.154,224014.0
1750190400000,13.148,13.172,12.858,12.979,138452.4
1750204800000,12.99,13.15,12.966,13.071,109440.9
1750219200000,13.07,13.217,13.02,13.083,26480.7
1750233600000,13.087,13.123,12.682,12.845,56048.7
1750248000000,12.848,12.991,12.621,12.885,63359.5
1750262400000,12.886,12.927,12.685,12.788,63696.7
1750276800000,12.778,13.141,12.736,13.116,26864.0
1750291200000,13.107,13.243,13.019,13.194,19923.9
1750305600000,13.194,13.275,13.12,13.123,27316.1
1750320000000,13.125,13.372,13.125,13.166,30931.6
1750334400000,13.173,13.208,12.935,12.944,47225.7
1750348800000,12.951,13.159,12.912,13.023,63308.2
1750363200000,13.022,13.139,12.99,13.068,17900.0
1750377600000,13.067,13.115,12.994,12.997,31660.3
1750392000000,12.997,13.182,12.885,13.166,22770.3
1750406400000,13.175,13.277,13.072,13.127,90175.8
1750420800000,13.13,13.241,12.819,12.895,101870.7
1750435200000,12.898,12.899,12.293,12.577,144036.3
1750449600000,12.567,12.715,12.362,12.498,69580.4
1750464000000,12.502,12.724,12.485,12.673,22844.6
1750478400000,12.677,12.701,12.582,12.631,27836.3
1750492800000,12.635,12.731,12.631,12.662,38616.7
1750507200000,12.668,12.69,12.395,12.493,54980.1
1750521600000,12.487,12.552,12.184,12.19,64637.3
1750536000000,12.196,12.33,11.663,12.018,197255.7
1750550400000,12.021,12.191,11.83,11.889,219126.4
1750564800000,11.898,12.098,11.875,11.96,188222.8
1750579200000,11.964,12.005,11.77,11.888,102671.3
1750593600000,11.891,11.966,11.279,11.432,496825.3
1750608000000,11.434,11.577,11.213,11.224,110746.0
1750622400000,11.226,11.662,10.937,11.646,183419.9
1750636800000,11.65,11.752,11.551,11.633,60527.5
1750651200000,11.64,11.909,11.624,11.853,40062.9
1750665600000,11.855,11.906,11.752,11.834,38941.9
1750680000000,11.84,12.075,11.694,11.744,89712.9
1750694400000,11.757,12.165,11.396,12.144,192555.2
1750708800000,12.141,12.927,12.114,12.822,154166.7
1750723200000,12.829,12.996,12.774,12.947,68995.8
1750737600000,12.943,13.313,12.917,13.023,73579.4
1750752000000,13.028,13.25,12.93,13.15,38484.2
1750766400000,13.155,13.417,13.06,13.338,291615.1
1750780800000,13.352,13.723,13.272,13.335,250827.6
1750795200000,13.331,13.411,13.279,13.4,122916.9
1750809600000,13.407,13.498,13.292,13.35,89222.4
1750824000000,13.356,13.469,13.249,13.459,86103.2
1750838400000,13.453,13.478,13.189,13.286,131727.7
1750852800000,13.278,13.324,13.012,13.054,145068.7
1750867200000,13.05,13.24,12.983,13.224,68842.7
1750881600000,13.217,13.297,13.034,13.138,65973.2
1750896000000,13.136,13.552,13.065,13.324,83182.8
1750910400000,13.34,13.42,13.208,13.369,29534.7
1750924800000,13.37,13.44,13.143,13.199,31774.9
1750939200000,13.191,13.191,12.945,13.106,73056.0
1750953600000,13.108,13.146,12.991,13.111,67046.8
1750968000000,13.104,13.273,12.875,12.927,153697.2
1750982400000,12.932,13.16,12.764,13.123,57051.2
1750996800000,13.125,13.218,13.003,13.021,33100.8
1751011200000,13.036,13.194,13.008,13.033,63632.2
1751025600000,13.035,13.112,12.863,13.039,116624.1
1751040000000,13.037,13.183,12.724,12.874,86007.9
1751054400000,12.873,13.061,12.856,13.047,26462.7
1751068800000,13.044,13.174,12.999,13.149,27781.7
1751083200000,13.151,13.169,13.083,13.16,34953.9
1751097600000,13.165,13.188,13.093,13.097,14975.6
1751112000000,13.097,13.287,13.049,13.273,18215.1
1751126400000,13.28,13.405,13.221,13.305,103765.5
1751140800000,13.307,13.447,13.29,13.398,25863.9
1751155200000,13.398,13.43,13.253,13.277,75735.7
1751169600000,13.277,13.434,13.263,13.433,22693.8
1751184000000,13.438,13.492,13.385,13.45,102187.7
1751198400000,13.45,13.451,13.264,13.276,36456.5
1751212800000,13.289,13.411,13.241,13.343,24340.4
1751227200000,13.343,13.865,13.259,13.707,123945.3
1751241600000,13.719,13.774,13.477,13.488,109913.2
1751256000000,13.488,13.496,13.184,13.339,87772.5
1751270400000,13.331,13.363,13.17,13.2,46428.2
1751284800000,13.2,13.445,13.121,13.371,417983.2
1751299200000,13.379,13.655,13.262,13.632,107906.0
1751313600000,13.626,13.67,13.368,13.377,118709.5
1751328000000,13.376,13.429,13.231,13.311,157685.3
1751342400000,13.31,13.312,13.087,13.222,144377.9
1751356800000,13.219,13.254,13.107,13.127,122473.3
1751371200000,13.123,13.167,12.945,13.01,70811.6
1751385600000,13.004,13.062,12.809,12.809,51473.6
1751400000000,12.818,12.925,12.781,12.885,31718.8
1751414400000,12.887,12.949,12.728,12.905,36351.1
1751428800000,12.909,13.084,12.881,13.029,25012.9
1751443200000,13.034,13.168,13.03,13.075,26315.1
1751457600000,13.08,13.369,12.992,13.362,73724.9
1751472000000,13.366,13.785,13.366,13.778,192704.3
1751486400000,13.771,13.839,13.546,13.558,187552.9
1751500800000,13.557,13.609,13.441,13.469,74163.5
1751515200000,13.464,13.907,13.454,13.88,64958.6
1751529600000,13.879,13.967,13.71,13.81,95088.6
1751544000000,13.804,14.072,13.525,13.604,213086.9
1751558400000,13.606,13.773,13.606,13.699,91970.7
1751572800000,13.699,13.791,13.645,13.659,68526.8
1751587200000,13.66,13.77,13.555,13.594,94940.3
1751601600000,13.59,13.613,13.365,13.374,107254.5
1751616000000,13.369,13.464,13.221,13.341,106119.3
1751630400000,13.339,13.392,13.059,13.066,66736.9
1751644800000,13.067,13.095,12.93,13.008,55318.3
1751659200000,13.007,13.241,12.995,13.16,49610.6
1751673600000,13.161,13.219,13.072,13.189,23989.7
1751688000000,13.192,13.259,13.15,13.186,32570.9
1751702400000,13.188,13.25,13.101,13.23,18092.0
1751716800000,13.234,13.239,13.114,13.121,34133.3
1751731200000,13.122,13.154,12.99,13.105,31178.8
1751745600000,13.105,13.263,13.096,13.221,30309.5
1751760000000,13.226,13.228,13.146,13.197,40800.2
1751774400000,13.196,13.251,13.147,13.152,15292.6
1751788800000,13.153,13.202,13.098,13.202,11547.3
1751803200000,13.202,13.486,13.167,13.429,42986.8
1751817600000,13.43,13.487,13.289,13.383,48999.9
1751832000000,13.382,13.693,13.376,13.482,133542.6
1751846400000,13.482,13.661,13.412,13.549,54598.3
1751860800000,13.552,13.725,13.501,13.624,87922.0
1751875200000,13.624,13.662,13.525,13.581,34992.6
1751889600000,13.579,13.682,13.449,13.533,74124.9
1751904000000,13.533,13.584,13.313,13.435,66504.7
1751918400000,13.436,13.436,13.242,13.427,32046.9
1751932800000,13.428,13.469,13.197,13.24,60542.8
1751947200000,13.239,13.355,13.199,13.352,12695.5
1751961600000,13.352,13.522,13.251,13.5,28513.6
1751976000000,13.501,13.669,13.407,13.486,100422.4
1751990400000,13.5,13.939,13.451,13.918,153071.1
1752004800000,13.917,13.991,13.786,13.967,94396.4
1752019200000,13.97,13.977,13.831,13.84,41738.4
1752033600000,13.838,14.216,13.813,14.142,170534.1
1752048000000,14.15,14.19,13.978,14.033,180351.9
1752062400000,14.031,14.181,13.91,14.015,220983.0
1752076800000,14.012,14.362,13.926,14.29,527425.7
1752091200000,14.295,14.383,14.104,14.247,611117.3
1752105600000,14.246,14.38,14.152,14.314,83085.3
1752120000000,14.313,14.476,14.232,14.395,238669.1
1752134400000,14.394,14.475,14.302,14.32,73609.9
1752148800000,14.308,14.402,14.222,14.343,77706.3
1752163200000,14.343,14.731,14.327,14.658,300847.3
1752177600000,14.656,15.341,14.649,15.247,358863.8
1752192000000,15.24,15.434,15.014,15.368,257437.2
1752206400000,15.368,15.608,15.233,15.272,316624.5
1752220800000,15.272,15.606,15.247,15.44,131092.8
1752235200000,15.448,15.872,15.424,15.471,308939.5
1752249600000,15.5,15.846,15.445,15.8,172924.8
1752264000000,15.806,15.82,15.031,15.296,137845.4
1752278400000,15.289,15.48,15.056,15.371,85912.4
1752292800000,15.373,15.391,15.114,15.259,44394.2
1752307200000,15.25,15.408,15.224,15.266,59162.5
1752321600000,15.267,15.3,14.721,14.836,261901.3
1752336000000,14.837,15.089,14.77,15.046,139148.5
1752350400000,15.053,15.136,14.865,15.104,64951.8
1752364800000,15.108,15.204,15.054,15.133,62637.7
1752379200000,15.141,15.368,15.101,15.36,23251.5
1752393600000,15.36,15.414,15.262,15.413,53766.4
1752408000000,15.408,15.95,15.367,15.704,256950.1
1752422400000,15.705,15.931,15.555,15.789,368821.0
1752436800000,15.795,15.912,15.482,15.658,180143.1
1752451200000,15.661,16.299,15.627,16.172,342197.6
1752465600000,16.171,16.315,15.963,16.177,210635.7
1752480000000,16.176,16.337,15.95,16.26,272246.3
1752494400000,16.26,16.481,15.832,15.981,576105.1
1752508800000,15.978,16.171,15.7,15.766,198481.3
1752523200000,15.767,15.879,15.577,15.77,120233.5
1752537600000,15.767,15.895,15.19,15.279,202216.7
1752552000000,15.279,15.527,15.165,15.42,65062.1
1752566400000,15.421,15.539,15.289,15.388,46749.3
1752580800000,15.387,15.735,15.185,15.582,261032.0
1752595200000,15.587,16.229,15.585,15.627,586663.2
1752609600000,15.631,16.186,15.587,16.121,388384.6
1752624000000,16.12,16.238,15.868,15.943,287409.7
1752638400000,15.944,16.409,15.828,16.331,125334.0
1752652800000,16.33,16.626,16.33,16.411,133267.9
1752667200000,16.412,16.855,16.405,16.622,338213.1
1752681600000,16.615,17.053,16.598,16.892,253762.2
1752696000000,16.894,17.051,16.617,16.689,254957.3
1752710400000,16.684,16.877,16.338,16.44,209535.1
1752724800000,16.44,17.026,16.38,16.995,177299.2
1752739200000,17.003,17.295,16.893,17.095,209546.4
1752753600000,17.109,17.328,16.822,17.163,252949.0
1752768000000,17.162,17.35,16.791,17.073,452580.1
1752782400000,17.079,18.131,16.841,18.022,1078668.0
1752796800000,18.022,18.798,17.883,18.766,683967.7
1752811200000,18.775,19.187,18.528,18.535,802409.2
1752825600000,18.535,18.827,18.254,18.368,522800.0
1752840000000,18.377,18.751,17.747,17.94,617928.1
1752854400000,17.934,18.17,17.651,17.734,309950.1
1752868800000,17.741,17.923,17.316,17.843,449884.0
1752883200000,17.84,18.25,17.548,18.206,343047.3
1752897600000,18.218,18.36,17.936,17.97,106736.6
1752912000000,17.971,18.026,17.683,17.726,205307.3
1752926400000,17.727,17.969,17.579,17.93,198950.8
1752940800000,17.945,18.527,17.869,18.378,298896.0
1752955200000,18.378,18.558,18.134,18.412,172653.5
1752969600000,18.41,18.848,18.346,18.688,498704.5
1752984000000,18.687,18.987,18.527,18.828,215972.0
1752998400000,18.834,19.67,18.834,19.414,500516.4
1753012800000,19.414,19.976,19.207,19.728,563383.8
1753027200000,19.745,19.809,19.224,19.451,461383.4
1753041600000,19.477,19.525,18.884,19.296,378095.0
1753056000000,19.296,19.624,19.015,19.595,401403.1
1753070400000,19.595,19.968,19.41,19.776,307191.5
1753084800000,19.781,20.308,19.612,20.085,375528.3
1753099200000,20.086,20.274,19.718,19.822,619199.3
1753113600000,19.826,19.861,19.174,19.286,574991.2
1753128000000,19.273,19.636,19.205,19.513,136085.3
1753142400000,19.517,20.001,19.036,19.55,232040.1
1753156800000,19.571,19.577,18.852,19.073,488371.3
1753171200000,19.072,19.342,18.648,19.239,176255.7
1753185600000,19.246,19.494,18.774,19.367,264424.9
1753200000000,19.364,19.581,18.984,19.062,116205.3
1753214400000,19.063,19.706,19.022,19.689,425378.7
1753228800000,19.687,19.785,19.433,19.485,212077.5
1753243200000,19.488,19.732,19.024,19.156,130316.0
1753257600000,19.147,19.265,18.792,18.928,78829.2
1753272000000,18.922,18.958,17.858,18.508,631270.7
1753286400000,18.507,18.507,17.712,17.991,480192.0
1753300800000,17.988,18.3,17.565,18.181,367752.6
1753315200000,18.185,18.463,18.073,18.254,167182.6
1753329600000,18.239,18.317,17.103,17.74,418796.3
1753344000000,17.723,18.151,17.585,18.085,98451.3
1753358400000,18.076,18.686,17.782,18.471,231630.5
1753372800000,18.471,18.593,18.1,18.338,119539.1
1753387200000,18.343,18.429,17.853,17.899,69975.0
1753401600000,17.909,17.909,17.264,17.489,285109.9
1753416000000,17.493,17.698,17.3,17.497,124880.2
1753430400000,17.494,18.428,17.468,18.33,251953.6
1753444800000,18.325,18.498,17.412,17.61,218335.1
1753459200000,17.611,17.877,17.446,17.726,74163.9
1753473600000,17.727,18.423,17.686,18.298,239473.6
1753488000000,18.296,18.464,18.19,18.386,206309.4
1753502400000,18.373,18.426,18.223,18.247,45640.6
1753516800000,18.242,18.509,18.242,18.277,110406.7
1753531200000,18.285,18.461,18.193,18.413,101460.6
1753545600000,18.414,18.604,18.24,18.579,65649.3
1753560000000,18.585,18.652,18.353,18.419,151213.4
1753574400000,18.416,18.78,18.372,18.708,126654.5
1753588800000,18.709,19.082,18.679,18.774,86229.8
1753603200000,18.794,19.0,18.566,18.757,167185.6
1753617600000,18.769,18.961,18.659,18.868,82576.6
1753632000000,18.865,19.13,18.864,19.014,198653.4
1753646400000,19.021,19.31,18.916,19.246,113359.9
1753660800000,19.254,19.423,18.938,19.149,167770.1
1753675200000,19.145,19.577,19.041,19.315,299835.2
1753689600000,19.303,19.359,18.961,19.097,192429.5
1753704000000,19.102,19.135,18.29,18.397,437785.1
1753718400000,18.401,18.517,18.093,18.233,148629.4
1753732800000,18.237,18.279,17.976,18.125,109067.2
1753747200000,18.12,18.3,17.881,18.265,92676.0
1753761600000,18.278,18.606,18.108,18.603,112961.1
1753776000000,18.603,18.637,18.006,18.149,80891.0
1753790400000,18.149,18.355,17.623,17.704,332863.5
1753804800000,17.703,17.932,17.5,17.704,322778.2
1753819200000,17.711,17.899,17.56,17.845,86115.4
1753833600000,17.835,17.953,17.632,17.848,47663.5
1753848000000,17.841,17.891,17.627,17.708,39065.7
1753862400000,17.71,17.816,17.234,17.309,131919.4
1753876800000,17.308,17.72,17.211,17.582,147492.7
1753891200000,17.593,17.792,16.798,17.473,349883.1
1753905600000,17.467,17.779,17.353,17.707,195301.1
1753920000000,17.709,18.093,17.65,18.036,149012.8
1753934400000,18.066,18.121,17.955,18.035,107908.9
1753948800000,18.039,18.238,17.929,17.978,179676.3
1753963200000,17.989,17.999,17.322,17.536,288200.2
1753977600000,17.523,17.857,17.186,17.233,270975.7
1753992000000,17.224,17.288,16.843,16.929,228934.2
1754006400000,16.921,17.034,16.448,16.864,328461.7
1754020800000,16.862,16.862,16.493,16.639,91824.2
1754035200000,16.625,16.626,16.282,16.607,180756.5
1754049600000,16.601,16.79,16.164,16.63,430339.9
1754064000000,16.634,16.754,16.148,16.38,402767.3
1754078400000,16.374,16.421,15.673,16.08,256792.6
1754092800000,16.068,16.241,16.039,16.195,41652.4
1754107200000,16.191,16.246,15.781,16.143,45015.1
1754121600000,16.137,16.166,15.837,16.03,48110.1
1754136000000,16.02,16.09,15.734,15.77,78491.5
1754150400000,15.777,15.921,15.427,15.58,261095.9
1754164800000,15.573,15.793,15.512,15.637,61527.9
1754179200000,15.635,15.919,15.438,15.9,39761.2
1754193600000,15.886,16.019,15.822,16.005,29051.0
1754208000000,16.006,16.229,15.995,16.157,42262.7
1754222400000,16.157,16.226,16.084,16.226,72126.3
1754236800000,16.226,16.335,16.181,16.265,85904.5
1754251200000,16.266,16.388,16.203,16.288,56544.9
1754265600000,16.291,16.652,16.275,16.572,57622.0
1754280000000,16.583,16.66,16.434,16.628,19780.4
1754294400000,16.638,16.739,16.547,16.591,98948.0
1754308800000,16.592,16.945,16.539,16.921,183017.0
1754323200000,16.918,17.203,16.81,16.85,166225.8
1754337600000,16.842,17.16,16.821,17.109,59227.7
1754352000000,17.102,17.121,16.766,16.784,53674.6
1754366400000,16.78,16.904,16.443,16.503,62695.8
1754380800000,16.496,16.977,16.454,16.87,161440.2
1754395200000,16.872,16.89,16.16,16.256,365867.9
1754409600000,16.254,16.433,16.207,16.258,119490.4
1754424000000,16.267,16.419,16.051,16.382,50330.6
1754438400000,16.381,16.381,16.051,16.088,34102.0
1754452800000,16.093,16.518,16.035,16.506,30260.5
1754467200000,16.51,16.523,16.32,16.394,81065.1
1754481600000,16.406,16.795,16.215,16.784,94948.0
1754496000000,16.774,16.904,16.61,16.78,69938.5
1754510400000,16.781,16.789,16.666,16.671,26235.5
1754524800000,16.671,16.81,16.574,16.599,70707.9
1754539200000,16.597,16.843,16.593,16.816,23506.4
1754553600000,16.831,17.413,16.81,17.352,90749.8
1754568000000,17.352,18.106,17.309,17.846,1474190.8999999999
1754582400000,17.843,18.3,17.639,18.3,465071.8
1754596800000,18.3,18.507,18.187,18.482,497653.8
1754611200000,18.482,19.229,18.0,19.226,1436916.3999999999
1754625600000,19.225,19.445,18.773,19.35,548761.0
1754640000000,19.345,19.535,19.155,19.518,622406.3
1754654400000,19.515,19.948,19.076,19.221,927305.2
1754668800000,19.217,19.766,19.093,19.76,615290.3
1754683200000,19.77,19.995,19.548,19.91,592854.4
1754697600000,19.902,20.976,19.8,20.891,1012780.5
1754712000000,20.886,21.48,20.7,20.811,837248.7
1754726400000,20.828,21.218,20.751,20.902,499331.2
1754740800000,20.903,21.44,20.858,21.083,516669.7
1754755200000,21.088,21.474,21.085,21.26,475135.7
1754769600000,21.26,22.034,21.146,21.971,1093775.3
1754784000000,21.965,22.256,21.261,21.508,974579.3
1754798400000,21.508,22.736,21.406,21.904,1404972.0
1754812800000,21.906,22.32,21.558,21.59,850606.6
1754827200000,21.598,22.583,21.167,22.525,1354457.3
1754841600000,22.525,22.725,22.035,22.162,1068354.0
1754856000000,22.16,22.27,21.804,22.083,870214.9
1754870400000,22.087,22.462,21.786,22.348,1512295.8999999999
1754884800000,22.348,22.643,21.901,21.965,866453.6
1754899200000,21.971,22.081,21.19,21.284,1155724.1000000001
1754913600000,21.284,22.107,21.199,21.976,1316584.3999999999
1754928000000,21.975,22.266,21.248,21.38,766992.4
1754942400000,21.385,21.439,20.827,21.075,976794.3
1754956800000,21.074,21.741,21.057,21.462,580889.7
1754971200000,21.467,21.751,21.338,21.489,316734.5
1754985600000,21.494,21.667,20.984,21.305,508147.4
1755000000000,21.301,24.133,21.297,24.055,3441337.7000000002
1755014400000,24.047,24.219,23.172,23.445,1888574.8999999999
1755028800000,23.439,23.733,23.115,23.636,1716129.3
1755043200000,23.636,24.606,23.304,24.571,2043735.6000000001
1755057600000,24.566,24.771,23.251,23.425,1466737.5
1755072000000,23.422,24.409,23.345,24.204,1211697.8
1755086400000,24.193,24.234,23.374,23.633,2159139.7000000002
1755100800000,23.628,23.974,23.506,23.793,1312446.5
1755115200000,23.801,24.205,23.61,24.005,1239344.6000000001
1755129600000,24.006,24.349,23.795,24.282,1217206.0
1755144000000,24.284,24.306,23.43,23.548,1212080.3
1755158400000,23.553,23.828,23.224,23.364,1020291.9
1755172800000,23.361,23.591,21.008,22.772,4550856.0
1755187200000,22.771,22.797,22.086,22.412,1199548.7
1755201600000,22.401,22.562,21.838,22.459,897128.6
1755216000000,22.453,22.88,22.165,22.795,633565.0
1755230400000,22.797,23.049,22.449,22.576,696311.2
1755244800000,22.574,22.672,22.138,22.19,644095.6
1755259200000,22.185,22.603,21.429,21.587,1683817.2
1755273600000,21.58,21.89,21.349,21.442,801352.4
1755288000000,21.442,22.027,21.358,21.747,396237.3
1755302400000,21.741,22.129,21.683,21.797,204982.8
1755316800000,21.805,22.151,21.509,22.048,117310.3
1755331200000,22.053,22.179,21.43,21.439,292847.7
1755345600000,21.457,22.123,21.41,22.005,248854.4
1755360000000,21.991,22.894,21.943,22.69,623250.4
1755374400000,22.69,22.966,22.556,22.631,400087.5
1755388800000,22.628,23.413,22.369,23.386,389990.9
1755403200000,23.387,24.556,23.38,24.281,1471261.0
1755417600000,24.288,24.83,24.18,24.689,838827.1
1755432000000,24.691,26.32,24.419,26.313,1746047.6000000001
1755446400000,26.31,26.344,25.339,25.455,1408557.1000000001
1755460800000,25.455,25.937,25.402,25.654,930762.7
1755475200000,25.646,26.222,24.561,25.093,2307304.7999999998
1755489600000,25.09,25.116,24.274,24.716,1246246.0
1755504000000,24.707,25.3,24.368,24.551,1148656.6000000001
1755518400000,24.54,25.938,24.472,25.397,2623106.3999999999
1755532800000,25.361,25.95,24.806,25.523,1573401.8
1755547200000,25.531,26.748,25.129,25.792,2243767.8999999999
1755561600000,25.792,25.819,24.054,24.198,2253399.2000000002
1755576000000,24.197,24.645,23.9,24.288,955122.4
1755590400000,24.302,24.936,24.089,24.701,547867.4
1755604800000,24.691,24.952,23.842,24.269,1673317.0
1755619200000,24.278,24.511,23.45,23.879,1478894.2
1755633600000,23.88,24.065,23.461,23.559,1040363.4
1755648000000,23.56,24.42,23.368,24.012,1628518.1000000001
1755662400000,24.019,24.866,24.006,24.436,1160795.6000000001
1755676800000,24.436,25.302,24.363,24.964,1791583.0
1755691200000,24.964,26.469,24.586,25.966,3410678.8999999999
1755705600000,25.962,26.386,25.441,26.178,2019121.2
1755720000000,26.172,26.921,26.052,26.479,2173966.6000000001
1755734400000,26.477,26.615,25.795,25.811,1192141.8999999999
1755748800000,25.811,25.871,25.489,25.712,715796.6
1755763200000,25.716,26.379,25.616,26.117,777956.0
1755777600000,26.109,26.239,24.987,25.073,2423632.7000000002
1755792000000,25.074,25.257,24.673,24.917,1494251.3
1755806400000,24.931,25.163,24.633,24.818,721679.6
1755820800000,24.815,25.239,24.526,24.681,1032401.2
1755835200000,24.684,25.2,24.635,25.039,647451.9
1755849600000,25.044,25.299,24.242,24.307,768916.0
1755864000000,24.308,26.781,24.092,26.488,4491298.0
1755878400000,26.482,27.885,26.481,27.236,3172021.7999999998
1755892800000,27.213,27.368,26.661,26.835,1258511.0
1755907200000,26.829,26.859,25.88,25.976,1125071.8
1755921600000,25.971,26.267,25.75,25.884,630261.3
1755936000000,25.886,26.03,25.611,25.68,393804.8
1755950400000,25.677,26.221,25.554,26.038,949266.7
1755964800000,26.033,26.249,25.866,26.159,411469.4
1755979200000,26.159,26.412,26.013,26.315,619349.9
1755993600000,26.31,26.356,25.737,25.944,776418.9
1756008000000,25.947,25.987,25.568,25.624,329639.5
1756022400000,25.623,25.781,25.3,25.499,470383.7
1756036800000,25.494,25.895,25.476,25.588,423018.4
1756051200000,25.588,26.678,25.22,26.129,2875410.1000000001
1756065600000,26.124,26.297,25.429,25.857,2007454.8
1756080000000,25.847,26.485,25.35,25.966,1307609.8
1756094400000,25.961,26.434,24.805,24.991,1202923.1000000001
1756108800000,24.986,25.185,24.342,24.614,1426274.3
1756123200000,24.603,24.706,24.251,24.422,1442818.7
1756137600000,24.423,24.815,23.602,23.653,1862425.5
1756152000000,23.65,23.843,23.072,23.381,2347549.2999999998
1756166400000,23.378,23.622,23.058,23.15,755594.0
1756180800000,23.15,23.481,22.863,23.14,747172.6
1756195200000,23.135,23.751,22.891,23.541,516473.5
1756209600000,23.542,24.519,23.378,24.173,1462257.3999999999
1756224000000,24.161,24.449,23.933,24.349,585882.3
1756238400000,24.343,24.745,24.202,24.378,849921.1
1756252800000,24.377,24.533,24.0,24.337,826352.6
1756267200000,24.337,24.684,24.0,24.138,477979.5
1756281600000,24.158,24.649,23.958,24.355,370922.3
1756296000000,24.362,24.66,24.069,24.283,532777.0
1756310400000,24.29,24.586,24.036,24.187,490728.1
1756324800000,24.18,24.469,23.567,23.763,1176421.1000000001
1756339200000,23.766,23.944,23.557,23.907,327267.3
1756353600000,23.908,24.364,23.806,24.21,374849.5
1756368000000,24.214,24.451,23.592,23.884,291268.0
1756382400000,23.874,26.066,23.782,24.785,4997876.0999999996
1756396800000,24.78,25.271,24.457,24.473,1664006.8999999999
1756411200000,24.469,25.416,24.401,25.18,805285.9
1756425600000,25.172,25.22,24.115,24.229,839381.6
1756440000000,24.217,24.271,23.48,23.525,583508.2
1756454400000,23.531,23.573,23.228,23.428,313536.6
1756468800000,23.43,24.096,23.124,23.438,733408.4
1756483200000,23.44,23.597,23.108,23.335,444692.4
1756497600000,23.348,23.502,23.103,23.41,451505.7
1756512000000,23.415,23.5,22.809,23.233,402155.6
1756526400000,23.233,23.51,23.16,23.362,151467.0
1756540800000,23.363,23.482,23.193,23.383,165413.2
1756555200000,23.385,23.435,22.95,23.404,142468.9
1756569600000,23.397,23.44,23.271,23.352,57348.0
1756584000000,23.352,23.499,23.257,23.489,75221.7
1756598400000,23.49,23.883,23.402,23.864,160575.7
1756612800000,23.88,23.935,23.637,23.712,98231.9
1756627200000,23.71,23.879,23.557,23.798,75009.8
1756641600000,23.794,24.05,23.609,23.771,462143.5
1756656000000,23.781,23.868,23.604,23.649,218984.5
1756670400000,23.65,23.734,23.186,23.206,214228.5
1756684800000,23.201,23.371,22.933,23.066,187544.7
1756699200000,23.048,23.64,22.704,23.596,174317.5
1756713600000,23.6,23.858,23.157,23.217,309399.0
1756728000000,23.217,23.35,22.727,22.797,302178.4
1756742400000,22.795,22.847,22.534,22.817,194503.6
1756756800000,22.819,22.827,22.07,22.503,461650.7
1756771200000,22.504,23.222,22.343,23.138,328364.9
1756785600000,23.137,23.509,23.093,23.236,170513.0
1756800000000,23.233,23.449,23.074,23.104,111848.2
1756814400000,23.102,23.533,22.652,22.845,539753.1
1756828800000,22.85,23.161,22.796,23.048,232683.5
1756843200000,23.06,23.605,23.012,23.494,200723.9
1756857600000,23.494,23.613,23.226,23.416,67867.5
1756872000000,23.413,23.503,23.218,23.286,37643.3
1756886400000,23.279,23.619,23.232,23.491,73632.1
1756900800000,23.502,23.837,23.373,23.815,285107.9
1756915200000,23.821,23.918,23.621,23.857,217180.9
1756929600000,23.847,23.856,23.67,23.694,105167.0
1756944000000,23.695,23.957,23.492,23.534,131896.0
1756958400000,23.539,23.564,23.142,23.287,120394.6
1756972800000,23.284,23.429,23.191,23.282,98073.3
1756987200000,23.293,23.397,22.462,22.472,431514.7
1757001600000,22.469,22.544,22.192,22.267,168723.1
1757016000000,22.263,22.636,22.234,22.309,197563.6
1757030400000,22.305,22.501,22.26,22.495,68267.6
1757044800000,22.489,23.101,22.396,23.074,110239.1
1757059200000,23.072,23.077,22.673,22.835,80452.7
1757073600000,22.835,23.246,22.089,22.226,830815.1
1757088000000,22.231,22.482,22.041,22.482,374353.2
1757102400000,22.479,22.552,22.236,22.293,137096.5
1757116800000,22.286,22.517,22.258,22.418,43209.7
1757131200000,22.406,22.413,22.142,22.209,50434.7
1757145600000,22.217,22.283,22.074,22.275,73689.4
1757160000000,22.274,22.331,22.043,22.066,138379.6
1757174400000,22.063,22.289,21.865,21.909,164351.2
1757188800000,21.899,22.289,21.884,22.2,160882.1
1757203200000,22.197,22.442,22.184,22.371,33865.8
1757217600000,22.388,22.464,22.246,22.298,26585.2
1757232000000,22.3,22.461,22.131,22.377,109041.2
1757246400000,22.368,22.46,22.221,22.412,86285.4
1757260800000,22.408,22.409,22.116,22.209,31008.7
1757275200000,22.208,22.608,22.167,22.465,145107.0
1757289600000,22.46,22.802,22.238,22.58,90935.4
1757304000000,22.6,22.624,22.337,22.408,163786.1
1757318400000,22.411,23.219,22.37,22.999,1466506.3999999999
1757332800000,23.012,23.343,22.914,23.228,483353.8
1757347200000,23.225,23.315,22.927,23.001,224497.3
1757361600000,23.01,23.217,22.867,23.069,270862.8
1757376000000,23.064,23.337,22.876,23.207,645009.8
1757390400000,23.197,23.789,23.099,23.693,499425.0
1757404800000,23.698,23.848,23.533,23.545,176985.5
1757419200000,23.546,23.783,22.846,22.947,663339.9
1757433600000,22.943,23.125,22.868,23.094,171803.5
1757448000000,23.086,23.219,22.969,23.062,134718.2
1757462400000,23.071,23.44,22.899,23.412,220710.1
1757476800000,23.404,23.68,23.084,23.456,947803.4
1757491200000,23.455,23.537,23.297,23.37,123968.3
1757505600000,23.371,23.941,23.355,23.68,1106428.2
1757520000000,23.684,23.697,23.202,23.325,133255.6
1757534400000,23.324,23.636,23.306,23.584,135039.4
1757548800000,23.581,23.859,23.44,23.812,190045.2
1757563200000,23.815,23.904,23.654,23.842,169060.4
1757577600000,23.837,23.859,23.698,23.77,88884.8
1757592000000,23.776,24.273,23.2,23.517,852419.0
1757606400000,23.521,23.997,23.521,23.936,236025.8
1757620800000,23.952,24.512,23.892,24.479,451442.4
1757635200000,24.475,24.771,24.343,24.695,429048.6
1757649600000,24.697,24.85,24.537,24.548,204590.3
1757664000000,24.548,24.557,24.301,24.328,147132.2
1757678400000,24.33,24.691,24.168,24.493,435424.2
1757692800000,24.495,25.166,24.439,25.149,1050623.3999999999
1757707200000,25.141,25.344,24.924,25.143,1078711.3999999999
1757721600000,25.142,25.3,24.941,25.25,347780.3
1757736000000,25.25,25.25,25.024,25.19,118171.9
1757750400000,25.19,25.65,25.136,25.31,273930.9
1757764800000,25.309,25.42,24.74,24.844,283235.3
1757779200000,24.839,24.938,24.454,24.779,635569.3
1757793600000,24.779,25.0,24.775,24.905,276058.8
1757808000000,24.9,25.029,24.644,24.685,152159.4
1757822400000,24.685,24.905,24.484,24.626,153195.5
1757836800000,24.619,24.785,24.344,24.344,104243.7
1757851200000,24.372,24.501,23.851,24.059,307133.3
1757865600000,24.047,24.273,24.013,24.168,153338.7
1757880000000,24.161,24.405,24.052,24.101,77243.2
1757894400000,24.1,24.322,23.911,24.279,141691.4
1757908800000,24.278,24.446,23.751,23.856,187294.2
1757923200000,23.862,23.862,23.198,23.426,377167.2
1757937600000,23.425,23.45,22.991,23.169,261803.1
1757952000000,23.164,23.408,22.975,23.355,94354.5
1757966400000,23.353,23.868,23.332,23.563,140258.4
1757980800000,23.562,23.631,23.367,23.381,43274.2
1757995200000,23.372,23.577,23.17,23.467,82300.2
1758009600000,23.488,23.753,23.488,23.619,55973.3
1758024000000,23.62,23.697,23.088,23.455,223014.0
1758038400000,23.454,23.736,23.256,23.567,86373.8
1758052800000,23.578,23.74,23.454,23.482,59458.9
1758067200000,23.479,23.621,23.285,23.293,132672.4
1758081600000,23.305,23.612,23.188,23.558,91319.8
1758096000000,23.564,23.564,23.055,23.081,103378.8
1758110400000,23.077,23.099,22.757,22.964,353731.9
1758124800000,22.958,23.491,22.777,23.453,562558.3
1758139200000,23.458,24.247,23.243,24.001,293916.9
1758153600000,24.0,24.193,23.84,24.132,218362.0
1758168000000,24.144,24.169,23.698,23.978,85480.9
1758182400000,23.977,24.437,23.925,24.212,456436.6
1758196800000,24.218,24.51,24.07,24.469,355520.5
1758211200000,24.475,24.614,24.352,24.496,148349.1
1758225600000,24.498,24.757,24.465,24.649,127420.6
1758240000000,24.638,24.905,24.429,24.488,194614.6
1758254400000,24.487,24.865,24.245,24.758,694048.1
1758268800000,24.758,24.866,23.814,23.861,454139.8
1758283200000,23.86,23.99,23.342,23.614,366419.7
1758297600000,23.602,23.714,23.271,23.405,131424.0
1758312000000,23.389,23.684,23.389,23.489,178299.3
1758326400000,23.479,23.66,23.35,23.423,72617.7
1758340800000,23.433,23.587,23.377,23.51,25972.3
1758355200000,23.502,23.503,23.148,23.306,80464.2
1758369600000,23.304,23.59,23.092,23.413,73390.0
1758384000000,23.431,23.502,23.242,23.303,70415.6
1758398400000,23.299,23.463,23.281,23.341,34782.2
1758412800000,23.341,23.434,23.247,23.365,21398.6
1758427200000,23.386,23.492,23.287,23.369,54062.4
1758441600000,23.37,23.417,23.031,23.117,274027.3
1758456000000,23.107,23.267,23.042,23.086,143624.8
1758470400000,23.085,23.197,22.893,23.167,260948.7
1758484800000,23.17,23.183,22.914,22.948,58174.6
1758499200000,22.947,23.05,21.886,22.168,422025.9
1758513600000,22.17,22.233,20.142,21.267,953569.6
1758528000000,21.272,21.388,21.05,21.189,170601.6
1758542400000,21.192,21.6,21.153,21.191,162450.5
1758556800000,21.196,21.343,21.118,21.167,127715.0
1758571200000,21.164,21.671,21.141,21.647,95103.8
1758585600000,21.646,21.753,21.17,21.561,170677.6
1758600000000,21.562,21.874,21.344,21.787,86053.7
1758614400000,21.788,21.864,21.682,21.782,41635.0
1758628800000,21.774,22.041,21.707,21.849,84163.6
1758643200000,21.852,21.983,21.527,21.575,119695.6
1758657600000,21.56,21.809,21.474,21.503,80563.4
1758672000000,21.51,21.681,21.18,21.276,98757.2
1758686400000,21.275,21.787,20.966,21.699,280980.6
1758700800000,21.717,21.878,21.627,21.785,79092.4
1758715200000,21.778,21.957,21.557,21.755,112038.7
1758729600000,21.765,21.964,21.72,21.824,81629.4
1758744000000,21.829,21.844,21.552,21.609,40374.1
1758758400000,21.608,21.656,21.135,21.292,148850.2
1758772800000,21.284,21.353,20.9,20.957,177243.5
1758787200000,20.965,21.146,20.716,20.745,92454.9
1758801600000,20.736,21.141,20.396,20.869,383483.2
1758816000000,20.872,20.901,19.814,20.385,565491.7
1758830400000,20.393,20.532,19.982,20.125,133429.3
1758844800000,20.139,20.595,20.094,20.533,103402.1
1758859200000,20.544,20.621,20.213,20.349,160631.9
1758873600000,20.352,20.53,19.923,20.171,299245.4
1758888000000,20.161,20.646,19.988,20.585,202476.7
1758902400000,20.58,21.231,20.569,20.957,167269.5
1758916800000,20.965,21.115,20.884,21.059,46225.8
1758931200000,21.056,21.107,20.96,21.076,20119.0
1758945600000,21.069,21.138,20.9,20.942,22993.9
1758960000000,20.94,21.093,20.808,20.983,30536.5
1758974400000,20.986,21.043,20.844,20.945,17885.0
1758988800000,20.943,20.946,20.721,20.831,31228.9
1759003200000,20.837,21.085,20.81,20.908,29826.6
1759017600000,20.909,20.933,20.629,20.706,32482.8
1759032000000,20.706,20.803,20.633,20.729,15287.5
1759046400000,20.725,20.776,20.497,20.551,101455.2
1759060800000,20.555,20.981,20.423,20.974,58133.0
1759075200000,20.979,21.317,20.979,21.199,65845.1
1759089600000,21.203,21.712,21.176,21.67,154580.0
1759104000000,21.672,21.675,21.382,21.474,90890.7
1759118400000,21.479,21.48,21.139,21.248,48050.8
1759132800000,21.251,21.394,21.049,21.188,60951.5
1759147200000,21.188,21.682,20.901,21.373,215723.4
1759161600000,21.384,21.738,21.186,21.716,117524.1
1759176000000,21.713,21.891,21.673,21.732,169802.0
1759190400000,21.729,21.866,21.438,21.461,55867.2
1759204800000,21.465,21.675,21.344,21.407,53102.5
1759219200000,21.398,21.492,21.229,21.405,89318.0
1759233600000,21.392,21.49,20.948,21.083,271681.1
1759248000000,21.083,21.539,20.992,21.539,120280.9
1759262400000,21.535,21.677,21.282,21.305,95278.0
1759276800000,21.307,21.568,21.054,21.172,69711.2
1759291200000,21.166,21.382,21.127,21.334,25036.4
1759305600000,21.313,22.278,21.313,22.226,170053.0
1759320000000,22.226,22.477,22.111,22.356,205962.9
1759334400000,22.403,22.62,22.288,22.53,108381.4
1759348800000,22.528,22.597,22.246,22.566,93247.3
1759363200000,22.574,22.788,22.413,22.695,153530.9
1759377600000,22.688,22.852,22.569,22.575,210933.3
1759392000000,22.576,22.62,22.372,22.399,114583.6
1759406400000,22.4,22.563,21.922,22.43,288297.4
1759420800000,22.417,23.132,22.389,22.925,329910.6
1759435200000,22.948,22.969,22.653,22.784,115224.9
1759449600000,22.775,22.865,22.551,22.593,111523.8
1759464000000,22.595,22.693,22.301,22.4,155674.4
1759478400000,22.388,22.429,22.233,22.267,104210.1
1759492800000,22.267,22.746,22.1,22.739,231894.1
1759507200000,22.734,23.093,22.127,22.612,775325.9
1759521600000,22.63,22.733,22.508,22.51,196193.2
1759536000000,22.514,22.626,22.16,22.23,54438.5
1759550400000,22.222,22.297,22.062,22.084,62662.5
1759564800000,22.083,22.083,21.765,21.841,296977.3
1759579200000,21.84,22.173,21.786,21.848,264979.0
1759593600000,21.843,22.035,21.834,22.006,31307.0
1759608000000,22.017,22.144,22.004,22.034,41285.2
1759622400000,22.029,22.616,21.947,22.358,279142.3
1759636800000,22.355,22.854,22.338,22.824,99772.1
1759651200000,22.83,22.955,22.496,22.765,78388.9
1759665600000,22.758,22.77,22.405,22.48,76441.1
1759680000000,22.481,22.65,21.886,21.949,216888.0
1759694400000,21.948,22.145,21.89,21.998,81644.5
1759708800000,22.001,22.208,21.527,21.904,270083.6
1759723200000,21.898,22.166,21.747,21.932,61050.9
1759737600000,21.933,22.247,21.933,22.124,51841.5
1759752000000,22.128,22.997,22.128,22.851,371303.6
1759766400000,22.852,23.533,22.806,23.465,412813.0
1759780800000,23.45,23.61,23.275,23.378,314977.3
1759795200000,23.379,23.737,23.348,23.361,279438.0
1759809600000,23.347,23.674,22.85,22.863,322996.1
1759824000000,22.861,22.9,22.574,22.875,139242.3
1759838400000,22.871,23.094,21.863,22.014,594452.2
1759852800000,22.003,22.21,21.809,21.872,177093.4
1759867200000,21.884,22.184,21.743,21.812,154259.7
1759881600000,21.809,22.151,21.644,21.754,139963.1
1759896000000,21.757,21.974,21.639,21.917,177403.1
1759910400000,21.918,22.166,21.872,22.07,152458.7
1759924800000,22.068,22.349,21.85,22.001,158523.0
1759939200000,22.001,22.577,21.961,22.496,195857.2
1759953600000,22.498,22.676,22.4,22.641,248543.8
1759968000000,22.643,22.682,21.967,22.269,177950.0
1759982400000,22.268,22.49,21.943,21.97,31681.4
1759996800000,21.975,21.975,21.602,21.732,219371.5
1760011200000,21.735,22.036,21.327,21.511,147772.7
1760025600000,21.503,21.932,21.339,21.756,404659.3
1760040000000,21.744,22.147,21.716,22.01,77994.7
1760054400000,22.01,22.612,21.997,22.432,109128.7
1760068800000,22.42,22.633,22.27,22.313,81838.1
1760083200000,22.313,22.801,22.279,22.428,171785.2
1760097600000,22.417,22.799,21.229,21.38,600760.7
1760112000000,21.377,21.552,20.396,20.496,543531.0
1760126400000,20.503,20.694,7.615,17.296,4708023.4000000004
1760140800000,17.313,18.17,16.591,17.479,1361067.3999999999
1760155200000,17.479,17.854,17.325,17.729,507988.5
1760169600000,17.73,18.516,17.644,18.051,421072.8
1760184000000,18.047,18.118,17.391,17.968,389076.4
1760198400000,17.97,18.142,17.109,17.266,295222.2
1760212800000,17.259,17.31,16.598,17.188,441529.7
1760227200000,17.187,17.238,16.673,17.067,134921.2
1760241600000,17.069,17.503,17.032,17.39,126986.3
1760256000000,17.396,17.559,17.175,17.387,99813.6
1760270400000,17.384,18.801,17.225,18.782,530946.9
1760284800000,18.77,19.362,18.77,19.347,458165.9
1760299200000,19.353,19.411,18.802,18.98,586580.1
1760313600000,18.982,19.248,18.738,19.003,117032.6
1760328000000,19.024,19.669,18.92,19.514,271277.2
1760342400000,19.523,19.756,18.938,19.195,372962.3
1760356800000,19.184,19.83,19.077,19.729,339165.6
1760371200000,19.732,20.119,19.469,20.044,273791.1
1760385600000,20.045,20.184,19.82,19.836,175349.4
1760400000000,19.843,20.053,19.306,19.46,153100.5
1760414400000,19.46,19.525,18.294,18.543,367769.2
1760428800000,18.549,18.744,18.063,18.574,351037.7
1760443200000,18.567,19.039,18.139,19.038,164960.2
1760457600000,19.035,19.355,18.62,18.896,418840.4
1760472000000,18.879,19.153,18.8,19.088,86757.6
1760486400000,19.091,19.238,18.833,18.907,62039.5
1760500800000,18.912,19.135,18.825,18.864,66914.5
1760515200000,18.853,19.245,18.572,18.678,130369.5
1760529600000,18.674,18.719,18.026,18.119,174696.4
1760544000000,18.12,18.244,17.831,17.998,196575.3
1760558400000,18.034,18.113,17.715,18.038,126614.0
1760572800000,18.042,18.194,17.921,18.022,65591.3
1760587200000,18.026,18.196,17.912,18.029,39955.4
1760601600000,18.042,18.484,17.547,18.478,208823.4
1760616000000,18.481,18.604,17.594,17.65,278460.3
1760630400000,17.646,18.06,17.252,17.39,351524.8
1760644800000,17.388,17.461,17.097,17.41,128532.5
1760659200000,17.413,17.673,17.352,17.507,76065.9
1760673600000,17.503,17.521,16.18,16.199,524734.1
1760688000000,16.195,16.58,15.691,16.516,648930.3
1760702400000,16.525,16.704,16.155,16.625,640761.5
1760716800000,16.626,16.853,16.25,16.382,134632.4
1760731200000,16.386,16.759,16.334,16.594,430983.6
1760745600000,16.595,16.883,16.581,16.786,50034.5
1760760000000,16.788,16.991,16.569,16.702,74738.4
1760774400000,16.696,16.93,16.687,16.87,91990.9
1760788800000,16.868,16.959,16.615,16.78,78544.4
1760803200000,16.78,16.892,16.629,16.834,57331.4
1760817600000,16.837,16.947,16.746,16.804,29789.5
1760832000000,16.802,16.884,16.642,16.849,29448.2
1760846400000,16.85,16.904,16.66,16.791,37448.8
1760860800000,16.791,17.289,16.526,17.149,191906.1
1760875200000,17.152,17.528,17.025,17.396,114420.6
1760889600000,17.398,17.649,17.309,17.444,65834.2
1760904000000,17.446,17.536,17.236,17.273,47789.1
1760918400000,17.275,17.666,16.923,17.604,96127.0
1760932800000,17.605,18.941,17.572,18.613,448571.4
1760947200000,18.629,19.022,18.562,18.997,833761.0
1760961600000,18.996,19.177,18.746,18.761,248883.8
1760976000000,18.759,18.923,18.418,18.845,469810.6
1760990400000,18.847,18.946,18.606,18.652,98781.3
1761004800000,18.654,18.952,18.125,18.143,194514.2
1761019200000,18.139,18.15,17.664,18.049,245979.0
1761033600000,18.056,18.101,17.791,18.073,115239.2
1761048000000,18.057,18.972,17.822,18.788,418662.6
1761062400000,18.793,18.896,18.076,18.175,444073.5
1761076800000,18.178,18.21,17.534,17.58,328461.8
1761091200000,17.596,17.723,17.405,17.61,134699.5
1761105600000,17.615,17.83,17.43,17.614,316836.0
1761120000000,17.605,17.605,17.152,17.401,286186.9
1761134400000,17.402,17.592,17.146,17.467,228161.0
1761148800000,17.467,17.496,17.108,17.241,147197.7
1761163200000,17.245,17.269,16.736,17.192,271610.4
1761177600000,17.193,17.363,17.168,17.257,95905.5
1761192000000,17.262,17.67,17.246,17.563,80533.6
1761206400000,17.569,17.694,17.273,17.288,123682.6
1761220800000,17.29,17.546,17.091,17.402,197703.1
1761235200000,17.409,17.784,17.337,17.462,398651.1
1761249600000,17.466,17.466,17.19,17.426,90003.5
1761264000000,17.424,17.468,17.286,17.338,66038.1
1761278400000,17.338,17.73,17.301,17.632,103596.7
1761292800000,17.638,17.788,17.536,17.728,50959.9
1761307200000,17.729,18.062,17.447,17.555,230724.1
1761321600000,17.551,17.847,17.468,17.79,63363.1
1761336000000,17.782,17.985,17.771,17.892,58207.7
1761350400000,17.889,17.955,17.788,17.798,27213.9
1761364800000,17.8,18.003,17.8,17.875,223913.7
1761379200000,17.872,18.028,17.862,17.988,29180.6
1761393600000,17.989,18.079,17.938,17.987,46555.7
1761408000000,17.983,18.189,17.952,18.187,86015.7
1761422400000,18.188,18.229,17.981,18.014,74635.8
1761436800000,18.012,18.016,17.687,17.737,297292.3
1761451200000,17.737,17.864,17.723,17.853,37295.3
1761465600000,17.852,18.345,17.845,18.312,80529.9
1761480000000,18.321,18.478,18.233,18.343,107081.3
1761494400000,18.332,18.338,18.103,18.183,109808.1
1761508800000,18.18,18.694,18.064,18.539,148266.5
1761523200000,18.549,19.052,18.506,18.956,253691.8
1761537600000,18.964,19.065,18.704,18.834,166333.0
1761552000000,18.839,18.929,18.383,18.489,410914.3
1761566400000,18.504,18.516,18.175,18.408,153637.1
1761580800000,18.416,18.87,18.416,18.484,248152.4
1761595200000,18.494,18.497,18.095,18.211,221180.4
1761609600000,18.22,18.402,18.085,18.235,72942.8
1761624000000,18.232,18.517,18.025,18.322,98564.9
1761638400000,18.337,18.549,18.296,18.4,72708.0
1761652800000,18.394,18.825,18.128,18.389,419483.1
1761667200000,18.388,18.662,17.894,18.001,201172.7
1761681600000,17.996,17.996,17.435,17.827,417849.5
1761696000000,17.825,18.002,17.74,17.8,76384.4
1761710400000,17.802,17.979,17.773,17.922,67755.7
1761724800000,17.92,18.159,17.735,18.112,70710.1
1761739200000,18.116,18.311,17.895,18.015,191150.4
1761753600000,18.005,18.51,17.568,18.259,1189717.2
1761768000000,18.265,18.675,17.985,18.133,253719.8
1761782400000,18.14,18.312,18.014,18.162,134153.5
1761796800000,18.156,18.425,17.484,18.361,567618.1
1761811200000,18.365,18.381,17.65,17.662,158341.7
1761825600000,17.671,17.712,16.849,16.901,425059.3
1761840000000,16.895,16.999,16.349,16.386,249079.6
1761854400000,16.387,16.809,16.325,16.793,111590.8
1761868800000,16.793,17.086,16.736,16.938,228108.0
1761883200000,16.942,17.32,16.936,17.227,448153.6
1761897600000,17.227,17.348,17.16,17.335,481908.6
1761912000000,17.331,17.449,17.082,17.292,273871.0
1761926400000,17.282,17.371,16.773,17.307,223119.6
1761940800000,17.305,17.359,17.127,17.238,33778.8
1761955200000,17.241,17.325,17.056,17.316,60196.6
1761969600000,17.318,17.338,17.135,17.322,67499.3
1761984000000,17.33,17.439,17.251,17.356,36903.4
1761998400000,17.363,17.422,17.14,17.246,45747.7
1762012800000,17.26,17.328,17.035,17.238,47277.9
1762027200000,17.241,17.314,17.062,17.148,36853.0
1762041600000,17.148,17.209,17.047,17.155,39430.1
1762056000000,17.154,17.596,17.122,17.532,108792.1
1762070400000,17.535,17.637,17.244,17.584,76726.4
1762084800000,17.589,17.589,17.073,17.128,91396.1
1762099200000,17.136,17.28,16.992,17.042,53775.1
1762113600000,17.054,17.622,17.01,17.597,48128.5
1762128000000,17.588,17.654,16.336,16.361,241560.5
1762142400000,16.361,16.516,15.865,16.118,324457.0
1762156800000,16.118,16.237,15.8,16.062,230109.2
1762171200000,16.062,16.332,14.436,15.283,784143.1
1762185600000,15.29,15.848,15.242,15.331,318094.1
1762200000000,15.34,15.419,15.05,15.241,208057.6
1762214400000,15.237,15.497,15.106,15.422,128476.3
1762228800000,15.423,15.498,14.561,14.631,326329.2
1762243200000,14.624,15.251,14.516,15.053,229355.7
1762257600000,15.049,15.421,14.671,15.109,439257.7
1762272000000,15.119,15.228,14.134,14.283,926222.8
1762286400000,14.291,14.858,13.688,14.682,846373.5
1762300800000,14.681,14.9,13.986,14.844,196624.8
1762315200000,14.839,15.005,14.755,14.908,146381.9
1762329600000,14.901,14.901,14.541,14.826,101104.6
1762344000000,14.822,15.102,14.742,15.087,198375.7
1762358400000,15.091,15.392,14.914,15.26,359318.7
1762372800000,15.25,15.35,15.056,15.091,130920.6
1762387200000,15.084,15.204,14.846,15.121,101456.3
1762401600000,15.124,15.228,14.824,14.902,77352.7
1762416000000,14.889,14.987,14.759,14.923,182543.1
1762430400000,14.93,15.096,14.38,14.463,471675.7
1762444800000,14.465,14.775,14.244,14.735,320459.7
1762459200000,14.729,14.788,14.491,14.736,64862.1
1762473600000,14.739,15.019,14.574,14.968,65003.1
1762488000000,14.955,15.167,14.834,15.16,45366.5
1762502400000,15.16,15.18,14.507,14.686,93505.3
1762516800000,14.673,15.103,14.312,15.031,225963.3
1762531200000,15.026,16.221,14.95,16.065,740464.7
1762545600000,16.067,16.179,15.742,15.793,139775.6
1762560000000,15.795,16.021,15.619,15.759,139546.8
1762574400000,15.765,15.926,15.53,15.718,58929.1
1762588800000,15.717,15.915,15.607,15.691,107551.3
1762603200000,15.68,15.72,15.177,15.21,101211.2
1762617600000,15.21,15.445,15.127,15.379,45186.9
1762632000000,15.367,15.545,15.28,15.515,68756.6
1762646400000,15.518,15.52,15.019,15.094,76325.0
1762660800000,15.104,15.422,15.044,15.366,106792.5
1762675200000,15.365,15.487,15.079,15.435,90089.5
1762689600000,15.432,15.928,15.393,15.818,99113.5
1762704000000,15.818,16.09,15.719,16.083,222155.0
1762718400000,16.086,16.128,15.832,15.926,226535.4
1762732800000,15.918,16.31,15.787,16.241,214879.1
1762747200000,16.242,16.427,16.164,16.37,211180.3
1762761600000,16.365,16.658,16.201,16.526,274112.9
1762776000000,16.525,16.683,15.974,16.093,299242.8
1762790400000,16.093,16.287,15.938,16.166,78248.6
1762804800000,16.167,16.469,15.965,16.375,189807.2
1762819200000,16.376,16.802,16.183,16.652,205421.1
1762833600000,16.639,16.686,15.991,15.995,168645.7
1762848000000,15.987,16.23,15.972,16.191,129487.5
1762862400000,16.203,16.299,15.714,15.811,129114.3
1762876800000,15.807,15.879,15.589,15.634,108789.1
1762891200000,15.639,15.646,15.242,15.278,153686.7
1762905600000,15.283,15.457,15.184,15.377,79083.6
1762920000000,15.394,15.548,15.304,15.325,77031.2
1762934400000,15.332,16.164,15.332,16.101,233527.5
1762948800000,16.106,16.246,15.327,15.369,379999.5
1762963200000,15.366,15.416,14.918,15.085,237064.8
1762977600000,15.074,15.306,15.025,15.142,60058.3
1762992000000,15.142,15.655,15.072,15.547,173198.8
1763006400000,15.539,16.021,15.43,15.882,155018.2
1763020800000,15.876,15.946,15.648,15.739,64356.0
1763035200000,15.743,15.772,15.237,15.309,401720.9
1763049600000,15.305,15.36,14.195,14.274,450550.9
1763064000000,14.274,14.722,14.145,14.542,165607.7
1763078400000,14.541,14.588,14.348,14.426,83567.4
1763092800000,14.426,14.56,13.907,14.445,399432.9
1763107200000,14.443,14.446,14.111,14.19,164526.1
1763121600000,14.172,14.447,13.823,14.271,266244.5
1763136000000,14.286,14.49,14.056,14.294,226720.5
1763150400000,14.3,14.3,13.577,13.806,264398.1
1763164800000,13.803,14.284,13.791,14.197,90623.1
1763179200000,14.198,14.28,14.057,14.078,66873.5
1763193600000,14.079,14.103,13.826,14.014,99349.7
1763208000000,14.009,14.294,13.968,14.165,42320.8
1763222400000,14.165,14.328,14.059,14.209,50924.5
1763236800000,14.214,14.214,13.992,14.128,103953.2
1763251200000,14.127,14.253,13.852,14.176,59932.7
1763265600000,14.185,14.337,14.102,14.325,46735.9
1763280000000,14.331,14.514,14.031,14.056,141322.7
1763294400000,14.055,14.172,13.75,13.778,152535.5
1763308800000,13.779,13.879,13.394,13.622,213236.0
1763323200000,13.624,13.843,13.401,13.728,113391.6
1763337600000,13.73,13.99,13.578,13.972,48729.4
1763352000000,13.986,14.163,13.915,14.123,287977.0
1763366400000,14.121,14.206,14.024,14.159,52645.7
1763380800000,14.163,14.266,13.598,13.713,197743.1
1763395200000,13.712,13.787,13.094,13.215,253964.1
1763409600000,13.207,13.344,13.084,13.327,179904.3
1763424000000,13.326,13.511,13.056,13.458,124304.4
1763438400000,13.466,13.581,13.242,13.389,109975.5
1763452800000,13.393,13.588,13.376,13.492,106442.1
1763467200000,13.493,13.823,13.297,13.714,189437.8
1763481600000,13.715,13.99,13.685,13.911,88418.8
1763496000000,13.903,13.949,13.713,13.801,35563.0
1763510400000,13.799,13.84,13.465,13.504,132954.2
1763524800000,13.498,13.542,13.115,13.483,82529.1
1763539200000,13.478,13.554,13.332,13.392,55834.3
1763553600000,13.392,13.496,12.981,13.013,135285.8
1763568000000,13.011,13.124,12.772,12.874,229090.1
1763582400000,12.881,13.581,12.852,13.524,127554.8
1763596800000,13.525,13.707,13.462,13.65,85501.0
1763611200000,13.656,13.945,13.585,13.945,92318.2
1763625600000,13.946,14.0,13.58,13.713,97267.8
1763640000000,13.718,13.908,13.407,13.41,162338.2
1763654400000,13.415,13.443,12.77,12.996,350345.1
1763668800000,12.986,13.333,12.837,12.915,159120.6
1763683200000,12.934,13.204,12.787,12.868,107200.8
1763697600000,12.862,12.906,11.791,12.27,532469.8
1763712000000,12.269,12.421,11.848,11.886,230299.7
1763726400000,11.886,12.306,11.603,11.911,356487.9
1763740800000,11.907,12.357,11.725,12.116,280393.9
1763755200000,12.114,12.241,11.788,12.109,148118.4
1763769600000,12.11,12.242,12.03,12.103,80727.1
1763784000000,12.108,12.108,11.839,11.996,147208.8
1763798400000,11.989,12.02,11.75,11.963,165547.8
1763812800000,11.961,11.998,11.734,11.928,147696.0
1763827200000,11.915,12.089,11.907,11.99,113145.3
1763841600000,11.997,12.302,11.934,12.171,75874.9
1763856000000,12.169,12.466,12.109,12.456,45235.2
1763870400000,12.471,12.598,12.296,12.352,47812.5
1763884800000,12.363,12.597,12.36,12.505,84768.8
1763899200000,12.51,12.72,12.486,12.675,98713.9
1763913600000,12.676,12.74,12.444,12.626,61824.9
1763928000000,12.637,12.741,12.486,12.519,45242.0
1763942400000,12.513,12.833,12.347,12.685,91817.5
1763956800000,12.681,12.852,12.468,12.575,54662.0
1763971200000,12.57,12.643,12.357,12.491,57047.5
1763985600000,12.489,12.676,12.295,12.617,126751.6
1764000000000,12.617,13.197,12.601,12.986,144877.4
1764014400000,12.996,13.151,12.948,12.962,59759.1
1764028800000,12.966,13.029,12.864,12.897,61201.4
1764043200000,12.896,13.034,12.8,12.804,36618.4
1764057600000,12.812,12.87,12.654,12.766,37544.7
1764072000000,12.769,12.944,12.544,12.728,132743.2
1764086400000,12.723,13.133,12.722,12.965,141027.6
1764100800000,12.971,13.213,12.858,13.078,123406.7
1764115200000,13.081,13.158,12.932,12.932,75533.9
1764129600000,12.947,13.075,12.918,13.07,90046.4
1764144000000,13.066,13.076,12.806,12.838,41777.3
1764158400000,12.836,12.997,12.742,12.863,66529.6
1764172800000,12.869,13.502,12.869,13.459,113239.9
1764187200000,13.445,13.489,13.359,13.448,49423.4
1764201600000,13.446,13.563,13.356,13.368,130030.4
1764216000000,13.365,13.451,13.289,13.343,43895.0
1764230400000,13.346,13.427,13.268,13.335,39212.9
1764244800000,13.336,13.469,13.23,13.455,45275.2
1764259200000,13.458,13.531,13.393,13.463,30557.2
1764273600000,13.466,13.51,13.303,13.334,36368.4
1764288000000,13.331,13.382,13.146,13.283,50573.3
1764302400000,13.282,13.326,13.181,13.219,11643.1
1764316800000,13.216,13.539,13.216,13.308,56397.2
1764331200000,13.297,13.519,13.25,13.409,51980.9
1764345600000,13.415,13.415,13.038,13.205,47086.7
1764360000000,13.197,13.213,13.072,13.116,35050.2
1764374400000,13.119,13.204,13.049,13.07,16684.7
1764388800000,13.068,13.155,12.994,13.091,21555.5
1764403200000,13.09,13.159,13.026,13.15,26195.7
1764417600000,13.151,13.205,13.044,13.161,47084.1
1764432000000,13.166,13.166,12.905,13.015,60383.6
1764446400000,13.015,13.047,12.948,12.977,19179.5
1764460800000,12.977,13.119,12.938,13.099,21203.5
1764475200000,13.102,13.109,12.976,13.05,28375.4
1764489600000,13.049,13.103,12.995,13.001,22863.1
1764504000000,12.996,13.323,12.964,13.238,43388.5
1764518400000,13.245,13.413,13.24,13.304,44550.8
1764532800000,13.309,13.359,12.935,12.944,68284.7
1764547200000,12.942,12.974,12.102,12.144,271837.6
1764561600000,12.134,12.27,12.034,12.176,74950.1
1764576000000,12.179,12.207,12.108,12.11,50987.8
1764590400000,12.115,12.201,11.816,11.996,213087.7
1764604800000,11.999,11.999,11.74,11.846,160182.7
1764619200000,11.844,12.162,11.844,12.07,135174.8
1764633600000,12.069,12.207,11.978,12.088,86252.7
1764648000000,12.095,12.178,12.073,12.125,68983.3
1764662400000,12.128,12.265,11.994,12.249,46879.3
1764676800000,12.253,13.406,12.189,13.294,213256.6
1764691200000,13.299,13.493,13.222,13.417,145539.5
1764705600000,13.413,13.586,13.278,13.463,125857.0
1764720000000,13.467,13.981,13.433,13.943,162005.7
1764734400000,13.938,14.419,13.908,14.37,209492.5
1764748800000,14.375,14.588,14.283,14.424,232186.3
1764763200000,14.432,14.662,14.213,14.371,418999.4
1764777600000,14.4,14.555,14.287,14.422,176122.1
1764792000000,14.421,14.738,14.35,14.631,195660.2
1764806400000,14.629,14.925,14.517,14.614,179331.4
1764820800000,14.611,14.635,14.342,14.532,103711.0
1764835200000,14.535,14.786,14.436,14.474,118693.1
1764849600000,14.475,14.584,14.215,14.482,84795.2
1764864000000,14.476,14.542,13.959,14.201,133117.7
1764878400000,14.201,14.375,14.151,14.25,43892.3
1764892800000,14.247,14.392,14.187,14.248,66069.6
1764907200000,14.251,14.3,14.137,14.243,59716.3
1764921600000,14.24,14.321,13.962,14.038,85710.3
1764936000000,14.035,14.155,13.731,13.938,171342.2
1764950400000,13.937,13.943,13.36,13.556,220778.2
1764964800000,13.558,13.645,13.475,13.582,44912.8
1764979200000,13.584,13.766,13.489,13.66,63782.3
1764993600000,13.668,13.674,13.521,13.589,30657.1
1765008000000,13.591,13.766,13.498,13.742,49835.4
1765022400000,13.743,13.92,13.633,13.81,75186.6
1765036800000,13.811,14.071,13.799,13.869,97188.9
1765051200000,13.879,14.015,13.853,13.908,120508.9
1765065600000,13.915,14.005,13.886,13.997,33358.7
1765080000000,14.003,14.027,13.854,13.921,37159.0
1765094400000,13.927,13.927,13.732,13.78,47696.9
1765108800000,13.78,13.94,13.17,13.609,133702.1
1765123200000,13.6,14.168,13.462,14.052,123208.6
1765137600000,14.071,14.115,13.421,13.647,138353.2
1765152000000,13.644,14.034,13.574,13.885,58437.8
1765166400000,13.886,14.06,13.871,14.001,60162.3
1765180800000,14.005,14.282,13.908,13.937,54312.5
1765195200000,13.938,14.09,13.672,13.735,187996.1
1765209600000,13.725,13.888,13.555,13.698,651345.6
1765224000000,13.701,13.911,13.699,13.759,60931.7
1765238400000,13.76,13.85,13.54,13.707,52582.1
1765252800000,13.709,13.84,13.573,13.819,53539.1
1765267200000,13.829,13.857,13.62,13.732,34101.5
1765281600000,13.73,14.43,13.641,14.396,139254.4
1765296000000,14.407,15.0,14.407,14.642,187501.4
1765310400000,14.644,14.644,14.234,14.402,115553.8
1765324800000,14.402,14.451,14.207,14.214,55275.5
1765339200000,14.206,14.27,14.103,14.164,41652.9
1765353600000,14.173,14.419,14.042,14.176,50550.6
1765368000000,14.169,14.178,13.936,14.019,96484.0
1765382400000,14.016,14.632,13.98,14.476,156668.9
1765396800000,14.495,14.882,14.083,14.094,145325.8
1765411200000,14.096,14.13,13.438,13.524,148660.9
1765425600000,13.52,13.672,13.456,13.531,33102.0
1765440000000,13.525,13.623,13.423,13.594,51372.2
1765454400000,13.594,13.714,13.433,13.514,54850.8
1765468800000,13.51,13.848,13.395,13.708,49382.9
1765483200000,13.699,14.205,13.698,14.055,65825.4
1765497600000,14.058,14.172,13.83,14.001,58538.9
1765512000000,14.0,14.198,13.943,14.058,45465.3
1765526400000,14.057,14.123,13.929,14.113,48030.8
1765540800000,14.1,14.335,13.45,13.523,162060.8
1765555200000,13.518,13.658,13.271,13.58,148959.9
1765569600000,13.574,13.688,13.535,13.626,29754.8
1765584000000,13.632,13.734,13.599,13.695,16012.5
1765598400000,13.711,13.795,13.687,13.775,12360.4
1765612800000,13.788,13.961,13.78,13.805,27384.3
1765627200000,13.805,13.842,13.649,13.814,37683.5
1765641600000,13.812,13.853,13.688,13.744,24666.5
1765656000000,13.745,13.755,13.615,13.73,19930.8
1765670400000,13.724,13.788,13.696,13.702,41481.2
1765684800000,13.705,13.729,13.613,13.711,44170.6
1765699200000,13.715,13.75,13.433,13.561,37646.4
1765713600000,13.561,13.656,13.419,13.466,68294.5
1765728000000,13.462,13.559,13.34,13.39,34265.5
1765742400000,13.39,13.439,13.108,13.261,29708.1
1765756800000,13.266,13.708,13.258,13.526,55568.5
1765771200000,13.527,13.695,13.474,13.569,31446.5
1765785600000,13.573,13.729,13.549,13.613,49107.8
1765800000000,13.611,13.685,12.724,12.777,248034.0
1765814400000,12.771,12.825,12.472,12.74,200373.1
1765828800000,12.736,12.891,12.598,12.854,212377.8
1765843200000,12.851,12.88,12.676,12.736,156690.4
1765857600000,12.743,12.878,12.548,12.687,67482.3
1765872000000,12.689,12.973,12.678,12.951,65552.2
1765886400000,12.951,13.118,12.695,13.036,158671.6
1765900800000,13.036,13.053,12.777,12.936,68256.7
1765915200000,12.931,12.993,12.87,12.928,24275.8
1765929600000,12.923,12.986,12.759,12.819,46994.6
1765944000000,12.819,12.829,12.639,12.774,26670.9
1765958400000,12.765,12.768,12.582,12.693,30298.7
1765972800000,12.691,13.17,12.483,12.566,146738.1
1765987200000,12.558,12.636,12.114,12.278,266622.0
1766001600000,12.272,12.37,12.159,12.263,77081.6
1766016000000,12.261,12.278,12.135,12.187,36371.7
1766030400000,12.188,12.239,12.06,12.167,67812.4
1766044800000,12.166,12.299,12.166,12.279,71763.8
1766059200000,12.285,12.867,12.235,12.626,220092.7
1766073600000,12.629,12.653,11.732,11.75,237065.7
1766088000000,11.751,12.058,11.736,11.925,80937.3
1766102400000,11.93,12.339,11.843,12.217,80817.9
1766116800000,12.225,12.495,12.192,12.372,103909.0
1766131200000,12.373,12.453,12.341,12.44,37083.5
1766145600000,12.443,12.751,12.376,12.47,122478.8
1766160000000,12.466,12.685,12.369,12.627,164730.5
1766174400000,12.626,12.666,12.526,12.533,28915.7
1766188800000,12.532,12.572,12.478,12.545,21533.0
1766203200000,12.545,12.623,12.481,12.61,52580.5
1766217600000,12.615,12.705,12.593,12.677,89174.3
1766232000000,12.676,12.689,12.541,12.612,42788.9
1766246400000,12.617,12.643,12.557,12.581,14119.7
1766260800000,12.58,12.639,12.528,12.549,20995.0
1766275200000,12.547,12.595,12.38,12.487,28677.0
1766289600000,12.482,12.55,12.482,12.51,23683.3
1766304000000,12.51,12.699,12.481,12.568,40948.5
1766318400000,12.57,12.626,12.214,12.328,142591.3
1766332800000,12.327,12.43,12.266,12.398,55480.9
1766347200000,12.396,12.48,12.277,12.429,25461.2
1766361600000,12.429,12.699,12.326,12.54,197771.8
1766376000000,12.546,12.638,12.494,12.579,114317.2
1766390400000,12.568,12.74,12.558,12.691,37961.0
1766404800000,12.687,12.949,12.637,12.801,62187.9
1766419200000,12.803,12.85,12.42,12.45,200799.4
1766433600000,12.437,12.669,12.35,12.58,452046.5
1766448000000,12.58,12.688,12.427,12.499,43215.6
1766462400000,12.491,12.513,12.224,12.324,72270.5
1766476800000,12.323,12.402,12.272,12.364,42228.8
1766491200000,12.342,12.342,12.073,12.28,108426.2
1766505600000,12.271,12.436,12.235,12.355,68400.8
1766520000000,12.355,12.51,12.317,12.39,22502.6
1766534400000,12.391,12.431,12.176,12.26,41655.5
1766548800000,12.262,12.312,12.116,12.186,17384.3
1766563200000,12.18,12.243,12.124,12.222,21598.5
1766577600000,12.219,12.267,12.004,12.177,40245.5
1766592000000,12.169,12.275,12.119,12.241,36329.2
1766606400000,12.252,12.365,12.223,12.269,40130.8
1766620800000,12.268,12.356,12.224,12.326,18466.6
1766635200000,12.328,12.35,12.277,12.303,21464.7
1766649600000,12.303,12.353,12.11,12.192,23481.9
1766664000000,12.187,12.417,12.173,12.363,17638.0
1766678400000,12.373,12.415,12.268,12.378,42071.3
1766692800000,12.379,12.386,11.984,12.059,91199.9
1766707200000,12.056,12.537,12.021,12.386,44937.4
1766721600000,12.388,12.469,12.315,12.344,13750.6
1766736000000,12.342,12.46,12.342,12.41,19392.9
1766750400000,12.416,12.496,12.048,12.173,80136.9
1766764800000,12.168,12.25,12.12,12.188,51699.6
1766779200000,12.192,12.251,12.156,12.179,36480.8
1766793600000,12.181,12.263,12.164,12.239,16542.5
1766808000000,12.246,12.27,12.171,12.253,10124.4
1766822400000,12.253,12.289,12.168,12.264,22854.6
1766836800000,12.27,12.34,12.23,12.313,37175.0
1766851200000,12.314,12.339,12.265,12.331,23420.0
1766865600000,12.336,12.544,12.306,12.516,80867.2
1766880000000,12.518,12.547,12.437,12.497,38147.5
1766894400000,12.494,12.518,12.415,12.431,25956.9
1766908800000,12.433,12.499,12.37,12.441,37942.7
1766923200000,12.452,12.564,12.431,12.517,111471.2
1766937600000,12.524,12.592,12.333,12.352,53639.8
1766952000000,12.348,12.495,12.32,12.487,47303.9
1766966400000,12.492,12.992,12.461,12.935,104456.7
1766980800000,12.947,13.032,12.73,12.796,104034.9
1766995200000,12.8,12.831,12.47,12.505,141079.2
1767009600000,12.502,12.502,12.245,12.396,74581.8
1767024000000,12.398,12.448,12.273,12.299,36515.5
1767038400000,12.3,12.352,12.258,12.298,32771.3
1767052800000,12.299,12.404,12.257,12.38,42117.3
1767067200000,12.382,12.41,12.301,12.364,29010.2
1767081600000,12.364,12.545,12.364,12.476,112872.0
1767096000000,12.484,12.594,12.381,12.525,45278.9
1767110400000,12.538,12.579,12.342,12.419,53749.7
1767124800000,12.421,12.424,12.344,12.422,37001.2
1767139200000,12.412,12.462,12.354,12.388,20994.9
1767153600000,12.389,12.423,12.334,12.416,31216.9
1767168000000,12.415,12.48,12.373,12.468,20766.3
1767182400000,12.469,12.542,12.325,12.385,61724.7
1767196800000,12.39,12.409,12.199,12.234,51129.8
1767211200000,12.235,12.315,12.198,12.207,52337.7
1767225600000,12.212,12.274,12.202,12.211,99304.6
1767240000000,12.217,12.277,12.148,12.177,37587.4
1767254400000,12.176,12.304,12.175,12.287,30083.0
1767268800000,12.292,12.44,12.238,12.389,53562.1
1767283200000,12.4,12.524,12.327,12.518,58333.3
1767297600000,12.528,12.636,12.476,12.61,46122.0
1767312000000,12.61,12.94,12.589,12.919,77964.0
1767326400000,12.931,12.984,12.841,12.849,56515.5
1767340800000,12.848,13.146,12.848,12.945,108599.7
1767355200000,12.952,13.18,12.827,13.068,134905.1
1767369600000,13.074,13.347,13.07,13.274,127326.8
1767384000000,13.281,13.438,13.214,13.272,42042.2
1767398400000,13.274,13.366,13.223,13.317,45621.3
1767412800000,13.321,13.321,12.976,13.015,76154.4
1767427200000,13.009,13.138,12.993,13.072,31903.4
1767441600000,13.064,13.18,13.05,13.06,73225.9
1767456000000,13.065,13.215,13.065,13.17,25830.4
1767470400000,13.17,13.255,13.114,13.229,21987.2
1767484800000,13.227,13.383,13.207,13.36,60281.9
1767499200000,13.361,13.452,13.273,13.341,44861.6
1767513600000,13.34,13.439,13.263,13.438,19128.5
1767528000000,13.436,13.554,13.368,13.492,55182.0
1767542400000,13.486,13.573,13.316,13.384,91139.9
1767556800000,13.379,13.494,13.363,13.427,42448.4
1767571200000,13.419,13.864,13.415,13.665,95025.8
1767585600000,13.667,13.687,13.405,13.573,48764.2
1767600000000,13.569,13.62,13.436,13.58,52125.0
1767614400000,13.585,13.743,13.385,13.72,60871.4
1767628800000,13.72,13.884,13.547,13.773,168572.6
1767643200000,13.766,15.235,13.759,13.921,2264884.1000000001
1767657600000,13.924,13.97,13.479,13.796,2234116.3999999999
1767672000000,13.793,13.975,13.678,13.714,106989.6
1767686400000,13.719,13.907,13.701,13.891,149934.8
1767700800000,13.892,14.232,13.82,13.99,228737.6
1767715200000,13.987,14.017,13.466,13.634,368372.4
1767729600000,13.628,14.065,13.628,14.029,147235.0
1767744000000,14.032,14.036,13.683,13.808,93812.3
1767758400000,13.809,13.876,13.702,13.866,18552.5
1767772800000,13.867,13.934,13.578,13.688,71098.6
1767787200000,13.683,13.722,13.305,13.368,123888.7
1767801600000,13.367,13.498,13.304,13.398,56466.3
1767816000000,13.401,13.463,13.305,13.443,93406.9
1767830400000,13.439,13.549,13.324,13.336,60116.6
1767844800000,13.336,13.473,13.063,13.314,87499.3
1767859200000,13.308,13.363,13.086,13.218,114666.4
1767873600000,13.218,13.3,13.023,13.3,77167.2
1767888000000,13.299,13.341,13.16,13.191,65409.7
1767902400000,13.19,13.324,13.097,13.21,62969.7
1767916800000,13.21,13.359,13.164,13.308,38393.5
1767931200000,13.311,13.318,13.187,13.268,15780.7
1767945600000,13.273,13.289,13.063,13.17,94497.2
1767960000000,13.169,13.425,13.035,13.275,131551.0
1767974400000,13.283,13.443,13.06,13.092,72127.5
1767988800000,13.089,13.181,13.077,13.133,36312.7
1768003200000,13.137,13.159,13.062,13.12,24596.8
1768017600000,13.121,13.17,13.064,13.158,21124.8
1768032000000,13.156,13.224,13.104,13.171,20833.9
1768046400000,13.171,13.242,13.138,13.158,20432.8
1768060800000,13.158,13.212,13.128,13.209,11242.7
1768075200000,13.214,13.226,13.081,13.132,25314.2
1768089600000,13.132,13.24,13.106,13.224,8802.4
1768104000000,13.228,13.275,13.174,13.236,14599.0
1768118400000,13.233,13.238,13.183,13.196,34972.4
1768132800000,13.197,13.282,13.145,13.201,35277.3
1768147200000,13.202,13.358,13.195,13.257,34210.3
1768161600000,13.252,13.252,13.05,13.204,40504.1
1768176000000,13.198,13.515,13.12,13.357,48924.3
1768190400000,13.365,13.454,13.251,13.265,49871.5
1768204800000,13.269,13.325,13.104,13.165,111352.1
1768219200000,13.159,13.264,12.914,13.238,91293.6
1768233600000,13.242,13.327,13.098,13.178,66630.7
1768248000000,13.182,13.233,12.987,13.071,38160.7
1768262400000,13.067,13.154,13.049,13.109,23320.9
1768276800000,13.113,13.287,13.107,13.187,129675.2
1768291200000,13.187,13.319,13.185,13.264,162482.5
1768305600000,13.266,13.578,13.228,13.564,69854.9
1768320000000,13.579,13.704,13.538,13.692,140051.1
1768334400000,13.698,14.18,13.684,14.058,163663.4
1768348800000,14.068,14.19,14.022,14.131,49249.9
1768363200000,14.131,14.156,13.939,14.056,25584.7
1768377600000,14.055,14.12,13.857,13.88,78715.9
1768392000000,13.881,14.276,13.868,14.237,95523.2
1768406400000,14.244,14.405,14.047,14.223,138546.6
1768420800000,14.223,14.312,14.082,14.105,142372.5
1768435200000,14.11,14.113,13.735,13.756,140417.3
1768449600000,13.755,13.951,13.749,13.925,93468.2
1768464000000,13.931,14.085,13.862,13.948,61782.6
1768478400000,13.946,14.202,13.721,13.958,134941.3
1768492800000,13.953,13.992,13.582,13.675,94690.5
1768507200000,13.676,13.788,13.555,13.783,39222.9
1768521600000,13.784,13.861,13.667,13.68,32756.5
1768536000000,13.676,13.816,13.595,13.792,32080.3
1768550400000,13.791,13.854,13.689,13.728,19609.7
1768564800000,13.729,13.785,13.424,13.485,85793.9
1768579200000,13.483,13.658,13.455,13.588,36568.0
1768593600000,13.593,13.744,13.526,13.726,17899.6
1768608000000,13.722,13.744,13.628,13.678,11701.5
1768622400000,13.675,13.733,13.653,13.697,9932.3
1768636800000,13.698,13.776,13.675,13.702,33436.5
1768651200000,13.702,13.883,13.693,13.878,37678.8
1768665600000,13.883,13.891,13.755,13.781,24130.0
1768680000000,13.786,13.812,13.662,13.735,24019.2
1768694400000,13.733,13.771,13.62,13.7,28801.6
1768708800000,13.695,13.756,13.667,13.726,14715.1
1768723200000,13.729,13.81,13.713,13.725,17296.9
1768737600000,13.726,13.826,13.692,13.772,18588.2
1768752000000,13.766,13.872,13.741,13.767,28863.9
1768766400000,13.765,13.852,13.293,13.295,69239.2
1768780800000,13.297,13.297,12.36,12.858,297243.8
1768795200000,12.858,12.858,12.715,12.755,39587.3
1768809600000,12.749,12.856,12.739,12.766,61934.0
1768824000000,12.766,12.866,12.729,12.769,51476.2
1768838400000,12.763,12.96,12.755,12.933,61721.6
1768852800000,12.933,12.999,12.77,12.879,166890.3
1768867200000,12.877,12.897,12.795,12.85,29264.0
1768881600000,12.854,12.865,12.61,12.62,85125.2
1768896000000,12.61,12.621,12.478,12.509,99658.9
1768910400000,12.508,12.604,12.345,12.43,124086.9
1768924800000,12.431,12.469,12.181,12.27,157482.3
1768939200000,12.268,12.34,12.024,12.121,117081.9
1768953600000,12.122,12.346,12.098,12.31,52257.6
1768968000000,12.308,12.464,12.282,12.304,30882.9
1768982400000,12.31,12.328,12.166,12.17,81641.4
1768996800000,12.172,12.538,12.063,12.432,145881.0
1769011200000,12.432,12.613,11.898,12.593,265500.7
1769025600000,12.601,12.66,12.363,12.395,110342.0
1769040000000,12.396,12.579,12.396,12.441,39166.4
1769054400000,12.442,12.519,12.402,12.42,32285.7
1769068800000,12.42,12.48,12.371,12.381,42401.8
1769083200000,12.379,12.472,12.119,12.229,92370.7
1769097600000,12.223,12.32,12.185,12.28,56030.3
1769112000000,12.267,12.301,12.19,12.253,54096.1
1769126400000,12.252,12.352,12.213,12.328,37082.4
1769140800000,12.331,12.399,12.246,12.271,57199.8
1769155200000,12.269,12.283,12.165,12.243,71661.4
1769169600000,12.252,12.274,12.038,12.246,129993.6
1769184000000,12.248,12.492,12.196,12.239,99127.7
1769198400000,12.239,12.27,12.115,12.219,68773.2
1769212800000,12.214,12.269,12.181,12.246,24923.3
1769227200000,12.25,12.275,12.198,12.198,29838.0
1769241600000,12.2,12.231,12.187,12.206,52752.1
1769256000000,12.208,12.221,12.145,12.15,18635.0
1769270400000,12.151,12.227,12.128,12.18,12128.3
1769284800000,12.18,12.252,12.18,12.197,50189.1
1769299200000,12.199,12.215,12.06,12.082,35195.8
1769313600000,12.076,12.121,12.045,12.079,50649.7
1769328000000,12.08,12.12,12.004,12.073,34071.7
1769342400000,12.071,12.101,11.94,11.963,70028.6
1769356800000,11.955,11.955,11.383,11.418,354500.5
1769371200000,11.432,11.53,11.358,11.519,116661.8
1769385600000,11.516,11.851,11.502,11.694,96124.5
1769400000000,11.695,11.867,11.695,11.853,71861.7
1769414400000,11.854,11.95,11.758,11.798,76045.7
1769428800000,11.799,12.118,11.798,11.907,89827.1
1769443200000,11.911,12.023,11.817,11.919,95970.3
1769457600000,11.92,12.022,11.859,11.938,63444.6
1769472000000,11.94,12.053,11.92,11.988,51532.7
1769486400000,11.986,12.049,11.934,11.975,30063.9
1769500800000,11.976,12.007,11.873,11.897,68722.0
1769515200000,11.896,11.998,11.838,11.99,72470.8
1769529600000,11.99,12.18,11.854,11.97,209484.9
1769544000000,11.974,12.157,11.968,12.039,138343.1
1769558400000,12.041,12.062,11.958,11.974,42050.1
1769572800000,11.972,11.986,11.887,11.934,41780.5
1769587200000,11.938,12.047,11.859,12.033,104444.0
1769601600000,12.026,12.029,11.704,11.758,300356.7
1769616000000,11.759,11.894,11.695,11.839,82883.7
1769630400000,11.839,11.942,11.752,11.835,72082.0
1769644800000,11.839,11.859,11.606,11.636,90627.3
1769659200000,11.637,11.646,11.541,11.616,62898.0
1769673600000,11.621,11.651,11.51,11.537,67435.6
1769688000000,11.538,11.604,10.86,11.031,387604.2
1769702400000,11.022,11.193,10.822,10.945,362480.8
1769716800000,10.947,11.134,10.928,11.115,40758.4
1769731200000,11.118,11.157,10.628,10.858,427542.7
1769745600000,10.858,10.983,10.656,10.843,82120.4
1769760000000,10.833,10.9,10.727,10.855,257083.8
1769774400000,10.86,10.867,10.604,10.77,206010.1
1769788800000,10.761,10.99,10.499,10.897,324250.6
1769803200000,10.894,10.894,10.691,10.785,110761.5
1769817600000,10.784,10.819,10.724,10.736,33588.2
1769832000000,10.736,10.779,10.548,10.612,31527.9
1769846400000,10.614,10.627,10.361,10.482,241305.3
1769860800000,10.49,10.504,9.919,10.048,493465.3
1769875200000,10.052,10.161,8.9553,9.6608,1493176.3999999999
1769889600000,9.6617,10.025,9.5563,9.9771,289966.7
1769904000000,9.982,10.07,9.9156,10.038,60366.3
1769918400000,10.038,10.073,9.8605,9.9372,63962.4
1769932800000,9.9382,10.014,9.7649,9.8669,82612.7
1769947200000,9.8691,9.9,9.4096,9.5291,98642.0
1769961600000,9.5277,9.7105,9.4011,9.5231,159940.5
1769976000000,9.5081,9.6505,9.2158,9.4024,214280.3
1769990400000,9.4014,9.6368,9.018,9.3734,416685.2
1770004800000,9.3694,9.4846,9.0678,9.3876,345374.6
1770019200000,9.393,9.6405,9.3805,9.5177,119859.0
1770033600000,9.5351,10.021,9.5334,9.9169,241326.3
1770048000000,9.923,9.9942,9.769,9.7946,336102.2
1770062400000,9.788,9.859,9.705,9.7956,137097.9
1770076800000,9.801,9.8388,9.581,9.7679,223774.6
1770091200000,9.7658,9.8493,9.6492,9.7237,47998.8
1770105600000,9.7289,9.7472,9.525,9.5846,204579.1
1770120000000,9.5806,9.7641,9.4905,9.7514,210130.6
1770134400000,9.7439,9.7444,9.0828,9.4743,395762.6
1770148800000,9.471,9.8853,9.3911,9.4828,375466.1
1770163200000,9.4835,9.7619,9.4493,9.7298,56841.6
1770177600000,9.7212,9.744,9.5811,9.6734,23905.8
1770192000000,9.6808,9.7255,9.4813,9.5842,153650.1
1770206400000,9.5815,9.6059,9.1361,9.2135,352017.1
1770220800000,9.2147,9.453,9.0201,9.4303,423835.5
1770235200000,9.4383,9.453,9.0589,9.2472,164412.2
1770249600000,9.2481,9.3461,9.0727,9.0924,143766.4
1770264000000,9.0981,9.2147,8.966,9.0459,134690.3
1770278400000,9.0511,9.2528,8.802,8.94,268224.3
1770292800000,8.9341,9.0577,8.3057,8.4643,1006372.9
1770307200000,8.466,8.6594,8.2206,8.2458,898263.7
1770321600000,8.2529,8.3159,7.856,7.9126,1441889.8999999999
1770336000000,7.9129,8.2283,7.1789,8.0112,1611864.3999999999
1770350400000,8.0263,8.3682,7.9974,8.0742,147669.8
1770364800000,8.0756,8.3464,7.9886,8.3178,106061.3
1770379200000,8.3247,8.6274,8.2653,8.5821,297205.2
1770393600000,8.5827,8.9937,8.553,8.8454,351882.0
1770408000000,8.8397,8.9997,8.7621,8.8791,78394.5
1770422400000,8.879,8.9492,8.7858,8.9274,71505.6
1770436800000,8.928,9.0405,8.599,8.6924,165315.1
1770451200000,8.6842,8.7359,8.5782,8.6469,44599.8
1770465600000,8.6501,8.9362,8.6418,8.8188,117027.7
1770480000000,8.8236,9.0309,8.7823,8.939,860254.0
1770494400000,8.9396,9.019,8.8558,8.9115,50503.5
1770508800000,8.9047,8.9624,8.8204,8.8264,30054.3
1770523200000,8.8225,8.8683,8.7822,8.8261,16164.0
1770537600000,8.827,9.0086,8.7953,8.997,106331.5
1770552000000,9.0019,9.04,8.8474,8.8793,70610.5
1770566400000,8.8798,8.9662,8.7143,8.9547,50778.3
1770580800000,8.9475,9.0137,8.7478,8.8196,88559.2
1770595200000,8.8175,8.8887,8.7274,8.8696,73419.0
1770609600000,8.8775,8.8775,8.7155,8.7285,26732.6
1770624000000,8.7285,8.755,8.4544,8.5569,102795.2
1770638400000,8.5585,8.7563,8.524,8.7563,88669.3
1770652800000,8.7533,8.9868,8.6568,8.9619,102927.7
1770667200000,8.9632,9.0104,8.7912,8.8314,43680.5
1770681600000,8.8338,8.8811,8.64,8.6834,44522.7
1770696000000,8.6821,8.7252,8.4798,8.5391,40332.5
1770710400000,8.5485,8.6144,8.4954,8.4987,67734.7
1770724800000,8.5015,8.6658,8.478,8.5677,167409.6
1770739200000,8.5712,8.6493,8.467,8.5421,96645.1
1770753600000,8.5418,8.5754,8.4819,8.566,32788.6
1770768000000,8.5678,8.6091,8.4574,8.5348,49988.2
1770782400000,8.5335,8.5449,8.2776,8.319,68710.4
1770796800000,8.318,8.3201,8.1932,8.2703,71518.8
1770811200000,8.2706,8.5562,8.1257,8.2351,297340.1
1770825600000,8.2354,8.3607,8.1411,8.3149,200753.0
1770840000000,8.3046,8.4504,8.251,8.3132,76847.9
1770854400000,8.3212,8.4584,8.3203,8.4222,52017.0
1770868800000,8.4225,8.5087,8.3491,8.4538,84522.3
1770883200000,8.4576,8.5887,8.4006,8.5566,92473.2
1770897600000,8.556,8.5745,8.3459,8.3468,114129.1
1770912000000,8.3523,8.4185,8.1672,8.3041,199195.4
1770926400000,8.3104,8.425,8.2153,8.41,49992.1
1770940800000,8.4087,8.4452,8.3433,8.416,42771.0
1770955200000,8.4204,8.4228,8.297,8.3686,24711.2
1770969600000,8.3744,8.4697,8.3627,8.4314,56429.6
1770984000000,8.4297,8.816,8.397,8.7026,141366.6
1770998400000,8.704,8.9064,8.6867,8.8036,134126.2
1771012800000,8.8015,8.8612,8.7587,8.7656,35991.8
1771027200000,8.763,8.8863,8.7552,8.8479,72864.7
1771041600000,8.8409,8.895,8.7992,8.8828,90385.6
1771056000000,8.8839,9.0395,8.8826,9.0288,92085.1
1771070400000,9.0329,9.0439,8.9071,9.0366,80574.8
1771084800000,9.0352,9.1824,8.9712,9.1671,89493.6
1771099200000,9.1698,9.1996,9.0765,9.0864,53252.3
1771113600000,9.0862,9.1189,8.9317,9.0675,59943.9
1771128000000,9.0684,9.24,9.0624,9.2005,71809.9
1771142400000,9.2013,9.2375,9.0307,9.05,78232.1
1771156800000,9.0507,9.0591,8.758,8.8645,89968.4
1771171200000,8.8606,8.8819,8.5961,8.6389,160624.0
1771185600000,8.6382,8.7869,8.6118,8.78,21921.3
1771200000000,8.78,8.8519,8.6981,8.7455,42173.3
1771214400000,8.7453,8.8175,8.6589,8.7612,23197.5
1771228800000,8.7624,8.8879,8.6945,8.7947,64552.5
1771243200000,8.7921,8.9842,8.6404,8.7066,160267.0
1771257600000,8.7045,8.8281,8.7045,8.7791,42696.1
1771272000000,8.7785,8.9569,8.7589,8.9316,57929.1
1771286400000,8.9311,8.989,8.86,8.919,33411.8
1771300800000,8.9188,8.9587,8.7919,8.8646,14092.6
1771315200000,8.8654,8.8896,8.7253,8.7649,44773.1
1771329600000,8.7607,8.905,8.6615,8.7716,77341.1
1771344000000,8.7701,8.943,8.6896,8.8767,78198.5
1771358400000,8.876,8.892,8.8124,8.8239,19772.2
1771372800000,8.8267,8.9004,8.744,8.886,48819.5
1771387200000,8.8841,8.9291,8.8253,8.9154,43065.2
1771401600000,8.9154,8.9935,8.7605,8.7624,71201.0
1771416000000,8.7647,8.8944,8.661,8.7939,91904.7
1771430400000,8.7999,8.8015,8.5167,8.5638,96510.6
1771444800000,8.568,8.606,8.52,8.6004,59349.4
1771459200000,8.6005,8.6833,8.5678,8.6667,29679.1
1771473600000,8.6652,8.7481,8.62,8.6965,22958.7
1771488000000,8.6925,8.696,8.5581,8.5647,154918.4
1771502400000,8.5669,8.599,8.3662,8.4338,130122.5
1771516800000,8.436,8.5427,8.3401,8.5047,197552.7
1771531200000,8.5058,8.5755,8.4732,8.5716,21045.6
1771545600000,8.5733,8.6444,8.5586,8.6005,39791.5
1771560000000,8.605,8.6723,8.5204,8.6507,23032.1
1771574400000,8.6498,8.7238,8.601,8.6184,67235.4
1771588800000,8.6186,8.8317,8.4556,8.8272,116777.8
1771603200000,8.8184,8.9642,8.6993,8.8987,97569.2
1771617600000,8.8979,9.0081,8.8854,8.9389,32894.2
1771632000000,8.9391,8.9799,8.854,8.8817,56077.0
1771646400000,8.8869,8.9168,8.856,8.8634,23773.2
1771660800000,8.8652,8.9785,8.8607,8.9384,52401.4
1771675200000,8.9515,9.04,8.897,8.936,43016.9
1771689600000,8.9366,8.9916,8.8469,8.9312,60104.0
1771704000000,8.9279,8.9506,8.8685,8.8706,47250.4
1771718400000,8.8692,8.8963,8.7988,8.8401,23628.8
1771732800000,8.8373,8.8691,8.8028,8.851,37662.4
1771747200000,8.8512,8.8627,8.7903,8.8309,32870.5
1771761600000,8.8295,8.8361,8.683,8.7034,67047.8
1771776000000,8.703,8.7088,8.6049,8.6387,63711.0
1771790400000,8.6396,8.7031,8.6035,8.677,28455.7
1771804800000,8.6775,8.6916,8.175,8.2493,140105.6
1771819200000,8.2489,8.3729,8.1729,8.3531,50477.2
1771833600000,8.3468,8.5534,8.3048,8.47,94460.5
1771848000000,8.4708,8.5767,8.3966,8.4201,84399.8
1771862400000,8.4164,8.4511,8.1783,8.2277,92353.4
1771876800000,8.2268,8.3393,8.1986,8.2643,83791.4
1771891200000,8.2638,8.3331,8.1177,8.1995,90679.4
1771905600000,8.2032,8.2267,8.1208,8.1464,68789.1
1771920000000,8.1476,8.1952,8.1062,8.171,57001.5
1771934400000,8.1691,8.2206,8.0499,8.2106,138078.6
1771948800000,8.2087,8.272,8.1752,8.2276,58727.8
1771963200000,8.2278,8.2553,8.1647,8.1906,30850.9
1771977600000,8.1932,8.6275,8.1795,8.5005,152000.4
1771992000000,8.5011,8.5504,8.3567,8.4768,52532.7
1772006400000,8.4781,8.6616,8.4376,8.6616,52733.1
1772020800000,8.654,9.3304,8.6411,9.2811,224563.4
1772035200000,9.2861,9.5067,9.2861,9.4776,450052.3
1772049600000,9.4818,9.5842,9.184,9.2698,235075.9
1772064000000,9.2698,9.3357,9.1503,9.2245,190539.5
1772078400000,9.2232,9.34,9.1959,9.2052,68505.8
1772092800000,9.2122,9.3232,9.1823,9.2067,158263.3
1772107200000,9.2097,9.3108,9.0239,9.1191,199786.9
1772121600000,9.1217,9.1386,8.8592,9.1033,200136.2
1772136000000,9.0945,9.1437,9.043,9.0969,55341.5
1772150400000,9.0966,9.1958,9.003,9.1883,62137.1
1772164800000,9.1825,9.2952,9.1188,9.1779,75804.6
1772179200000,9.1713,9.2351,8.8047,8.8432,112040.6
1772193600000,8.8412,8.8644,8.7338,8.8121,89564.6
1772208000000,8.8146,8.8146,8.642,8.6699,162618.9
1772222400000,8.6699,8.7314,8.5456,8.7092,66246.1
1772236800000,8.7077,8.7487,8.6646,8.6761,46425.5
1772251200000,8.6772,8.6935,8.2278,8.3506,205209.4
1772265600000,8.3488,8.3498,8.2048,8.2692,191629.6
1772280000000,8.2736,8.5365,8.2734,8.4273,121970.7
1772294400000,8.4253,8.729,8.4006,8.6844,133805.2
1772308800000,8.6839,8.9324,8.6644,8.8353,93856.8
1772323200000,8.8413,9.203,8.7416,9.0506,151129.3
1772337600000,9.0572,9.0923,8.9256,8.9741,87294.4
1772352000000,8.9739,8.9922,8.84,8.8704,55335.0
1772366400000,8.8706,9.0453,8.7863,8.9097,49177.0
1772380800000,8.9186,8.9687,8.6781,8.6958,67564.7
1772395200000,8.6894,8.7693,8.537,8.6685,132830.6
1772409600000,8.6694,8.8807,8.6598,8.8228,54783.9
1772424000000,8.8298,8.8463,8.6025,8.6646,36407.0
1772438400000,8.6669,8.759,8.5895,8.6828,54776.3
1772452800000,8.6887,9.178,8.5893,9.1026,142694.0
1772467200000,9.1048,9.2582,8.9429,9.035,119261.5
1772481600000,9.0328,9.0964,8.9204,8.9409,93508.0
1772496000000,8.9477,9.0053,8.8411,8.883,42734.1
1772510400000,8.8822,8.9304,8.7702,8.7879,25492.9
1772524800000,8.7876,8.798,8.6,8.6696,81528.1
1772539200000,8.669,8.7828,8.5548,8.7426,133378.3
1772553600000,8.7431,8.9276,8.7054,8.8021,116502.3
1772568000000,8.8085,8.8869,8.678,8.8044,104822.7
1772582400000,8.8048,8.8908,8.6854,8.7498,51588.2
1772596800000,8.7537,8.9197,8.6873,8.8952,33634.1
1772611200000,8.897,9.2935,8.8866,9.1235,200980.5
1772625600000,9.1247,9.5089,9.0266,9.4986,164343.8
1772640000000,9.4985,9.6251,9.36,9.5254,128395.2
1772654400000,9.5248,9.5604,9.2927,9.343,96209.5
1772668800000,9.3461,9.3862,9.2321,9.259,54991.2
1772683200000,9.2609,9.3523,9.1762,9.212,56685.0
1772697600000,9.2134,9.4562,9.1958,9.3957,93998.8
1772712000000,9.3957,9.4815,9.1676,9.2286,92072.2
1772726400000,9.2338,9.2676,9.0672,9.1819,106191.9
1772740800000,9.188,9.3125,9.1674,9.1932,72207.6
1772755200000,9.2025,9.2926,9.163,9.2557,28846.0
1772769600000,9.2547,9.2901,9.1486,9.2705,38411.1
1772784000000,9.2731,9.2745,9.0525,9.0716,70937.7
1772798400000,9.0687,9.1262,8.7438,8.7891,211782.4
1772812800000,8.7872,8.8242,8.6656,8.7856,137322.3
1772827200000,8.7854,8.8202,8.7305,8.7897,66582.3
1772841600000,8.7902,8.8531,8.7544,8.7884,39210.0
1772856000000,8.7841,8.8114,8.7326,8.8051,29939.4
1772870400000,8.8011,8.822,8.7446,8.7997,47870.6
1772884800000,8.7944,8.8128,8.7236,8.7475,62834.8
1772899200000,8.747,8.805,8.6428,8.654,82312.7
1772913600000,8.6552,8.7113,8.6359,8.6935,37784.7
1772928000000,8.6936,8.711,8.577,8.5957,43596.5
1772942400000,8.5972,8.6533,8.5229,8.6299,32808.8
1772956800000,8.6283,8.7699,8.5861,8.6461,44226.9
1772971200000,8.6478,8.6717,8.5349,8.5641,65317.6
1772985600000,8.5608,8.6596,8.5,8.6354,161486.7
1773000000000,8.6392,8.6904,8.3863,8.5054,165109.2
1773014400000,8.5084,8.7921,8.5037,8.6766,60154.8
1773028800000,8.685,8.8676,8.6448,8.7307,50472.3
1773043200000,8.7369,8.847,8.7103,8.7735,45104.8
1773057600000,8.7759,8.965,8.773,8.9274,78176.2
1773072000000,8.9306,9.0966,8.8643,8.9951,110220.8
1773086400000,9.0027,9.0351,8.8478,8.8658,68757.2
1773100800000,8.8641,9.0772,8.8508,8.9351,64210.2
1773115200000,8.9406,9.0775,8.9371,9.0744,84710.5
1773129600000,9.0771,9.1593,9.0615,9.0632,190956.9
1773144000000,9.0646,9.1769,8.8584,9.1302,165275.8
1773158400000,9.1335,9.1699,8.9181,8.9674,160184.8
1773172800000,8.9674,9.003,8.907,8.9792,40450.0
1773187200000,8.981,9.0055,8.912,8.925,44293.3
1773201600000,8.9218,9.0311,8.863,8.8835,76545.4
1773216000000,8.8865,8.961,8.8774,8.905,49847.4
1773230400000,8.9105,9.1632,8.8809,8.9961,133185.9
1773244800000,8.9936,9.1488,8.9675,9.0819,121048.9
1773259200000,9.0811,9.1068,8.9783,8.9919,60428.7
1773273600000,8.9931,9.0146,8.8331,8.8599,85203.8
1773288000000,8.8594,8.9566,8.839,8.9422,78792.3
1773302400000,8.9414,9.1011,8.9192,9.0205,98728.6
1773316800000,9.0256,9.0882,8.8968,9.0311,205049.6
1773331200000,9.0225,9.0777,8.9568,9.0294,145640.7
1773345600000,9.0294,9.086,8.9653,9.0504,72560.5
1773360000000,9.0525,9.3918,9.0319,9.2814,157837.2
1773374400000,9.2826,9.2961,9.1708,9.1935,70516.0
1773388800000,9.1905,9.3273,9.1572,9.2712,210326.3
1773403200000,9.2719,9.5968,9.2347,9.2632,296185.6
1773417600000,9.2638,9.3276,9.1002,9.145,286271.6
1773432000000,9.1401,9.1956,9.0208,9.0834,153112.4
1773446400000,9.0806,9.1268,9.02,9.1133,51878.5
1773460800000,9.1133,9.1392,8.9648,8.9756,94907.2
1773475200000,8.9742,9.0043,8.9161,8.9899,85895.9
1773489600000,8.9883,9.044,8.9596,9.0028,416214.4
1773504000000,8.9992,9.0463,8.9786,9.0218,80150.6
1773518400000,9.0233,9.169,9.014,9.169,63122.9
1773532800000,9.1666,9.2572,9.1114,9.2036,132453.0
1773547200000,9.209,9.2636,9.1861,9.2149,78150.6
1773561600000,9.2153,9.3183,9.2153,9.2746,52820.5
1773576000000,9.2761,9.2761,9.1374,9.1529,97372.6
1773590400000,9.1531,9.2395,9.121,9.1962,65968.5
1773604800000,9.1963,9.554,9.1726,9.496,300012.7
1773619200000,9.495,9.8053,9.41,9.6953,313203.6
1773633600000,9.7001,9.8268,9.674,9.6842,148078.2
1773648000000,9.6987,9.7309,9.5582,9.6584,102347.1
1773662400000,9.6584,9.816,9.593,9.7138,310526.9
1773676800000,9.7194,9.96,9.704,9.9242,333630.8
1773691200000,9.9279,10.075,9.8552,9.9163,279211.8
1773705600000,9.9143,10.016,9.7745,9.8256,204052.1
1773720000000,9.8244,9.849,9.6817,9.792,74984.4
1773734400000,9.795,9.8296,9.728,9.7582,86704.8
1773748800000,9.7578,9.9294,9.7117,9.7955,156862.5
1773763200000,9.7946,9.9117,9.7887,9.8036,69927.9
1773777600000,9.8028,9.906,9.7651,9.7914,103806.8
1773792000000,9.7885,9.92,9.7512,9.8861,73629.6
1773806400000,9.8867,9.8892,9.774,9.8091,37686.5
1773820800000,9.8091,9.877,9.5248,9.5571,405070.3
1773835200000,9.5523,9.5523,9.1215,9.2027,619614.9
1773849600000,9.2027,9.3038,9.0897,9.1642,282384.8
1773864000000,9.1649,9.2585,9.0804,9.2248,93960.9
1773878400000,9.2256,9.3349,9.1605,9.2503,63870.0
1773892800000,9.2505,9.2556,9.0313,9.089,94877.1
1773907200000,9.09,9.1671,9.0626,9.0915,105327.0
1773921600000,9.0878,9.0912,8.8932,8.9601,286264.3
1773936000000,8.9601,9.0879,8.8949,9.0285,109797.6
1773950400000,9.0297,9.0911,9.0089,9.0405,52618.9
1773964800000,9.0408,9.1586,9.0357,9.1167,76978.4
1773979200000,9.1176,9.1494,9.0273,9.114,41381.6
1773993600000,9.1113,9.2043,9.0569,9.0836,63765.2
1774008000000,9.0854,9.1206,8.9689,9.0247,94778.2
1774022400000,9.0228,9.062,8.9573,9.0359,79477.8
1774036800000,9.0384,9.1617,8.9778,9.1104,36776.3
1774051200000,9.1104,9.172,9.1089,9.1272,20679.4
1774065600000,9.1246,9.1478,9.1014,9.1248,28595.5
1774080000000,9.1239,9.1624,9.0823,9.1038,126338.4
1774094400000,9.1069,9.1416,9.0514,9.1051,33786.2
1774108800000,9.1048,9.106,9.0422,9.0682,43210.9
1774123200000,9.0678,9.106,8.7615,8.8255,80044.2
1774137600000,8.8205,8.966,8.7,8.9047,222321.1
1774152000000,8.903,8.9433,8.838,8.838,34823.1
1774166400000,8.8381,8.8619,8.7475,8.7563,41299.1
1774180800000,8.7545,8.83,8.7545,8.7888,31152.7
1774195200000,8.7863,8.8052,8.6872,8.7029,44601.4
1774209600000,8.7067,8.7593,8.5748,8.6826,79708.7
1774224000000,8.6871,8.775,8.6323,8.705,32631.0
1774238400000,8.704,8.7751,8.5767,8.643,37251.3
1774252800000,8.6444,9.2499,8.5768,8.972,248143.6
1774267200000,8.9784,9.2883,8.9078,9.0433,131263.3
1774281600000,9.045,9.2175,8.9912,9.124,85948.0
1774296000000,9.127,9.1755,9.0698,9.1101,44911.1
1774310400000,9.1078,9.1382,9.0097,9.0856,43796.3
1774324800000,9.0852,9.258,9.0029,9.239,277662.1
1774339200000,9.2441,9.2578,9.1667,9.2426,73287.2
1774353600000,9.2455,9.2479,9.041,9.1151,164661.4
1774368000000,9.1128,9.1583,9.0103,9.0557,228711.4
1774382400000,9.055,9.265,9.0548,9.2425,67128.5
1774396800000,9.2442,9.3079,9.1751,9.2385,73814.7
1774411200000,9.2411,9.3593,9.2299,9.2927,175770.7
1774425600000,9.293,9.4549,9.293,9.4087,110012.0
1774440000000,9.4194,9.4898,9.2915,9.3661,140047.4
1774454400000,9.3627,9.467,9.3012,9.342,57793.1
1774468800000,9.3465,9.4034,9.2797,9.3751,48786.8
1774483200000,9.3751,9.3867,9.2188,9.249,57083.3
1774497600000,9.251,9.2511,9.0645,9.1007,41787.9
1774512000000,9.1019,9.1048,8.9179,8.9395,83559.8
1774526400000,8.9375,9.0235,8.8592,8.9284,61325.4
1774540800000,8.929,8.9467,8.8064,8.8269,68413.6
1774555200000,8.8288,8.972,8.8166,8.9096,67983.2
1774569600000,8.9079,8.9789,8.8811,8.9073,39549.2
1774584000000,8.911,8.9406,8.8437,8.8999,32632.0
1774598400000,8.9039,8.9197,8.5485,8.5897,124375.5
1774612800000,8.5933,8.675,8.5194,8.607,69754.1
1774627200000,8.6065,8.6307,8.4848,8.5546,101264.4
1774641600000,8.5425,8.5753,8.4871,8.5659,52298.1
1774656000000,8.5665,8.5665,8.4992,8.5131,23513.9
1774670400000,8.5148,8.601,8.4985,8.601,30185.7
1774684800000,8.5984,8.6096,8.4798,8.5371,59963.5
1774699200000,8.5349,8.6894,8.5089,8.6364,94777.6
1774713600000,8.6375,8.6499,8.5784,8.5965,32906.3
1774728000000,8.599,8.6205,8.3744,8.427,138085.9
1774742400000,8.4289,8.5747,8.4151,8.5425,75410.6
1774756800000,8.5401,8.5402,8.4911,8.5117,57803.7
1774771200000,8.5116,8.5337,8.4523,8.5027,37774.1
1774785600000,8.5028,8.507,8.3901,8.4239,30971.5
1774800000000,8.4215,8.4684,8.3951,8.4143,71573.1
1774814400000,8.4143,8.4828,8.2,8.4103,201497.6
1774828800000,8.4108,8.6648,8.3988,8.6319,89330.9
1774843200000,8.6345,8.7467,8.6345,8.7423,33892.7
1774857600000,8.7434,8.9087,8.7289,8.8652,93778.8
1774872000000,8.8674,8.9183,8.7769,8.823,405600.8
1774886400000,8.8262,8.8384,8.5712,8.6242,105925.2
1774900800000,8.6229,8.7256,8.583,8.6146,43730.7
1774915200000,8.6237,8.8484,8.6013,8.744,49396.1
1774929600000,8.744,8.7745,8.6649,8.705,52376.9
1774944000000,8.6994,8.7088,8.5049,8.612,191329.4
1774958400000,8.6133,8.8024,8.5915,8.6249,95464.7
1774972800000,8.6239,8.8848,8.6225,8.7753,77918.8
1774987200000,8.774,8.8148,8.7103,8.7777,39224.9
1775001600000,8.7789,8.83,8.743,8.8225,31098.9
1775016000000,8.8185,9.1921,8.7919,9.0539,103246.6
1775030400000,9.057,9.1033,8.9856,9.0234,149634.4
1775044800000,9.0225,9.0941,8.926,9.007,100989.9
1775059200000,9.0052,9.1395,8.9532,9.0155,217038.1
1775073600000,9.014,9.0354,8.9219,8.9375,122036.1
1775088000000,8.9409,9.0054,8.5222,8.564,158348.4
1775102400000,8.562,8.565,8.5,8.5632,106101.6
1775116800000,8.5543,8.556,8.4538,8.4799,90762.9
1775131200000,8.4788,8.6325,8.4165,8.5595,162562.0
1775145600000,8.5594,8.6536,8.5213,8.6074,62053.4
1775160000000,8.609,8.6523,8.5844,8.6266,82385.9
1775174400000,8.6297,8.6739,8.5879,8.6489,155695.6
1775188800000,8.6471,8.7666,8.6394,8.7116,35225.7
1775203200000,8.7143,8.738,8.6619,8.7214,51763.0
1775217600000,8.7231,8.807,8.6496,8.6971,71622.7
1775232000000,8.6946,8.7303,8.6447,8.6744,37915.8
1775246400000,8.6766,8.7148,8.6403,8.6539,47018.7
1775260800000,8.6539,8.6539,8.617,8.6402,38529.6
1775275200000,8.6399,8.677,8.6288,8.654,22526.4
1775289600000,8.657,8.6728,8.6256,8.6571,33680.4
1775304000000,8.6593,8.7043,8.6092,8.6841,41138.9
1775318400000,8.6845,8.775,8.6623,8.728,27289.0
1775332800000,8.7226,8.725,8.6798,8.691,20378.8
1775347200000,8.693,8.6944,8.6414,8.65,67801.9
1775361600000,8.65,8.6557,8.5127,8.53,54347.9
1775376000000,8.5238,8.5781,8.5238,8.544,35308.9
1775390400000,8.5428,8.6783,8.4735,8.5934,49143.6
1775404800000,8.5966,8.6424,8.5727,8.6209,42056.9
1775419200000,8.6229,8.8645,8.5644,8.8178,68022.8
1775433600000,8.822,9.0233,8.822,8.9271,80134.2
1775448000000,8.928,8.9988,8.9025,8.9595,33153.0
1775462400000,8.9595,9.1517,8.9574,9.0445,199976.1
1775476800000,9.0452,9.091,8.999,9.0874,84446.3
1775491200000,9.0868,9.1,8.9394,8.99,51080.7
1775505600000,8.9886,9.0188,8.7258,8.7984,75130.9
1775520000000,8.7959,8.8457,8.7302,8.7897,36050.2
1775534400000,8.7897,8.8267,8.7286,8.7649,26651.5
1775548800000,8.7654,8.895,8.6725,8.681,73532.0
1775563200000,8.6807,8.7029,8.5708,8.6193,109927.6
1775577600000,8.6141,8.7541,8.591,8.7422,68663.9
1775592000000,8.7424,9.4133,8.7114,9.2898,286986.9
1775606400000,9.2882,9.3383,9.1719,9.1764,258582.2
1775620800000,9.1804,9.2714,9.1804,9.2542,81721.9
1775635200000,9.2572,9.2724,9.1468,9.1824,50299.4
1775649600000,9.1894,9.258,8.9649,9.0281,280294.8
1775664000000,9.0236,9.1117,8.9349,8.9793,78620.9
1775678400000,8.9839,9.0323,8.8387,8.8565,38537.6
1775692800000,8.8503,8.8539,8.6867,8.7556,84493.9
1775707200000,8.7513,8.7933,8.7449,8.7496,33785.8
1775721600000,8.7525,8.7991,8.7375,8.7577,122831.8
1775736000000,8.76,8.9673,8.69,8.9354,130015.6
1775750400000,8.9499,9.0324,8.864,9.0037,126095.1
1775764800000,9.0032,9.1781,8.9328,8.935,132195.3
1775779200000,8.9434,9.0038,8.887,8.9101,29088.3
1775793600000,8.9124,8.9887,8.8863,8.8933,23412.6
1775808000000,8.8936,9.0115,8.8751,8.9833,43111.2
1775822400000,8.9851,9.158,8.9627,9.0507,212942.6
1775836800000,9.0558,9.1559,9.0333,9.1544,27853.4
1775851200000,9.1523,9.167,9.064,9.08,28588.3
1775865600000,9.0802,9.1099,9.0274,9.046,32513.2
1775880000000,9.0466,9.0749,8.9717,9.0024,26122.8
1775894400000,9.0052,9.0499,8.9864,9.0122,33032.4
1775908800000,9.0092,9.0428,8.9488,9.0256,64355.2
1775923200000,9.0267,9.284,9.0191,9.2646,152476.1
1775937600000,9.265,9.2698,9.045,9.0684,137973.0
1775952000000,9.0721,9.0799,8.7458,8.7905,141507.4
1775966400000,8.7877,8.8069,8.7542,8.7955,39945.8
1775980800000,8.7926,8.8057,8.7462,8.7821,36009.9
1775995200000,8.7763,8.8233,8.6887,8.7132,71793.6
1776009600000,8.7116,8.7943,8.701,8.759,81820.8
1776024000000,8.7599,8.8343,8.7116,8.7342,34664.6
1776038400000,8.7324,8.8325,8.7204,8.7784,41006.1
1776052800000,8.778,8.8082,8.7131,8.7267,40324.3
1776067200000,8.724,8.7527,8.6919,8.7305,62981.7
1776081600000,8.7293,8.9088,8.6849,8.8179,120331.5
1776096000000,8.818,9.0358,8.7744,9.0169,107530.0
1776110400000,9.0179,9.435,8.9526,9.3625,179641.1
1776124800000,9.3704,9.3872,9.183,9.2151,110293.0
1776139200000,9.2181,9.2455,9.135,9.2113,106174.6
1776153600000,9.216,9.2498,9.1592,9.1751,63530.4
1776168000000,9.1742,9.293,9.0613,9.1204,98436.1
1776182400000,9.1266,9.1756,8.9194,8.984,151402.1
1776196800000,8.9846,9.0531,8.9673,9.0158,56681.4
1776211200000,9.0183,9.1071,9.0168,9.0687,48168.6
1776225600000,9.0682,9.106,8.9924,9.0093,19415.8
1776240000000,9.0109,9.1418,9.0089,9.1349,37687.3
1776254400000,9.1344,9.24,9.1047,9.159,177599.8
1776268800000,9.1566,9.3673,9.1484,9.323,211572.4
1776283200000,9.3251,9.346,9.218,9.2567,45973.8
1776297600000,9.2602,9.3312,9.2066,9.2769,43349.9
1776312000000,9.2769,9.3578,9.2538,9.2945,40576.1
1776326400000,9.2925,9.3294,9.2105,9.2821,43555.2
1776340800000,9.2835,9.4609,9.1293,9.4545,254043.8
1776355200000,9.4549,9.6557,9.3034,9.6469,225016.3
1776369600000,9.6512,9.6767,9.4651,9.603,106081.3
1776384000000,9.6,9.6118,9.3913,9.4133,56753.9
1776398400000,9.4153,9.4688,9.3377,9.4656,70662.9
1776412800000,9.4684,9.6027,9.4511,9.5198,53613.7
1776427200000,9.5218,9.8639,9.459,9.7502,577538.5
1776441600000,9.7486,9.8244,9.6293,9.6714,121832.8
1776456000000,9.6678,9.7068,9.58,9.6164,41440.8
1776470400000,9.6077,9.6459,9.5414,9.5548,32904.0
1776484800000,9.5544,9.6255,9.5458,9.6003,33460.0
1776499200000,9.6011,9.6022,9.3361,9.4003,83314.6
1776513600000,9.4002,9.444,9.3057,9.3832,63638.4
1776528000000,9.3806,9.416,9.2556,9.2794,64576.0
1776542400000,9.2793,9.3387,9.2615,9.2782,35647.3
1776556800000,9.2795,9.2934,9.1594,9.2247,42363.9
1776571200000,9.2258,9.2819,9.1031,9.1747,63822.4
1776585600000,9.1677,9.2178,9.1085,9.2141,64068.3
1776600000000,9.2135,9.3697,9.1982,9.2771,66310.3
1776614400000,9.2808,9.2888,9.1085,9.1789,48374.6
1776628800000,9.1789,9.1789,8.9968,9.0585,93158.6
1776643200000,9.0586,9.2001,9.0485,9.1893,60445.2
1776657600000,9.1901,9.361,9.0971,9.2413,55759.0
1776672000000,9.2424,9.3074,9.1524,9.2125,64792.6
1776686400000,9.2119,9.2884,9.1333,9.2592,80493.9
1776700800000,9.263,9.3438,9.201,9.3226,73113.6
1776715200000,9.3191,9.4,9.2609,9.2828,31672.8
1776729600000,9.2841,9.3489,9.2373,9.2854,45034.5
1776744000000,9.2838,9.3882,9.2676,9.3617,28211.5
1776758400000,9.361,9.4889,9.3513,9.4109,70734.1
1776772800000,9.4106,9.4747,9.3296,9.41,103044.2
1776787200000,9.4144,9.4379,9.236,9.2638,62938.1
1776801600000,9.2602,9.4075,9.2591,9.3948,40028.3
1776816000000,9.3942,9.5255,9.3744,9.5061,49505.3
1776830400000,9.5049,9.5533,9.4736,9.5079,66125.6
1776844800000,9.5018,9.543,9.4732,9.5272,28174.3
1776859200000,9.528,9.5489,9.4574,9.4863,88194.3
1776873600000,9.4864,9.5049,9.373,9.4133,54203.2
1776888000000,9.4116,9.4162,9.2822,9.2843,52850.2
1776902400000,9.2856,9.306,9.1449,9.172,69882.8
1776916800000,9.1652,9.2605,9.1614,9.2277,54632.7
1776931200000,9.2324,9.272,9.1592,9.2572,112532.9
1776945600000,9.2571,9.3835,9.2409,9.3439,102654.6
1776960000000,9.3436,9.3529,9.1445,9.2746,106119.6
1776974400000,9.2684,9.3551,9.2679,9.3445,57382.2
1776988800000,9.3448,9.3853,9.2513,9.2879,30210.8
1777003200000,9.2915,9.3097,9.2442,9.2824,25885.5
1777017600000,9.2871,9.3791,9.2497,9.3536,32433.4
1777032000000,9.3569,9.386,9.2924,9.3638,65626.5
1777046400000,9.366,9.4269,9.3229,9.4026,57437.5
1777060800000,9.401,9.439,9.3551,9.3704,21955.3
1777075200000,9.3704,9.427,9.3489,9.4187,18906.1
1777089600000,9.4211,9.4416,9.3884,9.4055,17288.0
1777104000000,9.394,9.4334,9.367,9.385,21899.9
1777118400000,9.3863,9.4136,9.327,9.3404,15233.7
1777132800000,9.3385,9.3606,9.2814,9.3005,42163.3
1777147200000,9.3013,9.3559,9.288,9.3382,20175.4
1777161600000,9.3413,9.3418,9.2945,9.322,36086.9
1777176000000,9.3133,9.4204,9.31,9.4189,24087.5
1777190400000,9.4187,9.4849,9.402,9.4708,57341.9
1777204800000,9.4666,9.4976,9.4167,9.4906,31374.6
1777219200000,9.4917,9.5351,9.43,9.4806,55582.0
1777233600000,9.4861,9.5161,9.4155,9.4847,34911.2
1777248000000,9.4838,9.5886,9.4424,9.5443,79300.8
1777262400000,9.5443,9.558,9.2963,9.3091,94362.8
1777276800000,9.305,9.354,9.3014,9.3339,33305.6
1777291200000,9.3328,9.3684,9.1547,9.1761,106339.0
1777305600000,9.175,9.25,9.1612,9.2124,37917.4
1777320000000,9.2158,9.3333,9.2101,9.3214,48063.2
1777334400000,9.3225,9.3296,9.2484,9.2821,56833.6
1777348800000,9.283,9.3141,9.2077,9.2561,40753.9
1777363200000,9.2539,9.2729,9.1775,9.1942,62228.3
1777377600000,9.203,9.2487,9.148,9.221,48743.7
1777392000000,9.2175,9.2792,9.1903,9.2746,34171.2
1777406400000,9.2814,9.287,9.2223,9.242,11147.8
1777420800000,9.2413,9.3201,9.2132,9.3058,47119.8
1777435200000,9.3139,9.3954,9.3007,9.3162,36177.8
1777449600000,9.3215,9.4126,9.2671,9.3533,60367.8
1777464000000,9.3563,9.357,9.0741,9.0939,98356.9
1777478400000,9.086,9.1589,8.9029,9.001,149571.0
1777492800000,9.0101,9.1313,9.0079,9.1131,34729.5
1777507200000,9.1142,9.1803,9.0608,9.1059,33864.6
1777521600000,9.1012,9.1242,9.02,9.1233,25642.4
1777536000000,9.1263,9.1614,9.0915,9.121,72644.6
1777550400000,9.1216,9.1722,9.0808,9.1294,64488.4
1777564800000,9.1313,9.1485,9.0866,9.1298,37126.9
1777579200000,9.1275,9.1427,9.0777,9.1007,17887.7
1777593600000,9.1013,9.2045,9.1006,9.1638,21858.1
1777608000000,9.1642,9.1794,9.1271,9.1491,18135.5
1777622400000,9.1498,9.1857,9.1166,9.1488,58425.9
1777636800000,9.1462,9.277,9.1399,9.2254,121767.2
1777651200000,9.226,9.2471,9.1689,9.1723,39144.8
1777665600000,9.173,9.1745,9.0667,9.0926,69707.3
1777680000000,9.093,9.1279,9.0822,9.1195,12493.5
1777694400000,9.116,9.1168,9.066,9.0851,37386.2
1777708800000,9.0842,9.1012,9.0695,9.072,50251.7
1777723200000,9.072,9.202,9.0699,9.1603,81900.2
1777737600000,9.1606,9.1718,9.119,9.1659,45734.9
1777752000000,9.1667,9.2509,9.1586,9.1795,102349.4
1777766400000,9.1801,9.187,9.0778,9.0916,36624.9
1777780800000,9.0907,9.1296,9.0656,9.1136,109658.1
1777795200000,9.1143,9.1981,9.1076,9.1726,57101.2
1777809600000,9.176,9.2072,9.123,9.1526,53118.7
1777824000000,9.1592,9.1721,9.1332,9.1595,15946.2
1777838400000,9.1594,9.2246,9.111,9.1232,41279.7
1777852800000,9.1248,9.3518,9.0873,9.3469,94673.7
1777867200000,9.3497,9.4054,9.2569,9.3217,54617.0
1777881600000,9.3178,9.6486,9.2904,9.4272,165805.3
1777896000000,9.4264,9.5451,9.3526,9.4308,180917.4
1777910400000,9.418,9.5182,9.3536,9.3919,101685.8
1777924800000,9.3941,9.4236,9.32,9.3539,92789.3
1777939200000,9.3573,9.5472,9.3553,9.5105,157165.6
1777953600000,9.5115,9.6342,9.4947,9.6049,44374.0
1777968000000,9.6072,9.7383,9.5174,9.7357,134548.9
1777982400000,9.7382,9.8181,9.6444,9.7316,172806.0
1777996800000,9.732,9.7463,9.669,9.7286,93816.5
1778011200000,9.73,9.8498,9.7297,9.77,145310.9
1778025600000,9.7691,9.8706,9.7606,9.8594,129321.9
1778040000000,9.8631,9.9161,9.7891,9.8746,95716.6
1778054400000,9.8727,10.249,9.8676,10.181,230106.2
1778068800000,10.181,10.209,9.8832,10.038,165369.7
1778083200000,10.034,10.08,9.9427,10.019,118700.6
1778097600000,10.017,10.06,9.9394,9.9991,46579.7
1778112000000,9.9975,10.008,9.8495,9.867,58013.9
1778126400000,9.8675,10.129,9.864,10.122,61414.2
1778140800000,10.123,10.123,9.9557,10.025,67292.9
1778155200000,10.022,10.075,9.8043,9.8576,183202.5
1778169600000,9.8619,9.9468,9.8099,9.8918,87972.0
1778184000000,9.8932,9.941,9.8096,9.8477,34094.7
1778198400000,9.8534,9.883,9.7634,9.862,54760.8
1778212800000,9.8578,9.893,9.796,9.8919,131376.2
1778227200000,9.892,9.9488,9.8386,9.9377,65278.5
1778241600000,9.9403,10.098,9.8857,10.093,118868.3
1778256000000,10.094,10.522,10.037,10.375,431806.0
1778270400000,10.376,10.401,10.277,10.351,211741.4
1778284800000,10.351,10.614,10.322,10.554,178963.4
1778299200000,10.552,10.615,10.456,10.468,115494.1
1778313600000,10.468,10.509,10.4,10.466,97680.6
1778328000000,10.464,10.484,10.281,10.335,89932.6
1778342400000,10.335,10.454,10.308,10.442,86531.6
1778356800000,10.446,10.449,10.356,10.374,44369.4
1778371200000,10.373,10.393,10.28,10.348,63871.6
1778385600000,10.349,10.457,10.339,10.423,139370.3
1778400000000,10.424,10.555,10.417,10.48,67326.9
1778414400000,10.479,10.629,10.45,10.628,91353.7
1778428800000,10.627,10.875,10.598,10.851,220544.0
1778443200000,10.85,10.882,10.45,10.729,416973.0
1778457600000,10.729,10.767,10.437,10.539,324616.5
1778472000000,10.537,10.621,10.472,10.535,76664.8
1778486400000,10.532,10.663,10.519,10.582,97071.0
1778500800000,10.585,10.606,10.401,10.583,199879.8
1778515200000,10.589,10.701,10.54,10.69,246487.5
1778529600000,10.683,10.714,10.548,10.606,93835.5
1778544000000,10.605,10.605,10.402,10.47,146429.6
1778558400000,10.469,10.533,10.382,10.441,192967.2
1778572800000,10.439,10.448,10.232,10.27,262409.2
1778587200000,10.265,10.364,10.114,10.155,285436.2
1778601600000,10.158,10.325,10.13,10.317,417215.2
1778616000000,10.321,10.354,10.28,10.284,71844.5
1778630400000,10.285,10.486,10.269,10.471,137224.9
1778644800000,10.474,10.59,10.399,10.58,518291.7
1778659200000,10.582,10.812,10.473,10.484,577967.8
1778673600000,10.483,10.51,10.036,10.064,392157.4
1778688000000,10.064,10.243,10.061,10.165,81583.7
1778702400000,10.167,10.224,10.114,10.211,62789.2
1778716800000,10.218,10.269,10.097,10.105,53709.2
1778731200000,10.108,10.322,10.089,10.224,41963.1
1778745600000,10.231,10.287,10.183,10.234,100857.6
1778760000000,10.232,10.701,10.207,10.658,468242.2
1778774400000,10.651,10.775,10.571,10.625,357580.7
1778788800000,10.63,10.649,10.47,10.485,97440.2
1778803200000,10.486,10.563,10.357,10.418,90310.1
1778817600000,10.412,10.415,10.209,10.37,73343.6
1778832000000,10.371,10.375,10.25,10.305,67942.2
1778846400000,10.308,10.317,9.9592,10.025,510854.0
1778860800000,10.022,10.134,10.002,10.058,98181.2
1778875200000,10.06,10.083,10.022,10.065,89629.3
1778889600000,10.066,10.091,10.038,10.063,30499.2
1778904000000,10.06,10.062,9.7248,9.8157,189023.8
1778918400000,9.8147,9.83,9.6111,9.648,200808.6
1778932800000,9.6477,9.7098,9.6182,9.7046,79729.4
1778947200000,9.7004,9.775,9.699,9.7454,80075.8
1778961600000,9.7471,9.7706,9.7083,9.7178,43633.5
1778976000000,9.7213,9.737,9.6244,9.7211,77878.3
1778990400000,9.7211,9.8249,9.7144,9.7724,70467.4
1779004800000,9.7769,9.8439,9.7513,9.7925,48565.3
1779019200000,9.7948,9.8385,9.656,9.7181,190436.7
1779033600000,9.7144,9.7671,9.652,9.756,68883.5
1779048000000,9.7558,9.772,9.3202,9.5628,171634.1
1779062400000,9.5601,9.5796,9.4534,9.5106,99414.1
1779076800000,9.5143,9.5719,9.4127,9.4742,123676.9
1779091200000,9.4734,9.5685,9.4004,9.5107,57728.0
1779105600000,9.5134,9.606,9.3421,9.4183,171287.7
1779120000000,9.4176,9.5308,9.2973,9.5084,178406.7
1779134400000,9.5122,9.6153,9.4722,9.6079,52382.9
1779148800000,9.6073,9.7291,9.5828,9.7023,63833.1
1779163200000,9.7024,9.825,9.6624,9.7953,113144.5
1779177600000,9.8001,9.8001,9.5301,9.5439,147820.4
1779192000000,9.5424,9.6169,9.4405,9.4807,90840.2
1779206400000,9.4899,9.5661,9.4596,9.4706,66328.9
1779220800000,9.4697,9.4934,9.4342,9.4504,59400.3
1779235200000,9.4503,9.5076,9.3802,9.4897,56544.1
1779249600000,9.4926,9.6351,9.4655,9.5831,60007.1
1779264000000,9.5815,9.638,9.5309,9.5467,117651.7
1779278400000,9.5403,9.661,9.4828,9.6327,160058.9
1779292800000,9.6356,9.6913,9.5615,9.6623,107199.0
1779307200000,9.657,9.6716,9.5635,9.636,96428.1
1779321600000,9.6343,9.7669,9.6304,9.7619,79240.6
1779336000000,9.7613,9.7772,9.6233,9.6939,63064.5
1779350400000,9.6898,9.7619,9.5184,9.5484,75083.2
1779364800000,9.5489,9.6853,9.5225,9.6475,59558.9
1779379200000,9.6555,9.8532,9.612,9.8025,145938.3
1779393600000,9.8036,9.8119,9.7021,9.7525,68741.2
1779408000000,9.7546,9.8346,9.7136,9.8266,88724.7
1779422400000,9.8271,9.8672,9.7531,9.8231,85709.1
1779436800000,9.8228,9.9031,9.7692,9.9007,138751.2
1779451200000,9.8898,10.035,9.7412,9.8113,347008.2
1779465600000,9.8111,9.8564,9.37,9.4684,660023.3
1779480000000,9.4674,9.5791,9.3645,9.411,356241.6
1779494400000,9.4152,9.4348,9.3461,9.4031,137604.2
1779508800000,9.4032,9.4085,9.0523,9.1207,344522.3
1779523200000,9.1204,9.2157,9.0932,9.1773,124920.1
1779537600000,9.1773,9.3614,9.1524,9.3101,168533.8
1779552000000,9.3102,9.4202,9.2782,9.3975,91946.7
1779566400000,9.4007,9.7755,9.3736,9.5548,467032.7
1779580800000,9.5615,9.6135,9.5204,9.5367,73715.7
1779595200000,9.5411,9.625,9.488,9.5439,45789.5
1779609600000,9.5572,9.642,9.5389,9.5887,134513.9
1779624000000,9.5922,9.5928,9.3351,9.4266,80882.5
1779638400000,9.4263,9.4831,9.4056,9.4246,75186.6
1779652800000,9.4319,9.453,9.2291,9.4282,89257.8
1779667200000,9.428,9.485,9.3649,9.3865,44024.9
1779681600000,9.3878,9.54,9.38,9.5169,69431.3
1779696000000,9.5183,9.6019,9.4935,9.5308,50443.6
1779710400000,9.5317,9.6575,9.5149,9.599,70315.0
1779724800000,9.5983,9.663,9.5199,9.5455,99597.2
1779739200000,9.5462,9.5699,9.4492,9.5066,173084.2
1779753600000,9.5048,9.508,9.3676,9.4121,241816.6
1779768000000,9.4155,9.5639,9.4101,9.4776,248453.5
1779782400000,9.4822,9.646,9.4587,9.5757,149378.3
1779796800000,9.576,9.6912,9.4022,9.4709,518430.7
1779811200000,9.4725,9.4781,9.3471,9.402,271368.6
1779825600000,9.4043,9.4319,9.3472,9.3833,156349.9
1779840000000,9.3853,9.475,9.3853,9.3988,55878.2
1779854400000,9.3941,9.4519,9.3061,9.4442,165619.9
1779868800000,9.4429,9.4504,9.3366,9.3516,58781.3
1779883200000,9.36,9.486,9.2757,9.4376,316063.5
1779897600000,9.4409,9.461,9.2349,9.3287,222168.1
1779912000000,9.3277,9.3581,9.1227,9.1433,515278.5
1779926400000,9.1428,9.1597,8.676,8.8818,1919893.5
1779940800000,8.8819,8.9125,8.7485,8.9019,946583.5
1779955200000,8.8991,8.9306,8.8408,8.8634,65897.6
1779969600000,8.8623,8.9572,8.791,8.8914,301471.0
1779984000000,8.8904,9.084,8.8614,8.9878,114578.1
1779998400000,8.9914,9.0633,8.9572,9.0041,50696.1
1780012800000,8.9989,9.0465,8.9354,8.9403,61829.1
1780027200000,8.9414,9.04,8.9063,8.9994,30666.1
1780041600000,8.9947,9.0487,8.917,8.9393,40855.0
1780056000000,8.9391,9.1316,8.7918,9.0631,236615.0
1780070400000,9.0658,9.1376,8.9221,8.9961,98500.0
1780084800000,8.9977,9.04,8.9495,9.0194,35948.8
1780099200000,9.02,9.3105,9.0165,9.2396,85172.5
1780113600000,9.2415,9.273,9.0851,9.1574,155207.2
1780128000000,9.1578,9.1736,9.1091,9.135,141271.0
1780142400000,9.1359,9.2317,9.1272,9.1989,121573.3
1780156800000,9.2018,9.262,9.189,9.2585,76773.4
1780171200000,9.2607,9.282,9.1565,9.1827,75825.7
1780185600000,9.1879,9.2987,9.1795,9.2608,46410.8
1780200000000,9.2559,9.2617,9.1692,9.1984,51645.0
1780214400000,9.198,9.2741,9.1604,9.227,53333.4
1780228800000,9.2226,9.264,9.0681,9.0956,110819.8
1780243200000,9.0914,9.1073,8.9836,9.0365,175501.0
1780257600000,9.0348,9.2183,9.0348,9.1378,49058.7
1780272000000,9.1428,9.205,9.0287,9.1753,51855.8
1780286400000,9.1757,9.1943,8.9471,8.9631,66635.5
1780300800000,8.9657,9.0457,8.9304,8.994,52393.8
1780315200000,8.998,9.0312,8.843,8.91,92516.5
1780329600000,8.9164,9.1172,8.862,9.0783,106066.9
1780344000000,9.081,9.0863,8.9429,9.054,53024.7
1780358400000,9.055,9.0681,8.7992,9.0142,74403.7
1780372800000,9.0175,9.0306,8.7882,8.8406,33399.4
1780387200000,8.843,8.8665,8.7714,8.815,74158.2
1780401600000,8.8126,8.87,8.482,8.5628,267404.8
1780416000000,8.5611,8.7349,8.3804,8.5164,301514.4
1780430400000,8.5204,8.585,8.2447,8.3676,158050.4
1780444800000,8.3711,8.4305,8.17,8.2229,77666.2
1780459200000,8.2255,8.5702,8.2255,8.5481,118120.5
1780473600000,8.547,8.6133,8.4622,8.5369,116213.3
1780488000000,8.5352,8.5606,8.375,8.3776,114524.0
1780502400000,8.3776,8.387,8.1906,8.21,251626.8
1780516800000,8.2111,8.4662,8.11,8.3303,190223.7
1780531200000,8.3301,8.3943,7.7909,8.2963,399027.7
1780545600000,8.2949,8.3319,8.064,8.0655,99519.4
1780560000000,8.0694,8.0883,7.8069,7.9342,207755.6
1780574400000,7.938,8.128,7.9037,8.048,114666.2
1780588800000,8.0454,8.1259,7.957,8.0591,90044.1
1780603200000,8.0558,8.0686,7.8843,8.0124,125937.3
1780617600000,8.0106,8.0361,7.7635,7.7783,81218.8
1780632000000,7.7867,7.8907,7.3331,7.626,221562.1
1780646400000,7.6151,7.6769,7.501,7.5586,112670.4
1780660800000,7.5547,7.6552,7.2431,7.2999,236953.9
1780675200000,7.288,7.5102,7.1151,7.3016,239727.2
1780689600000,7.3036,7.5425,7.218,7.368,258135.1
1780704000000,7.3676,7.4503,7.2462,7.2707,75965.9
1780718400000,7.2705,7.3976,6.9871,7.3879,275366.0
1780732800000,7.3909,7.4624,7.1952,7.3112,92079.3
1780747200000,7.3146,7.4307,7.276,7.38,92387.5
1780761600000,7.3774,7.4093,7.29,7.2967,73681.9
1780776000000,7.2991,7.4053,7.2808,7.3891,69081.6
1780790400000,7.3943,7.5988,7.3716,7.5745,85339.5
1780804800000,7.5759,7.72,7.5275,7.7132,67886.6
1780819200000,7.7111,7.8454,7.667,7.7608,101474.3
1780833600000,7.7608,7.7964,7.615,7.7236,127365.9
1780848000000,7.73,7.773,7.5542,7.5905,107910.8
1780862400000,7.5913,8.0309,7.5687,7.9092,105138.7
1780876800000,7.914,8.011,7.82,7.8531,69033.5
1780891200000,7.8558,7.931,7.7208,7.9064,60333.2
1780905600000,7.9032,8.0017,7.8454,7.9624,73347.6
1780920000000,7.9652,8.1107,7.8827,8.0203,254877.3
1780934400000,8.0282,8.0713,7.9652,8.0593,46195.1
1780948800000,8.0623,8.1226,7.9738,7.9961,65718.7
1780963200000,7.9962,8.01,7.7947,7.8873,87015.9
1780977600000,7.8794,8.0249,7.852,7.9305,96344.5
1780992000000,7.9348,7.9364,7.836,7.8851,88787.4
1781006400000,7.8825,7.9479,7.6996,7.7182,377127.7
1781020800000,7.7137,7.8967,7.6459,7.8759,339164.3
1781035200000,7.8747,7.9289,7.8036,7.8333,66970.5
1781049600000,7.837,7.87,7.7115,7.7457,30531.6
1781064000000,7.7491,7.8029,7.657,7.7762,41099.1
1781078400000,7.778,7.779,7.6121,7.6403,117698.5
1781092800000,7.64,7.894,7.6254,7.801,155689.1
1781107200000,7.805,7.8188,7.5968,7.6163,91872.7
1781121600000,7.6171,7.6308,7.4829,7.5635,75476.0
1781136000000,7.5587,7.8316,7.5587,7.802,90924.4
1781150400000,7.799,7.8182,7.7441,7.7672,43774.1
1781164800000,7.769,7.8747,7.769,7.8534,80013.9
1781179200000,7.8558,7.8559,7.71,7.7537,51702.5
1781193600000,7.754,7.9815,7.683,7.936,196410.5
1781208000000,7.9394,7.9553,7.869,7.8854,62844.2
1781222400000,7.886,7.9273,7.8507,7.9023,38732.8
1781236800000,7.9019,7.9309,7.7475,7.8108,57810.8
1781251200000,7.8109,7.938,7.8109,7.8976,33028.2
1781265600000,7.894,8.0061,7.7816,7.812,121805.6
1781280000000,7.8142,7.9123,7.8,7.8364,52315.6
1781294400000,7.8388,7.8711,7.8144,7.8615,22109.2
1781308800000,7.8634,7.9457,7.8578,7.8889,29813.5
1781323200000,7.8872,7.9654,7.8516,7.9582,35611.4
1781337600000,7.961,7.991,7.944,7.9884,47714.6
1781352000000,7.9892,8.0419,7.9765,8.0235,60638.5
1781366400000,8.0246,8.026,7.9453,7.9888,58009.4
1781380800000,7.9884,8.0464,7.9524,7.9798,21845.8
1781395200000,7.9814,8.0025,7.948,7.9605,21496.2
1781409600000,7.9598,7.9598,7.8819,7.9018,29774.4
1781424000000,7.9018,7.9465,7.8806,7.9227,32192.0
1781438400000,7.9225,7.9271,7.7894,7.8379,51543.8
1781452800000,7.8367,7.87,7.7849,7.8162,36988.3
1781467200000,7.8182,8.1992,7.8062,8.1835,260828.6
1781481600000,8.1835,8.2345,8.1078,8.1953,389566.5
1781496000000,8.1969,8.23,8.1511,8.1845,65243.3
1781510400000,8.1842,8.4516,8.1656,8.3143,229984.0
1781524800000,8.3116,8.6005,8.2844,8.5642,160338.1
1781539200000,8.5619,8.5873,8.3774,8.3975,224619.7
1781553600000,8.4031,8.4246,8.2482,8.2967,131848.3
1781568000000,8.2953,8.3346,8.15,8.252,54429.1
1781582400000,8.2503,8.292,8.1785,8.2858,46661.1
1781596800000,8.2849,8.4228,8.2726,8.3338,55779.3
1781611200000,8.3331,8.4758,8.0857,8.1949,143926.3
1781625600000,8.1942,8.3281,8.1638,8.256,172732.5
1781640000000,8.2529,8.3469,8.2415,8.2749,50071.2
1781654400000,8.2733,8.4117,8.2592,8.349,58359.8
1781668800000,8.3524,8.3921,8.2646,8.2874,21297.5
1781683200000,8.289,8.2922,8.1116,8.1521,32830.9
1781697600000,8.152,8.2942,8.0782,8.2909,326490.9
1781712000000,8.2923,8.363,8.0042,8.0337,122309.9
1781726400000,8.0335,8.102,7.9393,8.0869,87480.4
1781740800000,8.0869,8.132,8.0118,8.029,77615.5
1781755200000,8.0265,8.0404,7.8878,8.027,64364.2
1781769600000,8.0271,8.0616,7.97,7.9853,84406.3
1781784000000,7.985,8.123,7.7687,7.7893,132366.4
1781798400000,7.7802,7.935,7.7802,7.9209,75683.3
1781812800000,7.9196,8.0179,7.9196,8.0152,36063.3
1781827200000,8.0151,8.041,7.8207,7.8734,44886.6
1781841600000,7.8769,7.9157,7.8063,7.843,43684.1
1781856000000,7.8494,7.8725,7.8,7.809,21436.4
1781870400000,7.818,7.9479,7.7672,7.9003,43807.1
1781884800000,7.9022,7.9316,7.8455,7.8739,42827.6
1781899200000,7.8779,7.961,7.8474,7.9462,52950.5
1781913600000,7.9461,7.9596,7.8625,7.8922,19982.3
1781928000000,7.8921,8.0109,7.8812,7.9587,30230.8
1781942400000,7.9616,7.9797,7.9264,7.9373,32313.5
1781956800000,7.9372,8.003,7.8202,7.9652,65995.1
1781971200000,7.9659,7.9665,7.8639,7.8931,13123.1
1781985600000,7.8988,8.0137,7.888,7.9877,20861.9
1782000000000,7.9878,7.9916,7.9345,7.9652,16083.6
1782014400000,7.967,7.9817,7.9153,7.9464,10094.9
1782028800000,7.9463,8.0089,7.8972,7.93,19561.3
1782043200000,7.9316,7.9884,7.9001,7.9827,20278.4
1782057600000,7.9862,7.9868,7.9068,7.9492,36422.9
1782072000000,7.951,7.9576,7.767,7.7774,96941.1
1782086400000,7.7799,8.0168,7.7788,7.8662,43638.2
1782100800000,7.8661,7.9912,7.854,7.9645,48491.3
1782115200000,7.9646,8.0935,7.9462,8.0852,91766.0
1782129600000,8.0869,8.1528,7.9734,7.9835,170979.8
1782144000000,7.9847,7.995,7.884,7.9162,215855.4
1782158400000,7.9149,7.9373,7.8208,7.8712,75907.9
1782172800000,7.8698,7.9127,7.8275,7.9003,63707.6
1782187200000,7.9015,7.9056,7.642,7.6575,247861.7
1782201600000,7.6592,7.6661,7.4673,7.6099,163956.9
1782216000000,7.6111,7.6928,7.541,7.6172,379986.7
1782230400000,7.6174,7.664,7.5429,7.5805,64444.7
1782244800000,7.576,7.6472,7.5694,7.6381,21640.0
1782259200000,7.6318,7.66,7.5475,7.5792,61372.1
1782273600000,7.5816,7.6679,7.5259,7.6028,35310.5
1782288000000,7.6033,7.6936,7.533,7.6287,240514.3
1782302400000,7.6297,7.636,7.36,7.3619,375659.6
1782316800000,7.36,7.4467,7.1169,7.2392,229838.7
1782331200000,7.238,7.476,7.2285,7.4195,176933.0
1782345600000,7.4246,7.4415,7.381,7.399,96694.2
1782360000000,7.4012,7.5474,7.3789,7.5329,89339.4
1782374400000,7.5322,7.5327,7.4201,7.4359,42597.2
1782388800000,7.4351,7.5011,7.0018,7.2162,296959.9
1782403200000,7.2111,7.2795,7.1278,7.1704,111914.1
1782417600000,7.1755,7.2955,7.174,7.2378,92236.7
1782432000000,7.2478,7.2618,7.0117,7.1993,89053.3
1782446400000,7.1998,7.3346,7.1518,7.3245,102914.7
1782460800000,7.3245,7.3281,7.1209,7.1429,126918.6
1782475200000,7.1446,7.3569,7.06,7.3306,185550.9
1782489600000,7.3374,7.3979,7.2872,7.3275,84350.7
1782504000000,7.3243,7.3842,7.2891,7.3511,79139.4
1782518400000,7.354,7.4139,7.3229,7.3654,44370.2
1782532800000,7.3637,7.4023,7.3447,7.3844,25330.6
1782547200000,7.385,7.385,7.3295,7.3567,69515.0
1782561600000,7.3566,7.4715,7.3417,7.4513,87415.4
1782576000000,7.4526,7.4648,7.3028,7.3222,79856.3
1782590400000,7.3204,7.3432,7.2481,7.2938,45486.7
1782604800000,7.2928,7.3131,7.2684,7.3034,20201.5
1782619200000,7.3027,7.3052,7.2167,7.2985,49928.9
1782633600000,7.301,7.3525,7.2279,7.2854,44247.6
1782648000000,7.2851,7.324,7.237,7.3086,27342.1
1782662400000,7.3123,7.3144,7.1938,7.2249,43260.7
1782676800000,7.2245,7.2924,7.1575,7.2675,42627.4
1782691200000,7.266,7.363,7.1797,7.3279,52387.9
1782705600000,7.3274,7.3509,7.2177,7.3208,55445.2
1782720000000,7.3206,7.3592,7.2741,7.3016,53762.4
1782734400000,7.3049,7.4059,7.2,7.3276,254524.6
1782748800000,7.3289,7.4991,7.2817,7.4732,214091.3
1782763200000,7.474,7.4756,7.3718,7.3797,38404.7
1782777600000,7.3793,7.3973,7.275,7.2932,52641.3
1782792000000,7.292,7.325,7.2672,7.3034,71153.2
1782806400000,7.3001,7.3054,7.2422,7.2559,54635.4
1782820800000,7.2559,7.2707,7.1211,7.1544,105405.5
1782835200000,7.1574,7.2303,7.1238,7.2141,55028.6
1782849600000,7.2108,7.2145,7.1508,7.2,31347.9
1782864000000,7.199,7.3088,7.0731,7.2914,87242.6
1782878400000,7.2927,7.3363,7.1782,7.202,48911.5
1782892800000,7.197,7.262,7.1749,7.2188,29875.3
1782907200000,7.2203,7.458,7.1906,7.4151,134710.1
1782921600000,7.417,7.443,7.3512,7.3747,63585.7
1782936000000,7.378,7.5344,7.3455,7.3611,130297.8
1782950400000,7.3562,7.5499,7.3028,7.5408,1802824.0
1782964800000,7.5429,7.543,7.4281,7.4497,45877.6
1782979200000,7.4561,7.6687,7.4476,7.6562,145437.0
1782993600000,7.653,7.9464,7.6475,7.7903,318475.0
1783008000000,7.7894,7.82,7.726,7.745,80907.3
1783022400000,7.7486,7.7643,7.6979,7.7505,59031.9
1783036800000,7.7486,7.8326,7.727,7.7706,230998.8
1783051200000,7.7705,7.8107,7.7303,7.7704,33358.1
1783065600000,7.7699,7.888,7.7678,7.8834,142106.4
1783080000000,7.8828,7.9021,7.817,7.849,141612.6
1783094400000,7.8507,7.9782,7.8171,7.955,69225.4
1783108800000,7.95,8.0381,7.9314,7.9804,121990.9
1783123200000,7.976,7.9923,7.8998,7.927,39501.1
1783137600000,7.9257,7.981,7.8951,7.9258,55394.2
1783152000000,7.9263,7.9457,7.8857,7.9157,55791.7
1783166400000,7.9137,8.1032,7.9136,8.0911,76684.9
1783180800000,8.0888,8.18,8.0588,8.0792,87116.0
1783195200000,8.0782,8.0925,7.9764,8.0079,41518.0
1783209600000,8.0067,8.0116,7.8759,7.8953,66301.6
1783224000000,7.8939,7.9339,7.854,7.9289,50977.9
1783238400000,7.9271,7.945,7.8408,7.8967,54929.5
1783252800000,7.8911,8.0091,7.8779,7.9662,65546.0
1783267200000,7.9669,8.0414,7.9407,8.0164,62446.7
1783281600000,8.0192,8.1538,7.977,8.0649,45203.4
1783296000000,8.0637,8.1332,7.9759,7.9956,40168.4
1783310400000,7.9971,8.0071,7.9061,7.9563,33395.8
1783324800000,7.9554,7.9887,7.8859,7.9255,50040.3
1783339200000,7.924,8.0302,7.7625,8.0263,136711.2
1783353600000,8.0246,8.0867,7.99,8.0092,90316.1
1783368000000,8.0084,8.1846,7.979,8.0204,130398.3
1783382400000,8.0223,8.07,7.8801,7.8848,68380.5
1783396800000,7.8868,7.9489,7.8147,7.9094,30817.3
1783411200000,7.9091,7.9584,7.888,7.9293,25954.1
1783425600000,7.9311,8.0246,7.8002,7.9995,96999.7
1783440000000,8.0003,8.0506,7.8626,7.9315,85830.3
1783454400000,7.9308,7.943,7.8011,7.8514,48856.8
1783468800000,7.8643,7.894,7.6685,7.695,167546.4
1783483200000,7.6961,7.73,7.6504,7.702,27557.7
1783497600000,7.6995,7.7205,7.543,7.6342,52541.2
1783512000000,7.6321,7.6419,7.5229,7.5501,55821.8
1783526400000,7.5519,7.6608,7.5439,7.6441,66793.7
1783540800000,7.6424,7.6593,7.5901,7.6394,60688.2
1783555200000,7.641,7.7082,7.5729,7.619,34999.3
1783569600000,7.6259,7.784,7.6152,7.7254,30577.2
1783584000000,7.7276,7.77,7.7033,7.7374,46581.6
1783598400000,7.7361,7.7729,7.6772,7.7003,38213.5
1783612800000,7.7015,7.8091,7.6734,7.7678,41992.8
1783627200000,7.7703,7.7865,7.7236,7.733,30857.6
1783641600000,7.7318,7.9381,7.7095,7.9077,122851.9
1783656000000,7.9095,7.9281,7.8778,7.8996,31522.1
1783670400000,7.8998,8.017,7.8985,7.9877,54569.7
1783684800000,7.9894,8.0181,7.8571,7.92,76461.9
1783699200000,7.9227,7.9725,7.8877,7.919,51072.8
1783713600000,7.9194,7.9718,7.8976,7.9718,31344.4
1783728000000,7.9695,8.0079,7.941,7.9984,40265.6
1783742400000,7.9979,8.0219,7.9747,7.9919,19667.4
1783756800000,7.9899,8.0122,7.9742,8.0071,65781.1
1783771200000,8.0082,8.0931,7.9979,8.061,112504.2
1783785600000,8.0621,8.1214,8.039,8.0833,112004.5
1783800000000,8.083,8.0853,7.9075,7.9135,89819.3
1783814400000,7.9135,8.0431,7.8608,8.0372,60084.6
1783828800000,8.0394,8.0462,7.9284,7.9736,18544.5
1783843200000,7.9737,8.0379,7.9703,8.0308,35917.4
1783857600000,8.0296,8.0956,8.0125,8.0703,63847.2
1783872000000,8.0731,8.0822,8.0199,8.0764,27908.1
1783886400000,8.0771,8.1025,7.9475,7.9963,94804.2
1783900800000,7.9975,8.1341,7.8701,7.9185,133272.4
1783915200000,7.9144,7.9943,7.8855,7.9772,47296.0
1783929600000,7.9857,8.0168,7.935,7.935,16813.7
1783944000000,7.936,7.9952,7.858,7.939,136217.8
1783958400000,7.9388,7.9549,7.7945,7.9051,114925.7
1783972800000,7.9041,7.9129,7.799,7.8879,26630.4
1783987200000,7.8891,7.9585,7.8656,7.9169,81912.0
1784001600000,7.9174,7.9905,7.9149,7.9241,24098.5
1784016000000,7.924,7.9937,7.8971,7.9877,32048.1
1784030400000,7.9915,8.4001,7.952,8.2964,218269.4
1784044800000,8.3036,8.316,8.2048,8.2913,47898.2
1784059200000,8.2945,8.3506,8.2501,8.3443,32306.6
1784073600000,8.3475,8.3594,8.2693,8.3249,120247.4
1784088000000,8.3215,8.4134,8.3122,8.3343,35482.0
1784102400000,8.3333,8.4369,8.3333,8.4269,97349.6
1784116800000,8.4282,8.6414,8.406,8.5555,266839.5
1784131200000,8.5543,8.5709,8.425,8.5018,107791.5
1784145600000,8.505,8.5811,8.4962,8.5422,37253.3
1784160000000,8.541,8.5658,8.4552,8.533,67491.9
1784174400000,8.5296,8.5741,8.4667,8.5161,79792.3
1784188800000,8.5162,8.521,8.4019,8.4451,107488.1
1784203200000,8.4454,8.4937,8.3717,8.4446,105074.3
1784217600000,8.4448,8.4519,8.353,8.4064,84276.3
1784232000000,8.4035,8.4581,8.3101,8.3384,91419.2
1784246400000,8.3414,8.3674,8.2479,8.2794,220701.7
1784260800000,8.2778,8.3035,8.1509,8.1678,61102.9
1784275200000,8.1679,8.221,8.129,8.2026,71556.2
1784289600000,8.2011,8.2021,8.0046,8.168,182566.8
1784304000000,8.1681,8.285,8.1449,8.251,138392.1
1784318400000,8.2469,8.2797,8.2168,8.2511,120800.1
1784332800000,8.2528,8.2992,8.2354,8.278,32522.4
1784347200000,8.282,8.282,8.235,8.2473,9897.5
1784361600000,8.2485,8.2932,8.2108,8.2844,16537.1
1784376000000,8.2845,8.3367,8.2525,8.2739,30935.0
1784390400000,8.2741,8.3571,8.2606,8.3343,45192.7
1784404800000,8.3363,8.3763,8.325,8.3457,39077.7
1784419200000,8.3458,8.39,8.3268,8.3454,24724.3
1784433600000,8.3467,8.3783,8.3283,8.3633,10500.4
1784448000000,8.3684,8.3821,8.3207,8.3594,33548.2
1784462400000,8.3566,8.3908,8.3209,8.3577,25929.4
1784476800000,8.3579,8.3772,8.288,8.3305,51111.3
1784491200000,8.3342,8.4061,8.3229,8.3882,49851.2
1784505600000,8.3852,8.5357,8.3676,8.4528,37522.6
1784520000000,8.4589,8.4694,8.2879,8.3583,45190.0
1784534400000,8.3577,8.5223,8.3029,8.5172,43664.3
1784548800000,8.5105,8.5655,8.3057,8.5468,77753.8
1784563200000,8.5544,8.6506,8.5109,8.5567,60812.6
1784577600000,8.5629,8.6142,8.5197,8.5907,49204.5
1784592000000,8.5814,8.657,8.569,8.642,42730.5
1784606400000,8.6401,8.756,8.6268,8.7444,127384.8
1784620800000,8.7393,8.7606,8.6884,8.7032,32083.0
1784635200000,8.7054,8.7409,8.6484,8.6947,101376.2
1784649600000,8.6912,8.7035,8.5974,8.6206,108713.5
1784664000000,8.6256,8.6597,8.6002,8.6584,38644.6
1784678400000,8.6579,8.7242,8.6525,8.6841,45870.1
1784692800000,8.6842,8.7483,8.5748,8.5799,57900.3
1784707200000,8.5834,8.6828,8.5826,8.6398,53363.8
1784721600000,8.6391,8.7609,8.5785,8.6828,78023.9
1784736000000,8.6893,8.7369,8.5846,8.6318,109006.2
1784750400000,8.6272,8.6605,8.5817,8.6246,45819.3
1784764800000,8.6295,8.6819,8.5826,8.5826,31217.6
1784779200000,8.583,8.6182,8.5227,8.5316,46681.4
1784793600000,8.5276,8.6606,8.5209,8.634,52063.3
1784808000000,8.635,8.6382,8.4162,8.4977,111107.0
1784822400000,8.4963,8.5089,8.4309,8.4562,17279.1
1784836800000,8.4544,8.5224,8.4472,8.4681,27217.1
1784851200000,8.467,8.4728,8.3948,8.4526,40174.1
1784865600000,8.4527,8.5766,8.4178,8.5562,36247.0
1784880000000,8.5569,8.5577,8.428,8.4626,16336.3
1784894400000,8.4612,8.4855,8.2823,8.3637,183926.5
1784908800000,8.3657,8.3696,8.3074,8.357,49795.5
1784923200000,8.3571,8.3648,8.2917,8.336,73735.3
1784937600000,8.3369,8.3583,8.3123,8.3373,23409.3
1784952000000,8.3382,8.3575,8.2875,8.2973,73400.6
1784966400000,8.2935,8.3148,8.2651,8.3117,122349.4
1784980800000,8.3129,8.3943,8.3095,8.3798,96432.2
1784995200000,8.3833,8.4331,8.3735,8.3996,29223.6
1785009600000,8.4,8.4003,8.3585,8.3793,40989.1
1785024000000,8.3791,8.4257,8.3743,8.4213,26175.8
1785038400000,8.4234,8.4714,8.3984,8.4192,28881.5
1785052800000,8.417,8.4393,8.4028,8.4324,38598.5
1785067200000,8.4301,8.6004,8.4193,8.5945,78585.3
1785081600000,8.5926,8.66,8.5553,8.5799,70827.5
1785096000000,8.5797,8.8387,8.5632,8.8237,194554.8
1785110400000,8.8236,8.8311,8.7215,8.7735,48500.4
1785124800000,8.7746,8.9148,8.7605,8.8129,83660.1
1785139200000,8.8122,8.8242,8.7415,8.7519,68279.8
1785153600000,8.7519,8.8204,8.536,8.5703,106156.6
1785168000000,8.5706,8.6582,8.5525,8.6314,47531.4
1785182400000,8.6328,8.6434,8.3425,8.3758,73060.1
1785196800000,8.3755,8.3783,8.2743,8.3289,77191.5
1785211200000,8.327,8.3742,8.3001,8.3133,35762.2
1785225600000,8.3134,8.3273,8.2693,8.2845,50160.9
1785240000000,8.2846,8.3977,8.1904,8.3772,231425.4
1785254400000,8.3772,8.4125,8.3054,8.3801,40950.9
1785268800000,8.3805,8.4511,8.3539,8.4426,42579.0
1785283200000,8.443,8.5079,8.3267,8.3287,103954.7
1785297600000,8.331,8.4375,8.2852,8.4325,79427.1
1785312000000,8.4335,8.4761,8.3727,8.4015,29229.3
1785326400000,8.4026,8.4026,8.2442,8.2736,89068.0
1785340800000,8.2702,8.437,8.2232,8.2315,94024.7
1785355200000,8.2296,8.3354,8.1604,8.3289,75394.3
1785369600000,8.3315,8.3944,8.2755,8.336,26612.5
1785384000000,8.3382,8.3382,8.26,8.2838,12603.6
1785398400000,8.2871,8.4643,8.2745,8.4546,51639.9
1785412800000,8.4645,8.528,8.4193,8.4774,79454.4
1785427200000,8.4803,8.5153,8.4501,8.4877,68027.8
1785441600000,8.4864,8.5202,8.4487,8.4534,35690.1
1785456000000,8.4512,8.5099,8.3216,8.3633,59609.0
1785470400000,8.3628,8.3812,8.2472,8.2945,45826.0
1785484800000,8.293,8.3259,8.2119,8.2575,34630.0
1785499200000,8.2606,8.2726,8.0182,8.1089,187372.5
1785513600000,8.1088,8.2006,8.0964,8.1678,138278.0
1785528000000,8.1685,8.1792,8.1236,8.1664,18349.3
1785542400000,8.1687,8.2417,8.1678,8.2056,28801.5
1785556800000,8.2057,8.24,8.1323,8.1364,36615.4
1785571200000,8.1366,8.1418,8.0809,8.0862,32030.3
1785585600000,8.0898,8.112,8.082,8.0978,16417.5
1785600000000,8.0964,8.1088,7.8859,7.998,116006.1
1785614400000,7.9964,8.0808,7.9912,8.0609,32168.3
1785628800000,8.063,8.3,8.0514,8.2857,81240.7
1785643200000,8.2899,8.4099,8.2769,8.3729,68919.7
1785657600000,8.3729,8.3872,8.2648,8.2745,41399.5
1785672000000,8.2789,8.3086,8.2638,8.2744,30331.4
1785686400000,8.2725,8.3643,8.248,8.3295,68890.4
1785700800000,8.3308,8.451,8.3176,8.3772,53346.1
1785715200000,8.3791,8.3877,8.2303,8.2489,95013.5
1785729600000,8.2483,8.2806,8.2106,8.2158,30127.9
1785744000000,8.215,8.2634,8.1574,8.1834,31321.2
1785758400000,8.1843,8.3158,8.1611,8.2425,69498.0
1785772800000,8.2469,8.28,8.2217,8.23,46520.6
1785787200000,8.2292,8.2603,8.1661,8.1856,24293.1
1785801600000,8.1849,8.228,8.112,8.1908,45208.5
1785816000000,8.1907,8.2569,8.12,8.1701,23513.0
1785830400000,8.1699,8.2179,8.1212,8.2127,54489.8
1785844800000,8.2098,8.26,8.1383,8.1916,92537.9
1785859200000,8.1919,8.2462,8.1572,8.2083,77995.3
1785873600000,8.2108,8.219,8.1419,8.1472,70014.8
1785888000000,8.1468,8.1933,8.0906,8.1217,39484.1
1785902400000,8.1213,8.1965,8.1199,8.1844,34957.1
1785916800000,8.186,8.2,8.1418,8.1495,24946.0
1785931200000,8.1477,8.2229,8.0631,8.1084,95777.8
1785945600000,8.1063,8.251,8.1047,8.1854,75489.5
1785960000000,8.1877,8.2228,8.1262,8.1554,76592.6
1785974400000,8.1559,8.1922,8.0942,8.1101,44968.2
1785988800000,8.1062,8.2238,8.1002,8.1845,27992.8
1786003200000,8.1849,8.2033,8.0662,8.1562,95677.7
1786017600000,8.1561,8.2697,8.0982,8.2204,79244.0
1786032000000,8.2208,8.3391,8.1895,8.1983,77607.2
1786046400000,8.1934,8.2338,8.1568,8.1914,16664.0
1786060800000,8.19,8.2436,8.1346,8.1346,36967.2
1786075200000,8.1325,8.2041,8.1028,8.1837,19721.2
1786089600000,8.1829,8.2422,8.1828,8.2132,18994.3
1786104000000,8.214,8.3072,8.214,8.274,87814.6
1786118400000,8.276,8.3143,8.1614,8.2124,42609.1
1786132800000,8.2128,8.217,8.1515,8.1841,26595.0
1786147200000,8.1819,8.269,8.1641,8.259,20565.9
1786161600000,8.2586,8.307,8.2363,8.2554,47829.7
1786176000000,8.2554,8.3544,8.2531,8.3276,43979.6
1786190400000,8.3297,8.3942,8.3033,8.3411,34116.4
1786204800000,8.3421,8.3622,8.3193,8.33,28884.0
1786219200000,8.3296,8.3439,8.2896,8.3035,35297.8
1786233600000,8.3022,8.3321,8.2647,8.2835,23109.1
1786248000000,8.2834,8.349,8.2606,8.3374,23348.4
1786262400000,8.3386,8.355,8.2923,8.2977,18010.9
1786276800000,8.2967,8.3656,8.2789,8.3492,23466.7
1786291200000,8.3524,8.3566,8.3074,8.3169,17127.5
1786305600000,8.3173,8.3887,8.1714,8.1845,54770.2
1786320000000,8.1814,8.2569,8.1617,8.1828,44884.5
1786334400000,8.1817,8.2432,8.1767,8.219,16532.8
1786348800000,8.2192,8.3256,8.197,8.3062,189068.9
1786363200000,8.3082,8.3696,8.2505,8.3014,234210.4
1786377600000,8.2938,8.3127,8.2075,8.2716,81579.5
1786392000000,8.2732,8.3195,8.2559,8.2957,39603.9
1786406400000,8.2975,8.4581,8.2898,8.3916,93233.4
1786420800000,8.3913,8.4749,8.3683,8.4742,83328.2
1786435200000,8.475,8.7117,8.445,8.6806,233126.6
1786449600000,8.6821,8.7053,8.4995,8.5675,255165.1
1786464000000,8.5684,8.6157,8.5373,8.6151,85417.4
1786478400000,8.6144,8.809,8.6144,8.777,260865.1
1786492800000,8.7779,8.8224,8.7136,8.7235,77564.1
1786507200000,8.7224,8.7616,8.6623,8.7498,155953.5
1786521600000,8.7494,8.87,8.7357,8.87,249440.2
1786536000000,8.87,8.8874,8.6913,8.7777,214349.9
1786550400000,8.774,8.7868,8.714,8.7392,36284.1
1786564800000,8.7399,8.7772,8.6271,8.6689,112040.1
1786579200000,8.6669,8.7317,8.6142,8.7209,78895.1
1786593600000,8.7216,8.8095,8.7213,8.7531,53243.4
1786608000000,8.7532,8.7605,8.6711,8.6868,24497.4
1786622400000,8.6853,8.862,8.679,8.7389,134106.8
1786636800000,8.739,8.8288,8.6749,8.8162,64390.9
1786651200000,8.8224,8.9023,8.8138,8.8875,130018.8
1786665600000,8.8853,8.8896,8.8107,8.8142,81402.3
1786680000000,8.8141,8.8346,8.7472,8.766,39638.2
1786694400000,8.7658,8.8781,8.7196,8.8242,79934.5
1786708800000,8.8284,8.8804,8.7581,8.8561,102496.3
1786723200000,8.8555,8.999,8.8254,8.9844,425674.9
1786737600000,8.9845,8.999,8.923,8.9634,143776.1
1786752000000,8.9667,9.7456,8.9626,9.5815,924156.7
1786766400000,9.5808,9.6063,9.3166,9.3387,315770.3
1786780800000,9.3358,9.3817,9.2243,9.3081,181180.1
1786795200000,9.3102,9.5283,9.303,9.5092,295918.4
1786809600000,9.5132,9.6285,9.4882,9.5828,356229.2
1786824000000,9.5846,9.5918,9.463,9.4694,217458.4
1786838400000,9.469,9.5119,9.396,9.3971,182026.2
1786852800000,9.3989,9.4075,9.3238,9.3784,117884.8
1786867200000,9.3784,9.4585,9.3723,9.4105,65550.0
1786881600000,9.4125,9.4157,9.2916,9.3879,380422.8
1786896000000,9.3879,9.47,9.3653,9.4614,240864.1
1786910400000,9.4615,9.4882,9.3441,9.3836,149772.0
1786924800000,9.3833,9.5636,9.3564,9.4852,191831.9
1786939200000,9.4862,9.5036,9.4039,9.4047,168239.8
1786953600000,9.4046,9.5523,9.3584,9.5126,243964.8
1786968000000,9.5106,9.5709,9.4349,9.5154,176949.5
1786982400000,9.5166,9.566,9.4616,9.4863,85534.7
1786996800000,9.4895,9.5505,9.4654,9.5377,51358.1
1787011200000,9.5377,9.5436,9.3248,9.4135,305413.6
1787025600000,9.4135,9.5178,9.3864,9.428,56900.3
1787040000000,9.4258,9.4917,9.3776,9.4376,42349.5
1787054400000,9.4376,9.5523,9.3985,9.4725,123209.7
1787068800000,9.4732,9.5374,9.4461,9.4947,63219.8
1787083200000,9.4947,9.5517,9.4616,9.5314,57605.7
1787097600000,9.5344,9.7199,9.4834,9.7,311901.6
1787112000000,9.7014,9.7146,9.5581,9.6913,474903.6
1787126400000,9.6908,9.83,9.6552,9.761,390848.3
1787140800000,9.761,10.084,9.6499,9.9137,791238.2
1787155200000,9.9138,10.142,9.8446,10.109,514789.3
1787169600000,10.111,10.893,10.096,10.546,946415.6
1787184000000,10.549,10.624,10.36,10.439,210262.1
1787198400000,10.438,10.588,10.405,10.545,216346.1
1787212800000,10.546,10.768,10.541,10.66,409266.5
1787227200000,10.661,10.739,10.519,10.715,468990.1
1787241600000,10.717,10.887,10.618,10.656,719529.7
1787256000000,10.657,10.728,10.51,10.701,310143.4
1787270400000,10.701,11.042,10.696,10.914,462948.7
1787284800000,10.916,11.846,10.872,11.564,710118.4
1787299200000,11.565,11.778,11.241,11.282,751279.9
1787313600000,11.283,11.657,11.247,11.538,761958.2
1787328000000,11.538,11.697,11.419,11.665,540930.6
1787342400000,11.674,12.426,11.639,12.009,579329.0
1787356800000,12.009,12.496,11.874,12.402,472725.0
1787371200000,12.405,12.658,10.925,11.758,1527024.3
1787385600000,11.763,11.844,11.375,11.699,340815.0
1787400000000,11.7,11.919,11.502,11.624,291146.3
1787414400000,11.624,11.834,11.537,11.752,306106.0
1787428800000,11.759,11.822,11.469,11.664,222707.6
1787443200000,11.664,11.755,11.43,11.464,113740.7
1787457600000,11.465,11.524,11.066,11.312,518619.7
1787472000000,11.314,11.478,11.285,11.421,233695.3
1787486400000,11.421,11.667,11.286,11.468,409168.2
1787500800000,11.476,11.614,11.451,11.499,144250.4
1787515200000,11.495,11.747,11.444,11.558,270764.4
1787529600000,11.558,11.564,11.305,11.359,152997.8
1787544000000,11.364,11.686,11.364,11.52,175726.5
1787558400000,11.521,11.756,11.367,11.727,139006.8
1787572800000,11.727,11.793,11.504,11.573,625977.6
1787587200000,11.579,11.713,11.425,11.562,203547.6
1787601600000,11.567,11.698,11.507,11.625,96717.4
1787616000000,11.629,11.982,11.6,11.761,260172.5
1787630400000,11.757,11.851,11.495,11.601,176763.7
1787644800000,11.601,11.704,11.529,11.563,77420.5
1787659200000,11.564,11.661,11.358,11.585,201262.8
1787673600000,11.585,11.607,11.442,11.47,189083.5
1787688000000,11.47,11.484,11.134,11.288,333256.2
1787702400000,11.296,11.453,11.241,11.401,94723.7
1787716800000,11.395,11.458,11.311,11.337,62966.3
1787731200000,11.336,11.49,11.22,11.389,88113.0
1787745600000,11.396,11.49,11.061,11.234,234416.8
1787760000000,11.233,11.344,11.136,11.306,154296.0
1787774400000,11.302,11.629,11.21,11.627,241882.6
1787788800000,11.621,11.638,11.456,11.518,216364.9
1787803200000,11.522,11.683,11.501,11.676,161221.5
1787817600000,11.672,11.924,11.648,11.744,369713.4
1787832000000,11.756,11.975,11.688,11.925,365811.4
1787846400000,11.928,11.956,11.767,11.861,418996.6
1787860800000,11.869,11.978,11.842,11.915,295428.8
1787875200000,11.917,12.047,11.674,11.715,388768.8
1787889600000,11.71,11.847,11.659,11.69,46596.9
1787904000000,11.697,11.8,11.618,11.778,141686.9
1787918400000,11.779,11.878,11.551,11.565,348475.7
1787932800000,11.563,11.577,11.256,11.392,422941.6
1787947200000,11.392,11.442,11.296,11.431,73730.3
1787961600000,11.429,11.471,11.333,11.333,35310.8
1787976000000,11.333,11.393,11.289,11.32,27160.9
1787990400000,11.315,11.345,11.276,11.297,72418.7
1788004800000,11.298,11.486,11.298,11.382,83884.7
1788019200000,11.383,11.467,11.352,11.429,164831.9
1788033600000,11.433,11.48,11.408,11.456,69583.1
1788048000000,11.449,11.458,11.366,11.384,56063.3
1788062400000,11.385,11.445,11.333,11.387,16985.0
1788076800000,11.387,11.411,11.333,11.409,24073.5
1788091200000,11.411,11.617,11.401,11.562,130054.0
1788105600000,11.565,11.783,11.526,11.594,170343.4
1788120000000,11.598,11.612,10.967,11.141,604226.6
1788134400000,11.134,11.243,11.032,11.159,90785.1
1788148800000,11.16,11.316,11.093,11.269,90362.3
1788163200000,11.265,11.356,11.206,11.248,55975.2
1788177600000,11.243,11.392,11.161,11.381,111455.4
1788192000000,11.375,11.499,11.285,11.406,63913.3
1788206400000,11.393,11.436,11.28,11.321,62333.4
1788220800000,11.319,11.487,11.294,11.429,66736.8
1788235200000,11.432,11.521,11.403,11.471,64227.1
1788249600000,11.471,11.492,11.292,11.463,191067.2
1788264000000,11.465,11.54,11.321,11.437,475135.3
1788278400000,11.437,11.455,11.061,11.218,250847.2
1788292800000,11.224,11.269,11.075,11.232,355137.6
1788307200000,11.232,11.29,11.069,11.208,90964.4
1788321600000,11.196,11.303,11.153,11.21,142204.0
1788336000000,11.213,11.235,10.91,11.025,226321.4
1788350400000,11.025,11.211,10.956,11.081,102818.9
1788364800000,11.071,11.178,11.028,11.12,57158.7
1788379200000,11.121,11.174,11.028,11.119,74393.3
1788393600000,11.117,11.227,11.001,11.19,57010.1
1788408000000,11.198,11.282,11.1,11.18,49075.9
1788422400000,11.181,11.325,11.129,11.273,56584.6
1788436800000,11.275,11.872,11.257,11.793,517305.5
1788451200000,11.794,11.884,11.639,11.868,354118.1
1788465600000,11.872,11.971,11.787,11.843,515849.0
1788480000000,11.84,11.955,11.766,11.896,71895.4
1788494400000,11.889,12.007,11.817,11.929,94910.9
1788508800000,11.931,12.172,11.895,12.045,157302.2
1788523200000,12.049,12.072,11.436,11.668,420235.4
1788537600000,11.657,11.736,11.583,11.721,115689.5
1788552000000,11.721,11.728,11.604,11.64,45442.3
1788566400000,11.64,11.71,11.611,11.671,43790.5
1788580800000,11.679,11.783,11.619,11.748,73198.3
1788595200000,11.747,11.879,11.725,11.734,78987.0
1788609600000,11.736,11.971,11.736,11.956,94704.6
1788624000000,11.957,12.252,11.906,12.012,143452.0
1788638400000,12.026,12.114,11.966,12.059,114162.5
1788652800000,12.057,12.47,12.051,12.229,170583.5
1788667200000,12.23,12.343,12.131,12.217,82327.4
1788681600000,12.217,12.33,12.178,12.288,118074.6
1788696000000,12.287,12.425,12.082,12.226,486511.8
1788710400000,12.231,12.44,12.211,12.393,113413.9
1788724800000,12.395,13.377,12.35,13.252,1192596.8999999999
1788739200000,13.247,13.339,12.949,13.043,293063.5
1788753600000,13.045,13.696,13.028,13.195,437942.7
1788768000000,13.201,13.531,13.146,13.183,285999.0
1788782400000,13.179,13.337,12.85,12.871,211259.7
1788796800000,12.869,12.975,12.702,12.838,225435.4
1788811200000,12.836,12.837,12.607,12.746,457709.8
1788825600000,12.744,12.805,12.558,12.66,116448.1
1788840000000,12.651,12.726,12.569,12.674,95163.8
1788854400000,12.669,12.782,12.467,12.496,112987.6
1788868800000,12.484,12.711,12.282,12.692,365401.1
1788883200000,12.686,12.784,12.532,12.562,232223.6
1788897600000,12.566,12.617,12.436,12.515,67342.1
1788912000000,12.515,12.564,12.373,12.398,41678.9
1788926400000,12.397,12.633,12.397,12.485,69326.6
1788940800000,12.486,12.506,11.966,12.11,422049.0
1788955200000,12.111,12.228,11.814,11.993,405163.8
1788969600000,11.996,12.049,11.852,11.862,149465.5
1788984000000,11.866,11.892,11.601,11.804,180465.1
1788998400000,11.8,11.874,11.655,11.805,62409.2
1789012800000,11.81,11.89,11.734,11.78,50451.7
1789027200000,11.78,11.879,11.742,11.814,127159.6
1789041600000,11.812,11.84,11.498,11.633,259017.2
1789056000000,11.629,11.728,11.485,11.613,58477.2
1789070400000,11.612,11.643,11.428,11.448,71782.9
1789084800000,11.448,11.528,11.391,11.489,270434.5
1789099200000,11.491,11.593,11.469,11.469,33552.9
1789113600000,11.469,11.536,11.3,11.396,224343.4
1789128000000,11.394,12.197,11.267,11.704,1736234.5
1789142400000,11.699,11.809,11.503,11.61,725955.5
1789156800000,11.607,11.642,11.461,11.544,81648.9
1789171200000,11.542,11.567,11.448,11.478,25737.1
1789185600000,11.476,11.578,11.475,11.567,45252.9
1789200000000,11.565,11.576,11.512,11.567,35074.2
1789214400000,11.567,11.62,11.522,11.582,63825.3
1789228800000,11.585,11.6,11.456,11.473,47716.8
1789243200000,11.472,11.535,11.463,11.502,19464.0
1789257600000,11.499,11.525,11.462,11.483,13786.2
1789272000000,11.475,11.556,11.416,11.426,27407.4
1789286400000,11.426,11.444,11.249,11.287,311098.5
1789300800000,11.286,11.336,11.186,11.249,367837.2
1789315200000,11.249,11.49,11.249,11.407,163793.7
1789329600000,11.414,11.474,11.151,11.198,201565.8
1789344000000,11.207,11.458,11.124,11.374,198076.6
1789358400000,11.374,11.462,11.357,11.405,60230.9
1789372800000,11.406,11.483,11.314,11.389,58061.3
1789387200000,11.39,11.489,11.246,11.465,103588.2
1789401600000,11.46,11.767,11.441,11.74,182771.0
1789416000000,11.745,11.963,11.499,11.513,230159.1
1789430400000,11.509,11.624,11.454,11.497,78702.7
1789444800000,11.5,11.509,11.323,11.336,83665.7
1789459200000,11.333,11.421,11.297,11.377,92093.1
1789473600000,11.381,11.492,11.042,11.269,167333.4
1789488000000,11.273,11.403,10.8,11.091,453657.6
1789502400000,11.1,11.115,10.812,10.879,388855.1
1789516800000,10.882,10.932,10.76,10.823,109444.2
1789531200000,10.823,10.901,10.744,10.752,66632.3
1789545600000,10.749,10.9,10.671,10.868,94576.7
1789560000000,10.871,10.873,10.623,10.68,115815.5
1789574400000,10.675,10.953,10.614,10.929,332507.0
1789588800000,10.928,11.071,10.851,11.047,51274.1
1789603200000,11.052,11.179,10.98,11.131,48531.3
1789617600000,11.13,11.236,11.046,11.177,42069.2
1789632000000,11.179,11.236,11.1,11.183,61263.7
1789646400000,11.178,11.429,11.15,11.366,259495.0
1789660800000,11.377,11.43,11.277,11.319,167890.9
1789675200000,11.318,11.411,11.252,11.382,123264.9
1789689600000,11.39,11.795,11.342,11.766,137063.4
1789704000000,11.768,11.862,11.66,11.832,111984.9
1789718400000,11.832,11.973,11.736,11.837,118699.2
1789732800000,11.842,12.253,11.781,12.147,191681.9
1789747200000,12.155,12.39,12.09,12.389,176927.7
1789761600000,12.383,12.43,12.232,12.234,84506.5
1789776000000,12.235,12.499,12.22,12.416,79424.5
1789790400000,12.41,12.465,12.273,12.305,58588.8
1789804800000,12.312,12.627,12.3,12.538,107536.2
1789819200000,12.538,12.659,12.447,12.574,117956.6
1789833600000,12.581,12.702,12.469,12.507,140536.3
1789848000000,12.513,12.55,12.306,12.432,103551.1
1789862400000,12.432,12.459,11.932,12.081,176715.9
1789876800000,12.082,12.092,11.945,11.982,67276.7
1789891200000,11.98,12.094,11.918,12.074,76044.3
1789905600000,12.073,12.386,12.029,12.382,190715.7
1789920000000,12.382,12.624,12.328,12.541,155180.2
1789934400000,12.552,12.584,12.352,12.536,141067.7
1789948800000,12.53,12.82,12.471,12.699,538199.5
1789963200000,12.69,12.717,12.488,12.575,96127.4
1789977600000,12.571,13.148,12.571,13.05,403946.3
1789992000000,13.054,13.177,12.882,13.03,268255.3
1790006400000,13.029,13.087,12.751,13.043,239199.7
1790020800000,13.041,13.29,13.033,13.197,335801.9
1790035200000,13.191,13.259,12.876,13.012,761472.8
1790049600000,13.007,13.068,12.82,12.908,129939.3
1790064000000,12.908,13.08,12.821,12.944,205555.3
1790078400000,12.948,13.293,12.76,13.051,398925.6
1790092800000,13.05,13.118,12.9,13.003,81681.2
1790107200000,13.011,13.143,12.843,13.064,270260.4
1790121600000,13.05,13.23,12.94,13.162,143177.3
1790136000000,13.168,13.222,12.903,12.93,216411.8
1790150400000,12.931,13.021,12.68,12.766,277061.8
1790164800000,12.77,12.779,12.093,12.18,685414.1
1790179200000,12.18,12.319,12.054,12.287,174047.0
1790193600000,12.29,12.382,12.204,12.351,72189.2
1790208000000,12.347,12.403,12.173,12.287,52476.5
1790222400000,12.288,12.501,12.259,12.475,66545.3
1790236800000,12.48,12.49,12.088,12.21,91724.2
1790251200000,12.199,12.795,12.184,12.795,188628.9
1790265600000,12.796,13.54,12.692,13.287,1218244.7
1790280000000,13.268,13.308,13.109,13.23,169568.0
1790294400000,13.227,13.506,13.22,13.425,821714.3
1790308800000,13.424,13.568,13.308,13.518,198107.8
1790323200000,13.518,14.172,13.501,14.087,815209.6
1790337600000,14.091,14.227,13.679,13.834,830290.6
1790352000000,13.842,13.964,13.621,13.876,579372.0
1790366400000,13.882,13.955,13.701,13.936,178252.8
1790380800000,13.932,14.136,13.832,14.037,473888.6
1790395200000,14.037,14.2,13.964,14.095,106219.9
1790409600000,14.093,14.365,13.941,14.287,191387.4
1790424000000,14.284,14.5,14.165,14.265,317456.4
1790438400000,14.258,14.384,14.123,14.135,144377.4
1790452800000,14.132,14.168,13.879,14.155,166805.0
1790467200000,14.148,14.349,14.043,14.111,139349.1
1790481600000,14.108,14.498,13.978,14.462,438470.2
1790496000000,14.459,14.459,14.257,14.289,77016.9
1790510400000,14.298,14.384,13.969,14.119,306758.8
1790524800000,14.116,14.186,14.055,14.076,84286.5
1790539200000,14.077,14.128,13.9,14.023,317781.6
1790553600000,14.02,14.195,13.883,13.888,481913.5
1790568000000,13.89,13.99,13.649,13.669,310801.8
1790582400000,13.669,14.114,13.536,14.087,256216.4
1790596800000,14.069,15.018,14.044,14.432,2468327.8999999999
1790611200000,14.43,15.481,14.393,15.089,1277182.8
1790625600000,15.089,15.538,14.979,15.447,696057.6
1790640000000,15.453,15.777,14.803,14.847,1071727.8
1790654400000,14.86,15.272,14.624,15.208,534694.8
1790668800000,15.203,15.612,15.084,15.347,319296.5
1790683200000,15.346,15.421,14.707,14.784,564104.4
1790697600000,14.783,14.885,14.469,14.633,475899.6
1790712000000,14.631,14.771,14.565,14.598,304177.1
1790726400000,14.598,14.606,14.315,14.365,347976.4
1790740800000,14.365,14.445,14.255,14.294,122360.5
1790755200000,14.296,14.448,14.171,14.432,256326.0
1790769600000,14.431,14.813,14.05,14.247,622202.6
1790784000000,14.245,14.478,14.204,14.232,310816.4
1790798400000,14.235,14.427,14.208,14.357,98086.1
1790812800000,14.361,14.554,14.225,14.501,567670.3
1790827200000,14.503,14.545,14.198,14.22,91510.3
1790841600000,14.218,14.395,14.135,14.387,155937.6
1790856000000,14.388,14.459,14.207,14.288,136286.1
1790870400000,14.292,14.501,14.115,14.452,848805.9
1790884800000,14.451,14.52,14.17,14.381,413169.3
1790899200000,14.376,14.505,14.16,14.453,298922.9
1790913600000,14.45,14.653,14.255,14.363,202637.1
1790928000000,14.372,14.508,14.301,14.407,158182.1
1790942400000,14.399,14.495,14.162,14.246,269739.2
1790956800000,14.246,14.282,13.191,13.585,1213543.2
1790971200000,13.581,13.805,13.542,13.785,144036.9
1790985600000,13.789,13.966,13.776,13.936,97557.1
1791000000000,13.934,14.125,13.863,13.963,95916.5
1791014400000,13.963,14.029,13.896,13.91,77551.5
1791028800000,13.908,13.927,13.81,13.821,79216.8
1791043200000,13.82,13.972,13.775,13.971,65062.1
1791057600000,13.973,14.186,13.973,14.109,43940.2
1791072000000,14.109,14.232,13.995,14.014,115099.1
1791086400000,14.014,14.092,13.972,14.091,28792.9
1791100800000,14.091,14.146,14.024,14.075,90350.5
1791115200000,14.074,14.213,14.021,14.138,48913.8
1791129600000,14.138,14.217,14.096,14.132,107832.2
1791144000000,14.135,14.322,14.111,14.271,239420.5
1791158400000,14.273,14.273,14.082,14.146,72965.5
1791172800000,14.145,14.281,14.026,14.242,91109.4
1791187200000,14.243,14.246,14.087,14.223,128443.9
1791201600000,14.21,14.214,13.662,13.782,291100.5
1791216000000,13.789,13.956,13.736,13.917,90456.4
1791230400000,13.923,13.972,13.844,13.849,38758.9
1791244800000,13.853,13.921,13.719,13.764,80698.1
1791259200000,13.766,13.956,13.751,13.935,41187.8
1791273600000,13.936,14.097,13.882,14.063,91923.0
1791288000000,14.064,14.127,13.932,13.943,101712.5
1791302400000,13.942,14.002,13.838,13.968,62137.8
1791316800000,13.966,14.011,13.882,13.955,87220.6
1791331200000,13.956,14.035,13.3,13.621,440296.3
1791345600000,13.619,13.812,13.53,13.733,70815.9
1791360000000,13.731,13.749,13.353,13.375,156109.3
1791374400000,13.372,13.5,13.277,13.427,112453.2
1791388800000,13.426,13.519,13.297,13.355,149749.7
1791403200000,13.356,13.414,13.257,13.322,83359.5
1791417600000,13.322,13.378,13.131,13.168,107111.7
1791432000000,13.169,13.213,12.943,13.081,195365.5
1791446400000,13.079,13.18,12.965,13.003,152848.2
1791460800000,13.001,13.026,12.308,12.353,416375.7
1791475200000,12.354,12.52,12.09,12.473,275152.7
