t_ms,rate
1704067200151,0.0001016906
1704070800006,7.28197e-05
1704074400173,0.0001105723
1704078000037,0.0001475676
1704081600362,0.0001673707
1704085200368,0.0001807113
1704088800130,0.0001848798
1704092400410,5.71476e-05
1704096000029,5.49733e-05
1704099600110,3.54353e-05
1704103200355,5.89187e-05
1704106800050,0.0001197791
1704110400367,0.0001307436
1704114000334,0.0001671268
1704117600237,0.0002118797
1704121200090,0.0002482764
1704124800074,0.0002539188
1704128400419,0.0001233705
1704132000049,0.0001610607
1704135600146,0.0001854713
1704139200056,0.0001812698
1704142800051,0.0001424408
1704146400274,0.0001701337
1704150000281,0.0002070603
1704153600127,0.0002414625
1704157200376,0.0002052591
1704160800068,0.0002622653
1704164400365,0.0002770476
1704168000005,0.0002894506
1704171600079,0.0001700911
1704175200305,7.73397e-05
1704178800047,0.0001009257
1704182400032,7.43355e-05
1704186000092,5.81169e-05
1704189600370,9.46575e-05
1704193200161,0.0001726719
1704196800114,0.0001930458
1704200400007,0.000258903
1704204000033,0.0002130751
1704207600148,0.0002374447
1704211200025,0.0002010982
1704214800369,0.0001328975
1704218400142,0.0001977938
1704222000294,0.0002100719
1704225600130,0.0002382804
1704229200064,0.0002264734
1704232800274,0.0001554691
1704236400336,0.0001533965
1704240000058,0.0001411712
1704243600198,0.0001193146
1704247200337,0.0001763818
1704250800298,0.0001954934
1704254400081,0.0002215976
1704258000148,0.0001983155
1704261600105,0.0001569539
1704265200401,7.99566e-05
1704268800203,0.0001852095
1704272400021,0.0001111963
1704276000005,0.0001507104
1704279600386,0.0001242755
1704283200201,0.0001529847
1704286800152,-4.65641e-05
1704290400220,-6.73911e-05
1704294000065,-0.0001561283
1704297600215,-6.7403e-06
1704301200035,1.25e-05
1704304800335,1.25e-05
1704308400072,1.25e-05
1704312000057,1.25e-05
1704315600025,1.25e-05
1704319200091,1.25e-05
1704322800162,1.25e-05
1704326400325,1.25e-05
1704330000286,1.25e-05
1704333600393,1.25e-05
1704337200365,1.94842e-05
1704340800108,2.28312e-05
1704344400417,2.2507e-05
1704348000003,1.25e-05
1704351600119,1.25e-05
1704355200125,1.25e-05
1704358800400,1.25e-05
1704362400001,1.25e-05
1704366000308,1.25e-05
1704369600080,1.25e-05
1704373200377,-2.8568e-06
1704376800434,1.25e-05
1704380400387,1.25e-05
1704384000187,2.01123e-05
1704387600250,1.37199e-05
1704391200362,1.25e-05
1704394800047,1.45118e-05
1704398400010,4.62615e-05
1704402000311,9.05303e-05
1704405600308,0.0001305704
1704409200158,0.0001442916
1704412800074,0.0001219246
1704416400204,6.83835e-05
1704420000049,4.44297e-05
1704423600228,1.41705e-05
1704427200062,4.21321e-05
1704430800073,3.92431e-05
1704434400137,2.98579e-05
1704438000200,3.55298e-05
1704441600061,1.25e-05
1704445200187,1.25e-05
1704448800034,1.25e-05
1704452400013,1.25e-05
1704456000158,1.25e-05
1704459600064,9.8456e-06
1704463200336,5.332e-06
1704466800188,1.25e-05
1704470400203,1.25e-05
1704474000113,1.25e-05
1704477600358,1.25e-05
1704481200266,1.25e-05
1704484800390,1.25e-05
1704488400154,1.25e-05
1704492000142,1.25e-05
1704495600377,2.76841e-05
1704499200082,5.67608e-05
1704502800334,4.9324e-05
1704506400104,5.57386e-05
1704510000249,4.64441e-05
1704513600030,5.56231e-05
1704517200187,6.16122e-05
1704520800249,1.99504e-05
1704524400025,1.25e-05
1704528000388,1.25e-05
1704531600122,1.25e-05
1704535200019,1.25e-05
1704538800041,2.37203e-05
1704542400315,1.25e-05
1704546000096,1.80726e-05
1704549600117,4.70054e-05
1704553200138,1.25e-05
1704556800238,1.25e-05
1704560400417,1.25e-05
1704564000019,1.25e-05
1704567600117,1.83076e-05
1704571200359,4.35485e-05
1704574800086,5.00607e-05
1704578400401,3.1711e-05
1704582000253,4.28435e-05
1704585600173,4.41927e-05
1704589200037,1.85648e-05
1704592800146,2.75262e-05
1704596400010,1.25e-05
1704600000129,1.25e-05
1704603600072,1.25e-05
1704607200019,3.41657e-05
1704610800288,3.78343e-05
1704614400344,6.78245e-05
1704618000050,3.0892e-05
1704621600109,1.25e-05
1704625200391,1.25e-05
1704628800014,2.06273e-05
1704632400175,3.20326e-05
1704636000009,3.60761e-05
1704639600356,1.27018e-05
1704643200288,1.25e-05
1704646800170,1.56118e-05
1704650400094,3.45484e-05
1704654000008,4.96721e-05
1704657600073,6.66711e-05
1704661200219,8.3732e-05
1704664800357,6.98091e-05
1704668400145,5.26928e-05
1704672000001,1.25e-05
1704675600392,1.25e-05
1704679200365,1.25e-05
1704682800142,1.25e-05
1704686400067,1.25e-05
1704690000411,1.92258e-05
1704693600074,2.90704e-05
1704697200006,4.60678e-05
1704700800292,4.9419e-05
1704704400083,3.21874e-05
1704708000353,3.54032e-05
1704711600372,4.59567e-05
1704715200026,3.85557e-05
1704718800308,1.25e-05
1704722400134,1.25e-05
1704726000147,1.25e-05
1704729600207,1.25e-05
1704733200015,1.25e-05
1704736800044,1.25e-05
1704740400022,1.25e-05
1704744000165,1.25e-05
1704747600351,1.25e-05
1704751200321,1.25e-05
1704754800320,1.25e-05
1704758400145,1.25e-05
1704762000430,1.25e-05
1704765600339,1.25e-05
1704769200373,1.25e-05
1704772800048,1.25e-05
1704776400034,3.4986e-05
1704780000341,6.9724e-05
1704783600251,9.86237e-05
1704787200270,0.0001009405
1704790800237,5.57354e-05
1704794400120,5.86588e-05
1704798000112,5.38072e-05
1704801600211,5.47294e-05
1704805200048,3.64987e-05
1704808800134,4.66466e-05
1704812400106,8.17795e-05
1704816000278,7.15938e-05
1704819600282,3.75212e-05
1704823200234,3.73683e-05
1704826800245,4.98547e-05
1704830400270,3.30792e-05
1704834000207,1.25e-05
1704837600101,1.25e-05
1704841200142,1.25e-05
1704844800439,1.25e-05
1704848400108,2.84309e-05
1704852000055,5.03238e-05
1704855600156,6.29423e-05
1704859200011,8.07444e-05
1704862800142,8.85252e-05
1704866400228,9.75446e-05
1704870000327,9.92533e-05
1704873600195,0.000119006
1704877200018,2.64183e-05
1704880800105,2.53042e-05
1704884400259,4.62914e-05
1704888000296,4.34883e-05
1704891600006,3.2271e-05
1704895200008,1.25e-05
1704898800050,3.3246e-05
1704902400330,7.16826e-05
1704906000057,1.71883e-05
1704909600072,1.40084e-05
1704913200015,4.59123e-05
1704916800114,7.53027e-05
1704920400163,4.67833e-05
1704924000130,8.08763e-05
1704927600135,7.1212e-05
1704931200079,0.0001285994
1704934800126,5.82297e-05
1704938400444,5.42803e-05
1704942000370,4.86069e-05
1704945600375,2.59026e-05
1704949200445,3.45828e-05
1704952800015,2.32226e-05
1704956400093,2.13665e-05
1704960000065,6.86891e-05
1704963600093,4.91497e-05
1704967200181,5.56955e-05
1704970800031,6.6374e-05
1704974400401,9.78444e-05
1704978000146,0.0001156289
1704981600043,0.0001412438
1704985200380,0.000160445
1704988800021,0.0002087775
1704992400141,8.6172e-05
1704996000355,9.62803e-05
1704999600175,0.0001082196
1705003200393,0.0001239107
1705006800036,0.0001367726
1705010400265,0.0001234357
1705014000169,6.93332e-05
1705017600117,5.12775e-05
1705021200061,4.20433e-05
1705024800080,2.84411e-05
1705028400080,5.35978e-05
1705032000063,6.51051e-05
1705035600289,6.72131e-05
1705039200363,8.97644e-05
1705042800124,0.0001025779
1705046400303,0.0001339986
1705050000257,8.57889e-05
1705053600154,9.7726e-05
1705057200394,0.0001075346
1705060800038,0.0001054142
1705064400164,9.61706e-05
1705068000229,9.99488e-05
1705071600237,7.25186e-05
1705075200304,5.22883e-05
1705078800344,1.25e-05
1705082400306,1.25e-05
1705086000237,1.25e-05
1705089600198,1.25e-05
1705093200059,1.25e-05
1705096800070,1.25e-05
1705100400193,-2.24922e-05
1705104000120,-4.45692e-05
1705107600292,6.271e-07
1705111200180,-3.2721e-06
1705114800229,-7.295e-06
1705118400327,-8.6447e-06
1705122000285,-9.3078e-06
1705125600196,-2.18817e-05
1705129200237,-3.42034e-05
1705132800152,1.25e-05
1705136400276,1.25e-05
1705140000104,1.25e-05
1705143600019,1.25e-05
1705147200030,1.25e-05
1705150800168,1.25e-05
1705154400439,1.25e-05
1705158000148,1.25e-05
1705161600325,1.25e-05
1705165200127,1.25e-05
1705168800269,1.25e-05
1705172400090,1.25e-05
1705176000268,1.25e-05
1705179600230,1.25e-05
1705183200145,1.25e-05
1705186800144,1.25e-05
1705190400301,1.38185e-05
1705194000374,2.53002e-05
1705197600098,4.08318e-05
1705201200090,6.22012e-05
1705204800165,7.0788e-05
1705208400017,4.11831e-05
1705212000376,7.08542e-05
1705215600163,5.1995e-05
1705219200192,2.19789e-05
1705222800079,1.54916e-05
1705226400224,4.74325e-05
1705230000140,5.11653e-05
1705233600208,6.83698e-05
1705237200066,6.91334e-05
1705240800238,7.05841e-05
1705244400395,8.03841e-05
1705248000032,0.0001030358
1705251600446,6.99957e-05
1705255200195,7.58217e-05
1705258800144,7.92933e-05
1705262400105,0.0001053116
1705266000340,0.0001144681
1705269600091,0.0001118241
1705273200209,1.25e-05
1705276800000,1.25e-05
1705280400358,1.25e-05
1705284000081,1.25e-05
1705287600022,1.25e-05
1705291200330,1.25e-05
1705294800352,1.25e-05
1705298400125,1.25e-05
1705302000181,1.25e-05
1705305600427,1.25e-05
1705309200111,1.25e-05
1705312800017,1.25e-05
1705316400174,1.25e-05
1705320000028,1.25e-05
1705323600366,1.25e-05
1705327200189,1.66186e-05
1705330800017,2.59362e-05
1705334400202,2.89781e-05
1705338000344,1.25e-05
1705341600091,1.25e-05
1705345200410,1.92383e-05
1705348800083,2.21826e-05
1705352400364,3.60651e-05
1705356000011,2.50305e-05
1705359600317,1.25e-05
1705363200090,1.25e-05
1705366800442,1.25e-05
1705370400218,2.40757e-05
1705374000312,2.16489e-05
1705377600322,1.25e-05
1705381200249,1.25e-05
1705384800179,1.25e-05
1705388400315,1.25e-05
1705392000030,6.30652e-05
1705395600016,6.94165e-05
1705399200383,9.51151e-05
1705402800113,0.0001230735
1705406400074,0.0001340562
1705410000351,0.0001391629
1705413600107,0.0001139628
1705417200358,8.81407e-05
1705420800053,6.60904e-05
1705424400021,4.4026e-05
1705428000150,5.06582e-05
1705431600275,7.60594e-05
1705435200182,9.44207e-05
1705438800356,0.00010611
1705442400378,0.000128391
1705446000079,0.0001093529
1705449600098,9.85093e-05
1705453200203,1.98946e-05
1705456800336,7.10174e-05
1705460400226,6.5556e-05
1705464000099,8.61764e-05
1705467600442,5.04072e-05
1705471200001,1.25e-05
1705474800259,5.98962e-05
1705478400028,6.53349e-05
1705482000329,1.30165e-05
1705485600430,4.47834e-05
1705489200217,7.06483e-05
1705492800018,7.92716e-05
1705496400358,8.40928e-05
1705500000286,9.38005e-05
1705503600009,0.0001098178
1705507200008,7.90387e-05
1705510800105,5.45344e-05
1705514400045,7.30388e-05
1705518000034,0.0001020159
1705521600226,0.0001244483
1705525200143,0.0001415097
1705528800277,0.0001187694
1705532400438,4.24944e-05
1705536000095,0.000119357
1705539600160,7.07901e-05
1705543200057,1.92896e-05
1705546800212,1.82918e-05
1705550400116,4.0146e-05
1705554000357,5.3976e-05
1705557600409,4.19725e-05
1705561200200,5.7987e-05
1705564800182,3.13764e-05
1705568400050,1.25e-05
1705572000185,1.25e-05
1705575600011,1.25e-05
1705579200268,1.25e-05
1705582800154,1.25e-05
1705586400015,1.25e-05
1705590000096,1.25e-05
1705593600154,1.25e-05
1705597200124,1.25e-05
1705600800098,1.25e-05
1705604400413,1.25e-05
1705608000103,1.25e-05
1705611600422,-3.0177e-06
1705615200307,-3.19924e-05
1705618800010,-4.89563e-05
1705622400051,7.6981e-06
1705626000188,1.25e-05
1705629600173,1.25e-05
1705633200141,1.25e-05
1705636800097,1.25e-05
1705640400052,1.25e-05
1705644000031,1.25e-05
1705647600193,1.25e-05
1705651200248,1.18829e-05
1705654800367,1.25e-05
1705658400153,1.25e-05
1705662000220,1.25e-05
1705665600011,1.25e-05
1705669200060,1.6448e-05
1705672800303,1.25e-05
1705676400113,1.25e-05
1705680000446,1.25e-05
1705683600284,1.25e-05
1705687200223,1.25e-05
1705690800365,1.25e-05
1705694400193,1.25e-05
1705698000202,1.25e-05
1705701600037,1.25e-05
1705705200076,1.25e-05
1705708800109,1.25e-05
1705712400380,1.25e-05
1705716000391,1.25e-05
1705719600211,1.25e-05
1705723200082,1.63353e-05
1705726800393,2.74963e-05
1705730400403,2.88698e-05
1705734000076,3.44982e-05
1705737600141,1.25e-05
1705741200397,1.25e-05
1705744800182,1.25e-05
1705748400056,1.25e-05
1705752000330,1.25e-05
1705755600212,1.25e-05
1705759200086,1.25e-05
1705762800040,1.25e-05
1705766400467,1.25e-05
1705770000316,1.25e-05
1705773600194,1.25e-05
1705777200102,1.25e-05
1705780800326,1.25e-05
1705784400391,1.25e-05
1705788000089,1.25e-05
1705791600237,1.25e-05
1705795200023,1.25e-05
1705798800362,1.25e-05
1705802400372,1.25e-05
1705806000334,1.25e-05
1705809600239,1.25e-05
1705813200215,1.25e-05
1705816800077,1.25e-05
1705820400386,2.44316e-05
1705824000435,3.96551e-05
1705827600145,2.10075e-05
1705831200451,2.2929e-05
1705834800381,3.51426e-05
1705838400058,1.25e-05
1705842000135,1.25e-05
1705845600001,1.25e-05
1705849200451,1.25e-05
1705852800245,1.25e-05
1705856400167,1.25e-05
1705860000066,1.25e-05
1705863600334,1.25e-05
1705867200313,1.25e-05
1705870800016,1.25e-05
1705874400065,1.25e-05
1705878000306,1.25e-05
1705881600256,1.25e-05
1705885200039,1.25e-05
1705888800276,1.25e-05
1705892400047,1.25e-05
1705896000065,1.25e-05
1705899600193,1.25e-05
1705903200226,1.25e-05
1705906800351,1.25e-05
1705910400058,1.25e-05
1705914000407,1.25e-05
1705917600453,7.1463e-06
1705921200199,-2.9137e-06
1705924800236,-1.27962e-05
1705928400047,-3.1348e-06
1705932000155,-2.75551e-05
1705935600059,-4.98391e-05
1705939200328,-6.38313e-05
1705942800274,-1.10306e-05
1705946400427,-2.8947e-06
1705950000292,-7.0387e-06
1705953600147,1.25e-05
1705957200207,2.4009e-06
1705960800262,-2.1332e-06
1705964400033,-1.24973e-05
1705968000059,-1.26553e-05
1705971600061,-4.6138e-06
1705975200385,-1.26235e-05
1705978800031,1.25e-05
1705982400305,-1.13815e-05
1705986000148,-1.16779e-05
1705989600165,1.25e-05
1705993200294,1.25e-05
1705996800065,1.25e-05
1706000400342,1.25e-05
1706004000304,1.25e-05
1706007600337,1.25e-05
1706011200342,1.25e-05
1706014800038,1.25e-05
1706018400401,1.25e-05
1706022000218,1.25e-05
1706025600219,1.25e-05
1706029200076,1.25e-05
1706032800044,1.25e-05
1706036400034,1.25e-05
1706040000066,1.25e-05
1706043600062,1.25e-05
1706047200177,1.25e-05
1706050800332,1.25e-05
1706054400001,1.25e-05
1706058000360,1.25e-05
1706061600459,1.25e-05
1706065200363,1.25e-05
1706068800210,1.25e-05
1706072400250,1.25e-05
1706076000072,1.25e-05
1706079600325,1.25e-05
1706083200018,1.25e-05
1706086800221,1.25e-05
1706090400338,3.595e-07
1706094000428,-2.67298e-05
1706097600232,-4.58805e-05
1706101200410,-5.54027e-05
1706104800338,-4.37858e-05
1706108400021,-5.65478e-05
1706112000035,-4.47902e-05
1706115600321,1.25e-05
1706119200249,1.25e-05
1706122800410,1.25e-05
1706126400300,1.25e-05
1706130000353,1.25e-05
1706133600037,1.25e-05
1706137200007,1.25e-05
1706140800272,1.25e-05
1706144400150,1.25e-05
1706148000115,1.25e-05
1706151600235,1.25e-05
1706155200252,1.25e-05
1706158800080,1.25e-05
1706162400058,1.25e-05
1706166000065,3.21542e-05
1706169600269,4.73688e-05
1706173200098,1.25e-05
1706176800271,1.25e-05
1706180400124,1.25e-05
1706184000020,1.25e-05
1706187600098,1.25e-05
1706191200341,1.25e-05
1706194800108,1.25e-05
1706198400290,1.25e-05
1706202000141,1.25e-05
1706205600354,1.25e-05
1706209200010,1.25e-05
1706212800288,1.25e-05
1706216400342,1.25e-05
1706220000431,1.10579e-05
1706223600001,-6.8763e-06
1706227200126,-6.1948e-06
1706230800044,1.25e-05
1706234400134,3.5942e-06
1706238000097,3.5873e-06
1706241600365,1.11434e-05
1706245200167,1.25e-05
1706248800203,1.25e-05
1706252400073,1.25e-05
1706256000025,1.25e-05
1706259600409,-3.7402e-06
1706263200156,1.772e-07
1706266800287,5.67e-08
1706270400050,-2.64072e-05
1706274000344,-2.71088e-05
1706277600140,-3.14744e-05
1706281200119,-1.9791e-06
1706284800212,1.25e-05
1706288400424,1.25e-05
1706292000091,1.25e-05
1706295600145,1.25e-05
1706299200053,1.25e-05
1706302800372,5.70137e-05
1706306400445,7.81671e-05
1706310000050,7.01314e-05
1706313600124,8.283e-05
1706317200408,4.56373e-05
1706320800184,4.18445e-05
1706324400093,4.15534e-05
1706328000340,5.61848e-05
1706331600020,6.79283e-05
1706335200048,4.83763e-05
1706338800097,1.25e-05
1706342400385,1.25e-05
1706346000246,1.25e-05
1706349600246,1.25e-05
1706353200168,1.25e-05
1706356800003,1.25e-05
1706360400382,1.25e-05
1706364000116,1.25e-05
1706367600015,1.04862e-05
1706371200018,9.8286e-06
1706374800062,6.8093e-06
1706378400334,3.1804e-06
1706382000290,1.25e-05
1706385600323,1.25e-05
1706389200226,1.25e-05
1706392800267,1.25e-05
1706396400035,1.25e-05
1706400000009,3.88478e-05
1706403600304,4.9273e-05
1706407200360,6.14095e-05
1706410800169,7.35626e-05
1706414400046,0.000115644
1706418000045,0.0001248571
1706421600167,2.88254e-05
1706425200265,1.25e-05
1706428800225,1.25e-05
1706432400224,1.25e-05
1706436000014,1.25e-05
1706439600047,3.62131e-05
1706443200352,7.0905e-05
1706446800052,8.83782e-05
1706450400263,8.76183e-05
1706454000412,7.29067e-05
1706457600234,5.3408e-05
1706461200084,1.25e-05
1706464800107,1.25e-05
1706468400059,1.25e-05
1706472000333,1.25e-05
1706475600021,2.513e-06
1706479200032,1.25e-05
1706482800094,1.25e-05
1706486400422,1.25e-05
1706490000298,1.25e-05
1706493600004,1.25e-05
1706497200174,1.2347e-06
1706500800199,1.25e-05
1706504400144,1.25e-05
1706508000020,1.25e-05
1706511600035,1.25e-05
1706515200275,1.25e-05
1706518800433,1.25e-05
1706522400300,1.54576e-05
1706526000236,5.13956e-05
1706529600409,6.26717e-05
1706533200233,5.93761e-05
1706536800260,3.1748e-05
1706540400204,3.04413e-05
1706544000423,4.54818e-05
1706547600413,6.94254e-05
1706551200230,9.02909e-05
1706554800154,8.71716e-05
1706558400387,8.66277e-05
1706562000312,8.8167e-05
1706565600240,8.65083e-05
1706569200390,7.70545e-05
1706572800039,4.84385e-05
1706576400311,1.25e-05
1706580000317,5.19981e-05
1706583600274,9.06526e-05
1706587200081,9.4097e-05
1706590800134,7.77552e-05
1706594400266,9.7478e-05
1706598000010,0.0001086714
1706601600430,0.0001079137
1706605200085,9.27844e-05
1706608800004,0.0001150724
1706612400157,8.5252e-05
1706616000110,0.0001166706
1706619600155,8.17098e-05
1706623200249,9.68285e-05
1706626800293,8.19017e-05
1706630400129,6.91239e-05
1706634000063,1.25e-05
1706637600161,1.25e-05
1706641200431,1.25e-05
1706644800236,1.25e-05
1706648400281,1.25e-05
1706652000116,8.77569e-05
1706655600368,0.0001532207
1706659200193,1.25e-05
1706662800095,1.7215e-06
1706666400045,2.9035e-06
1706670000076,1.14036e-05
1706673600426,1.25e-05
1706677200425,1.25e-05
1706680800321,1.25e-05
1706684400284,1.25e-05
1706688000394,-2.50727e-05
1706691600380,9.2647e-06
1706695200309,-1.63131e-05
1706698800036,-2.12404e-05
1706702400080,-2.53008e-05
1706706000356,-5.23781e-05
1706709600022,-4.58082e-05
1706713200198,-1.12196e-05
1706716800300,-2.76451e-05
1706720400105,1.5039e-06
1706724000262,-3.46801e-05
1706727600320,-1.63372e-05
1706731200422,-6.93244e-05
1706734800250,-7.61882e-05
1706738400018,-8.90939e-05
1706742000108,-5.27258e-05
1706745600299,-4.41635e-05
1706749200408,-2.4517e-06
1706752800259,-1.94277e-05
1706756400160,-1.85039e-05
1706760000103,-1.92244e-05
1706763600142,-2.29021e-05
1706767200120,-3.65403e-05
1706770800408,-1.1558e-05
1706774400254,-3.63452e-05
1706778000345,-3.29666e-05
1706781600379,-8.1004e-06
1706785200177,-1.55376e-05
1706788800264,-2.2009e-06
1706792400366,-9.7281e-06
1706796000147,4.3505e-06
1706799600180,-2.05039e-05
1706803200447,-2.06255e-05
1706806800260,-1.36235e-05
1706810400173,-1.03218e-05
1706814000205,-2.28999e-05
1706817600121,-2.29916e-05
1706821200399,-4.34199e-05
1706824800036,-1.14214e-05
1706828400172,-5.14192e-05
1706832000429,-6.7608e-05
1706835600381,-8.119e-06
1706839200337,9.2987e-06
1706842800445,1.25e-05
1706846400163,1.25e-05
1706850000221,1.25e-05
1706853600110,1.25e-05
1706857200411,1.25e-05
1706860800386,1.25e-05
1706864400182,1.25e-05
1706868000364,1.25e-05
1706871600231,1.25e-05
1706875200334,2.14901e-05
1706878800198,5.32468e-05
1706882400391,1.25e-05
1706886000184,1.25e-05
1706889600281,1.43871e-05
1706893200274,1.25e-05
1706896800150,1.25e-05
1706900400211,1.25e-05
1706904000055,1.25e-05
1706907600216,1.25e-05
1706911200427,1.25e-05
1706914800162,1.25e-05
1706918400226,1.25e-05
1706922000227,1.25e-05
1706925600016,1.25e-05
1706929200011,1.25e-05
1706932800135,1.25e-05
1706936400020,8.2109e-06
1706940000181,1.01054e-05
1706943600324,1.7526e-06
1706947200029,7.9382e-06
1706950800078,1.25e-05
1706954400047,1.25e-05
1706958000007,1.25e-05
1706961600302,1.25e-05
1706965200319,1.25e-05
1706968800055,1.25e-05
1706972400386,8.8254e-06
1706976000143,-1.10233e-05
1706979600135,-3.857e-06
1706983200349,7.8275e-06
1706986800162,1.25e-05
1706990400032,1.25e-05
1706994000426,1.25e-05
1706997600429,1.25e-05
1707001200194,1.25e-05
1707004800077,1.25e-05
1707008400091,1.25e-05
1707012000437,1.25e-05
1707015600432,1.25e-05
1707019200203,1.25e-05
1707022800426,6.68278e-05
1707026400111,1.25e-05
1707030000054,1.25e-05
1707033600042,1.25e-05
1707037200442,1.25e-05
1707040800295,-2.4379e-06
1707044400046,-1.05565e-05
1707048000087,-2.11275e-05
1707051600106,-3.57804e-05
1707055200032,-2.90944e-05
1707058800431,-1.36157e-05
1707062400464,-1.69127e-05
1707066000081,-2.1638e-06
1707069600049,-1.2316e-06
1707073200389,8.346e-07
1707076800429,1.25e-05
1707080400285,1.25e-05
1707084000284,1.02296e-05
1707087600360,1.25e-05
1707091200200,1.25e-05
1707094800241,1.25e-05
1707098400113,-7.7621e-06
1707102000277,-2.23597e-05
1707105600015,2.7482e-06
1707109200111,1.25e-05
1707112800037,-2.453e-06
1707116400156,3.7066e-06
1707120000278,8.9128e-06
1707123600022,1.25e-05
1707127200297,1.25e-05
1707130800129,1.25e-05
1707134400041,1.25e-05
1707138000275,1.25e-05
1707141600298,1.25e-05
1707145200029,8.5471e-06
1707148800098,-6.8178e-06
1707152400397,-1.51535e-05
1707156000103,-2.78952e-05
1707159600098,-3.30674e-05
1707163200181,-2.36759e-05
1707166800058,-2.00765e-05
1707170400193,8.1467e-06
1707174000136,1.25e-05
1707177600287,1.25e-05
1707181200120,1.25e-05
1707184800042,1.25e-05
1707188400352,1.25e-05
1707192000191,1.25e-05
1707195600159,1.25e-05
1707199200268,1.25e-05
1707202800095,1.25e-05
1707206400193,3.72614e-05
1707210000314,2.6174e-05
1707213600326,3.71108e-05
1707217200082,1.25e-05
1707220800331,3.769e-05
1707224400009,5.75831e-05
1707228000357,5.34205e-05
1707231600309,8.90254e-05
1707235200095,8.54405e-05
1707238800373,1.25e-05
1707242400264,1.25e-05
1707246000007,1.25e-05
1707249600434,1.25e-05
1707253200430,1.25e-05
1707256800188,1.25e-05
1707260400019,1.25e-05
1707264000076,1.25e-05
1707267600365,1.25e-05
1707271200180,1.25e-05
1707274800410,1.25e-05
1707278400231,1.25e-05
1707282000130,1.25e-05
1707285600127,3.00849e-05
1707289200172,7.18224e-05
1707292800135,0.000117062
1707296400333,6.84527e-05
1707300000436,8.14619e-05
1707303600187,8.50133e-05
1707307200064,7.32331e-05
1707310800410,5.3924e-05
1707314400111,7.60824e-05
1707318000257,8.58378e-05
1707321600012,5.23253e-05
1707325200297,4.24897e-05
1707328800192,4.26488e-05
1707332400252,1.25e-05
1707336000087,1.25e-05
1707339600286,7.78638e-05
1707343200015,0.0001264571
1707346800166,0.0001125765
1707350400230,3.21557e-05
1707354000372,1.25e-05
1707357600150,1.25e-05
1707361200282,6.09365e-05
1707364800296,1.25e-05
1707368400015,1.25e-05
1707372000275,1.25e-05
1707375600061,1.25e-05
1707379200130,1.49436e-05
1707382800338,1.25e-05
1707386400044,2.66203e-05
1707390000196,3.09017e-05
1707393600174,2.61156e-05
1707397200047,2.70493e-05
1707400800201,4.32615e-05
1707404400314,6.20819e-05
1707408000438,0.0001401386
1707411600438,6.74267e-05
1707415200111,8.45149e-05
1707418800410,9.30889e-05
1707422400285,0.000115029
1707426000156,0.0001151939
1707429600093,0.0001262939
1707433200304,0.000135646
1707436800020,0.0001251245
1707440400072,8.1412e-05
1707444000097,8.93601e-05
1707447600006,0.0001254956
1707451200307,7.71225e-05
1707454800395,5.94249e-05
1707458400176,0.000130459
1707462000201,0.0001384752
1707465600281,0.000191024
1707469200019,0.0001229002
1707472800031,0.0001236511
1707476400273,8.96372e-05
1707480000259,6.10589e-05
1707483600286,0.000116519
1707487200036,0.0001130554
1707490800143,0.0001403088
1707494400388,0.0001332148
1707498000260,8.05222e-05
1707501600131,9.75396e-05
1707505200346,8.35487e-05
1707508800368,0.000107262
1707512400421,0.0001402385
1707516000144,0.0001649366
1707519600154,0.0001955347
1707523200092,9.2785e-05
1707526800038,4.53513e-05
1707530400259,5.69454e-05
1707534000051,0.0001065027
1707537600360,0.0001219032
1707541200019,3.60693e-05
1707544800148,2.30787e-05
1707548400189,1.56825e-05
1707552000217,2.14745e-05
1707555600293,5.3119e-05
1707559200453,4.45192e-05
1707562800101,6.63778e-05
1707566400101,5.73471e-05
1707570000246,6.19314e-05
1707573600438,7.90103e-05
1707577200295,8.59143e-05
1707580800073,9.74158e-05
1707584400391,4.57083e-05
1707588000163,5.47949e-05
1707591600042,8.81843e-05
1707595200146,0.0001198238
1707598800387,0.0001413965
1707602400124,0.0001527135
1707606000002,0.0001647644
1707609600201,0.0001629438
1707613200213,1.25e-05
1707616800456,1.25e-05
1707620400001,1.25e-05
1707624000309,6.7342e-05
1707627600220,0.0001092236
1707631200068,0.0001350776
1707634800071,0.0001432309
1707638400056,0.0001214572
1707642000123,3.95201e-05
1707645600059,6.35303e-05
1707649200187,7.78201e-05
1707652800034,3.33487e-05
1707656400156,5.45706e-05
1707660000072,9.84185e-05
1707663600303,7.36478e-05
1707667200086,6.32986e-05
1707670800246,2.39034e-05
1707674400022,2.11895e-05
1707678000051,1.7489e-05
1707681600108,5.95302e-05
1707685200377,3.3837e-05
1707688800405,1.25e-05
1707692400012,1.25e-05
1707696000190,1.25e-05
1707699600197,1.25e-05
1707703200120,1.25e-05
1707706800377,1.25e-05
1707710400280,1.25e-05
1707714000293,1.25e-05
1707717600396,1.25e-05
1707721200302,1.25e-05
1707724800013,1.25e-05
1707728400082,1.25e-05
1707732000424,1.25e-05
1707735600318,1.25e-05
1707739200138,1.25e-05
1707742800325,1.25e-05
1707746400118,1.25e-05
1707750000172,1.25e-05
1707753600461,5.1401e-05
1707757200099,3.3322e-05
1707760800357,0.0003048992
1707764400306,8.47995e-05
1707768000368,0.0001146184
1707771600344,3.43764e-05
1707775200194,1.91035e-05
1707778800322,1.25e-05
1707782400444,4.38131e-05
1707786000023,8.45661e-05
1707789600245,8.13499e-05
1707793200361,6.01671e-05
1707796800105,3.09389e-05
1707800400016,2.47114e-05
1707804000077,3.8506e-05
1707807600215,3.80131e-05
1707811200348,1.25e-05
1707814800228,1.25e-05
1707818400422,1.25e-05
1707822000245,1.25e-05
1707825600339,1.25e-05
1707829200021,1.25e-05
1707832800395,1.25e-05
1707836400106,1.25e-05
1707840000108,1.25e-05
1707843600385,1.25e-05
1707847200380,1.25e-05
1707850800322,1.25e-05
1707854400173,1.25e-05
1707858000414,1.25e-05
1707861600063,3.22886e-05
1707865200438,3.77241e-05
1707868800118,1.25e-05
1707872400004,1.25e-05
1707876000032,1.25e-05
1707879600034,1.25e-05
1707883200168,1.25e-05
1707886800071,1.25e-05
1707890400251,1.57094e-05
1707894000093,1.73247e-05
1707897600342,1.29229e-05
1707901200058,1.25e-05
1707904800001,4.16208e-05
1707908400361,8.1419e-05
1707912000189,0.000108006
1707915600452,0.0001023308
1707919200005,0.0001494082
1707922800050,0.0001627478
1707926400368,0.0001107947
1707930000276,6.36147e-05
1707933600006,5.98583e-05
1707937200342,4.73715e-05
1707940800312,5.09059e-05
1707944400104,5.53902e-05
1707948000432,1.25e-05
1707951600032,1.25e-05
1707955200231,4.09553e-05
1707958800105,3.59811e-05
1707962400435,1.25e-05
1707966000082,1.25e-05
1707969600081,1.25e-05
1707973200078,1.42989e-05
1707976800293,1.25e-05
1707980400323,1.25e-05
1707984000431,1.25e-05
1707987600332,1.25e-05
1707991200010,1.56378e-05
1707994800191,2.95208e-05
1707998400167,3.68732e-05
1708002000029,4.5227e-05
1708005600187,4.58683e-05
1708009200380,5.08883e-05
1708012800409,3.90092e-05
1708016400391,1.25e-05
1708020000409,1.25e-05
1708023600042,1.25e-05
1708027200171,1.25e-05
1708030800252,1.25e-05
1708034400074,1.7172e-05
1708038000026,6.09974e-05
1708041600177,3.26225e-05
1708045200239,2.67329e-05
1708048800337,4.74769e-05
1708052400049,6.4548e-05
1708056000204,8.86896e-05
1708059600391,9.58642e-05
1708063200184,0.0001108041
1708066800066,0.0001073347
1708070400023,2.82277e-05
1708074000035,1.25e-05
1708077600283,1.25e-05
1708081200398,1.25e-05
1708084800022,1.25e-05
1708088400066,1.96184e-05
1708092000153,1.48852e-05
1708095600336,4.64042e-05
1708099200112,2.97423e-05
1708102800022,1.9465e-05
1708106400011,3.34862e-05
1708110000362,5.99677e-05
1708113600192,7.36346e-05
1708117200438,9.51522e-05
1708120800121,0.0001039327
1708124400026,8.91868e-05
1708128000437,7.75572e-05
1708131600462,5.89595e-05
1708135200172,5.16371e-05
1708138800390,6.70696e-05
1708142400450,8.26859e-05
1708146000109,0.0001088844
1708149600235,0.0001258293
1708153200089,0.000132048
1708156800087,0.0001311052
1708160400153,7.56316e-05
1708164000377,8.56002e-05
1708167600001,9.35147e-05
1708171200109,6.90145e-05
1708174800437,6.63219e-05
1708178400152,4.14154e-05
1708182000325,3.77726e-05
1708185600123,4.33356e-05
1708189200142,4.01378e-05
1708192800144,4.05761e-05
1708196400011,4.9027e-05
1708200000418,6.82322e-05
1708203600125,7.05032e-05
1708207200205,4.06706e-05
1708210800237,2.82513e-05
1708214400368,7.50327e-05
1708218000330,4.12765e-05
1708221600076,1.25e-05
1708225200072,1.25e-05
1708228800438,1.25e-05
1708232400021,1.25e-05
1708236000368,1.25e-05
1708239600431,1.88404e-05
1708243200055,5.01698e-05
1708246800393,3.32928e-05
1708250400393,3.1014e-05
1708254000083,3.33994e-05
1708257600056,1.45701e-05
1708261200005,1.62382e-05
1708264800068,3.57782e-05
1708268400062,2.52538e-05
1708272000061,3.04516e-05
1708275600108,1.90148e-05
1708279200398,4.10278e-05
1708282800426,3.41006e-05
1708286400084,5.23248e-05
1708290000423,4.58238e-05
1708293600206,4.29115e-05
1708297200209,4.83522e-05
1708300800026,6.20108e-05
1708304400061,3.6372e-05
1708308000427,4.23622e-05
1708311600104,5.0413e-05
1708315200107,4.39718e-05
1708318800221,5.37807e-05
1708322400026,5.84874e-05
1708326000209,7.46471e-05
1708329600179,7.35581e-05
1708333200443,2.93351e-05
1708336800362,3.54281e-05
1708340400218,3.106e-05
1708344000140,2.67669e-05
1708347600444,2.40379e-05
1708351200174,6.67221e-05
1708354800353,0.000103212
1708358400079,0.0001066352
1708362000238,1.75385e-05
1708365600027,3.11657e-05
1708369200201,4.94563e-05
1708372800433,2.9638e-05
1708376400073,3.01686e-05
1708380000090,3.13959e-05
1708383600098,4.72379e-05
1708387200035,5.81217e-05
1708390800412,4.01762e-05
1708394400193,2.54604e-05
1708398000366,3.1432e-05
1708401600146,2.60017e-05
1708405200137,4.15871e-05
1708408800424,4.5801e-05
1708412400392,4.22505e-05
1708416000011,7.31946e-05
1708419600003,3.22143e-05
1708423200408,3.03058e-05
1708426800023,3.38678e-05
1708430400038,4.40189e-05
1708434000049,5.2549e-05
1708437600099,7.34714e-05
1708441200262,4.18443e-05
1708444800133,0.000106871
1708448400326,4.52832e-05
1708452000235,7.45181e-05
1708455600297,7.87426e-05
1708459200280,9.55007e-05
1708462800065,0.00010839
1708466400410,0.0001213148
1708470000421,0.000102323
1708473600158,0.0001041536
1708477200089,7.30378e-05
1708480800110,8.21534e-05
1708484400249,9.53651e-05
1708488000245,9.54996e-05
1708491600359,0.00010849
1708495200351,0.000102667
1708498800228,7.8152e-05
1708502400447,5.20135e-05
1708506000349,2.82625e-05
1708509600019,3.13344e-05
1708513200042,3.40305e-05
1708516800079,2.53477e-05
1708520400096,2.83223e-05
1708524000201,2.63832e-05
1708527600106,2.72052e-05
1708531200091,2.93791e-05
1708534800392,1.25e-05
1708538400132,1.25e-05
1708542000266,1.25e-05
1708545600084,2.1085e-05
1708549200333,3.35061e-05
1708552800340,3.30163e-05
1708556400194,5.88509e-05
1708560000194,7.55884e-05
1708563600391,4.24088e-05
1708567200038,3.36803e-05
1708570800143,2.56981e-05
1708574400107,3.25105e-05
1708578000327,3.42516e-05
1708581600407,1.25e-05
1708585200377,1.25e-05
1708588800071,2.62265e-05
1708592400033,1.25e-05
1708596000218,1.72133e-05
1708599600079,1.98199e-05
1708603200118,2.86172e-05
1708606800185,3.0828e-05
1708610400266,2.9929e-05
1708614000097,4.17979e-05
1708617600173,5.47781e-05
1708621200245,2.97783e-05
1708624800241,4.89621e-05
1708628400338,5.09199e-05
1708632000143,6.6868e-05
1708635600072,8.04349e-05
1708639200107,7.81677e-05
1708642800041,8.10501e-05
1708646400106,7.01964e-05
1708650000265,2.86005e-05
1708653600420,3.16281e-05
1708657200145,2.46307e-05
1708660800088,4.66786e-05
1708664400127,5.80725e-05
1708668000350,7.81782e-05
1708671600262,8.87676e-05
1708675200015,8.97738e-05
1708678800172,3.70506e-05
1708682400443,5.07719e-05
1708686000172,6.76813e-05
1708689600188,7.86303e-05
1708693200273,7.60575e-05
1708696800173,9.057e-05
1708700400022,9.16636e-05
1708704000129,6.63909e-05
1708707600153,1.25e-05
1708711200027,2.61173e-05
1708714800093,3.9137e-05
1708718400206,4.50759e-05
1708722000322,5.12242e-05
1708725600389,5.25897e-05
1708729200247,4.36424e-05
1708732800063,6.57096e-05
1708736400146,3.04312e-05
1708740000056,2.5148e-05
1708743600333,3.60203e-05
1708747200349,3.30528e-05
1708750800180,2.6591e-05
1708754400372,3.4981e-05
1708758000015,5.85737e-05
1708761600021,6.12175e-05
1708765200039,2.71368e-05
1708768800045,3.39684e-05
1708772400133,3.57609e-05
1708776000284,4.55956e-05
1708779600131,4.49524e-05
1708783200247,4.26353e-05
1708786800186,3.97931e-05
1708790400215,3.93343e-05
1708794000098,1.25e-05
1708797600024,2.13122e-05
1708801200350,2.74687e-05
1708804800403,4.00347e-05
1708808400167,5.17454e-05
1708812000030,7.1879e-05
1708815600422,8.74758e-05
1708819200407,0.0001027128
1708822800153,5.28169e-05
1708826400332,4.61533e-05
1708830000164,5.45098e-05
1708833600037,5.06175e-05
1708837200401,5.51204e-05
1708840800220,5.98299e-05
1708844400264,7.80364e-05
1708848000038,7.37679e-05
1708851600318,3.7085e-05
1708855200099,3.71109e-05
1708858800266,3.71966e-05
1708862400337,4.28613e-05
1708866000185,4.96606e-05
1708869600126,4.9892e-05
1708873200415,6.57522e-05
1708876800079,7.81176e-05
1708880400441,3.16068e-05
1708884000161,3.34386e-05
1708887600195,4.17696e-05
1708891200104,5.11047e-05
1708894800013,7.01201e-05
1708898400330,7.82745e-05
1708902000236,9.85814e-05
1708905600456,0.0001290022
1708909200414,7.557e-05
1708912800300,8.25491e-05
1708916400318,8.64783e-05
1708920000120,9.48124e-05
1708923600051,0.0001025046
1708927200457,0.0001205128
1708930800228,0.0001175561
1708934400000,0.0001295403
1708938000256,8.06693e-05
1708941600411,6.02553e-05
1708945200232,6.42511e-05
1708948800022,7.78156e-05
1708952400185,3.811e-05
1708956000324,3.58591e-05
1708959600336,5.93867e-05
1708963200144,0.0001270144
1708966800247,9.61442e-05
1708970400432,0.0001555514
1708974000189,0.0001759944
1708977600193,0.0001955617
1708981200370,0.0001817208
1708984800131,9.97268e-05
1708988400138,9.70556e-05
1708992000294,0.0001218501
1708995600147,7.98975e-05
1708999200314,0.0001221849
1709002800386,0.0002058773
1709006400067,0.0002266985
1709010000271,0.0001795229
1709013600438,0.0001232734
1709017200034,0.0001200754
1709020800383,0.0001044064
1709024400066,7.16365e-05
1709028000254,6.95194e-05
1709031600002,8.66178e-05
1709035200053,0.0001167746
1709038800155,0.0001344236
1709042400431,0.0001460587
1709046000168,0.0001768511
1709049600265,0.0002090867
1709053200006,0.0001154408
1709056800371,0.0001233963
1709060400045,0.0001296795
1709064000017,0.0001425742
1709067600364,0.0001631019
1709071200009,0.0002082033
1709074800047,0.0002390454
1709078400250,0.0002285568
1709082000384,0.0001122544
1709085600149,0.0001184862
1709089200131,0.0001326003
1709092800011,0.0001196024
1709096400097,0.0001303536
1709100000079,0.0001963124
1709103600301,0.000227141
1709107200124,0.0002643814
1709110800413,0.0001546644
1709114400125,0.0001937369
1709118000046,0.0002712932
1709121600221,0.0003075792
1709125200288,0.0001863161
1709128800407,0.0001535366
1709132400361,0.0001352168
1709136000074,0.0001616619
1709139600360,0.0001916843
1709143200100,5.6805e-05
1709146800044,0.0001962054
1709150400048,0.0002236435
1709154000077,0.0002240835
1709157600427,0.0002225203
1709161200125,0.0003854569
1709164800238,0.0003641609
1709168400095,0.0002587338
1709172000398,0.0002997938
1709175600359,0.000298194
1709179200121,0.0002657133
1709182800221,0.0002403088
1709186400421,0.0002718288
1709190000006,0.0002531999
1709193600377,0.0003008407
1709197200161,0.0002471454
1709200800154,0.0002970545
1709204400388,0.0003092974
1709208000073,0.0002613621
1709211600402,0.0002307009
1709215200426,0.0002584683
1709218800143,0.0002412955
1709222400010,0.0002141593
1709226000048,0.0001102938
1709229600390,0.0001172745
1709233200138,0.0001701906
1709236800300,0.0001536646
1709240400322,0.0001989809
1709244000127,0.0001208582
1709247600036,0.0001007822
1709251200311,7.51626e-05
1709254800043,9.14633e-05
1709258400035,8.67685e-05
1709262000078,0.0001088783
1709265600278,0.0001022231
1709269200076,0.0001315538
1709272800101,0.0001229534
1709276400314,0.0001310384
1709280000426,0.0001309921
1709283600143,7.96871e-05
1709287200258,8.97781e-05
1709290800228,0.0001085481
1709294400134,0.0001307367
1709298000027,0.0001508934
1709301600425,0.000168969
1709305200043,0.0001361338
1709308800118,0.0001279999
1709312400450,8.59628e-05
1709316000050,0.0001095328
1709319600093,0.0001390935
1709323200345,0.0001698184
1709326800150,0.000201033
1709330400247,0.0002068931
1709334000067,0.0002224111
1709337600374,0.0002222623
1709341200366,0.0001485279
1709344800067,0.0001606618
1709348400346,0.0001267372
1709352000110,0.0001299088
1709355600125,0.0001569168
1709359200081,0.0001513125
1709362800363,0.0001646308
1709366400388,0.0001605775
1709370000304,0.0001139501
1709373600199,9.63946e-05
1709377200049,0.0001222529
1709380800041,0.000117638
1709384400397,0.0001421582
1709388000444,0.0001243346
1709391600015,9.4897e-05
1709395200230,7.88103e-05
1709398800080,7.45559e-05
1709402400058,8.99781e-05
1709406000081,0.0001109075
1709409600023,0.0001307518
1709413200062,0.0001239306
1709416800061,0.0001503243
1709420400290,0.0001710817
1709424000250,0.0002031207
1709427600394,7.71951e-05
1709431200012,0.0001088813
1709434800182,0.0001106446
1709438400324,0.0001335679
1709442000077,0.0001429543
1709445600289,0.0001394502
1709449200070,0.0001011508
1709452800184,6.07325e-05
1709456400063,7.4402e-05
1709460000035,8.50668e-05
1709463600281,8.97869e-05
1709467200041,0.000105661
1709470800069,0.0001311621
1709474400406,0.0001442471
1709478000169,0.000170965
1709481600230,0.0002293988
1709485200073,0.000158873
1709488800197,0.0001976843
1709492400410,0.000240671
1709496000047,0.0002859111
1709499600056,0.0003102911
1709503200128,0.0003444812
1709506800453,0.0003601701
1709510400433,0.0001961354
1709514000124,0.0001212328
1709517600357,0.0001746242
1709521200078,0.0001721695
1709524800221,0.0001644507
1709528400345,0.0001301994
1709532000361,0.0001317456
1709535600143,0.0001525363
1709539200203,0.0001755775
1709542800015,0.0001234005
1709546400204,0.0001465612
1709550000323,0.0001324429
1709553600152,0.0001200146
1709557200409,0.0001253361
1709560800306,0.0001261168
1709564400417,0.0001350326
1709568000101,0.0001589848
1709571600027,9.76153e-05
1709575200199,8.90497e-05
1709578800351,9.76495e-05
1709582400185,0.0001339449
1709586000339,0.0001535583
1709589600105,0.0001556781
1709593200007,0.0001752264
1709596800041,0.000229889
1709600400108,0.0001414654
1709604000363,0.0001892826
1709607600399,0.000196198
1709611200271,0.0002103729
1709614800134,0.0002424505
1709618400302,0.0002374034
1709622000247,0.0003098296
1709625600234,0.0002091568
1709629200078,0.0001305686
1709632800215,0.000154416
1709636400257,0.0002006436
1709640000036,0.0002247319
1709643600056,0.0002050407
1709647200164,0.0002047534
1709650800403,0.0001850437
1709654400300,0.000182269
1709658000053,8.1256e-05
1709661600444,0.0001187368
1709665200374,0.0001360005
1709668800335,0.0001226707
1709672400357,7.41126e-05
1709676000313,5.41519e-05
1709679600114,7.74934e-05
1709683200052,0.0001075888
1709686800145,6.92747e-05
1709690400058,8.29413e-05
1709694000432,8.92116e-05
1709697600150,9.54856e-05
1709701200108,0.0001158112
1709704800283,0.0001232528
1709708400002,0.0001783771
1709712000421,0.0001632945
1709715600026,8.85354e-05
1709719200124,0.0001145944
1709722800388,0.0001056832
1709726400092,9.33739e-05
1709730000363,7.32362e-05
1709733600377,0.0001254678
1709737200033,0.0001255165
1709740800446,0.0001061219
1709744400337,4.23078e-05
1709748000044,7.00158e-05
1709751600004,0.0001039442
1709755200269,0.0001307467
1709758800385,0.0001423529
1709762400254,0.0001613178
1709766000366,0.0001604663
1709769600038,0.000191454
1709773200343,0.0001222989
1709776800415,0.0001529727
1709780400007,0.0001644653
1709784000384,0.0001287859
1709787600154,9.40353e-05
1709791200108,0.0001052063
1709794800004,8.71846e-05
1709798400302,7.84683e-05
1709802000256,0.0001033838
1709805600384,0.0001073952
1709809200216,0.0001303994
1709812800240,0.0001453976
1709816400014,0.0001034885
1709820000160,0.0001353734
1709823600139,0.0002031904
1709827200403,0.0002146219
1709830800123,0.0001210896
1709834400282,0.0001149186
1709838000262,9.51123e-05
1709841600148,0.0001011269
1709845200080,0.0001858982
1709848800373,0.000117511
1709852400095,9.82033e-05
1709856000429,0.0001015298
1709859600332,8.72444e-05
1709863200174,0.0001016136
1709866800382,0.00010753
1709870400035,9.96957e-05
1709874000016,7.2332e-05
1709877600039,8.19874e-05
1709881200052,9.14734e-05
1709884800225,9.39692e-05
1709888400171,6.7791e-05
1709892000208,8.15224e-05
1709895600126,8.85145e-05
1709899200378,0.0001029986
1709902800020,0.0001438978
1709906400089,0.0001669799
1709910000076,0.0002177296
1709913600162,0.0002093533
1709917200075,0.0001288253
1709920800076,0.0001443263
1709924400370,0.0001745626
1709928000085,0.0001862741
1709931600124,0.0002201618
1709935200152,0.0002728223
1709938800152,0.0002776114
1709942400436,0.0002349492
1709946000322,0.0001152304
1709949600425,7.00206e-05
1709953200063,7.65766e-05
1709956800211,7.969e-05
1709960400187,8.8396e-05
1709964000438,8.81824e-05
1709967600106,0.0001276121
1709971200255,0.0001433581
1709974800163,9.7091e-05
1709978400119,9.8836e-05
1709982000449,9.93717e-05
1709985600168,0.0001126678
1709989200116,0.000129582
1709992800318,0.0001414331
1709996400092,0.0001336698
1710000000437,0.0001583154
1710003600221,0.0001010818
1710007200425,6.42853e-05
1710010800032,7.94577e-05
1710014400132,0.0001003928
1710018000271,0.0001138159
1710021600096,0.0001355387
1710025200128,0.0001580417
1710028800093,0.0001741216
1710032400360,9.94732e-05
1710036000065,0.0001136706
1710039600035,0.0001541912
1710043200039,0.00016904
1710046800194,0.0001865747
1710050400222,0.0002090393
1710054000282,0.000225588
1710057600249,0.0002401253
1710061200439,0.000155324
1710064800455,0.0001487986
1710068400057,0.0001609016
1710072000324,0.0001276886
1710075600302,0.0001223403
1710079200287,0.0001267605
1710082800121,0.0001002767
1710086400176,6.51255e-05
1710090000311,4.2962e-05
1710093600414,4.67037e-05
1710097200284,3.21066e-05
1710100800252,5.76537e-05
1710104400134,7.86979e-05
1710108000304,8.6079e-05
1710111600303,5.26737e-05
1710115200008,5.37337e-05
1710118800009,4.11028e-05
1710122400210,4.32842e-05
1710126000133,6.0678e-05
1710129600452,6.92267e-05
1710133200165,9.25723e-05
1710136800290,9.62658e-05
1710140400342,0.0001078392
1710144000097,0.000200083
1710147600259,0.0001730432
1710151200077,0.0001648483
1710154800090,0.0001629464
1710158400187,0.0001422874
1710162000063,0.0001537198
1710165600249,0.0001396882
1710169200068,0.0001268549
1710172800007,8.0838e-05
1710176400310,5.9407e-05
1710180000400,7.40201e-05
1710183600058,9.921e-05
1710187200001,8.04757e-05
1710190800077,7.47726e-05
1710194400209,8.98424e-05
1710198000072,8.40085e-05
1710201600024,0.0001276429
1710205200436,9.13729e-05
1710208800100,0.0001183952
1710212400104,0.0001529021
1710216000420,0.0001756301
1710219600127,0.0001805272
1710223200138,0.0001831969
1710226800005,0.0001885196
1710230400403,0.0001969395
1710234000118,9.0521e-05
1710237600125,9.1669e-05
1710241200394,0.0001071414
1710244800329,0.0001158266
1710248400258,9.02718e-05
1710252000293,0.0001118755
1710255600028,0.000116048
1710259200102,0.0001307446
1710262800426,7.09676e-05
1710266400332,7.31667e-05
1710270000149,0.0001068126
1710273600120,0.00011058
1710277200111,0.0001262265
1710280800032,0.0001550007
1710284400009,0.0001468847
1710288000261,0.0001644811
1710291600421,0.0001149027
1710295200160,0.0001259218
1710298800121,0.0001379111
1710302400269,0.0001484776
1710306000303,0.0001737694
1710309600361,0.0001925335
1710313200121,0.0002257318
1710316800394,0.0002727875
1710320400076,0.0001559417
1710324000354,0.0001763928
1710327600393,0.0002061043
1710331200365,0.0002262956
1710334800300,0.0002399256
1710338400289,0.0002612505
1710342000342,0.0002425008
1710345600267,0.0002187924
1710349200159,0.0001264382
1710352800113,0.000116831
1710356400105,0.000171656
1710360000214,0.0001840344
1710363600250,0.0002132968
1710367200050,0.0001810783
1710370800162,0.0001320683
1710374400051,9.2284e-05
1710378000328,7.30612e-05
1710381600107,8.40684e-05
1710385200104,0.0001071246
1710388800063,0.000143907
1710392400025,0.0001440116
1710396000265,0.0001281526
1710399600404,0.0001604704
1710403200215,0.0002229086
1710406800421,0.0001239965
1710410400001,0.0001654617
1710414000352,0.0001526495
1710417600162,0.0001115037
1710421200082,0.0001140809
1710424800354,0.0001057044
1710428400184,0.0001617459
1710432000159,0.0001893181
1710435600008,0.0001215881
1710439200323,8.59428e-05
1710442800378,0.0001177085
1710446400145,0.0001585548
1710450000033,0.0001584805
1710453600396,9.83354e-05
1710457200428,0.0001278172
1710460800115,0.0002036339
1710464400273,9.92471e-05
1710468000097,0.0001132988
1710471600208,0.0001329714
1710475200098,0.0001364258
1710478800123,0.0001211899
1710482400457,4.82102e-05
1710486000122,0.0001545446
1710489600094,0.0001515469
1710493200135,5.76712e-05
1710496800010,3.9314e-05
1710500400208,5.6829e-05
1710504000422,3.04509e-05
1710507600071,5.09427e-05
1710511200229,5.78461e-05
1710514800053,4.68035e-05
1710518400211,3.22399e-05
1710522000216,1.70281e-05
1710525600168,1.36779e-05
1710529200433,3.58154e-05
1710532800032,6.53296e-05
1710536400042,6.52251e-05
1710540000360,7.66223e-05
1710543600215,0.000102099
1710547200465,0.000111905
1710550800095,7.1378e-05
1710554400105,9.08152e-05
1710558000285,8.52104e-05
1710561600015,4.70206e-05
1710565200240,9.98377e-05
1710568800142,7.79466e-05
1710572400027,5.79905e-05
1710576000017,7.31908e-05
1710579600080,2.55187e-05
1710583200095,1.25e-05
1710586800068,1.43794e-05
1710590400309,3.60241e-05
1710594000056,6.70654e-05
1710597600292,5.63505e-05
1710601200167,4.78726e-05
1710604800315,1.25e-05
1710608400053,1.25e-05
1710612000016,1.25e-05
1710615600318,1.25e-05
1710619200028,1.25e-05
1710622800212,1.25e-05
1710626400351,1.25e-05
1710630000102,1.25e-05
1710633600301,1.25e-05
1710637200070,1.25e-05
1710640800455,1.25e-05
1710644400182,1.25571e-05
1710648000012,2.07799e-05
1710651600260,3.50593e-05
1710655200065,5.18783e-05
1710658800067,6.19072e-05
1710662400260,5.23806e-05
1710666000085,3.77195e-05
1710669600384,4.56429e-05
1710673200002,5.21847e-05
1710676800446,4.31325e-05
1710680400326,4.82921e-05
1710684000296,3.4581e-05
1710687600385,4.14277e-05
1710691200004,5.57595e-05
1710694800061,3.31697e-05
1710698400440,4.65474e-05
1710702000370,5.31301e-05
1710705600249,6.9497e-05
1710709200112,8.06169e-05
1710712800192,0.0001088777
1710716400344,9.83205e-05
1710720000434,3.45297e-05
1710723600088,2.7282e-05
1710727200043,2.10481e-05
1710730800017,5.83469e-05
1710734400072,4.35143e-05
1710738000030,5.15578e-05
1710741600386,4.70351e-05
1710745200037,5.10878e-05
1710748800359,4.22823e-05
1710752400290,1.43269e-05
1710756000441,1.60643e-05
1710759600256,2.53812e-05
1710763200028,2.5351e-05
1710766800368,1.28952e-05
1710770400130,1.25e-05
1710774000332,3.29919e-05
1710777600239,2.27955e-05
1710781200381,1.25e-05
1710784800079,1.25e-05
1710788400058,1.25e-05
1710792000379,1.25e-05
1710795600301,1.25e-05
1710799200066,1.25e-05
1710802800437,6.1505e-06
1710806400184,4.3174e-06
1710810000066,1.03072e-05
1710813600414,8.2483e-06
1710817200303,-1.32339e-05
1710820800052,-1.02025e-05
1710824400106,-6.20086e-05
1710828000257,-6.35049e-05
1710831600271,-1.99763e-05
1710835200152,1.25e-05
1710838800262,4.6513e-06
1710842400133,1.25e-05
1710846000139,1.25e-05
1710849600388,1.25e-05
1710853200103,1.25e-05
1710856800122,1.25e-05
1710860400109,1.25e-05
1710864000409,1.25e-05
1710867600096,1.25e-05
1710871200277,1.25e-05
1710874800224,1.8546e-05
1710878400360,1.45043e-05
1710882000233,2.55894e-05
1710885600402,3.13356e-05
1710889200346,2.64822e-05
1710892800416,1.25e-05
1710896400256,1.25e-05
1710900000339,1.25e-05
1710903600315,1.25e-05
1710907200022,1.25e-05
1710910800196,1.25e-05
1710914400285,1.25e-05
1710918000143,1.25e-05
1710921600022,1.25e-05
1710925200369,1.25e-05
1710928800107,1.25e-05
1710932400399,1.25e-05
1710936000024,1.25e-05
1710939600306,1.25e-05
1710943200175,1.25e-05
1710946800330,1.25e-05
1710950400374,1.25e-05
1710954000410,1.25e-05
1710957600194,1.25e-05
1710961200192,1.25e-05
1710964800212,1.25e-05
1710968400168,1.25e-05
1710972000024,1.25e-05
1710975600115,1.25e-05
1710979200076,1.25e-05
1710982800191,1.25e-05
1710986400113,1.25e-05
1710990000303,1.25e-05
1710993600047,1.25e-05
1710997200104,1.25e-05
1711000800156,1.25e-05
1711004400265,1.25e-05
1711008000267,1.25e-05
1711011600055,1.25e-05
1711015200078,1.25e-05
1711018800092,1.25e-05
1711022400136,1.25e-05
1711026000252,1.25e-05
1711029600308,1.25e-05
1711033200337,1.25e-05
1711036800055,1.25e-05
1711040400351,1.25e-05
1711044000112,1.25e-05
1711047600219,2.81727e-05
1711051200104,3.56403e-05
1711054800050,2.00284e-05
1711058400161,2.48333e-05
1711062000274,1.58323e-05
1711065600419,1.72928e-05
1711069200278,1.25e-05
1711072800057,1.25e-05
1711076400234,1.25e-05
1711080000166,1.25e-05
1711083600169,3.35142e-05
1711087200125,2.64614e-05
1711090800268,1.25e-05
1711094400047,2.30382e-05
1711098000122,1.25e-05
1711101600345,2.33951e-05
1711105200061,2.49117e-05
1711108800268,3.51685e-05
1711112400285,3.70532e-05
1711116000044,2.57039e-05
1711119600307,2.00301e-05
1711123200320,1.25e-05
1711126800376,1.25e-05
1711130400134,1.25e-05
1711134000137,1.25e-05
1711137600076,1.25e-05
1711141200248,1.25e-05
1711144800181,2.15372e-05
1711148400408,1.25e-05
1711152000366,1.25e-05
1711155600307,1.25e-05
1711159200367,1.25e-05
1711162800076,1.25e-05
1711166400171,1.25e-05
1711170000306,1.25e-05
1711173600163,1.28437e-05
1711177200079,1.25e-05
1711180800319,2.61636e-05
1711184400012,1.25e-05
1711188000079,1.25e-05
1711191600089,1.25e-05
1711195200011,1.25e-05
1711198800452,1.25e-05
1711202400011,1.25e-05
1711206000354,1.45421e-05
1711209600354,2.53938e-05
1711213200319,1.25e-05
1711216800358,1.25e-05
1711220400406,1.25e-05
1711224000318,1.77098e-05
1711227600441,3.16597e-05
1711231200344,3.57877e-05
1711234800093,3.83911e-05
1711238400299,4.73199e-05
1711242000448,2.49128e-05
1711245600364,2.4167e-05
1711249200131,1.95643e-05
1711252800247,1.25e-05
1711256400257,1.25e-05
1711260000460,1.25e-05
1711263600227,1.25e-05
1711267200269,1.25e-05
1711270800039,1.25e-05
1711274400341,1.25e-05
1711278000245,1.40599e-05
1711281600201,1.25e-05
1711285200374,3.29856e-05
1711288800433,3.30986e-05
1711292400383,3.20718e-05
1711296000038,2.37695e-05
1711299600023,1.25e-05
1711303200076,1.25e-05
1711306800029,2.24912e-05
1711310400171,2.9902e-05
1711314000150,3.26482e-05
1711317600344,3.43556e-05
1711321200297,4.73651e-05
1711324800416,6.19329e-05
1711328400048,4.1915e-05
1711332000454,4.24033e-05
1711335600225,4.19382e-05
1711339200155,4.53285e-05
1711342800132,4.61906e-05
1711346400166,4.52868e-05
1711350000364,6.99645e-05
1711353600076,8.26217e-05
1711357200053,4.32939e-05
1711360800191,2.94951e-05
1711364400279,2.74956e-05
1711368000384,3.70476e-05
1711371600248,4.29724e-05
1711375200139,4.16298e-05
1711378800320,3.7283e-05
1711382400362,3.08662e-05
1711386000119,1.25e-05
1711389600404,1.25e-05
1711393200379,1.25e-05
1711396800247,1.69863e-05
1711400400322,3.17992e-05
1711404000395,6.59528e-05
1711407600095,6.44361e-05
1711411200425,5.61005e-05
1711414800271,2.09731e-05
1711418400032,2.51218e-05
1711422000147,3.25052e-05
1711425600144,4.16268e-05
1711429200198,3.83582e-05
1711432800389,6.33346e-05
1711436400395,5.56322e-05
1711440000430,4.93646e-05
1711443600097,3.44089e-05
1711447200249,4.118e-05
1711450800300,3.89724e-05
1711454400198,3.52931e-05
1711458000241,3.86333e-05
1711461600299,3.08163e-05
1711465200312,5.48043e-05
1711468800167,9.72562e-05
1711472400191,6.91905e-05
1711476000170,8.49051e-05
1711479600294,7.38584e-05
1711483200232,4.2234e-05
1711486800423,4.86368e-05
1711490400372,6.9967e-05
1711494000173,5.60857e-05
1711497600310,5.89307e-05
1711501200009,5.35965e-05
1711504800429,4.9626e-05
1711508400459,5.45239e-05
1711512000375,6.89721e-05
1711515600249,7.84225e-05
1711519200290,8.36324e-05
1711522800033,0.0001001359
1711526400206,8.53864e-05
1711530000022,2.47816e-05
1711533600083,3.45804e-05
1711537200351,2.61418e-05
1711540800104,3.03804e-05
1711544400129,5.843e-05
1711548000170,7.01753e-05
1711551600242,8.12733e-05
1711555200215,0.0001038875
1711558800324,5.24465e-05
1711562400205,7.66082e-05
1711566000334,0.0001138226
1711569600079,0.0001203914
1711573200331,0.000134236
1711576800248,0.0001441997
1711580400027,0.0001623919
1711584000253,0.0001315673
1711587600025,7.98671e-05
1711591200176,9.32708e-05
1711594800135,8.24194e-05
1711598400122,0.0001024736
1711602000040,9.74942e-05
1711605600046,7.99685e-05
1711609200213,0.0001276324
1711612800026,0.0001297957
1711616400056,5.98426e-05
1711620000006,6.66963e-05
1711623600087,7.17529e-05
1711627200283,6.96574e-05
1711630800374,7.60764e-05
1711634400341,6.51647e-05
1711638000006,6.46302e-05
1711641600082,7.97306e-05
1711645200196,5.70171e-05
1711648800045,6.09023e-05
1711652400288,6.39549e-05
1711656000320,8.29927e-05
1711659600371,7.34727e-05
1711663200461,0.0001387261
1711666800038,0.0001459927
1711670400304,0.0001942651
1711674000275,0.000106658
1711677600408,0.0001225528
1711681200010,0.0001308292
1711684800058,0.0001408101
1711688400028,0.0001257167
1711692000399,0.0001209822
1711695600056,0.0001082681
1711699200200,9.85206e-05
1711702800055,1.64199e-05
1711706400049,3.11095e-05
1711710000267,2.39207e-05
1711713600275,7.70433e-05
1711717200056,9.35933e-05
1711720800116,0.0001086417
1711724400178,0.0001296992
1711728000153,0.0001571772
1711731600260,8.17889e-05
1711735200321,8.61295e-05
1711738800301,9.52952e-05
1711742400409,0.0001079952
1711746000077,0.0001331874
1711749600377,0.0001727195
1711753200020,0.0001886272
1711756800404,0.0001964355
1711760400129,0.0001226508
1711764000034,0.0001310395
1711767600142,0.0001495401
1711771200344,0.0001716441
1711774800380,0.0001679906
1711778400281,0.0002235449
1711782000252,0.0002107503
1711785600172,0.0001953094
1711789200114,8.42595e-05
1711792800383,0.0001132066
1711796400331,0.0001282795
1711800000371,0.0001544763
1711803600185,0.0002145879
1711807200053,0.0002522898
1711810800003,0.0002499508
1711814400258,0.0001941398
1711818000090,0.000109963
1711821600300,0.0001140919
1711825200059,0.0001221886
1711828800276,0.0001009097
1711832400067,0.0001351092
1711836000143,0.0001349695
1711839600051,0.0001408826
1711843200021,0.0001373598
1711846800117,9.5849e-05
1711850400239,0.0001128754
1711854000343,0.0001219922
1711857600166,0.000122725
1711861200300,0.0001353987
1711864800099,0.0001522207
1711868400276,0.0001785568
1711872000098,0.000198067
1711875600027,0.0001270936
1711879200215,0.0001322336
1711882800253,0.0001443949
1711886400436,0.0001633908
1711890000234,0.0001750493
1711893600287,0.0001786639
1711897200309,0.000180068
1711900800120,0.0001862479
1711904400329,0.000115416
1711908000056,0.0001424096
1711911600250,0.0001627935
1711915200042,0.0002305613
1711918800311,0.0002151687
1711922400192,0.0001362945
1711926000346,0.0001357095
1711929600210,0.000186709
1711933200029,0.0001276627
1711936800024,0.0001405396
1711940400031,0.0001210062
1711944000261,8.31888e-05
1711947600281,8.74395e-05
1711951200200,8.8287e-05
1711954800177,5.75166e-05
1711958400337,6.43428e-05
1711962000109,5.85065e-05
1711965600065,7.11913e-05
1711969200284,9.30994e-05
1711972800002,9.90614e-05
1711976400223,0.0001071188
1711980000318,0.0001208892
1711983600439,0.0001349902
1711987200099,2.77803e-05
1711990800051,1.25e-05
1711994400397,1.25e-05
1711998000423,1.25e-05
1712001600078,1.25e-05
1712005200094,1.474e-05
1712008800063,1.42809e-05
1712012400076,3.6357e-05
1712016000460,4.17155e-05
1712019600088,1.31497e-05
1712023200410,1.25e-05
1712026800157,1.25e-05
1712030400080,2.19601e-05
1712034000186,2.20434e-05
1712037600111,1.25e-05
1712041200006,1.95649e-05
1712044800182,4.41848e-05
1712048400426,2.79785e-05
1712052000335,2.4184e-05
1712055600162,3.81054e-05
1712059200115,3.5471e-05
1712062800237,5.02706e-05
1712066400220,5.79239e-05
1712070000055,1.25e-05
1712073600428,1.25e-05
1712077200088,1.25e-05
1712080800366,1.25e-05
1712084400291,1.25e-05
1712088000224,1.25e-05
1712091600365,1.25e-05
1712095200125,1.25e-05
1712098800188,1.25e-05
1712102400447,2.67955e-05
1712106000030,1.25e-05
1712109600334,1.25e-05
1712113200047,1.25e-05
1712116800081,1.25e-05
1712120400244,1.25e-05
1712124000405,1.25e-05
1712127600317,1.25e-05
1712131200138,1.25e-05
1712134800333,1.25e-05
1712138400288,1.25e-05
1712142000454,1.25e-05
1712145600098,1.25e-05
1712149200374,1.25e-05
1712152800242,1.25e-05
1712156400117,1.25e-05
1712160000377,1.25e-05
1712163600286,1.25e-05
1712167200365,1.5877e-05
1712170800189,1.60782e-05
1712174400389,1.96627e-05
1712178000099,4.05047e-05
1712181600344,3.21801e-05
1712185200025,4.05165e-05
1712188800241,5.1041e-05
1712192400322,3.0763e-05
1712196000194,3.41347e-05
1712199600351,1.25e-05
1712203200339,1.25e-05
1712206800200,1.25e-05
1712210400017,1.25e-05
1712214000122,1.25e-05
1712217600059,1.38358e-05
1712221200002,1.25e-05
1712224800380,2.16504e-05
1712228400073,1.7247e-05
1712232000032,2.17221e-05
1712235600239,1.96562e-05
1712239200314,6.57863e-05
1712242800246,0.0001057368
1712246400200,0.0001251779
1712250000087,7.31502e-05
1712253600356,8.00629e-05
1712257200037,7.55069e-05
1712260800100,1.25e-05
1712264400178,1.25e-05
1712268000093,1.25e-05
1712271600385,1.25e-05
1712275200026,1.25e-05
1712278800433,1.25e-05
1712282400106,1.25e-05
1712286000265,1.25e-05
1712289600031,1.25e-05
1712293200031,1.25e-05
1712296800252,1.25e-05
1712300400433,4.8816e-06
1712304000148,1.25e-05
1712307600191,-9.0953e-06
1712311200055,-2.06962e-05
1712314800273,-2.53525e-05
1712318400022,1.25e-05
1712322000030,1.25e-05
1712325600335,1.25e-05
1712329200311,1.25e-05
1712332800032,1.25e-05
1712336400007,1.25e-05
1712340000394,1.25e-05
1712343600030,1.25e-05
1712347200032,1.25e-05
1712350800371,1.25e-05
1712354400048,1.25e-05
1712358000281,1.25e-05
1712361600122,1.25e-05
1712365200037,1.25e-05
1712368800413,1.25e-05
1712372400243,1.25e-05
1712376000125,1.25e-05
1712379600068,1.25e-05
1712383200372,1.25e-05
1712386800057,1.25e-05
1712390400029,1.25e-05
1712394000405,1.25e-05
1712397600315,1.25e-05
1712401200244,1.25e-05
1712404800375,1.25e-05
1712408400161,1.25e-05
1712412000351,1.25e-05
1712415600214,1.25e-05
1712419200247,1.25e-05
1712422800333,1.25e-05
1712426400375,1.25e-05
1712430000433,1.25e-05
1712433600312,1.25e-05
1712437200211,1.25e-05
1712440800407,1.25e-05
1712444400007,1.25e-05
1712448000118,1.25e-05
1712451600167,1.25e-05
1712455200428,1.25e-05
1712458800348,1.25e-05
1712462400356,1.25e-05
1712466000035,1.25e-05
1712469600159,1.25e-05
1712473200035,1.25e-05
1712476800078,1.25e-05
1712480400035,1.25e-05
1712484000264,1.25e-05
1712487600196,1.25e-05
1712491200405,1.25e-05
1712494800201,1.25e-05
1712498400026,1.25e-05
1712502000364,1.25e-05
1712505600157,1.25e-05
1712509200110,1.25e-05
1712512800152,1.25e-05
1712516400140,1.25e-05
1712520000089,1.25e-05
1712523600060,1.25e-05
1712527200169,1.25e-05
1712530800356,1.25e-05
1712534400009,1.25e-05
1712538000135,1.25e-05
1712541600306,1.25e-05
1712545200317,1.25e-05
1712548800147,1.25e-05
1712552400436,1.25e-05
1712556000134,1.25e-05
1712559600293,1.25e-05
1712563200209,1.25e-05
1712566800217,1.25e-05
1712570400393,1.25e-05
1712574000166,1.25e-05
1712577600145,2.6158e-05
1712581200355,2.3289e-05
1712584800124,3.19742e-05
1712588400132,3.21108e-05
1712592000410,1.75697e-05
1712595600008,1.25e-05
1712599200396,1.25e-05
1712602800246,1.53806e-05
1712606400149,1.82986e-05
1712610000372,2.0578e-05
1712613600272,2.99103e-05
1712617200030,4.79639e-05
1712620800322,8.09798e-05
1712624400161,5.19003e-05
1712628000058,5.79217e-05
1712631600099,8.23378e-05
1712635200228,3.53743e-05
1712638800259,1.25e-05
1712642400048,1.97218e-05
1712646000097,2.09484e-05
1712649600227,2.58514e-05
1712653200299,2.11249e-05
1712656800161,3.91547e-05
1712660400277,4.65745e-05
1712664000165,5.39325e-05
1712667600020,7.57865e-05
1712671200067,5.90194e-05
1712674800428,3.41966e-05
1712678400253,3.20055e-05
1712682000043,2.51234e-05
1712685600168,1.52443e-05
1712689200184,3.05288e-05
1712692800032,3.28062e-05
1712696400060,4.77606e-05
1712700000042,5.06216e-05
1712703600444,5.62183e-05
1712707200114,7.171e-05
1712710800205,4.1954e-05
1712714400097,4.81659e-05
1712718000311,4.24765e-05
1712721600438,1.34106e-05
1712725200424,4.87541e-05
1712728800352,5.03041e-05
1712732400155,4.31414e-05
1712736000254,5.05663e-05
1712739600079,2.59645e-05
1712743200027,3.00184e-05
1712746800092,2.51439e-05
1712750400060,1.50835e-05
1712754000168,2.22236e-05
1712757600065,2.90434e-05
1712761200319,2.35778e-05
1712764800260,2.15454e-05
1712768400143,1.25e-05
1712772000090,3.33958e-05
1712775600108,4.27993e-05
1712779200096,4.48045e-05
1712782800369,5.22155e-05
1712786400094,6.42061e-05
1712790000293,6.27033e-05
1712793600013,8.65961e-05
1712797200007,4.84494e-05
1712800800156,5.60774e-05
1712804400066,5.80153e-05
1712808000320,6.70572e-05
1712811600120,5.47559e-05
1712815200172,6.24868e-05
1712818800071,7.03405e-05
1712822400197,7.4309e-05
1712826000307,4.95568e-05
1712829600261,2.65901e-05
1712833200213,1.25e-05
1712836800047,1.75969e-05
1712840400004,2.28151e-05
1712844000272,4.98696e-05
1712847600104,8.19528e-05
1712851200058,0.0001053065
1712854800292,6.00049e-05
1712858400198,6.94099e-05
1712862000301,7.39217e-05
1712865600119,8.59632e-05
1712869200031,0.0001020281
1712872800110,7.40711e-05
1712876400177,9.51976e-05
1712880000103,8.45743e-05
1712883600160,1.25e-05
1712887200147,1.86283e-05
1712890800100,2.4983e-05
1712894400129,2.794e-05
1712898000191,3.13396e-05
1712901600199,3.75533e-05
1712905200114,4.16509e-05
1712908800056,7.04207e-05
1712912400336,2.79875e-05
1712916000123,3.46012e-05
1712919600034,2.77344e-05
1712923200096,2.49774e-05
1712926800016,2.92169e-05
1712930400123,2.39737e-05
1712934000048,1.79947e-05
1712937600205,2.45287e-05
1712941200427,1.25e-05
1712944800198,1.25e-05
1712948400398,1.25e-05
1712952000001,1.25e-05
1712955600461,1.25e-05
1712959200163,1.25e-05
1712962800350,1.25e-05
1712966400061,1.25e-05
1712970000077,1.25e-05
1712973600090,1.25e-05
1712977200010,-1.1881e-06
1712980800053,1.24325e-05
1712984400187,3.7731e-06
1712988000143,1.25e-05
1712991600120,1.25e-05
1712995200076,1.25e-05
1712998800016,1.25e-05
1713002400020,1.25e-05
1713006000299,1.25e-05
1713009600056,1.25e-05
1713013200066,1.25e-05
1713016800019,1.25e-05
1713020400004,1.25e-05
1713024000075,1.25e-05
1713027600397,1.25e-05
1713031200338,1.25e-05
1713034800297,1.25e-05
1713038400197,1.25e-05
1713042000258,3.34202e-05
1713045600427,1.25e-05
1713049200279,1.25e-05
1713052800368,1.25e-05
1713056400389,1.25e-05
1713060000354,1.25e-05
1713063600241,1.25e-05
1713067200065,1.25e-05
1713070800141,1.25e-05
1713074400415,0.0001631474
1713078000310,1.29307e-05
1713081600145,4.43075e-05
1713085200376,4.42518e-05
1713088800121,4.24384e-05
1713092400388,1.25e-05
1713096000143,2.09662e-05
1713099600364,4.84524e-05
1713103200142,2.86933e-05
1713106800413,1.25e-05
1713110400070,1.25e-05
1713114000469,1.25e-05
1713117600046,1.25e-05
1713121200246,1.25e-05
1713124800338,1.25e-05
1713128400263,1.25e-05
1713132000141,3.9448e-06
1713135600330,1.25e-05
1713139200053,1.25e-05
1713142800358,1.25e-05
1713146400102,1.25e-05
1713150000087,1.25e-05
1713153600034,1.25e-05
1713157200143,1.25e-05
1713160800257,1.25e-05
1713164400054,1.25e-05
1713168000385,1.25e-05
1713171600027,1.25e-05
1713175200273,1.25e-05
1713178800068,1.25e-05
1713182400092,1.25e-05
1713186000280,1.25e-05
1713189600223,1.25e-05
1713193200400,1.25e-05
1713196800184,1.25e-05
1713200400372,1.25e-05
1713204000374,1.25e-05
1713207600053,1.15623e-05
1713211200455,1.11336e-05
1713214800363,1.25e-05
1713218400015,1.25e-05
1713222000071,1.25e-05
1713225600411,1.25e-05
1713229200321,1.25e-05
1713232800136,1.25e-05
1713236400063,1.25e-05
1713240000439,1.25e-05
1713243600049,9.7086e-06
1713247200029,1.25e-05
1713250800191,1.25e-05
1713254400388,1.25e-05
1713258000342,1.25e-05
1713261600343,1.25e-05
1713265200040,1.25e-05
1713268800286,1.25e-05
1713272400054,1.25e-05
1713276000281,1.25e-05
1713279600348,1.25e-05
1713283200191,1.25e-05
1713286800299,1.25e-05
1713290400406,1.25e-05
1713294000424,1.25e-05
1713297600396,1.25e-05
1713301200189,1.25e-05
1713304800452,1.25e-05
1713308400410,4.74931e-05
1713312000012,8.05684e-05
1713315600057,3.68735e-05
1713319200388,2.36318e-05
1713322800277,2.40233e-05
1713326400156,2.86871e-05
1713330000333,1.25e-05
1713333600074,4.31296e-05
1713337200350,0.0001126284
1713340800334,5.69987e-05
1713344400007,1.25e-05
1713348000122,1.25e-05
1713351600102,1.25e-05
1713355200241,1.25e-05
1713358800360,1.25e-05
1713362400017,1.25e-05
1713366000350,1.25e-05
1713369600120,1.25e-05
1713373200259,1.25e-05
1713376800053,2.87975e-05
1713380400351,3.99778e-05
1713384000378,2.03859e-05
1713387600280,2.8357e-05
1713391200097,1.42401e-05
1713394800374,1.25e-05
1713398400162,1.25e-05
1713402000414,1.25e-05
1713405600196,1.25e-05
1713409200302,1.25e-05
1713412800309,1.25e-05
1713416400339,2.12569e-05
1713420000042,1.25e-05
1713423600385,1.25e-05
1713427200223,1.25e-05
1713430800252,1.25e-05
1713434400216,1.25e-05
1713438000313,1.25e-05
1713441600037,1.25e-05
1713445200154,1.25e-05
1713448800437,1.25e-05
1713452400277,1.25e-05
1713456000343,1.25e-05
1713459600163,1.25e-05
1713463200007,1.25e-05
1713466800063,1.25e-05
1713470400367,1.25e-05
1713474000090,1.25e-05
1713477600125,1.25e-05
1713481200134,1.25e-05
1713484800060,1.25e-05
1713488400401,1.25e-05
1713492000019,1.25e-05
1713495600004,1.25e-05
1713499200216,1.25e-05
1713502800435,1.25e-05
1713506400344,1.25e-05
1713510000448,1.25e-05
1713513600109,3.7375e-05
1713517200447,2.8458e-05
1713520800241,3.3776e-05
1713524400059,4.65839e-05
1713528000155,7.19526e-05
1713531600252,6.55177e-05
1713535200355,1.25e-05
1713538800219,1.25e-05
1713542400399,2.49836e-05
1713546000335,1.25e-05
1713549600194,1.25e-05
1713553200423,1.89759e-05
1713556800039,4.49661e-05
1713560400186,6.81174e-05
1713564000251,3.46312e-05
1713567600454,4.18271e-05
1713571200394,1.25e-05
1713574800371,1.25e-05
1713578400255,2.24918e-05
1713582000199,2.96172e-05
1713585600341,2.83378e-05
1713589200298,3.35454e-05
1713592800019,1.25e-05
1713596400204,2.418e-05
1713600000087,1.25e-05
1713603600163,1.25e-05
1713607200287,1.25e-05
1713610800275,1.25e-05
1713614400168,1.25e-05
1713618000107,1.25e-05
1713621600138,1.45052e-05
1713625200472,1.25e-05
1713628800281,2.45892e-05
1713632400410,2.07877e-05
1713636000130,4.39101e-05
1713639600425,3.35425e-05
1713643200170,1.25e-05
1713646800044,1.25e-05
1713650400134,1.25e-05
1713654000046,1.25e-05
1713657600052,8.122e-07
1713661200112,1.25e-05
1713664800168,1.25e-05
1713668400050,1.25e-05
1713672000153,1.25e-05
1713675600242,1.25e-05
1713679200030,1.25e-05
1713682800074,1.25e-05
1713686400120,1.25e-05
1713690000412,1.25e-05
1713693600386,1.25e-05
1713697200204,1.25e-05
1713700800344,1.25e-05
1713704400384,1.25e-05
1713708000177,1.25e-05
1713711600175,1.25e-05
1713715200268,1.25e-05
1713718800248,1.25e-05
1713722400315,1.25e-05
1713726000423,1.25e-05
1713729600112,1.25e-05
1713733200211,-2.77793e-05
1713736800419,-5.32046e-05
1713740400052,-5.77998e-05
1713744000334,9.555e-07
1713747600219,1.25e-05
1713751200301,1.25e-05
1713754800063,1.25e-05
1713758400137,1.25e-05
1713762000039,-4.964e-06
1713765600017,5.2729e-06
1713769200358,1.25e-05
1713772800010,1.25e-05
1713776400100,1.25e-05
1713780000087,1.25e-05
1713783600246,1.25e-05
1713787200231,1.25e-05
1713790800080,1.25e-05
1713794400348,3.85912e-05
1713798000058,1.25e-05
1713801600158,1.25e-05
1713805200184,1.25e-05
1713808800325,1.25e-05
1713812400002,1.76184e-05
1713816000323,4.18327e-05
1713819600313,7.28722e-05
1713823200123,7.16689e-05
1713826800102,8.62447e-05
1713830400021,2.40395e-05
1713834000445,5.56339e-05
1713837600378,5.35258e-05
1713841200235,1.25e-05
1713844800218,1.25e-05
1713848400147,1.25e-05
1713852000125,1.13518e-05
1713855600205,1.25e-05
1713859200054,-8.15301e-05
1713862800128,-9.7249e-06
1713866400078,1.25e-05
1713870000161,-2.03897e-05
1713873600359,1.25e-05
1713877200156,1.25e-05
1713880800122,1.25e-05
1713884400010,1.25e-05
1713888000014,2.87515e-05
1713891600279,2.5274e-05
1713895200391,5.19205e-05
1713898800243,7.02623e-05
1713902400222,9.08577e-05
1713906000276,8.2189e-05
1713909600095,4.6327e-05
1713913200357,2.76134e-05
1713916800159,1.32094e-05
1713920400089,3.769e-05
1713924000359,4.52268e-05
1713927600399,7.50603e-05
1713931200269,9.92406e-05
1713934800275,0.0001096641
1713938400184,6.53403e-05
1713942000019,5.61561e-05
1713945600045,2.76288e-05
1713949200338,1.25e-05
1713952800096,1.25e-05
1713956400002,3.50291e-05
1713960000007,2.86823e-05
1713963600033,1.25e-05
1713967200032,1.25e-05
1713970800341,1.25e-05
1713974400076,1.25e-05
1713978000002,1.25e-05
1713981600242,1.25e-05
1713985200124,1.25e-05
1713988800161,1.25e-05
1713992400014,1.25e-05
1713996000121,1.25e-05
1713999600088,1.25e-05
1714003200042,1.25e-05
1714006800442,1.25e-05
1714010400254,1.25e-05
1714014000202,1.25e-05
1714017600166,1.25e-05
1714021200271,1.25e-05
1714024800012,2.83073e-05
1714028400056,3.34307e-05
1714032000060,4.66002e-05
1714035600221,3.73514e-05
1714039200443,4.90635e-05
1714042800310,1.25e-05
1714046400263,2.66375e-05
1714050000109,1.25e-05
1714053600335,1.25e-05
1714057200033,1.25e-05
1714060800154,1.25e-05
1714064400423,1.25e-05
1714068000200,1.25e-05
1714071600438,1.44624e-05
1714075200117,4.90392e-05
1714078800020,8.76213e-05
1714082400084,8.17899e-05
1714086000181,9.10764e-05
1714089600168,5.0586e-05
1714093200409,1.25e-05
1714096800243,1.25e-05
1714100400060,1.25e-05
1714104000305,4.654e-05
1714107600184,5.27346e-05
1714111200461,5.47918e-05
1714114800227,2.82445e-05
1714118400110,1.25e-05
1714122000238,1.25e-05
1714125600020,1.25e-05
1714129200411,3.95648e-05
1714132800159,2.95212e-05
1714136400102,1.25e-05
1714140000390,1.25e-05
1714143600410,1.25e-05
1714147200226,1.25e-05
1714150800220,1.25e-05
1714154400145,1.25e-05
1714158000060,1.25e-05
1714161600093,1.25e-05
1714165200127,1.25e-05
1714168800259,1.25e-05
1714172400187,1.25e-05
1714176000147,1.25e-05
1714179600019,1.25e-05
1714183200228,1.25e-05
1714186800228,1.25e-05
1714190400090,1.25e-05
1714194000026,1.25e-05
1714197600371,1.25e-05
1714201200128,1.25e-05
1714204800408,1.25e-05
1714208400222,1.25e-05
1714212000005,1.25e-05
1714215600312,1.25e-05
1714219200031,1.25e-05
1714222800063,1.25e-05
1714226400452,1.25e-05
1714230000033,1.25e-05
1714233600277,1.25e-05
1714237200338,1.25e-05
1714240800113,1.25e-05
1714244400156,1.25e-05
1714248000350,1.11046e-05
1714251600189,1.25e-05
1714255200415,1.25e-05
1714258800085,1.25e-05
1714262400141,7.5708e-06
1714266000018,1.25e-05
1714269600333,1.11996e-05
1714273200019,1.1459e-06
1714276800426,1.25e-05
1714280400199,-6.5818e-06
1714284000170,-1.33179e-05
1714287600382,1.25e-05
1714291200161,-1.9899e-06
1714294800059,1.25e-05
1714298400319,4.9286e-06
1714302000081,-6.0805e-06
1714305600047,-2.8271e-06
1714309200224,1.25e-05
1714312800087,1.25e-05
1714316400442,1.25e-05
1714320000433,1.25e-05
1714323600097,1.25e-05
1714327200213,1.25e-05
1714330800002,1.25e-05
1714334400403,1.25e-05
1714338000122,1.25e-05
1714341600309,1.25e-05
1714345200294,1.25e-05
1714348800308,1.17047e-05
1714352400432,1.25e-05
1714356000276,1.25e-05
1714359600177,1.25e-05
1714363200217,1.25e-05
1714366800033,7.0346e-06
1714370400166,-3.46123e-05
1714374000172,-3.40467e-05
1714377600289,-3.39544e-05
1714381200293,-2.35436e-05
1714384800191,-6.00298e-05
1714388400018,1.25e-05
1714392000023,1.25e-05
1714395600131,1.25e-05
1714399200219,1.25e-05
1714402800304,1.25e-05
1714406400063,1.25e-05
1714410000098,1.25e-05
1714413600309,1.25e-05
1714417200121,1.25e-05
1714420800170,1.25e-05
1714424400443,1.25e-05
1714428000308,1.33546e-05
1714431600349,3.46601e-05
1714435200027,5.78122e-05
1714438800058,2.25518e-05
1714442400157,2.95747e-05
1714446000384,2.45776e-05
1714449600010,1.9123e-05
1714453200253,1.25e-05
1714456800045,3.58064e-05
1714460400020,1.25e-05
1714464000413,1.25e-05
1714467600192,1.25e-05
1714471200038,1.25e-05
1714474800242,1.25e-05
1714478400380,-2.1926e-06
1714482000169,-2.45337e-05
1714485600078,-8.5591e-06
1714489200169,1.08873e-05
1714492800134,1.25e-05
1714496400242,1.25e-05
1714500000230,1.25e-05
1714503600047,1.25e-05
1714507200257,1.25e-05
1714510800358,1.25e-05
1714514400185,1.25e-05
1714518000287,1.25e-05
1714521600016,1.25e-05
1714525200181,1.25e-05
1714528800110,1.25e-05
1714532400261,1.25e-05
1714536000323,1.25e-05
1714539600011,1.25e-05
1714543200373,1.25e-05
1714546800316,1.25e-05
1714550400282,1.25e-05
1714554000410,1.25e-05
1714557600259,9.7163e-06
1714561200380,1.25e-05
1714564800168,5.8079e-06
1714568400412,1.25e-05
1714572000104,1.25e-05
1714575600212,1.25e-05
1714579200088,1.25e-05
1714582800147,1.25e-05
1714586400093,1.25e-05
1714590000116,1.25e-05
1714593600132,1.25e-05
1714597200462,1.25e-05
1714600800149,3.26001e-05
1714604400098,2.76403e-05
1714608000086,3.74351e-05
1714611600088,1.25e-05
1714615200099,1.25e-05
1714618800131,1.25e-05
1714622400032,1.25e-05
1714626000084,1.25e-05
1714629600109,2.60604e-05
1714633200129,2.44215e-05
1714636800088,4.18234e-05
1714640400331,2.86306e-05
1714644000272,3.77812e-05
1714647600064,4.14683e-05
1714651200135,4.24639e-05
1714654800160,1.25e-05
1714658400021,1.25e-05
1714662000121,1.25852e-05
1714665600426,1.25e-05
1714669200238,1.25e-05
1714672800040,1.25e-05
1714676400162,1.54403e-05
1714680000019,2.75532e-05
1714683600294,1.25e-05
1714687200387,1.25e-05
1714690800100,1.25e-05
1714694400214,1.25e-05
1714698000305,1.25e-05
1714701600187,1.25e-05
1714705200140,1.25e-05
1714708800139,1.25e-05
1714712400299,1.00259e-05
1714716000219,-9.228e-07
1714719600424,3.13e-07
1714723200270,1.768e-07
1714726800235,1.25e-05
1714730400101,1.25e-05
1714734000089,1.25e-05
1714737600139,1.25e-05
1714741200314,1.25e-05
1714744800282,-8.0571e-06
1714748400370,-3.9709e-06
1714752000260,1.25e-05
1714755600369,1.07599e-05
1714759200250,5.8299e-06
1714762800051,-4.1611e-06
1714766400178,-4.4e-07
1714770000061,-7.1997e-06
1714773600101,-2.66078e-05
1714777200182,-4.17766e-05
1714780800123,-2.94621e-05
1714784400061,1.25e-05
1714788000048,1.25e-05
1714791600293,1.25e-05
1714795200294,1.25e-05
1714798800126,1.25e-05
1714802400234,1.25e-05
1714806000357,1.25e-05
1714809600078,1.25e-05
1714813200344,1.25e-05
1714816800223,1.25e-05
1714820400115,1.25e-05
1714824000310,1.25e-05
1714827600365,1.25e-05
1714831200270,1.25e-05
1714834800050,1.25e-05
1714838400449,1.25e-05
1714842000449,1.25e-05
1714845600099,1.25e-05
1714849200265,1.25e-05
1714852800363,1.25e-05
1714856400393,1.25e-05
1714860000353,1.25e-05
1714863600241,1.25e-05
1714867200083,1.25e-05
1714870800073,1.25e-05
1714874400323,1.25e-05
1714878000268,1.25e-05
1714881600175,1.25e-05
1714885200441,1.25e-05
1714888800031,1.25e-05
1714892400410,1.25e-05
1714896000031,1.25e-05
1714899600153,1.25e-05
1714903200135,1.25e-05
1714906800094,1.25e-05
1714910400403,1.25e-05
1714914000038,2.10466e-05
1714917600123,1.25e-05
1714921200339,1.25e-05
1714924800204,1.25e-05
1714928400021,1.25e-05
1714932000205,1.25e-05
1714935600171,1.25e-05
1714939200173,1.25e-05
1714942800207,1.25e-05
1714946400185,1.25e-05
1714950000161,1.25e-05
1714953600032,1.25e-05
1714957200091,1.25e-05
1714960800406,1.25e-05
1714964400058,1.25e-05
1714968000075,1.25e-05
1714971600259,1.25e-05
1714975200158,1.25e-05
1714978800129,1.25e-05
1714982400401,1.25e-05
1714986000157,1.25e-05
1714989600413,1.25e-05
1714993200308,1.25e-05
1714996800047,1.25e-05
1715000400398,1.25e-05
1715004000193,1.25e-05
1715007600001,1.25e-05
1715011200030,1.25e-05
1715014800026,1.25e-05
1715018400349,1.25e-05
1715022000449,2.07388e-05
1715025600067,3.29586e-05
1715029200178,4.88418e-05
1715032800046,3.70236e-05
1715036400168,3.53043e-05
1715040000106,4.17133e-05
1715043600030,1.25e-05
1715047200344,1.25e-05
1715050800403,1.25e-05
1715054400313,1.25e-05
1715058000080,1.25e-05
1715061600097,1.25e-05
1715065200076,1.25e-05
1715068800005,1.25e-05
1715072400167,1.25e-05
1715076000015,1.25e-05
1715079600233,1.25e-05
1715083200081,1.25e-05
1715086800109,1.25e-05
1715090400148,1.25e-05
1715094000048,1.25e-05
1715097600157,1.25e-05
1715101200389,1.25e-05
1715104800290,1.25e-05
1715108400191,1.25e-05
1715112000441,1.25e-05
1715115600418,1.25e-05
1715119200434,1.25e-05
1715122800047,3.18744e-05
1715126400289,3.25342e-05
1715130000272,1.25e-05
1715133600208,1.25e-05
1715137200036,1.25e-05
1715140800080,1.25e-05
1715144400316,-2.72839e-05
1715148000049,-5.58898e-05
1715151600047,-0.000106406
1715155200207,-0.0001038661
1715158800306,-5.17365e-05
1715162400353,-5.8624e-05
1715166000098,-3.00241e-05
1715169600318,-1.45119e-05
1715173200390,7.2292e-06
1715176800136,1.25e-05
1715180400115,1.25e-05
1715184000446,1.25e-05
1715187600309,2.5316e-06
1715191200267,1.25e-05
1715194800317,1.25e-05
1715198400008,4.7736e-06
1715202000040,-3.22378e-05
1715205600418,-4.6664e-05
1715209200036,-3.27211e-05
1715212800424,-1.53965e-05
1715216400316,1.25e-05
1715220000145,1.25e-05
1715223600007,4.7922e-06
1715227200211,-8.3394e-06
1715230800344,-1.92591e-05
1715234400134,-5.5025e-06
1715238000015,8.226e-07
1715241600126,1.25e-05
1715245200356,1.25e-05
1715248800239,1.25e-05
1715252400133,8.8279e-06
1715256000434,1.25e-05
1715259600139,1.25e-05
1715263200317,1.25e-05
1715266800349,1.25e-05
1715270400221,1.13435e-05
1715274000027,-2.0108e-06
1715277600241,2.045e-06
1715281200315,1.17297e-05
1715284800233,1.25e-05
1715288400128,2.92822e-05
1715292000043,3.08014e-05
1715295600359,1.25e-05
1715299200133,1.25e-05
1715302800074,1.25e-05
1715306400266,1.25e-05
1715310000236,1.25e-05
1715313600024,1.25e-05
1715317200271,1.25e-05
1715320800139,1.06171e-05
1715324400399,1.25e-05
1715328000016,-1.4756e-06
1715331600381,7.0854e-06
1715335200314,6.4831e-06
1715338800026,6.1668e-06
1715342400267,-1.3906e-06
1715346000392,6.2404e-06
1715349600354,4.4491e-06
1715353200410,1.25e-05
1715356800167,1.25e-05
1715360400015,1.25e-05
1715364000286,1.25e-05
1715367600239,1.25e-05
1715371200342,1.25e-05
1715374800363,1.25e-05
1715378400214,1.25e-05
1715382000162,1.25e-05
1715385600331,1.25e-05
1715389200070,1.25e-05
1715392800087,1.25e-05
1715396400205,1.25e-05
1715400000008,1.25e-05
1715403600461,2.10901e-05
1715407200127,2.19263e-05
1715410800277,1.62397e-05
1715414400353,3.18099e-05
1715418000024,1.25e-05
1715421600254,1.25e-05
1715425200371,1.08198e-05
1715428800408,1.25e-05
1715432400249,1.25e-05
1715436000051,1.25e-05
1715439600303,1.25e-05
1715443200383,1.25e-05
1715446800120,1.25e-05
1715450400100,1.25e-05
1715454000068,1.25e-05
1715457600275,1.25e-05
1715461200181,1.25e-05
1715464800429,1.25e-05
1715468400286,1.25e-05
1715472000428,1.25e-05
1715475600006,1.25e-05
1715479200089,1.25e-05
1715482800010,1.25e-05
1715486400135,1.25e-05
1715490000020,1.25e-05
1715493600357,1.25e-05
1715497200242,1.25e-05
1715500800073,8.8838e-06
1715504400166,4.5462e-06
1715508000040,4.6498e-06
1715511600041,1.25e-05
1715515200090,8.8647e-06
1715518800059,1.20533e-05
1715522400032,1.25e-05
1715526000023,1.25e-05
1715529600044,1.25e-05
1715533200046,1.25e-05
1715536800025,1.25e-05
1715540400048,1.25e-05
1715544000068,1.25e-05
1715547600129,1.25e-05
1715551200076,1.25e-05
1715554800040,2.0781e-06
1715558400077,-1.44495e-05
1715562000001,1.25e-05
1715565600004,7.4186e-06
1715569200013,1.25e-05
1715572800108,1.25e-05
1715576400072,1.25e-05
1715580000119,1.25e-05
1715583600087,1.25e-05
1715587200116,1.25e-05
1715590800077,1.25e-05
1715594400009,1.25e-05
1715598000101,1.25e-05
1715601600024,1.25e-05
1715605200043,1.25e-05
1715608800106,1.25e-05
1715612400095,1.25e-05
1715616000019,1.25e-05
1715619600113,1.25e-05
1715623200086,1.25e-05
1715626800125,1.25e-05
1715630400122,1.25e-05
1715634000034,1.25e-05
1715637600087,1.25e-05
1715641200130,1.25e-05
1715644800019,1.25e-05
1715648400077,1.25e-05
1715652000015,1.25e-05
1715655600111,1.25e-05
1715659200171,1.25e-05
1715662800025,1.25e-05
1715666400054,1.25e-05
1715670000029,1.25e-05
1715673600120,1.25e-05
1715677200006,1.25e-05
1715680800042,1.25e-05
1715684400061,1.25e-05
1715688000036,1.25e-05
1715691600021,1.25e-05
1715695200007,1.25e-05
1715698800015,7.694e-06
1715702400010,1.25e-05
1715706000060,1.25e-05
1715709600097,1.25e-05
1715713200004,1.25e-05
1715716800075,1.25e-05
1715720400033,1.25e-05
1715724000077,1.25e-05
1715727600052,1.25e-05
1715731200085,1.25e-05
1715734800057,1.25e-05
1715738400037,1.25e-05
1715742000002,1.25e-05
1715745600095,1.25e-05
1715749200162,1.25e-05
1715752800108,1.37372e-05
1715756400074,1.25e-05
1715760000082,1.25e-05
1715763600104,1.25e-05
1715767200099,3.07028e-05
1715770800105,5.23423e-05
1715774400059,4.32033e-05
1715778000024,1.25e-05
1715781600076,1.25e-05
1715785200007,1.25e-05
1715788800035,1.25e-05
1715792400017,1.25e-05
1715796000095,1.25e-05
1715799600109,1.25e-05
1715803200110,1.25e-05
1715806800155,1.25e-05
1715810400140,1.25e-05
1715814000095,1.25e-05
1715817600124,1.25e-05
1715821200084,-2.26289e-05
1715824800052,-2.1318e-05
1715828400085,-2.12639e-05
1715832000089,-5.22964e-05
1715835600112,-7.97951e-05
1715839200018,-9.30746e-05
1715842800080,-6.18488e-05
1715846400111,-4.51357e-05
1715850000036,-2.32758e-05
1715853600124,-3.36466e-05
1715857200116,1.01644e-05
1715860800081,1.25e-05
1715864400116,1.5158e-06
1715868000017,-8.0235e-06
1715871600044,1.25e-05
1715875200044,1.25e-05
1715878800052,1.25e-05
1715882400014,1.25e-05
1715886000061,1.25e-05
1715889600035,1.98743e-05
1715893200129,1.61712e-05
1715896800086,1.25e-05
1715900400101,1.25e-05
1715904000073,2.28089e-05
1715907600087,1.25e-05
1715911200161,1.25e-05
1715914800085,1.25e-05
1715918400104,1.25e-05
1715922000087,1.25e-05
1715925600074,1.25e-05
1715929200019,1.25e-05
1715932800110,1.25e-05
1715936400062,1.25e-05
1715940000157,1.25e-05
1715943600071,1.25e-05
1715947200027,1.25e-05
1715950800067,1.25e-05
1715954400040,1.25e-05
1715958000010,1.25e-05
1715961600106,1.25e-05
1715965200002,1.25e-05
1715968800042,1.25e-05
1715972400087,1.25e-05
1715976000117,1.25e-05
1715979600110,1.63266e-05
1715983200004,4.17221e-05
1715986800093,1.25e-05
1715990400132,6.31543e-05
1715994000125,1.25926e-05
1715997600096,1.25e-05
1716001200044,1.10745e-05
1716004800152,-3.5234e-06
1716008400006,4.3924e-06
1716012000057,-1.39501e-05
1716015600148,-7.8548e-06
1716019200090,-1.03952e-05
1716022800107,8.2533e-06
1716026400025,4.3102e-06
1716030000115,7.55e-07
1716033600084,-7.0335e-06
1716037200134,-1.50074e-05
1716040800031,-2.05169e-05
1716044400023,-3.5958e-05
1716048000016,-4.07754e-05
1716051600066,-1.34553e-05
1716055200169,1.25e-05
1716058800104,1.25e-05
1716062400047,1.25e-05
1716066000082,1.75148e-05
1716069600087,4.61042e-05
1716073200085,2.59816e-05
1716076800037,1.25e-05
1716080400042,1.25e-05
1716084000049,1.25e-05
1716087600104,1.25e-05
1716091200003,1.25e-05
1716094800112,3.49756e-05
1716098400056,8.63925e-05
1716102000050,3.93097e-05
1716105600056,1.25e-05
1716109200058,1.25e-05
1716112800146,1.25e-05
1716116400038,1.25e-05
1716120000014,1.25e-05
1716123600136,1.25e-05
1716127200026,1.25e-05
1716130800013,1.25e-05
1716134400045,1.25e-05
1716138000053,1.25e-05
1716141600014,1.25e-05
1716145200093,1.25e-05
1716148800037,1.25e-05
1716152400058,1.25e-05
1716156000040,1.25e-05
1716159600035,1.25e-05
1716163200089,1.25e-05
1716166800039,1.25e-05
1716170400118,1.25e-05
1716174000069,8.3537e-06
1716177600057,1.25e-05
1716181200003,6.4345e-06
1716184800090,-1.6817e-06
1716188400008,6.9146e-06
1716192000025,1.25e-05
1716195600017,1.25e-05
1716199200098,1.25e-05
1716202800002,1.25e-05
1716206400060,1.25e-05
1716210000072,1.25e-05
1716213600118,6.0241e-06
1716217200027,3.9922e-06
1716220800076,1.20423e-05
1716224400097,1.25e-05
1716228000001,1.25e-05
1716231600048,1.25e-05
1716235200036,-2.37553e-05
1716238800080,4.0861e-06
1716242400011,-4.0266e-06
1716246000037,-6.2527e-06
1716249600004,-9.0368e-06
1716253200022,1.25e-05
1716256800081,1.25e-05
1716260400008,1.25e-05
1716264000005,1.25e-05
1716267600005,1.25e-05
1716271200059,1.25e-05
1716274800253,1.25e-05
1716278400076,1.25e-05
1716282000000,1.25e-05
1716285600090,1.25e-05
1716289200088,1.25e-05
1716292800108,1.25e-05
1716296400039,1.25e-05
1716300000024,1.37328e-05
1716303600124,1.25e-05
1716307200017,1.25e-05
1716310800048,2.68392e-05
1716314400084,8.89315e-05
1716318000000,9.61105e-05
1716321600158,3.61244e-05
1716325200088,7.54699e-05
1716328800062,6.20668e-05
1716332400119,1.25e-05
1716336000102,1.25e-05
1716339600105,3.50622e-05
1716343200049,1.25e-05
1716346800135,1.25e-05
1716350400125,1.25e-05
1716354000085,1.25e-05
1716357600134,2.91918e-05
1716361200083,7.70175e-05
1716364800099,0.0001162451
1716368400131,6.00837e-05
1716372000024,5.99372e-05
1716375600038,6.89159e-05
1716379200087,7.85565e-05
1716382800063,2.18772e-05
1716386400062,1.25e-05
1716390000006,1.25e-05
1716393600118,1.44023e-05
1716397200027,3.96159e-05
1716400800002,6.10641e-05
1716404400000,4.61808e-05
1716408000024,5.66552e-05
1716411600037,1.25e-05
1716415200059,3.61271e-05
1716418800101,3.47027e-05
1716422400009,4.16067e-05
1716426000040,2.81294e-05
1716429600053,1.25e-05
1716433200027,1.25e-05
1716436800078,1.25e-05
1716440400135,3.66844e-05
1716444000097,5.86019e-05
1716447600068,4.93604e-05
1716451200093,6.78481e-05
1716454800094,3.32836e-05
1716458400128,4.66929e-05
1716462000027,7.86554e-05
1716465600080,0.0001403236
1716469200000,0.0001542775
1716472800070,0.0001173615
1716476400025,0.0001555088
1716480000047,0.0001539013
1716483600032,5.65358e-05
1716487200039,3.38356e-05
1716490800022,1.86062e-05
1716494400060,5.44451e-05
1716498000050,1.25e-05
1716501600120,1.25e-05
1716505200175,1.25e-05
1716508800040,1.25e-05
1716512400003,1.25e-05
1716516000067,1.25e-05
1716519600011,1.25e-05
1716523200072,1.25e-05
1716526800037,1.25e-05
1716530400076,1.25e-05
1716534000067,1.25e-05
1716537600143,1.25e-05
1716541200123,1.25e-05
1716544800127,1.25e-05
1716548400127,1.25e-05
1716552000027,1.84936e-05
1716555600084,4.85408e-05
1716559200000,4.59913e-05
1716562800157,3.81483e-05
1716566400022,1.25e-05
1716570000132,1.25e-05
1716573600070,1.25e-05
1716577200084,1.25e-05
1716580800153,1.25e-05
1716584400120,1.25e-05
1716588000096,1.25e-05
1716591600045,1.25e-05
1716595200025,1.25e-05
1716598800033,1.25e-05
1716602400090,1.25e-05
1716606000050,1.25e-05
1716609600000,1.25e-05
1716613200133,1.49851e-05
1716616800108,2.76279e-05
1716620400046,3.18135e-05
1716624000074,2.71697e-05
1716627600053,1.33787e-05
1716631200096,1.73556e-05
1716634800027,3.43562e-05
1716638400146,4.23283e-05
1716642000048,3.17425e-05
1716645600019,2.20842e-05
1716649200078,1.42816e-05
1716652800085,1.77173e-05
1716656400104,1.25e-05
1716660000009,1.25e-05
1716663600010,1.49822e-05
1716667200023,2.06736e-05
1716670800049,1.897e-05
1716674400005,2.25312e-05
1716678000083,3.41458e-05
1716681600092,2.74356e-05
1716685200043,2.3563e-05
1716688800115,3.06275e-05
1716692400077,3.1872e-05
1716696000087,3.80674e-05
1716699600029,1.25e-05
1716703200033,1.25e-05
1716706800103,1.25e-05
1716710400109,2.11457e-05
1716714000097,1.25e-05
1716717600051,1.25e-05
1716721200071,1.25e-05
1716724800004,1.25e-05
1716728400081,1.91746e-05
1716732000019,2.69917e-05
1716735600084,3.90661e-05
1716739200046,2.97655e-05
1716742800172,1.25e-05
1716746400110,1.25e-05
1716750000069,1.25e-05
1716753600130,2.41243e-05
1716757200071,2.56067e-05
1716760800178,4.2406e-05
1716764400050,4.55117e-05
1716768000012,4.82754e-05
1716771600046,1.25e-05
1716775200015,1.25e-05
1716778800078,1.25e-05
1716782400039,1.25e-05
1716786000034,1.25e-05
1716789600011,1.25e-05
1716793200012,1.25e-05
1716796800127,1.80415e-05
1716800400014,2.3184e-05
1716804000152,2.63576e-05
1716807600015,2.28857e-05
1716811200046,3.30524e-05
1716814800068,3.39534e-05
1716818400022,4.60865e-05
1716822000021,5.08071e-05
1716825600098,7.89092e-05
1716829200110,5.33487e-05
1716832800076,6.39717e-05
1716836400020,7.78639e-05
1716840000029,4.81458e-05
1716843600053,5.28015e-05
1716847200068,6.34743e-05
1716850800043,6.91336e-05
1716854400180,5.85967e-05
1716858000054,1.25e-05
1716861600034,1.7453e-05
1716865200012,1.25e-05
1716868800059,1.81579e-05
1716872400083,5.02467e-05
1716876000026,1.25e-05
1716879600014,1.25e-05
1716883200092,1.25e-05
1716886800099,1.25e-05
1716890400011,2.15058e-05
1716894000013,3.59933e-05
1716897600027,5.02447e-05
1716901200109,7.35297e-05
1716904800001,9.39672e-05
1716908400007,6.79152e-05
1716912000097,3.29076e-05
1716915600023,2.57205e-05
1716919200043,2.50368e-05
1716922800011,1.25e-05
1716926400078,6.21764e-05
1716930000120,7.39652e-05
1716933600077,2.93137e-05
1716937200010,2.28006e-05
1716940800118,2.49812e-05
1716944400038,1.25e-05
1716948000102,1.25e-05
1716951600022,2.40783e-05
1716955200025,5.46883e-05
1716958800069,7.51698e-05
1716962400111,8.48898e-05
1716966000111,0.0001168921
1716969600115,5.97276e-05
1716973200100,1.25e-05
1716976800001,1.55389e-05
1716980400107,2.40883e-05
1716984000034,4.86548e-05
1716987600128,5.12035e-05
1716991200076,4.64689e-05
1716994800108,4.04283e-05
1716998400073,4.17803e-05
1717002000019,4.61897e-05
1717005600013,7.79137e-05
1717009200038,7.96565e-05
1717012800029,4.7771e-05
1717016400079,2.48471e-05
1717020000050,1.33312e-05
1717023600083,1.9071e-05
1717027200141,1.25e-05
1717030800051,1.25e-05
1717034400057,1.25e-05
1717038000033,6.74379e-05
1717041600015,7.32996e-05
1717045200016,7.40927e-05
1717048800140,4.52315e-05
1717052400110,1.25e-05
1717056000013,1.25e-05
1717059600079,2.42717e-05
1717063200079,2.26658e-05
1717066800039,2.73373e-05
1717070400025,3.06273e-05
1717074000035,4.46898e-05
1717077600038,4.0433e-05
1717081200018,1.25699e-05
1717084800137,2.87084e-05
1717088400050,2.66738e-05
1717092000070,4.28465e-05
1717095600016,5.35503e-05
1717099200024,4.95494e-05
1717102800094,1.95175e-05
1717106400108,1.25e-05
1717110000071,1.25e-05
1717113600057,3.37289e-05
1717117200124,1.25e-05
1717120800062,1.25e-05
1717124400104,1.38754e-05
1717128000110,2.50372e-05
1717131600001,1.25e-05
1717135200122,1.25e-05
1717138800081,1.25e-05
1717142400092,1.25e-05
1717146000113,1.25e-05
1717149600048,1.25e-05
1717153200109,4.47796e-05
1717156800106,6.3219e-05
1717160400025,7.43639e-05
1717164000111,7.12869e-05
1717167600105,5.49875e-05
1717171200124,6.11158e-05
1717174800074,4.2064e-05
1717178400080,5.91344e-05
1717182000123,7.0505e-05
1717185600072,7.00635e-05
1717189200035,9.48025e-05
1717192800069,7.93835e-05
1717196400062,5.19889e-05
1717200000073,1.82713e-05
1717203600165,1.25e-05
1717207200110,2.2921e-05
1717210800122,2.70526e-05
1717214400101,2.98927e-05
1717218000014,4.05923e-05
1717221600087,6.0383e-05
1717225200083,5.93718e-05
1717228800169,6.00924e-05
1717232400115,3.4827e-05
1717236000077,4.54009e-05
1717239600030,4.55215e-05
1717243200012,4.66807e-05
1717246800040,4.55432e-05
1717250400016,5.2489e-05
1717254000036,7.926e-05
1717257600026,7.76579e-05
1717261200050,4.94964e-05
1717264800075,5.41752e-05
1717268400043,6.22358e-05
1717272000046,6.76048e-05
1717275600027,7.46803e-05
1717279200042,8.3948e-05
1717282800050,7.93165e-05
1717286400064,4.14631e-05
1717290000107,3.14194e-05
1717293600063,4.53222e-05
1717297200047,3.3036e-05
1717300800053,7.2041e-05
1717304400018,9.86585e-05
1717308000022,0.0001008736
1717311600026,0.0001176079
1717315200025,5.18839e-05
1717318800023,3.03732e-05
1717322400035,1.25e-05
1717326000026,1.25e-05
1717329600036,1.25e-05
1717333200029,1.25e-05
1717336800044,1.25e-05
1717340400101,1.25e-05
1717344000032,1.25e-05
1717347600094,1.25e-05
1717351200123,1.25e-05
1717354800027,1.25e-05
1717358400001,1.25e-05
1717362000101,1.25e-05
1717365600102,1.39532e-05
1717369200035,3.61662e-05
1717372800103,2.86443e-05
1717376400031,1.25e-05
1717380000093,3.22413e-05
1717383600073,4.83739e-05
1717387200178,5.87347e-05
1717390800099,7.35555e-05
1717394400056,9.05476e-05
1717398000061,9.34995e-05
1717401600140,7.96535e-05
1717405200022,6.72018e-05
1717408800002,6.1423e-05
1717412400154,6.06537e-05
1717416000072,5.62556e-05
1717419600019,8.63698e-05
1717423200012,9.53454e-05
1717426800060,4.456e-05
1717430400084,2.46957e-05
1717434000018,1.25e-05
1717437600030,2.31231e-05
1717441200089,1.25e-05
1717444800081,1.25e-05
1717448400000,1.25e-05
1717452000002,1.25e-05
1717455600099,1.25e-05
1717459200140,1.25e-05
1717462800082,1.25e-05
1717466400017,1.25e-05
1717470000083,1.25e-05
1717473600033,1.25e-05
1717477200076,3.68491e-05
1717480800003,3.52933e-05
1717484400121,4.10482e-05
1717488000155,4.91875e-05
1717491600125,1.25e-05
1717495200071,1.25e-05
1717498800072,1.25e-05
1717502400161,1.25e-05
1717506000071,1.29698e-05
1717509600069,1.94958e-05
1717513200025,5.68953e-05
1717516800130,7.91903e-05
1717520400022,5.95247e-05
1717524000137,9.10191e-05
1717527600142,8.7814e-05
1717531200132,8.55781e-05
1717534800004,8.95161e-05
1717538400075,7.87227e-05
1717542000016,9.06971e-05
1717545600053,0.0001147588
1717549200081,5.80823e-05
1717552800140,5.80128e-05
1717556400086,4.91106e-05
1717560000115,3.7236e-05
1717563600050,2.38889e-05
1717567200082,1.38165e-05
1717570800089,2.51344e-05
1717574400106,1.25e-05
1717578000119,1.25e-05
1717581600128,1.25e-05
1717585200054,1.25e-05
1717588800031,1.25e-05
1717592400033,1.25e-05
1717596000082,1.25e-05
1717599600140,1.25e-05
1717603200025,1.25e-05
1717606800001,1.25e-05
1717610400033,1.25e-05
1717614000045,1.25e-05
1717617600065,1.25e-05
1717621200083,1.25e-05
1717624800022,1.81487e-05
1717628400029,3.39247e-05
1717632000101,3.16124e-05
1717635600156,2.03816e-05
1717639200015,2.53359e-05
1717642800117,3.77953e-05
1717646400083,5.21734e-05
1717650000114,3.52561e-05
1717653600074,5.71436e-05
1717657200025,4.72677e-05
1717660800098,4.0648e-05
1717664400037,2.0495e-05
1717668000078,1.29531e-05
1717671600011,1.25e-05
1717675200054,1.25e-05
1717678800102,1.97768e-05
1717682400023,1.25e-05
1717686000130,1.25e-05
1717689600024,1.25e-05
1717693200013,1.25e-05
1717696800046,1.25e-05
1717700400122,1.25e-05
1717704000036,1.25e-05
1717707600003,1.25e-05
1717711200107,1.25e-05
1717714800006,1.25e-05
1717718400093,1.25e-05
1717722000095,1.25e-05
1717725600039,1.25e-05
1717729200044,1.25e-05
1717732800067,1.77195e-05
1717736400067,1.89283e-05
1717740000098,1.29945e-05
1717743600057,1.25e-05
1717747200069,1.59948e-05
1717750800117,1.25e-05
1717754400158,1.25e-05
1717758000004,1.25e-05
1717761600038,1.25e-05
1717765200099,1.25e-05
1717768800102,1.25e-05
1717772400048,1.25e-05
1717776000104,1.25e-05
1717779600030,1.25e-05
1717783200124,1.25e-05
1717786800076,3.27939e-05
1717790400137,1.25e-05
1717794000028,1.97837e-05
1717797600016,2.88623e-05
1717801200043,3.3034e-05
1717804800009,5.47513e-05
1717808400033,2.83477e-05
1717812000124,3.56174e-05
1717815600088,3.47e-05
1717819200075,4.56574e-05
1717822800036,4.61805e-05
1717826400005,5.11664e-05
1717830000024,6.38548e-05
1717833600002,6.90558e-05
1717837200043,4.31999e-05
1717840800058,3.9697e-05
1717844400095,2.2534e-05
1717848000031,2.53872e-05
1717851600117,3.53366e-05
1717855200040,3.1328e-05
1717858800103,4.74154e-05
1717862400073,1.25e-05
1717866000066,1.25e-05
1717869600106,1.25e-05
1717873200116,1.25e-05
1717876800112,1.25e-05
1717880400093,1.25e-05
1717884000076,1.25e-05
1717887600024,1.25e-05
1717891200099,1.25e-05
1717894800037,1.25e-05
1717898400129,1.25e-05
1717902000025,1.25e-05
1717905600092,1.25e-05
1717909200084,1.53463e-05
1717912800065,2.08121e-05
1717916400069,2.32348e-05
1717920000092,3.41884e-05
1717923600053,1.25e-05
1717927200147,1.25e-05
1717930800469,1.25e-05
1717934400016,1.25e-05
1717938000111,1.80895e-05
1717941600123,2.39462e-05
1717945200135,3.59722e-05
1717948800045,4.14735e-05
1717952400085,1.53169e-05
1717956000035,2.94014e-05
1717959600044,2.34041e-05
1717963200048,1.85877e-05
1717966800036,1.97837e-05
1717970400163,1.25e-05
1717974000094,1.25e-05
1717977600001,1.25e-05
1717981200076,1.25e-05
1717984800055,1.25e-05
1717988400001,1.25e-05
1717992000069,1.25e-05
1717995600069,1.25e-05
1717999200073,1.25e-05
1718002800078,1.25e-05
1718006400055,1.25e-05
1718010000060,1.25e-05
1718013600157,1.25e-05
1718017200061,1.25e-05
1718020800001,1.25e-05
1718024400120,1.25e-05
1718028000120,1.25e-05
1718031600052,1.25e-05
1718035200048,1.25e-05
1718038800061,1.25e-05
1718042400024,1.25e-05
1718046000123,1.25e-05
1718049600028,1.25e-05
1718053200013,1.25e-05
1718056800139,1.25e-05
1718060400092,1.25e-05
1718064000097,1.25e-05
1718067600092,1.25e-05
1718071200098,1.25e-05
1718074800081,1.25e-05
1718078400030,1.25e-05
1718082000104,1.25e-05
1718085600027,1.25e-05
1718089200038,1.25e-05
1718092800027,1.25e-05
1718096400165,1.25e-05
1718100000094,1.25e-05
1718103600007,1.25e-05
1718107200028,1.25e-05
1718110800088,1.25e-05
1718114400126,1.25e-05
1718118000128,1.6917e-05
1718121600045,3.65635e-05
1718125200061,2.22434e-05
1718128800071,3.88022e-05
1718132400073,8.01118e-05
1718136000100,9.23534e-05
1718139600104,0.0001059902
1718143200035,0.0001248626
1718146800106,0.0001059546
1718150400081,8.77231e-05
1718154000105,1.25e-05
1718157600112,1.25e-05
1718161200066,3.74423e-05
1718164800009,4.91293e-05
1718168400079,3.53623e-05
1718172000109,3.93718e-05
1718175600055,3.85689e-05
1718179200104,2.39524e-05
1718182800056,1.34027e-05
1718186400036,1.25e-05
1718190000073,1.25e-05
1718193600035,1.25128e-05
1718197200096,3.35741e-05
1718200800077,1.52117e-05
1718204400112,1.68945e-05
1718208000103,4.29752e-05
1718211600126,2.07795e-05
1718215200083,1.56791e-05
1718218800105,2.53072e-05
1718222400083,1.87564e-05
1718226000117,1.25e-05
1718229600066,1.25e-05
1718233200029,1.25e-05
1718236800042,1.25e-05
1718240400050,1.25e-05
1718244000006,1.25e-05
1718247600006,1.25e-05
1718251200123,1.25e-05
1718254800052,1.25e-05
1718258400005,1.25e-05
1718262000143,1.25e-05
1718265600066,1.25e-05
1718269200082,1.25e-05
1718272800076,1.25e-05
1718276400115,1.25e-05
1718280000100,1.25e-05
1718283600110,1.25e-05
1718287200026,1.25e-05
1718290800135,1.25e-05
1718294400093,1.25e-05
1718298000015,1.25e-05
1718301600023,2.20782e-05
1718305200103,1.25e-05
1718308800012,1.25e-05
1718312400076,1.25e-05
1718316000073,2.84976e-05
1718319600005,4.52262e-05
1718323200031,4.83476e-05
1718326800018,3.35869e-05
1718330400004,3.57879e-05
1718334000111,5.02589e-05
1718337600102,8.1005e-05
1718341200146,9.33478e-05
1718344800001,4.73101e-05
1718348400072,1.25e-05
1718352000105,3.94042e-05
1718355600036,3.24064e-05
1718359200037,2.44819e-05
1718362800088,2.6792e-05
1718366400008,2.88728e-05
1718370000101,2.62667e-05
1718373600061,2.75623e-05
1718377200027,2.16666e-05
1718380800119,1.25e-05
1718384400076,1.25e-05
1718388000114,1.25e-05
1718391600042,1.25e-05
1718395200103,1.25e-05
1718398800072,1.25e-05
1718402400097,1.25e-05
1718406000080,2.55659e-05
1718409600050,5.02771e-05
1718413200101,3.52617e-05
1718416800020,4.92854e-05
1718420400115,1.25e-05
1718424000099,1.25e-05
1718427600095,1.25e-05
1718431200063,1.25e-05
1718434800044,1.25e-05
1718438400027,1.25e-05
1718442000041,1.25e-05
1718445600108,1.25e-05
1718449200019,1.25e-05
1718452800101,1.25e-05
1718456400016,1.25e-05
1718460000096,1.25e-05
1718463600010,1.25e-05
1718467200106,1.25e-05
1718470800080,1.25e-05
1718474400092,1.25e-05
1718478000027,1.25e-05
1718481600040,1.25e-05
1718485200053,1.25e-05
1718488800055,1.25e-05
1718492400068,1.12226e-05
1718496000002,6.4409e-06
1718499600024,-2.03148e-05
1718503200045,1.25e-05
1718506800007,1.25e-05
1718510400008,5.7097e-06
1718514000007,1.5502e-06
1718517600064,1.25e-05
1718521200113,1.25e-05
1718524800091,1.25e-05
1718528400010,8.6519e-06
1718532000025,7.3992e-06
1718535600000,1.25e-05
1718539200012,1.25e-05
1718542800089,1.25e-05
1718546400061,1.25e-05
1718550000035,1.25e-05
1718553600061,1.25e-05
1718557200011,1.25e-05
1718560800028,1.25e-05
1718564400020,1.25e-05
1718568000027,-1.3657e-06
1718571600002,3.0807e-06
1718575200065,1.25e-05
1718578800077,1.25e-05
1718582400103,3.3386e-06
1718586000105,-1.05291e-05
1718589600011,1.25e-05
1718593200009,1.25e-05
1718596800111,1.25e-05
1718600400032,2.38491e-05
1718604000013,1.25e-05
1718607600092,1.25e-05
1718611200046,1.43563e-05
1718614800056,2.32181e-05
1718618400131,0.0001194596
1718622000108,1.25e-05
1718625600074,1.25e-05
1718629200030,1.25e-05
1718632800029,2.55911e-05
1718636400087,3.78778e-05
1718640000005,1.25e-05
1718643600003,1.25e-05
1718647200121,1.25e-05
1718650800006,1.25e-05
1718654400041,1.25e-05
1718658000092,1.25e-05
1718661600088,1.25e-05
1718665200019,1.25e-05
1718668800094,1.25e-05
1718672400084,1.25e-05
1718676000091,1.25e-05
1718679600013,-8.1224e-06
1718683200056,6.9643e-06
1718686800086,1.25e-05
1718690400027,1.25e-05
1718694000009,1.25e-05
1718697600081,1.18191e-05
1718701200040,1.25e-05
1718704800030,1.25e-05
1718708400016,1.25e-05
1718712000093,1.25e-05
1718715600054,1.25e-05
1718719200010,1.25e-05
1718722800037,1.25e-05
1718726400008,-6.9998e-06
1718730000065,1.25e-05
1718733600021,1.25e-05
1718737200116,1.25e-05
1718740800116,1.25e-05
1718744400016,-4.09181e-05
1718748000153,-4.84176e-05
1718751600113,-2.06034e-05
1718755200084,-3.15261e-05
1718758800021,-5.0485e-06
1718762400081,1.25e-05
1718766000038,1.25e-05
1718769600088,1.25e-05
1718773200048,1.25e-05
1718776800110,1.25e-05
1718780400034,1.25e-05
1718784000114,1.25e-05
1718787600065,1.25e-05
1718791200037,1.25e-05
1718794800046,1.25e-05
1718798400056,9.0734e-06
1718802000001,1.25e-05
1718805600097,1.25e-05
1718809200006,1.25e-05
1718812800056,1.09665e-05
1718816400041,1.25e-05
1718820000052,1.25e-05
1718823600050,1.25e-05
1718827200036,1.25e-05
1718830800069,1.25e-05
1718834400182,-7.7236e-06
1718838000078,5.85e-08
1718841600058,-1.77268e-05
1718845200077,2.8639e-06
1718848800056,-2.7901e-06
1718852400074,-9.7122e-06
1718856000083,6.0432e-06
1718859600061,-4.1019e-06
1718863200014,5.0967e-06
1718866800013,1.25e-05
1718870400039,1.25e-05
1718874000001,1.25e-05
1718877600076,1.25e-05
1718881200048,1.25e-05
1718884800068,1.25e-05
1718888400090,1.25e-05
1718892000106,1.25e-05
1718895600025,1.25e-05
1718899200066,1.25e-05
1718902800129,-1.22544e-05
1718906400056,-6.794e-06
1718910000001,1.6157e-06
1718913600060,-3.9969e-06
1718917200000,1.7115e-06
1718920800010,-1.6948e-06
1718924400161,-4.9117e-06
1718928000083,-6.0831e-06
1718931600004,1.25e-05
1718935200110,1.25e-05
1718938800022,2.6892e-06
1718942400074,-8.9199e-06
1718946000089,-3.4602e-06
1718949600007,-1.21212e-05
1718953200048,-1.7373e-05
1718956800106,-3.15858e-05
1718960400104,-2.82605e-05
1718964000104,-5.17973e-05
1718967600036,-4.75389e-05
1718971200029,2.2896e-06
1718974800010,8.746e-07
1718978400082,-7.8416e-06
1718982000100,1.25e-05
1718985600026,1.25e-05
1718989200042,1.25e-05
1718992800047,1.25e-05
1718996400016,1.25e-05
1719000000024,1.25e-05
1719003600017,1.25e-05
1719007200000,1.25e-05
1719010800035,1.25e-05
1719014400071,1.25e-05
1719018000090,1.25e-05
1719021600101,1.25e-05
1719025200001,1.25e-05
1719028800127,1.25e-05
1719032400071,1.25e-05
1719036000037,1.25e-05
1719039600056,1.25e-05
1719043200090,1.25e-05
1719046800000,1.25e-05
1719050400044,1.25e-05
1719054000064,1.25e-05
1719057600008,1.25e-05
1719061200056,1.25e-05
1719064800056,1.25e-05
1719068400058,1.25e-05
1719072000013,1.25e-05
1719075600080,1.25e-05
1719079200081,1.25e-05
1719082800000,1.25e-05
1719086400081,1.25e-05
1719090000065,1.25e-05
1719093600050,1.25e-05
1719097200153,1.25e-05
1719100800052,1.25e-05
1719104400032,1.25e-05
1719108000063,1.25e-05
1719111600019,7.5176e-06
1719115200038,1.25e-05
1719118800023,1.25e-05
1719122400081,1.25e-05
1719126000064,1.25e-05
1719129600100,1.25e-05
1719133200011,1.25e-05
1719136800002,1.25e-05
1719140400082,1.25e-05
1719144000063,1.25e-05
1719147600150,1.25e-05
1719151200090,1.25e-05
1719154800167,1.25e-05
1719158400099,-3.54715e-05
1719162000009,-2.7245e-06
1719165600136,1.25e-05
1719169200053,1.25e-05
1719172800072,1.25e-05
1719176400087,1.25e-05
1719180000099,1.25e-05
1719183600100,1.25e-05
1719187200109,1.25e-05
1719190800024,1.25e-05
1719194400140,-2.04201e-05
1719198000026,-2.93003e-05
1719201600087,-3.1866e-05
1719205200015,-2.84643e-05
1719208800050,-3.38415e-05
1719212400065,-8.18779e-05
1719216000047,-5.86481e-05
1719219600073,9.5903e-06
1719223200060,-2.32886e-05
1719226800010,5.8234e-06
1719230400006,1.25e-05
1719234000075,1.25e-05
1719237600107,-1.03603e-05
1719241200075,1.25e-05
1719244800047,-2.0153e-06
1719248400036,4.7593e-06
1719252000062,-2.54285e-05
1719255600047,-3.4739e-06
1719259200094,1.25e-05
1719262800233,1.25e-05
1719266400013,1.25e-05
1719270000093,1.25e-05
1719273600074,1.25e-05
1719277200048,1.25e-05
1719280800053,1.25e-05
1719284400010,1.25e-05
1719288000058,1.25e-05
1719291600021,1.25e-05
1719295200143,1.25e-05
1719298800022,1.25e-05
1719302400079,1.25e-05
1719306000129,1.25e-05
1719309600021,1.25e-05
1719313200023,1.25e-05
1719316800112,1.25e-05
1719320400031,1.25e-05
1719324000016,1.25e-05
1719327600149,1.25e-05
1719331200028,1.25e-05
1719334800075,1.25e-05
1719338400085,1.25e-05
1719342000082,1.25e-05
1719345600003,1.25e-05
1719349200146,1.25e-05
1719352800034,1.25e-05
1719356400042,1.25e-05
1719360000073,1.25e-05
1719363600015,1.25e-05
1719367200083,1.25e-05
1719370800046,1.25e-05
1719374400074,1.25e-05
1719378000155,1.25e-05
1719381600081,1.25e-05
1719385200158,1.25e-05
1719388800097,1.25e-05
1719392400144,1.25e-05
1719396000132,1.25e-05
1719399600008,1.25e-05
1719403200101,1.25e-05
1719406800120,1.25e-05
1719410400070,1.25e-05
1719414000047,1.25e-05
1719417600152,1.25e-05
1719421200017,1.25e-05
1719424800085,1.25e-05
1719428400147,1.25e-05
1719432000179,1.25e-05
1719435600096,1.25e-05
1719439200051,1.25e-05
1719442800021,1.25e-05
1719446400058,1.25e-05
1719450000072,1.25e-05
1719453600041,1.25e-05
1719457200039,1.25e-05
1719460800069,1.25e-05
1719464400056,1.96283e-05
1719468000052,1.25e-05
1719471600098,1.25e-05
1719475200124,1.25e-05
1719478800111,1.25e-05
1719482400073,1.25e-05
1719486000082,1.25e-05
1719489600078,1.25e-05
1719493200003,1.25e-05
1719496800093,1.25e-05
1719500400076,1.25e-05
1719504000102,1.25e-05
1719507600092,1.25e-05
1719511200101,1.25e-05
1719514800108,1.25e-05
1719518400104,1.25e-05
1719522000105,1.25e-05
1719525600142,1.25e-05
1719529200099,1.25e-05
1719532800099,1.22167e-05
1719536400067,1.25e-05
1719540000099,1.25e-05
1719543600138,1.25e-05
1719547200108,1.25e-05
1719550800075,1.25e-05
1719554400030,1.25e-05
1719558000113,1.25e-05
1719561600100,1.25e-05
1719565200100,2.1474e-06
1719568800095,-5.1053e-06
1719572400110,1.3532e-06
1719576000095,-4.3442e-06
1719579600056,4.2106e-06
1719583200070,1.25e-05
1719586800071,1.25e-05
1719590400105,1.25e-05
1719594000044,1.25e-05
1719597600084,1.25e-05
1719601200010,1.25e-05
1719604800108,1.25e-05
1719608400005,1.25e-05
1719612000016,1.25e-05
1719615600091,1.25e-05
1719619200096,1.25e-05
1719622800091,1.25e-05
1719626400094,1.25e-05
1719630000091,1.25e-05
1719633600081,1.25e-05
1719637200094,1.25e-05
1719640800021,1.25e-05
1719644400085,1.25e-05
1719648000092,1.25e-05
1719651600160,1.25e-05
1719655200086,1.25e-05
1719658800124,1.25e-05
1719662400061,1.25e-05
1719666000174,1.25e-05
1719669600097,1.25e-05
1719673200090,1.25e-05
1719676800095,1.25e-05
1719680400088,1.25e-05
1719684000064,1.25e-05
1719687600089,1.25e-05
1719691200085,1.25e-05
1719694800059,1.25e-05
1719698400093,1.25e-05
1719702000121,1.25e-05
1719705600093,1.25e-05
1719709200023,1.25e-05
1719712800109,1.25e-05
1719716400150,1.25e-05
1719720000107,1.25e-05
1719723600082,1.25e-05
1719727200087,1.25e-05
1719730800130,1.25e-05
1719734400147,1.25e-05
1719738000024,1.25e-05
1719741600090,1.25e-05
1719745200071,1.25e-05
1719748800108,1.25e-05
1719752400107,1.25e-05
1719756000158,1.25e-05
1719759600065,1.25e-05
1719763200133,1.25e-05
1719766800095,1.25e-05
1719770400138,1.25e-05
1719774000001,-3.39738e-05
1719777600034,-3.06498e-05
1719781200104,-4.69159e-05
1719784800034,1.09259e-05
1719788400072,1.25e-05
1719792000182,1.25e-05
1719795600104,1.25e-05
1719799200025,-1.46885e-05
1719802800176,-1.79628e-05
1719806400007,1.25e-05
1719810000130,1.25e-05
1719813600122,1.25e-05
1719817200096,1.25e-05
1719820800094,1.25e-05
1719824400078,1.25e-05
1719828000061,1.25e-05
1719831600059,1.25e-05
1719835200031,1.25e-05
1719838800003,1.25e-05
1719842400042,1.43526e-05
1719846000167,1.25e-05
1719849600025,1.25e-05
1719853200101,1.25e-05
1719856800010,3.00719e-05
1719860400052,3.57128e-05
1719864000069,3.39859e-05
1719867600083,1.25e-05
1719871200143,1.25e-05
1719874800015,1.25e-05
1719878400121,3.47779e-05
1719882000054,1.4365e-05
1719885600057,1.25e-05
1719889200063,1.25e-05
1719892800065,1.25e-05
1719896400095,1.25e-05
1719900000000,2.07245e-05
1719903600087,1.25e-05
1719907200087,1.25e-05
1719910800004,1.25e-05
1719914400035,1.25e-05
1719918000187,1.25e-05
1719921600031,1.25e-05
1719925200019,1.25e-05
1719928800016,1.25e-05
1719932400097,1.25e-05
1719936000073,1.25e-05
1719939600035,1.25e-05
1719943200080,1.25e-05
1719946800128,-3.78718e-05
1719950400067,-4.6665e-05
1719954000033,-6.31868e-05
1719957600027,-8.18773e-05
1719961200112,-1.99187e-05
1719964800015,-2.23366e-05
1719968400099,2.3363e-06
1719972000099,1.1016e-05
1719975600390,3.51175e-05
1719979200095,2.88685e-05
1719982800099,1.55228e-05
1719986400102,1.25e-05
1719990000071,1.25e-05
1719993600101,1.25e-05
1719997200055,1.25e-05
1720000800160,1.25e-05
1720004400021,1.25e-05
1720008000071,1.25e-05
1720011600109,1.25e-05
1720015200040,1.25e-05
1720018800171,1.25e-05
1720022400049,1.92547e-05
1720026000046,1.54238e-05
1720029600088,1.25e-05
1720033200013,4.69817e-05
1720036800048,6.74095e-05
1720040400037,1.25e-05
1720044000127,1.25e-05
1720047600007,1.25e-05
1720051200083,1.25e-05
1720054800073,1.25e-05
1720058400077,1.25e-05
1720062000089,5.7978e-06
1720065600152,4.0642e-06
1720069200140,3.0795e-06
1720072800093,3.0889e-06
1720076400074,2.5719e-06
1720080000078,-5.3821e-06
1720083600078,-5.1589e-06
1720087200026,-1.4627e-06
1720090800079,-1.82832e-05
1720094400120,-1.70253e-05
1720098000036,-1.9321e-05
1720101600080,-1.32623e-05
1720105200108,1.25e-05
1720108800131,1.04021e-05
1720112400131,1.25e-05
1720116000048,1.25e-05
1720119600134,1.25e-05
1720123200111,1.25e-05
1720126800185,1.25e-05
1720130400071,1.25e-05
1720134000078,1.25e-05
1720137600124,-1.07476e-05
1720141200090,-4.3686e-06
1720144800041,4.9333e-06
1720148400128,1.0211e-05
1720152000000,-2.63291e-05
1720155600119,-9.2435e-06
1720159200143,7.8867e-06
1720162800057,1.8929e-06
1720166400115,7.7031e-06
1720170000120,4.1013e-06
1720173600023,-9.0986e-06
1720177200128,1.25e-05
1720180800076,1.25e-05
1720184400025,8.5109e-06
1720188000117,-1.08953e-05
1720191600059,1.25e-05
1720195200134,2.1817e-06
1720198800154,-4.62613e-05
1720202400000,1.25e-05
1720206000026,1.25e-05
1720209600022,1.25e-05
1720213200035,1.25e-05
1720216800040,-7.454e-06
1720220400093,-8.486e-06
1720224000003,1.13139e-05
1720227600087,1.16248e-05
1720231200029,2.1173e-06
1720234800004,1.25e-05
1720238400021,1.25e-05
1720242000047,8.7918e-06
1720245600029,1.25e-05
1720249200103,1.25e-05
1720252800079,1.25e-05
1720256400001,1.25e-05
1720260000105,1.25e-05
1720263600031,1.25e-05
1720267200071,1.25e-05
1720270800025,1.25e-05
1720274400097,1.25e-05
1720278000102,1.25e-05
1720281600024,-2.9645e-06
1720285200012,-6.5686e-06
1720288800028,-1.13687e-05
1720292400121,-1.50385e-05
1720296000120,-1.58095e-05
1720299600072,-7.1901e-06
1720303200021,9.804e-07
1720306800074,-3.6482e-06
1720310400089,-1.84e-08
1720314000103,1.25e-05
1720317600073,1.25e-05
1720321200016,1.25e-05
1720324800153,1.25e-05
1720328400033,1.25e-05
1720332000018,1.25e-05
1720335600007,1.25e-05
1720339200089,1.25e-05
1720342800103,1.25e-05
1720346400116,1.25e-05
1720350000034,1.25e-05
1720353600047,1.25e-05
1720357200014,1.25e-05
1720360800019,1.25e-05
1720364400033,1.25e-05
1720368000055,1.25e-05
1720371600011,1.25e-05
1720375200127,1.13607e-05
1720378800038,1.25e-05
1720382400013,5.7749e-06
1720386000065,3.107e-06
1720389600092,-1.22629e-05
1720393200015,-2.20085e-05
1720396800008,-4.79541e-05
1720400400067,-8.8332e-06
1720404000004,-2.6277e-05
1720407600075,1.25e-05
1720411200100,1.25e-05
1720414800080,1.25e-05
1720418400040,1.25e-05
1720422000044,1.25e-05
1720425600036,1.25e-05
1720429200068,1.25e-05
1720432800033,1.25e-05
1720436400100,1.25e-05
1720440000041,1.25e-05
1720443600017,1.25e-05
1720447200049,1.25e-05
1720450800014,1.25e-05
1720454400014,1.25e-05
1720458000057,1.25e-05
1720461600051,3.1863e-05
1720465200131,4.54238e-05
1720468800073,4.87026e-05
1720472400079,4.39561e-05
1720476000039,5.81696e-05
1720479600045,7.92415e-05
1720483200119,1.76483e-05
1720486800086,1.25e-05
1720490400008,1.25e-05
1720494000008,1.25e-05
1720497600059,3.59904e-05
1720501200115,2.41362e-05
1720504800005,2.21943e-05
1720508400116,3.8457e-05
1720512000110,1.25e-05
1720515600107,1.25e-05
1720519200148,1.25e-05
1720522800132,1.25e-05
1720526400050,1.25e-05
1720530000134,1.25e-05
1720533600002,1.25e-05
1720537200123,1.25e-05
1720540800091,1.25e-05
1720544400133,1.25e-05
1720548000140,1.25e-05
1720551600020,1.25e-05
1720555200081,2.34538e-05
1720558800099,2.62597e-05
1720562400122,4.56503e-05
1720566000156,1.25e-05
1720569600110,1.25e-05
1720573200084,1.25e-05
1720576800076,1.25e-05
1720580400112,1.25e-05
1720584000108,1.25e-05
1720587600083,1.25e-05
1720591200098,1.25e-05
1720594800074,1.25e-05
1720598400144,1.25e-05
1720602000043,1.25e-05
1720605600017,1.25e-05
1720609200021,1.25e-05
1720612800119,1.25e-05
1720616400160,1.25e-05
1720620000010,1.25e-05
1720623600095,1.25e-05
1720627200098,1.25e-05
1720630800009,1.86785e-05
1720634400057,1.25e-05
1720638000147,1.25e-05
1720641600044,1.25e-05
1720645200061,1.25e-05
1720648800086,1.25e-05
1720652400062,1.25e-05
1720656000125,1.25e-05
1720659600069,1.25e-05
1720663200125,1.25e-05
1720666800078,1.25e-05
1720670400097,1.25e-05
1720674000099,5.9343e-06
1720677600106,1.25e-05
1720681200077,1.25e-05
1720684800112,1.25e-05
1720688400117,1.25e-05
1720692000125,1.25e-05
1720695600116,1.25e-05
1720699200081,1.25e-05
1720702800088,1.25e-05
1720706400001,1.25e-05
1720710000109,1.25e-05
1720713600053,1.25e-05
1720717200047,1.25e-05
1720720800125,1.2091e-05
1720724400140,1.25e-05
1720728000075,1.25e-05
1720731600095,1.25e-05
1720735200144,1.25e-05
1720738800105,1.25e-05
1720742400136,1.25e-05
1720746000076,1.25e-05
1720749600103,1.25e-05
1720753200075,-1.71665e-05
1720756800004,-6.3382e-06
1720760400062,-5.7956e-06
1720764000138,-2.18024e-05
1720767600077,7.5824e-06
1720771200073,-1.1464e-06
1720774800078,1.25e-05
1720778400058,-2.0997e-06
1720782000125,-7.7731e-06
1720785600147,1.25e-05
1720789200084,1.25e-05
1720792800042,1.25e-05
1720796400081,1.25e-05
1720800000026,1.25e-05
1720803600138,1.25e-05
1720807200017,1.25e-05
1720810800087,1.25e-05
1720814400000,1.25e-05
1720818000051,4.5634e-06
1720821600089,-3.5914e-06
1720825200028,-6.029e-06
1720828800131,1.25e-05
1720832400088,1.25e-05
1720836000091,1.25e-05
1720839600075,7.4302e-06
1720843200054,1.25e-05
1720846800082,1.25e-05
1720850400083,1.25e-05
1720854000028,1.25e-05
1720857600021,1.25e-05
1720861200066,1.25e-05
1720864800082,1.25e-05
1720868400167,1.25e-05
1720872000116,1.25e-05
1720875600014,1.25e-05
1720879200027,1.25e-05
1720882800002,1.25e-05
1720886400119,1.25e-05
1720890000094,1.33627e-05
1720893600126,1.25e-05
1720897200016,1.25e-05
1720900800039,1.25e-05
1720904400114,1.25e-05
1720908000113,1.25e-05
1720911600018,1.25e-05
1720915200082,1.25e-05
1720918800112,1.25e-05
1720922400109,4.49067e-05
1720926000152,1.25e-05
1720929600089,1.25e-05
1720933200121,1.25e-05
1720936800007,1.25e-05
1720940400104,1.25e-05
1720944000096,1.25e-05
1720947600096,1.25e-05
1720951200133,1.25e-05
1720954800034,2.75377e-05
1720958400002,1.51923e-05
1720962000022,2.72383e-05
1720965600083,1.25e-05
1720969200138,1.25e-05
1720972800137,1.25e-05
1720976400086,1.25e-05
1720980000155,1.25e-05
1720983600087,1.25e-05
1720987200053,1.25e-05
1720990800023,1.25e-05
1720994400004,1.25e-05
1720998000141,3.80594e-05
1721001600043,4.33161e-05
1721005200060,1.25e-05
1721008800099,5.65133e-05
1721012400032,4.98399e-05
1721016000118,2.93382e-05
1721019600126,5.17813e-05
1721023200103,4.67943e-05
1721026800114,3.77771e-05
1721030400052,5.77017e-05
1721034000080,1.25e-05
1721037600139,1.25e-05
1721041200021,1.25e-05
1721044800077,1.25e-05
1721048400138,1.25e-05
1721052000161,1.25e-05
1721055600070,1.25e-05
1721059200062,1.25e-05
1721062800030,1.25e-05
1721066400074,1.25e-05
1721070000044,1.25e-05
1721073600148,1.25e-05
1721077200109,2.20722e-05
1721080800089,3.38584e-05
1721084400107,4.44946e-05
1721088000005,5.04679e-05
1721091600080,4.83664e-05
1721095200087,6.13039e-05
1721098800114,3.77022e-05
1721102400075,2.60391e-05
1721106000080,2.49902e-05
1721109600143,4.89183e-05
1721113200098,1.54026e-05
1721116800150,1.25e-05
1721120400120,1.25e-05
1721124000036,1.25e-05
1721127600090,2.12758e-05
1721131200142,2.98221e-05
1721134800142,2.78969e-05
1721138400014,1.25e-05
1721142000149,1.67627e-05
1721145600138,5.62116e-05
1721149200095,6.59801e-05
1721152800148,6.60619e-05
1721156400153,8.89038e-05
1721160000007,9.30863e-05
1721163600001,5.27351e-05
1721167200134,2.44544e-05
1721170800113,1.25e-05
1721174400156,1.48028e-05
1721178000112,1.25e-05
1721181600144,2.27233e-05
1721185200141,1.25e-05
1721188800163,1.25e-05
1721192400134,4.12533e-05
1721196000108,3.67195e-05
1721199600010,1.83036e-05
1721203200168,1.25e-05
1721206800134,1.25e-05
1721210400150,3.09026e-05
1721214000058,3.58451e-05
1721217600061,3.37126e-05
1721221200035,2.12177e-05
1721224800144,1.25e-05
1721228400017,1.25e-05
1721232000182,1.25e-05
1721235600114,1.25e-05
1721239200119,1.25e-05
1721242800023,1.25e-05
1721246400087,1.25e-05
1721250000147,1.25e-05
1721253600134,1.25e-05
1721257200064,1.25e-05
1721260800179,1.25e-05
1721264400033,1.25e-05
1721268000116,1.94355e-05
1721271600019,1.92951e-05
1721275200134,4.34397e-05
1721278800144,2.69948e-05
1721282400128,1.25e-05
1721286000073,1.95455e-05
1721289600059,1.25e-05
1721293200150,1.25e-05
1721296800024,1.25e-05
1721300400067,1.25e-05
1721304000029,1.25e-05
1721307600083,1.25e-05
1721311200079,1.25e-05
1721314800075,1.25e-05
1721318400050,1.25e-05
1721322000081,1.25e-05
1721325600103,1.25e-05
1721329200161,1.25e-05
1721332800149,1.25e-05
1721336400015,1.25e-05
1721340000101,1.25e-05
1721343600091,1.25e-05
1721347200039,1.25e-05
1721350800104,1.25e-05
1721354400146,1.25e-05
1721358000113,1.25e-05
1721361600084,1.25e-05
1721365200086,1.25e-05
1721368800099,1.25e-05
1721372400149,2.58439e-05
1721376000114,1.25e-05
1721379600100,1.25e-05
1721383200047,2.32991e-05
1721386800141,2.61338e-05
1721390400005,3.08085e-05
1721394000035,3.41305e-05
1721397600042,1.25e-05
1721401200151,1.25e-05
1721404800104,1.25e-05
1721408400161,2.05106e-05
1721412000095,3.8356e-05
1721415600087,1.25e-05
1721419200152,5.60495e-05
1721422800131,5.93433e-05
1721426400093,4.75578e-05
1721430000025,2.05689e-05
1721433600150,1.25e-05
1721437200099,1.29571e-05
1721440800086,1.25e-05
1721444400002,1.25e-05
1721448000130,1.25e-05
1721451600097,1.25e-05
1721455200000,1.25e-05
1721458800082,1.54185e-05
1721462400061,2.67416e-05
1721466000059,1.25e-05
1721469600120,1.25e-05
1721473200026,1.25e-05
1721476800035,1.25e-05
1721480400085,1.25e-05
1721484000059,1.69931e-05
1721487600119,4.65055e-05
1721491200176,6.67072e-05
1721494800134,5.45666e-05
1721498400118,6.49249e-05
1721502000061,8.20951e-05
1721505600101,9.08657e-05
1721509200042,6.91447e-05
1721512800049,8.93777e-05
1721516400019,7.44398e-05
1721520000114,5.13051e-05
1721523600024,1.25e-05
1721527200036,1.25e-05
1721530800066,1.25e-05
1721534400079,4.56345e-05
1721538000094,6.84487e-05
1721541600059,0.0001026816
1721545200179,8.1749e-05
1721548800188,3.04352e-05
1721552400117,1.25e-05
1721556000139,1.25e-05
1721559600106,1.45686e-05
1721563200184,1.25e-05
1721566800086,1.8576e-05
1721570400098,1.76181e-05
1721574000156,1.25e-05
1721577600004,3.75587e-05
1721581200000,2.39231e-05
1721584800152,1.53428e-05
1721588400124,8.10314e-05
1721592000142,7.06575e-05
1721595600137,0.0001232091
1721599200050,0.0001467253
1721602800176,8.76104e-05
1721606400221,9.04869e-05
1721610000144,1.25e-05
1721613600042,1.25e-05
1721617200166,1.51857e-05
1721620800050,1.76396e-05
1721624400010,4.04223e-05
1721628000076,5.96277e-05
1721631600003,5.66027e-05
1721635200174,7.13341e-05
1721638800042,1.25e-05
1721642400053,1.25e-05
1721646000169,1.25e-05
1721649600180,1.25e-05
1721653200221,1.85717e-05
1721656800131,2.94995e-05
1721660400207,4.8263e-05
1721664000166,3.57904e-05
1721667600147,4.81812e-05
1721671200032,3.86614e-05
1721674800102,2.63522e-05
1721678400240,4.16721e-05
1721682000048,4.35858e-05
1721685600151,4.50579e-05
1721689200136,1.77113e-05
1721692800012,7.99704e-05
1721696400061,9.56892e-05
1721700000162,8.85157e-05
1721703600026,9.91055e-05
1721707200123,6.92348e-05
1721710800107,6.62167e-05
1721714400165,8.05565e-05
1721718000164,6.46751e-05
1721721600091,6.45469e-05
1721725200058,3.81267e-05
1721728800008,7.83254e-05
1721732400184,7.14483e-05
1721736000056,8.87249e-05
1721739600073,7.71104e-05
1721743200037,3.98231e-05
1721746800036,1.25e-05
1721750400045,1.25e-05
1721754000084,1.25e-05
1721757600001,1.25e-05
1721761200059,1.25e-05
1721764800093,1.25e-05
1721768400069,1.25e-05
1721772000067,1.25e-05
1721775600149,1.25e-05
1721779200121,1.25e-05
1721782800017,1.25e-05
1721786400031,1.25e-05
1721790000067,1.25e-05
1721793600066,1.25e-05
1721797200071,1.25e-05
1721800800108,1.25e-05
1721804400119,1.25e-05
1721808000035,1.25e-05
1721811600075,1.25e-05
1721815200101,1.25e-05
1721818800096,1.25e-05
1721822400135,1.25e-05
1721826000092,1.25e-05
1721829600085,1.25e-05
1721833200172,1.25e-05
1721836800096,1.25e-05
1721840400016,1.25e-05
1721844000052,1.25e-05
1721847600093,1.25e-05
1721851200039,5.41125e-05
1721854800080,3.85585e-05
1721858400111,1.25e-05
1721862000152,3.51636e-05
1721865600023,1.25e-05
1721869200138,3.32394e-05
1721872800048,1.25e-05
1721876400239,1.25e-05
1721880000143,1.25e-05
1721883600125,1.25e-05
1721887200036,1.25e-05
1721890800008,1.25e-05
1721894400144,1.25e-05
1721898000148,1.25e-05
1721901600142,1.25e-05
1721905200093,1.16499e-05
1721908800109,1.25e-05
1721912400098,1.25e-05
1721916000132,1.25e-05
1721919600138,1.25e-05
1721923200042,1.25e-05
1721926800042,1.25e-05
1721930400062,-4.518e-06
1721934000012,1.25e-05
1721937600151,1.25e-05
1721941200096,1.25e-05
1721944800112,1.25e-05
1721948400001,1.61567e-05
1721952000097,1.25e-05
1721955600136,1.25e-05
1721959200080,1.25e-05
1721962800096,1.25e-05
1721966400138,1.25e-05
1721970000137,-3.1137e-06
1721973600026,1.25e-05
1721977200134,-4.2879e-06
1721980800175,-1.46037e-05
1721984400055,-2.16658e-05
1721988000108,-6.095e-06
1721991600113,-2.39288e-05
1721995200155,1.25e-05
1721998800099,1.25e-05
1722002400071,1.25e-05
1722006000133,1.25e-05
1722009600147,4.09101e-05
1722013200010,1.25e-05
1722016800158,4.91793e-05
1722020400037,6.19578e-05
1722024000122,7.98547e-05
1722027600119,1.25e-05
1722031200154,2.94828e-05
1722034800136,6.11281e-05
1722038400097,6.6522e-05
1722042000158,4.29231e-05
1722045600144,3.14125e-05
1722049200134,2.58509e-05
1722052800129,3.85838e-05
1722056400138,2.71267e-05
1722060000140,4.56414e-05
1722063600003,2.51694e-05
1722067200031,4.96378e-05
1722070800138,3.00309e-05
1722074400144,3.95157e-05
1722078000052,2.36377e-05
1722081600092,4.95471e-05
1722085200096,3.94539e-05
1722088800015,3.93535e-05
1722092400146,3.44567e-05
1722096000089,1.25e-05
1722099600084,1.25e-05
1722103200116,1.25e-05
1722106800044,1.25e-05
1722110400041,1.25e-05
1722114000142,1.25e-05
1722117600023,5.6936e-05
1722121200144,6.96864e-05
1722124800037,5.35887e-05
1722128400068,1.25e-05
1722132000138,4.61858e-05
1722135600139,5.48342e-05
1722139200134,4.45628e-05
1722142800001,2.79785e-05
1722146400186,5.98284e-05
1722150000091,6.6206e-05
1722153600129,3.22734e-05
1722157200136,3.38231e-05
1722160800135,4.04544e-05
1722164400116,4.11547e-05
1722168000052,3.78031e-05
1722171600205,4.54841e-05
1722175200102,6.50295e-05
1722178800121,1.25e-05
1722182400086,1.25e-05
1722186000147,1.25e-05
1722189600035,1.25e-05
1722193200083,1.25e-05
1722196800106,1.25e-05
1722200400014,1.32264e-05
1722204000077,1.50675e-05
1722207600121,1.25e-05
1722211200040,1.25e-05
1722214800082,1.25e-05
1722218400005,1.25e-05
1722222000107,1.25e-05
1722225600169,4.02227e-05
1722229200015,3.79646e-05
1722232800133,1.25e-05
1722236400089,3.07978e-05
1722240000119,1.27434e-05
1722243600128,1.29313e-05
1722247200150,1.49977e-05
1722250800014,2.40641e-05
1722254400132,4.14746e-05
1722258000125,3.65559e-05
1722261600038,1.25e-05
1722265200088,1.25e-05
1722268800040,2.73044e-05
1722272400049,1.25e-05
1722276000028,3.51633e-05
1722279600064,5.07432e-05
1722283200108,2.86689e-05
1722286800048,3.92553e-05
1722290400037,1.25e-05
1722294000106,2.08908e-05
1722297600046,1.25e-05
1722301200089,1.25e-05
1722304800157,1.25e-05
1722308400087,1.25e-05
1722312000078,1.25e-05
1722315600000,1.25e-05
1722319200047,1.25e-05
1722322800112,1.25e-05
1722326400122,1.25e-05
1722330000129,1.25e-05
1722333600057,1.25e-05
1722337200064,1.25e-05
1722340800173,1.25e-05
1722344400038,1.25e-05
1722348000020,1.25e-05
1722351600116,1.25e-05
1722355200093,1.25e-05
1722358800114,1.25e-05
1722362400104,1.25e-05
1722366000001,1.25e-05
1722369600069,1.2561e-06
1722373200030,3.3703e-06
1722376800091,1.25e-05
1722380400094,1.25e-05
1722384000072,1.25e-05
1722387600060,1.25e-05
1722391200067,1.25e-05
1722394800085,2.4462e-05
1722398400060,1.25e-05
1722402000066,1.25e-05
1722405600039,1.25e-05
1722409200082,1.25e-05
1722412800120,1.25e-05
1722416400106,1.25e-05
1722420000013,2.70204e-05
1722423600012,2.54082e-05
1722427200094,1.25e-05
1722430800079,2.14899e-05
1722434400151,2.29688e-05
1722438000125,1.25e-05
1722441600087,1.25e-05
1722445200089,1.25e-05
1722448800050,1.25e-05
1722452400082,1.25e-05
1722456000086,1.25e-05
1722459600157,1.25e-05
1722463200067,1.25e-05
1722466800089,1.25e-05
1722470400097,1.934e-06
1722474000090,-7.5341e-06
1722477600123,4.502e-07
1722481200015,6.9444e-06
1722484800003,1.25e-05
1722488400098,6.256e-07
1722492000025,1.25e-05
1722495600151,1.25e-05
1722499200157,1.25e-05
1722502800093,1.25e-05
1722506400000,1.25e-05
1722510000139,1.25e-05
1722513600091,1.25e-05
1722517200078,1.25e-05
1722520800145,1.25e-05
1722524400088,1.25e-05
1722528000024,2.6244e-06
1722531600088,-1.54335e-05
1722535200092,1.25e-05
1722538800114,1.25e-05
1722542400120,1.25e-05
1722546000096,1.25e-05
1722549600087,1.25e-05
1722553200128,1.25e-05
1722556800006,9.8398e-06
1722560400116,1.25e-05
1722564000146,1.25e-05
1722567600013,1.25e-05
1722571200119,1.25e-05
1722574800147,1.25e-05
1722578400160,1.25e-05
1722582000054,-1.6638e-06
1722585600113,-2.5196e-06
1722589200135,1.25e-05
1722592800136,-2.4675e-06
1722596400046,1.25e-05
1722600000147,1.25e-05
1722603600044,1.25e-05
1722607200012,-3.0157e-06
1722610800144,1.05706e-05
1722614400149,1.25e-05
1722618000126,1.25e-05
1722621600003,1.25e-05
1722625200027,1.25e-05
1722628800120,1.25e-05
1722632400150,1.25e-05
1722636000079,1.25e-05
1722639600130,1.25e-05
1722643200032,1.25e-05
1722646800093,1.25e-05
1722650400135,1.25e-05
1722654000124,1.25e-05
1722657600030,1.25e-05
1722661200095,1.25e-05
1722664800147,1.25e-05
1722668400139,1.25e-05
1722672000093,2.27453e-05
1722675600094,1.25e-05
1722679200099,1.25e-05
1722682800115,1.50107e-05
1722686400044,2.98581e-05
1722690000141,2.80161e-05
1722693600124,1.25e-05
1722697200154,1.25e-05
1722700800008,1.25e-05
1722704400121,1.25e-05
1722708000078,-1.841e-07
1722711600179,2.778e-06
1722715200167,5.6191e-06
1722718800144,6.1322e-06
1722722400032,8.8171e-06
1722726000126,-4.5638e-06
1722729600023,4.3825e-06
1722733200120,1.25e-05
1722736800123,1.25e-05
1722740400088,1.25e-05
1722744000122,1.25e-05
1722747600166,1.24961e-05
1722751200023,1.25e-05
1722754800105,1.25e-05
1722758400067,-5.573e-06
1722762000126,-1.62309e-05
1722765600033,8.7673e-06
1722769200126,-1.9143e-05
1722772800126,-5.1574e-06
1722776400126,-9.9199e-06
1722780000033,1.25e-05
1722783600129,1.25e-05
1722787200046,1.25e-05
1722790800119,1.25e-05
1722794400024,1.25e-05
1722798000002,1.25e-05
1722801600193,1.25e-05
1722805200121,1.25e-05
1722808800137,1.25e-05
1722812400089,1.25e-05
1722816000097,1.25e-05
1722819600110,1.25e-05
1722823200075,-4.81452e-05
1722826800027,7.89e-07
1722830400027,1.25e-05
1722834000013,-2.6871e-05
1722837600140,-9.26206e-05
1722841200166,-2.41728e-05
1722844800034,-8.7392e-06
1722848400118,-1.712e-06
1722852000042,3.9821e-06
1722855600154,-1.979e-05
1722859200100,-4.5713e-05
1722862800049,-5.61206e-05
1722866400151,-1.74462e-05
1722870000160,1.25e-05
1722873600149,1.25e-05
1722877200064,1.25e-05
1722880800033,1.25e-05
1722884400110,-1.72005e-05
1722888000175,-7.021e-06
1722891600049,-1.45539e-05
1722895200192,-1.52455e-05
1722898800031,-2.28882e-05
1722902400125,-2.34927e-05
1722906000021,7.6497e-06
1722909600037,-2.6415e-06
1722913200039,-2.8284e-06
1722916800114,1.4877e-06
1722920400031,1.25e-05
1722924000127,1.25e-05
1722927600166,1.25e-05
1722931200131,-1.25037e-05
1722934800039,5.2697e-06
1722938400041,-6.674e-07
1722942000031,-3.483e-06
1722945600068,-7e-09
1722949200034,8.6918e-06
1722952800146,6.748e-07
1722956400015,1.25e-05
1722960000079,1.25e-05
1722963600072,8.0827e-06
1722967200082,-1.19809e-05
1722970800120,-1.53972e-05
1722974400131,-1.51232e-05
1722978000104,1.25e-05
1722981600114,1.25e-05
1722985200141,3.7386e-06
1722988800149,-3.10893e-05
1722992400122,-1.9127e-05
1722996000007,-1.61501e-05
1722999600146,1.25e-05
1723003200151,1.05446e-05
1723006800052,1.25e-05
1723010400154,1.25e-05
1723014000173,1.25e-05
1723017600092,1.25e-05
1723021200092,1.25e-05
1723024800185,1.25e-05
1723028400194,1.25e-05
1723032000096,-1.55405e-05
1723035600105,-1.52946e-05
1723039200131,-4.42809e-05
1723042800181,-4.1735e-05
1723046400109,-4.29899e-05
1723050000101,-3.83769e-05
1723053600129,-6.9993e-05
1723057200110,-5.29606e-05
1723060800209,-5.6074e-06
1723064400186,-4.41427e-05
1723068000088,-4.534e-07
1723071600138,-1.27731e-05
1723075200026,1.25e-05
1723078800023,-1.98833e-05
1723082400068,1.25e-05
1723086000012,8.6305e-06
1723089600121,4.8205e-06
1723093200100,9.5815e-06
1723096800060,1.25e-05
1723100400095,1.25e-05
1723104000029,1.25e-05
1723107600003,1.25e-05
1723111200166,1.25e-05
1723114800137,1.25e-05
1723118400192,1.25e-05
1723122000106,1.25e-05
1723125600153,1.25e-05
1723129200018,-1.40418e-05
1723132800107,-2.67364e-05
1723136400095,1.25e-05
1723140000083,8.7338e-06
1723143600170,4.6945e-06
1723147200093,3.0002e-06
1723150800108,1.25e-05
1723154400163,1.25e-05
1723158000100,1.25e-05
1723161600115,1.25e-05
1723165200158,1.25e-05
1723168800197,-6.3818e-06
1723172400156,1.25e-05
1723176000170,-1.28952e-05
1723179600001,-1.76794e-05
1723183200131,-2.71411e-05
1723186800195,1.9274e-06
1723190400005,1.25e-05
1723194000109,1.25e-05
1723197600108,-2.78936e-05
1723201200104,-3.54141e-05
1723204800085,-2.93554e-05
1723208400100,-2.6045e-05
1723212000163,-1.6156e-05
1723215600035,-1.60153e-05
1723219200043,-2.4488e-05
1723222800057,3.466e-06
1723226400076,1.02644e-05
1723230000079,-4.9212e-05
1723233600002,-1.10734e-05
1723237200049,-2.55022e-05
1723240800059,-4.42567e-05
1723244400045,1.25e-05
1723248000005,-1.575e-05
1723251600028,4.1989e-06
1723255200005,-2.24701e-05
1723258800126,-2.16852e-05
1723262400097,-2.3425e-05
1723266000035,-4.22299e-05
1723269600106,-1.02057e-05
1723273200153,1.25e-05
1723276800071,1.25e-05
1723280400090,9.7423e-06
1723284000003,-1.2902e-05
1723287600051,-1.70366e-05
1723291200017,1.25e-05
1723294800075,1.25e-05
1723298400044,1.25e-05
1723302000043,5.1655e-06
1723305600060,1.25e-05
1723309200115,7.2593e-06
1723312800155,-2.1055e-06
1723316400075,1.25e-05
1723320000068,-2.0397e-06
1723323600138,-1.14451e-05
1723327200056,1.25e-05
1723330800124,1.25e-05
1723334400011,-1.98948e-05
1723338000013,-1.8886e-05
1723341600009,-5.0522e-06
1723345200075,4.1418e-06
1723348800143,1.25e-05
1723352400017,1.25e-05
1723356000084,1.25e-05
1723359600112,1.25e-05
1723363200075,1.25e-05
1723366800055,1.25e-05
1723370400109,3.49917e-05
1723374000021,2.10096e-05
1723377600075,3.0106e-05
1723381200155,1.25e-05
1723384800068,1.25e-05
1723388400049,1.25e-05
1723392000001,1.25e-05
1723395600011,1.25e-05
1723399200200,1.25e-05
1723402800142,1.25e-05
1723406400061,1.25e-05
1723410000034,1.25e-05
1723413600091,1.25e-05
1723417200064,1.25e-05
1723420800022,1.25e-05
1723424400028,1.25e-05
1723428000097,1.25e-05
1723431600059,1.25e-05
1723435200015,1.44737e-05
1723438800011,2.22162e-05
1723442400016,1.25e-05
1723446000031,1.25e-05
1723449600042,1.25e-05
1723453200197,1.25e-05
1723456800000,1.25e-05
1723460400120,1.25e-05
1723464000075,1.25e-05
1723467600044,1.25e-05
1723471200126,1.25e-05
1723474800046,1.25e-05
1723478400009,1.25e-05
1723482000032,1.25e-05
1723485600154,1.25e-05
1723489200006,1.25e-05
1723492800127,1.25e-05
1723496400104,1.25e-05
1723500000020,-1.45769e-05
1723503600045,-4.5417e-06
1723507200057,-5.201e-07
1723510800043,-1.8915e-06
1723514400015,4.1066e-06
1723518000121,-9.7181e-06
1723521600126,6.1911e-06
1723525200036,1.25e-05
1723528800044,1.25e-05
1723532400166,1.25e-05
1723536000050,-2.694e-06
1723539600001,-1.10423e-05
1723543200020,-6.2133e-06
1723546800111,-1.15578e-05
1723550400113,6.0328e-06
1723554000078,1.25e-05
1723557600015,1.25e-05
1723561200054,1.25e-05
1723564800076,6.9767e-06
1723568400020,1.25e-05
1723572000046,1.25e-05
1723575600091,1.25e-05
1723579200014,1.25e-05
1723582800042,1.25e-05
1723586400118,1.25e-05
1723590000047,1.25e-05
1723593600037,1.25e-05
1723597200016,1.25e-05
1723600800137,1.25e-05
1723604400016,1.25e-05
1723608000185,1.25e-05
1723611600054,1.25e-05
1723615200021,1.25e-05
1723618800100,1.25e-05
1723622400153,1.25e-05
1723626000170,1.25e-05
1723629600026,1.25e-05
1723633200049,1.25e-05
1723636800074,1.25e-05
1723640400098,1.25e-05
1723644000032,1.25e-05
1723647600047,1.25e-05
1723651200020,1.25e-05
1723654800059,1.25e-05
1723658400050,1.25e-05
1723662000082,1.25e-05
1723665600117,1.25e-05
1723669200090,1.25e-05
1723672800120,2.559e-06
1723676400082,1.25e-05
1723680000018,1.25e-05
1723683600165,1.25e-05
1723687200057,1.25e-05
1723690800089,1.25e-05
1723694400095,1.25e-05
1723698000117,1.25e-05
1723701600104,1.25e-05
1723705200103,1.25e-05
1723708800015,1.25e-05
1723712400067,1.25e-05
1723716000058,1.25e-05
1723719600003,-5.8465e-06
1723723200001,1.14483e-05
1723730400074,1.25e-05
1723734000060,1.25e-05
1723737600126,1.25e-05
1723741200052,1.25e-05
1723744800071,1.25e-05
1723748400055,-4.3335e-06
1723752000115,-8.9867e-06
1723755600042,-2.5542e-06
1723759200063,1.25e-05
1723762800035,1.25e-05
1723766400016,1.25e-05
1723770000075,1.25e-05
1723773600013,1.25e-05
1723777200050,1.25e-05
1723780800117,1.25e-05
1723784400010,1.25e-05
1723788000071,1.25e-05
1723791600075,1.25e-05
1723795200021,1.25e-05
1723798800032,1.25e-05
1723802400018,8.6036e-06
1723806000015,2.962e-07
1723809600024,-4.9403e-06
1723813200035,-8.42565e-05
1723816800013,-5.00114e-05
1723820400056,-5.11378e-05
1723824000077,-7.92461e-05
1723827600009,-2.96708e-05
1723831200048,-3.33912e-05
1723834800162,-4.53653e-05
1723838400047,-1.64513e-05
1723842000084,-2.83265e-05
1723845600014,-3.08612e-05
1723849200144,-3.39651e-05
1723852800143,-2.72719e-05
1723856400097,-3.38897e-05
1723860000098,-2.86801e-05
1723863600051,-2.45999e-05
1723867200111,-2.54531e-05
1723870800079,-2.668e-05
1723874400049,-1.92174e-05
1723878000001,-1.88085e-05
1723881600005,-2.39208e-05
1723885200015,-1.51073e-05
1723888800064,-1.67593e-05
1723892400073,-1.11976e-05
1723896000025,-7.4505e-06
1723899600040,-5.4298e-06
1723903200037,-6.4701e-06
1723906800001,-1.65674e-05
1723910400012,4.9562e-06
1723914000049,1.25e-05
1723917600019,3.3591e-06
1723921200022,6.2212e-06
1723924800081,-3.5187e-06
1723928400078,-2.88528e-05
1723932000118,-2.43438e-05
1723935600040,-1.7958e-06
1723939200002,-1.2943e-05
1723942800095,4.6104e-06
1723946400038,-3.9075e-06
1723950000004,-1.54719e-05
1723953600002,-1.61838e-05
1723957200146,-1.93151e-05
1723960800068,-7.4134e-06
1723964400009,-2.47103e-05
1723968000061,-1.50075e-05
1723971600176,9.1489e-06
1723975200024,-7.5365e-06
1723978800154,3.9224e-06
1723982400065,-3.513e-07
1723986000010,-5.09582e-05
1723989600021,4.1249e-06
1723993200025,1.23927e-05
1723996800024,-5.8149e-06
1724000400082,3.7877e-06
1724004000049,-4.0327e-06
1724007600072,-3.9202e-06
1724011200164,3.0482e-06
1724014800044,4.4981e-06
1724018400156,3.063e-06
1724022000043,-6.87e-07
1724025600078,4.5297e-06
1724029200072,1.25e-05
1724032800068,1.08135e-05
1724036400041,-1.47623e-05
1724040000080,-1.5868e-05
1724043600127,-2.19521e-05
1724047200068,-1.92213e-05
1724050800122,-3.09322e-05
1724054400097,1.25e-05
1724058000096,1.25e-05
1724061600062,1.25e-05
1724065200118,1.25e-05
1724068800084,5.5993e-06
1724072400028,7.9323e-06
1724076000059,1.25e-05
1724079600000,1.25e-05
1724083200111,1.25e-05
1724086800022,1.25e-05
1724090400011,1.25e-05
1724094000051,1.25e-05
1724097600083,1.25e-05
1724101200028,1.25e-05
1724104800004,1.25e-05
1724108400090,1.25e-05
1724112000000,1.25e-05
1724115600052,1.25e-05
1724119200000,-9.1223e-06
1724122800097,-6.1227e-06
1724126400022,-2.0024e-06
1724130000005,3.7365e-06
1724133600128,1.25e-05
1724137200043,1.25e-05
1724140800070,1.25e-05
1724144400110,1.25e-05
1724148000050,1.25e-05
1724151600100,1.25e-05
1724155200112,1.25e-05
1724158800042,3.217e-07
1724162400107,9.435e-06
1724166000042,-1.99363e-05
1724169600064,-1.43294e-05
1724173200093,1.25e-05
1724176800056,1.25e-05
1724180400006,1.25e-05
1724184000047,1.25e-05
1724187600121,1.25e-05
1724191200045,-3.91744e-05
1724194800027,-3.34283e-05
1724198400014,-3.03992e-05
1724202000067,-1.0836e-05
1724205600017,-2.1937e-06
1724209200009,6.2654e-06
1724212800073,-3.8483e-06
1724216400008,1.07866e-05
1724220000041,-2.1794e-06
1724223600058,5.5905e-06
1724227200044,6.5837e-06
1724230800077,-1.21545e-05
1724234400069,-2.2868e-05
1724238000075,-1.34475e-05
1724241600043,-1.92129e-05
1724245200024,-2.04739e-05
1724248800002,-2.20455e-05
1724252400089,-3.40747e-05
1724256000074,8.0524e-06
1724259600053,1.25e-05
1724263200078,1.25e-05
1724266800051,1.25e-05
1724270400038,1.25e-05
1724274000115,1.25e-05
1724277600088,9.8636e-06
1724281200053,1.25e-05
1724284800046,1.25e-05
1724288400156,1.25e-05
1724292000028,1.25e-05
1724295600001,1.25e-05
1724299200038,1.25e-05
1724302800095,1.25e-05
1724306400150,1.25e-05
1724310000126,1.25e-05
1724313600031,1.25e-05
1724317200149,1.25e-05
1724320800136,1.25e-05
1724324400100,1.25e-05
1724328000060,1.25e-05
1724331600097,1.25e-05
1724335200099,1.25e-05
1724338800071,1.25e-05
1724342400068,1.25e-05
1724346000148,1.25e-05
1724349600142,1.25e-05
1724353200002,1.25e-05
1724356800125,1.25e-05
1724360400087,1.25e-05
1724364000100,1.25e-05
1724367600125,1.25e-05
1724371200181,1.25e-05
1724374800188,1.25e-05
1724378400129,1.25e-05
1724382000067,1.25e-05
1724385600088,1.25e-05
1724389200028,1.25e-05
1724392800094,1.25e-05
1724396400047,1.25e-05
1724400000065,1.25e-05
1724403600105,1.25e-05
1724407200097,1.25e-05
1724410800096,1.25e-05
1724414400153,1.25e-05
1724418000031,1.25e-05
1724421600016,1.25e-05
1724425200122,1.25e-05
1724428800021,1.25e-05
1724432400112,1.25e-05
1724436000032,1.25e-05
1724439600062,1.25e-05
1724443200090,1.25e-05
1724446800096,1.25e-05
1724450400083,1.25e-05
1724454000066,1.25e-05
1724457600034,1.25e-05
1724461200027,1.25e-05
1724464800026,1.25e-05
1724468400105,1.25e-05
1724472000084,1.25e-05
1724475600015,1.25e-05
1724479200158,1.25e-05
1724482800113,1.25e-05
1724486400164,1.25e-05
1724490000090,1.25e-05
1724493600121,1.25e-05
1724497200032,1.25e-05
1724500800017,1.25e-05
1724504400113,1.25e-05
1724508000023,1.25e-05
1724511600075,1.25e-05
1724515200001,1.25e-05
1724518800037,1.25e-05
1724522400126,3.8291e-06
1724526000054,1.25e-05
1724529600008,1.25e-05
1724533200017,1.11929e-05
1724536800020,1.25e-05
1724540400030,1.25e-05
1724544000129,1.25e-05
1724547600124,1.25e-05
1724551200104,1.25e-05
1724554800048,1.25e-05
1724558400093,1.25e-05
1724562000102,1.25e-05
1724565600022,1.25e-05
1724569200056,1.25e-05
1724572800052,1.25e-05
1724576400148,1.25e-05
1724580000003,1.25e-05
1724583600113,1.25e-05
1724587200069,1.25e-05
1724590800044,1.25e-05
1724594400043,1.25e-05
1724598000109,1.25e-05
1724601600045,1.25e-05
1724605200050,1.25e-05
1724608800081,1.25e-05
1724612400136,1.25e-05
1724616000140,1.25e-05
1724619600155,1.25e-05
1724623200017,1.25e-05
1724626800131,1.25e-05
1724630400111,1.25e-05
1724634000096,1.25e-05
1724637600104,1.25e-05
1724641200129,1.25e-05
1724644800042,1.25e-05
1724648400167,1.25e-05
1724652000150,1.25e-05
1724655600092,1.25e-05
1724659200050,1.25e-05
1724662800152,1.25e-05
1724666400000,1.25e-05
1724670000147,1.25e-05
1724673600158,1.25e-05
1724677200107,1.25e-05
1724680800045,1.25e-05
1724684400029,1.25e-05
1724688000075,1.25e-05
1724691600066,1.25e-05
1724695200012,1.25e-05
1724698800031,1.25e-05
1724702400139,1.25e-05
1724706000027,1.25e-05
1724709600007,1.25e-05
1724713200149,1.25e-05
1724716800114,1.25e-05
1724720400049,1.25e-05
1724724000037,1.25e-05
1724727600006,1.25e-05
1724731200018,1.25e-05
1724734800145,1.25e-05
1724738400108,1.25e-05
1724742000034,1.25e-05
1724745600057,1.25e-05
1724749200019,1.25e-05
1724752800019,1.25e-05
1724756400029,1.25e-05
1724760000036,1.25e-05
1724763600010,1.25e-05
1724767200086,1.25e-05
1724770800060,1.25e-05
1724774400135,1.25e-05
1724778000004,1.25e-05
1724781600018,1.25e-05
1724785200058,1.25e-05
1724788800021,1.33e-05
1724792400110,1.25e-05
1724796000090,1.25e-05
1724799600171,1.25e-05
1724803200029,1.25e-05
1724806800087,1.25e-05
1724810400131,1.25e-05
1724814000075,1.25e-05
1724817600015,1.25e-05
1724821200057,1.25e-05
1724824800057,1.25e-05
1724828400050,1.25e-05
1724832000133,1.25e-05
1724835600020,1.25e-05
1724839200143,1.25e-05
1724842800048,1.25e-05
1724846400001,1.25e-05
1724850000128,2.61126e-05
1724853600030,1.66573e-05
1724857200144,1.25e-05
1724860800083,1.25e-05
1724864400037,1.25e-05
1724868000046,1.25e-05
1724871600142,1.25e-05
1724875200008,1.25e-05
1724878800097,1.25e-05
1724882400098,1.25e-05
1724886000089,1.25e-05
1724889600100,1.25e-05
1724893200131,1.25e-05
1724896800320,1.25e-05
1724900400019,1.25e-05
1724904000082,1.25e-05
1724907600129,1.25e-05
1724911200057,1.25e-05
1724914800027,1.25e-05
1724918400011,1.25e-05
1724922000143,1.25e-05
1724925600103,1.25e-05
1724929200083,1.25e-05
1724932800001,1.25e-05
1724936400104,1.25e-05
1724940000110,1.25e-05
1724943600108,1.25e-05
1724947200018,1.25e-05
1724950800048,1.25e-05
1724954400011,1.25e-05
1724958000143,1.25e-05
1724961600126,1.25e-05
1724965200020,1.25e-05
1724968800044,6.0702e-06
1724972400095,-1.11584e-05
1724976000118,-3.3523e-06
1724979600098,2.887e-07
1724983200041,6.8989e-06
1724986800073,4.0152e-06
1724990400015,3.3004e-06
1724994000043,2.6623e-06
1724997600021,-1.97122e-05
1725001200147,-1.25554e-05
1725004800108,1.25e-05
1725008400018,1.25e-05
1725012000031,1.25e-05
1725015600002,1.25e-05
1725019200022,6.7195e-06
1725022800004,1.25e-05
1725026400099,1.25e-05
1725030000076,1.25e-05
1725033600042,-3.03293e-05
1725037200040,-1.01977e-05
1725040800143,-1.1705e-06
1725044400022,-4.7193e-06
1725048000097,-7.3834e-06
1725051600016,-1.02075e-05
1725055200050,-1.2124e-05
1725058800142,7.2843e-06
1725062400023,1.23858e-05
1725066000171,-2.2723e-06
1725069600011,-3.5064e-06
1725073200067,-1.26238e-05
1725076800109,-8.2468e-06
1725080400048,-9.8645e-06
1725084000104,-7.4733e-06
1725087600024,-4.5197e-06
1725091200049,-6.0853e-06
1725094800039,2.343e-07
1725098400067,-3.4891e-06
1725102000096,2.923e-07
1725105600048,-6.1271e-06
1725109200031,-1.48329e-05
1725112800003,5.0456e-06
1725116400033,-1.72871e-05
1725120000094,-2.30617e-05
1725123600095,-1.01184e-05
1725127200041,-1.74289e-05
1725130800044,-1.66512e-05
1725134400119,-1.03806e-05
1725138000125,-1.65317e-05
1725141600161,-3.00428e-05
1725145200038,-2.29316e-05
1725148800068,-1.54847e-05
1725152400097,-1.02586e-05
1725156000129,-6.9899e-06
1725159600131,8.7854e-06
1725163200135,8.752e-07
1725166800018,7.7013e-06
1725170400030,-1.33301e-05
1725174000057,-2.17218e-05
1725177600045,-1.46901e-05
1725181200006,-1.40707e-05
1725184800090,-2.91355e-05
1725188400015,-2.50632e-05
1725192000062,-2.13086e-05
1725195600008,-2.1951e-05
1725199200031,-1.06487e-05
1725202800074,1.4353e-06
1725206400007,-1.7658e-06
1725210000121,3.6988e-06
1725213600087,-2.1051e-06
1725217200076,-2.21405e-05
1725220800043,-1.77991e-05
1725224400012,-7.5386e-06
1725228000076,-3.09034e-05
1725231600000,-1.66881e-05
1725235200096,-5.4224e-06
1725238800094,1.14773e-05
1725242400063,1.25e-05
1725246000069,1.25e-05
1725249600022,1.25e-05
1725253200006,-2.58397e-05
1725256800087,1.25e-05
1725260400041,4.3301e-06
1725264000042,-1.65346e-05
1725267600052,7.507e-07
1725271200033,-5.2946e-06
1725274800102,6.16e-07
1725278400047,-8.4198e-06
1725282000024,-3.92411e-05
1725285600110,-4.86368e-05
1725289200097,-4.79648e-05
1725292800035,-3.91052e-05
1725296400042,-4.22041e-05
1725300000054,-4.71421e-05
1725303600158,-3.06417e-05
1725307200017,-4.20543e-05
1725310800148,-2.76976e-05
1725314400048,7.6438e-06
1725318000033,1.693e-06
1725321600145,1.17907e-05
1725325200025,1.25e-05
1725328800066,4.0382e-06
1725332400098,1.25e-05
1725336000052,1.25e-05
1725339600076,1.25e-05
1725343200070,1.25e-05
1725346800003,1.25e-05
1725350400051,-9.5951e-06
1725354000137,-6.6432e-06
1725357600021,-1.15613e-05
1725361200005,-1.67642e-05
1725364800058,-1.66685e-05
1725368400151,-1.73107e-05
1725372000015,-2.03794e-05
1725375600019,-3.89825e-05
1725379200040,-6.06327e-05
1725382800114,-5.49396e-05
1725386400062,-5.71871e-05
1725390000111,-6.37359e-05
1725393600112,-5.94812e-05
1725397200044,-5.71119e-05
1725400800006,-4.10363e-05
1725404400061,-4.57762e-05
1725408000074,-5.06961e-05
1725411600097,-3.5868e-05
1725415200149,-1.51091e-05
1725418800112,1.25e-05
1725422400017,-5.2636e-06
1725426000128,9.1448e-06
1725429600133,1.0064e-06
1725433200156,1.0692e-06
1725436800140,1.25e-05
1725440400074,1.25e-05
1725444000050,1.25e-05
1725447600177,1.25e-05
1725451200105,1.25e-05
1725454800068,1.25e-05
1725458400034,1.25e-05
1725462000005,1.25e-05
1725465600143,1.25e-05
1725469200028,1.25e-05
1725472800096,-1.90203e-05
1725476400030,-3.09326e-05
1725480000101,-9.1859e-06
1725483600010,-1.90718e-05
1725487200035,-2.5589e-06
1725490800059,-1.6996e-06
1725494400164,-1.12515e-05
1725498000151,-7.1766e-06
1725501600179,-5.308e-06
1725505200168,-1.54957e-05
1725508800109,-1.8679e-06
1725512400021,-6.2407e-06
1725516000130,1.25e-05
1725519600007,-3.46681e-05
1725523200054,-5.22734e-05
1725526800156,-2.90471e-05
1725530400084,-2.66996e-05
1725534000150,-1.47778e-05
1725537600030,-1.11439e-05
1725541200033,-4.26183e-05
1725544800159,-4.18506e-05
1725548400071,-2.05362e-05
1725552000157,-3.67766e-05
1725555600000,-1.84194e-05
1725559200017,-1.12906e-05
1725562800035,1.25e-05
1725566400010,-2.85632e-05
1725570000137,-4.02264e-05
1725573600040,-5.96873e-05
1725577200149,-5.79227e-05
1725580800018,-4.52087e-05
1725584400028,-3.5013e-05
1725588000065,-3.75123e-05
1725591600046,1.25e-05
1725595200025,1.25e-05
1725598800078,1.25e-05
1725602400120,1.25e-05
1725606000003,1.25e-05
1725609600106,1.25e-05
1725613200137,1.25e-05
1725616800030,1.25e-05
1725620400063,1.25e-05
1725624000036,1.25e-05
1725627600072,1.25e-05
1725631200051,1.25e-05
1725634800007,-2.62753e-05
1725638400143,-8.2995e-06
1725642000096,-1.12479e-05
1725645600132,-1.45496e-05
1725649200058,-1.66013e-05
1725652800012,-9.2042e-06
1725656400144,-2.65418e-05
1725660000146,-1.27281e-05
1725663600157,1.2121e-06
1725667200057,8.874e-07
1725670800057,1.1245e-05
1725674400147,1.25e-05
1725678000036,1.4225e-06
1725681600026,8.513e-06
1725685200134,-1.10628e-05
1725688800129,1.25e-05
1725692400013,1.25e-05
1725696000138,1.25e-05
1725699600041,1.25e-05
1725703200130,1.25e-05
1725706800126,1.25e-05
1725710400020,1.25e-05
1725714000028,1.25e-05
1725717600056,1.25e-05
1725721200026,1.25e-05
1725724800115,1.25e-05
1725728400021,1.25e-05
1725732000111,1.25e-05
1725735600005,1.25e-05
1725739200028,1.25e-05
1725742800016,-1.572e-07
1725746400124,1.1046e-05
1725750000176,1.25e-05
1725753600075,1.25e-05
1725757200120,1.25e-05
1725760800006,1.25e-05
1725764400018,1.25e-05
1725768000121,1.25e-05
1725771600025,1.25e-05
1725775200008,1.25e-05
1725778800022,1.25e-05
1725782400074,1.25e-05
1725786000001,1.25e-05
1725789600019,1.25e-05
1725793200045,1.25e-05
1725796800069,1.25e-05
1725800400021,1.25e-05
1725804000039,1.25e-05
1725807600100,1.25e-05
1725811200062,1.25e-05
1725814800056,1.25e-05
1725818400074,1.25e-05
1725822000078,1.25e-05
1725825600050,1.25e-05
1725829200115,1.25e-05
1725832800011,1.25e-05
1725836400085,1.25e-05
1725840000115,1.25e-05
1725843600054,1.25e-05
1725847200088,1.25e-05
1725850800105,1.25e-05
1725854400063,1.25e-05
1725858000062,1.25e-05
1725861600006,1.25e-05
1725865200115,1.25e-05
1725868800001,1.25e-05
1725872400091,1.25e-05
1725876000000,1.25e-05
1725879600006,1.25e-05
1725883200067,1.25e-05
1725886800077,1.25e-05
1725890400113,1.25e-05
1725894000108,1.25e-05
1725897600076,1.25e-05
1725901200076,1.25e-05
1725904800015,1.25e-05
1725908400006,1.25e-05
1725912000003,1.25e-05
1725915600131,1.25e-05
1725919200094,1.25e-05
1725922800008,1.25e-05
1725926400054,1.25e-05
1725930000128,1.25e-05
1725933600098,1.25e-05
1725937200044,1.25e-05
1725940800025,1.25e-05
1725944400163,1.25e-05
1725948000005,1.25e-05
1725951600034,1.25e-05
1725955200006,1.25e-05
1725958800054,1.25e-05
1725962400001,1.25e-05
1725966000098,1.25e-05
1725969600034,1.25e-05
1725973200088,1.25e-05
1725976800100,1.25e-05
1725980400095,1.25e-05
1725984000049,1.25e-05
1725987600072,1.25e-05
1725991200180,1.25e-05
1725994800131,1.25e-05
1725998400016,1.25e-05
1726002000177,1.25e-05
1726005600098,1.25e-05
1726009200057,1.25e-05
1726012800000,1.25e-05
1726016400053,1.25e-05
1726020000047,1.25e-05
1726023600019,1.25e-05
1726027200011,1.25e-05
1726030800094,1.25e-05
1726034400099,1.25e-05
1726038000105,1.25e-05
1726041600031,1.25e-05
1726045200054,1.25e-05
1726048800096,1.25e-05
1726052400029,1.25e-05
1726056000005,1.25e-05
1726059600070,1.25e-05
1726063200034,1.25e-05
1726066800107,8.7349e-06
1726070400005,1.25e-05
1726074000108,1.25e-05
1726077600101,1.25e-05
1726081200046,1.25e-05
1726084800074,1.25e-05
1726088400111,1.25e-05
1726092000091,1.25e-05
1726095600050,1.25e-05
1726099200067,1.25e-05
1726102800026,1.25e-05
1726106400106,1.25e-05
1726110000003,1.25e-05
1726113600030,1.25e-05
1726117200045,1.25e-05
1726120800112,1.25e-05
1726124400013,1.25e-05
1726128000156,1.25e-05
1726131600049,1.25e-05
1726135200143,1.25e-05
1726138800020,1.25e-05
1726142400045,1.25e-05
1726146000158,1.25e-05
1726149600001,1.25e-05
1726153200108,1.25e-05
1726156800048,1.25e-05
1726160400031,1.25e-05
1726164000093,1.25e-05
1726167600163,1.25e-05
1726171200024,1.25e-05
1726174800001,1.25e-05
1726178400058,1.25e-05
1726182000149,1.25e-05
1726185600091,1.25e-05
1726189200083,1.25e-05
1726192800013,1.25e-05
1726196400009,1.25e-05
1726200000170,1.25e-05
1726203600123,1.25e-05
1726207200127,1.25e-05
1726210800117,1.25e-05
1726214400027,1.25e-05
1726218000119,1.25e-05
1726221600062,1.25e-05
1726225200120,1.25e-05
1726228800003,1.25e-05
1726232400148,-6.15e-08
1726236000029,1.25e-05
1726239600137,8.3688e-06
1726243200007,1.25e-05
1726246800002,1.25e-05
1726250400015,1.25e-05
1726254000015,1.25e-05
1726257600013,1.25e-05
1726261200122,1.25e-05
1726264800003,1.56753e-05
1726268400135,3.0069e-05
1726272000021,2.195e-05
1726275600085,1.25e-05
1726279200006,1.25e-05
1726282800023,1.25e-05
1726286400126,1.25e-05
1726290000104,2.40752e-05
1726293600039,1.25e-05
1726297200080,1.80683e-05
1726300800019,1.25e-05
1726304400111,1.25e-05
1726308000027,1.30689e-05
1726311600130,1.81618e-05
1726315200049,1.25e-05
1726318800146,1.25e-05
1726322400006,1.25e-05
1726326000046,1.25e-05
1726329600105,1.25e-05
1726333200024,1.25e-05
1726336800133,1.25e-05
1726340400012,1.25e-05
1726344000171,1.25e-05
1726347600052,1.25e-05
1726351200183,1.25e-05
1726354800028,1.25e-05
1726358400015,1.25e-05
1726362000037,1.25e-05
1726365600169,1.25e-05
1726369200006,1.50522e-05
1726372800078,2.13213e-05
1726376400034,1.25e-05
1726380000127,1.25e-05
1726383600065,1.25e-05
1726387200109,1.25e-05
1726390800108,1.25e-05
1726394400107,1.25e-05
1726398000024,1.25e-05
1726401600009,1.25e-05
1726405200017,1.25e-05
1726408800110,1.25e-05
1726412400082,1.25e-05
1726416000036,1.25e-05
1726419600008,1.25e-05
1726423200025,1.25e-05
1726426800029,1.25e-05
1726430400041,1.25e-05
1726434000000,1.25e-05
1726437600077,1.25e-05
1726441200122,1.25e-05
1726444800048,1.25e-05
1726448400196,1.25e-05
1726452000035,1.25e-05
1726455600068,1.25e-05
1726459200036,1.25e-05
1726462800055,1.25e-05
1726466400191,1.25e-05
1726470000043,1.25e-05
1726473600138,1.25e-05
1726477200023,1.25e-05
1726480800102,1.25e-05
1726484400187,1.25e-05
1726488000168,1.25e-05
1726491600017,1.25e-05
1726495200019,1.25e-05
1726498800079,1.25e-05
1726502400041,1.25e-05
1726506000056,1.25e-05
1726509600017,1.25e-05
1726513200103,1.25e-05
1726516800002,1.25e-05
1726520400041,1.25e-05
1726524000132,1.25e-05
1726527600028,1.25e-05
1726531200004,1.25e-05
1726534800031,1.25e-05
1726538400073,1.25e-05
1726542000089,1.25e-05
1726545600198,1.25e-05
1726549200080,1.25e-05
1726552800201,1.25e-05
1726556400061,1.25e-05
1726560000105,1.25e-05
1726563600031,1.25e-05
1726567200002,1.25e-05
1726570800012,1.25e-05
1726574400175,1.25e-05
1726578000033,1.25e-05
1726581600018,1.25e-05
1726585200090,1.25e-05
1726588800100,1.25e-05
1726592400094,1.25e-05
1726596000089,1.25e-05
1726599600045,1.25e-05
1726603200038,1.25e-05
1726606800077,1.25e-05
1726610400016,1.25e-05
1726614000047,1.25e-05
1726617600134,1.25e-05
1726621200147,1.25e-05
1726624800021,1.25e-05
1726628400044,1.25e-05
1726632000028,1.25e-05
1726635600080,1.25e-05
1726639200145,1.25e-05
1726642800175,1.25e-05
1726646400029,1.25e-05
1726650000097,1.25e-05
1726653600091,1.25e-05
1726657200103,-9.9405e-06
1726660800099,1.25e-05
1726664400099,1.25e-05
1726668000135,1.25e-05
1726671600158,1.25e-05
1726675200019,1.25e-05
1726678800074,1.25e-05
1726682400024,1.25e-05
1726686000138,1.25e-05
1726689600119,1.25e-05
1726693200028,1.25e-05
1726696800101,1.25e-05
1726700400107,1.25e-05
1726704000089,1.25e-05
1726707600039,1.25e-05
1726711200201,1.25e-05
1726714800046,1.72171e-05
1726718400096,4.23e-05
1726722000026,5.39066e-05
1726725600088,6.34501e-05
1726729200087,2.38109e-05
1726732800002,3.11757e-05
1726736400130,2.49755e-05
1726740000117,2.95827e-05
1726743600082,4.90362e-05
1726747200103,5.87431e-05
1726750800122,3.52029e-05
1726754400184,6.22865e-05
1726758000135,6.85709e-05
1726761600101,5.25392e-05
1726765200083,2.96966e-05
1726768800025,2.6527e-05
1726772400028,5.34291e-05
1726776000019,4.93511e-05
1726779600157,2.52414e-05
1726783200129,1.64041e-05
1726786800143,2.87722e-05
1726790400020,1.59816e-05
1726794000024,1.25e-05
1726797600054,1.25e-05
1726801200058,1.25e-05
1726804800023,1.25e-05
1726808400144,3.69176e-05
1726812000126,2.59267e-05
1726815600157,4.33348e-05
1726819200081,5.17557e-05
1726822800062,3.48283e-05
1726826400136,2.65419e-05
1726830000161,2.90409e-05
1726833600150,3.73056e-05
1726837200122,2.78716e-05
1726840800075,1.87902e-05
1726844400135,3.02823e-05
1726848000126,1.55896e-05
1726851600000,1.25e-05
1726855200038,1.25e-05
1726858800132,1.25e-05
1726862400031,1.25e-05
1726866000076,1.59811e-05
1726869600106,1.68378e-05
1726873200091,1.25e-05
1726876800046,1.25e-05
1726880400041,1.25e-05
1726884000132,1.25e-05
1726887600188,1.25e-05
1726891200030,1.25e-05
1726894800137,1.25e-05
1726898400005,1.25e-05
1726902000027,1.25e-05
1726905600131,1.25e-05
1726909200036,1.25e-05
1726912800012,1.25e-05
1726916400051,1.25e-05
1726920000160,1.25e-05
1726923600122,1.25e-05
1726927200025,1.25e-05
1726930800021,1.25e-05
1726934400134,1.25e-05
1726938000058,1.25e-05
1726941600014,1.25e-05
1726945200122,1.25e-05
1726948800012,1.25e-05
1726952400143,1.25e-05
1726956000028,1.25e-05
1726959600130,1.25e-05
1726963200021,1.25e-05
1726966800130,1.25e-05
1726970400009,1.25e-05
1726974000011,1.25e-05
1726977600019,1.25e-05
1726981200036,1.25e-05
1726984800094,1.25e-05
1726988400026,1.25e-05
1726992000101,1.25e-05
1726995600015,1.25e-05
1726999200023,1.25e-05
1727002800022,1.25e-05
1727006400075,1.25e-05
1727010000014,1.25e-05
1727013600056,1.25e-05
1727017200026,1.25e-05
1727020800016,1.25e-05
1727024400102,1.25e-05
1727028000016,1.25e-05
1727031600021,1.25e-05
1727035200083,1.25e-05
1727038800110,1.25e-05
1727042400025,1.25e-05
1727046000156,1.25e-05
1727049600134,1.25e-05
1727053200160,1.25e-05
1727056800142,1.25e-05
1727060400004,1.25e-05
1727064000002,1.25e-05
1727067600017,1.25e-05
1727071200043,1.25e-05
1727074800068,1.25e-05
1727078400076,1.25e-05
1727082000173,1.25e-05
1727085600018,1.25e-05
1727089200002,1.25e-05
1727092800021,1.25e-05
1727096400092,1.25e-05
1727100000019,1.25e-05
1727103600040,1.25e-05
1727107200004,1.25e-05
1727110800109,1.25e-05
1727114400036,1.25e-05
1727118000157,1.25e-05
1727121600073,1.25e-05
1727125200158,1.25e-05
1727128800014,1.25e-05
1727132400069,1.25e-05
1727136000124,1.25e-05
1727139600038,1.25e-05
1727143200000,1.25e-05
1727146800107,1.25e-05
1727150400021,1.25e-05
1727154000077,1.25e-05
1727157600060,1.25e-05
1727161200003,1.25e-05
1727164800147,1.25e-05
1727168400083,1.25e-05
1727172000179,3.47746e-05
1727175600108,3.81559e-05
1727179200083,5.0411e-05
1727182800044,5.78612e-05
1727186400166,1.57688e-05
1727190000023,1.25e-05
1727193600142,1.25e-05
1727197200092,1.25e-05
1727200800177,1.25e-05
1727204400106,1.25e-05
1727208000025,2.08035e-05
1727211600114,1.27543e-05
1727215200169,2.15038e-05
1727218800109,1.87996e-05
1727222400080,2.05645e-05
1727226000144,1.46157e-05
1727229600151,3.45911e-05
1727233200153,3.27196e-05
1727236800067,2.98268e-05
1727240400109,2.85484e-05
1727244000156,1.25e-05
1727247600001,1.25e-05
1727251200113,1.25e-05
1727254800008,1.25e-05
1727258400029,1.25e-05
1727262000003,1.25e-05
1727265600006,1.25e-05
1727269200047,1.25e-05
1727272800081,1.25e-05
1727276400126,1.32662e-05
1727280000042,1.38895e-05
1727283600080,1.25e-05
1727287200138,1.25e-05
1727290800128,2.08102e-05
1727294400066,3.08749e-05
1727298000104,3.06418e-05
1727301600128,3.10936e-05
1727305200154,1.25e-05
1727308800030,1.25e-05
1727312400027,1.25e-05
1727316000119,1.25e-05
1727319600100,1.25e-05
1727323200184,1.25e-05
1727326800033,1.25e-05
1727330400131,1.25e-05
1727334000040,1.25e-05
1727337600167,1.25e-05
1727341200018,1.25e-05
1727344800026,1.25e-05
1727348400120,1.25e-05
1727352000134,1.25e-05
1727355600027,1.25e-05
1727359200135,1.25e-05
1727362800029,1.25e-05
1727366400119,3.82989e-05
1727370000145,2.73107e-05
1727373600094,3.4308e-05
1727377200065,3.79989e-05
1727380800019,4.24086e-05
1727384400171,2.87433e-05
1727388000145,2.53272e-05
1727391600013,2.81692e-05
1727395200201,2.37495e-05
1727398800068,3.20077e-05
1727402400123,2.75927e-05
1727406000037,1.95652e-05
1727409600085,3.45413e-05
1727413200006,7.82427e-05
1727416800120,8.93976e-05
1727420400013,7.12737e-05
1727424000000,6.41725e-05
1727427600002,4.91832e-05
1727431200092,5.01955e-05
1727434800117,5.6734e-05
1727438400137,2.07835e-05
1727442000104,1.28742e-05
1727445600076,3.18954e-05
1727449200149,2.73338e-05
1727452800010,1.25e-05
1727456400017,1.25e-05
1727460000049,1.25e-05
1727463600037,1.25e-05
1727467200192,1.25e-05
1727470800039,1.25e-05
1727474400098,1.25e-05
1727478000158,1.25e-05
1727481600161,1.25e-05
1727485200035,1.25e-05
1727488800044,1.25e-05
1727492400148,1.25e-05
1727496000132,1.25e-05
1727499600115,1.25e-05
1727503200035,1.25e-05
1727506800010,1.25e-05
1727510400016,1.25e-05
1727514000002,1.25e-05
1727517600029,1.25e-05
1727521200098,1.25e-05
1727524800037,1.25e-05
1727528400018,1.25e-05
1727532000179,1.25e-05
1727535600108,1.25e-05
1727539200150,1.73045e-05
1727542800013,1.25e-05
1727546400026,1.25e-05
1727550000090,1.58636e-05
1727553600141,1.88808e-05
1727557200027,1.55739e-05
1727560800149,1.25e-05
1727564400009,1.25e-05
1727568000055,1.25e-05
1727571600176,1.25e-05
1727575200006,1.25e-05
1727578800007,1.25e-05
1727582400149,1.25e-05
1727586000105,1.25e-05
1727589600121,1.25e-05
1727593200144,1.25e-05
1727596800086,1.25e-05
1727600400162,1.25e-05
1727604000089,1.25e-05
1727607600076,1.25e-05
1727611200154,1.25e-05
1727614800075,1.96431e-05
1727618400150,1.25e-05
1727622000151,1.25e-05
1727625600057,1.25e-05
1727629200052,2.52114e-05
1727632800030,2.99924e-05
1727636400008,2.9956e-05
1727640000167,3.46467e-05
1727643600001,2.02208e-05
1727647200067,1.25e-05
1727650800094,1.35042e-05
1727654400083,1.25e-05
1727658000032,1.25e-05
1727661600119,1.25e-05
1727665200002,1.80225e-05
1727668800162,2.61362e-05
1727672400001,3.68248e-05
1727676000039,4.77785e-05
1727679600153,4.46687e-05
1727683200003,2.81139e-05
1727686800069,1.25e-05
1727690400048,1.25e-05
1727694000069,4.85824e-05
1727697600004,2.37341e-05
1727701200006,1.77389e-05
1727704800030,1.76705e-05
1727708400042,1.25e-05
1727712000119,1.25e-05
1727715600057,1.25e-05
1727719200097,1.25e-05
1727722800121,1.25e-05
1727726400026,1.25e-05
1727730000078,1.51795e-05
1727733600115,1.25e-05
1727737200055,1.25e-05
1727740800074,1.25e-05
1727744400056,1.25e-05
1727748000015,1.25e-05
1727751600121,1.25e-05
1727755200155,2.33415e-05
1727758800074,1.69989e-05
1727762400123,3.43724e-05
1727766000119,5.12094e-05
1727769600010,4.14388e-05
1727773200004,3.20606e-05
1727776800058,2.83252e-05
1727780400091,2.41476e-05
1727784000092,3.46733e-05
1727787600074,1.25e-05
1727791200041,1.25e-05
1727794800100,6.14177e-05
1727798400014,9.75134e-05
1727802000064,8.6393e-05
1727805600027,7.58793e-05
1727809200149,7.24983e-05
1727812800033,8.55681e-05
1727816400145,7.43992e-05
1727820000109,7.65051e-05
1727823600017,2.80343e-05
1727827200146,1.25e-05
1727830800020,2.51641e-05
1727834400178,3.67843e-05
1727838000045,3.13484e-05
1727841600076,1.83604e-05
1727845200040,8.50969e-05
1727848800040,3.47516e-05
1727852400026,1.71052e-05
1727856000066,2.65817e-05
1727859600100,3.49667e-05
1727863200108,1.34743e-05
1727866800085,2.25152e-05
1727870400067,1.93713e-05
1727874000111,1.25e-05
1727877600115,1.27636e-05
1727881200150,1.25e-05
1727884800072,2.02762e-05
1727888400015,1.25e-05
1727892000104,1.25e-05
1727895600104,1.25e-05
1727899200096,1.25e-05
1727902800033,1.25e-05
1727906400127,2.24774e-05
1727910000007,2.32384e-05
1727913600025,4.98752e-05
1727917200018,1.25e-05
1727920800001,2.59012e-05
1727924400047,1.25e-05
1727928000023,2.05991e-05
1727931600072,3.33678e-05
1727935200077,4.7697e-05
1727938800029,6.28529e-05
1727942400108,4.29095e-05
1727946000139,1.25e-05
1727949600034,1.25e-05
1727953200023,1.25e-05
1727956800080,1.25e-05
1727960400011,1.25e-05
1727964000073,1.25e-05
1727967600019,1.25e-05
1727971200025,1.25e-05
1727974800080,1.25e-05
1727978400119,1.25e-05
1727982000072,1.25e-05
1727985600117,1.25e-05
1727989200007,1.25e-05
1727992800017,1.25e-05
1727996400041,1.25e-05
1728000000022,1.25e-05
1728003600000,1.25e-05
1728007200149,1.25e-05
1728010800154,1.25e-05
1728014400016,2.18499e-05
1728018000112,1.25e-05
1728021600159,1.25e-05
1728025200037,1.25e-05
1728028800174,1.25e-05
1728032400126,1.25e-05
1728036000012,1.25e-05
1728039600025,1.25e-05
1728043200025,1.38099e-05
1728046800042,1.8925e-05
1728050400139,2.0153e-05
1728054000060,4.05218e-05
1728057600114,1.25e-05
1728061200119,3.30852e-05
1728064800128,2.90536e-05
1728068400041,1.25e-05
1728072000025,5.90916e-05
1728075600075,1.25e-05
1728079200029,1.25e-05
1728082800001,2.74989e-05
1728086400132,1.62427e-05
1728090000147,4.09176e-05
1728093600089,3.69234e-05
1728097200000,2.51391e-05
1728100800065,1.25e-05
1728104400114,1.25e-05
1728108000095,1.25e-05
1728111600102,1.61906e-05
1728115200099,1.25e-05
1728118800026,1.25e-05
1728122400007,1.25e-05
1728126000073,1.25e-05
1728129600029,1.25e-05
1728133200088,1.25e-05
1728136800016,1.25e-05
1728140400116,1.35647e-05
1728144000037,2.30155e-05
1728147600128,3.37629e-05
1728151200094,2.41708e-05
1728154800120,2.50782e-05
1728158400121,2.81617e-05
1728162000017,1.78939e-05
1728165600095,5.83223e-05
1728169200009,4.8852e-05
1728172800057,2.91553e-05
1728176400081,2.71302e-05
1728180000075,1.25e-05
1728183600037,1.25e-05
1728187200127,1.25e-05
1728190800148,1.25e-05
1728194400035,1.25e-05
1728198000012,1.25e-05
1728201600019,1.25e-05
1728205200035,1.25e-05
1728208800052,1.25e-05
1728212400078,1.25e-05
1728216000025,1.25e-05
1728219600064,1.25e-05
1728223200017,1.25e-05
1728226800026,1.25e-05
1728230400026,1.25e-05
1728234000149,1.25e-05
1728237600036,1.25e-05
1728241200002,1.25e-05
1728244800057,1.25e-05
1728248400054,1.25e-05
1728252000004,1.25e-05
1728255600003,1.25e-05
1728259200060,1.25e-05
1728262800047,1.25e-05
1728266400022,1.25e-05
1728270000074,1.25e-05
1728273600093,1.63509e-05
1728277200068,3.55562e-05
1728280800106,3.10391e-05
1728284400115,1.52628e-05
1728288000071,1.25e-05
1728291600090,1.25e-05
1728295200122,1.25e-05
1728298800027,1.25e-05
1728302400001,1.25e-05
1728306000090,1.25e-05
1728309600001,1.25e-05
1728313200136,2.85195e-05
1728316800119,1.25e-05
1728320400046,1.25e-05
1728324000069,1.25e-05
1728327600130,1.25e-05
1728331200008,1.25e-05
1728334800025,1.25e-05
1728338400041,1.25e-05
1728342000011,1.25e-05
1728345600098,1.25e-05
1728349200009,1.25e-05
1728352800072,1.25e-05
1728356400026,1.25e-05
1728360000091,1.25e-05
1728363600019,1.25e-05
1728367200024,1.25e-05
1728370800078,1.25e-05
1728374400070,1.25e-05
1728378000152,1.25e-05
1728381600051,1.25e-05
1728385200101,1.25e-05
1728388800098,1.25e-05
1728392400000,1.25e-05
1728396000012,1.25e-05
1728399600004,1.25e-05
1728403200159,1.25e-05
1728406800145,1.53219e-05
1728410400145,1.25e-05
1728414000012,1.25e-05
1728417600004,1.25e-05
1728421200087,2.76559e-05
1728424800129,2.75219e-05
1728428400050,1.25e-05
1728432000048,1.25e-05
1728435600090,1.25e-05
1728439200098,1.88086e-05
1728442800015,1.52656e-05
1728446400049,1.25e-05
1728450000051,1.25e-05
1728453600024,1.25e-05
1728457200132,2.62737e-05
1728460800154,1.25e-05
1728464400099,1.25e-05
1728468000030,1.25e-05
1728471600127,1.25e-05
1728475200045,1.25e-05
1728478800064,1.25e-05
1728482400028,1.25e-05
1728486000012,1.25e-05
1728489600077,1.25e-05
1728493200011,1.25e-05
1728496800129,1.25e-05
1728500400052,1.25e-05
1728504000035,1.25e-05
1728507600021,1.25e-05
1728511200064,1.25e-05
1728514800065,1.25e-05
1728518400114,1.25e-05
1728522000089,1.25e-05
1728525600024,1.25e-05
1728529200010,1.25e-05
1728532800144,1.25e-05
1728536400042,1.25e-05
1728540000155,1.25e-05
1728543600023,1.42991e-05
1728547200095,1.82351e-05
1728550800045,1.25e-05
1728554400149,1.25e-05
1728558000000,1.25e-05
1728561600100,1.5592e-05
1728565200095,1.25e-05
1728568800109,1.25e-05
1728572400160,1.25e-05
1728576000001,1.25e-05
1728579600110,1.25e-05
1728583200120,1.25e-05
1728586800106,1.25e-05
1728590400023,1.25e-05
1728594000127,1.25e-05
1728597600035,1.25e-05
1728601200075,1.25e-05
1728604800157,1.25e-05
1728608400047,1.25e-05
1728612000084,1.25e-05
1728615600146,1.25e-05
1728619200127,1.25e-05
1728622800119,1.25e-05
1728626400123,1.25e-05
1728630000097,1.25e-05
1728633600012,1.25e-05
1728637200072,1.25e-05
1728640800062,1.25e-05
1728644400032,1.25e-05
1728648000063,1.25e-05
1728651600036,1.25e-05
1728655200033,1.25e-05
1728658800032,1.25e-05
1728662400124,1.25e-05
1728666000096,1.25e-05
1728669600097,1.25e-05
1728673200123,1.25e-05
1728676800072,1.25e-05
1728680400017,1.25e-05
1728684000069,1.25e-05
1728687600111,1.25e-05
1728691200130,1.75972e-05
1728694800048,1.25e-05
1728698400065,1.25e-05
1728702000013,1.25e-05
1728705600168,1.25e-05
1728709200023,1.25e-05
1728712800126,1.25e-05
1728716400039,1.25e-05
1728720000082,1.25e-05
1728723600020,1.25e-05
1728727200004,1.25e-05
1728730800016,1.25e-05
1728734400067,1.25e-05
1728738000133,1.25e-05
1728741600008,1.25e-05
1728745200030,1.25e-05
1728748800024,1.25e-05
1728752400144,1.25e-05
1728756000018,1.25e-05
1728759600065,1.25e-05
1728763200068,1.25e-05
1728766800040,1.25e-05
1728770400015,1.25e-05
1728774000046,1.891e-05
1728777600048,1.96917e-05
1728781200070,1.25e-05
1728784800125,1.45625e-05
1728788400127,1.66439e-05
1728792000082,1.88373e-05
1728795600072,1.25e-05
1728799200058,1.84473e-05
1728802800032,2.30968e-05
1728806400000,2.33691e-05
1728810000070,1.78238e-05
1728813600114,1.50857e-05
1728817200164,2.30285e-05
1728820800014,1.70512e-05
1728824400058,2.83994e-05
1728828000051,2.37677e-05
1728831600010,1.25e-05
1728835200013,1.25e-05
1728838800033,1.25e-05
1728842400036,1.25e-05
1728846000030,1.25e-05
1728849600156,1.25e-05
1728853200050,1.25e-05
1728856800006,1.25e-05
1728860400011,1.25e-05
1728864000065,1.25e-05
1728867600104,1.25e-05
1728871200008,1.25e-05
1728874800093,1.25e-05
1728878400045,1.25e-05
1728882000132,3.22728e-05
1728885600011,1.25e-05
1728889200089,1.25e-05
1728892800103,1.73008e-05
1728896400064,1.25e-05
1728900000030,1.81497e-05
1728903600009,1.25e-05
1728907200067,1.25e-05
1728910800086,1.25e-05
1728914400060,2.50933e-05
1728918000006,1.74732e-05
1728921600125,1.50193e-05
1728925200003,1.32786e-05
1728928800031,1.25e-05
1728932400023,2.00508e-05
1728936000031,1.25e-05
1728939600084,2.46897e-05
1728943200143,2.02875e-05
1728946800095,5.00323e-05
1728950400034,2.35295e-05
1728954000040,1.25e-05
1728957600112,1.56281e-05
1728961200010,1.731e-05
1728964800082,1.96831e-05
1728968400114,1.98353e-05
1728972000031,1.68652e-05
1728975600025,1.79224e-05
1728979200002,1.25e-05
1728982800167,1.25e-05
1728986400108,1.25e-05
1728990000005,1.25e-05
1728993600111,1.25e-05
1728997200040,1.25e-05
1729000800077,1.25e-05
1729004400031,1.25e-05
1729008000098,1.25e-05
1729011600168,1.25e-05
1729015200005,1.25e-05
1729018800082,1.25e-05
1729022400084,1.25e-05
1729026000031,1.25e-05
1729029600000,1.25e-05
1729033200120,1.25e-05
1729036800101,1.25e-05
1729040400078,1.25e-05
1729044000002,1.25e-05
1729047600020,1.25e-05
1729051200072,1.25e-05
1729054800027,1.25e-05
1729058400021,1.25e-05
1729062000134,1.25e-05
1729065600126,1.25e-05
1729069200049,1.25e-05
1729072800021,1.25e-05
1729076400130,1.25e-05
1729080000166,2.52982e-05
1729083600079,2.85084e-05
1729087200027,2.32932e-05
1729090800116,1.25e-05
1729094400142,1.25e-05
1729098000100,1.25e-05
1729101600014,1.25e-05
1729105200016,1.25e-05
1729108800047,1.25e-05
1729112400154,1.25e-05
1729116000023,1.25e-05
1729119600048,1.52796e-05
1729123200002,1.78908e-05
1729126800113,2.04495e-05
1729130400019,3.48224e-05
1729134000160,3.17667e-05
1729137600166,2.83822e-05
1729141200031,2.12146e-05
1729144800001,1.74181e-05
1729148400068,3.00691e-05
1729152000107,4.09786e-05
1729155600085,2.88452e-05
1729159200024,3.03209e-05
1729162800072,2.14294e-05
1729166400141,3.10468e-05
1729170000021,3.91502e-05
1729173600045,4.42595e-05
1729177200082,1.25e-05
1729180800081,1.3306e-05
1729184400060,1.32136e-05
1729188000114,1.25e-05
1729191600015,1.25e-05
1729195200088,1.25e-05
1729198800000,1.43056e-05
1729202400007,1.89503e-05
1729206000035,1.78716e-05
1729209600105,1.25e-05
1729213200005,1.25e-05
1729216800068,1.25e-05
1729220400089,1.25e-05
1729224000024,1.25e-05
1729227600137,1.25e-05
1729231200154,1.25e-05
1729234800094,1.27105e-05
1729238400140,1.93036e-05
1729242000036,1.25e-05
1729245600059,1.25e-05
1729249200159,1.25e-05
1729252800056,1.25e-05
1729256400001,1.25e-05
1729260000119,1.25e-05
1729263600167,1.25e-05
1729267200035,1.25e-05
1729270800092,1.25e-05
1729274400014,1.25e-05
1729278000020,1.25e-05
1729281600020,1.25e-05
1729285200025,1.25e-05
1729288800017,1.25e-05
1729292400039,1.25e-05
1729296000020,1.25e-05
1729299600019,1.25e-05
1729303200011,1.25e-05
1729306800028,1.25e-05
1729310400039,1.25e-05
1729314000130,1.25e-05
1729317600177,1.25e-05
1729321200007,1.25e-05
1729324800023,1.25e-05
1729328400032,1.25e-05
1729332000105,1.25e-05
1729335600035,1.25e-05
1729339200010,1.25e-05
1729342800143,1.25e-05
1729346400094,1.25e-05
1729350000058,1.25e-05
1729353600034,1.25e-05
1729357200024,1.25e-05
1729360800153,1.25e-05
1729364400137,1.25e-05
1729368000168,1.25e-05
1729371600104,1.25e-05
1729375200000,1.25e-05
1729378800068,2.21627e-05
1729382400046,2.75409e-05
1729386000082,2.38181e-05
1729389600011,3.39849e-05
1729393200158,2.15006e-05
1729396800040,1.49899e-05
1729400400023,1.25e-05
1729404000021,1.25e-05
1729407600106,1.28562e-05
1729411200091,1.25e-05
1729414800159,1.58601e-05
1729418400037,1.58555e-05
1729422000039,1.25e-05
1729425600125,2.15797e-05
1729429200028,3.00073e-05
1729432800033,2.94854e-05
1729436400024,4.85771e-05
1729440000082,2.81637e-05
1729443600123,1.25e-05
1729447200022,1.97742e-05
1729450800044,3.79659e-05
1729454400110,4.4817e-05
1729458000068,6.82635e-05
1729461600034,0.0001006188
1729465200055,0.0001102165
1729468800026,8.04462e-05
1729472400041,5.67707e-05
1729476000059,5.15507e-05
1729479600069,5.63769e-05
1729483200090,6.58233e-05
1729486800012,4.54376e-05
1729490400025,4.88848e-05
1729494000060,3.22943e-05
1729497600001,5.09457e-05
1729501200100,6.3467e-05
1729504800019,7.59636e-05
1729508400028,2.02175e-05
1729512000041,3.28475e-05
1729515600050,3.28622e-05
1729519200017,3.39447e-05
1729522800023,5.3674e-05
1729526400078,6.53739e-05
1729530000017,3.49599e-05
1729533600022,4.31002e-05
1729537200026,1.63625e-05
1729540800074,5.65468e-05
1729544400068,5.17119e-05
1729548000024,4.32597e-05
1729551600085,2.41014e-05
1729555200073,1.25e-05
1729558800060,1.25e-05
1729562400068,4.53428e-05
1729566000089,3.13212e-05
1729569600019,3.83886e-05
1729573200057,2.15103e-05
1729576800091,5.41838e-05
1729580400064,4.43028e-05
1729584000090,3.45625e-05
1729587600004,1.25e-05
1729591200025,1.25e-05
1729594800138,1.25e-05
1729598400074,1.77157e-05
1729602000094,1.25e-05
1729605600105,1.25e-05
1729609200018,1.62808e-05
1729612800034,1.25e-05
1729616400021,1.25e-05
1729620000022,1.25e-05
1729623600146,1.55183e-05
1729627200105,2.72273e-05
1729630800032,1.76314e-05
1729634400012,1.25e-05
1729638000149,1.66546e-05
1729641600037,2.42928e-05
1729645200059,1.25e-05
1729648800104,1.25e-05
1729652400007,1.25e-05
1729656000088,1.25e-05
1729659600153,1.25e-05
1729663200113,1.25e-05
1729666800092,1.25e-05
1729670400002,1.25e-05
1729674000047,1.25e-05
1729677600075,1.93905e-05
1729681200135,3.03487e-05
1729684800143,2.60492e-05
1729688400095,2.15624e-05
1729692000002,2.93184e-05
1729695600118,5.16502e-05
1729699200091,2.05901e-05
1729702800077,3.19586e-05
1729706400110,3.53807e-05
1729710000083,7.14161e-05
1729713600043,9.7805e-05
1729717200000,6.7409e-05
1729720800035,6.33911e-05
1729724400034,6.7533e-05
1729728000058,2.23876e-05
1729731600006,1.25e-05
1729735200089,1.50659e-05
1729738800104,1.98103e-05
1729742400026,2.02565e-05
1729746000048,1.25e-05
1729749600102,2.27478e-05
1729753200108,2.04117e-05
1729756800153,1.25e-05
1729760400113,1.25e-05
1729764000124,1.25e-05
1729767600154,1.25e-05
1729771200017,1.25e-05
1729774800044,1.25e-05
1729778400115,2.9287e-05
1729782000014,1.56392e-05
1729785600130,2.43876e-05
1729789200015,1.29185e-05
1729792800002,2.48262e-05
1729796400074,1.82307e-05
1729800000106,2.42826e-05
1729803600138,1.25e-05
1729807200025,3.15523e-05
1729810800158,2.45556e-05
1729814400006,2.27633e-05
1729818000113,2.1582e-05
1729821600093,1.96171e-05
1729825200113,1.29703e-05
1729828800103,1.25e-05
1729832400021,1.25e-05
1729836000131,1.25e-05
1729839600118,1.25e-05
1729843200113,1.25e-05
1729846800001,1.25e-05
1729850400122,1.25e-05
1729854000161,1.25e-05
1729857600100,1.25e-05
1729861200056,1.25e-05
1729864800096,1.25e-05
1729868400100,1.25e-05
1729872000147,1.25e-05
1729875600023,1.25e-05
1729879200031,1.25e-05
1729882800127,1.25e-05
1729886400003,1.25e-05
1729890000003,1.25e-05
1729893600004,1.25e-05
1729897200086,1.25e-05
1729900800036,1.25e-05
1729904400115,1.25e-05
1729908000097,1.25e-05
1729911600110,1.25e-05
1729915200040,2.51762e-05
1729918800091,2.18437e-05
1729922400024,3.34482e-05
1729926000061,3.30671e-05
1729929600113,2.97706e-05
1729933200052,3.12025e-05
1729936800032,3.2561e-05
1729940400067,2.28764e-05
1729944000027,3.16176e-05
1729947600007,3.35463e-05
1729951200028,3.16523e-05
1729954800128,1.50966e-05
1729958400030,4.06951e-05
1729962000074,3.63415e-05
1729965600153,2.54781e-05
1729969200104,2.93181e-05
1729972800134,1.25e-05
1729976400128,1.25e-05
1729980000131,1.25e-05
1729983600022,1.25e-05
1729987200084,1.25e-05
1729990800131,1.75477e-05
1729994400168,1.6393e-05
1729998000004,1.25e-05
1730001600020,1.25e-05
1730005200124,1.25e-05
1730008800007,1.70002e-05
1730012400111,1.48238e-05
1730016000003,1.75175e-05
1730019600013,1.25e-05
1730023200121,1.25e-05
1730026800061,1.25e-05
1730030400060,1.25e-05
1730034000075,1.25e-05
1730037600031,1.25e-05
1730041200155,1.25e-05
1730044800038,1.25e-05
1730048400155,1.25e-05
1730052000016,1.25e-05
1730055600060,1.25e-05
1730059200042,2.48043e-05
1730062800011,2.58693e-05
1730066400068,1.73813e-05
1730070000158,1.37247e-05
1730073600091,1.67257e-05
1730077200001,1.25e-05
1730080800079,1.25e-05
1730084400144,1.25e-05
1730088000063,1.25e-05
1730091600061,1.25e-05
1730095200065,1.25e-05
1730098800019,1.25e-05
1730102400139,1.25e-05
1730106000147,1.25e-05
1730109600088,1.25e-05
1730113200019,1.25e-05
1730116800019,1.25e-05
1730120400143,1.25e-05
1730124000111,1.25e-05
1730127600092,1.25e-05
1730131200068,1.25e-05
1730134800084,1.25e-05
1730138400096,1.25e-05
1730142000029,1.25e-05
1730145600116,1.25e-05
1730149200123,1.25e-05
1730152800046,1.25e-05
1730156400052,1.25e-05
1730160000155,1.25e-05
1730163600058,1.25e-05
1730167200134,1.25e-05
1730170800086,1.25e-05
1730174400025,1.25e-05
1730178000101,1.25e-05
1730181600101,1.25e-05
1730185200141,1.25e-05
1730188800105,1.25e-05
1730192400168,1.25e-05
1730196000158,1.25e-05
1730199600048,1.25e-05
1730203200111,1.25e-05
1730206800055,1.25e-05
1730210400027,2.2642e-05
1730214000001,2.44543e-05
1730217600119,3.48407e-05
1730221200047,4.68291e-05
1730224800035,4.80543e-05
1730228400028,4.21652e-05
1730232000059,4.65516e-05
1730235600119,4.11937e-05
1730239200028,4.86894e-05
1730242800064,5.73808e-05
1730246400080,4.42387e-05
1730250000075,4.63863e-05
1730253600097,4.71029e-05
1730257200028,6.30286e-05
1730260800002,4.68949e-05
1730264400012,4.82423e-05
1730268000048,3.83006e-05
1730271600072,3.02451e-05
1730275200115,2.65435e-05
1730278800180,1.25e-05
1730282400124,1.25e-05
1730286000077,1.25e-05
1730289600005,1.25e-05
1730293200014,1.25e-05
1730296800156,1.25e-05
1730300400128,1.25e-05
1730304000165,1.25e-05
1730307600041,1.25e-05
1730311200019,1.25e-05
1730314800050,1.25e-05
1730318400007,1.25e-05
1730322000171,1.25e-05
1730325600081,1.69337e-05
1730329200079,1.25e-05
1730332800027,1.2795e-05
1730336400143,1.25e-05
1730340000085,1.25e-05
1730343600131,1.25e-05
1730347200125,1.25e-05
1730350800125,1.32148e-05
1730354400159,1.25e-05
1730358000022,1.25e-05
1730361600143,1.25e-05
1730365200079,1.25e-05
1730368800126,1.25e-05
1730372400080,1.25e-05
1730376000127,1.25e-05
1730379600137,1.25e-05
1730383200093,1.25e-05
1730386800134,1.25e-05
1730390400034,1.25e-05
1730394000082,1.25e-05
1730397600091,1.25e-05
1730401200061,1.25e-05
1730404800047,1.25e-05
1730408400042,3.00993e-05
1730412000024,3.82403e-05
1730415600138,1.89852e-05
1730419200114,3.30714e-05
1730422800181,2.95351e-05
1730426400000,2.2158e-05
1730430000050,2.81544e-05
1730433600060,3.1187e-05
1730437200151,2.34292e-05
1730440800161,2.82186e-05
1730444400129,2.5102e-05
1730448000108,1.25e-05
1730451600039,1.25e-05
1730455200045,1.25e-05
1730458800130,1.25e-05
1730462400176,1.38098e-05
1730466000180,2.2034e-05
1730469600075,2.47629e-05
1730473200149,2.65162e-05
1730476800124,2.6963e-05
1730480400046,2.82294e-05
1730484000043,2.5006e-05
1730487600099,1.58022e-05
1730491200130,1.38619e-05
1730494800004,2.48141e-05
1730498400017,1.25e-05
1730502000009,1.25e-05
1730505600123,1.25e-05
1730509200007,1.25e-05
1730512800064,1.25e-05
1730516400128,1.25e-05
1730520000133,1.64026e-05
1730523600016,1.25e-05
1730527200118,1.25e-05
1730530800076,1.25e-05
1730534400004,1.25e-05
1730538000056,1.25e-05
1730541600104,1.25e-05
1730545200083,1.25e-05
1730548800114,1.25e-05
1730552400003,1.25e-05
1730556000165,1.25e-05
1730559600016,1.25e-05
1730563200115,1.25e-05
1730566800040,1.25e-05
1730570400085,1.25e-05
1730574000093,1.25e-05
1730577600057,1.25e-05
1730581200019,1.25e-05
1730584800172,1.25e-05
1730588400019,1.25e-05
1730592000032,1.25e-05
1730595600147,1.25e-05
1730599200056,1.25e-05
1730602800077,1.25e-05
1730606400080,1.25e-05
1730610000020,1.25e-05
1730613600108,1.25e-05
1730617200009,1.25e-05
1730620800102,1.25e-05
1730624400141,1.25e-05
1730628000130,1.25e-05
1730631600038,1.25e-05
1730635200021,1.25e-05
1730638800078,1.25e-05
1730642400137,1.25e-05
1730646000018,1.25e-05
1730649600115,1.25e-05
1730653200162,1.25e-05
1730656800015,1.25e-05
1730660400077,1.25e-05
1730664000042,1.25e-05
1730667600047,1.25e-05
1730671200017,1.25e-05
1730674800032,1.25e-05
1730678400078,1.25e-05
1730682000137,1.25e-05
1730685600009,1.25e-05
1730689200087,1.25e-05
1730692800091,1.25e-05
1730696400121,1.25e-05
1730700000008,1.25e-05
1730703600087,1.25e-05
1730707200041,1.25e-05
1730710800069,1.25e-05
1730714400074,1.25e-05
1730718000019,1.25e-05
1730721600011,1.25e-05
1730725200012,1.25e-05
1730728800123,1.25e-05
1730732400064,1.25e-05
1730736000048,1.25e-05
1730739600123,1.25e-05
1730743200067,1.25e-05
1730746800082,1.25e-05
1730750400089,1.25e-05
1730754000087,1.25e-05
1730757600053,1.25e-05
1730761200044,1.25e-05
1730764800100,1.25e-05
1730768400153,1.25e-05
1730772000092,1.25e-05
1730775600067,1.25e-05
1730779200133,1.25e-05
1730782800056,1.25e-05
1730786400006,1.25e-05
1730790000070,1.25e-05
1730793600008,1.25e-05
1730797200027,1.25e-05
1730800800027,1.25e-05
1730804400151,1.25e-05
1730808000023,1.28273e-05
1730811600070,1.8084e-05
1730815200019,1.25e-05
1730818800112,1.25e-05
1730822400072,1.25e-05
1730826000010,1.25e-05
1730829600100,1.25e-05
1730833200082,1.25e-05
1730836800050,1.25e-05
1730840400042,1.25e-05
1730844000165,1.25e-05
1730847600002,1.25e-05
1730851200047,1.25e-05
1730854800026,1.25e-05
1730858400131,1.25e-05
1730862000139,4.90186e-05
1730865600118,0.0001262997
1730869200013,7.8464e-05
1730872800028,7.46574e-05
1730876400058,0.0001013302
1730880000002,9.56555e-05
1730883600096,9.08015e-05
1730887200122,7.57588e-05
1730890800051,7.10046e-05
1730894400031,6.03885e-05
1730898000028,7.59548e-05
1730901600012,8.27611e-05
1730905200019,8.86445e-05
1730908800143,8.90577e-05
1730912400057,5.93522e-05
1730916000008,7.03683e-05
1730919600059,9.15449e-05
1730923200002,9.43915e-05
1730926800128,8.72035e-05
1730930400036,8.97472e-05
1730934000076,9.77891e-05
1730937600186,7.17073e-05
1730941200104,1.25e-05
1730944800086,6.7987e-05
1730948400115,8.70111e-05
1730952000030,6.57299e-05
1730955600097,5.73051e-05
1730959200080,5.3559e-05
1730962800046,4.23812e-05
1730966400164,4.137e-05
1730970000053,3.40762e-05
1730973600085,1.28552e-05
1730977200061,4.48577e-05
1730980800152,3.91262e-05
1730984400068,4.22267e-05
1730988000034,1.25e-05
1730991600104,4.44698e-05
1730995200065,5.9203e-05
1730998800071,7.62159e-05
1731002400023,8.52026e-05
1731006000018,8.42969e-05
1731009600180,8.45507e-05
1731013200122,8.48559e-05
1731016800107,6.91092e-05
1731020400063,5.12647e-05
1731024000003,5.08126e-05
1731027600015,5.43892e-05
1731031200080,8.1492e-05
1731034800009,6.02021e-05
1731038400051,4.50271e-05
1731042000153,6.84739e-05
1731045600159,7.9154e-05
1731049200059,3.65707e-05
1731052800020,3.7557e-05
1731056400153,2.84796e-05
1731060000061,5.96912e-05
1731063600137,5.06507e-05
1731067200095,4.26395e-05
1731070800064,5.7966e-05
1731074400128,6.40404e-05
1731078000027,5.64251e-05
1731081600093,6.46614e-05
1731085200014,4.48525e-05
1731088800156,3.23784e-05
1731092400015,5.73609e-05
1731096000150,5.48013e-05
1731099600167,2.16062e-05
1731103200091,1.83423e-05
1731106800095,2.85975e-05
1731110400013,3.86256e-05
1731114000033,4.97266e-05
1731117600124,3.64781e-05
1731121200001,3.03164e-05
1731124800106,3.57244e-05
1731128400176,2.83453e-05
1731132000047,6.24103e-05
1731135600178,9.5099e-05
1731139200024,6.82693e-05
1731142800125,6.22113e-05
1731146400057,7.05257e-05
1731150000156,7.72016e-05
1731153600011,7.90478e-05
1731157200130,5.74826e-05
1731160800089,4.57061e-05
1731164400013,3.09408e-05
1731168000030,1.98715e-05
1731171600016,1.3467e-05
1731175200173,1.25e-05
1731178800029,3.25164e-05
1731182400030,4.81919e-05
1731186000081,5.15303e-05
1731189600026,4.95892e-05
1731193200045,5.31553e-05
1731196800144,8.04365e-05
1731200400118,7.47023e-05
1731204000114,7.78874e-05
1731207600032,8.98783e-05
1731211200030,8.14644e-05
1731214800062,7.5206e-05
1731218400161,0.0001477956
1731222000061,0.0001313059
1731225600083,8.99887e-05
1731229200031,5.26604e-05
1731232800075,6.33963e-05
1731236400039,4.36505e-05
1731240000118,4.59978e-05
1731243600134,4.5417e-05
1731247200040,6.51067e-05
1731250800126,8.79074e-05
1731254400114,9.23632e-05
1731258000083,7.0878e-05
1731261600159,5.31405e-05
1731265200028,7.15549e-05
1731268800085,5.76708e-05
1731272400161,2.45739e-05
1731276000004,4.1269e-05
1731279600120,6.70015e-05
1731283200016,7.83619e-05
1731286800050,9.28719e-05
1731290400047,0.0001384633
1731294000015,0.0001523948
1731297600013,8.91023e-05
1731301200064,5.63664e-05
1731304800037,2.88083e-05
1731308400172,1.40367e-05
1731312000062,5.31753e-05
1731315600041,5.85043e-05
1731319200166,7.2071e-05
1731322800037,6.42698e-05
1731326400090,5.40989e-05
1731330000141,3.92397e-05
1731333600159,1.88834e-05
1731337200165,2.28568e-05
1731340800092,5.84176e-05
1731344400065,7.7206e-05
1731348000113,6.42193e-05
1731351600062,6.71393e-05
1731355200126,6.73003e-05
1731358800012,7.92592e-05
1731362400131,0.0001001238
1731366000177,7.27001e-05
1731369600043,0.0001250677
1731373200048,0.0001018002
1731376800115,0.0001046948
1731380400200,9.93529e-05
1731384000094,9.93652e-05
1731387600000,0.0001023381
1731391200137,0.0001076622
1731394800129,0.0001224478
1731398400182,0.0001273119
1731402000131,0.0001291915
1731405600076,0.0001843726
1731409200165,0.0001636743
1731412800057,0.0001602203
1731416400034,0.0001670933
1731420000059,0.0001496448
1731423600191,0.0001600345
1731427200108,0.0001376736
1731430800022,0.0001102085
1731434400169,0.0001207439
1731438000026,0.0001251218
1731441600038,0.000126835
1731445200042,0.0001143634
1731448800140,9.68753e-05
1731452400039,0.0001173674
1731456000081,0.0001101113
1731459600001,0.0001000771
1731463200007,9.69237e-05
1731466800079,8.52663e-05
1731470400079,7.01871e-05
1731474000120,7.68028e-05
1731477600038,9.93134e-05
1731481200053,7.56598e-05
1731484800166,9.36385e-05
1731488400021,8.1106e-05
1731492000041,7.83603e-05
1731495600158,5.30732e-05
1731499200145,6.60317e-05
1731502800088,6.83726e-05
1731506400166,0.0001013542
1731510000038,0.0001534732
1731513600164,0.0001309771
1731517200022,0.000111251
1731520800114,0.0001174416
1731524400178,0.0001232951
1731528000043,4.04957e-05
1731531600187,4.64349e-05
1731535200090,2.483e-05
1731538800032,7.82052e-05
1731542400152,9.35873e-05
1731546000003,5.95997e-05
1731549600025,6.16491e-05
1731553200187,5.13364e-05
1731556800090,5.71928e-05
1731560400175,8.88291e-05
1731564000030,8.60363e-05
1731567600089,8.48806e-05
1731571200153,6.50337e-05
1731574800120,7.93831e-05
1731578400033,0.0001162028
1731582000194,0.0001016368
1731585600052,4.90481e-05
1731589200150,8.30977e-05
1731592800106,5.14346e-05
1731596400198,2.43312e-05
1731600000149,4.81003e-05
1731603600015,9.15245e-05
1731607200167,8.67484e-05
1731610800031,6.99044e-05
1731614400020,5.11249e-05
1731618000063,3.78174e-05
1731621600140,4.75825e-05
1731625200014,5.55533e-05
1731628800067,3.64887e-05
1731632400013,5.464e-05
1731636000161,4.86242e-05
1731639600169,5.06293e-05
1731643200075,4.92945e-05
1731646800138,4.44224e-05
1731650400106,6.54634e-05
1731654000188,6.50081e-05
1731657600058,9.73522e-05
1731661200099,6.87753e-05
1731664800090,7.53858e-05
1731668400150,6.2638e-05
1731672000047,5.30278e-05
1731675600164,6.45631e-05
1731679200122,5.80096e-05
1731682800078,3.44188e-05
1731686400035,2.94678e-05
1731690000021,5.33995e-05
1731693600183,5.76452e-05
1731697200130,4.88039e-05
1731700800017,5.46306e-05
1731704400044,8.14473e-05
1731708000129,0.0001004015
1731711600019,0.0001055416
1731715200117,6.11759e-05
1731718800010,3.38805e-05
1731722400018,3.64174e-05
1731726000098,2.57621e-05
1731729600151,5.60289e-05
1731733200147,4.94112e-05
1731736800088,1.25e-05
1731740400010,1.48949e-05
1731744000015,1.33303e-05
1731747600195,1.25e-05
1731751200142,2.14488e-05
1731754800109,1.25e-05
1731758400136,1.25e-05
1731762000122,1.25e-05
1731765600095,1.85513e-05
1731769200023,1.25e-05
1731772800017,1.25e-05
1731776400011,1.25e-05
1731780000153,1.25e-05
1731783600012,2.82078e-05
1731787200011,5.33625e-05
1731790800089,5.12869e-05
1731794400098,4.95086e-05
1731798000057,3.30602e-05
1731801600163,2.0613e-05
1731805200138,3.77082e-05
1731808800087,2.22317e-05
1731812400025,3.47428e-05
1731816000200,4.13056e-05
1731819600019,1.25e-05
1731823200083,2.94657e-05
1731826800034,2.77554e-05
1731830400066,5.5387e-05
1731834000079,2.96498e-05
1731837600016,6.15071e-05
1731841200144,7.75396e-05
1731844800110,4.57668e-05
1731848400017,5.0177e-05
1731852000012,4.31332e-05
1731855600107,5.79247e-05
1731859200002,6.54961e-05
1731862800049,3.87957e-05
1731866400029,6.16074e-05
1731870000015,5.22705e-05
1731873600006,7.29677e-05
1731877200092,9.4114e-05
1731880800080,5.79084e-05
1731884400124,6.90509e-05
1731888000054,7.95917e-05
1731891600009,5.50609e-05
1731895200088,7.64815e-05
1731898800061,7.49115e-05
1731902400042,8.38757e-05
1731906000042,7.28997e-05
1731909600088,6.82135e-05
1731913200060,6.60193e-05
1731916800147,9.282e-05
1731920400123,9.82345e-05
1731924000126,7.52954e-05
1731927600036,8.508e-05
1731931200187,6.47029e-05
1731934800049,6.81568e-05
1731938400135,6.41287e-05
1731942000016,9.09793e-05
1731945600006,0.0001113528
1731949200156,0.0001007959
1731952800036,0.0001081453
1731956400055,0.0001015367
1731960000028,5.31844e-05
1731963600180,9.18159e-05
1731967200037,8.5333e-05
1731970800119,6.35763e-05
1731974400045,7.67075e-05
1731978000068,6.75518e-05
1731981600052,7.20701e-05
1731985200012,6.6542e-05
1731988800130,7.05318e-05
1731992400036,8.68794e-05
1731996000042,9.29569e-05
1731999600096,0.0001065498
1732003200108,0.0001137929
1732006800084,8.34879e-05
1732010400038,6.28233e-05
1732014000026,7.99777e-05
1732017600032,7.32548e-05
1732021200049,7.50313e-05
1732024800071,7.1518e-05
1732028400040,8.36836e-05
1732032000033,7.24285e-05
1732035600037,7.76046e-05
1732039200049,8.73746e-05
1732042800141,9.96616e-05
1732046400111,9.88349e-05
1732050000022,7.75917e-05
1732053600126,1.47906e-05
1732057200137,3.42206e-05
1732060800004,6.04323e-05
1732064400009,4.79021e-05
1732068000096,4.84005e-05
1732071600086,3.13407e-05
1732075200022,2.08731e-05
1732078800104,3.67416e-05
1732082400124,3.80828e-05
1732086000151,4.75157e-05
1732089600000,3.82912e-05
1732093200080,3.89958e-05
1732096800056,1.45388e-05
1732100400035,2.60293e-05
1732104000003,5.44287e-05
1732107600016,3.51918e-05
1732111200164,3.6155e-05
1732114800000,2.82011e-05
1732118400138,1.25e-05
1732122000063,1.25e-05
1732125600107,1.25e-05
1732129200153,1.25e-05
1732132800063,1.25e-05
1732136400002,2.6398e-05
1732140000154,1.25e-05
1732143600044,1.25e-05
1732147200158,1.25e-05
1732150800103,1.25e-05
1732154400048,1.25e-05
1732158000000,1.25e-05
1732161600033,1.25e-05
1732165200029,2.54381e-05
1732168800040,4.16195e-05
1732172400154,1.25e-05
1732176000026,3.87934e-05
1732179600027,1.25e-05
1732183200129,4.93552e-05
1732186800099,2.89455e-05
1732190400060,3.46208e-05
1732194000044,4.97929e-05
1732197600037,3.86382e-05
1732201200083,6.13255e-05
1732204800014,8.19167e-05
1732208400009,0.0001079381
1732212000036,8.74407e-05
1732215600017,3.9079e-05
1732219200052,5.43521e-05
1732222800010,6.95713e-05
1732226400177,5.82609e-05
1732230000147,8.11399e-05
1732233600010,7.59297e-05
1732237200038,4.57725e-05
1732240800137,3.64965e-05
1732244400041,7.84535e-05
1732248000014,8.27589e-05
1732251600083,7.01703e-05
1732255200105,8.1984e-05
1732258800116,4.50904e-05
1732262400170,6.23328e-05
1732266000156,6.55164e-05
1732269600112,6.28354e-05
1732273200013,5.65753e-05
1732276800054,6.16399e-05
1732280400164,7.55413e-05
1732284000085,6.58348e-05
1732287600173,4.76831e-05
1732291200072,5.3557e-05
1732294800033,4.55448e-05
1732298400000,5.14933e-05
1732302000034,2.69778e-05
1732305600003,3.51769e-05
1732309200110,5.68669e-05
1732312800019,4.89721e-05
1732316400010,6.39795e-05
1732320000189,5.95777e-05
1732323600043,4.9126e-05
1732327200013,6.13516e-05
1732330800022,4.9981e-05
1732334400114,6.48971e-05
1732338000074,6.23893e-05
1732341600129,6.61247e-05
1732345200128,5.99835e-05
1732348800001,5.69992e-05
1732352400138,5.85266e-05
1732356000122,4.09691e-05
1732359600104,4.70266e-05
1732363200040,5.57393e-05
1732366800187,6.96094e-05
1732370400024,8.7897e-05
1732374000117,8.6294e-05
1732377600053,8.33162e-05
1732381200188,3.83971e-05
1732384800028,9.95655e-05
1732388400122,6.74142e-05
1732392000110,6.90565e-05
1732395600117,5.22193e-05
1732399200146,7.3233e-05
1732402800057,7.3766e-05
1732406400116,5.89045e-05
1732410000034,6.92838e-05
1732413600161,7.30542e-05
1732417200183,6.75771e-05
1732420800008,5.14513e-05
1732424400158,6.01188e-05
1732428000083,8.70939e-05
1732431600034,7.10782e-05
1732435200105,6.53945e-05
1732438800028,4.83947e-05
1732442400017,6.22798e-05
1732446000086,6.10013e-05
1732449600009,4.49804e-05
1732453200072,5.63513e-05
1732456800139,6.94758e-05
1732460400016,5.499e-05
1732464000029,5.02468e-05
1732467600143,5.9952e-05
1732471200007,7.80671e-05
1732474800055,8.89117e-05
1732478400079,8.3748e-05
1732482000086,8.50554e-05
1732485600075,5.53902e-05
1732489200006,6.50783e-05
1732492800027,6.58607e-05
1732496400099,7.18329e-05
1732500000014,7.0599e-05
1732503600170,9.89535e-05
1732507200109,6.89037e-05
1732510800059,7.23372e-05
1732514400056,5.5357e-05
1732518000032,5.70066e-05
1732521600041,6.50446e-05
1732525200196,6.76288e-05
1732528800059,6.18281e-05
1732532400033,4.67812e-05
1732536000032,6.52566e-05
1732539600094,6.02191e-05
1732543200005,1.44768e-05
1732546800055,1.25e-05
1732550400024,1.25e-05
1732554000121,1.25e-05
1732557600003,1.25e-05
1732561200014,1.25e-05
1732564800055,1.25e-05
1732568400130,1.25e-05
1732572000005,1.25e-05
1732575600048,1.25e-05
1732579200187,1.25e-05
1732582800170,1.25e-05
1732586400032,1.25e-05
1732590000144,1.25e-05
1732593600091,1.25e-05
1732597200048,1.25e-05
1732600800178,1.25e-05
1732604400031,1.25e-05
1732608000020,1.25e-05
1732611600051,1.25e-05
1732615200096,1.25e-05
1732618800155,1.25e-05
1732622400023,2.92576e-05
1732626000084,1.73058e-05
1732629600008,2.19401e-05
1732633200097,2.24644e-05
1732636800010,2.15363e-05
1732640400096,3.51446e-05
1732644000005,3.46531e-05
1732647600020,1.25e-05
1732651200022,2.75053e-05
1732654800130,3.65895e-05
1732658400006,4.53705e-05
1732662000075,3.83987e-05
1732665600045,3.6794e-05
1732669200019,3.13922e-05
1732672800052,3.64485e-05
1732676400169,3.31828e-05
1732680000180,3.20436e-05
1732683600001,4.77111e-05
1732687200048,4.81574e-05
1732690800005,4.50938e-05
1732694400099,5.35161e-05
1732698000042,3.30402e-05
1732701600054,3.68842e-05
1732705200089,4.80014e-05
1732708800045,5.4162e-05
1732712400027,5.05538e-05
1732716000022,6.15885e-05
1732719600011,4.13829e-05
1732723200003,5.15585e-05
1732726800140,5.39441e-05
1732730400016,2.60285e-05
1732734000013,2.60577e-05
1732737600024,5.05413e-05
1732741200034,9.12082e-05
1732744800132,7.62767e-05
1732748400094,7.23988e-05
1732752000045,6.12446e-05
1732755600086,6.69038e-05
1732759200129,5.93197e-05
1732762800107,4.78552e-05
1732766400055,1.25e-05
1732770000010,2.80155e-05
1732773600005,2.50225e-05
1732777200027,2.1158e-05
1732780800089,3.44281e-05
1732784400020,1.65198e-05
1732788000117,1.41305e-05
1732791600049,1.25e-05
1732795200142,1.25e-05
1732798800069,1.25e-05
1732802400174,1.25e-05
1732806000092,1.25e-05
1732809600166,1.25e-05
1732813200156,1.25e-05
1732816800070,1.25e-05
1732820400024,1.25e-05
1732824000068,1.25e-05
1732827600011,1.25e-05
1732831200027,1.25e-05
1732834800103,1.25e-05
1732838400189,1.83515e-05
1732842000052,2.64743e-05
1732845600022,4.12595e-05
1732849200013,1.41075e-05
1732852800135,3.39536e-05
1732856400101,2.10212e-05
1732860000079,3.60616e-05
1732863600173,4.28245e-05
1732867200316,1.81561e-05
1732870800381,1.25e-05
1732874400056,1.25e-05
1732878000186,2.93104e-05
1732881600088,4.20153e-05
1732885200072,3.16388e-05
1732888800050,3.67753e-05
1732892400000,2.97462e-05
1732896000038,4.59301e-05
1732899600097,2.87648e-05
1732903200144,2.17808e-05
1732906800046,3.31178e-05
1732910400100,1.75184e-05
1732914000069,4.11135e-05
1732917600114,3.6204e-05
1732921200060,4.58448e-05
1732924800132,4.02501e-05
1732928400050,1.4749e-05
1732932000175,2.11571e-05
1732935600000,5.87713e-05
1732939200168,6.59643e-05
1732942800098,5.56078e-05
1732946400013,5.39739e-05
1732950000000,6.49782e-05
1732953600130,6.76273e-05
1732957200051,6.27732e-05
1732960800033,6.832e-05
1732964400004,5.08167e-05
1732968000046,5.58458e-05
1732971600081,6.91291e-05
1732975200023,5.606e-05
1732978800055,6.04586e-05
1732982400033,6.20953e-05
1732986000067,4.42518e-05
1732989600086,4.90822e-05
1732993200147,5.35097e-05
1732996800011,5.3499e-05
1733000400136,6.87615e-05
1733004000017,8.66649e-05
1733007600021,5.44804e-05
1733011200042,3.91622e-05
1733014800019,3.62589e-05
1733018400039,2.24758e-05
1733022000000,1.25e-05
1733025600030,1.25e-05
1733029200057,2.04929e-05
1733032800028,2.53276e-05
1733036400022,2.41067e-05
1733040000115,2.66554e-05
1733043600137,3.26792e-05
1733047200107,3.15188e-05
1733050800061,2.08701e-05
1733054400110,2.37293e-05
1733058000119,3.36353e-05
1733061600166,4.96568e-05
1733065200019,4.99218e-05
1733068800178,5.62248e-05
1733072400013,4.05506e-05
1733076000000,4.43395e-05
1733079600120,4.75353e-05
1733083200096,4.77944e-05
1733086800019,4.5986e-05
1733090400136,5.23759e-05
1733094000017,6.5633e-05
1733097600064,7.81397e-05
1733101200065,4.34072e-05
1733104800134,8.08703e-05
1733108400140,6.84338e-05
1733112000109,2.42815e-05
1733115600028,1.25e-05
1733119200085,3.21255e-05
1733122800011,4.0682e-05
1733126400162,4.44055e-05
1733130000034,1.26585e-05
1733133600120,2.89614e-05
1733137200033,3.10665e-05
1733140800002,3.55937e-05
1733144400039,4.95717e-05
1733148000161,6.80379e-05
1733151600136,8.10535e-05
1733155200006,7.93794e-05
1733158800077,6.16206e-05
1733162400163,2.07773e-05
1733166000017,6.74145e-05
1733169600142,5.30432e-05
1733173200101,7.74801e-05
1733176800146,6.74919e-05
1733180400034,8.20275e-05
1733184000180,9.60864e-05
1733187600131,7.50215e-05
1733191200058,7.44775e-05
1733194800112,5.36684e-05
1733198400111,6.18544e-05
1733202000024,7.04459e-05
1733205600017,6.8155e-05
1733209200133,8.80403e-05
1733212800132,6.56285e-05
1733216400123,5.88047e-05
1733220000037,6.05997e-05
1733223600089,4.53981e-05
1733227200179,5.13311e-05
1733230800076,5.51069e-05
1733234400109,3.46447e-05
1733238000078,5.10637e-05
1733241600091,7.69631e-05
1733245200158,6.5413e-05
1733248800000,4.50919e-05
1733252400101,9.88983e-05
1733256000016,9.71581e-05
1733259600010,7.95759e-05
1733263200108,0.000102868
1733266800145,7.85722e-05
1733270400128,0.0001023754
1733274000093,9.83511e-05
1733277600173,0.0001065333
1733281200030,6.91996e-05
1733284800119,0.0001052175
1733288400049,8.20661e-05
1733292000009,9.67105e-05
1733295600190,6.08798e-05
1733299200123,7.58703e-05
1733302800007,5.13526e-05
1733306400004,7.43883e-05
1733310000086,9.68574e-05
1733313600064,8.04227e-05
1733317200060,6.90901e-05
1733320800104,0.0001296704
1733324400024,0.0001414524
1733328000192,0.0001509583
1733331600088,3.53818e-05
1733335200197,5.16331e-05
1733338800023,7.89552e-05
1733342400024,0.000101837
1733346000064,7.65708e-05
1733349600094,6.37975e-05
1733353200039,5.62436e-05
1733356800043,2.45017e-05
1733360400021,1.76732e-05
1733364000019,1.25e-05
1733367600018,6.05946e-05
1733371200017,0.0001065917
1733374800176,0.0001054062
1733378400188,8.15947e-05
1733382000008,8.81018e-05
1733385600120,0.0001064987
1733389200045,0.0001031683
1733392800004,0.0001283726
1733396400003,8.2257e-05
1733400000042,7.34247e-05
1733403600067,0.0001099525
1733407200099,0.0001037184
1733410800049,0.000112334
1733414400097,8.19949e-05
1733418000041,8.34417e-05
1733421600001,8.01888e-05
1733425200061,7.64901e-05
1733428800038,8.23874e-05
1733432400184,6.3533e-05
1733436000023,7.18592e-05
1733439600149,9.14613e-05
1733443200143,0.0001615032
1733446800187,0.0001219159
1733450400083,0.0001576079
1733454000016,0.0001253236
1733457600012,0.0001149304
1733461200025,0.0001319992
1733464800022,0.0001393162
1733468400114,0.0001557955
1733472000176,0.000150544
1733475600041,0.0001186106
1733479200033,9.18561e-05
1733482800029,0.0001087383
1733486400038,0.0001031069
1733490000002,6.86252e-05
1733493600046,9.63249e-05
1733497200141,0.0001529055
1733500800065,9.43714e-05
1733504400122,0.0001057879
1733508000062,0.0001524042
1733511600093,0.0001547879
1733515200001,0.000131509
1733518800169,0.0001003913
1733522400012,9.78716e-05
1733526000077,0.0001046885
1733529600117,8.1631e-05
1733533200005,8.69616e-05
1733536800077,7.53184e-05
1733540400005,7.6643e-05
1733544000047,6.8539e-05
1733547600108,8.30974e-05
1733551200082,9.14422e-05
1733554800073,8.04832e-05
1733558400112,0.0001015609
1733562000190,7.74579e-05
1733565600041,9.1362e-05
1733569200049,0.0001034379
1733572800039,0.0001171918
1733576400037,9.11219e-05
1733580000015,9.42857e-05
1733583600069,0.0001132803
1733587200078,0.0001316218
1733590800064,0.0001137775
1733594400013,0.0001219688
1733598000052,0.0001379287
1733601600030,0.0001180707
1733605200167,0.000124155
1733608800107,0.0001378963
1733612400072,6.19571e-05
1733616000184,6.28998e-05
1733619600181,7.22433e-05
1733623200137,0.0001090348
1733626800135,0.0001281878
1733630400191,0.0001343677
1733634000026,9.88373e-05
1733637600009,3.10948e-05
1733641200165,4.25905e-05
1733644800080,5.25726e-05
1733648400072,2.0621e-05
1733652000150,1.25e-05
1733655600005,1.25e-05
1733659200024,3.476e-05
1733662800071,6.383e-05
1733666400005,9.11881e-05
1733670000009,6.03227e-05
1733673600032,6.2108e-05
1733677200004,6.06694e-05
1733680800078,5.19114e-05
1733684400008,4.55327e-05
1733688000044,3.51033e-05
1733691600016,5.23444e-05
1733695200095,5.85169e-05
1733698800022,6.1311e-05
1733702400197,7.51802e-05
1733706000025,4.19766e-05
1733709600016,4.44356e-05
1733713200013,3.87931e-05
1733716800103,3.99459e-05
1733720400198,4.05404e-05
1733724000146,4.80754e-05
1733727600101,3.15579e-05
1733731200100,2.59962e-05
1733734800176,1.25e-05
1733738400052,1.25e-05
1733742000007,1.25e-05
1733745600009,1.82743e-05
1733749200000,1.3105e-05
1733752800014,3.26361e-05
1733756400126,5.92091e-05
1733760000113,5.88443e-05
1733763600146,8.20983e-05
1733767200000,7.67909e-05
1733770800128,7.48152e-05
1733774400064,1.25e-05
1733778000032,1.25e-05
1733781600074,1.25e-05
1733785200012,2.83547e-05
1733788800013,7.35349e-05
1733792400014,7.05377e-05
1733796000013,6.39892e-05
1733799600066,4.64016e-05
1733803200108,3.86079e-05
1733806800113,6.90452e-05
1733810400107,7.85855e-05
1733814000027,6.59887e-05
1733817600115,2.00194e-05
1733821200036,1.25e-05
1733824800027,1.40574e-05
1733828400145,3.26478e-05
1733832000107,1.25e-05
1733835600179,1.25e-05
1733839200083,1.25e-05
1733842800055,2.72528e-05
1733846400157,1.25e-05
1733850000188,1.25e-05
1733853600201,1.25e-05
1733857200191,1.25e-05
1733860800011,4.11658e-05
1733864400102,1.60626e-05
1733868000130,2.35604e-05
1733871600073,1.25e-05
1733875200086,1.6016e-05
1733878800036,1.25e-05
1733882400011,1.25e-05
1733886000069,1.25e-05
1733889600039,2.40355e-05
1733893200032,1.45543e-05
1733896800021,1.49929e-05
1733900400003,2.69973e-05
1733904000007,1.74085e-05
1733907600128,1.25e-05
1733911200108,1.25e-05
1733914800000,1.8829e-05
1733918400193,1.41784e-05
1733922000031,3.29768e-05
1733925600003,2.79995e-05
1733929200192,4.50566e-05
1733932800151,3.30411e-05
1733936400022,3.28467e-05
1733940000038,3.08724e-05
1733943600006,4.31777e-05
1733947200089,5.7355e-05
1733950800070,4.10623e-05
1733954400004,3.92203e-05
1733958000152,3.85126e-05
1733961600095,2.41328e-05
1733965200011,2.63111e-05
1733968800142,5.5785e-05
1733972400041,5.74507e-05
1733976000070,8.49379e-05
1733979600090,4.45468e-05
1733983200187,3.17269e-05
1733986800040,1.75597e-05
1733990400130,1.25e-05
1733994000031,1.25e-05
1733997600113,1.46656e-05
1734001200012,1.47207e-05
1734004800116,1.33384e-05
1734008400186,2.85654e-05
1734012000153,4.20497e-05
1734015600002,2.9337e-05
1734019200005,5.81669e-05
1734022800130,3.15902e-05
1734026400057,4.38145e-05
1734030000002,6.01427e-05
1734033600078,1.25e-05
1734037200092,1.25e-05
1734040800068,1.25e-05
1734044400199,1.25e-05
1734048000007,1.25e-05
1734051600006,1.25e-05
1734055200142,1.25e-05
1734058800132,1.25e-05
1734062400122,1.25e-05
1734066000160,1.25e-05
1734069600174,1.25e-05
1734073200029,1.25e-05
1734076800029,1.25e-05
1734080400139,1.25e-05
1734084000090,1.25e-05
1734087600126,1.25e-05
1734091200121,1.25e-05
1734094800121,1.25e-05
1734098400156,1.25e-05
1734102000115,1.25e-05
1734105600002,1.25e-05
1734109200046,1.25e-05
1734112800025,1.25e-05
1734116400049,1.25e-05
1734120000020,3.19774e-05
1734123600110,4.2575e-05
1734127200090,3.61188e-05
1734130800117,3.25925e-05
1734134400106,4.41557e-05
1734138000050,4.45716e-05
1734141600070,6.10553e-05
1734145200014,3.00378e-05
1734148800050,3.75873e-05
1734152400058,3.63556e-05
1734156000017,3.65685e-05
1734159600128,5.83615e-05
1734163200018,4.2e-05
1734166800077,2.51397e-05
1734170400045,2.87149e-05
1734174000086,2.14842e-05
1734177600067,2.62898e-05
1734181200024,1.25e-05
1734184800138,1.25e-05
1734188400014,1.25e-05
1734192000145,4.29067e-05
1734195600175,1.25e-05
1734199200080,1.25e-05
1734202800001,1.25e-05
1734206400132,1.25e-05
1734210000117,1.25e-05
1734213600120,1.25e-05
1734217200155,1.25e-05
1734220800140,1.25e-05
1734224400156,1.25e-05
1734228000137,1.25e-05
1734231600012,1.25e-05
1734235200045,1.25e-05
1734238800063,1.25e-05
1734242400037,1.25e-05
1734246000190,1.25e-05
1734249600001,1.25e-05
1734253200193,1.25e-05
1734256800095,1.25e-05
1734260400117,1.25e-05
1734264000054,1.25e-05
1734267600108,1.25e-05
1734271200120,1.25e-05
1734274800039,1.25e-05
1734278400054,1.25e-05
1734282000043,1.25e-05
1734285600004,2.9194e-05
1734289200034,1.25e-05
1734292800007,1.65233e-05
1734296400025,1.25e-05
1734300000004,1.25e-05
1734303600059,1.25e-05
1734307200057,4.39982e-05
1734310800062,7.24775e-05
1734314400100,5.78257e-05
1734318000020,1.5409e-05
1734321600126,1.25e-05
1734325200134,1.25e-05
1734328800044,1.25e-05
1734332400124,2.09816e-05
1734336000011,1.87486e-05
1734339600164,1.88127e-05
1734343200129,1.25e-05
1734346800125,1.25e-05
1734350400065,1.25e-05
1734354000027,1.25e-05
1734357600037,5.12018e-05
1734361200036,0.0001130218
1734364800030,9.95927e-05
1734368400128,9.3807e-05
1734372000081,0.0001306669
1734375600179,7.79256e-05
1734379200011,1.26996e-05
1734382800139,1.25e-05
1734386400178,1.75734e-05
1734390000141,3.68982e-05
1734393600027,3.13465e-05
1734397200190,1.25e-05
1734400800131,5.80842e-05
1734404400052,1.25e-05
1734408000112,1.25e-05
1734411600073,1.25e-05
1734415200042,1.25e-05
1734418800001,1.25e-05
1734422400199,2.2585e-05
1734426000041,5.47501e-05
1734429600030,1.25e-05
1734433200059,1.25e-05
1734436800135,3.04393e-05
1734440400089,3.40851e-05
1734444000008,1.25e-05
1734447600051,1.25e-05
1734451200107,1.25e-05
1734454800005,4.28509e-05
1734458400001,1.25e-05
1734462000091,3.43019e-05
1734465600152,3.34439e-05
1734469200014,1.25e-05
1734472800139,1.25e-05
1734476400030,1.25e-05
1734480000134,1.25e-05
1734483600017,1.25e-05
1734487200075,1.25e-05
1734490800024,1.25e-05
1734494400008,1.25e-05
1734498000033,7.3885e-06
1734501600010,1.25e-05
1734505200190,1.25e-05
1734508800172,1.25e-05
1734512400153,1.25e-05
1734516000036,1.25e-05
1734519600017,1.36212e-05
1734523200021,2.17672e-05
1734526800186,1.68593e-05
1734530400040,1.25e-05
1734534000062,2.01707e-05
1734537600165,3.08795e-05
1734541200133,1.25e-05
1734544800004,1.25e-05
1734548400131,1.25e-05
1734552000058,1.25e-05
1734555600061,1.25e-05
1734559200151,1.25e-05
1734562800109,1.25e-05
1734566400138,1.25e-05
1734570000134,1.25e-05
1734573600015,1.25e-05
1734577200026,1.25e-05
1734580800134,1.25e-05
1734584400007,1.25e-05
1734588000108,1.25e-05
1734591600189,1.25e-05
1734595200086,1.25e-05
1734598800006,1.25e-05
1734602400020,1.25e-05
1734606000065,1.25e-05
1734609600143,1.31941e-05
1734613200023,2.62094e-05
1734616800137,2.71667e-05
1734620400141,2.03174e-05
1734624000033,1.25e-05
1734627600004,1.96713e-05
1734631200081,1.25e-05
1734634800069,-2.7146e-05
1734638400105,-4.0752e-05
1734642000149,-2.05939e-05
1734645600062,1.25e-05
1734649200062,1.25e-05
1734652800089,1.25e-05
1734656400028,1.25e-05
1734660000068,1.25e-05
1734663600023,1.25e-05
1734667200007,1.25e-05
1734670800148,3.9187e-06
1734674400043,-7.865e-06
1734678000058,-2.80162e-05
1734681600050,-2.53069e-05
1734685200041,-2.99963e-05
1734688800015,-2.52287e-05
1734692400165,-1.90621e-05
1734696000134,-3.7694e-06
1734699600054,1.25e-05
1734703200157,3.0073e-06
1734706800372,1.08675e-05
1734710400071,-1.16e-07
1734714000158,1.25e-05
1734717600175,1.25e-05
1734721200089,1.25e-05
1734724800076,1.25e-05
1734728400218,1.25e-05
1734732000090,1.25e-05
1734735601106,1.25e-05
1734739200176,1.25e-05
1734742800125,1.25e-05
1734746400025,1.25e-05
1734750000461,1.25e-05
1734753600463,1.25e-05
1734757200612,1.25e-05
1734760800178,1.25e-05
1734764400062,1.42736e-05
1734768000183,1.25e-05
1734771600199,1.25e-05
1734775200079,1.25e-05
1734778800083,1.25e-05
1734782400088,-1.01204e-05
1734786000065,-3.83025e-05
1734789600110,-1.74508e-05
1734793200221,1.25e-05
1734796800103,1.25e-05
1734800400106,1.25e-05
1734804000270,-1.08473e-05
1734807600136,-1.15296e-05
1734811200200,1.25e-05
1734814800065,1.25e-05
1734818400060,7.213e-06
1734822000098,1.25e-05
1734825600296,1.25e-05
1734829200167,1.25e-05
1734832800177,4.57346e-05
1734836400496,1.51178e-05
1734840000535,4.36733e-05
1734843600183,2.71532e-05
1734847200088,5.19903e-05
1734850800001,5.2029e-05
1734854400256,3.72641e-05
1734858000151,1.90591e-05
1734861600387,1.25e-05
1734865200259,3.50512e-05
1734868800073,1.25e-05
1734872400009,1.71008e-05
1734876000000,1.25e-05
1734879600080,1.25e-05
1734883200130,1.25e-05
1734886800087,1.25e-05
1734890400270,1.25e-05
1734894000174,1.25e-05
1734897600229,1.25e-05
1734901200173,1.25e-05
1734904800014,1.25e-05
1734908400046,1.25e-05
1734912000211,1.25e-05
1734915600010,1.25e-05
1734919200090,1.25e-05
1734922800235,1.25e-05
1734926400204,1.25e-05
1734930000445,1.25e-05
1734933600146,1.25e-05
1734937200295,1.25e-05
1734940800718,1.25e-05
1734944400147,1.25e-05
1734948000047,1.25e-05
1734951600034,1.25e-05
1734955200188,1.25e-05
1734958800165,1.25e-05
1734962400151,1.25e-05
1734966000328,1.25e-05
1734969600214,1.25e-05
1734973200101,1.25e-05
1734976800092,1.25e-05
1734980400305,1.25e-05
1734984000315,1.25e-05
1734987600326,1.25e-05
1734991200121,1.25e-05
1734994800365,1.25e-05
1734998400623,1.25e-05
1735002000106,1.25e-05
1735005600109,1.25e-05
1735009200094,1.25e-05
1735012800136,1.25e-05
1735016400121,3.32529e-05
1735020000016,3.90018e-05
1735023600429,1.25e-05
1735027200112,1.3065e-05
1735030800128,1.31262e-05
1735034400082,1.9301e-05
1735038000001,1.25e-05
1735041600173,1.25e-05
1735045200001,1.25e-05
1735048800034,1.25e-05
1735052400069,1.25e-05
1735056000181,1.25e-05
1735059600249,1.25e-05
1735063200085,1.25e-05
1735066800177,1.25e-05
1735070400113,1.25e-05
1735074000590,1.25e-05
1735077600084,1.25e-05
1735081200123,1.47533e-05
1735084800015,1.86434e-05
1735088400601,1.25e-05
1735092000359,1.25e-05
1735095600132,1.25e-05
1735099200776,1.25e-05
1735102800076,1.25e-05
1735106400119,1.25e-05
1735110000298,1.25e-05
1735113600036,1.25e-05
1735117200563,1.25e-05
1735120800531,1.25e-05
1735124400119,1.25e-05
1735128000000,1.25e-05
1735131600040,1.25e-05
1735135200455,1.25e-05
1735138800061,1.25e-05
1735142400028,1.25e-05
1735146000169,6.569e-07
1735149600017,1.25e-05
1735153200113,1.25e-05
1735156800004,1.25e-05
1735160400585,1.25e-05
1735164000343,1.25e-05
1735167600007,-2.8132e-05
1735171200565,5.3677e-06
1735174800080,8.5737e-06
1735178400089,-4.7632e-06
1735182000693,-5.9368e-06
1735185600063,-1.39711e-05
1735189200573,-2.9973e-06
1735192800061,-5.742e-07
1735196400031,-1.1587e-05
1735200000635,-2.15898e-05
1735203600103,-2.10338e-05
1735207200621,1.19917e-05
1735210800108,-4.021e-06
1735214400786,-2.1367e-06
1735218000746,-1.57573e-05
1735221600153,-3.7312e-06
1735225200361,-3.5009e-06
1735228800783,-3.9614e-06
1735232400262,1.25e-05
1735236000065,1.25e-05
1735239600024,1.25e-05
1735243200510,9.2027e-06
1735246800015,-1.2977e-06
1735250400031,-1.8661e-06
1735254000101,1.25e-05
1735257600011,1.25e-05
1735261200074,4.1021e-06
1735264800047,-5.3022e-06
1735268400640,1.25e-05
1735272000266,1.25e-05
1735275600123,1.25e-05
1735279200110,1.25e-05
1735282800104,4.01195e-05
1735286400757,1.25e-05
1735290000104,1.25e-05
1735293600013,1.25e-05
1735297200522,1.25e-05
1735300800848,1.25e-05
1735304400549,1.25e-05
1735308000059,1.25e-05
1735311600047,1.25e-05
1735315200111,-3.95356e-05
1735318800120,-2.71991e-05
1735322400103,-2.0461e-06
1735326000038,9.6276e-06
1735329600144,-3.5891e-06
1735333200111,-7.41e-08
1735336800250,-8.5288e-06
1735340400044,-1.6901e-05
1735344000216,-1.04433e-05
1735347600296,-7.3921e-06
1735351200080,1.18357e-05
1735354800079,7.1148e-06
1735358400020,1.25e-05
1735362000248,1.25e-05
1735365600284,1.25e-05
1735369200034,-1.3275e-06
1735372800267,1.08822e-05
1735376400206,2.3107e-06
1735380000038,4.2716e-06
1735383600431,3.433e-06
1735387200072,1.25e-05
1735390800328,1.25e-05
1735394400016,1.25e-05
1735398000073,1.25e-05
1735401600227,1.25e-05
1735405200101,1.25e-05
1735408800121,1.25e-05
1735412400042,1.25e-05
1735416000020,1.25e-05
1735419600343,1.25e-05
1735423200159,1.25e-05
1735426800457,1.25e-05
1735430400072,1.25e-05
1735434000123,1.25e-05
1735437600104,1.25e-05
1735441200333,1.25e-05
1735444800892,1.25e-05
1735448400034,9.3624e-06
1735452000087,1.25e-05
1735455600850,1.25e-05
1735459200004,1.25e-05
1735462800035,1.25e-05
1735466400667,1.43986e-05
1735470000960,1.61322e-05
1735473600040,1.25e-05
1735477200387,1.25e-05
1735480800151,1.25e-05
1735484400351,1.25e-05
1735488000353,1.25e-05
1735491600405,1.25e-05
1735495200486,1.25e-05
1735498800024,1.25e-05
1735502400083,1.25e-05
1735506000766,1.25e-05
1735509601218,1.25e-05
1735513200026,1.25e-05
1735516800793,1.25e-05
1735520400380,1.25e-05
1735524000484,3.74503e-05
1735527600109,4.37453e-05
1735531200532,3.24591e-05
1735534800438,1.45838e-05
1735538400375,1.84577e-05
1735542000542,1.67859e-05
1735545600011,2.58022e-05
1735549200333,3.54155e-05
1735552800117,1.90013e-05
1735556400112,1.5557e-05
1735560000460,1.38092e-05
1735563600327,2.54359e-05
1735567200103,1.25e-05
1735570800010,1.25e-05
1735574400098,1.25e-05
1735578000072,1.25e-05
1735581600885,2.91963e-05
1735585200074,1.96626e-05
1735588800039,1.25e-05
1735592400279,1.25e-05
1735596000101,1.95133e-05
1735599600129,3.64027e-05
1735603200090,1.25e-05
1735606800027,1.33156e-05
1735610400310,1.67891e-05
1735614000061,2.36606e-05
1735617600028,1.36452e-05
1735621200613,1.62681e-05
1735624800861,1.25e-05
1735628400438,1.56489e-05
1735632000107,1.25e-05
1735635600420,1.26535e-05
1735639200116,1.25e-05
1735642800436,1.25e-05
1735646400100,1.25e-05
1735650000127,1.25e-05
1735653600001,1.25e-05
1735657200119,1.25e-05
1735660800034,1.25e-05
1735664400101,1.25e-05
1735668000088,1.25e-05
1735671600057,1.25e-05
1735675200076,1.25e-05
1735678800120,1.25e-05
1735682400002,1.25e-05
1735686000138,1.25e-05
1735689600054,1.25e-05
1735693200077,1.95676e-05
1735696800072,2.62523e-05
1735700400125,2.35338e-05
1735704000070,3.77892e-05
1735707600170,3.4391e-05
1735711200066,3.15836e-05
1735714800086,3.06807e-05
1735718400132,3.22312e-05
1735722000046,3.15969e-05
1735725600089,1.25e-05
1735729200037,1.25e-05
1735732800109,1.25e-05
1735736400136,1.93845e-05
1735740000197,1.33651e-05
1735743600144,2.60487e-05
1735747200147,2.15832e-05
1735750800012,1.97939e-05
1735754400038,1.25e-05
1735758000085,3.70604e-05
1735761600055,5.44174e-05
1735765200084,6.22613e-05
1735768800022,5.39552e-05
1735772400024,2.27422e-05
1735776000035,1.8398e-05
1735779600036,2.30089e-05
1735783200113,2.56687e-05
1735786800118,3.23726e-05
1735790400032,1.25e-05
1735794000034,1.25e-05
1735797600034,1.25e-05
1735801200117,1.25e-05
1735804800072,1.25e-05
1735808400183,1.25e-05
1735812000103,1.25e-05
1735815600036,1.25e-05
1735819200001,1.25e-05
1735822800000,1.25e-05
1735826400005,1.25e-05
1735830000058,1.25e-05
1735833600187,1.25e-05
1735837200037,1.25e-05
1735840800194,1.25e-05
1735844400036,1.82703e-05
1735848000101,1.25e-05
1735851600054,1.25e-05
1735855200028,1.25e-05
1735858800038,1.25e-05
1735862400016,1.25e-05
1735866000130,1.25e-05
1735869600124,1.25e-05
1735873200115,1.25e-05
1735876800045,1.25e-05
1735880400012,1.25e-05
1735884000188,1.25e-05
1735887600102,1.25e-05
1735891200031,1.25e-05
1735894800014,1.25e-05
1735898400053,1.25e-05
1735902000015,1.25e-05
1735905600016,1.25e-05
1735909200072,1.25e-05
1735912800035,1.25e-05
1735916400057,1.25e-05
1735920000097,1.25e-05
1735923600034,1.25e-05
1735927200018,1.25e-05
1735930800050,1.25e-05
1735934400058,1.25e-05
1735938000099,1.25e-05
1735941600061,1.25e-05
1735945200013,1.25e-05
1735948800067,1.25e-05
1735952400033,1.25e-05
1735956000072,1.25e-05
1735959600018,1.25e-05
1735963200119,1.25e-05
1735966800006,1.25e-05
1735970400167,1.25e-05
1735974000098,1.25e-05
1735977600019,1.25e-05
1735981200117,1.25e-05
1735984800045,1.25e-05
1735988400071,1.25e-05
1735992000052,1.25e-05
1735995600105,1.25e-05
1735999200014,1.25e-05
1736002800155,1.25e-05
1736006400022,1.25e-05
1736010000040,1.25e-05
1736013600079,1.25e-05
1736017200101,1.25e-05
1736020800100,1.25e-05
1736024400102,1.25e-05
1736028000010,1.25e-05
1736031600012,1.25e-05
1736035200051,1.25e-05
1736038800122,1.25e-05
1736042400117,1.25e-05
1736046000108,1.25e-05
1736049600097,1.25e-05
1736053200037,1.02039e-05
1736056800110,1.25e-05
1736060400194,1.25e-05
1736064000181,1.25e-05
1736067600099,1.25e-05
1736071200095,1.25e-05
1736074800153,1.25e-05
1736078400156,1.25e-05
1736082000028,1.25e-05
1736085600012,1.25e-05
1736089200048,1.25e-05
1736092800155,1.25e-05
1736096400077,1.25e-05
1736100000079,1.25e-05
1736103600168,1.25e-05
1736107200074,1.25e-05
1736110800003,1.25e-05
1736114400035,1.25e-05
1736118000077,1.25e-05
1736121600051,1.25e-05
1736125200060,1.25e-05
1736128800154,1.25e-05
1736132400075,1.25e-05
1736136000128,1.25e-05
1736139600000,1.25e-05
1736143200185,1.25e-05
1736146800131,1.25e-05
1736150400073,1.25e-05
1736154000015,1.25e-05
1736157600054,1.25e-05
1736161200042,1.25e-05
1736164800111,1.25e-05
1736168400020,1.25e-05
1736172000121,1.25e-05
1736175600155,1.25e-05
1736179200140,1.25e-05
1736182800077,1.25e-05
1736186400010,1.25e-05
1736190000134,1.25e-05
1736193600187,1.25e-05
1736197200083,1.25e-05
1736200800121,1.25e-05
1736204400186,1.25e-05
1736208000104,1.25e-05
1736211600085,1.25e-05
1736215200091,1.25e-05
1736218800104,1.25e-05
1736222400070,1.25e-05
1736226000009,1.25e-05
1736229600005,7.9916e-06
1736233200130,1.2317e-05
1736236800163,4.8905e-06
1736240400047,1.25e-05
1736244000098,1.25e-05
1736247600103,1.25e-05
1736251200105,1.25e-05
1736254800183,1.25e-05
1736258400052,1.25e-05
1736262000015,1.25e-05
1736265600013,1.25e-05
1736269200051,1.31004e-05
1736272800096,4.10222e-05
1736276400188,3.63746e-05
1736280000151,1.55731e-05
1736283600083,1.96455e-05
1736287200149,6.7502e-05
1736290800083,7.92069e-05
1736294400045,2.78076e-05
1736298000061,1.70362e-05
1736301600024,1.25e-05
1736305200085,1.25e-05
1736308800082,1.25e-05
1736312400006,1.25e-05
1736316000126,1.25e-05
1736319600099,1.25e-05
1736323200057,1.25e-05
1736326800021,1.25e-05
1736330400130,1.25e-05
1736334000088,1.25e-05
1736337600297,1.85699e-05
1736341200100,1.25e-05
1736344800141,1.25e-05
1736348400169,1.50476e-05
1736352000035,1.4837e-05
1736355600205,1.25e-05
1736359200096,1.25e-05
1736362800158,1.25e-05
1736366400033,1.25e-05
1736370000050,1.25e-05
1736373600082,1.25e-05
1736377200059,1.25e-05
1736380800021,1.25e-05
1736384400197,1.25e-05
1736388000118,1.25e-05
1736391600050,1.25e-05
1736395200092,1.25e-05
1736398800009,1.25e-05
1736402400051,1.25e-05
1736406000029,1.25e-05
1736409600091,1.19004e-05
1736413200099,-9.4154e-06
1736416800050,-2.9533e-06
1736420400057,-3.97e-08
1736424000149,-2.9754e-06
1736427600013,3.5901e-06
1736431200198,-5.2031e-06
1736434800148,1.25e-05
1736438400015,1.25e-05
1736442000118,1.25e-05
1736445600005,1.25e-05
1736449200000,1.25e-05
1736452800045,1.25e-05
1736456400083,-4.42506e-05
1736460000003,1.25e-05
1736463600084,6.9658e-06
1736467200033,4.595e-06
1736470800111,1.25e-05
1736474400183,1.25e-05
1736478000180,1.25e-05
1736481600031,1.25e-05
1736485200133,1.25e-05
1736488800018,1.25e-05
1736492400054,1.25e-05
1736496000107,1.25e-05
1736499600038,1.25e-05
1736503200050,1.25e-05
1736506800023,1.25e-05
1736510400022,1.08041e-05
1736514000049,2.2833e-06
1736517600033,-2.9062e-06
1736521200078,-5.0777e-06
1736524800097,1.6626e-06
1736528400017,1.15991e-05
1736532000112,1.25e-05
1736535600114,1.25e-05
1736539200153,9.065e-07
1736542800077,1.2332e-06
1736546400025,7.2553e-06
1736550000163,1.25e-05
1736553600118,7.0889e-06
1736557200026,5.1209e-06
1736560800017,1.25e-05
1736564400000,5.9759e-06
1736568000085,9.8664e-06
1736571600018,8.2187e-06
1736575200132,1.4943e-06
1736578800031,8.1767e-06
1736582400034,-3.2852e-06
1736586000011,1.9863e-06
1736589600001,4.3438e-06
1736593200055,1.25e-05
1736596800173,1.25e-05
1736600400099,1.25e-05
1736604000166,1.25e-05
1736607600179,2.4669e-06
1736611200177,9.6315e-06
1736614800100,6.6631e-06
1736618400069,1.06336e-05
1736622000007,1.25e-05
1736625600013,1.25e-05
1736629200011,1.25e-05
1736632800145,1.25e-05
1736636400184,1.25e-05
1736640000194,1.25e-05
1736643600014,1.25e-05
1736647200018,1.2401e-05
1736650800019,1.18251e-05
1736654400003,1.25e-05
1736658000022,1.25e-05
1736661600078,1.13838e-05
1736665200023,8.3916e-06
1736668800041,1.25e-05
1736672400026,1.25e-05
1736676000012,1.25e-05
1736679600026,1.25e-05
1736683200007,1.25e-05
1736686800104,1.25e-05
1736690400011,1.25e-05
1736694000016,1.25e-05
1736697600136,1.25e-05
1736701200106,1.25e-05
1736704800003,1.25e-05
1736708400087,1.25e-05
1736712000140,1.25e-05
1736715600103,1.25e-05
1736719200174,1.25e-05
1736722800046,1.25e-05
1736726400073,1.25e-05
1736730000151,1.25e-05
1736733600144,1.25e-05
1736737200003,1.25e-05
1736740800137,1.25e-05
1736744400131,1.25e-05
1736748000000,1.25e-05
1736751600083,1.25e-05
1736755200072,-1.33033e-05
1736758800160,-2.4741e-06
1736762400059,-1.40188e-05
1736766000062,-5.7691e-06
1736769600187,-7.7015e-06
1736773200104,-1.50601e-05
1736776800076,-7.1159e-06
1736780400082,-3.84162e-05
1736784000194,-4.8523e-06
1736787600514,3.71e-07
1736791200117,1.25e-05
1736794800016,1.05263e-05
1736798400124,1.25e-05
1736802000069,1.25e-05
1736805600130,1.25e-05
1736809200053,1.25e-05
1736812800075,1.25e-05
1736816400141,8.691e-06
1736820000115,1.25e-05
1736823600069,1.25e-05
1736827200028,1.25e-05
1736830800021,1.25e-05
1736834400128,1.25e-05
1736838000034,1.25e-05
1736841600149,1.25e-05
1736845200182,1.3359e-06
1736848800071,1.4765e-06
1736852400081,-1.04408e-05
1736856000083,-1.9534e-06
1736859600176,1.25e-05
1736863200133,1.25e-05
1736866800123,1.25e-05
1736870400085,1.25e-05
1736874000004,1.25e-05
1736877600060,1.25e-05
1736881200188,1.25e-05
1736884800147,1.25e-05
1736888400072,1.25e-05
1736892000111,1.25e-05
1736895600071,1.25e-05
1736899200012,1.25e-05
1736902800003,1.25e-05
1736906400002,1.25e-05
1736910000147,1.25e-05
1736913600198,1.25e-05
1736917200111,1.25e-05
1736920800112,1.25e-05
1736924400054,1.25e-05
1736928000102,1.25e-05
1736931600020,1.25e-05
1736935200107,1.25e-05
1736938800047,1.25e-05
1736942400029,1.25e-05
1736946000128,1.25e-05
1736949600061,1.25e-05
1736953200030,1.25e-05
1736956800195,1.25e-05
1736960400135,1.25e-05
1736964000124,1.25e-05
1736967600005,1.25e-05
1736971200115,-1.97409e-05
1736974800087,-1.95142e-05
1736978400101,-2.11734e-05
1736982000026,-2.45134e-05
1736985600186,1.25e-05
1736989200030,2.618e-07
1736992800006,1.2394e-05
1736996400167,1.25e-05
1737000000096,1.25e-05
1737003600016,1.25e-05
1737007200009,1.25e-05
1737010800070,1.25e-05
1737014400096,1.25e-05
1737018000037,1.25e-05
1737021600075,1.25e-05
1737025200014,1.25e-05
1737028800144,2.76642e-05
1737032400071,2.81248e-05
1737036000106,1.34348e-05
1737039600095,1.91506e-05
1737043200028,2.90467e-05
1737046800052,3.41604e-05
1737050400064,1.25e-05
1737054000114,4.31419e-05
1737057600020,6.50768e-05
1737061200122,5.68058e-05
1737064800071,2.24938e-05
1737068400088,1.25e-05
1737072000048,1.79336e-05
1737075600035,1.2504e-05
1737079200000,1.25e-05
1737082800028,3.0639e-05
1737086400153,2.07709e-05
1737090000041,1.25e-05
1737093600034,1.25e-05
1737097200011,1.25e-05
1737100800050,1.25e-05
1737104400042,1.25e-05
1737108000056,1.25e-05
1737111600141,2.28945e-05
1737115200077,1.68572e-05
1737118800089,1.25e-05
1737122400047,1.25e-05
1737126000132,1.25e-05
1737129600005,1.25e-05
1737133200169,1.25e-05
1737136800183,1.25e-05
1737140400116,1.25e-05
1737144000191,1.25e-05
1737147600109,1.25e-05
1737151200071,1.25e-05
1737154800010,1.25e-05
1737158400007,1.25e-05
1737162000151,1.25e-05
1737165600121,1.25e-05
1737169200118,1.25e-05
1737172800019,8.1489e-05
1737176400183,0.000118187
1737180000140,8.55109e-05
1737183600030,9.61006e-05
1737187200039,1.25e-05
1737190800066,1.25e-05
1737194400096,1.25e-05
1737198000039,1.25e-05
1737201600004,1.25e-05
1737205200088,1.25e-05
1737208800164,4.44637e-05
1737212400005,4.91817e-05
1737216000154,9.87493e-05
1737219600012,5.3766e-05
1737223200086,0.0001255509
1737226800195,3.84832e-05
1737230400068,1.25e-05
1737234000103,1.25e-05
1737237600014,1.25e-05
1737241200059,1.25e-05
1737244800142,2.71322e-05
1737248400105,1.25e-05
1737252000048,4.54228e-05
1737255600008,8.8848e-05
1737259200008,4.58841e-05
1737262800032,0.0001380227
1737266400076,1.25e-05
1737270000102,1.25e-05
1737273600077,1.25e-05
1737277200040,1.25e-05
1737280800065,1.25e-05
1737284400074,1.25e-05
1737288000085,1.21925e-05
1737291600005,1.25e-05
1737295200078,1.25e-05
1737298800079,3.59359e-05
1737302400026,1.25e-05
1737306000047,1.25e-05
1737309600130,2.88218e-05
1737313200101,0.0001239056
1737316800113,6.86248e-05
1737320400051,8.47731e-05
1737324000094,-0.0001009355
1737327600074,-0.0002305135
1737331200006,-3.7285e-05
1737334800184,1.25e-05
1737338400106,1.25e-05
1737342000009,1.25e-05
1737345600039,1.25e-05
1737349200014,1.25e-05
1737352800215,1.25e-05
1737356400016,1.25e-05
1737360000003,3.63795e-05
1737363600044,1.25e-05
1737367200018,1.25e-05
1737370800004,1.25e-05
1737374400105,1.25e-05
1737378000143,1.25e-05
1737381600006,1.25e-05
1737385200010,1.25e-05
1737388800025,1.25e-05
1737392400031,1.25e-05
1737396000018,1.25e-05
1737399600012,1.25e-05
1737403200043,1.25e-05
1737406800077,2.18288e-05
1737410400023,1.25e-05
1737414000023,1.25e-05
1737417600010,1.25e-05
1737421200089,-5.5137e-06
1737424800002,1.5187e-06
1737428400107,1.25e-05
1737432000050,1.25e-05
1737435600037,1.25e-05
1737439200179,1.25e-05
1737442800020,1.25e-05
1737446400134,1.25e-05
1737450000134,1.25e-05
1737453600001,1.25e-05
1737457200112,1.25e-05
1737460800081,1.25e-05
1737464400042,1.25e-05
1737468000024,1.25e-05
1737471600028,1.25e-05
1737475200106,1.25e-05
1737478800061,1.25e-05
1737482400024,1.25e-05
1737486000042,1.25e-05
1737489600021,1.25e-05
1737493200005,1.25e-05
1737496800145,1.25e-05
1737500400025,1.25e-05
1737504000037,1.25e-05
1737507600004,1.25e-05
1737511200100,1.25e-05
1737514800028,1.25e-05
1737518400007,1.25e-05
1737522000159,1.25e-05
1737525600069,1.25e-05
1737529200065,1.25e-05
1737532800041,1.25e-05
1737536400006,1.25e-05
1737540000034,9.019e-06
1737543600105,1.25e-05
1737547200036,1.25e-05
1737550800038,1.00932e-05
1737554400041,1.25e-05
1737558000065,1.25e-05
1737561600147,1.25e-05
1737565200065,1.25e-05
1737568800070,1.25e-05
1737572400056,1.25e-05
1737576000072,1.25e-05
1737579600060,1.25e-05
1737583200103,1.25e-05
1737586800074,1.25e-05
1737590400080,1.25e-05
1737594000020,1.25e-05
1737597600043,-1.45278e-05
1737601200149,-2.16337e-05
1737604800035,1.25e-05
1737608400035,1.25e-05
1737612000068,1.25e-05
1737615600049,1.25e-05
1737619200161,1.25e-05
1737622800127,1.25e-05
1737626400008,1.25e-05
1737630000036,1.25e-05
1737633600007,1.25e-05
1737637200045,1.25e-05
1737640800036,1.25e-05
1737644400065,1.25e-05
1737648000035,1.25e-05
1737651600094,1.25e-05
1737655200145,6.853e-06
1737658800074,1.25e-05
1737662400101,-2.18217e-05
1737666000131,1.25e-05
1737669600040,1.25e-05
1737673200069,1.25e-05
1737676800067,1.25e-05
1737680400101,1.25e-05
1737684000069,1.25e-05
1737687600156,-2.8545e-06
1737691200024,-3.2615e-06
1737694800116,3.5544e-06
1737698400049,1.25e-05
1737702000152,1.25e-05
1737705600090,-2.637e-06
1737709200014,1.25e-05
1737712800027,1.25e-05
1737716400122,1.25e-05
1737720000069,1.25e-05
1737723600047,1.25e-05
1737727200170,1.25e-05
1737730800035,1.25e-05
1737734400055,1.25e-05
1737738000026,1.25e-05
1737741600180,1.25e-05
1737745200051,1.25e-05
1737748800041,1.25e-05
1737752400042,1.18762e-05
1737756000068,-1.9002e-06
1737759600006,-4.2933e-06
1737763200067,6.804e-07
1737766800079,2.9677e-06
1737770400082,-1.31986e-05
1737774000121,-1.66323e-05
1737777600092,1.25e-05
1737781200054,1.23696e-05
1737784800055,-1.15346e-05
1737788400187,-1.4644e-05
1737792000085,-5.656e-06
1737795600006,1.25e-05
1737799200004,1.25e-05
1737802800178,1.25e-05
1737806400055,1.25e-05
1737810000018,1.25e-05
1737813600025,1.25e-05
1737817200077,1.25e-05
1737820800123,1.25e-05
1737824400019,1.00886e-05
1737828000019,-7.5386e-06
1737831600012,-1.9311e-06
1737835200020,1.25e-05
1737838800050,1.25e-05
1737842400084,1.25e-05
1737846000013,1.25e-05
1737849600049,1.25e-05
1737853200070,1.25e-05
1737856800092,1.24087e-05
1737860400009,1.25e-05
1737864000073,1.25e-05
1737867600031,1.25e-05
1737871200010,1.25e-05
1737874800006,1.25e-05
1737878400013,1.25e-05
1737882000058,1.25e-05
1737885600049,1.25e-05
1737889200045,6.1402e-06
1737892800037,1.25e-05
1737896400001,8.6223e-06
1737900000063,1.20775e-05
1737903600007,-8.4263e-06
1737907200022,1.25e-05
1737910800047,1.25e-05
1737914400064,1.25e-05
1737918000128,1.25e-05
1737921600027,1.25e-05
1737925200127,1.25e-05
1737928800038,-3.4725e-06
1737932400004,-3.56729e-05
1737936000096,-2.17311e-05
1737939600002,-4.26923e-05
1737943200014,-2.82368e-05
1737946800039,-3.62039e-05
1737950400034,-3.08711e-05
1737954000026,-2.46539e-05
1737957600085,1.25e-05
1737961200113,4.97e-08
1737964800096,4.4356e-06
1737968400068,1.25e-05
1737972000009,1.25e-05
1737975600036,1.25e-05
1737979200167,1.25e-05
1737982800052,1.25e-05
1737986400084,7.86e-08
1737990000046,1.25e-05
1737993600043,1.25e-05
1737997200007,1.25e-05
1738000800065,1.25e-05
1738004400066,-7.9742e-06
1738008000063,1.25e-05
1738011600049,1.25e-05
1738015200044,1.25e-05
1738018800014,1.25e-05
1738022400068,1.25e-05
1738026000099,1.25e-05
1738029600005,1.25e-05
1738033200051,1.25e-05
1738036800067,1.25e-05
1738040400027,1.25e-05
1738044000104,1.25e-05
1738047600002,1.25e-05
1738051200084,1.25e-05
1738054800021,1.25e-05
1738058400111,1.25e-05
1738062000117,1.25e-05
1738065600058,1.25e-05
1738069200027,1.25e-05
1738072800085,1.25e-05
1738076400042,1.25e-05
1738080000030,1.25e-05
1738083600049,1.25e-05
1738087200022,1.25e-05
1738090800074,1.25e-05
1738094400042,1.25e-05
1738098000036,1.25e-05
1738101600019,1.25e-05
1738105200209,1.25e-05
1738108800065,1.25e-05
1738112400006,1.25e-05
1738116000056,1.25e-05
1738119600004,1.25e-05
1738123200012,1.25e-05
1738126800032,1.25e-05
1738130400173,1.25e-05
1738134000098,1.25e-05
1738137600194,1.25e-05
1738141200170,1.25e-05
1738144800059,1.25e-05
1738148400023,1.25e-05
1738152000054,1.25e-05
1738155600034,1.25e-05
1738159200113,1.25e-05
1738162800052,1.25e-05
1738166400047,1.25e-05
1738170000041,1.25e-05
1738173600041,1.25e-05
1738177200009,1.25e-05
1738180800019,1.25e-05
1738184400052,1.25e-05
1738188000014,1.25e-05
1738191600001,1.25e-05
1738195200017,1.25e-05
1738198800001,1.25e-05
1738202400144,-8.2915e-06
1738206000065,1.25e-05
1738209600087,1.25e-05
1738213200110,1.25e-05
1738216800062,1.25e-05
1738220400031,1.25e-05
1738224000040,1.25e-05
1738227600060,1.25e-05
1738231200051,1.25e-05
1738234800057,1.25e-05
1738238400053,1.25e-05
1738242000012,1.25e-05
1738245600000,1.25e-05
1738249200128,1.73056e-05
1738252800140,1.25e-05
1738256400074,1.25e-05
1738260000242,1.25e-05
1738263600001,1.25e-05
1738267200164,1.25e-05
1738270800058,1.25e-05
1738274400033,1.25e-05
1738278000060,1.25e-05
1738281600035,1.25e-05
1738285200024,1.25e-05
1738288800006,1.25e-05
1738292400040,1.25e-05
1738296000029,1.25e-05
1738299600015,1.25e-05
1738303200064,1.25e-05
1738306800005,1.25e-05
1738310400005,1.25e-05
1738314000081,1.25e-05
1738317600000,1.25e-05
1738321200004,1.25e-05
1738324800042,1.25e-05
1738328400085,1.25e-05
1738332000033,1.25e-05
1738335600053,1.25e-05
1738339200096,1.81851e-05
1738342800118,1.25e-05
1738346400195,1.25e-05
1738350000012,1.25e-05
1738353600009,1.25e-05
1738357200073,1.25e-05
1738360800082,1.25e-05
1738364400000,1.25e-05
1738368000026,1.25e-05
1738371600064,1.25e-05
1738375200085,1.25e-05
1738378800076,1.25e-05
1738382400013,1.25e-05
1738386000078,1.25e-05
1738389600093,1.25e-05
1738393200166,1.25e-05
1738396800046,1.25e-05
1738400400157,1.25e-05
1738404000009,1.25e-05
1738407600043,1.25e-05
1738411200101,1.25e-05
1738414800010,1.25e-05
1738418400011,1.25e-05
1738422000124,1.25e-05
1738425600196,-1.8698e-06
1738429200041,-1.73404e-05
1738432800083,-6.9127e-06
1738436400008,1.25e-05
1738440000027,-1.90783e-05
1738443600041,-3.94348e-05
1738447200078,-1.0718e-06
1738450800138,-3.42908e-05
1738454400188,-4.10991e-05
1738458000075,1.7364e-06
1738461600181,1.08813e-05
1738465200104,-4.45108e-05
1738468800006,-5.53182e-05
1738472400025,-3.59409e-05
1738476000030,-7.156e-07
1738479600106,-3.4694e-06
1738483200018,-1.38005e-05
1738486800062,7.62e-06
1738490400079,1.25e-05
1738494000006,1.25e-05
1738497600187,1.25e-05
1738501200045,1.25e-05
1738504800026,1.25e-05
1738508400044,1.25e-05
1738512000012,1.25e-05
1738515600164,1.25e-05
1738519200047,1.25e-05
1738522800079,1.25e-05
1738526400244,1.25e-05
1738530000054,1.25e-05
1738533600157,8.8085e-06
1738537200081,-8.8999e-06
1738540800021,1.25e-05
1738544400171,1.25e-05
1738548000015,1.25e-05
1738551600083,4.3442e-06
1738555200169,-4.1657e-05
1738558800032,-4.3532e-06
1738562400038,1.25e-05
1738566000159,1.25e-05
1738569600169,1.25e-05
1738573200090,1.25e-05
1738576800008,5.6491e-06
1738580400055,1.6531e-06
1738584000014,-5.24199e-05
1738587600091,-3.87924e-05
1738591200024,-2.4854e-05
1738594800082,1.23128e-05
1738598400068,1.25e-05
1738602000026,1.25e-05
1738605600048,-1.5679e-06
1738609200109,-3.04586e-05
1738612800037,-0.0001515709
1738616400067,-3.6338e-05
1738620000047,1.25e-05
1738623600086,-5.71498e-05
1738627200170,-6.90775e-05
1738630800104,3.9352e-06
1738634400075,1.25e-05
1738638000165,1.25e-05
1738641600085,1.25e-05
1738645200080,1.25e-05
1738648800109,5.7016e-06
1738652400060,1.25e-05
1738656000031,1.25e-05
1738659600070,1.25e-05
1738663200033,1.25e-05
1738666800055,1.25e-05
1738670400088,1.25e-05
1738674000100,1.25e-05
1738677600246,1.25e-05
1738681200040,1.25e-05
1738684800059,1.25e-05
1738688400063,1.25e-05
1738692000076,1.25e-05
1738695600074,1.25e-05
1738699200087,1.25e-05
1738702800005,1.25e-05
1738706400113,1.25e-05
1738710000060,1.25e-05
1738713600003,1.25e-05
1738717200029,1.25e-05
1738720800000,1.25e-05
1738724400035,1.25e-05
1738728000032,1.25e-05
1738731600103,1.25e-05
1738735200097,1.25e-05
1738738800021,1.25e-05
1738742400079,1.25e-05
1738746000067,1.25e-05
1738749600129,1.25e-05
1738753200107,1.25e-05
1738756800048,1.25e-05
1738760400015,1.25e-05
1738764000025,1.25e-05
1738767600152,1.25e-05
1738771200083,1.25e-05
1738774800122,1.25e-05
1738778400063,9.0699e-06
1738782000017,1.4138e-06
1738785600089,1.25e-05
1738789200060,1.25e-05
1738792800004,1.25e-05
1738796400195,1.25e-05
1738800000090,9.976e-06
1738803600072,1.25e-05
1738807200065,6.4026e-06
1738810800074,1.04672e-05
1738814400004,1.25e-05
1738818000049,1.25e-05
1738821600052,1.25e-05
1738825200160,1.25e-05
1738828800075,1.25e-05
1738832400045,1.25e-05
1738836000070,1.25e-05
1738839600072,1.25e-05
1738843200057,-2.2228e-05
1738846800025,6.6416e-06
1738850400048,9.9933e-06
1738854000007,-1.06577e-05
1738857600038,8.5996e-06
1738861200010,1.25e-05
1738864800075,1.25e-05
1738868400001,1.25e-05
1738872000074,1.25e-05
1738875600030,1.25e-05
1738879200045,5.3059e-06
1738882800038,1.25e-05
1738886400068,1.25e-05
1738890000079,5.5078e-06
1738893600030,1.25e-05
1738897200041,-1.83986e-05
1738900800030,-2.88733e-05
1738904400124,-9.9269e-06
1738908000151,-5.3048e-06
1738911600009,-1.14417e-05
1738915200098,-2.0799e-05
1738918800008,-1.66488e-05
1738922400090,-1.56703e-05
1738926000129,-1.36368e-05
1738929600025,-8.9947e-06
1738933200113,4.9642e-06
1738936800035,-1.09662e-05
1738940400049,-2.13925e-05
1738944000015,-1.8773e-06
1738947600106,-3.9335e-06
1738951200016,-5.1038e-06
1738954800005,1.25e-05
1738958400065,-1.35847e-05
1738962000062,-2.10148e-05
1738965600078,-2.491e-05
1738969200096,-4.38852e-05
1738972800061,5.4709e-06
1738976400270,-5.5607e-06
1738980000081,-8.933e-07
1738983600085,-1.40941e-05
1738987200068,1.06961e-05
1738990800066,-1.21203e-05
1738994400016,-1.99494e-05
1738998000167,-3.64365e-05
1739001600073,-2.47543e-05
1739005200063,-1.00994e-05
1739008800010,-1.11618e-05
1739012400037,2.5407e-06
1739016000097,-1.13447e-05
1739019600054,1.8072e-06
1739023200123,1.25e-05
1739026800175,-5.3925e-06
1739030400027,-3.53356e-05
1739034000013,-1.43556e-05
1739037600027,9.2879e-06
1739041200041,5.86e-07
1739044800130,-6.1974e-06
1739048400089,-5.6612e-06
1739052000032,-3.7618e-06
1739055600038,-2.47405e-05
1739059200027,-1.499e-05
1739062800059,-2.2623e-05
1739066400063,-1.7652e-05
1739070000004,-4.10557e-05
1739073600125,-3.56161e-05
1739077200016,-2.16787e-05
1739080800042,-3.05806e-05
1739084400093,-3.91806e-05
1739088000096,-3.03957e-05
1739091600053,-2.35881e-05
1739095200009,-2.15967e-05
1739098800049,-2.11241e-05
1739102400016,-1.75533e-05
1739106000027,-2.88594e-05
1739109600041,-3.14187e-05
1739113200018,-1.28357e-05
1739116800041,-1.91348e-05
1739120400072,-2.12813e-05
1739124000046,-3.37903e-05
1739127600019,-3.28837e-05
1739131200172,-3.70264e-05
1739134800024,-1.53626e-05
1739138400040,-3.89723e-05
1739142000039,-2.07157e-05
1739145600080,5.7032e-06
1739149200072,-1.6327e-06
1739152800014,-7.854e-06
1739156400011,-1.54307e-05
1739160000099,7.584e-06
1739163600052,1.25e-05
1739167200048,1.25e-05
1739170800061,1.25e-05
1739174400078,1.25e-05
1739178000043,1.25e-05
1739181600022,1.06976e-05
1739185200015,1.25e-05
1739188800010,1.25e-05
1739192400063,7.6033e-06
1739196000046,7.3814e-06
1739199600051,2.1997e-06
1739203200010,1.25e-05
1739206800040,1.25e-05
1739210400009,1.25e-05
1739214000106,1.10808e-05
1739217600018,4.659e-06
1739221200008,-5.4011e-06
1739224800068,-1.50423e-05
1739228400090,-5.46281e-05
1739232000034,-4.91622e-05
1739235600057,1.25e-05
1739239200033,1.25e-05
1739242800083,1.25e-05
1739246400004,1.25e-05
1739250000064,1.25e-05
1739253600030,1.25e-05
1739257200031,1.25e-05
1739260800197,1.25e-05
1739264400001,1.25e-05
1739268000093,-1.2768e-06
1739271600025,1.25e-05
1739275200028,1.25e-05
1739278800140,1.25e-05
1739282400065,1.25e-05
1739286000039,1.25e-05
1739289600035,-1.29871e-05
1739293200025,-2.3476e-06
1739296800142,7.8126e-06
1739300400040,1.101e-06
1739304000012,7.7664e-06
1739307600058,1.25e-05
1739311200091,1.25e-05
1739314800017,3.9331e-06
1739318400058,1.25e-05
1739322000080,1.25e-05
1739325600079,1.25e-05
1739329200082,1.25e-05
1739332800048,1.25e-05
1739336400105,1.25e-05
1739340000102,1.25e-05
1739343600002,1.25e-05
1739347200047,1.25e-05
1739350800185,1.25e-05
1739354400044,1.25e-05
1739358000017,1.25e-05
1739361600046,1.25e-05
1739365200018,1.25e-05
1739368800067,1.25e-05
1739372400134,1.25e-05
1739376000013,1.25e-05
1739379600103,1.25e-05
1739383200093,1.25e-05
1739386800226,1.25e-05
1739390400093,1.25e-05
1739394000045,1.25e-05
1739397600030,1.25e-05
1739401200100,1.25e-05
1739404800081,1.25e-05
1739408400043,1.25e-05
1739412000027,1.25e-05
1739415600110,1.25e-05
1739419200076,1.25e-05
1739422800017,1.25e-05
1739426400037,1.25e-05
1739430000047,1.25e-05
1739433600015,1.25e-05
1739437200027,1.25e-05
1739440800004,1.25e-05
1739444400029,1.25e-05
1739448000004,1.25e-05
1739451600036,1.25e-05
1739455200067,5.3885e-06
1739458800042,1.25e-05
1739462400027,1.25e-05
1739466000053,1.25e-05
1739469600030,1.25e-05
1739473200001,1.25e-05
1739476800110,1.25e-05
1739480400048,1.25e-05
1739484000009,1.25e-05
1739487600052,1.25e-05
1739491200060,1.25e-05
1739494800023,1.25e-05
1739498400000,1.25e-05
1739502000005,1.25e-05
1739505600118,1.25e-05
1739509200035,1.25e-05
1739512800005,1.25e-05
1739516400016,1.25e-05
1739520000092,1.25e-05
1739523600077,1.25e-05
1739527200051,1.25e-05
1739530800062,1.25e-05
1739534400017,1.25e-05
1739538000060,1.25e-05
1739541600058,1.25e-05
1739545200009,1.25e-05
1739548800020,1.25e-05
1739552400101,1.25e-05
1739556000014,1.25e-05
1739559600019,1.25e-05
1739563200004,1.25e-05
1739566800153,1.25e-05
1739570400106,1.25e-05
1739574000033,1.25e-05
1739577600062,1.25e-05
1739581200096,1.25e-05
1739584800092,1.25e-05
1739588400035,1.25e-05
1739592000013,4.6668e-06
1739595600019,-1.50154e-05
1739599200027,-2.19019e-05
1739602800050,-1.99691e-05
1739606400020,-3.11984e-05
1739610000047,-2.28652e-05
1739613600034,-1.76571e-05
1739617200004,-1.20786e-05
1739620800030,1.25e-05
1739624400004,1.25e-05
1739628000121,1.04287e-05
1739631600055,-1.21075e-05
1739635200163,8.4842e-06
1739638800094,1.25e-05
1739642400096,1.25e-05
1739646000069,1.25e-05
1739649600157,1.25e-05
1739653200019,1.0702e-05
1739656800087,1.25e-05
1739660400059,1.25e-05
1739664000082,1.25e-05
1739667600042,1.25e-05
1739671200022,1.25e-05
1739674800078,1.25e-05
1739678400034,1.25e-05
1739682000007,1.25e-05
1739685600060,1.25e-05
1739689200059,1.25e-05
1739692800039,1.25e-05
1739696400088,1.25e-05
1739700000086,-1.1767e-06
1739703600074,7.1428e-06
1739707200100,8.325e-06
1739710800081,-8.86e-08
1739714400126,-2.35078e-05
1739718000014,-3.61604e-05
1739721600015,-9.3317e-06
1739725200118,-5.5174e-06
1739728800016,-1.93536e-05
1739732400038,-1.06288e-05
1739736000053,-4.1986e-06
1739739600022,-1.142e-06
1739743200096,-3.74104e-05
1739746800044,-2.89947e-05
1739750400038,-8.0464e-06
1739754000055,5.4906e-06
1739757600015,1.2084e-05
1739761200008,4.9877e-06
1739764800050,-4.32323e-05
1739768400038,-5.70157e-05
1739772000001,-5.55426e-05
1739775600006,-5.41785e-05
1739779200051,-5.36709e-05
1739782800096,-3.77109e-05
1739786400007,-2.89233e-05
1739790000061,-1.04977e-05
1739793600035,-1.3627e-06
1739797200000,1.25e-05
1739800800089,-7.2949e-06
1739804400038,-4.3113e-06
1739808000048,-3.23588e-05
1739811600106,-4.96609e-05
1739815200032,-2.05082e-05
1739818800022,-1.9182e-05
1739822400053,-4.41936e-05
1739826000018,1.25e-05
1739829600005,1.25e-05
1739833200000,1.25e-05
1739836800098,-1.022e-07
1739840400003,-5.0007e-06
1739844000045,1.25e-05
1739847600019,1.25e-05
1739851200028,1.25e-05
1739854800155,1.9293e-06
1739858400002,-5.44279e-05
1739862000046,-2.9642e-05
1739865600021,-1.0708e-05
1739869200048,-1.58894e-05
1739872800064,-3.31327e-05
1739876400091,-3.2573e-06
1739880000026,-1.46479e-05
1739883600036,-1.65997e-05
1739887200110,-1.18335e-05
1739890800023,-1.01296e-05
1739894400092,-1.242e-05
1739898000029,-2.38503e-05
1739901600043,-4.0775e-06
1739905200031,1.25e-05
1739908800084,1.25e-05
1739912400014,1.25e-05
1739916000019,1.25e-05
1739919600130,1.25e-05
1739923200076,1.25e-05
1739926800048,1.25e-05
1739930400048,1.25e-05
1739934000021,1.25e-05
1739937600025,1.25e-05
1739941200018,1.25e-05
1739944800012,1.25e-05
1739948400050,1.25e-05
1739952000022,1.25e-05
1739955600091,1.25e-05
1739959200091,1.25e-05
1739962800035,1.25e-05
1739966400109,1.25e-05
1739970000006,-4.936e-07
1739973600042,1.25e-05
1739977200101,8.7396e-06
1739980800051,1.25e-05
1739984400091,1.25e-05
1739988000018,1.25e-05
1739991600072,1.25e-05
1739995200051,6.8559e-06
1739998800014,9.3234e-06
1740002400043,1.25e-05
1740006000018,1.25e-05
1740009600055,1.25e-05
1740013200132,1.25e-05
1740016800042,1.25e-05
1740020400070,1.25e-05
1740024000031,1.25e-05
1740027600037,1.25e-05
1740031200054,1.25e-05
1740034800111,1.25e-05
1740038400010,1.25e-05
1740042000027,1.25e-05
1740045600063,1.25e-05
1740049200004,1.25e-05
1740052800109,1.25e-05
1740056400140,1.25e-05
1740060000075,1.25e-05
1740063600003,1.25e-05
1740067200078,6.3284e-06
1740070800036,-1.13004e-05
1740074400010,-6.944e-07
1740078000089,-2.17934e-05
1740081600003,-2.32972e-05
1740085200050,-4.4184e-06
1740088800095,-8.3036e-06
1740092400039,8.8096e-06
1740096000115,1.25e-05
1740099600066,-9.9683e-06
1740103200000,1.20523e-05
1740106800085,7.439e-07
1740110400025,1.25e-05
1740114000031,4.477e-06
1740117600000,3.8798e-06
1740121200091,1.986e-07
1740124800085,-1.90649e-05
1740128400036,-1.44775e-05
1740132000029,-3.52351e-05
1740135600119,-3.96371e-05
1740139200082,-7.32824e-05
1740142800025,-5.46295e-05
1740146400023,-3.6984e-06
1740150000029,-1.43073e-05
1740153600016,9.0396e-06
1740157200025,1.25e-05
1740160800043,7.6226e-06
1740164400059,1.25e-05
1740168000059,1.25e-05
1740171600000,1.25e-05
1740175200028,1.25e-05
1740178800096,1.25e-05
1740182400015,1.25e-05
1740186000018,1.25e-05
1740189600086,1.25e-05
1740193200084,1.25e-05
1740196800048,1.25e-05
1740200400000,1.25e-05
1740204000091,1.25e-05
1740207600123,1.25e-05
1740211200020,1.25e-05
1740214800014,1.25e-05
1740218400206,1.25e-05
1740222000022,1.25e-05
1740225600115,1.25e-05
1740229200015,1.25e-05
1740232800051,1.25e-05
1740236400004,1.25e-05
1740240000035,1.25e-05
1740243600066,1.25e-05
1740247200039,1.25e-05
1740250800094,1.25e-05
1740254400010,1.25e-05
1740258000034,1.25e-05
1740261600068,1.25e-05
1740265200031,1.25e-05
1740268800060,1.25e-05
1740272400041,1.25e-05
1740276000045,-3.5102e-06
1740279600011,-9.5827e-06
1740283200048,2.2941e-06
1740286800034,-1.53104e-05
1740290400064,-2.43445e-05
1740294000010,-6.6965e-06
1740297600152,5.1185e-06
1740301200027,3.955e-07
1740304800011,-1.00172e-05
1740308400166,-2.31253e-05
1740312000052,-3.79827e-05
1740315600098,-6.97127e-05
1740319200050,-3.45083e-05
1740322800066,-4.17185e-05
1740326400079,-3.77454e-05
1740330000024,-8.7839e-06
1740333600068,1.3077e-06
1740337200008,5.122e-07
1740340800030,-1.69826e-05
1740344400023,-2.42785e-05
1740348000118,-1.12704e-05
1740351600017,-5.50074e-05
1740355200123,-4.52105e-05
1740358800041,-1.06077e-05
1740362400008,-6.52453e-05
1740366000005,-4.50508e-05
1740369600039,-3.32123e-05
1740373200085,-5.26906e-05
1740376800199,-2.22105e-05
1740380400017,-2.9156e-05
1740384000014,-1.9739e-06
1740387600101,-3.7571e-06
1740391200039,-5.7832e-06
1740394800065,-5.3871e-05
1740398400048,1.25e-05
1740402000028,1.25e-05
1740405600098,1.25e-05
1740409200019,1.25e-05
1740412800053,7.9588e-06
1740416400162,1.25e-05
1740420000103,1.25e-05
1740423600018,1.25e-05
1740427200109,1.25e-05
1740430800000,1.25e-05
1740434400047,1.25e-05
1740438000197,1.25e-05
1740441600011,1.25e-05
1740445200007,1.25e-05
1740448800064,1.25e-05
1740452400015,1.25e-05
1740456000008,1.25e-05
1740459600131,1.25e-05
1740463200030,1.25e-05
1740466800045,1.25e-05
1740470400042,1.25e-05
1740474000016,1.25e-05
1740477600003,1.25e-05
1740481200135,1.25e-05
1740484800041,1.25e-05
1740488400053,1.25e-05
1740492000000,1.25e-05
1740495600006,1.15905e-05
1740499200007,1.25e-05
1740502800035,1.25e-05
1740506400013,1.25e-05
1740510000031,1.25e-05
1740513600027,1.25e-05
1740517200054,1.25e-05
1740520800040,1.25e-05
1740524400000,1.25e-05
1740528000018,1.25e-05
1740531600028,1.25e-05
1740535200045,1.25e-05
1740538800034,1.25e-05
1740542400031,1.25e-05
1740546000005,1.25e-05
1740549600045,1.25e-05
1740553200033,1.25e-05
1740556800090,1.25e-05
1740560400042,1.25e-05
1740564000041,1.25e-05
1740567600020,1.25e-05
1740571200020,1.25e-05
1740574800024,4.3935e-06
1740578400043,3.0352e-06
1740582000035,1.25e-05
1740585600086,1.25e-05
1740589200048,1.25e-05
1740592800041,1.25e-05
1740596400182,2.575e-06
1740600000197,1.25e-05
1740603600028,1.25e-05
1740607200064,1.25e-05
1740610800135,1.25e-05
1740614400080,1.25e-05
1740618000065,1.25e-05
1740621600026,1.25e-05
1740625200077,1.25e-05
1740628800028,1.25e-05
1740632400007,1.25e-05
1740636000026,1.25e-05
1740639600052,1.25e-05
1740643200140,1.25e-05
1740646800030,1.25e-05
1740650400090,1.25e-05
1740654000060,1.25e-05
1740657600031,1.25e-05
1740661200037,8.2489e-06
1740664800039,1.01207e-05
1740668400051,6.2644e-06
1740672000009,1.25e-05
1740675600060,1.25e-05
1740679200027,1.25e-05
1740682800036,1.25e-05
1740686400058,4.1059e-06
1740690000047,1.25e-05
1740693600082,1.25e-05
1740697200080,1.25e-05
1740700800071,1.25e-05
1740704400016,1.25e-05
1740708000023,1.25e-05
1740711600052,1.25e-05
1740715200021,1.25e-05
1740718800040,1.25e-05
1740722400041,1.25e-05
1740726000183,1.25e-05
1740729600099,1.25e-05
1740733200062,1.25e-05
1740736800118,1.25e-05
1740740400032,1.25e-05
1740744000119,1.25e-05
1740747600132,1.25e-05
1740751200024,1.25e-05
1740754800119,1.25e-05
1740758400001,1.25e-05
1740762000029,1.25e-05
1740765600031,1.25e-05
1740769200008,1.25e-05
1740772800006,1.14129e-05
1740776400042,-5.8201e-06
1740780000048,-2.4819e-06
1740783600132,-1.3176e-06
1740787200033,-1.46448e-05
1740790800110,1.25e-05
1740794400017,1.25e-05
1740798000076,1.25e-05
1740801600052,1.25e-05
1740805200012,1.25e-05
1740808800066,1.25e-05
1740812400024,1.25e-05
1740816000095,1.25e-05
1740819600045,1.25e-05
1740823200068,1.25e-05
1740826800017,8.2291e-06
1740830400049,-1.75073e-05
1740834000041,9.1521e-06
1740837600009,-1.04162e-05
1740841200038,1.25e-05
1740844800027,1.25e-05
1740848400003,1.25e-05
1740852000047,1.25e-05
1740855600093,1.25e-05
1740859200035,1.25e-05
1740862800032,1.25e-05
1740866400007,1.25e-05
1740870000025,1.25e-05
1740873600094,1.25e-05
1740877200036,1.25e-05
1740880800076,1.25e-05
1740884400016,1.25e-05
1740888000012,1.25e-05
1740891600085,1.25e-05
1740895200004,1.25e-05
1740898800083,1.25e-05
1740902400006,1.25e-05
1740906000055,1.25e-05
1740909600057,1.25e-05
1740913200110,1.25e-05
1740916800051,1.25e-05
1740920400031,1.25e-05
1740924000018,1.25e-05
1740927600010,1.25e-05
1740931200006,1.25e-05
1740934800036,2.2022e-06
1740938400042,1.25e-05
1740942000007,-1.4613e-06
1740945600088,-1.42436e-05
1740949200026,-1.29847e-05
1740952800027,-9.9493e-06
1740956400136,-4.6742e-06
1740960000048,-1.14733e-05
1740963600018,-6.3384e-06
1740967200076,-7.2349e-06
1740970800003,1.14318e-05
1740974400243,9.946e-06
1740978000037,1.25e-05
1740981600048,1.25e-05
1740985200007,1.25e-05
1740988800047,1.25e-05
1740992400041,1.25e-05
1740996000025,1.25e-05
1740999600021,1.25e-05
1741003200007,1.25e-05
1741006800078,1.25e-05
1741010400092,1.25e-05
1741014000031,1.25e-05
1741017600013,1.25e-05
1741021200125,1.25e-05
1741024800013,1.25e-05
1741028400042,1.25e-05
1741032000055,1.25e-05
1741035600008,1.25e-05
1741039200195,1.25e-05
1741042800052,1.25e-05
1741046400060,1.25e-05
1741050000040,1.25e-05
1741053600091,1.25e-05
1741057200031,1.5878e-06
1741060800008,1.2204e-06
1741064400003,-1.1642e-06
1741068000136,-3.2815e-06
1741071600015,-3.7391e-06
1741075200045,-1.04417e-05
1741078800049,-2.3338e-06
1741082400050,-6.5784e-06
1741086000048,-1.33632e-05
1741089600008,-4.1357e-06
1741093200030,-7.1506e-06
1741096800038,-6.5242e-06
1741100400014,-2.80275e-05
1741104000078,-1.89945e-05
1741107600027,-1.24646e-05
1741111200006,-4.5546e-06
1741114800111,8.1191e-06
1741118400062,-1.37053e-05
1741122000029,-2.02092e-05
1741125600126,1.25e-05
1741129200006,-1.1771e-05
1741132800036,-2.94027e-05
1741136400064,-1.2071e-05
1741140000053,-1.3389e-05
1741143600009,-2.03484e-05
1741147200045,1.2187e-06
1741150800040,3.38e-07
1741154400098,-6.9754e-06
1741158000153,-1.27464e-05
1741161600056,-1.44644e-05
1741165200036,-1.49297e-05
1741168800066,-2.35647e-05
1741172400035,-3.63555e-05
1741176000044,-1.77488e-05
1741179600020,9.1157e-06
1741183200084,-1.97643e-05
1741186800025,-5.0217e-06
1741190400043,-5.44e-07
1741194000040,-6.17e-08
1741197600020,1.8914e-06
1741201200028,8.82e-08
1741204800097,3.6612e-06
1741208400112,-1.10852e-05
1741212000030,-3.04783e-05
1741215600105,-3.43512e-05
1741219200014,-3.08367e-05
1741222800079,-3.17624e-05
1741226400147,-2.64129e-05
1741230000072,-2.01451e-05
1741233600033,-1.12201e-05
1741237200043,-3.1798e-06
1741240800041,-7.098e-06
1741244400085,-2.10974e-05
1741248000022,-1.89585e-05
1741251600027,-1.81371e-05
1741255200037,-1.91255e-05
1741258800128,-1.89391e-05
1741262400025,-2.86752e-05
1741266000132,-1.10751e-05
1741269600004,-2.37859e-05
1741273200016,-2.47622e-05
1741276800026,-2.24567e-05
1741280400008,-2.63208e-05
1741284000109,8.4725e-06
1741287600005,-2.9823e-06
1741291200031,-2.9188e-06
1741294800034,-1.66115e-05
1741298400012,-1.57059e-05
1741302000018,-2.59237e-05
1741305600126,-4.63951e-05
1741309200001,-3.05217e-05
1741312800013,-3.87673e-05
1741316400032,-3.23343e-05
1741320000061,-3.70235e-05
1741323600050,-3.92114e-05
1741327200031,-2.70663e-05
1741330800030,-3.00942e-05
1741334400033,-4.35874e-05
1741338000011,-2.90559e-05
1741341600029,-1.96853e-05
1741345200015,-1.34113e-05
1741348800014,-9.1824e-06
1741352400209,-2.0576e-05
1741356000047,-1.36418e-05
1741359600037,-9.62e-06
1741363200060,-1.47044e-05
1741366800119,-2.70763e-05
1741370400136,-1.72616e-05
1741374000024,1.0584e-05
1741377600030,-1.499e-06
1741381200112,7.6543e-06
1741384800109,3.8802e-06
1741388400043,-6.5691e-06
1741392000069,4.273e-07
1741395600015,1.03235e-05
1741399200090,-1.7385e-06
1741402800072,1.25e-05
1741406400120,9.1248e-06
1741410000017,4.3318e-06
1741413600027,7.146e-06
1741417200163,-9.7744e-06
1741420800115,-2.9248e-06
1741424400028,-6.601e-06
1741428000095,-9.9463e-06
1741431600204,-1.5822e-05
1741435200039,-1.57433e-05
1741438800056,4.81e-08
1741442400029,-1.4692e-05
1741446000027,-1.52633e-05
1741449600062,-1.22201e-05
1741453200012,-1.6543e-06
1741456800081,-3.08738e-05
1741460400051,-1.20405e-05
1741464000004,-1.9317e-06
1741467600032,-5.4125e-06
1741471200066,-6.592e-06
1741474800046,-1.39865e-05
1741478400011,1.9924e-06
1741482000102,4.648e-06
1741485600136,-1.44895e-05
1741489200034,1.01402e-05
1741492800028,9.485e-06
1741496400046,4.8369e-06
1741500000063,1.25e-05
1741503600092,1.25e-05
1741507200012,1.25e-05
1741510800030,1.25e-05
1741514400069,1.25e-05
1741518000053,1.25e-05
1741521600119,1.25e-05
1741525200060,1.25e-05
1741528800060,1.25e-05
1741532400014,1.25e-05
1741536000003,1.25e-05
1741539600099,1.25e-05
1741543200029,1.25e-05
1741546800021,4.8625e-06
1741550400082,4.1162e-06
1741554000052,6.3895e-06
1741557600039,-3.8368e-06
1741561200026,-1.3136e-06
1741564800002,1.11599e-05
1741568400113,5.7608e-06
1741572000092,-5.8201e-06
1741575600091,7.1951e-06
1741579200071,-5.2274e-06
1741582800073,-1.41912e-05
1741586400050,-2.5433e-06
1741590000004,-1.2141e-05
1741593600009,-1.77985e-05
1741597200107,-1.01613e-05
1741600800006,-2.27224e-05
1741604400001,3.491e-07
1741608000027,6.2718e-06
1741611600084,1.25e-05
1741615200028,1.25e-05
1741618800027,-2.39139e-05
1741622400008,-7.3908e-06
1741626000026,-4.45928e-05
1741629600015,-2.28526e-05
1741633200046,-9.9052e-06
1741636800020,1.25e-05
1741640400045,3.391e-06
1741644000028,-2.09264e-05
1741647600061,-2.0247e-06
1741651200077,-1.91955e-05
1741654800027,-1.87974e-05
1741658400066,-1.62524e-05
1741662000054,-5.3338e-06
1741665600023,1.25e-05
1741669200054,1.25e-05
1741672800068,1.25e-05
1741676400184,1.25e-05
1741680000011,1.25e-05
1741683600057,1.25e-05
1741687200039,1.25e-05
1741690800089,9.1344e-06
1741694400067,-5.9549e-06
1741698000040,-1.63701e-05
1741701600099,-4.09551e-05
1741705200013,-4.28623e-05
1741708800069,-3.33991e-05
1741712400006,-3.70823e-05
1741716000016,-3.9321e-05
1741719600051,-1.10552e-05
1741723200037,-2.7022e-06
1741726800002,-7.0323e-06
1741730400078,-3.23222e-05
1741734000033,-3.34728e-05
1741737600020,-3.01583e-05
1741741200065,-1.37395e-05
1741744800179,-7.326e-06
1741748400036,-1.48287e-05
1741752000055,-4.5453e-06
1741755600079,-2.88591e-05
1741759200068,-1.52244e-05
1741762800010,-2.90219e-05
1741766400024,-1.92305e-05
1741770000015,-1.08716e-05
1741773600084,-7.8164e-06
1741777200015,-1.38924e-05
1741780800005,-4.7565e-06
1741784400015,-1.44944e-05
1741788000004,-2.17665e-05
1741791600059,-2.75291e-05
1741795200030,-2.78246e-05
1741798800053,-7.439e-06
1741802400072,-4.3061e-06
1741806000036,2.1129e-06
1741809600036,-5.3369e-06
1741813200048,-1.03983e-05
1741816800016,3.8971e-06
1741820400075,1.25e-05
1741824000013,1.25e-05
1741827600039,7.2352e-06
1741831200048,6.0965e-06
1741834800035,1.03799e-05
1741838400066,-2.02879e-05
1741842000085,-2.71515e-05
1741845600030,-3.65543e-05
1741849200042,-3.14433e-05
1741852800115,-1.47207e-05
1741856400044,-3.206e-06
1741860000009,1.25e-05
1741863600118,1.25e-05
1741867200071,1.25e-05
1741870800051,1.25e-05
1741874400116,-7.1682e-06
1741878000109,1.7176e-06
1741881600086,5.6081e-06
1741885200026,-1.55362e-05
1741888800028,-7.7365e-06
1741892400005,1.25e-05
1741896000082,-3.4739e-06
1741899600004,-1.22523e-05
1741903200060,-2.27042e-05
1741906800025,-8.4357e-06
1741910400047,1.25e-05
1741914000000,1.25e-05
1741917600083,7.8613e-06
1741921200044,1.25e-05
1741924800062,1.25e-05
1741928400065,1.25e-05
1741932000044,1.25e-05
1741935600003,1.25e-05
1741939200059,1.25e-05
1741942800006,1.25e-05
1741946400088,1.25e-05
1741950000010,1.25e-05
1741953600027,1.25e-05
1741957200043,-7.9545e-06
1741960800131,1.25e-05
1741964400031,6.1543e-06
1741968000062,-6.2139e-06
1741971600062,-8.9571e-06
1741975200178,-1.46836e-05
1741978800049,-2.2149e-06
1741982400078,-3.08442e-05
1741986000053,-2.8774e-05
1741989600049,-4.0661e-05
1741993200000,-2.92503e-05
1741996800046,-1.72693e-05
1742000400029,-1.8829e-05
1742004000017,-1.45354e-05
1742007600076,-1.07459e-05
1742011200036,-8.8529e-06
1742014800042,-1.01305e-05
1742018400010,-7.792e-06
1742022000127,-3.0545e-06
1742025600029,-9.6218e-06
1742029200028,-7.6715e-06
1742032800031,-5.0123e-06
1742036400090,-1.04348e-05
1742040000138,-2.07952e-05
1742043600009,-4.5818e-06
1742047200066,1.08004e-05
1742050800066,-1.41705e-05
1742054400010,-8.0509e-06
1742058000056,2.4742e-06
1742061600061,1.16769e-05
1742065200203,-2.0917e-06
1742068800008,-1.66051e-05
1742072400010,-1.9416e-06
1742076000089,-5.5525e-06
1742079600065,-6.7818e-06
1742083200031,-3.2071e-06
1742086800043,-6.7147e-06
1742090400131,-6.1798e-06
1742094000062,-1.57507e-05
1742097600114,-2.09403e-05
1742101200047,-1.17563e-05
1742104800014,-9.1291e-06
1742108400071,-6.1816e-06
1742112000023,-9.0291e-06
1742115600041,-6.5084e-06
1742119200112,-1.88463e-05
1742122800052,-2.38181e-05
1742126400081,-1.05754e-05
1742130000044,1.6844e-06
1742133600021,1.23012e-05
1742137200033,-6.5745e-06
1742140800082,-1.23691e-05
1742144400075,-1.05042e-05
1742148000090,-4.7371e-06
1742151600063,1.25e-05
1742155200067,-1.63076e-05
1742158800048,-1.04211e-05
1742162400043,-1.88439e-05
1742166000049,-3.79979e-05
1742169600141,-1.14829e-05
1742173200107,3.3795e-06
1742176800079,8.0722e-06
1742180400067,8.2768e-06
1742184000019,1.23865e-05
1742187600046,1.01439e-05
1742191200049,1.25e-05
1742194800088,4.2444e-06
1742198400003,2.7834e-06
1742202000061,9.6911e-06
1742205600016,-7.038e-07
1742209200050,2.8426e-06
1742212800002,2.5934e-06
1742216400045,-2.42907e-05
1742220000073,-2.33655e-05
1742223600007,-4.18629e-05
1742227200057,-2.56578e-05
1742230800066,-1.67924e-05
1742234400059,4.664e-07
1742238000018,8.1412e-06
1742241600000,-1.18798e-05
1742245200068,-1.33864e-05
1742248800030,-1.45146e-05
1742252400011,-1.22729e-05
1742256000030,-1.7481e-05
1742259600042,-2.58768e-05
1742263200061,-1.83589e-05
1742266800010,3.7554e-06
1742270400022,-3.5489e-06
1742274000014,-1.70949e-05
1742277600073,-9.3867e-06
1742281200080,-1.35205e-05
1742284800057,-7.6483e-06
1742288400002,-3.9915e-06
1742292000005,2.7531e-06
1742295600081,-1.30203e-05
1742299200006,-9.1025e-06
1742302800034,-1.31162e-05
1742306400054,-2.19766e-05
1742310000076,-1.18167e-05
1742313600057,-8.3588e-06
1742317200087,-1.5249e-06
1742320800027,-5.6954e-06
1742324400087,-8.1949e-06
1742328000019,7.2035e-06
1742331600052,-8.5651e-06
1742335200019,1.25e-05
1742338800000,1.25e-05
1742342400023,1.25e-05
1742346000005,1.25e-05
1742349600057,1.25e-05
1742353200061,1.13254e-05
1742356800041,1.25e-05
1742360400057,1.25e-05
1742364000026,1.25e-05
1742367600103,1.25e-05
1742371200024,-3.056e-06
1742374800074,-2.2968e-06
1742378400139,-4.1097e-06
1742382000032,-7.0645e-06
1742385600037,3.5631e-06
1742389200042,-4.1577e-06
1742392800005,1.0133e-05
1742396400035,7.4892e-06
1742400000039,6.8619e-06
1742403600029,5.0256e-06
1742407200160,-7.796e-06
1742410800012,7.0784e-06
1742414400079,9.9071e-06
1742418000126,-1.74311e-05
1742421600063,-1.10639e-05
1742425200061,4.4043e-06
1742428800049,1.25e-05
1742432400020,-1.18309e-05
1742436000028,-1.43241e-05
1742439600050,-5.253e-06
1742443200085,-1.75162e-05
1742446800048,-2.41339e-05
1742450400021,1.673e-07
1742454000019,-7.5955e-06
1742457600003,-3.6955e-06
1742461200000,8.5912e-06
1742464800077,1.25e-05
1742468400115,-1.73296e-05
1742472000025,-7.8541e-06
1742475600088,-1.24037e-05
1742479200025,-6.8985e-06
1742482800088,1.25e-05
1742486400047,6.2036e-06
1742490000049,4.8481e-06
1742493600101,1.25e-05
1742497200019,7.175e-07
1742500800042,3.1936e-06
1742504400071,1.25e-05
1742508000094,-9.271e-07
1742511600046,-2.6071e-06
1742515200035,-6.477e-07
1742518800043,-2.4743e-06
1742522400002,2.772e-06
1742526000069,-1.38769e-05
1742529600057,-2.33352e-05
1742533200018,-4.415e-06
1742536800061,-1.15811e-05
1742540400064,-1.39376e-05
1742544000025,-1.66326e-05
1742547600042,-2.0131e-06
1742551200060,4.6085e-06
1742554800041,-1.24509e-05
1742558400052,-1.98334e-05
1742562000053,-2.24982e-05
1742565600010,-1.80226e-05
1742569200039,-1.05192e-05
1742572800047,-9.5379e-06
1742576400044,3.6669e-06
1742580000060,1.25e-05
1742583600007,1.25e-05
1742587200057,4.6977e-06
1742590800070,4.2288e-06
1742594400074,1.25e-05
1742598000010,1.25e-05
1742601600038,3.2165e-06
1742605200046,1.25e-05
1742608800055,1.25e-05
1742612400032,6.5152e-06
1742616000009,1.25e-05
1742619600032,1.25e-05
1742623200102,1.25e-05
1742626800047,1.25e-05
1742630400042,1.25e-05
1742634000106,1.25e-05
1742637600058,1.25e-05
1742641200115,1.25e-05
1742644800035,1.25e-05
1742648400082,1.25e-05
1742652000032,1.25e-05
1742655600064,2.5179e-06
1742659200036,6.268e-07
1742662800054,1.25e-05
1742666400119,1.25e-05
1742670000063,3.5954e-06
1742673600026,6.0596e-06
1742677200027,1.1715e-05
1742680800028,-3.1096e-06
1742684400000,-4.1056e-06
1742688000020,-1.35087e-05
1742691600050,6.4299e-06
1742695200008,1.25e-05
1742698800011,1.25e-05
1742702400029,1.04794e-05
1742706000049,1.25e-05
1742709600102,-8.2625e-06
1742713200057,-3.9548e-06
1742716800065,7.989e-07
1742720400040,3.2111e-06
1742724000077,-1.48216e-05
1742727600033,1.25e-05
1742731200010,1.25e-05
1742734800077,9.1224e-06
1742738400023,1.25e-05
1742742000067,1.25e-05
1742745600051,1.25e-05
1742749200043,1.25e-05
1742752800031,1.25e-05
1742756400027,1.11338e-05
1742760000112,1.14031e-05
1742763600029,9.6936e-06
1742767200028,-1.13315e-05
1742770800053,1.25e-05
1742774400090,7.9455e-06
1742778000018,1.25e-05
1742781600009,1.25e-05
1742785200043,1.25e-05
1742788800138,1.25e-05
1742792400036,1.25e-05
1742796000058,7.9612e-06
1742799600029,1.25e-05
1742803200023,1.25e-05
1742806800026,1.25e-05
1742810400015,1.25e-05
1742814000166,1.25e-05
1742817600041,1.25e-05
1742821200043,1.25e-05
1742824800065,1.25e-05
1742828400003,1.25e-05
1742832000030,1.25e-05
1742835600029,1.25e-05
1742839200037,1.25e-05
1742842800007,1.25e-05
1742846400047,1.25e-05
1742850000085,3.8588e-06
1742853600030,1.1783e-05
1742857200063,3.2857e-06
1742860800026,1.25e-05
1742864400028,1.25e-05
1742868000021,1.25e-05
1742871600024,1.25e-05
1742875200019,1.25e-05
1742878800049,1.25e-05
1742882400070,1.25e-05
1742886000040,1.25e-05
1742889600081,1.25e-05
1742893200007,1.25e-05
1742896800049,1.25e-05
1742900400008,1.25e-05
1742904000023,1.25e-05
1742907600065,1.25e-05
1742911200079,1.25e-05
1742914800007,1.25e-05
1742918400047,1.25e-05
1742922000015,1.25e-05
1742925600047,1.25e-05
1742929200045,-3.6095e-06
1742932800009,1.1572e-06
1742936400043,5.4943e-06
1742940000045,4.3943e-06
1742943600208,-1.9211e-06
1742947200001,5.9384e-06
1742950800003,1.25e-05
1742954400077,4.4123e-06
1742958000008,4.8872e-06
1742961600064,1.19223e-05
1742965200014,1.24895e-05
1742968800065,1.25e-05
1742972400003,1.25e-05
1742976000022,1.25e-05
1742979600005,1.25e-05
1742983200058,1.25e-05
1742986800012,1.25e-05
1742990400001,1.25e-05
1742994000063,1.07532e-05
1742997600069,-2.3629e-06
1743001200047,-6.4895e-06
1743004800008,1.20743e-05
1743008400024,2.489e-06
1743012000109,1.25e-05
1743015600004,1.25e-05
1743019200019,7.0322e-06
1743022800046,1.25e-05
1743026400035,3.0516e-06
1743030000035,1.8745e-06
1743033600005,-3.1498e-06
1743037200006,5.4429e-06
1743040800036,1.24443e-05
1743044400030,1.25e-05
1743048000011,1.25e-05
1743051600053,1.25e-05
1743055200074,1.25e-05
1743058800007,1.25e-05
1743062400083,1.25e-05
1743066000057,1.25e-05
1743069600043,1.25e-05
1743073200012,1.25e-05
1743076800047,1.25e-05
1743080400054,1.25e-05
1743084000010,1.25e-05
1743087600015,1.25e-05
1743091200049,1.25e-05
1743094800022,9.1719e-06
1743098400068,7.542e-06
1743102000133,1.25e-05
1743105600066,1.25e-05
1743109200001,1.25e-05
1743112800037,1.25e-05
1743116400024,1.25e-05
1743120000014,1.25e-05
1743123600070,1.25e-05
1743127200013,1.25e-05
1743130800000,1.25e-05
1743134400065,1.25e-05
1743138000056,5.1635e-06
1743141600041,1.25e-05
1743145200054,1.25e-05
1743148800039,-1.27922e-05
1743152400073,1.25e-05
1743156000056,1.25e-05
1743159600023,1.25e-05
1743163200105,1.25e-05
1743166800006,1.25e-05
1743170400073,2.3966e-06
1743174000063,-2.4339e-06
1743177600011,1.24342e-05
1743181200012,1.25e-05
1743184800030,1.25e-05
1743188400060,1.25e-05
1743192000021,1.06651e-05
1743195600026,1.22597e-05
1743199200063,1.20167e-05
1743202800049,1.25e-05
1743206400086,3.7572e-06
1743210000069,5.3904e-06
1743213600003,3.7285e-06
1743217200037,-4.931e-06
1743220800066,1.25e-05
1743224400042,1.25e-05
1743228000061,1.25e-05
1743231600111,7.3906e-06
1743235200045,1.6039e-06
1743238800062,3.8853e-06
1743242400009,6.17e-08
1743246000052,-6.2371e-06
1743249600027,-2.35127e-05
1743253200055,9.483e-07
1743256800037,7.9801e-06
1743260400120,-3.8672e-06
1743264000174,-1.6405e-06
1743267600050,-2.0805e-06
1743271200045,-1.36995e-05
1743274800093,-1.53854e-05
1743278400034,-2.0975e-05
1743282000049,-7.803e-06
1743285600097,-3.08026e-05
1743289200048,-3.77342e-05
1743292800022,-3.55589e-05
1743296400028,-1.55278e-05
1743300000030,-1.76795e-05
1743303600025,-1.53524e-05
1743307200056,-4.24654e-05
1743310800085,-5.16946e-05
1743314400061,-6.00321e-05
1743318000061,-6.21051e-05
1743321600093,-5.52138e-05
1743325200107,-4.47642e-05
1743328800004,-3.37794e-05
1743332400000,-3.48009e-05
1743336000029,-4.48559e-05
1743339600021,-2.96466e-05
1743343200064,-3.35813e-05
1743346800027,-1.8752e-05
1743350400030,-3.40662e-05
1743354000057,-4.29729e-05
1743357600045,-3.93693e-05
1743361200039,-1.21671e-05
1743364800006,-1.47107e-05
1743368400000,-2.08492e-05
1743372000011,-3.32601e-05
1743375600098,-5.30952e-05
1743379200059,-3.0312e-05
1743382800016,-3.81939e-05
1743386400051,-1.23006e-05
1743390000041,-5.0846e-06
1743393600097,-2.0385e-06
1743397200013,1.5907e-06
1743400800087,1.25e-05
1743404400060,4.9097e-06
1743408000041,-3.0691e-06
1743411600032,2.7569e-06
1743415200007,6.4204e-06
1743418800005,1.21385e-05
1743422400189,1.23159e-05
1743426000052,1.25e-05
1743429600007,1.25e-05
1743433200002,1.25e-05
1743436800035,1.25e-05
1743440400069,6.0886e-06
1743444000044,7.6959e-06
1743447600051,1.25e-05
1743451200009,1.25e-05
1743454800053,9.7325e-06
1743458400055,3.8407e-06
1743462000005,-1.4782e-06
1743465600014,1.25e-05
1743469200112,1.25e-05
1743472800017,1.25e-05
1743476400093,1.25e-05
1743480000077,1.25e-05
1743483600036,1.25e-05
1743487200027,1.25e-05
1743490800078,1.25e-05
1743494400075,1.25e-05
1743498000074,1.25e-05
1743501600002,1.25e-05
1743505200022,1.25e-05
1743508800006,1.25e-05
1743512400030,1.25e-05
1743516000018,1.25e-05
1743519600000,1.25e-05
1743523200033,1.25e-05
1743526800035,1.25e-05
1743530400050,1.25e-05
1743534000020,1.25e-05
1743537600049,1.25e-05
1743541200021,1.25e-05
1743544800020,1.25e-05
1743548400024,1.25e-05
1743552000043,1.25e-05
1743555600010,1.25e-05
1743559200060,1.25e-05
1743562800015,1.25e-05
1743566400092,1.25e-05
1743570000180,1.25e-05
1743573600024,1.25e-05
1743577200010,1.25e-05
1743580800023,1.25e-05
1743584400007,1.25e-05
1743588000019,1.25e-05
1743591600046,1.25e-05
1743595200020,-3.0481e-06
1743598800114,2.003e-06
1743602400059,1.25e-05
1743606000052,1.25e-05
1743609600075,7.9441e-06
1743613200022,1.25e-05
1743616800007,1.25e-05
1743620400085,-2.5343e-06
1743624000002,1.06144e-05
1743627600075,1.25e-05
1743631200051,2.1762e-06
1743634800039,-2.60406e-05
1743638400071,-2.13508e-05
1743642000140,-4.6667e-06
1743645600014,-3.8775e-06
1743649200096,-1.09774e-05
1743652800005,-6.0704e-06
1743656400001,-1.41773e-05
1743660000090,-2.52427e-05
1743663600032,-3.0053e-05
1743667200096,-2.63805e-05
1743670800141,-2.25728e-05
1743674400086,-1.71334e-05
1743678000041,-2.48441e-05
1743681600002,-2.02838e-05
1743685200039,-3.12044e-05
1743688800053,-4.80864e-05
1743692400029,-4.63997e-05
1743696000085,-3.71383e-05
1743699600033,-2.49097e-05
1743703200035,-2.50039e-05
1743706800038,-2.12482e-05
1743710400004,-1.96548e-05
1743714000040,-3.53198e-05
1743717600025,-4.9589e-05
1743721200014,-5.90633e-05
1743724800034,-4.63931e-05
1743728400026,-3.1535e-05
1743732000012,-3.33999e-05
1743735600059,-2.85929e-05
1743739200057,-2.8388e-05
1743742800078,-2.99456e-05
1743746400019,-2.18631e-05
1743750000004,-1.07827e-05
1743753600009,-3.9376e-06
1743757200023,-1.35241e-05
1743760800039,-7.7227e-06
1743764400041,-7.2067e-06
1743768000047,-3.95908e-05
1743771600056,-2.95285e-05
1743775200029,-1.23207e-05
1743778800049,-3.86344e-05
1743782400021,-2.97847e-05
1743786000065,-1.53791e-05
1743789600005,-1.5238e-05
1743793200018,-2.43728e-05
1743796800095,-1.76385e-05
1743800400056,-2.98132e-05
1743804000039,-2.81387e-05
1743807600004,-3.02826e-05
1743811200101,-4.40946e-05
1743814800024,-3.65901e-05
1743818400049,-2.8159e-05
1743822000038,-2.63364e-05
1743825600099,-1.64653e-05
1743829200025,-1.3077e-05
1743832800055,-1.51718e-05
1743836400005,-1.78877e-05
1743840000029,-2.56916e-05
1743843600042,-2.80039e-05
1743847200041,-2.20647e-05
1743850800035,-1.80881e-05
1743854400113,-2.75449e-05
1743858000029,-2.70669e-05
1743861600185,-2.56371e-05
1743865200024,-2.5857e-05
1743868800033,-2.62435e-05
1743872400023,-2.62099e-05
1743876000028,-2.36975e-05
1743879600081,-3.1602e-05
1743883200038,-3.73794e-05
1743886800026,-3.45803e-05
1743890400037,-3.74923e-05
1743894000019,-3.63926e-05
1743897600051,-3.13608e-05
1743901200041,-8.1364e-06
1743904800027,1.075e-06
1743908400017,7.1457e-06
1743912000002,7.811e-06
1743915600017,-2.6336e-06
1743919200017,-2.021e-06
1743922800065,8.4766e-06
1743926400042,-5.0546e-06
1743930000015,-3.68647e-05
1743933600009,-3.61308e-05
1743937200006,-3.49311e-05
1743940800061,-3.30677e-05
1743944400031,-3.1019e-05
1743948000100,-1.88647e-05
1743951600063,-2.26293e-05
1743955200028,-5.6291e-06
1743958800008,-7.6134e-06
1743962400030,-2.44782e-05
1743966000154,-3.33485e-05
1743969600025,-2.62768e-05
1743973200029,-1.00989e-05
1743976800027,-1.93285e-05
1743980400005,-2.86192e-05
1743984000007,-2.59742e-05
1743987600091,-3.28531e-05
1743991200063,8.3061e-06
1743994800004,-1.78484e-05
1743998400081,-3.31155e-05
1744002000069,-1.36904e-05
1744005600045,3.2805e-06
1744009200040,1.20615e-05
1744012800118,-5.1917e-06
1744016400113,-1.38801e-05
1744020000042,-3.02761e-05
1744023600022,-3.14039e-05
1744027200076,-4.50562e-05
1744030800022,-3.30395e-05
1744034400009,-3.31281e-05
1744038000020,-1.29734e-05
1744041600107,-3.69982e-05
1744045200026,-7.15556e-05
1744048800094,-3.50058e-05
1744052400019,-3.80016e-05
1744056000019,-3.31398e-05
1744059600021,-2.39892e-05
1744063200021,-2.07903e-05
1744066800039,-1.8015e-06
1744070400066,-1.61793e-05
1744074000042,-3.1103e-06
1744077600073,-2.313e-06
1744081200068,1.25e-05
1744084800096,1.25e-05
1744088400090,1.25e-05
1744092000017,4.1571e-06
1744095600050,1.25e-05
1744099200004,8.0818e-06
1744102800032,8.164e-07
1744106400015,2.1015e-06
1744110000071,-3.539e-07
1744113600033,1.07858e-05
1744117200007,1.25e-05
1744120800076,-1.53975e-05
1744124400019,-5.06582e-05
1744128000005,-1.16691e-05
1744131600050,-2.68565e-05
1744135200011,-3.0914e-05
1744138800108,-2.51142e-05
1744142400026,-3.0357e-05
1744146000049,-3.06607e-05
1744149600014,-5.49903e-05
1744153200029,-6.27628e-05
1744156800087,-8.12837e-05
1744160400087,-4.62098e-05
1744164000056,-2.7163e-05
1744167600008,-2.96493e-05
1744171200023,-2.8129e-05
1744174800076,-3.30791e-05
1744178400068,-3.62072e-05
1744182000006,-1.77111e-05
1744185600074,-7.829e-06
1744189200060,6.3675e-06
1744192800088,1.25e-05
1744196400036,9.7188e-06
1744200000055,7.2373e-06
1744203600059,-1.77206e-05
1744207200032,-2.63492e-05
1744210800065,-5.4833e-06
1744214400084,-1.50365e-05
1744218000011,-3.06612e-05
1744221600060,1.25e-05
1744225200059,-2.94244e-05
1744228800038,-3.33148e-05
1744232400017,-4.60231e-05
1744236000054,-5.67957e-05
1744239600012,-1.53154e-05
1744243200001,9.239e-07
1744246800036,-1.23342e-05
1744250400025,-6.777e-06
1744254000071,-8.7426e-06
1744257600093,3.9279e-06
1744261200028,1.25e-05
1744264800046,1.05047e-05
1744268400030,-5.9048e-06
1744272000025,1.01148e-05
1744275600068,1.01677e-05
1744279200076,-6.6279e-06
1744282800045,-9.775e-07
1744286400084,7.8138e-06
1744290000015,1.25e-05
1744293600121,1.25e-05
1744297200031,1.25e-05
1744300800051,1.25e-05
1744304400069,1.25e-05
1744308000109,1.25e-05
1744311600018,1.25e-05
1744315200048,3.3441e-06
1744318800059,2.845e-07
1744322400042,-2.078e-07
1744326000003,7.9393e-06
1744329600102,-2.6943e-06
1744333200098,6.8225e-06
1744336800096,8.9249e-06
1744340400013,1.25e-05
1744344000008,1.25e-05
1744347600044,1.25e-05
1744351200062,1.25e-05
1744354800005,1.25e-05
1744358400039,1.25e-05
1744362000103,1.25e-05
1744365600069,1.25e-05
1744369200083,1.25e-05
1744372800117,1.25e-05
1744376400018,1.25e-05
1744380000074,1.25e-05
1744383600047,1.25e-05
1744387200054,1.25e-05
1744390800068,1.25e-05
1744394400020,1.25e-05
1744398000006,6.7267e-06
1744401600006,1.25e-05
1744405200082,1.25e-05
1744408800113,1.25e-05
1744412400032,4.399e-06
1744416000042,1.25e-05
1744419600010,6.4387e-06
1744423200017,-1.1339e-06
1744426800069,-9.7647e-06
1744430400040,1.25e-05
1744434000014,1.25e-05
1744437600077,3.198e-06
1744441200041,-2.65788e-05
1744444800015,-3.76635e-05
1744448400128,-5.38085e-05
1744452000079,-2.62779e-05
1744455600059,-3.94174e-05
1744459200012,-3.93575e-05
1744462800009,-2.80262e-05
1744466400006,-2.31631e-05
1744470000015,-2.70247e-05
1744473600062,-2.38635e-05
1744477200027,-2.00193e-05
1744480800095,-3.0247e-05
1744484400020,-2.4713e-05
1744488000084,-1.92938e-05
1744491600082,-1.96194e-05
1744495200026,-3.19327e-05
1744498800121,-3.32252e-05
1744502400037,-1.61433e-05
1744506000063,-1.29154e-05
1744509600002,-2.09091e-05
1744513200021,1.20748e-05
1744516800044,-1.76895e-05
1744520400082,1.25e-05
1744524000078,1.25e-05
1744527600033,3.3897e-06
1744531200072,-1.1735e-05
1744534800112,-5.5514e-06
1744538400012,-9.2097e-06
1744542000021,-1.22059e-05
1744545600054,-1.89204e-05
1744549200002,-1.77876e-05
1744552800004,-1.81561e-05
1744556400100,-1.60411e-05
1744560000087,3.5617e-06
1744563600045,7.2203e-06
1744567200006,1.25e-05
1744570800105,1.25e-05
1744574400028,1.25e-05
1744578000034,1.25e-05
1744581600058,1.25e-05
1744585200011,1.25e-05
1744588800023,1.25e-05
1744592400033,1.25e-05
1744596000040,1.25e-05
1744599600010,1.25e-05
1744603200007,1.25e-05
1744606800018,1.25e-05
1744610400035,1.25e-05
1744614000084,1.25e-05
1744617600043,1.25e-05
1744621200063,1.25e-05
1744624800040,1.25e-05
1744628400042,1.25e-05
1744632000019,1.25e-05
1744635600074,1.25e-05
1744639200054,1.25e-05
1744642800147,1.25e-05
1744646400055,1.25e-05
1744650000087,1.25e-05
1744653600043,1.25e-05
1744657200063,1.25e-05
1744660800018,1.25e-05
1744664400041,1.25e-05
1744668000020,1.25e-05
1744671600028,1.25e-05
1744675200048,1.25e-05
1744678800005,1.25e-05
1744682400049,1.25e-05
1744686000005,1.25e-05
1744689600029,1.25e-05
1744693200104,1.25e-05
1744696800073,1.25e-05
1744700400103,1.25e-05
1744704000030,1.25e-05
1744707600079,1.25e-05
1744711200084,1.25e-05
1744714800074,1.25e-05
1744718400047,1.25e-05
1744722000054,1.25e-05
1744725600036,1.25e-05
1744729200096,1.25e-05
1744732800003,1.25e-05
1744736400107,1.25e-05
1744740000042,1.25e-05
1744743600007,1.25e-05
1744747200015,1.25e-05
1744750800001,2.7348e-06
1744754400020,-4.6444e-06
1744758000080,-1.07226e-05
1744761600008,3.1509e-06
1744765200034,4.8701e-06
1744768800050,-2.7823e-05
1744772400058,-5.0901e-06
1744776000066,3.4309e-06
1744779600127,-4.5169e-06
1744783200006,-2.0648e-06
1744786800021,2.5857e-06
1744790400069,2.4341e-06
1744794000021,-9.9153e-06
1744797600072,-1.44169e-05
1744801200063,-1.09909e-05
1744804800030,-6.9396e-06
1744808400015,4.683e-06
1744812000024,8.9575e-06
1744815600067,1.25e-05
1744819200035,1.25e-05
1744822800017,1.25e-05
1744826400038,8.303e-06
1744830000000,1.25e-05
1744833600061,-2.71081e-05
1744837200033,-2.8085e-05
1744840800075,-2.58455e-05
1744844400053,-1.64133e-05
1744848000078,-1.05841e-05
1744851600060,-1.07338e-05
1744855200002,-1.87088e-05
1744858800088,-1.17246e-05
1744862400016,-2.41941e-05
1744866000081,-5.0608e-06
1744869600010,7.1879e-06
1744873200086,1.25e-05
1744876800060,1.13255e-05
1744880400021,1.25e-05
1744884000093,-1.8036e-06
1744887600027,-1.51063e-05
1744891200100,-1.32444e-05
1744894800129,6.4021e-06
1744898400054,-1.9858e-06
1744902000020,-5.3091e-06
1744905600067,-7.7563e-06
1744909200023,6.9857e-06
1744912800024,1.25e-05
1744916400002,1.25e-05
1744920000019,-1.56629e-05
1744923600092,1.25e-05
1744927200047,9.3789e-06
1744930800046,3.9692e-06
1744934400099,-1.2386e-06
1744938000098,-7.8515e-06
1744941600044,-5.1062e-06
1744945200082,-1.82571e-05
1744948800096,-1.77317e-05
1744952400044,-3.67573e-05
1744956000032,-3.03746e-05
1744959600000,-2.57753e-05
1744963200038,-1.06805e-05
1744966800002,-2.00343e-05
1744970400073,-2.59668e-05
1744974000002,-3.1887e-05
1744977600038,-3.98329e-05
1744981200037,-4.86081e-05
1744984800092,-4.58007e-05
1744988400004,-4.00432e-05
1744992000098,-5.17654e-05
1744995600065,-3.49619e-05
1744999200021,-2.99334e-05
1745002800121,-3.29074e-05
1745006400063,-2.37035e-05
1745010000074,-2.8433e-05
1745013600034,-3.00083e-05
1745017200054,-3.96028e-05
1745020800019,-3.34466e-05
1745024400054,-5.35317e-05
1745028000027,-5.1821e-05
1745031600018,-5.55354e-05
1745035200054,-8.17484e-05
1745038800029,-7.7889e-05
1745042400046,-7.2184e-05
1745046000062,-8.27641e-05
1745049600041,-7.13904e-05
1745053200071,-8.2512e-05
1745056800047,-6.69208e-05
1745060400025,-5.77719e-05
1745064000006,-4.84339e-05
1745067600054,-4.34448e-05
1745071200033,-3.36283e-05
1745074800073,-3.4414e-05
1745078400054,-3.76154e-05
1745082000047,-3.30278e-05
1745085600048,-2.23568e-05
1745089200055,-3.6971e-05
1745092800032,-3.8619e-05
1745096400044,-4.05447e-05
1745100000139,-2.51765e-05
1745103600074,-2.87668e-05
1745107200017,-2.03766e-05
1745110800067,-1.38477e-05
1745114400081,-1.31599e-05
1745118000074,-1.26939e-05
1745121600079,-1.85155e-05
1745125200061,-2.80328e-05
1745128800040,-4.92251e-05
1745132400033,-4.53756e-05
1745136000064,3.5694e-06
1745139600116,-1.67576e-05
1745143200089,-1.74506e-05
1745146800036,-9.5411e-06
1745150400055,1.25e-05
1745154000082,7.0086e-06
1745157600020,-1.42397e-05
1745161200033,-8.8285e-06
1745164800061,-6.895e-06
1745168400028,-2.18799e-05
1745172000096,-1.05805e-05
1745175600048,-2.39801e-05
1745179200092,-1.92295e-05
1745182800039,2.4712e-06
1745186400102,1.17015e-05
1745190000033,1.9222e-06
1745193600007,1.15295e-05
1745197200025,1.25e-05
1745200800034,4.4603e-06
1745204400015,-1.03256e-05
1745208000033,-6.2078e-06
1745211600030,3.1273e-06
1745215200082,3.57e-07
1745218800094,-5.3054e-06
1745222400024,-3.1428e-06
1745226000010,6.0537e-06
1745229600134,1.25e-05
1745233200053,1.25e-05
1745236800028,1.25e-05
1745240400001,6.8173e-06
1745244000018,9.76e-08
1745247600021,-2.5192e-06
1745251200097,-1.75869e-05
1745254800109,-3.22739e-05
1745258400042,-2.29669e-05
1745262000071,-2.661e-07
1745265600044,-2.2708e-05
1745269200050,-3.95559e-05
1745272800046,-3.23322e-05
1745276400018,-2.61358e-05
1745280000047,-2.90592e-05
1745283600028,-3.09609e-05
1745287200049,-2.13419e-05
1745290800010,-1.63682e-05
1745294400018,-1.7451e-05
1745298000086,-1.11215e-05
1745301600049,-2.43509e-05
1745305200112,-2.16236e-05
1745308800012,-2.16621e-05
1745312400090,-2.3381e-05
1745316000002,-2.26819e-05
1745319600036,-3.46705e-05
1745323200045,-3.28057e-05
1745326800019,-3.02631e-05
1745330400016,4.3748e-06
1745334000020,9.6572e-06
1745337600048,-2.6608e-06
1745341200047,-1.04969e-05
1745344800027,-1.27833e-05
1745348400005,-1.67586e-05
1745352000061,-7.8027e-06
1745355600030,-7.1333e-06
1745359200001,-6.2587e-06
1745362800073,1.25e-05
1745366400005,7.4339e-06
1745370000002,-6.3882e-06
1745373600048,-9.3007e-06
1745377200049,-1.26163e-05
1745380800055,-1.13577e-05
1745384400064,1.25e-05
1745388000027,1.25e-05
1745391600086,1.25e-05
1745395200028,1.25e-05
1745398800002,1.25e-05
1745402400110,1.25e-05
1745406000005,1.25e-05
1745409600061,9.553e-06
1745413200110,1.03546e-05
1745416800048,1.25e-05
1745420400032,1.25e-05
1745424000023,1.11711e-05
1745427600027,1.898e-07
1745431200039,2.2263e-06
1745434800005,1.22113e-05
1745438400052,-1.18702e-05
1745442000018,1.07934e-05
1745445600156,-8.9751e-06
1745449200075,-1.5512e-06
1745452800049,-1.7658e-06
1745456400008,-6.7567e-06
1745460000021,-1.7967e-06
1745463600069,-1.04867e-05
1745467200052,-1.62678e-05
1745470800087,-1.46117e-05
1745474400000,-1.56348e-05
1745478000044,-8.9411e-06
1745481600047,-9.273e-06
1745485200073,-1.1157e-06
1745488800020,1.25e-05
1745492400009,8.4631e-06
1745496000015,7.2772e-06
1745499600026,2.7166e-06
1745503200048,9.0666e-06
1745506800010,8.1378e-06
1745510400062,1.25e-05
1745514000010,1.25e-05
1745517600099,1.25e-05
1745521200015,1.25e-05
1745524800114,1.25e-05
1745528400051,1.25e-05
1745532000018,1.25e-05
1745535600077,1.25e-05
1745539200067,1.25e-05
1745542800096,1.25e-05
1745546400044,1.25e-05
1745550000111,1.25e-05
1745553600019,1.25e-05
1745557200110,1.25e-05
1745560800659,1.25e-05
1745564400073,1.25e-05
1745568000036,1.25e-05
1745571600025,1.25e-05
1745575200069,1.25e-05
1745578800035,1.25e-05
1745582400032,1.25e-05
1745586000002,1.25e-05
1745589600022,1.25e-05
1745593200004,1.25e-05
1745596800085,-1.6e-07
1745600400046,1.09622e-05
1745604000037,1.25e-05
1745607600050,1.0187e-05
1745611200058,-4.4567e-06
1745614800047,1.25e-05
1745618400056,1.25e-05
1745622000047,1.25e-05
1745625600070,-3.73e-07
1745629200004,1.25e-05
1745632800037,8.9876e-06
1745636400050,4.5071e-06
1745640000079,-1.3484e-06
1745643600089,-1.38192e-05
1745647200080,-8.0759e-06
1745650800011,2.8774e-06
1745654400041,9.9437e-06
1745658000020,-5.7518e-06
1745661600013,-9.6621e-06
1745665200099,-7.7598e-06
1745668800040,-9.1645e-06
1745672400062,-9.1873e-06
1745676000055,1.9752e-06
1745679600016,3.072e-07
1745683200047,7.7216e-06
1745686800054,4.8772e-06
1745690400019,6.9433e-06
1745694000030,9.0286e-06
1745697600038,1.14167e-05
1745701200024,1.25e-05
1745704800026,5.9565e-06
1745708400003,1.25e-05
1745712000033,1.25e-05
1745715600081,1.25e-05
1745719200017,-6.8144e-06
1745722800074,-1.36642e-05
1745726400052,-9.0649e-06
1745730000058,-1.0914e-05
1745733600014,-1.93073e-05
1745737200032,-1.05901e-05
1745740800015,-7.0862e-06
1745744400034,-5.8974e-06
1745748000004,-1.7898e-05
1745751600010,-7.3634e-06
1745755200060,1.8938e-06
1745758800022,4.6138e-06
1745762400036,1.15161e-05
1745766000047,6.8268e-06
1745769600060,1.1445e-06
1745773200051,8.83e-08
1745776800040,-3.6163e-06
1745780400040,1.8474e-06
1745784000025,9.04e-08
1745787600041,-3.8201e-06
1745791200032,-5.1097e-06
1745794800006,-8.8327e-06
1745798400039,-1.53681e-05
1745802000048,-1.17381e-05
1745805600070,-1.17081e-05
1745809200116,5.779e-06
1745812800046,1.25e-05
1745816400026,4.6426e-06
1745820000029,-6.9158e-06
1745823600083,1.25e-05
1745827200025,1.25e-05
1745830800092,1.25e-05
1745834400106,1.25e-05
1745838000067,3.3403e-06
1745841600007,1.25e-05
1745845200058,-6.5305e-06
1745848800031,1.9785e-06
1745852400049,8.5261e-06
1745856000005,-1.06752e-05
1745859600059,1.2453e-06
1745863200027,1.9101e-06
1745866800072,-9.4678e-06
1745870400031,4.5237e-06
1745874000031,-2.73695e-05
1745877600038,-2.49666e-05
1745881200073,-1.2625e-05
1745884800114,-1.5327e-05
1745888400054,-1.65787e-05
1745892000068,-2.6753e-06
1745895600009,-1.06474e-05
1745899200094,-4.6718e-06
1745902800010,1.099e-07
1745906400006,-3.3937e-06
1745910000003,1.25e-05
1745913600045,1.25e-05
1745917200049,1.25e-05
1745920800039,1.25e-05
1745924400028,1.25e-05
1745928000063,9.8082e-06
1745931600012,-1.464e-07
1745935200042,5.4011e-06
1745938800090,1.25e-05
1745942400044,1.25e-05
1745946000089,1.25e-05
1745949600005,1.25e-05
1745953200034,1.25e-05
1745956800019,1.25e-05
1745960400095,1.25e-05
1745964000103,9.6023e-06
1745967600007,-1.15838e-05
1745971200064,-2.3571e-06
1745974800039,1.25e-05
1745978400083,-1.62505e-05
1745982000000,-1.95672e-05
1745985600093,-2.7737e-06
1745989200118,1.25e-05
1745992800051,1.25e-05
1745996400035,1.25e-05
1746000000027,1.25e-05
1746003600041,1.25e-05
1746007200048,1.25e-05
1746010800054,1.25e-05
1746014400106,1.25e-05
1746018000026,1.25e-05
1746021600059,3.097e-06
1746025200012,-6.04e-08
1746028800033,2.9169e-06
1746032400040,1.25e-05
1746036000030,1.25e-05
1746039600099,1.25e-05
1746043200087,1.25e-05
1746046800061,1.25e-05
1746050400053,1.25e-05
1746054000065,1.25e-05
1746057600104,1.25e-05
1746061200030,1.25e-05
1746064800005,1.25e-05
1746068400037,1.25e-05
1746072000010,1.25e-05
1746075600059,1.25e-05
1746079200023,1.25e-05
1746082800023,1.25e-05
1746086400013,1.25e-05
1746090000071,1.25e-05
1746093600063,1.25e-05
1746097200019,1.25e-05
1746100800140,1.25e-05
1746104400001,1.25e-05
1746108000073,1.25e-05
1746111600106,1.25e-05
1746115200012,1.25e-05
1746118800084,1.25e-05
1746122400029,1.25e-05
1746126000029,1.25e-05
1746129600034,1.25e-05
1746133200068,1.25e-05
1746136800057,1.25e-05
1746140400006,1.25e-05
1746144000001,1.25e-05
1746147600054,1.25e-05
1746151200069,1.25e-05
1746154800002,1.25e-05
1746158400034,1.25e-05
1746162000069,1.25e-05
1746165600067,1.25e-05
1746169200001,1.25e-05
1746172800116,1.25e-05
1746176400057,1.25e-05
1746180000076,1.25e-05
1746183600032,1.25e-05
1746187200024,1.25e-05
1746190800000,1.25e-05
1746194400060,1.25e-05
1746198000079,1.25e-05
1746201600032,1.25e-05
1746205200111,1.25e-05
1746208800101,1.25e-05
1746212400062,1.25e-05
1746216000030,1.25e-05
1746219600007,1.25e-05
1746223200037,1.25e-05
1746226800040,1.25e-05
1746230400096,1.25e-05
1746234000021,1.25e-05
1746237600040,1.25e-05
1746241200113,1.25e-05
1746244800069,1.25e-05
1746248400025,1.25e-05
1746252000081,1.25e-05
1746255600040,1.25e-05
1746259200119,1.25e-05
1746262800016,1.25e-05
1746266400004,1.25e-05
1746270000063,1.25e-05
1746273600080,1.25e-05
1746277200018,1.25e-05
1746280800078,1.25e-05
1746284400007,-2.9638e-06
1746288000092,-3.7917e-06
1746291600068,1.0783e-06
1746295200029,-6.5177e-06
1746298800023,9.5106e-06
1746302400024,1.25e-05
1746306000009,1.25e-05
1746309600055,1.25e-05
1746313200004,1.25e-05
1746316800111,1.25e-05
1746320400037,1.25e-05
1746324000084,1.25e-05
1746327600082,1.25e-05
1746331200051,1.25e-05
1746334800046,1.25e-05
1746338400017,1.25e-05
1746342000095,1.25e-05
1746345600000,1.25e-05
1746349200040,1.25e-05
1746352800025,1.25e-05
1746356400059,1.25e-05
1746360000067,1.25e-05
1746363600126,1.25e-05
1746367200045,-1.45583e-05
1746370800016,-9.1669e-06
1746374400097,1.25e-05
1746378000015,1.09852e-05
1746381600062,6.454e-06
1746385200050,7.5772e-06
1746388800015,1.25e-05
1746392400071,1.25e-05
1746396000113,1.25e-05
1746399600044,1.25e-05
1746403200011,1.25e-05
1746406800121,1.25e-05
1746410400054,1.25e-05
1746414000031,1.25e-05
1746417600017,1.25e-05
1746421200009,1.25e-05
1746424800024,1.25e-05
1746428400002,1.25e-05
1746432000012,1.25e-05
1746435600113,1.25e-05
1746439200018,1.25e-05
1746442800021,1.25e-05
1746446400021,1.25e-05
1746450000050,1.25e-05
1746453600011,1.25e-05
1746457200073,1.25e-05
1746460800157,1.25e-05
1746464400021,1.25e-05
1746468000045,1.25e-05
1746471600003,1.25e-05
1746475200012,1.25e-05
1746478800073,1.25e-05
1746482400000,1.25e-05
1746486000053,1.25e-05
1746489600024,1.25e-05
1746493200010,1.25e-05
1746496800008,1.25e-05
1746500400065,1.25e-05
1746504000018,1.25e-05
1746507600099,1.25e-05
1746511200019,1.25e-05
1746514800035,1.25e-05
1746518400074,1.25e-05
1746522000060,1.25e-05
1746525600043,1.25e-05
1746529200001,1.25e-05
1746532800021,1.25e-05
1746536400066,1.25e-05
1746540000017,1.25e-05
1746543600085,1.25e-05
1746547200046,1.25e-05
1746550800011,1.25e-05
1746554400054,1.25e-05
1746558000075,1.25e-05
1746561600001,1.25e-05
1746565200065,1.25e-05
1746568800099,1.25e-05
1746572400067,1.25e-05
1746576000066,1.25e-05
1746579600021,1.25e-05
1746583200081,1.25e-05
1746586800096,1.25e-05
1746590400103,1.25e-05
1746594000048,1.25e-05
1746597600111,1.25e-05
1746601200042,1.25e-05
1746604800064,1.25e-05
1746608400036,1.25e-05
1746612000031,1.25e-05
1746615600004,1.25e-05
1746619200010,1.25e-05
1746622800059,1.25e-05
1746626400006,1.25e-05
1746630000023,1.25e-05
1746633600082,1.25e-05
1746637200040,1.25e-05
1746640800008,1.25e-05
1746644400080,1.25e-05
1746648000107,1.25e-05
1746651600008,1.25e-05
1746655200040,1.25e-05
1746658800029,1.25e-05
1746662400045,1.25e-05
1746666000041,1.25e-05
1746669600033,1.25e-05
1746673200061,1.25e-05
1746676800087,1.25e-05
1746680400081,1.25e-05
1746684000003,1.25e-05
1746687600033,1.25e-05
1746691200045,1.25e-05
1746694800025,1.25e-05
1746698400017,1.25e-05
1746702000014,1.25e-05
1746705600098,1.25e-05
1746709200167,1.25e-05
1746712800082,1.25e-05
1746716400050,1.25e-05
1746720000025,2.43842e-05
1746723600052,2.05376e-05
1746727200057,2.6495e-05
1746730800057,1.25e-05
1746734400006,1.25e-05
1746738000027,5.09368e-05
1746741600047,1.25e-05
1746745200001,2.17546e-05
1746748800076,3.86428e-05
1746752400038,2.54515e-05
1746756000034,1.28095e-05
1746759600000,2.03573e-05
1746763200012,3.35304e-05
1746766800007,4.77188e-05
1746770400048,5.4576e-05
1746774000061,2.17974e-05
1746777600036,1.25e-05
1746781200008,5.76663e-05
1746784800044,6.12476e-05
1746788400005,3.84944e-05
1746792000046,9.95157e-05
1746795600081,5.01174e-05
1746799200033,7.33244e-05
1746802800010,3.44359e-05
1746806400039,4.25597e-05
1746810000005,2.40341e-05
1746813600052,3.49208e-05
1746817200051,6.73545e-05
1746820800011,2.42052e-05
1746824400013,3.38918e-05
1746828000025,3.41674e-05
1746831600078,5.82082e-05
1746835200076,5.4252e-05
1746838800052,1.25e-05
1746842400031,1.25e-05
1746846000023,1.25e-05
1746849600085,1.25e-05
1746853200057,1.25e-05
1746856800018,1.33216e-05
1746860400045,2.07607e-05
1746864000101,1.31294e-05
1746867600013,1.86067e-05
1746871200070,1.25e-05
1746874800020,1.25e-05
1746878400003,1.25e-05
1746882000062,1.52773e-05
1746885600038,2.46377e-05
1746889200006,1.50337e-05
1746892800026,3.24502e-05
1746896400031,3.54642e-05
1746900000059,3.91533e-05
1746903600101,2.02595e-05
1746907200025,5.67492e-05
1746910800028,1.4737e-05
1746914400013,2.43067e-05
1746918000024,5.17885e-05
1746921600015,6.49193e-05
1746925200000,4.95571e-05
1746928800006,4.74714e-05
1746932400098,2.64476e-05
1746936000056,1.54475e-05
1746939600056,3.98547e-05
1746943200067,4.48385e-05
1746946800026,1.25e-05
1746950400047,1.25e-05
1746954000031,1.25e-05
1746957600021,2.52963e-05
1746961200023,2.88707e-05
1746964800065,4.12066e-05
1746968400089,4.58901e-05
1746972000038,3.39735e-05
1746975600037,1.25e-05
1746979200034,1.25e-05
1746982800012,1.25e-05
1746986400111,1.25e-05
1746990000015,2.39053e-05
1746993600042,4.25897e-05
1746997200079,2.57775e-05
1747000800046,2.82679e-05
1747004400007,1.25e-05
1747008000038,2.2263e-05
1747011600003,4.61327e-05
1747015200016,1.63104e-05
1747018800023,1.96421e-05
1747022400114,1.88342e-05
1747026000079,2.97663e-05
1747029600023,1.75933e-05
1747033200004,2.02375e-05
1747036800052,3.89819e-05
1747040400006,1.25e-05
1747044000029,1.25e-05
1747047600070,1.25e-05
1747051200048,2.06126e-05
1747054800076,4.17113e-05
1747058400066,6.23739e-05
1747062000002,8.75605e-05
1747065600034,5.28115e-05
1747069200046,5.54833e-05
1747072800014,4.37473e-05
1747076400035,1.67701e-05
1747080000008,3.85567e-05
1747083600012,4.92301e-05
1747087200044,5.53293e-05
1747090800051,8.23255e-05
1747094400088,8.43084e-05
1747098000084,4.06693e-05
1747101600038,1.25e-05
1747105200064,1.25e-05
1747108800005,1.25e-05
1747112400079,1.25e-05
1747116000098,1.25e-05
1747119600080,1.55966e-05
1747123200100,1.25e-05
1747126800102,1.25e-05
1747130400055,1.25e-05
1747134000003,1.25e-05
1747137600062,1.25e-05
1747141200015,1.25e-05
1747144800068,1.25e-05
1747148400047,1.25e-05
1747152000057,1.25e-05
1747155600006,1.25e-05
1747159200057,2.12231e-05
1747162800032,6.79668e-05
1747166400040,7.7486e-05
1747170000029,6.9733e-05
1747173600063,5.30252e-05
1747177200122,4.30489e-05
1747180800025,4.36453e-05
1747184400034,1.25e-05
1747188000059,1.96891e-05
1747191600015,1.25e-05
1747195200101,1.25e-05
1747198800139,1.25e-05
1747202400023,1.25e-05
1747206000044,1.25e-05
1747209600024,1.25e-05
1747213200049,1.25e-05
1747216800020,1.25e-05
1747220400065,1.25e-05
1747224000110,1.25e-05
1747227600002,1.25e-05
1747231200022,1.25e-05
1747234800064,1.25e-05
1747238400001,1.25e-05
1747242000003,1.25e-05
1747245600030,1.25e-05
1747249200100,1.25e-05
1747252800049,1.25e-05
1747256400032,1.25e-05
1747260000021,1.25e-05
1747263600024,1.25e-05
1747267200021,1.25e-05
1747270800100,1.25e-05
1747274400000,1.25e-05
1747278000030,1.17751e-05
1747281600007,1.25e-05
1747285200046,4.7178e-06
1747288800009,-3.955e-07
1747292400041,1.19264e-05
1747296000035,-1.84282e-05
1747299600016,-3.0805e-06
1747303200013,-9.7225e-06
1747306800077,-2.857e-06
1747310400008,9.6432e-06
1747314000042,1.25e-05
1747317600076,1.25e-05
1747321200137,1.25e-05
1747324800033,1.25e-05
1747328400090,1.25e-05
1747332000032,1.25e-05
1747335600068,1.25e-05
1747339200106,1.25e-05
1747342800041,1.25e-05
1747346400000,1.25e-05
1747350000027,1.25e-05
1747353600075,1.25e-05
1747357200009,1.25e-05
1747360800070,1.25e-05
1747364400056,1.25e-05
1747368000079,1.25e-05
1747371600040,1.25e-05
1747375200044,1.25e-05
1747378800028,1.25e-05
1747382400029,1.25e-05
1747386000102,1.25e-05
1747389600062,1.25e-05
1747393200067,1.25e-05
1747396800023,1.25e-05
1747400400049,1.25e-05
1747404000055,1.25e-05
1747407600038,1.25e-05
1747411200033,1.25e-05
1747414800078,1.25e-05
1747418400023,1.25e-05
1747422000066,1.25e-05
1747425600031,1.25e-05
1747429200056,1.25e-05
1747432800067,1.25e-05
1747436400071,1.25e-05
1747440000044,1.25e-05
1747443600055,1.25e-05
1747447200106,-3.1234e-06
1747450800047,-3.3482e-06
1747454400012,3.1829e-06
1747458000087,1.25e-05
1747461600007,1.25e-05
1747465200022,1.25e-05
1747468800008,1.25e-05
1747472400017,5.1037e-06
1747476000014,5.702e-07
1747479600062,7.9937e-06
1747483200195,-2.275e-07
1747486800054,-2.0802e-06
1747490400032,-6.1945e-06
1747494000048,-4.499e-06
1747497600016,-1.8995e-06
1747501200156,-1.5485e-05
1747504800050,-1.6604e-06
1747508400026,-5.0861e-06
1747512000018,-1.01301e-05
1747515600041,-6.1829e-06
1747519200095,4.563e-06
1747522800059,4.7676e-06
1747526400066,8.779e-06
1747530000071,1.25e-05
1747533600087,1.25e-05
1747537200054,1.25e-05
1747540800096,1.25e-05
1747544400055,1.25e-05
1747548000061,1.25e-05
1747551600024,1.25e-05
1747555200004,1.25e-05
1747558800092,1.25e-05
1747562400042,1.25e-05
1747566000077,1.25e-05
1747569600018,1.25e-05
1747573200069,1.25e-05
1747576800042,1.25e-05
1747580400039,1.25e-05
1747584000038,1.25e-05
1747587600037,1.25e-05
1747591200174,1.25e-05
1747594800054,1.25e-05
1747598400122,1.25e-05
1747602000034,1.25e-05
1747605600015,1.25e-05
1747609200036,1.25e-05
1747612800008,1.25e-05
1747616400041,1.25e-05
1747620000082,1.25e-05
1747623600062,3.7168e-06
1747627200042,3.908e-07
1747630800054,-1.60153e-05
1747634400035,-5.1674e-06
1747638000113,-1.04532e-05
1747641600020,-5.5845e-06
1747645200089,-9.8229e-06
1747648800002,-1.8655e-06
1747652400143,1.6719e-06
1747656000037,1.01755e-05
1747659600007,9.1528e-06
1747663200036,1.25e-05
1747666800012,1.25e-05
1747670400013,1.25e-05
1747674000071,1.25e-05
1747677600002,1.25e-05
1747681200031,9.1344e-06
1747684800059,1.25e-05
1747688400095,1.25e-05
1747692000002,1.25e-05
1747695600045,1.25e-05
1747699200103,1.25e-05
1747702800037,1.25e-05
1747706400017,1.25e-05
1747710000052,1.25e-05
1747713600035,1.25e-05
1747717200053,1.25e-05
1747720800030,1.25e-05
1747724400025,1.25e-05
1747728000033,1.12743e-05
1747731600034,1.25e-05
1747735200027,7.4098e-06
1747738800042,4.7553e-06
1747742400047,1.25e-05
1747746000109,1.25e-05
1747749600005,9.8173e-06
1747753200019,1.25e-05
1747756800069,1.25e-05
1747760400048,1.25e-05
1747764000030,1.25e-05
1747767600065,1.25e-05
1747771200038,1.25e-05
1747774800006,1.25e-05
1747778400064,1.25e-05
1747782000022,1.25e-05
1747785600065,1.25e-05
1747789200058,1.25e-05
1747792800037,1.25e-05
1747796400022,1.25e-05
1747800000068,1.25e-05
1747803600046,1.25e-05
1747807200048,1.40313e-05
1747810800036,1.74834e-05
1747814400027,1.25e-05
1747818000037,1.25e-05
1747821600027,1.25e-05
1747825200044,1.25e-05
1747828800007,1.25e-05
1747832400061,1.25e-05
1747836000030,1.25e-05
1747839600053,1.25e-05
1747843200003,3.0867e-05
1747846800007,3.48571e-05
1747850400064,1.25e-05
1747854000018,1.25e-05
1747857600058,1.25e-05
1747861200035,1.54539e-05
1747864800019,1.94382e-05
1747868400003,4.0411e-05
1747872000023,8.63499e-05
1747875600020,7.38845e-05
1747879200012,2.63785e-05
1747882800055,1.25e-05
1747886400039,1.25e-05
1747890000098,1.25e-05
1747893600006,1.25e-05
1747897200111,1.25e-05
1747900800041,1.25e-05
1747904400041,1.25e-05
1747908000043,1.25e-05
1747911600072,1.25e-05
1747915200047,1.25e-05
1747918800064,1.25e-05
1747922400016,1.25e-05
1747926000004,1.25e-05
1747929600025,1.25e-05
1747933200046,1.25e-05
1747936800102,1.25e-05
1747940400033,1.25e-05
1747944000069,1.25e-05
1747947600046,1.25e-05
1747951200036,1.25e-05
1747954800021,1.25e-05
1747958400026,1.25e-05
1747962000062,1.25e-05
1747965600066,4.12124e-05
1747969200008,3.68498e-05
1747972800002,2.24784e-05
1747976400051,1.25e-05
1747980000100,1.25e-05
1747983600023,1.25e-05
1747987200035,1.25e-05
1747990800088,1.25e-05
1747994400119,2.4135e-05
1747998000057,2.82769e-05
1748001600048,1.25e-05
1748005200067,1.25e-05
1748008800040,2.66148e-05
1748012400007,4.75207e-05
1748016000070,5.39508e-05
1748019600048,3.29067e-05
1748023200053,3.70084e-05
1748026800028,3.41803e-05
1748030400063,2.9804e-05
1748034000004,1.25e-05
1748037600091,1.25e-05
1748041200174,1.25e-05
1748044800003,1.25e-05
1748048400023,1.25e-05
1748052000070,1.25e-05
1748055600023,1.25e-05
1748059200069,1.25e-05
1748062800006,1.25e-05
1748066400107,1.25e-05
1748070000090,1.25e-05
1748073600037,1.25e-05
1748077200014,1.25e-05
1748080800106,1.25e-05
1748084400016,1.25e-05
1748088000045,1.25e-05
1748091600025,1.25e-05
1748095200037,1.25e-05
1748098800067,1.25e-05
1748102400014,1.25e-05
1748106000057,1.25e-05
1748109600013,1.25e-05
1748113200008,1.25e-05
1748116800045,1.25e-05
1748120400067,1.25e-05
1748124000041,1.25e-05
1748127600017,1.25e-05
1748131200079,1.25e-05
1748134800053,1.25e-05
1748138400132,-2.24869e-05
1748142000038,-2.24544e-05
1748145600039,-2.23042e-05
1748149200038,-3.7518e-06
1748152800032,9.2005e-06
1748156400011,3.246e-06
1748160000004,-9.8016e-06
1748163600034,-1.77171e-05
1748167200089,-6.7721e-06
1748170800038,-4.9877e-06
1748174400062,-2.07476e-05
1748178000041,-1.812e-05
1748181600044,-3.2432e-06
1748185200050,-2.28307e-05
1748188800017,-1.33307e-05
1748192400017,-9.1418e-06
1748196000003,-1.63417e-05
1748199600026,-1.47079e-05
1748203200121,-5.9847e-06
1748206800009,-7.0128e-06
1748210400008,-6.497e-06
1748214000018,-1.29763e-05
1748217600069,-4.1057e-06
1748221200034,-2.0427e-06
1748224800026,4.6168e-06
1748228400038,1.9673e-06
1748232000113,-9.5159e-06
1748235600062,-8.4275e-06
1748239200004,-6.3875e-06
1748242800020,-3.3119e-06
1748246400022,6.5936e-06
1748250000048,-2.711e-06
1748253600013,-1.01688e-05
1748257200079,-1.29277e-05
1748260800052,-2.971e-06
1748264400046,-2.1394e-06
1748268000002,9.0899e-06
1748271600048,-4.4772e-06
1748275200057,-9.1779e-06
1748278800036,-1.69778e-05
1748282400034,-3.18291e-05
1748286000184,-2.78707e-05
1748289600078,-2.85501e-05
1748293200039,-2.41691e-05
1748296800028,-3.35067e-05
1748300400077,-2.34206e-05
1748304000087,-3.02033e-05
1748307600084,-3.5271e-05
1748311200001,-5.52906e-05
1748314800011,-4.83815e-05
1748318400006,-2.85558e-05
1748322000054,-1.88764e-05
1748325600125,-3.02637e-05
1748329200059,-1.42871e-05
1748332800121,-2.3715e-06
1748336400022,-9.9373e-06
1748340000074,-1.0338e-06
1748343600024,6.433e-07
1748347200023,5.7151e-06
1748350800055,2.1935e-06
1748354400020,2.1089e-06
1748358000020,1.25e-05
1748361600051,1.25e-05
1748365200041,1.25e-05
1748368800046,2.23808e-05
1748372400086,1.50859e-05
1748376000018,1.66748e-05
1748379600043,1.57823e-05
1748383200011,1.25e-05
1748386800039,1.25e-05
1748390400112,1.25e-05
1748394000014,1.25e-05
1748397600045,1.25e-05
1748401200058,1.25e-05
1748404800006,1.25e-05
1748408400074,1.25e-05
1748412000049,1.25e-05
1748415600050,1.25e-05
1748419200014,1.25e-05
1748422800091,1.25e-05
1748426400183,1.25e-05
1748430000075,8.3374e-06
1748433600089,1.25e-05
1748437200090,1.25e-05
1748440800005,1.25e-05
1748444400044,1.16724e-05
1748448000020,-3.50628e-05
1748451600033,-1.30284e-05
1748455200055,-2.92237e-05
1748458800046,-2.9161e-05
1748462400096,-4.19896e-05
1748466000153,-4.18936e-05
1748469600008,-2.25997e-05
1748473200054,-1.49941e-05
1748476800026,-6.259e-07
1748480400033,2.2378e-06
1748484000003,1.11965e-05
1748487600067,1.25e-05
1748491200048,1.25e-05
1748494800008,1.25e-05
1748498400062,1.25e-05
1748502000047,1.25e-05
1748505600009,1.25e-05
1748509200005,1.25e-05
1748512800053,1.25e-05
1748516400051,1.25e-05
1748520000053,1.25e-05
1748523600053,9.3759e-06
1748527200036,1.25e-05
1748530800014,1.2062e-06
1748534400025,-9.2675e-06
1748538000034,-6.2544e-06
1748541600040,1.17782e-05
1748545200031,9.2035e-06
1748548800009,7.0909e-06
1748552400030,3.4289e-06
1748556000127,1.1539e-06
1748559600016,9.9565e-06
1748563200037,-5.4373e-06
1748566800049,-7.2217e-06
1748570400039,1.07933e-05
1748574000039,1.7811e-06
1748577600047,-1.9862e-06
1748581200044,-9.091e-06
1748584800067,-3.892e-06
1748588400022,-1.31138e-05
1748592000000,-1.30717e-05
1748595600024,-1.2707e-06
1748599200043,6.145e-07
1748602800016,2.863e-06
1748606400033,-3.0069e-06
1748610000062,-1.46789e-05
1748613600061,-3.465e-06
1748617200055,-4.6424e-06
1748620800012,-2.578e-07
1748624400002,-1.34802e-05
1748628000054,-1.88851e-05
1748631600061,-1.53837e-05
1748635200010,-1.06623e-05
1748638800019,-6.6108e-06
1748642400048,8.1461e-06
1748646000180,-8.645e-07
1748649600016,3.086e-06
1748653200074,-1.6448e-06
1748656800014,1.25e-05
1748660400017,1.6284e-06
1748664000080,1.25e-05
1748667600028,1.25e-05
1748671200064,2.0994e-06
1748674800049,1.07087e-05
1748678400077,4.5328e-06
1748682000052,-6.516e-06
1748685600063,-8.9134e-06
1748689200039,-2.727e-06
1748692800065,5.359e-06
1748696400035,4.4872e-06
1748700000046,6.0795e-06
1748703600010,8.7792e-06
1748707200045,3.8479e-06
1748710800088,1.00073e-05
1748714400045,1.25e-05
1748718000009,1.25e-05
1748721600027,1.25e-05
1748725200015,1.25e-05
1748728800046,1.25e-05
1748732400018,5.3562e-06
1748736000078,8.3405e-06
1748739600019,-1.8022e-06
1748743200109,-1.413e-07
1748746800048,5.935e-06
1748750400103,8.4242e-06
1748754000059,1.25e-05
1748757600133,3.0179e-06
1748761200003,6.9058e-06
1748764800002,8.8524e-06
1748768400055,5.6038e-06
1748772000042,1.25e-05
1748775600046,1.25e-05
1748779200025,1.07798e-05
1748782800084,9.0207e-06
1748786400010,1.25e-05
1748790000030,5.1291e-06
1748793600048,1.01352e-05
1748797200043,1.25e-05
1748800800076,1.25e-05
1748804400018,1.25e-05
1748808000004,1.25e-05
1748811600005,1.25e-05
1748815200049,1.25e-05
1748818800037,1.25e-05
1748822400086,1.25e-05
1748826000023,1.25e-05
1748829600030,1.25e-05
1748833200038,1.25e-05
1748836800014,1.25e-05
1748840400028,1.25e-05
1748844000044,1.25e-05
1748847600008,1.25e-05
1748851200040,1.25e-05
1748854800025,1.25e-05
1748858400026,1.25e-05
1748862000037,1.25e-05
1748865600033,1.25e-05
1748869200081,1.25e-05
1748872800062,1.25e-05
1748876400064,1.25e-05
1748880000096,1.25e-05
1748883600043,1.25e-05
1748887200039,1.25e-05
1748890800056,1.25e-05
1748894400099,1.25e-05
1748898000035,1.25e-05
1748901600136,1.25e-05
1748905200002,1.25e-05
1748908800081,1.25e-05
1748912400009,1.25e-05
1748916000006,1.25e-05
1748919600056,1.25e-05
1748923200053,1.25e-05
1748926800040,1.25e-05
1748930400013,1.25e-05
1748934000012,1.25e-05
1748937600030,1.25e-05
1748941200023,1.25e-05
1748944800007,1.25e-05
1748948400041,1.25e-05
1748952000032,1.25e-05
1748955600033,1.25e-05
1748959200009,1.25e-05
1748962800025,1.25e-05
1748966400045,1.25e-05
1748970000035,1.25e-05
1748973600005,1.25e-05
1748977200055,1.25e-05
1748980800047,1.25e-05
1748984400022,1.25e-05
1748988000045,1.25e-05
1748991600057,1.25e-05
1748995200069,1.25e-05
1748998800018,1.25e-05
1749002400063,1.25e-05
1749006000013,1.25e-05
1749009600062,1.25e-05
1749013200046,1.25e-05
1749016800082,1.25e-05
1749020400073,1.25e-05
1749024000021,1.25e-05
1749027600081,1.25e-05
1749031200065,1.25e-05
1749034800022,1.25e-05
1749038400002,1.25e-05
1749042000042,1.25e-05
1749045600057,5.1131e-06
1749049200078,7.4536e-06
1749052800078,1.25e-05
1749056400038,1.12957e-05
1749060000055,7.2299e-06
1749063600060,1.25e-05
1749067200034,1.25e-05
1749070800050,5.4635e-06
1749074400054,1.25e-05
1749078000077,1.25e-05
1749081600030,1.25e-05
1749085200048,1.25e-05
1749088800041,1.25e-05
1749092400032,1.25e-05
1749096000121,1.25e-05
1749099600107,1.25e-05
1749103200049,1.10102e-05
1749106800043,1.25e-05
1749110400070,1.21631e-05
1749114000114,1.25e-05
1749117600024,1.25e-05
1749121200019,1.25e-05
1749124800051,1.25e-05
1749128400009,1.25e-05
1749132000100,1.25e-05
1749135600039,1.25e-05
1749139200036,1.25e-05
1749142800020,1.25e-05
1749146400120,1.25e-05
1749150000052,9.2235e-06
1749153600081,1.25e-05
1749157200032,1.25e-05
1749160800004,1.25e-05
1749164400057,1.25e-05
1749168000006,1.25e-05
1749171600034,1.25e-05
1749175200029,1.25e-05
1749178800018,1.25e-05
1749182400038,1.25e-05
1749186000153,1.25e-05
1749189600050,1.25e-05
1749193200032,1.25e-05
1749196800093,1.25e-05
1749200400118,1.25e-05
1749204000014,1.25e-05
1749207600020,1.25e-05
1749211200086,1.25e-05
1749214800084,1.25e-05
1749218400000,1.25e-05
1749222000000,1.25e-05
1749225600031,1.25e-05
1749229200080,1.25e-05
1749232800028,1.25e-05
1749236400061,3.223e-06
1749240000067,-7.9787e-06
1749243600062,3.0878e-06
1749247200029,9.134e-06
1749250800070,3.7406e-06
1749254400049,5.1215e-06
1749258000109,4.9197e-06
1749261600150,4.3118e-06
1749265200011,1.25e-05
1749268800007,1.25e-05
1749272400100,8.4553e-06
1749276000006,6.4705e-06
1749279600001,1.25e-05
1749283200011,1.25e-05
1749286800055,1.25e-05
1749290400012,1.25e-05
1749294000014,1.25e-05
1749297600046,1.25e-05
1749301200000,1.25e-05
1749304800037,1.25e-05
1749308400034,1.25e-05
1749312000047,1.25e-05
1749315600034,4.2703e-06
1749319200035,4.3977e-06
1749322800020,3.9165e-06
1749326400034,7.3519e-06
1749330000023,2.1835e-06
1749333600024,-7.5673e-06
1749337200133,-2.5088e-06
1749340800068,-7.6e-09
1749344400007,4.205e-07
1749348000039,1.25e-05
1749351600042,1.13355e-05
1749355200077,1.25e-05
1749358800050,7.7117e-06
1749362400030,8.7823e-06
1749366000054,5.8056e-06
1749369600054,7.269e-07
1749373200029,-1.3637e-06
1749376801094,-2.218e-06
1749380400047,-1.70233e-05
1749384000050,6.1373e-06
1749387600090,7.3216e-06
1749391200034,1.25e-05
1749394800008,1.25e-05
1749398400155,1.25e-05
1749402000100,1.25e-05
1749405600014,1.25e-05
1749409200129,9.8553e-06
1749412800076,1.25e-05
1749416400020,1.25e-05
1749420000029,1.25e-05
1749423600026,1.25e-05
1749427200057,1.25e-05
1749430800044,1.25e-05
1749434400044,1.25e-05
1749438000080,1.25e-05
1749441600036,1.25e-05
1749445200013,1.25e-05
1749448800017,8.2642e-06
1749452400028,1.25e-05
1749456000048,1.25e-05
1749459600009,1.25e-05
1749463200027,1.25e-05
1749466800064,1.25e-05
1749470400039,1.25e-05
1749474000049,1.25e-05
1749477600022,1.25e-05
1749481200045,1.25e-05
1749484800064,1.25e-05
1749488400044,1.25e-05
1749492000020,1.25e-05
1749495600008,1.25e-05
1749499200017,1.25e-05
1749502800047,1.25e-05
1749506400064,1.25e-05
1749510000012,1.25e-05
1749513600020,1.25e-05
1749517200087,1.25e-05
1749520800084,1.25e-05
1749524400011,1.25e-05
1749528000100,1.25e-05
1749531600092,1.25e-05
1749535200045,1.25e-05
1749538800034,1.25e-05
1749542400005,1.25e-05
1749546000009,1.25e-05
1749549600100,1.25e-05
1749553200059,1.25e-05
1749556800068,1.25e-05
1749560400051,1.4503e-06
1749564000059,-3.8442e-06
1749567600028,-5.8071e-06
1749571200050,1.25e-05
1749574800088,1.25e-05
1749578400000,1.25e-05
1749582000048,1.25e-05
1749585600022,1.25e-05
1749589200022,1.25e-05
1749592800015,1.25e-05
1749596400052,1.25e-05
1749600000023,1.25e-05
1749603600031,1.25e-05
1749607200000,1.25e-05
1749610800029,1.25e-05
1749614400007,1.25e-05
1749618000064,2.32257e-05
1749621600004,1.4291e-05
1749625200104,1.38209e-05
1749628800010,1.25e-05
1749632400000,1.32506e-05
1749636000000,2.10414e-05
1749639600025,1.25e-05
1749643200014,1.91113e-05
1749646800005,4.17607e-05
1749650400039,3.32699e-05
1749654000066,2.41918e-05
1749657600022,3.8912e-05
1749661200025,1.61578e-05
1749664800056,1.25e-05
1749668400046,1.25e-05
1749672000062,1.25e-05
1749675600047,1.25e-05
1749679200010,1.25e-05
1749682800035,1.25e-05
1749686400029,1.25e-05
1749690000057,1.25e-05
1749693600030,1.25e-05
1749697200050,1.25e-05
1749700800063,1.25e-05
1749704400051,1.25e-05
1749708000026,1.25e-05
1749711600003,1.25e-05
1749715200002,1.25e-05
1749718800008,1.25e-05
1749722400077,1.25e-05
1749726000028,1.25e-05
1749729600029,1.25e-05
1749733200033,1.25e-05
1749736800050,1.25e-05
1749740400041,1.25e-05
1749744000065,1.25e-05
1749747600050,1.25e-05
1749751200038,1.25e-05
1749754800005,1.25e-05
1749758400034,1.25e-05
1749762000020,1.25e-05
1749765600002,1.25e-05
1749769200085,1.25e-05
1749772800071,1.25e-05
1749776400021,1.25e-05
1749780000052,1.25e-05
1749783600055,1.25e-05
1749787200055,1.25e-05
1749790800019,1.25e-05
1749794400076,1.25e-05
1749798000070,1.25e-05
1749801600018,1.25e-05
1749805200004,1.25e-05
1749808800049,1.25e-05
1749812400043,1.25e-05
1749816000027,1.25e-05
1749819600058,1.25e-05
1749823200063,1.25e-05
1749826800029,1.25e-05
1749830400040,1.25e-05
1749834000020,1.25e-05
1749837600083,1.25e-05
1749841200092,1.25e-05
1749844800037,1.25e-05
1749848400004,1.25e-05
1749852000162,1.25e-05
1749855600009,1.25e-05
1749859200047,1.25e-05
1749862800084,1.25e-05
1749866400075,1.25e-05
1749870000035,1.25e-05
1749873600008,3.2906e-06
1749877200037,-1.7488e-06
1749880800047,-1.34801e-05
1749884400013,-8.8491e-06
1749888000182,4.3601e-06
1749891600007,-9.8523e-06
1749895200013,-5.3051e-06
1749898800012,-1.07232e-05
1749902400033,-5.9865e-06
1749906000004,-1.73595e-05
1749909600010,-1.17206e-05
1749913200001,-1.22103e-05
1749916800021,-1.84134e-05
1749920400013,-8.6149e-06
1749924000012,-7.0426e-06
1749927600061,-1.62042e-05
1749931200043,-1.29357e-05
1749934800044,-2.28568e-05
1749938400032,-3.16778e-05
1749942000017,-3.2701e-05
1749945600102,-3.1498e-05
1749949200119,-1.75568e-05
1749952800164,-1.64171e-05
1749956400032,-2.20899e-05
1749960000040,-2.47505e-05
1749963600095,-2.0455e-05
1749967200052,-1.68871e-05
1749970800018,-1.11972e-05
1749974400021,-3.827e-06
1749978000016,-1.77107e-05
1749981600032,-1.96212e-05
1749985200032,-1.56406e-05
1749988800126,-2.015e-07
1749992400030,4.3371e-06
1749996000056,7.6409e-06
1749999600041,1.18568e-05
1750003200130,1.25e-05
1750006800045,1.25e-05
1750010400022,1.25e-05
1750014000071,1.25e-05
1750017600032,1.25e-05
1750021200007,1.25e-05
1750024800017,1.25e-05
1750028400037,1.25e-05
1750032000076,1.25e-05
1750035600049,1.25e-05
1750039200073,1.25e-05
1750042800020,1.25e-05
1750046400041,1.25e-05
1750050000097,1.25e-05
1750053600023,1.25e-05
1750057200083,1.25e-05
1750060800052,1.25e-05
1750064400029,1.25e-05
1750068000078,1.25e-05
1750071600015,1.25e-05
1750075200104,1.25e-05
1750078800089,1.25e-05
1750082400039,1.25e-05
1750086000038,1.25e-05
1750089600043,1.25e-05
1750093200011,1.25e-05
1750096800037,1.25e-05
1750100400001,1.25e-05
1750104000000,1.25e-05
1750107600037,1.25e-05
1750111200001,1.25e-05
1750114800089,1.25e-05
1750118400100,9.4079e-06
1750122000007,1.25e-05
1750125600020,1.25e-05
1750129200002,5.6603e-06
1750132800065,1.25e-05
1750136400036,1.25e-05
1750140000030,1.25e-05
1750143600019,1.25e-05
1750147200086,1.25e-05
1750150800014,7.3873e-06
1750154400035,1.0675e-06
1750158000010,6.3541e-06
1750161600148,9.6218e-06
1750165200023,-6.8224e-06
1750168800000,-2.7644e-06
1750172400033,-3.8365e-06
1750176000030,-1.97828e-05
1750179600001,-1.57247e-05
1750183200016,-3.7702e-06
1750186800020,-5.7277e-06
1750190400072,1.3865e-06
1750194000134,-9.5797e-06
1750197600007,-1.91786e-05
1750201200041,-9.6401e-06
1750204800088,-8.5744e-06
1750208400078,-7.5687e-06
1750212000090,4.4884e-06
1750215600030,3.1576e-06
1750219200080,3.5293e-06
1750222800071,1.2039e-05
1750226400051,9.4993e-06
1750230000036,1.5862e-06
1750233600028,-2.064e-07
1750237200015,6.2054e-06
1750240800036,3.4145e-06
1750244400033,-5.0303e-06
1750248000012,-5.8404e-06
1750251600176,-2.8051e-06
1750255200051,-4.9486e-06
1750258800022,1.12647e-05
1750262400066,8.5402e-06
1750266000052,8.2374e-06
1750269600067,1.25e-05
1750273200046,1.25e-05
1750276800040,6.8055e-06
1750280400006,8.7052e-06
1750284000041,1.25e-05
1750287600066,1.25e-05
1750291200047,1.25e-05
1750294800052,1.25e-05
1750298400022,1.25e-05
1750302000039,1.25e-05
1750305600079,1.25e-05
1750309200009,1.25e-05
1750312800005,1.25e-05
1750316400071,1.25e-05
1750320000036,1.25e-05
1750323600002,1.25e-05
1750327200081,1.25e-05
1750330800024,1.25e-05
1750334400042,1.25e-05
1750338000015,7.7153e-06
1750341600064,3.9897e-06
1750345200017,5.6964e-06
1750348800041,1.8259e-06
1750352400007,-6.1713e-06
1750356000012,4.3795e-06
1750359600010,1.4336e-06
1750363200009,8.1455e-06
1750366800013,8.4608e-06
1750370400020,6.0526e-06
1750374000094,3.0767e-06
1750377600010,8.3688e-06
1750381200041,4.2898e-06
1750384800037,5.7288e-06
1750388400001,4.9673e-06
1750392000051,-7.0185e-06
1750395600001,-1.18424e-05
1750399200010,-8.4798e-06
1750402800184,1.0782e-06
1750406400051,1.2746e-06
1750410000015,9.5092e-06
1750413600061,-5.3878e-06
1750417200044,5.4078e-06
1750420800061,9.6637e-06
1750424400035,1.16442e-05
1750428000039,7.3672e-06
1750431600025,1.25e-05
1750435200037,1.25e-05
1750438800001,1.23627e-05
1750442400003,1.25e-05
1750446000018,1.25e-05
1750449600100,1.25e-05
1750453200016,1.25e-05
1750456800031,1.07292e-05
1750460400059,7.064e-06
1750464000049,9.3252e-06
1750467600056,2.178e-07
1750471200037,-7.3335e-06
1750474800106,2.956e-07
1750478400070,-5.415e-07
1750482000024,1.5902e-06
1750485600014,2.4721e-06
1750489200018,-2.4314e-06
1750492800012,-8.4991e-06
1750496400057,-8.689e-07
1750500000011,-4.9365e-06
1750503600021,-2.1927e-06
1750507200046,-1.1802e-06
1750510800024,-5.3397e-06
1750514400060,-5.2057e-06
1750518000030,-3.1307e-06
1750521600081,-8.5064e-06
1750525200045,-1.37485e-05
1750528800041,-1.63412e-05
1750532400077,-2.2339e-05
1750536000044,-1.96794e-05
1750539600061,-4.0768e-06
1750543200046,-2.159e-05
1750546800104,-2.66233e-05
1750550400016,-1.79198e-05
1750554000040,-9.3976e-06
1750557600038,-1.53682e-05
1750561200065,-1.71286e-05
1750564800100,-1.46398e-05
1750568400018,1.7538e-06
1750572000038,-1.5629e-06
1750575600067,3.7135e-06
1750579200031,-6.7192e-06
1750582800046,-6.746e-07
1750586400050,4.2555e-06
1750590000036,5.2416e-06
1750593600031,2.7903e-06
1750597200012,2.9879e-06
1750600800086,-6.8267e-06
1750604400065,4.7121e-06
1750608000069,1.267e-06
1750611600040,1.20357e-05
1750615200048,1.25e-05
1750618800085,1.25e-05
1750622400054,1.25e-05
1750626000048,1.25e-05
1750629600041,1.25e-05
1750633200044,1.25e-05
1750636800043,1.25e-05
1750640400037,1.25e-05
1750644000017,1.25e-05
1750647600044,1.07069e-05
1750651200049,3.1609e-06
1750654800019,1.25e-05
1750658400076,1.25e-05
1750662000011,1.25e-05
1750665600017,1.19838e-05
1750669200019,7.7496e-06
1750672800046,3.2871e-06
1750676400034,3.8705e-06
1750680000080,6.0925e-06
1750683600012,5.8362e-06
1750687200004,6.0643e-06
1750690800046,-1.12105e-05
1750694400038,-2.23813e-05
1750698000060,-2.1057e-05
1750701600057,8.6424e-06
1750705200136,1.25e-05
1750708800113,1.25e-05
1750712400002,1.25e-05
1750716000022,1.25e-05
1750719600081,1.25e-05
1750723200086,1.25e-05
1750726800030,1.17194e-05
1750730400012,5.8449e-06
1750734000058,3.3098e-06
1750737600011,1.8105e-06
1750741200057,1.16007e-05
1750744800021,1.21154e-05
1750748400020,1.25e-05
1750752000005,1.25e-05
1750755600035,1.1679e-05
1750759200047,1.25e-05
1750762800024,1.25e-05
1750766400039,1.25e-05
1750770000075,1.25e-05
1750773600000,1.25e-05
1750777200070,1.25e-05
1750780800015,8.725e-06
1750784400052,1.25e-05
1750788000069,1.25e-05
1750791600043,6.6018e-06
1750795200020,6.0295e-06
1750798800117,1.20441e-05
1750802400021,1.25e-05
1750806000016,1.25e-05
1750809600046,1.25e-05
1750813200024,1.25e-05
1750816800044,1.25e-05
1750820400022,1.25e-05
1750824000021,1.25e-05
1750827600108,1.25e-05
1750831200081,1.25e-05
1750834800014,1.25e-05
1750838400049,1.25e-05
1750842000056,1.25e-05
1750845600018,1.25e-05
1750849200047,1.25e-05
1750852800014,1.25e-05
1750856400113,1.25e-05
1750860000133,1.25e-05
1750863600058,1.25e-05
1750867200058,1.25e-05
1750870800041,9.907e-07
1750874400042,6.5944e-06
1750878000007,1.25e-05
1750881600067,1.25e-05
1750885200026,1.25e-05
1750888800007,1.25e-05
1750892400042,1.25e-05
1750896000101,1.971e-06
1750899600002,9.1872e-06
1750903200017,5.9084e-06
1750906800038,2.9521e-06
1750910400069,1.25e-05
1750914000068,1.25e-05
1750917600042,1.6511e-06
1750921200020,1.9304e-06
1750924800086,1.25e-05
1750928400030,5.184e-07
1750932000107,-4.2831e-06
1750935600055,-5.9812e-06
1750939200037,-3.8444e-06
1750942800035,2.425e-07
1750946400041,-8.312e-07
1750950000057,-9.435e-07
1750953600035,-1.1772e-06
1750957200006,-2.711e-07
1750960800019,-1.39148e-05
1750964400032,-1.43402e-05
1750968000060,-3.1257e-06
1750971600003,7.1796e-06
1750975200030,-1.79915e-05
1750978800100,-2.25701e-05
1750982400045,-1.59519e-05
1750986000051,-7.5014e-06
1750989600002,1.25e-05
1750993200058,1.10558e-05
1750996800075,1.24675e-05
1751000400053,9.8398e-06
1751004000022,1.25e-05
1751007600039,1.25e-05
1751011200094,7.1371e-06
1751014800074,1.25e-05
1751018400062,8.588e-06
1751022000077,-3.1568e-06
1751025600089,-5.7365e-06
1751029200012,-7.4262e-06
1751032800134,1.25e-05
1751036400057,1.1818e-05
1751040000002,1.25e-05
1751043600040,1.25e-05
1751047200028,1.25e-05
1751050800055,-2.3336e-06
1751054400010,1.20454e-05
1751058000128,1.25e-05
1751061600049,1.25e-05
1751065200026,1.25e-05
1751068800061,1.25e-05
1751072400002,1.25e-05
1751076000050,1.25e-05
1751079600018,1.25e-05
1751083200012,1.25e-05
1751086800027,1.25e-05
1751090400009,1.25e-05
1751094000061,1.25e-05
1751097600029,1.25e-05
1751101200080,1.25e-05
1751104800063,1.25e-05
1751108400015,1.25e-05
1751112000033,1.22477e-05
1751115600035,8.7587e-06
1751119200069,7.8772e-06
1751122800038,1.01187e-05
1751126400129,1.25e-05
1751130000012,1.25e-05
1751133600074,1.25e-05
1751137200062,1.25e-05
1751140800031,1.25e-05
1751144400032,1.25e-05
1751148000098,1.25e-05
1751151600026,1.25e-05
1751155200019,1.25e-05
1751158800121,1.25e-05
1751162400018,1.25e-05
1751166000058,1.25e-05
1751169600046,1.25e-05
1751173200092,1.25e-05
1751176800009,1.25e-05
1751180400042,1.25e-05
1751184000036,1.25e-05
1751187600036,1.25e-05
1751191200076,1.25e-05
1751194800049,1.25e-05
1751198400033,1.25e-05
1751202000061,1.25e-05
1751205600001,1.25e-05
1751209200052,1.25e-05
1751212800060,1.25e-05
1751216400066,1.25e-05
1751220000047,1.25e-05
1751223600122,1.25e-05
1751227200049,1.25e-05
1751230800068,1.25e-05
1751234400016,1.25e-05
1751238000017,1.25e-05
1751241600062,1.25e-05
1751245200028,1.25e-05
1751248800062,1.25e-05
1751252400034,1.25e-05
1751256000049,1.25e-05
1751259600040,1.25e-05
1751263200058,1.25e-05
1751266800011,1.25e-05
1751270400035,1.25e-05
1751274000077,1.25e-05
1751277600008,1.25e-05
1751281200026,1.25e-05
1751284800051,1.25e-05
1751288400038,1.25e-05
1751292000068,1.25e-05
1751295600010,1.25e-05
1751299200014,1.25e-05
1751302800035,1.25e-05
1751306400047,1.25e-05
1751310000009,1.25e-05
1751313600048,1.25e-05
1751317200106,1.25e-05
1751320800037,1.25e-05
1751324400013,1.25e-05
1751328000000,1.25e-05
1751331600011,1.25e-05
1751335200035,1.25e-05
1751338800038,1.25e-05
1751342400012,1.25e-05
1751346000014,1.25e-05
1751349600028,1.25e-05
1751353200012,1.25e-05
1751356800025,1.25e-05
1751360400032,1.25e-05
1751364000005,1.25e-05
1751367600022,1.25e-05
1751371200037,1.25e-05
1751374800023,1.25e-05
1751378400059,1.25e-05
1751382000051,1.25e-05
1751385600065,1.25e-05
1751389200091,1.25e-05
1751392800012,1.25e-05
1751396400051,1.25e-05
1751400000039,6.5048e-06
1751403600001,1.25e-05
1751407200000,5.6582e-06
1751410800025,4.0546e-06
1751414400041,-7.633e-07
1751418000011,3.4573e-06
1751421600107,4.7302e-06
1751425200024,-2.6591e-06
1751428800099,2.7482e-06
1751432400011,-3.9815e-06
1751436000037,-9.2213e-06
1751439600071,-4.2752e-06
1751443200049,-1.0567e-06
1751446800053,-1.5193e-06
1751450400047,-7.0108e-06
1751454000038,1.5831e-06
1751457600059,-7.4023e-06
1751461200000,-1.03649e-05
1751464800049,4.503e-06
1751468400010,-2.2334e-06
1751472000059,5.956e-07
1751475600066,3.0365e-06
1751479200001,-3.6826e-06
1751482800122,-2.19843e-05
1751486400002,-2.49858e-05
1751490000024,-1.28441e-05
1751493600038,-8.2189e-06
1751497200063,-4.9266e-06
1751500800130,-1.29138e-05
1751504400011,-1.93734e-05
1751508000048,-1.22784e-05
1751511600081,-1.92417e-05
1751515200066,-1.53204e-05
1751518800012,-6.4279e-06
1751522400001,3.9148e-06
1751526000033,3.3407e-06
1751529600051,4.8473e-06
1751533200047,1.4234e-06
1751536800042,6.5757e-06
1751540400013,-2.2764e-06
1751544000051,-2.2832e-06
1751547600047,-1.04518e-05
1751551200079,2.971e-07
1751554800007,-2.02852e-05
1751558400045,-7.7347e-06
1751562000034,-1.31479e-05
1751565600053,-5.581e-06
1751569200011,-6.8435e-06
1751572800054,3.0599e-06
1751576400075,1.25e-05
1751580000040,6.8519e-06
1751583600069,8.3525e-06
1751587200046,1.25e-05
1751590800035,3.1761e-06
1751594400109,1.01298e-05
1751598000027,-4.7217e-06
1751601600076,6.8058e-06
1751605200024,5.3123e-06
1751608800104,1.25e-05
1751612400018,6.6061e-06
1751616000038,-4.2989e-06
1751619600001,-2.7228e-06
1751623200081,-4.3837e-06
1751626800045,-3.4458e-06
1751630400042,-8.731e-07
1751634000040,-8.8627e-06
1751637600029,-1.5588e-06
1751641200091,2.3793e-06
1751644800010,-7.88e-07
1751648400118,3.4684e-06
1751652000053,1.25e-05
1751655600123,1.25e-05
1751659200017,1.25e-05
1751662800042,1.25e-05
1751666400049,1.25e-05
1751670000083,1.25e-05
1751673600007,1.25e-05
1751677200030,1.25e-05
1751680800019,1.25e-05
1751684400008,1.25e-05
1751688000076,1.25e-05
1751691600064,8.5593e-06
1751695200053,2.9184e-06
1751698800032,1.25e-05
1751702400056,1.25e-05
1751706000010,1.25e-05
1751709600090,6.7431e-06
1751713200026,1.07599e-05
1751716800075,1.04489e-05
1751720400027,1.08107e-05
1751724000048,1.25e-05
1751727600064,1.25e-05
1751731200036,8.9266e-06
1751734800058,7.2251e-06
1751738400005,4.1764e-06
1751742000089,7.7342e-06
1751745600032,1.07989e-05
1751749200046,1.25e-05
1751752800143,3.238e-06
1751756400022,1.25e-05
1751760000004,1.25e-05
1751763600065,1.25e-05
1751767200058,1.25e-05
1751770800006,1.25e-05
1751774400047,9.5391e-06
1751778000035,1.25e-05
1751781600037,8.9373e-06
1751785200012,8.4072e-06
1751788800015,1.02198e-05
1751792400014,6.6972e-06
1751796000119,7.4892e-06
1751799600051,-3.68e-08
1751803200064,3.5501e-06
1751806800046,-2.507e-07
1751810400014,-7.781e-07
1751814000076,2.3048e-06
1751817600008,-5.773e-07
1751821200017,8.5011e-06
1751824800027,1.25e-05
1751828400074,1.25e-05
1751832000062,9.3019e-06
1751835600041,1.25e-05
1751839200056,1.25e-05
1751842800036,1.25e-05
1751846400068,1.25e-05
1751850000108,1.25e-05
1751853600146,1.25e-05
1751857200054,1.25e-05
1751860800051,1.25e-05
1751864400080,1.25e-05
1751868000083,1.25e-05
1751871600052,1.25e-05
1751875200115,1.25e-05
1751878800145,1.25e-05
1751882400038,1.25e-05
1751886000045,1.25e-05
1751889600021,1.25e-05
1751893200127,1.25e-05
1751896800078,1.25e-05
1751900400064,1.25e-05
1751904000064,1.25e-05
1751907600073,1.25e-05
1751911200080,1.25e-05
1751914800013,6.1883e-06
1751918400029,3.6819e-06
1751922000018,-4.842e-07
1751925600035,5.268e-06
1751929200055,1.05245e-05
1751932800008,8.6503e-06
1751936400089,1.25e-05
1751940000062,1.25e-05
1751943600052,1.25e-05
1751947200066,1.25e-05
1751950800034,1.25e-05
1751954400029,9.114e-06
1751958000043,1.25e-05
1751961600021,1.25e-05
1751965200038,-5.264e-07
1751968800075,-9.5064e-06
1751972400001,3.1606e-06
1751976000073,1.25e-05
1751979600015,1.25e-05
1751983200049,1.25e-05
1751986800027,1.25e-05
1751990400016,9.6661e-06
1751994000060,1.25e-05
1751997600004,1.25e-05
1752001200114,1.25e-05
1752004800017,7.6856e-06
1752008400059,1.05404e-05
1752012000016,8.7275e-06
1752015600015,1.25e-05
1752019200036,4.0579e-06
1752022800082,5.3156e-06
1752026400060,4.3442e-06
1752030000064,-4.7625e-06
1752033600064,-1.23046e-05
1752037200048,-1.38119e-05
1752040800088,-4.1914e-06
1752044400000,-6.215e-07
1752048000034,7.2701e-06
1752051600004,3.5847e-06
1752055200045,-1.04586e-05
1752058800038,-8.4468e-06
1752062400110,-5.9022e-06
1752066000034,3.0252e-06
1752069600097,-7.3217e-06
1752073200009,1.21051e-05
1752076800078,4.1858e-06
1752080400047,1.25e-05
1752084000002,1.25e-05
1752087600028,1.25e-05
1752091200091,1.25e-05
1752094800043,1.25e-05
1752098400028,1.25e-05
1752102000036,1.25e-05
1752105600063,1.25e-05
1752109200057,1.25e-05
1752112800003,1.25e-05
1752116400012,1.25e-05
1752120000033,1.25e-05
1752123600007,1.25e-05
1752127200042,3.1547e-06
1752130800002,7.674e-07
1752134400044,8.9945e-06
1752138000053,1.20695e-05
1752141600056,9.5682e-06
1752145200034,5.8764e-06
1752148800005,7.0291e-06
1752152400116,1.25e-05
1752156000005,1.25e-05
1752159600197,1.25e-05
1752163200036,1.25e-05
1752166800011,1.25e-05
1752170400029,1.25e-05
1752174000070,1.25e-05
1752177600027,1.25e-05
1752181200002,1.25e-05
1752184800089,1.25e-05
1752188400033,1.25e-05
1752192000021,1.25e-05
1752195600016,1.25e-05
1752199200027,1.25e-05
1752202800066,1.25e-05
1752206400051,1.25e-05
1752210000024,1.25e-05
1752213600056,1.25e-05
1752217200133,1.25e-05
1752220800054,1.25e-05
1752224400052,1.25e-05
1752228000022,1.25e-05
1752231600093,1.25e-05
1752235200062,1.25e-05
1752238800059,1.25e-05
1752242400059,1.25e-05
1752246000054,1.25e-05
1752249600033,1.25e-05
1752253200049,1.25e-05
1752256800073,1.25e-05
1752260400012,1.25e-05
1752264000012,1.92522e-05
1752267600040,1.25e-05
1752271200014,1.25e-05
1752274800020,1.43967e-05
1752278400034,1.73835e-05
1752282000042,2.35242e-05
1752285600000,3.19845e-05
1752289200016,3.10865e-05
1752292800003,3.47259e-05
1752296400063,3.10463e-05
1752300000076,2.30293e-05
1752303600092,2.45336e-05
1752307200014,2.552e-05
1752310800188,2.68002e-05
1752314400051,2.60543e-05
1752318000022,2.41305e-05
1752321600003,3.03787e-05
1752325200074,1.25e-05
1752328800046,1.25e-05
1752332400027,2.54677e-05
1752336000169,3.17712e-05
1752339600094,3.82277e-05
1752343200088,5.1171e-05
1752346800052,4.42507e-05
1752350400106,3.333e-05
1752354000081,2.086e-05
1752357600013,2.61175e-05
1752361200041,2.39598e-05
1752364800043,2.66112e-05
1752368400010,3.7566e-05
1752372000001,3.76354e-05
1752375600029,2.34759e-05
1752379200075,2.35464e-05
1752382800091,2.07763e-05
1752386400028,1.25e-05
1752390000040,1.25e-05
1752393600019,1.25e-05
1752397200077,1.25e-05
1752400800020,1.25e-05
1752404400037,1.25e-05
1752408000008,1.67867e-05
1752411600065,2.10674e-05
1752415200082,1.47251e-05
1752418800059,1.72045e-05
1752422400092,1.25e-05
1752426000034,1.25e-05
1752429600040,1.89608e-05
1752433200072,1.35616e-05
1752436800054,1.25e-05
1752440400000,1.25e-05
1752444000033,1.25e-05
1752447600024,1.25e-05
1752451200036,1.25e-05
1752454800024,1.25e-05
1752458400079,1.25e-05
1752462000010,1.80798e-05
1752465600018,3.1115e-05
1752469200053,3.06811e-05
1752472800033,2.98294e-05
1752476400003,3.3537e-05
1752480000042,3.67379e-05
1752483600018,3.02425e-05
1752487200025,4.02579e-05
1752490800020,3.59893e-05
1752494400055,3.79625e-05
1752498000002,4.06888e-05
1752501600080,3.81183e-05
1752505200063,4.58407e-05
1752508800000,1.25e-05
1752512400013,1.34434e-05
1752516000010,1.25e-05
1752519600010,1.29507e-05
1752523200022,1.25e-05
1752526800016,1.25e-05
1752530400025,1.25e-05
1752534000098,1.25e-05
1752537600017,1.25e-05
1752541200067,1.25e-05
1752544800080,1.25e-05
1752548400083,1.25e-05
1752552000022,1.25e-05
1752555600012,1.64121e-05
1752559200038,2.314e-05
1752562800046,3.00319e-05
1752566400039,1.51939e-05
1752570000051,1.35156e-05
1752573600042,2.22253e-05
1752577200094,3.06341e-05
1752580800059,2.26959e-05
1752584400012,2.33921e-05
1752588000027,4.19943e-05
1752591600056,4.32218e-05
1752595200005,2.5942e-05
1752598800039,2.67687e-05
1752602400059,2.4712e-05
1752606000065,1.25e-05
1752609600025,1.25e-05
1752613200030,1.25e-05
1752616800035,1.25e-05
1752620400002,1.25e-05
1752624000004,1.25e-05
1752627600034,2.44378e-05
1752631200042,1.87287e-05
1752634800057,2.43394e-05
1752638400052,2.99794e-05
1752642000061,2.99912e-05
1752645600066,2.36638e-05
1752649200019,3.03444e-05
1752652800125,2.875e-05
1752656400075,3.19634e-05
1752660000023,2.87003e-05
1752663600021,2.56117e-05
1752667200029,2.29566e-05
1752670800002,1.39881e-05
1752674400023,1.25e-05
1752678000017,1.25e-05
1752681600018,1.25e-05
1752685200032,5.66882e-05
1752688800069,8.18875e-05
1752692400042,0.0001026889
1752696000019,7.79636e-05
1752699600095,7.43454e-05
1752703200002,9.21233e-05
1752706800059,9.32312e-05
1752710400022,6.8876e-05
1752714000072,5.5797e-05
1752717600058,3.27772e-05
1752721200030,5.1892e-05
1752724800119,4.38982e-05
1752728400004,4.03332e-05
1752732000008,3.17499e-05
1752735600001,3.78153e-05
1752739200042,4.85762e-05
1752742800070,5.38457e-05
1752746400089,7.80348e-05
1752750000060,8.08421e-05
1752753600062,8.32973e-05
1752757200052,9.32486e-05
1752760800131,9.14733e-05
1752764400026,9.50699e-05
1752768000033,0.0001015589
1752771600134,8.72151e-05
1752775200032,8.2399e-05
1752778800006,8.41294e-05
1752782400052,7.83965e-05
1752786000061,6.40155e-05
1752789600060,8.09613e-05
1752793200055,9.02522e-05
1752796800073,6.17301e-05
1752800400055,7.37884e-05
1752804000058,0.0001033539
1752807600081,8.54321e-05
1752811200043,9.20262e-05
1752814800005,0.0001014179
1752818400057,0.0001221589
1752822000019,0.0001326633
1752825600069,0.0001231826
1752829200041,9.44732e-05
1752832800027,6.2579e-05
1752836400021,4.98115e-05
1752840000057,2.21107e-05
1752843600018,2.441e-05
1752847200134,1.71971e-05
1752850800047,1.25e-05
1752854400021,1.25e-05
1752858000042,1.25e-05
1752861600052,1.25e-05
1752865200066,1.25e-05
1752868800097,1.25e-05
1752872400055,1.25e-05
1752876000028,1.25e-05
1752879600012,1.25e-05
1752883200046,1.25e-05
1752886800064,1.25e-05
1752890400017,1.25e-05
1752894000009,1.25e-05
1752897600048,1.25e-05
1752901200061,1.25e-05
1752904800014,1.25e-05
1752908400098,1.25e-05
1752912000008,1.25e-05
1752915600024,1.25e-05
1752920087645,1.25e-05
1752922800083,1.25e-05
1752926400122,1.25e-05
1752930000051,1.25e-05
1752933600098,1.25e-05
1752937200036,1.25e-05
1752940800007,1.25e-05
1752944400012,1.25e-05
1752948000019,1.25e-05
1752951600040,1.25e-05
1752955200055,1.25e-05
1752958800033,1.25e-05
1752962400071,1.25e-05
1752966000079,1.25e-05
1752969600003,1.25e-05
1752973200076,1.25e-05
1752976800038,1.25e-05
1752980400088,1.25e-05
1752984000069,1.25e-05
1752987600039,1.25e-05
1752991200036,1.25e-05
1752994800054,1.25e-05
1752998400014,1.25e-05
1753002000040,1.25e-05
1753005600081,2.97516e-05
1753009200042,3.33399e-05
1753012800053,4.29611e-05
1753016400021,2.79291e-05
1753020000037,2.80684e-05
1753023600038,2.37437e-05
1753027200025,2.48711e-05
1753030800014,1.56738e-05
1753034400018,2.68705e-05
1753038000082,3.47389e-05
1753041600094,1.93505e-05
1753045200033,3.79338e-05
1753048800035,4.11041e-05
1753052400022,3.77219e-05
1753056000039,5.66439e-05
1753059600007,5.49457e-05
1753063200017,5.17145e-05
1753066800018,5.86205e-05
1753070400027,6.32305e-05
1753074000041,7.7149e-05
1753077600055,6.5756e-05
1753081200060,7.59234e-05
1753084800018,8.38546e-05
1753088400003,8.49811e-05
1753092000002,9.62344e-05
1753095600035,9.70507e-05
1753099200010,0.0001260565
1753102800019,8.31218e-05
1753106400096,8.03647e-05
1753110000019,8.18461e-05
1753113600004,6.82555e-05
1753117200069,6.14181e-05
1753120800028,5.52814e-05
1753124400051,3.38892e-05
1753128000091,1.78772e-05
1753131600069,2.12933e-05
1753135200071,2.01477e-05
1753138800027,1.75135e-05
1753142400092,1.25e-05
1753146000084,1.25e-05
1753149600064,1.25e-05
1753153200024,1.25e-05
1753156800036,2.61291e-05
1753160400100,1.98559e-05
1753164000087,1.90797e-05
1753167600027,1.25e-05
1753171200016,1.25e-05
1753174800016,2.16801e-05
1753178400011,3.21257e-05
1753182000048,4.26824e-05
1753185600000,5.47828e-05
1753189200021,5.09105e-05
1753192800027,2.46376e-05
1753196400090,1.25e-05
1753200000039,4.80945e-05
1753203600042,6.00904e-05
1753207200008,3.48432e-05
1753210800040,5.51559e-05
1753214400041,5.05471e-05
1753218000022,4.78258e-05
1753221600044,6.62258e-05
1753225200034,6.71438e-05
1753228800095,6.67925e-05
1753232400002,8.28235e-05
1753236000053,7.58268e-05
1753239600036,7.28457e-05
1753243200010,7.52235e-05
1753246800027,6.79693e-05
1753250400045,5.9219e-05
1753254000038,7.1294e-05
1753257600032,6.16691e-05
1753261200000,5.99347e-05
1753264800005,5.66958e-05
1753268400031,5.01108e-05
1753272000040,6.16842e-05
1753275600042,5.82578e-05
1753279200028,5.28791e-05
1753282800074,7.84816e-05
1753286400025,8.96302e-05
1753290000008,6.87353e-05
1753293600012,5.78944e-05
1753297200064,7.4e-05
1753300800030,6.91613e-05
1753304400130,5.46434e-05
1753308000031,4.58249e-05
1753311600160,6.52654e-05
1753315200095,5.93299e-05
1753318800037,6.21617e-05
1753322400075,7.67597e-05
1753326000046,6.43625e-05
1753329600014,5.51009e-05
1753333200092,3.70798e-05
1753336800019,1.50051e-05
1753340400019,1.25e-05
1753344000038,1.25e-05
1753347600003,1.25e-05
1753351200089,1.40519e-05
1753354800129,1.25e-05
1753358400037,1.25e-05
1753362000002,1.25e-05
1753365600042,1.25e-05
1753369200042,1.25e-05
1753372800052,1.25e-05
1753376400014,1.25e-05
1753380000002,1.25e-05
1753383600088,1.25e-05
1753387200002,1.25e-05
1753390800031,1.25e-05
1753394400027,1.25e-05
1753398000058,1.25e-05
1753401600065,1.25e-05
1753405200053,1.25e-05
1753408800083,2.09048e-05
1753412400036,1.25e-05
1753416000024,1.25e-05
1753419600001,1.25e-05
1753423200046,1.25e-05
1753426800040,1.25e-05
1753430400008,1.25e-05
1753434000020,1.25e-05
1753437600059,1.78509e-05
1753441200079,1.96218e-05
1753444800102,2.35239e-05
1753448400046,1.27209e-05
1753452000044,1.43106e-05
1753455600034,1.25e-05
1753459200001,1.25e-05
1753462800079,1.25e-05
1753466400035,1.25e-05
1753470000033,1.62003e-05
1753473600048,1.25e-05
1753477200057,1.74861e-05
1753480800018,3.7866e-05
1753484400084,4.81758e-05
1753488000011,4.10097e-05
1753491600016,1.40429e-05
1753495200029,1.25e-05
1753498800027,3.25373e-05
1753502400029,3.60799e-05
1753506000023,4.07659e-05
1753509600010,4.06065e-05
1753513200009,3.66675e-05
1753516800025,3.58923e-05
1753520400022,3.57576e-05
1753524000059,4.29077e-05
1753527600089,4.55365e-05
1753531200004,3.54892e-05
1753534800022,2.82706e-05
1753538400073,3.02294e-05
1753542000080,3.19636e-05
1753545600079,2.44193e-05
1753549200029,2.16818e-05
1753552800056,2.44116e-05
1753556400108,2.7461e-05
1753560000008,2.98069e-05
1753563600005,1.80523e-05
1753567200060,2.23636e-05
1753570800015,2.28034e-05
1753574400031,1.38493e-05
1753578000021,1.44487e-05
1753581600070,3.98008e-05
1753585200098,5.25329e-05
1753588800054,5.31143e-05
1753592400110,3.99469e-05
1753596000034,4.70824e-05
1753599600102,3.62494e-05
1753603200018,3.95304e-05
1753606800043,5.21306e-05
1753610400000,7.31205e-05
1753614000053,4.61848e-05
1753617710963,2.5179e-05
1753621200023,2.01564e-05
1753624800089,1.72994e-05
1753628400048,3.88077e-05
1753632000011,4.77349e-05
1753635600039,5.6131e-05
1753639200049,2.99799e-05
1753642800022,5.18315e-05
1753646400024,4.45827e-05
1753650000032,4.83923e-05
1753653600039,4.92887e-05
1753657200007,4.40163e-05
1753660800002,3.92088e-05
1753664400040,4.37154e-05
1753668000020,4.48952e-05
1753671600081,4.79449e-05
1753675200083,2.89752e-05
1753678800036,4.33384e-05
1753682400019,4.56454e-05
1753686000076,4.89201e-05
1753689600015,5.85895e-05
1753693200019,5.16963e-05
1753696800094,4.87178e-05
1753700400039,3.28486e-05
1753704000092,4.43102e-05
1753707600044,4.68382e-05
1753711200059,2.723e-05
1753714800016,1.25e-05
1753718400035,1.25e-05
1753722000093,1.25e-05
1753725600053,1.25e-05
1753729200045,1.25e-05
1753732800000,1.25e-05
1753736400045,1.25e-05
1753740000075,1.25e-05
1753743600040,1.25e-05
1753747200010,1.25e-05
1753750800006,1.25e-05
1753754400062,1.25e-05
1753758000042,1.25e-05
1753761600100,1.25e-05
1753765200019,1.25e-05
1753768800030,1.25e-05
1753772400023,1.25e-05
1753776000091,1.25e-05
1753779600031,1.25e-05
1753783200004,1.25e-05
1753786800051,1.25e-05
1753790400011,1.25e-05
1753794000030,1.25e-05
1753797600116,1.25e-05
1753801200002,-8.58569e-05
1753804800028,1.25e-05
1753808400081,1.25e-05
1753812000025,1.25e-05
1753815600057,1.25e-05
1753819200076,1.25e-05
1753822800012,1.25e-05
1753826400032,1.25e-05
1753830000024,1.25e-05
1753833600077,1.25e-05
1753837200135,1.25e-05
1753840800023,1.25e-05
1753844400084,1.25e-05
1753848000005,1.25e-05
1753851600063,1.25e-05
1753855200083,1.25e-05
1753858800127,1.25e-05
1753862400004,1.25e-05
1753866000005,1.25e-05
1753869600028,1.25e-05
1753873200002,1.25e-05
1753876800028,1.25e-05
1753880400007,1.25e-05
1753884000002,1.25e-05
1753887600032,1.25e-05
1753891200056,1.25e-05
1753894800004,1.25e-05
1753898400055,1.25e-05
1753902000204,1.25e-05
1753905600062,2.57202e-05
1753909200032,1.25e-05
1753912800012,1.25e-05
1753916400031,1.25e-05
1753920000006,1.25e-05
1753923600088,1.25e-05
1753927200008,1.25e-05
1753930800055,1.25e-05
1753934400078,1.25e-05
1753938000022,1.25e-05
1753941600000,1.25e-05
1753945200020,1.25e-05
1753948800000,1.25e-05
1753952400062,1.25e-05
1753956000053,1.25e-05
1753959600074,1.25e-05
1753963200010,1.25e-05
1753966800015,1.25e-05
1753970400079,1.25e-05
1753974000032,1.25e-05
1753977600007,1.25e-05
1753981200011,1.25e-05
1753984800043,1.46689e-05
1753988400083,1.25e-05
1753992000073,1.25e-05
1753995600064,1.25e-05
1753999200021,1.25e-05
1754002800039,1.25e-05
1754006400147,1.25e-05
1754010000032,1.25e-05
1754013600070,1.25e-05
1754017200066,1.25e-05
1754020800005,1.25e-05
1754024400027,1.25e-05
1754028000131,1.25e-05
1754031600000,1.25e-05
1754035200011,1.25e-05
1754038800088,8.12e-07
1754042400080,1.25e-05
1754046000066,1.25e-05
1754049600031,1.25e-05
1754053200022,1.25e-05
1754056800014,1.25e-05
1754060400130,1.25e-05
1754064000066,1.25e-05
1754067600007,1.25e-05
1754071200060,1.25e-05
1754074800069,-2.16834e-05
1754078400098,-2.90641e-05
1754082000042,-1.81918e-05
1754085600025,-7.7623e-06
1754089200031,-1.81976e-05
1754092800114,-2.7374e-05
1754096400085,-1.68353e-05
1754100000003,3.622e-07
1754103600057,-8.0644e-06
1754107200089,-8.4051e-06
1754110800069,-9.3309e-06
1754114400031,-5.8924e-06
1754118000008,6.163e-07
1754121600023,1.11129e-05
1754125200063,2.6398e-06
1754128800003,-2.8731e-06
1754132400056,1.1527e-06
1754136000063,1.25e-05
1754139600091,1.25e-05
1754143200071,1.25e-05
1754146800072,1.25e-05
1754150400020,1.25e-05
1754154000020,1.25e-05
1754157600008,1.25e-05
1754161200067,1.25e-05
1754164800108,1.25e-05
1754168400097,7.0164e-06
1754172000022,9.2509e-06
1754175600067,1.25e-05
1754179200042,1.25e-05
1754182800041,1.02984e-05
1754186400014,1.25e-05
1754190000093,1.25e-05
1754193600015,1.25e-05
1754197200001,1.25e-05
1754200800003,1.25e-05
1754204400030,1.25e-05
1754208000003,1.25e-05
1754211600023,1.25e-05
1754215200010,1.24826e-05
1754218800046,8.8058e-06
1754222400054,1.2549e-06
1754226000076,2.0085e-06
1754229600004,-1.1426e-06
1754233200031,-1.25232e-05
1754236800038,-1.68253e-05
1754240400031,-1.56347e-05
1754244000030,-4.6181e-06
1754247600098,-6.107e-07
1754251200063,-1.92389e-05
1754254800034,-1.70311e-05
1754258400022,-3.7752e-06
1754262000049,-2.36118e-05
1754265600043,-2.20384e-05
1754269200018,-1.57325e-05
1754272800096,-1.0289e-05
1754276400059,-7.42e-08
1754280000050,4.8946e-06
1754283600090,1.056e-06
1754287200014,-1.7348e-06
1754290800068,4.0458e-06
1754294400003,8.999e-06
1754298000057,4.5687e-06
1754301600088,-1.293e-06
1754305200043,-1.4937e-06
1754308800052,-5.4191e-06
1754312400050,-1.924e-07
1754316000012,1.25e-05
1754319600108,1.25e-05
1754323200044,1.25e-05
1754326800026,1.25e-05
1754330400067,1.25e-05
1754334000039,1.05235e-05
1754337600016,7.4214e-06
1754341200054,1.25e-05
1754344800040,1.25e-05
1754348400022,1.25e-05
1754352000043,1.25e-05
1754355600041,1.25e-05
1754359200040,1.25e-05
1754362800061,1.25e-05
1754366400022,1.25e-05
1754370000013,1.25e-05
1754373600020,1.25e-05
1754377200040,1.25e-05
1754380800035,1.25e-05
1754384400045,1.25e-05
1754388000031,1.25e-05
1754391600030,1.25e-05
1754395200008,1.25e-05
1754398800107,1.25e-05
1754402400009,1.25e-05
1754406000004,1.25e-05
1754409600057,1.25e-05
1754413200026,1.25e-05
1754416800035,1.25e-05
1754420400065,1.25e-05
1754424000018,1.25e-05
1754427600035,1.25e-05
1754431200056,7.8872e-06
1754434800103,2.1866e-06
1754438400012,5.1737e-06
1754442000007,6.287e-06
1754445600028,7.4855e-06
1754449200078,6.9079e-06
1754452800091,3.2569e-06
1754456400037,1.2011e-05
1754460000000,1.25e-05
1754463600075,1.25e-05
1754467200003,1.14645e-05
1754470800076,1.02538e-05
1754474400000,1.25e-05
1754478000082,1.17489e-05
1754481600023,3.7409e-06
1754485200035,6.7916e-06
1754488800024,1.3093e-06
1754492400129,1.25e-05
1754496000020,1.25e-05
1754499600013,1.25e-05
1754503200059,1.25e-05
1754506800036,1.25e-05
1754510400038,1.25e-05
1754514000059,1.25e-05
1754517600081,1.25e-05
1754521200058,1.25e-05
1754524800047,1.25e-05
1754528400057,1.25e-05
1754532000010,1.09124e-05
1754535600047,4.4373e-06
1754539200080,9.756e-07
1754542800009,9.6763e-06
1754546400009,9.285e-06
1754550000016,1.10949e-05
1754553600038,1.25e-05
1754557200062,1.25e-05
1754560800048,1.25e-05
1754564400030,1.25e-05
1754568000046,1.25e-05
1754571600018,-1.9643e-06
1754575200006,-1.47599e-05
1754578800003,-6.5912e-06
1754582400189,6.5e-07
1754586000004,3.4265e-06
1754589600048,1.02106e-05
1754593200009,-1.847e-07
1754596800067,4.0214e-06
1754600400017,1.25e-05
1754604000009,1.25e-05
1754607600093,1.25e-05
1754611200085,1.25e-05
1754614800087,1.25e-05
1754618400026,1.25e-05
1754622000014,5.196e-06
1754625600134,1.25e-05
1754629200021,1.25e-05
1754632800017,1.25e-05
1754636400030,1.25e-05
1754640000026,1.25e-05
1754643600018,1.25e-05
1754647200089,1.25e-05
1754650800040,1.25e-05
1754654400029,1.25e-05
1754658000036,1.25e-05
1754661600020,1.25e-05
1754665200051,6.18e-07
1754668800048,2.574e-06
1754672400027,5.6034e-06
1754676000051,1.25e-05
1754679600035,1.25e-05
1754683200119,7.1832e-06
1754686800023,-1.2759e-06
1754690400028,7.113e-07
1754694000147,-2.0763e-06
1754697600074,-3.6697e-06
1754701200010,-4.2156e-06
1754704800079,7.6075e-06
1754708400024,1.25e-05
1754712000113,1.25e-05
1754715600055,1.25e-05
1754719200128,1.25e-05
1754722800015,1.25e-05
1754726400007,1.25e-05
1754730000046,1.25e-05
1754733600016,1.25e-05
1754737200089,1.25e-05
1754740800041,1.25e-05
1754744400036,1.25e-05
1754748000122,1.25e-05
1754751600019,1.25e-05
1754755200063,1.25e-05
1754758800058,1.25e-05
1754762400011,1.25e-05
1754766000004,1.25e-05
1754769600019,1.25e-05
1754773200064,1.25e-05
1754776800026,1.25e-05
1754780400051,1.25e-05
1754784000019,1.25e-05
1754787600009,1.25e-05
1754791200003,1.25e-05
1754794800062,1.25e-05
1754798400065,1.25e-05
1754802000047,1.25e-05
1754805600074,1.25e-05
1754809200076,1.25e-05
1754812800041,1.25e-05
1754816400000,1.25e-05
1754820000103,1.25e-05
1754823600045,1.25e-05
1754827200056,1.25e-05
1754830800037,1.25e-05
1754834400065,1.25e-05
1754838000055,1.25e-05
1754841600021,1.25e-05
1754845200069,1.25e-05
1754848800013,1.28836e-05
1754852400006,1.25e-05
1754856000046,1.25e-05
1754859600030,1.25e-05
1754863200043,1.25e-05
1754866800000,1.25e-05
1754870400066,1.25e-05
1754874000057,1.32144e-05
1754877600095,1.57001e-05
1754881200035,1.25e-05
1754884800030,1.25e-05
1754888400046,1.25e-05
1754892000128,1.25e-05
1754895600048,1.25e-05
1754899200067,1.25e-05
1754902800041,1.25e-05
1754906400086,1.25e-05
1754910000097,1.25e-05
1754913600001,1.25e-05
1754917200051,1.25e-05
1754920800081,1.25e-05
1754924400027,1.25e-05
1754928000028,1.25e-05
1754931600048,1.25e-05
1754935200053,1.25e-05
1754938800036,1.25e-05
1754942400069,1.25e-05
1754946000002,1.25e-05
1754949600040,1.25e-05
1754953200235,1.25e-05
1754956800042,1.25e-05
1754960400026,1.25e-05
1754964000014,1.25e-05
1754967600071,1.25e-05
1754971200035,1.25e-05
1754974800027,1.25e-05
1754978400053,1.25e-05
1754982000071,1.25e-05
1754985600000,1.25e-05
1754989200002,1.25e-05
1754992800006,1.25e-05
1754996400025,1.25e-05
1755000000004,1.25e-05
1755003600001,1.25e-05
1755007200007,1.25e-05
1755010800046,1.25e-05
1755014400075,1.25e-05
1755018000079,1.25e-05
1755021600083,1.25e-05
1755025200035,1.25e-05
1755028800035,1.25e-05
1755032400033,1.89824e-05
1755036000003,4.8506e-05
1755039600011,4.35023e-05
1755043200076,5.62847e-05
1755046800016,5.27981e-05
1755050400053,3.95306e-05
1755054000057,3.76884e-05
1755057600064,2.50979e-05
1755061200046,5.16423e-05
1755064800002,3.87686e-05
1755068400074,1.60159e-05
1755072000056,3.07347e-05
1755075600072,3.76331e-05
1755079200042,7.03179e-05
1755082800017,8.63598e-05
1755086400081,6.52287e-05
1755090000102,6.24403e-05
1755093600064,6.98385e-05
1755097200047,2.43029e-05
1755100800015,1.70153e-05
1755104400107,2.89914e-05
1755108000023,4.06153e-05
1755111600044,2.70878e-05
1755115200078,4.37745e-05
1755118800041,2.26064e-05
1755122400058,1.25e-05
1755126000029,2.53117e-05
1755129600010,6.11629e-05
1755133200037,5.79759e-05
1755136800054,6.11213e-05
1755140400124,9.33168e-05
1755144000056,0.000102465
1755147600019,8.12558e-05
1755151200051,5.29671e-05
1755154800027,6.2792e-05
1755158400062,6.38445e-05
1755162000021,5.11139e-05
1755165600053,5.43525e-05
1755169200034,4.6385e-05
1755172800023,6.02327e-05
1755176400024,2.31317e-05
1755180000014,1.25e-05
1755183600068,1.25e-05
1755187200096,1.25585e-05
1755190800024,1.25e-05
1755194400017,1.83992e-05
1755198000019,3.1083e-05
1755201600020,3.58281e-05
1755205200045,1.25e-05
1755208800024,1.25e-05
1755212400015,1.25e-05
1755216000002,1.25e-05
1755219600056,1.25e-05
1755223200014,1.25e-05
1755226800001,1.25e-05
1755230400027,1.25e-05
1755234000012,1.25e-05
1755237600059,1.25e-05
1755241200037,1.25e-05
1755244800049,1.25e-05
1755248400050,1.25e-05
1755252000045,1.25e-05
1755255600075,1.25e-05
1755259200052,1.25e-05
1755262800051,1.25e-05
1755266400001,1.25e-05
1755270000024,4.08e-08
1755273600126,-8.5412e-06
1755277200016,1.25e-05
1755280800108,1.25e-05
1755284400027,9.4415e-06
1755288000002,1.18365e-05
1755291600050,1.25e-05
1755295200104,1.25e-05
1755298800066,1.25e-05
1755302400072,1.25e-05
1755306000090,1.25e-05
1755309600025,1.25e-05
1755313200023,1.25e-05
1755316800052,1.25e-05
1755320400054,1.25e-05
1755324000022,1.25e-05
1755327600056,9.7582e-06
1755331200063,1.25e-05
1755334800018,1.25e-05
1755338400041,1.25e-05
1755342000002,1.25e-05
1755345600003,1.25e-05
1755349200015,1.25e-05
1755352800077,1.25e-05
1755356400033,1.25e-05
1755360000062,1.25e-05
1755363600100,1.25e-05
1755367200083,1.25e-05
1755370800029,1.25e-05
1755374400057,1.25e-05
1755378000087,1.25e-05
1755381600008,1.25e-05
1755385200032,1.25e-05
1755388800009,1.25e-05
1755392400035,1.25e-05
1755396000027,1.25e-05
1755399600063,1.25e-05
1755403200056,1.25e-05
1755406800032,1.25e-05
1755410400005,1.25e-05
1755414000057,1.25e-05
1755417600000,1.25e-05
1755421200031,1.25e-05
1755424800003,1.25e-05
1755428400031,1.25e-05
1755432000021,1.25e-05
1755435600041,1.25e-05
1755439200027,1.25e-05
1755442800074,1.25e-05
1755446400075,1.25e-05
1755450000040,1.25e-05
1755453600079,1.25e-05
1755457200025,1.25e-05
1755460800069,1.25e-05
1755464400033,1.25e-05
1755468000131,1.25e-05
1755471600028,1.25e-05
1755475200021,1.25e-05
1755478800025,1.25e-05
1755482400040,1.25e-05
1755486000029,1.25e-05
1755489600023,1.25e-05
1755493200020,1.25e-05
1755496800047,1.25e-05
1755500400028,1.25e-05
1755504000021,1.25e-05
1755507600064,1.25e-05
1755511200044,1.25e-05
1755514800119,1.25e-05
1755518400047,1.25e-05
1755522000008,1.25e-05
1755525600062,1.25e-05
1755529200022,1.25e-05
1755532800022,1.25e-05
1755536400015,1.25e-05
1755540000012,1.25e-05
1755543600017,1.25e-05
1755547200038,5.3233e-06
1755550800014,8.2234e-06
1755554400013,8.4271e-06
1755558000018,1.2134e-05
1755561600045,1.616e-07
1755565200056,9.6681e-06
1755568800000,-3.0241e-06
1755572400074,-2.157e-07
1755576000017,-1.78599e-05
1755579600053,-1.76706e-05
1755583200008,-1.63756e-05
1755586800084,-1.09792e-05
1755590400026,7.2956e-06
1755594000011,1.12905e-05
1755597600045,1.25e-05
1755601200033,1.25e-05
1755604800041,1.25e-05
1755608400045,-2.03e-07
1755612000034,5.7445e-06
1755615600115,-1.16991e-05
1755619200039,-1.26345e-05
1755622800097,-8.2499e-06
1755626400008,-4.3329e-06
1755630000053,1.2504e-06
1755633600022,1.6739e-06
1755637200014,5.5527e-06
1755640800074,4.268e-06
1755644400055,-3.2143e-06
1755648000079,-8.7628e-06
1755651600112,8.6448e-06
1755655200078,7.6647e-06
1755658800135,4.4413e-06
1755662400060,2.9416e-06
1755666000009,1.13222e-05
1755669600038,1.25e-05
1755673200071,1.25e-05
1755676800015,1.13015e-05
1755680400037,7.6176e-06
1755684000059,1.25e-05
1755687600037,1.25e-05
1755691200013,1.25e-05
1755694800086,1.25e-05
1755698400069,1.25e-05
1755702000032,3.9842e-06
1755705600010,1.25e-05
1755709200016,1.25e-05
1755712800056,1.25e-05
1755716400043,-3.8978e-06
1755720000054,7.784e-06
1755723600022,1.25e-05
1755727200041,1.25e-05
1755730800033,1.25e-05
1755734400042,1.25e-05
1755738000037,1.25e-05
1755741600005,1.25e-05
1755745200002,1.25e-05
1755748800072,1.25e-05
1755752400055,1.25e-05
1755756000012,1.25e-05
1755759600045,1.25e-05
1755763200024,1.25e-05
1755766800023,1.25e-05
1755770400049,1.25e-05
1755774000143,-2.3018e-06
1755777600017,-1.8838e-06
1755781200007,1.9423e-06
1755784800025,1.25e-05
1755788400129,1.25e-05
1755792000000,-4.6527e-06
1755795600027,-3.911e-06
1755799200061,-2.23105e-05
1755802800003,-8.5478e-06
1755806400078,-5.2567e-06
1755810000064,-1.80848e-05
1755813600060,-3.1652e-06
1755817200094,-1.7224e-06
1755820800030,-4.3798e-06
1755824400028,5.842e-07
1755828000030,1.1692e-05
1755831600069,1.25e-05
1755835200019,1.25e-05
1755838800046,1.25e-05
1755842400028,1.25e-05
1755846000045,1.25e-05
1755849600018,1.25e-05
1755853200018,1.25e-05
1755856800030,1.25e-05
1755860400061,1.25e-05
1755864000031,1.25e-05
1755867600024,1.25e-05
1755871200108,1.25e-05
1755874800054,1.25e-05
1755878400054,1.25e-05
1755882000044,1.25e-05
1755885600040,1.25e-05
1755889200075,1.25e-05
1755892800061,1.25e-05
1755896400047,2.77818e-05
1755900000013,4.59918e-05
1755903600007,1.48096e-05
1755907200003,2.49987e-05
1755910800002,3.42726e-05
1755914400060,1.25e-05
1755918000010,1.25e-05
1755921600105,1.25e-05
1755925200022,5.17452e-05
1755928800009,6.24816e-05
1755932400060,3.7813e-05
1755936000028,3.69063e-05
1755939600097,3.60478e-05
1755943200054,6.52751e-05
1755946800030,3.05558e-05
1755950400000,2.35273e-05
1755954000045,3.50254e-05
1755957600118,3.85593e-05
1755961200004,3.87526e-05
1755964800020,4.63729e-05
1755968400049,3.73253e-05
1755972000015,4.54973e-05
1755975600114,4.73562e-05
1755979200039,4.13911e-05
1755982800051,4.28819e-05
1755986400004,4.60563e-05
1755990000056,5.49611e-05
1755993600106,5.40474e-05
1755997200020,6.06002e-05
1756000800011,6.02383e-05
1756004400062,5.37974e-05
1756008000106,4.35689e-05
1756011600067,5.06444e-05
1756015200048,4.38769e-05
1756018800035,3.27677e-05
1756022400013,3.47201e-05
1756026000085,3.44926e-05
1756029600063,3.15914e-05
1756033200005,1.25e-05
1756036800032,1.25e-05
1756040400016,1.25e-05
1756044000080,1.25e-05
1756047600134,1.25e-05
1756051200002,1.25e-05
1756054800033,1.49284e-05
1756058400022,2.69271e-05
1756062000001,4.65122e-05
1756065600031,4.48382e-05
1756069200044,5.0071e-05
1756072800011,5.65169e-05
1756076400027,4.10575e-05
1756080000013,5.4485e-05
1756083600011,2.88072e-05
1756087200052,2.96852e-05
1756090800004,2.28111e-05
1756094400108,1.25e-05
1756098000004,1.25e-05
1756101600015,1.25e-05
1756105200034,1.25e-05
1756108800114,1.25e-05
1756112400033,1.25e-05
1756116000041,1.25e-05
1756119600032,1.25e-05
1756123200096,1.25e-05
1756126800016,1.25e-05
1756130400037,1.25e-05
1756134000015,1.25e-05
1756137600012,1.25e-05
1756141200052,1.25e-05
1756144800007,1.25e-05
1756148400022,1.25e-05
1756152000020,1.25e-05
1756155600010,-4.17854e-05
1756159200055,-1.85136e-05
1756162800001,-1.30455e-05
1756166400014,-1.2923e-06
1756170000113,7.0424e-06
1756173600071,1.25e-05
1756177200015,1.25e-05
1756180800028,1.25e-05
1756184400040,1.25e-05
1756188000057,1.25e-05
1756191600019,1.25e-05
1756195200064,1.25e-05
1756198800004,1.25e-05
1756202400030,1.25e-05
1756206000022,1.25e-05
1756209600035,1.25e-05
1756213200037,1.25e-05
1756216800066,8.6219e-06
1756220400014,-1.4227e-06
1756224000012,3.9783e-06
1756227600007,1.1373e-05
1756231200007,1.25e-05
1756234800043,1.25e-05
1756238400070,1.25e-05
1756242000075,1.25e-05
1756245600039,1.25e-05
1756249200041,1.25e-05
1756252800041,1.25e-05
1756256400031,1.25e-05
1756260000003,1.25e-05
1756263600089,1.25e-05
1756267200034,1.25e-05
1756270800007,1.25e-05
1756274400039,1.25e-05
1756278000078,1.25e-05
1756281600036,1.25e-05
1756285200115,1.25e-05
1756288800019,1.25e-05
1756292400125,1.25e-05
1756296000017,1.25e-05
1756299600019,1.25e-05
1756303200027,1.25e-05
1756306800011,1.25e-05
1756310400027,1.25e-05
1756314000090,1.25e-05
1756317600134,1.25e-05
1756321200170,1.25e-05
1756324800072,1.25e-05
1756328400118,1.25e-05
1756332000060,1.25e-05
1756335600044,1.25e-05
1756339200044,1.25e-05
1756342800048,3.5255e-06
1756346400051,1.25e-05
1756350000069,8.0518e-06
1756353600041,1.25e-05
1756357200033,1.25e-05
1756360800038,1.25e-05
1756364400082,1.25e-05
1756368000011,1.25e-05
1756371600075,1.25e-05
1756375200095,1.25e-05
1756378800015,1.25e-05
1756382400101,1.25e-05
1756386000111,1.25e-05
1756389600008,1.25e-05
1756393200018,1.25e-05
1756396800003,1.25e-05
1756400400039,1.25e-05
1756404000035,1.25e-05
1756407600019,1.25e-05
1756411200054,1.25e-05
1756414800008,1.25e-05
1756418400108,1.25e-05
1756422000020,1.25e-05
1756425600041,1.25e-05
1756429200006,1.25e-05
1756432800089,1.25e-05
1756436400012,1.25e-05
1756440000104,1.25e-05
1756443600033,1.25e-05
1756447200004,1.25e-05
1756450800036,1.25e-05
1756454400080,1.25e-05
1756458000012,1.25e-05
1756461600048,1.25e-05
1756465200033,1.25e-05
1756468800072,1.25e-05
1756472400007,1.25e-05
1756476000029,1.25e-05
1756479600021,1.25e-05
1756483200052,1.25e-05
1756486800064,1.25e-05
1756490400060,1.25e-05
1756494000060,1.25e-05
1756497600059,1.25e-05
1756501200093,1.25e-05
1756504800000,1.25e-05
1756508400004,1.25e-05
1756512000046,1.25e-05
1756515600066,1.25e-05
1756519200038,1.25e-05
1756522800046,1.25e-05
1756526400038,1.25e-05
1756530000007,1.25e-05
1756533600022,1.25e-05
1756537200005,1.25e-05
1756540800065,1.25e-05
1756544400093,1.25e-05
1756548000028,1.25e-05
1756551600032,1.25e-05
1756555200089,1.25e-05
1756558800007,1.25e-05
1756562400025,3.6827e-06
1756566000056,1.4242e-06
1756569600064,1.25e-05
1756573200004,1.25e-05
1756576800037,1.25e-05
1756580400034,1.25e-05
1756584000093,1.25e-05
1756587600062,3.7041e-06
1756591200053,4.3444e-06
1756594800054,1.13625e-05
1756598400044,1.25e-05
1756602000099,1.25e-05
1756605600042,1.25e-05
1756609200007,1.25e-05
1756612800021,1.25e-05
1756616400023,1.25e-05
1756620000063,1.25e-05
1756623600078,1.25e-05
1756627200011,1.25e-05
1756630800012,1.25e-05
1756634400076,1.25e-05
1756638000006,1.25e-05
1756641600113,1.25e-05
1756645200000,1.25e-05
1756648800013,1.25e-05
1756652400120,1.25e-05
1756656000054,1.25e-05
1756659600083,1.25e-05
1756663200050,1.25e-05
1756666800032,1.25e-05
1756670400032,1.25e-05
1756674000023,1.25e-05
1756677600012,1.25e-05
1756681200092,1.25e-05
1756684800052,1.25e-05
1756688400072,1.25e-05
1756692000006,1.25e-05
1756695600049,1.25e-05
1756699200101,1.25e-05
1756702800020,1.25e-05
1756706400041,1.25e-05
1756710000022,1.25e-05
1756713600004,1.25e-05
1756717200003,1.25e-05
1756720800070,1.25e-05
1756724400068,1.25e-05
1756728000044,1.25e-05
1756731600042,1.25e-05
1756735200012,1.25e-05
1756738800082,1.25e-05
1756742400053,1.25e-05
1756746000015,1.25e-05
1756749600044,1.25e-05
1756753200060,1.25e-05
1756756800028,8.2834e-06
1756760400004,8.8819e-06
1756764000113,7.024e-06
1756767600020,-1.8186e-05
1756771200036,-7.5615e-06
1756774800088,-2.0421e-06
1756778400040,6.0199e-06
1756782000001,1.25e-05
1756785600034,1.25e-05
1756789200050,1.25e-05
1756792800017,1.25e-05
1756796400049,1.25e-05
1756800000022,1.25e-05
1756803600010,1.25e-05
1756807200151,1.25e-05
1756810800029,1.25e-05
1756814400112,1.25e-05
1756818000004,1.25e-05
1756821600109,1.25e-05
1756825200008,1.25e-05
1756828800032,3.1764e-06
1756832400026,1.25e-05
1756836000007,1.25e-05
1756839600039,1.25e-05
1756843200024,3.915e-07
1756846800004,1.25e-05
1756850400007,1.25e-05
1756854000077,1.25e-05
1756857600031,1.25e-05
1756861200093,1.25e-05
1756864800034,1.25e-05
1756868400030,1.25e-05
1756872000124,1.25e-05
1756875600070,1.25e-05
1756879200133,1.25e-05
1756882800014,1.25e-05
1756886400027,1.25e-05
1756890000004,1.25e-05
1756893600060,1.25e-05
1756897200049,1.25e-05
1756900800065,1.25e-05
1756904400112,1.25e-05
1756908000000,1.25e-05
1756911600004,1.25e-05
1756915200033,1.25e-05
1756918800020,1.25e-05
1756922400022,1.25e-05
1756926000050,1.25e-05
1756929600026,1.25e-05
1756933200045,1.25e-05
1756936800068,1.25e-05
1756940400003,1.25e-05
1756944000040,1.25e-05
1756947600102,1.25e-05
1756951200043,1.25e-05
1756954800079,1.25e-05
1756958400071,1.25e-05
1756962000045,1.25e-05
1756965600083,1.25e-05
1756969200001,1.25e-05
1756972800113,1.25e-05
1756976400009,1.25e-05
1756980000025,1.25e-05
1756983600053,1.25e-05
1756987200054,1.25e-05
1756990800002,1.25e-05
1756994400027,1.25e-05
1756998000020,1.25e-05
1757001600017,1.25e-05
1757005200069,1.25e-05
1757008800021,1.25e-05
1757012400011,1.25e-05
1757016000153,1.25e-05
1757019600049,1.25e-05
1757023200027,1.25e-05
1757026800064,1.25e-05
1757030400006,1.25e-05
1757034000090,1.25e-05
1757037600099,1.25e-05
1757041200072,1.25e-05
1757044800056,1.25e-05
1757048400047,1.25e-05
1757052000009,1.25e-05
1757055600040,1.25e-05
1757059200028,1.25e-05
1757062800004,1.25e-05
1757066400019,1.25e-05
1757070000030,1.25e-05
1757073600063,1.25e-05
1757077200068,1.25e-05
1757080800038,1.25e-05
1757084400008,1.25e-05
1757088000036,1.25e-05
1757091600023,1.25e-05
1757095200028,1.25e-05
1757098800019,1.25e-05
1757102400042,1.25976e-05
1757106000060,1.34574e-05
1757109600051,1.52898e-05
1757113200048,1.32374e-05
1757116800039,1.33708e-05
1757120400038,2.96212e-05
1757124000059,2.78628e-05
1757127600115,2.42255e-05
1757131200023,3.55571e-05
1757134800035,2.32629e-05
1757138400078,2.08469e-05
1757142000086,1.52129e-05
1757145600027,1.25e-05
1757149200002,1.25e-05
1757152800007,1.25e-05
1757156400064,1.25e-05
1757160000068,1.25e-05
1757163600087,1.25e-05
1757167200047,1.25e-05
1757170800032,1.25e-05
1757174400060,1.25e-05
1757178000102,1.25e-05
1757181600014,1.25e-05
1757185200075,1.25e-05
1757188800002,1.25e-05
1757192400008,1.25e-05
1757196000026,1.25e-05
1757199600056,1.25e-05
1757203200012,1.25e-05
1757206800027,1.25e-05
1757210400006,1.25e-05
1757214000048,1.25e-05
1757217600054,1.25e-05
1757221200006,1.25e-05
1757224800121,1.25e-05
1757228400062,1.25e-05
1757232000034,1.25e-05
1757235600039,1.25e-05
1757239200001,1.25e-05
1757242800055,1.25e-05
1757246400020,1.25e-05
1757250000003,1.25e-05
1757253600011,1.25e-05
1757257200109,1.25e-05
1757260800046,1.25e-05
1757264400034,1.25e-05
1757268000050,1.25e-05
1757271600022,1.25e-05
1757275200102,1.25e-05
1757278800013,1.25e-05
1757282400031,1.25e-05
1757286000036,1.25e-05
1757289600089,1.25e-05
1757293200000,1.25e-05
1757296800018,1.25e-05
1757300400054,1.25e-05
1757304000002,1.25e-05
1757307600116,1.25e-05
1757311200061,1.25e-05
1757314800040,1.25e-05
1757318400066,1.25e-05
1757322000092,1.25e-05
1757325600019,1.3997e-05
1757329200029,1.96151e-05
1757332800030,1.25e-05
1757336400100,1.25e-05
1757340000016,1.67425e-05
1757343600068,1.25e-05
1757347200050,1.53518e-05
1757350800111,1.25e-05
1757354400057,1.25e-05
1757358000010,1.25e-05
1757361600073,1.25e-05
1757365200040,1.25e-05
1757368800039,1.25e-05
1757372400057,1.25e-05
1757376000071,1.25e-05
1757379600055,1.25e-05
1757383200059,1.25e-05
1757386800047,1.25e-05
1757390400039,1.32209e-05
1757394000039,1.25e-05
1757397600110,1.4921e-05
1757401200007,2.9211e-05
1757404800017,4.29376e-05
1757408400038,4.64808e-05
1757412000059,3.48882e-05
1757415600047,2.14962e-05
1757419200031,3.36575e-05
1757422800048,2.37094e-05
1757426400019,1.91513e-05
1757430000041,1.25e-05
1757433600051,1.25e-05
1757437200032,1.25e-05
1757440800037,1.57985e-05
1757444400034,2.01592e-05
1757448000054,3.38978e-05
1757451600029,1.86327e-05
1757455200044,1.6006e-05
1757458800000,1.25e-05
1757462400029,1.25e-05
1757466000014,1.25e-05
1757469600014,1.25e-05
1757473200037,1.25e-05
1757476800083,1.25e-05
1757480400009,1.25e-05
1757484000097,1.25e-05
1757487600063,1.25e-05
1757491200058,1.25e-05
1757494800087,1.25e-05
1757498400038,1.25e-05
1757502000127,1.25e-05
1757505600084,1.25e-05
1757509200100,1.25e-05
1757512800042,1.25e-05
1757516400099,1.25e-05
1757520000044,1.25e-05
1757523600005,1.25e-05
1757527200032,1.25e-05
1757530800003,1.25e-05
1757534400050,1.25e-05
1757538000008,1.25e-05
1757541600018,1.25e-05
1757545200009,1.25e-05
1757548800090,1.25e-05
1757552400051,1.25e-05
1757556000011,1.25e-05
1757559600096,1.25e-05
1757563200016,1.25e-05
1757566800032,1.25e-05
1757570400077,1.25e-05
1757574000052,1.25e-05
1757577600065,1.25e-05
1757581200055,1.25e-05
1757584800014,1.25e-05
1757588400002,1.25e-05
1757592000045,1.25e-05
1757595600020,1.25e-05
1757599200059,1.25e-05
1757602800142,1.25e-05
1757606400001,1.25e-05
1757610000077,1.25e-05
1757613600082,1.25e-05
1757617200007,1.25e-05
1757620800007,1.25e-05
1757624400078,1.25e-05
1757628000029,1.25e-05
1757631600037,1.25e-05
1757635200055,1.25e-05
1757638800004,1.25e-05
1757642400060,1.25e-05
1757646000053,1.25e-05
1757649600037,1.25e-05
1757653200006,1.25e-05
1757656800027,1.25e-05
1757660400044,1.25e-05
1757664000005,1.25e-05
1757667600066,1.25e-05
1757671200100,1.25e-05
1757674800040,1.25e-05
1757678400062,1.25e-05
1757682000062,1.25e-05
1757685600038,1.25e-05
1757689200048,1.25e-05
1757692800064,1.25e-05
1757696400018,1.9429e-06
1757700000026,7.042e-06
1757703600066,6.9829e-06
1757707200057,1.25e-05
1757710800007,2.814e-07
1757714400031,5.7701e-06
1757718000007,1.06749e-05
1757721600038,8.662e-06
1757725200008,6.7616e-06
1757728800011,1.1867e-05
1757732400107,1.02945e-05
1757736000000,7.3499e-06
1757739600060,1.25e-05
1757743200032,9.0083e-06
1757746800040,1.09788e-05
1757750400064,1.25e-05
1757754000005,1.25e-05
1757757600044,1.25e-05
1757761200042,1.25e-05
1757764800046,1.25e-05
1757768400035,1.19859e-05
1757772000053,1.25e-05
1757775600013,1.25e-05
1757779200049,1.25e-05
1757782800030,1.25e-05
1757786400037,1.25e-05
1757790000042,1.25e-05
1757793600032,1.25e-05
1757797200082,1.25e-05
1757800800128,1.25e-05
1757804400121,1.25e-05
1757808000036,1.25e-05
1757811600008,1.25e-05
1757815200034,1.25e-05
1757818800007,1.25e-05
1757822400044,1.25e-05
1757826000080,1.25e-05
1757829600022,1.25e-05
1757833200026,1.25e-05
1757836800033,1.25e-05
1757840400057,1.25e-05
1757844000048,1.25e-05
1757847600030,1.25e-05
1757851200037,3.8048e-06
1757854800025,-2.0037e-06
1757858400084,2.9583e-06
1757862000078,1.25e-05
1757865600118,1.25e-05
1757869200032,1.25e-05
1757872800027,1.25e-05
1757876400060,1.25e-05
1757880000028,1.25e-05
1757883600035,1.25e-05
1757887200007,1.25e-05
1757890800009,1.25e-05
1757894400027,1.25e-05
1757898000015,1.25e-05
1757901600009,1.25e-05
1757905200066,1.25e-05
1757908800008,1.25e-05
1757912400050,1.25e-05
1757916000044,1.25e-05
1757919600013,1.25e-05
1757923200017,1.25e-05
1757926800001,1.25e-05
1757930400048,1.25e-05
1757934000076,1.25e-05
1757937600020,1.25e-05
1757941200014,1.25e-05
1757944800116,1.25e-05
1757948400031,1.25e-05
1757952000022,1.25e-05
1757955600099,1.25e-05
1757959200041,1.25e-05
1757962800063,1.25e-05
1757966400092,1.25e-05
1757970000047,1.25e-05
1757973600030,1.68063e-05
1757977200060,1.25e-05
1757980800021,2.01213e-05
1757984400020,2.55983e-05
1757988000103,2.43502e-05
1757991600020,2.30735e-05
1757995200055,1.77947e-05
1757998800033,1.73114e-05
1758002400000,2.0676e-05
1758006000117,1.56795e-05
1758009600093,1.25e-05
1758013200063,1.65061e-05
1758016800055,1.44813e-05
1758020400005,1.54752e-05
1758024000032,2.07358e-05
1758027600053,1.57705e-05
1758031200018,1.25e-05
1758034800026,1.25e-05
1758038400021,3.15679e-05
1758042000002,3.34827e-05
1758045600032,2.4333e-05
1758049200049,2.26819e-05
1758052800044,1.81834e-05
1758056400073,2.20162e-05
1758060000078,1.54859e-05
1758063600027,1.38171e-05
1758067200089,1.60702e-05
1758070800035,1.55252e-05
1758074400074,1.50935e-05
1758078000013,2.34973e-05
1758081600030,1.50163e-05
1758085200084,1.25e-05
1758088800012,1.25e-05
1758092400059,1.25e-05
1758096000061,1.25e-05
1758099600064,2.7169e-05
1758103200017,2.29096e-05
1758106800055,1.96266e-05
1758110400040,2.65911e-05
1758114000061,2.54674e-05
1758117600016,2.2119e-05
1758121200015,2.76122e-05
1758124800001,2.69161e-05
1758128400085,2.20628e-05
1758132000038,1.25e-05
1758135600017,1.95204e-05
1758139200076,1.25e-05
1758142800089,1.25e-05
1758146400039,1.25e-05
1758150000061,1.49415e-05
1758153600010,1.25e-05
1758157200065,1.25e-05
1758160800072,1.25e-05
1758164400061,1.25e-05
1758168000067,1.25e-05
1758171600024,1.25e-05
1758175200022,1.25e-05
1758178800030,1.25e-05
1758182400017,1.25e-05
1758186000056,1.2626e-05
1758189600033,1.25e-05
1758193200053,1.25e-05
1758196800068,1.25e-05
1758200400082,1.25e-05
1758204000008,1.25e-05
1758207600185,1.25e-05
1758211200048,1.25e-05
1758214800100,1.25e-05
1758218400087,1.25e-05
1758222000062,1.25e-05
1758225600010,3.20178e-05
1758229200001,2.68676e-05
1758232800021,1.25e-05
1758236400114,2.50602e-05
1758240000070,4.2878e-05
1758243600048,2.94517e-05
1758247200098,1.8807e-05
1758250800047,1.74399e-05
1758254400064,1.25e-05
1758258000018,2.8489e-05
1758261600076,3.60519e-05
1758265200001,4.10993e-05
1758268800030,2.25568e-05
1758272400109,2.57022e-05
1758276000042,1.94684e-05
1758279600063,1.50808e-05
1758283200001,2.74505e-05
1758286800038,1.42304e-05
1758290400041,2.30385e-05
1758294000012,2.58341e-05
1758297600032,3.86186e-05
1758301200052,3.94536e-05
1758304800047,3.35103e-05
1758308400049,3.28244e-05
1758312000023,5.20058e-05
1758315600022,6.18379e-05
1758319200053,4.87364e-05
1758322800020,4.2928e-05
1758326400068,3.27315e-05
1758330000039,2.96518e-05
1758333600064,2.49695e-05
1758337200060,2.23343e-05
1758340800045,1.28169e-05
1758344400047,1.61669e-05
1758348000066,1.25e-05
1758351600027,1.25e-05
1758355200039,1.25e-05
1758358800037,1.25e-05
1758362400045,1.25e-05
1758366000029,1.25e-05
1758369600058,1.25e-05
1758373200066,1.25e-05
1758376800052,1.25e-05
1758380400015,1.25e-05
1758384000082,1.25e-05
1758387600089,1.25e-05
1758391200108,1.25e-05
1758394800077,1.25e-05
1758398400086,1.25e-05
1758402000062,1.25e-05
1758405600039,1.25e-05
1758409200039,1.25e-05
1758412800041,1.25e-05
1758416400054,1.25e-05
1758420000091,1.25e-05
1758423600037,1.25e-05
1758427200092,1.25e-05
1758430800037,1.37114e-05
1758434400033,1.25e-05
1758438000060,1.52558e-05
1758441600018,1.59789e-05
1758445200030,1.25e-05
1758448800048,1.25e-05
1758452400031,1.25e-05
1758456000050,1.25e-05
1758459600064,1.31239e-05
1758463200056,1.25e-05
1758466800069,1.25e-05
1758470400028,1.25e-05
1758474000007,1.25e-05
1758477600002,1.25e-05
1758481200108,1.25e-05
1758484800107,1.25e-05
1758488400032,1.25e-05
1758492000091,1.25e-05
1758495600106,1.25e-05
1758499200090,1.25e-05
1758502800068,1.25e-05
1758506400000,1.25e-05
1758510000040,1.25e-05
1758513600033,1.25e-05
1758517200062,1.25e-05
1758520800095,1.25e-05
1758524400026,1.25e-05
1758528000036,1.25e-05
1758531600021,1.25e-05
1758535200097,1.25e-05
1758538800090,1.25e-05
1758542400057,1.25e-05
1758546000008,1.25e-05
1758549600074,1.25e-05
1758553200010,1.25e-05
1758556800001,1.25e-05
1758560400106,1.25e-05
1758564000026,1.25e-05
1758567600058,1.25e-05
1758571200076,1.25e-05
1758574800091,1.25e-05
1758578400056,1.25e-05
1758582000030,1.25e-05
1758585600047,1.25e-05
1758589200005,1.25e-05
1758592800101,1.25e-05
1758596400062,1.25e-05
1758600000013,1.25e-05
1758603600077,1.25e-05
1758607200005,1.25e-05
1758610800003,1.25e-05
1758614400038,1.25e-05
1758618000072,1.25e-05
1758621600042,1.25e-05
1758625200022,1.25e-05
1758628800009,1.25e-05
1758632400046,1.25e-05
1758636000106,1.25e-05
1758639600055,1.25e-05
1758643200051,1.25e-05
1758646800043,1.25e-05
1758650400083,1.25e-05
1758654000011,1.25e-05
1758657600002,1.25e-05
1758661200028,1.25e-05
1758664800031,1.25e-05
1758668400001,5.9871e-06
1758672000067,8.4637e-06
1758675600042,1.25e-05
1758679200101,1.25e-05
1758682800031,1.25e-05
1758686400022,7.3833e-06
1758690000088,7.8285e-06
1758693600049,1.25e-05
1758697200062,1.25e-05
1758700800052,1.10407e-05
1758704400014,1.25e-05
1758708000083,1.25e-05
1758711600025,1.25e-05
1758715200029,1.25e-05
1758718800014,1.25e-05
1758722400029,1.25e-05
1758726000013,1.25e-05
1758729600040,1.25e-05
1758733200098,1.25e-05
1758736800052,1.25e-05
1758740400007,1.25e-05
1758744000014,1.25e-05
1758747600070,1.25e-05
1758751200049,1.25e-05
1758754800021,1.25e-05
1758758400226,1.25e-05
1758762000067,1.25e-05
1758765600028,1.25e-05
1758769200070,1.25e-05
1758772800049,-2.491e-07
1758776400054,-8.6125e-06
1758780000001,5.3188e-06
1758783600049,2.0263e-06
1758787200077,1.25e-05
1758790800034,1.25e-05
1758794400004,1.25e-05
1758798000011,3.4325e-06
1758801600048,-2.313e-06
1758805200068,-1.97074e-05
1758808800103,-1.19587e-05
1758812400006,-2.195e-06
1758816000033,-1.4351e-05
1758819600026,-2.12528e-05
1758823200017,-2.1059e-05
1758826800029,-8.5525e-06
1758830400011,-1.02779e-05
1758834000060,-2.01133e-05
1758837600062,-8.7709e-06
1758841200051,-1.13399e-05
1758844800107,-2.21046e-05
1758848400013,-1.39742e-05
1758852000031,-1.00729e-05
1758855600020,-1.53366e-05
1758859200087,-1.17395e-05
1758862800086,-1.53601e-05
1758866400023,-9.777e-06
1758870000012,-2.8089e-06
1758873600009,2.6122e-06
1758877200095,1.10033e-05
1758880800012,9.9547e-06
1758884400010,8.7994e-06
1758888000071,9.3922e-06
1758891600053,-3.886e-06
1758895200002,-1.27811e-05
1758898800060,-1.07777e-05
1758902400048,-7.746e-07
1758906000062,-2.2539e-06
1758909600108,7.8015e-06
1758913200105,3.4567e-06
1758916800024,2.841e-07
1758920400002,-1.009e-07
1758924000024,8.8573e-06
1758927600029,1.18638e-05
1758931200099,4.9331e-06
1758934800050,4.6124e-06
1758938400019,6.2363e-06
1758942000048,9.8563e-06
1758945600008,1.25e-05
1758949200029,1.25e-05
1758952800028,1.25e-05
1758956400002,1.25e-05
1758960000051,1.25e-05
1758963600004,1.22357e-05
1758967200021,-3.1439e-06
1758970800013,9.0486e-06
1758974400078,9.195e-06
1758978000060,4.6776e-06
1758981600030,7.5975e-06
1758985200062,6.3988e-06
1758988800007,6.5017e-06
1758992400005,6.6232e-06
1758996000024,8.225e-06
1758999600061,8.6567e-06
1759003200008,1.25e-05
1759006800004,5.0477e-06
1759010400086,1.25e-05
1759014000005,1.25e-05
1759017600025,4.7881e-06
1759021200028,9.9954e-06
1759024800035,1.25e-05
1759028400010,1.25e-05
1759032000061,1.12782e-05
1759035600013,1.17275e-05
1759039200111,1.20132e-05
1759042800049,1.09363e-05
1759046400007,1.25e-05
1759050000040,9.6152e-06
1759053600027,7.4497e-06
1759057200011,6.1697e-06
1759060800071,6.7559e-06
1759064400011,-2.408e-06
1759068000050,1.8567e-06
1759071600065,2.8454e-06
1759075200022,2.7181e-06
1759078800040,-9.3349e-06
1759082400027,-2.032e-06
1759086000127,1.3158e-06
1759089600004,-1.6712e-06
1759093200011,1.0525e-05
1759096800035,1.05764e-05
1759100400053,1.25e-05
1759104000006,1.25e-05
1759107600022,1.25e-05
1759111200111,1.25e-05
1759114800011,9.3972e-06
1759118400017,4.6263e-06
1759122000062,1.21237e-05
1759125600090,9.5514e-06
1759129200062,6.9912e-06
1759132800058,8.7858e-06
1759136400034,7.989e-06
1759140000007,7.3372e-06
1759143600002,6.9353e-06
1759147200045,1.03337e-05
1759150800066,5.7125e-06
1759154400081,1.06121e-05
1759158000027,1.25e-05
1759161600050,1.25e-05
1759165200145,1.25e-05
1759168800077,1.25e-05
1759172400082,1.25e-05
1759176000048,1.25e-05
1759179600054,1.25e-05
1759183200018,1.25e-05
1759186800050,1.25e-05
1759190400020,1.25e-05
1759194000079,1.25e-05
1759197600029,1.25e-05
1759201200090,1.25e-05
1759204800014,1.25e-05
1759208400051,1.25e-05
1759212000040,1.25e-05
1759215600009,1.25e-05
1759219200064,1.25e-05
1759222800034,1.25e-05
1759226400033,1.25e-05
1759230000021,1.03478e-05
1759233600050,5.1403e-06
1759237200009,6.3803e-06
1759240800020,9.0941e-06
1759244400000,1.03805e-05
1759248000051,1.04396e-05
1759251600008,1.25e-05
1759255200069,1.25e-05
1759258800040,1.25e-05
1759262400043,1.06152e-05
1759266000030,6.5596e-06
1759269600021,1.25e-05
1759273200007,7.3124e-06
1759276800098,1.25e-05
1759280400054,1.25e-05
1759284000041,1.25e-05
1759287600042,1.25e-05
1759291200054,1.25e-05
1759294800012,1.25e-05
1759298400068,1.25e-05
1759302000008,1.25e-05
1759305600041,1.25e-05
1759309200031,1.25e-05
1759312800020,1.25e-05
1759316400030,1.25e-05
1759320000021,1.25e-05
1759323600045,1.25e-05
1759327200081,1.25e-05
1759330800109,1.25e-05
1759334400038,8.3533e-06
1759338000083,6.4654e-06
1759341600062,4.6356e-06
1759345200083,6.9339e-06
1759348800086,8.9686e-06
1759352400026,2.8051e-06
1759356000034,-2.97e-08
1759359600000,3.8122e-06
1759363200016,8.9279e-06
1759366800056,7.2641e-06
1759370400057,9.189e-07
1759374000013,4.0872e-06
1759377600018,4.3499e-06
1759381200005,-2.4599e-06
1759384800017,-3.0748e-06
1759388400027,1.376e-07
1759392000063,5.56e-08
1759395600005,3.8976e-06
1759399200024,7.9154e-06
1759402800016,9.9277e-06
1759406400036,9.9237e-06
1759410000057,1.25e-05
1759413600020,7.5931e-06
1759417200057,1.16991e-05
1759420800033,1.25e-05
1759424400014,9.9954e-06
1759428000012,-7.9193e-06
1759431600040,-8.7302e-06
1759435200064,-8.3373e-06
1759438800025,-1.16803e-05
1759442400095,-4.6665e-06
1759446000006,1.2672e-06
1759449600008,1.03e-06
1759453200071,1.1981e-06
1759456800012,3.6414e-06
1759460400017,6.3548e-06
1759464000028,5.5374e-06
1759467600069,5.8389e-06
1759471200014,-2.2091e-06
1759474800070,1.2239e-06
1759478400028,3.5611e-06
1759482000073,6.1341e-06
1759485600007,3.7165e-06
1759489200007,3.7309e-06
1759492800020,3.1001e-06
1759496400015,2.388e-07
1759500000013,1.25e-05
1759503600033,1.25e-05
1759507200030,1.25e-05
1759510800016,1.25e-05
1759514400018,1.25e-05
1759518000105,1.25e-05
1759521600048,1.25e-05
1759525200197,1.25e-05
1759528800055,1.25e-05
1759532400035,1.25e-05
1759536000006,1.25e-05
1759539600026,1.25e-05
1759543200070,1.25e-05
1759546800062,1.25e-05
1759550400046,1.25e-05
1759554000098,1.25e-05
1759557600044,1.25e-05
1759561200112,1.25e-05
1759564800019,1.25e-05
1759568400059,1.25e-05
1759572000014,1.25e-05
1759575600010,1.25e-05
1759579200009,1.25e-05
1759582800001,1.25e-05
1759586400055,1.25e-05
1759590000060,1.25e-05
1759593600016,1.25e-05
1759597200068,1.25e-05
1759600800073,1.25e-05
1759604400000,1.25e-05
1759608000015,1.25e-05
1759611600073,1.25e-05
1759615200047,1.25e-05
1759618800018,1.25e-05
1759622400101,1.25e-05
1759626000062,1.25e-05
1759629600055,1.25e-05
1759633200033,1.25e-05
1759636800041,1.25e-05
1759640400084,1.25e-05
1759644000055,1.25e-05
1759647600050,1.25e-05
1759651200014,1.25e-05
1759654800033,1.25e-05
1759658400043,1.25e-05
1759662000002,1.25e-05
1759665600050,1.25e-05
1759669200081,1.25e-05
1759672800121,1.25e-05
1759676400088,1.25e-05
1759680000047,1.25e-05
1759683600035,1.25e-05
1759687200062,1.25e-05
1759690800032,1.25e-05
1759694400084,1.25e-05
1759698000108,1.25e-05
1759701600050,1.25e-05
1759705200071,1.25e-05
1759708800043,1.25e-05
1759712400027,1.25e-05
1759716000023,1.25e-05
1759719600082,1.25e-05
1759723200091,1.25e-05
1759726800019,1.25e-05
1759730400111,1.25e-05
1759734000032,1.25e-05
1759737600097,1.25e-05
1759741200055,1.25e-05
1759744800016,1.25e-05
1759748400026,1.25e-05
1759752000074,1.25e-05
1759755600017,1.25e-05
1759759200005,1.25e-05
1759762800043,1.25e-05
1759766400064,1.25e-05
1759770000051,1.25e-05
1759773600087,1.25e-05
1759777200084,1.25e-05
1759780800023,1.25e-05
1759784400015,1.25e-05
1759788000075,1.25e-05
1759791600068,1.25e-05
1759795200002,1.25e-05
1759798800012,1.25e-05
1759802400064,1.25e-05
1759806000050,1.25e-05
1759809600039,1.25e-05
1759813200032,1.25e-05
1759816800019,1.25e-05
1759820400042,1.25e-05
1759824000014,1.25e-05
1759827600010,1.25e-05
1759831200059,1.25e-05
1759834800022,1.25e-05
1759838400000,1.25e-05
1759842000076,1.25e-05
1759845600138,1.41017e-05
1759849200114,1.40453e-05
1759852800069,2.39785e-05
1759856400026,2.74474e-05
1759860000077,1.83758e-05
1759863600033,2.18858e-05
1759867200006,2.33669e-05
1759870800062,3.78563e-05
1759874400055,3.39791e-05
1759878000098,2.70921e-05
1759881600010,1.25e-05
1759885200133,1.25106e-05
1759888800028,1.25e-05
1759892400068,1.57529e-05
1759896000019,1.25e-05
1759899600056,1.25e-05
1759903200002,1.25e-05
1759906800022,1.25e-05
1759910400026,1.25e-05
1759914000065,1.63696e-05
1759917600019,1.25e-05
1759921200005,1.25e-05
1759924800108,1.25e-05
1759928400001,2.50022e-05
1759932000002,2.76846e-05
1759935600058,1.62762e-05
1759939200119,1.25e-05
1759942800028,1.25e-05
1759946400105,3.30862e-05
1759950000018,2.66001e-05
1759953600072,2.26757e-05
1759957200085,1.85709e-05
1759960800055,1.8617e-05
1759964400039,2.37813e-05
1759968000053,2.47947e-05
1759971600011,1.25e-05
1759975200038,1.25e-05
1759978800020,1.25e-05
1759982400064,1.25e-05
1759986000076,1.25e-05
1759989600013,1.25e-05
1759993200036,1.25e-05
1759996800110,1.25e-05
1760000400028,1.25e-05
1760004000032,1.25e-05
1760007600052,1.25e-05
1760011200015,1.25e-05
1760014800011,1.25e-05
1760018400037,1.25e-05
1760022000074,1.25e-05
1760025600019,1.25e-05
1760029200013,1.25e-05
1760032800077,1.25e-05
1760036400013,1.25e-05
1760040000003,1.25e-05
1760043600009,1.25e-05
1760047200078,1.25e-05
1760050800084,1.25e-05
1760054400017,1.25e-05
1760058000038,1.25e-05
1760061600022,1.25e-05
1760065200040,1.25e-05
1760068800008,1.25e-05
1760072400082,1.25e-05
1760076000013,1.25e-05
1760079600056,1.25e-05
1760083200014,1.25e-05
1760086800012,1.25e-05
1760090400089,1.25e-05
1760094000035,1.25e-05
1760097600023,1.25e-05
1760101200059,1.25e-05
1760104800055,1.25e-05
1760108400072,1.25e-05
1760112000042,1.25e-05
1760115600040,1.25e-05
1760119200009,1.25e-05
1760122800032,1.25e-05
1760126400062,1.25e-05
1760130000014,1.25e-05
1760133600084,-0.0020514108
1760137200035,-0.0013153319
1760140800023,-0.0006902403
1760144400034,-0.0001816713
1760148000015,-0.0002198624
1760151600003,-0.0001683867
1760155200016,-0.0002800632
1760158800063,-0.0001980514
1760162400153,-0.0002133167
1760166000073,-0.0002156481
1760169600013,-0.0001153821
1760173200050,-7.81507e-05
1760176800034,-0.000131699
1760180400019,-0.0001554013
1760184000084,-0.0001463105
1760187600002,-0.0001463802
1760191200014,-0.0001534158
1760194800044,-0.0001434796
1760198400129,-0.0001050029
1760202000043,-6.4262e-05
1760205600027,-3.52236e-05
1760209200071,-2.32416e-05
1760212800041,-8.89799e-05
1760216400089,-0.0001160828
1760220000073,-0.0001367386
1760223600004,-0.0001904901
1760227200048,-0.0002260671
1760230800060,-0.0002090045
1760234400086,-0.0002078721
1760238000015,-0.0001456695
1760241600017,-0.0001107337
1760245200030,-0.0001292669
1760248800046,-0.0001653968
1760252400051,-0.0001417313
1760256000128,-9.87436e-05
1760259600019,-7.55388e-05
1760263200032,-6.34802e-05
1760266800015,-6.18533e-05
1760270400041,-2.38915e-05
1760274000018,-1.71213e-05
1760277600010,-2.52625e-05
1760281200058,-2.24054e-05
1760284800000,-2.23142e-05
1760288400053,-8.3793e-06
1760292000083,-4.6301e-05
1760295600034,-7.04745e-05
1760299200037,-5.80725e-05
1760302800008,-3.78625e-05
1760306400034,-2.86178e-05
1760310000039,-2.40382e-05
1760313600022,-2.82803e-05
1760317200056,-1.1905e-05
1760320800109,-1.8374e-06
1760324400041,-2.93412e-05
1760328000081,-2.97096e-05
1760331600010,1.925e-07
1760335200068,-2.8193e-06
1760338800011,8.9974e-06
1760342400029,1.0598e-05
1760346000097,6.2555e-06
1760349600037,-1.5481e-06
1760353200044,1.25e-05
1760356800094,1.25e-05
1760360400067,1.25e-05
1760364000029,6.9575e-06
1760367600052,-7.968e-07
1760371200027,8.199e-07
1760374800008,1.12961e-05
1760378400013,1.25e-05
1760382000032,1.25e-05
1760385600049,4.9643e-06
1760389200049,-1.8293e-06
1760392800002,-2.5569e-06
1760396400006,-6.4112e-06
1760400000054,-6.5961e-06
1760403600064,-3.3923e-06
1760407200032,-2.78177e-05
1760410800114,-5.38571e-05
1760414400019,-2.9825e-05
1760418000079,-4.42186e-05
1760421600009,-2.86913e-05
1760425200007,-4.9565e-06
1760428800001,3.6968e-06
1760432400098,1.25e-05
1760436000066,1.21157e-05
1760439600045,1.25e-05
1760443200009,1.25e-05
1760446800044,1.25e-05
1760450400060,1.25e-05
1760454000027,1.25e-05
1760457600021,1.25e-05
1760461200070,1.25e-05
1760464800036,1.25e-05
1760468400043,1.25e-05
1760472000090,5.3172e-06
1760475600040,1.25e-05
1760479200030,1.25e-05
1760482800016,1.25e-05
1760486400106,1.25e-05
1760490000001,1.25e-05
1760493600048,1.25e-05
1760497200060,1.25e-05
1760500800092,1.25e-05
1760504400054,4.9051e-06
1760508000025,1.23187e-05
1760511600000,1.25e-05
1760515200090,7.1142e-06
1760518800045,1.25e-05
1760522400038,1.25e-05
1760526000014,1.25e-05
1760529600071,1.25e-05
1760533200024,1.25e-05
1760536800088,1.25e-05
1760540400082,1.25e-05
1760544000002,1.2053e-06
1760547600091,3.424e-07
1760551200014,1.8576e-06
1760554800043,6.8218e-06
1760558400048,-1.18338e-05
1760562000066,-1.18409e-05
1760565600068,-2.06049e-05
1760569200063,-1.00879e-05
1760572800003,-1.6488e-06
1760576400006,-7.852e-06
1760580000024,-8.7493e-06
1760583600057,1.7772e-06
1760587200105,-3.0065e-06
1760590800050,9.633e-07
1760594400093,-1.8491e-06
1760598000001,4.1487e-06
1760601600038,7.0594e-06
1760605200082,4.1808e-06
1760608800013,1.25e-05
1760612400020,1.25e-05
1760616000046,1.25e-05
1760619600058,1.25e-05
1760623200059,1.25e-05
1760626800000,3.4953e-06
1760630400046,-1.13391e-05
1760634000067,-1.79283e-05
1760637600028,5.1005e-06
1760641200035,1.18686e-05
1760644800004,-7.3872e-06
1760648400058,-9.0565e-06
1760652000015,-4.86e-07
1760655600005,-5.059e-06
1760659200017,3.0018e-06
1760662800071,7.614e-06
1760666400052,4.427e-06
1760670000028,9.1952e-06
1760673600012,1.25e-05
1760677200047,2.3853e-06
1760680800002,-1.3157e-06
1760684400082,-1.1545e-05
1760688000040,-6.5717e-06
1760691600084,-3.7397e-06
1760695200049,1.25e-05
1760698800013,2.142e-06
1760702400077,1.25e-05
1760706000034,1.25e-05
1760709600009,1.25e-05
1760713200120,1.25e-05
1760716800040,1.25e-05
1760720400015,1.25e-05
1760724000007,1.25e-05
1760727600019,1.25e-05
1760731200028,1.25e-05
1760734800016,1.25e-05
1760738400018,1.25e-05
1760742000049,6.5826e-06
1760745600129,-3.1596e-06
1760749200018,1.25e-05
1760752800084,1.25e-05
1760756400037,7.4062e-06
1760760000070,7.361e-06
1760763600106,-2.604e-07
1760767200001,3.828e-06
1760770800089,1.04743e-05
1760774400022,2.8462e-06
1760778000003,-9.659e-07
1760781600005,-1.1611e-06
1760785200034,-7.289e-07
1760788800000,-3.0384e-06
1760792400017,-1.49089e-05
1760796000045,-2.06857e-05
1760799600069,-1.5867e-05
1760803200107,-1.90198e-05
1760806800041,-1.2378e-05
1760810400003,-4.4419e-06
1760814000020,-4.8125e-06
1760817600014,-8.591e-07
1760821200056,3.6501e-06
1760824800086,-7.4153e-06
1760828400018,-1.9544e-06
1760832000092,7.786e-07
1760835600033,-8.739e-06
1760839200096,-2.8881e-06
1760842800108,1.25e-05
1760846400025,6.7108e-06
1760850000003,-7.7704e-06
1760853600048,-2.4348e-06
1760857200062,-3.9635e-06
1760860800041,-8.213e-07
1760864400022,-7.725e-06
1760868000085,2.5681e-06
1760871600055,9.0826e-06
1760875200055,-4.698e-06
1760878800079,-4.0727e-06
1760882400090,4.6024e-06
1760886000068,-5.5455e-06
1760889600015,-1.54564e-05
1760893200027,-6.2237e-06
1760896800002,1.5173e-06
1760900400081,3.1281e-06
1760904000001,-5.0434e-06
1760907600000,-6.5015e-06
1760911200051,-1.73204e-05
1760914800023,-8.2957e-06
1760918400001,-1.83807e-05
1760922000091,-2.27918e-05
1760925600012,-1.4793e-05
1760929200011,-4.0769e-06
1760932800027,7.3491e-06
1760936400027,1.25e-05
1760940000067,1.25e-05
1760943600099,1.19691e-05
1760947200102,2.6223e-06
1760950800121,1.3404e-06
1760954400031,-3.0753e-06
1760958000001,-6.827e-07
1760961600008,2.1902e-06
1760965200016,5.667e-07
1760968800008,1.20642e-05
1760972400038,-3.0613e-06
1760976000065,6.1049e-06
1760979600004,-1.7774e-06
1760983200050,3.2116e-06
1760986800049,4.8414e-06
1760990400017,1.16316e-05
1760994000028,1.25e-05
1760997600031,1.05763e-05
1761001200065,1.25e-05
1761004800019,6.4417e-06
1761008400007,1.17599e-05
1761012000031,2.7204e-06
1761015600071,4.3146e-06
1761019200035,1.16321e-05
1761022800063,5.14e-07
1761026400008,7.1792e-06
1761030000118,-2.4705e-06
1761033600010,-2.97e-08
1761037200003,-1.17821e-05
1761040800028,3.5447e-06
1761044400076,8.1934e-06
1761048000078,5.8207e-06
1761051600030,6.1282e-06
1761055200096,-1.924e-07
1761058800047,1.25e-05
1761062400042,1.1612e-05
1761066000058,-1.4312e-06
1761069600016,-7.599e-07
1761073200080,-2.08043e-05
1761076800060,-1.71227e-05
1761080400019,-1.0192e-05
1761084000011,2.4086e-06
1761087600060,8.7172e-06
1761091200025,-2.5974e-06
1761094800050,-7.1727e-06
1761098400020,4.072e-07
1761102000081,2.5593e-06
1761105600076,-4.7782e-06
1761109200035,-4.8955e-06
1761112800009,-1.8326e-06
1761116400071,2.4606e-06
1761120000062,-1.134e-05
1761123600059,-1.12563e-05
1761127200074,-1.24411e-05
1761130800056,-9.9317e-06
1761134400032,6.656e-07
1761138000031,1.05979e-05
1761141600029,1.25e-05
1761145200025,1.25e-05
1761148800036,1.02271e-05
1761152400033,1.25e-05
1761156000008,1.25e-05
1761159600089,-1.0469e-06
1761163200002,1.0546e-06
1761166800025,-1.29326e-05
1761170400027,-8.2901e-06
1761174000005,-1.78903e-05
1761177600009,-6.3956e-06
1761181200016,-4.9175e-06
1761184800031,2.4885e-06
1761188400006,1.02251e-05
1761192000069,1.25e-05
1761195600027,1.23014e-05
1761199200059,1.25e-05
1761202800050,1.25e-05
1761206400047,1.25e-05
1761210000058,1.25e-05
1761213600041,1.25e-05
1761217200009,1.25e-05
1761220800003,1.25e-05
1761224400028,1.25e-05
1761228000017,1.25e-05
1761231600071,1.25e-05
1761235200077,1.25e-05
1761238800066,1.25e-05
1761242400067,1.25e-05
1761246000064,1.25e-05
1761249600111,1.25e-05
1761253200075,1.25e-05
1761256800059,-1.044e-07
1761260400061,1.0685e-06
1761264000027,6.7343e-06
1761267600017,1.0908e-05
1761271200037,9.7212e-06
1761274800019,1.1463e-06
1761278400025,5.9e-08
1761282000030,1.25e-05
1761285600025,5.2528e-06
1761289200071,1.20973e-05
1761292800077,1.25e-05
1761296400061,7.4683e-06
1761300000120,8.1756e-06
1761303600104,-2.325e-07
1761307200013,-8.2387e-06
1761310800033,-7.5289e-06
1761314400009,-1.767e-06
1761318000027,1.2646e-06
1761321600171,-3.9815e-06
1761325200036,-7.3971e-06
1761328800052,5.2071e-06
1761332400043,9.949e-07
1761336000021,1.25e-05
1761339600031,1.25e-05
1761343200007,1.13998e-05
1761346800032,1.08705e-05
1761350400014,8.5421e-06
1761354000081,3.076e-07
1761357600085,1.9314e-06
1761361200008,1.01325e-05
1761364800066,1.25e-05
1761368400028,1.25e-05
1761372000036,1.25e-05
1761375600008,1.20798e-05
1761379200043,5.4476e-06
1761382800025,5.7688e-06
1761386400021,7.0128e-06
1761390000057,4.2522e-06
1761393600047,1.1386e-05
1761397200046,1.25e-05
1761400800058,1.25e-05
1761404400016,-9.2738e-06
1761408000041,-6.5131e-06
1761411600015,-1.16481e-05
1761415200027,-3.8845e-06
1761418800030,1.16902e-05
1761422400002,8.9342e-06
1761426000073,1.25e-05
1761429600055,1.25e-05
1761433200044,1.11112e-05
1761436800032,1.25e-05
1761440400040,9.5835e-06
1761444000006,1.08432e-05
1761447600063,1.25e-05
1761451200133,1.25e-05
1761454800021,1.25e-05
1761458400088,1.25e-05
1761462000054,1.25e-05
1761465600009,1.25e-05
1761469200041,1.09795e-05
1761472800028,1.25e-05
1761476400068,1.25e-05
1761480000084,1.25e-05
1761483600054,1.25e-05
1761487200041,1.25e-05
1761490800079,1.25e-05
1761494400039,1.25e-05
1761498000074,8.7164e-06
1761501600030,1.25e-05
1761505200059,1.25e-05
1761508800056,1.25e-05
1761512400033,1.25e-05
1761516000019,1.25e-05
1761519600009,1.25e-05
1761523200020,1.25e-05
1761526800007,1.25e-05
1761530400080,1.25e-05
1761534000034,1.25e-05
1761537600050,1.25e-05
1761541200056,1.25e-05
1761544800073,1.25e-05
1761548400002,1.25e-05
1761552000067,1.25e-05
1761555600016,1.25e-05
1761559200082,1.25e-05
1761562800067,1.25e-05
1761566400052,1.25e-05
1761570000132,1.25e-05
1761573600028,1.25e-05
1761577200090,1.25e-05
1761580800054,1.25e-05
1761584400078,1.25e-05
1761588000053,1.25e-05
1761591600055,1.25e-05
1761595200077,1.25e-05
1761598800065,1.25e-05
1761602400010,1.25e-05
1761606000071,1.25e-05
1761609600041,1.25e-05
1761613200058,1.25e-05
1761616800012,1.25e-05
1761620400031,1.25e-05
1761624000021,1.25e-05
1761627600020,1.25e-05
1761631200053,1.25e-05
1761634800074,1.25e-05
1761638400069,1.25e-05
1761642000046,1.25e-05
1761645600036,1.25e-05
1761649200005,1.25e-05
1761652800001,1.25e-05
1761656400109,1.25e-05
1761660000010,1.25e-05
1761663600019,1.25e-05
1761667200046,1.25e-05
1761670800059,1.25e-05
1761674400091,1.25e-05
1761678000102,1.25e-05
1761681600058,1.25e-05
1761685200077,1.25e-05
1761688800030,1.25e-05
1761692400042,1.25e-05
1761696000102,1.25e-05
1761699600042,1.25e-05
1761703200077,1.25e-05
1761706800042,1.25e-05
1761710400036,1.25e-05
1761714000043,1.25e-05
1761717600006,1.25e-05
1761721200020,1.25e-05
1761724800053,1.25e-05
1761728400061,1.25e-05
1761732000044,1.25e-05
1761735600044,1.25e-05
1761739200098,1.25e-05
1761742800000,1.25e-05
1761746400006,1.25e-05
1761750000035,1.25e-05
1761753600064,1.25e-05
1761757200196,1.25e-05
1761760800117,1.25e-05
1761764400037,1.25e-05
1761768000043,1.25e-05
1761771600014,1.25e-05
1761775200025,1.25e-05
1761778800061,1.25e-05
1761782400035,1.25e-05
1761786000015,1.25e-05
1761789600037,1.25e-05
1761793200041,1.25e-05
1761796800122,1.25e-05
1761800400021,1.25e-05
1761804000021,1.25e-05
1761807600062,1.25e-05
1761811200024,1.25e-05
1761814800007,1.25e-05
1761818400042,1.25e-05
1761822000045,1.25e-05
1761825600003,1.25e-05
1761829200048,1.25e-05
1761832800048,1.00021e-05
1761836400044,1.25e-05
1761840000037,1.25e-05
1761843600008,1.25e-05
1761847200032,1.25e-05
1761850800088,1.25e-05
1761854400034,9.2346e-06
1761858000071,1.25e-05
1761861600092,1.25e-05
1761865200006,1.25e-05
1761868800006,1.25e-05
1761872400082,1.25e-05
1761876000068,1.25e-05
1761879600072,1.25e-05
1761883200038,1.25e-05
1761886800105,1.25e-05
1761890400081,1.25e-05
1761894000066,1.25e-05
1761897600065,1.25e-05
1761901200071,1.25e-05
1761904800002,1.25e-05
1761908400027,1.25e-05
1761912000145,1.25e-05
1761915600016,8.7988e-06
1761919200066,7.3865e-06
1761922800074,1.25e-05
1761926400068,1.25e-05
1761930000021,7.8733e-06
1761933600067,1.25e-05
1761937200009,1.25e-05
1761940800030,1.25e-05
1761944400040,1.25e-05
1761948000089,1.25e-05
1761951600037,1.25e-05
1761955200078,1.25e-05
1761958800002,1.25e-05
1761962400000,8.3621e-06
1761966000108,4.994e-06
1761969600053,1.25e-05
1761973200085,1.25e-05
1761976800046,1.25e-05
1761980400032,6.8675e-06
1761984000039,8.4033e-06
1761987600075,8.7957e-06
1761991200010,3.2929e-06
1761994800062,1.4701e-06
1761998400072,-1.2168e-06
1762002000047,3.5932e-06
1762005600013,-4.4575e-06
1762009200106,-2.878e-06
1762012800044,-8.0646e-06
1762016400100,-5.8042e-06
1762020000005,4.4613e-06
1762023600116,1.25e-05
1762027200002,1.25e-05
1762030800008,1.25e-05
1762034400031,1.24185e-05
1762038000014,1.25e-05
1762041600094,1.25e-05
1762045200000,1.25e-05
1762048800052,1.18214e-05
1762052400004,1.1807e-05
1762056000012,7.4126e-06
1762059600099,1.25e-05
1762063200007,1.25e-05
1762066800053,1.25e-05
1762070400040,1.25e-05
1762074000053,1.25e-05
1762077600020,1.25e-05
1762081200019,1.25e-05
1762084800027,5.586e-07
1762088400003,-2.6202e-06
1762092000057,1.9234e-06
1762095600055,3.8244e-06
1762099200038,2.764e-06
1762102800043,4.33e-08
1762106400014,-1.02656e-05
1762110000050,-5.1908e-06
1762113600024,-4.041e-06
1762117200063,7.221e-06
1762120800055,1.25e-05
1762124400127,1.19665e-05
1762128000108,1.25e-05
1762131600005,1.25e-05
1762135200074,1.25e-05
1762138800048,1.25e-05
1762142400069,1.25e-05
1762146000062,-1.264e-06
1762149600081,3.2259e-06
1762153200041,-2.9999e-06
1762156800009,3.157e-06
1762160400014,1.07686e-05
1762164000019,1.25e-05
1762167600065,1.25e-05
1762171200073,1.25e-05
1762174800022,1.02776e-05
1762178400040,1.12762e-05
1762182000059,-1.5682e-06
1762185600024,-0.0001532012
1762189200019,-6.56061e-05
1762192800009,-1.39199e-05
1762196400094,-1.42161e-05
1762200000046,-6.3414e-06
1762203600000,-1.2643e-06
1762207200013,-3.6975e-06
1762210800040,9.352e-07
1762214400009,2.6791e-06
1762218000022,-8.572e-07
1762221600049,1.842e-07
1762225200014,1.937e-07
1762228800074,-2.509e-06
1762232400042,-1.70668e-05
1762236000054,-4.01403e-05
1762239600052,-3.28655e-05
1762243200064,-1.58359e-05
1762246800001,-1.26636e-05
1762250400042,3.6757e-06
1762254000018,3.8239e-06
1762257600053,8.4216e-06
1762261200065,-6.4814e-06
1762264800077,-1.00136e-05
1762268400003,-4.0977e-06
1762272000000,1.04598e-05
1762275600006,1.25e-05
1762279200062,-9.3099e-06
1762282800079,-8.6621e-06
1762286400059,8.014e-07
1762290000034,-1.06569e-05
1762293600024,-7.833e-06
1762297200105,-4.57e-07
1762300800005,6.3015e-06
1762304400045,9.5427e-06
1762308000095,7.055e-06
1762311600037,1.09523e-05
1762315200029,-1.11431e-05
1762318800020,1.0307e-06
1762322400033,-7.229e-06
1762326000044,1.898e-07
1762329600051,4.796e-06
1762333200029,-1.2173e-05
1762336800009,-1.69435e-05
1762340400001,-1.28199e-05
1762344000024,-9.9676e-06
1762347600088,-3.75174e-05
1762351200043,-2.22499e-05
1762354800072,-1.87583e-05
1762358400017,-1.66972e-05
1762362000026,-8.0562e-06
1762365600042,-1.4225e-05
1762369200000,-2.8329e-05
1762372800000,-4.1147e-05
1762376400095,-1.5347e-05
1762380000015,-1.2776e-06
1762383600000,6.714e-07
1762387200097,3.0565e-06
1762390800003,1.3961e-06
1762394400026,3.73e-06
1762398000007,6.6354e-06
1762401600087,4.3709e-06
1762405200131,6.4406e-06
1762408800042,-1.01856e-05
1762412400071,-1.44135e-05
1762416000018,-1.42579e-05
1762419600140,-1.7152e-06
1762423200001,-6.485e-06
1762426800102,-1.51112e-05
1762430400043,-7.7223e-06
1762434000022,5.414e-06
1762437600005,1.25e-05
1762441200021,-1.9756e-06
1762444800024,-1.1113e-05
1762448400081,-1.94428e-05
1762452000040,-3.01542e-05
1762455600042,-2.37845e-05
1762459200018,-1.56538e-05
1762462800048,-2.22962e-05
1762466400027,-1.13819e-05
1762470000047,-1.23833e-05
1762473600115,-1.19002e-05
1762477200033,-1.64901e-05
1762480800013,-1.09824e-05
1762484400014,-7.224e-07
1762488000064,-6.1177e-06
1762491600056,-1.1613e-06
1762495200072,2.7629e-06
1762498800016,-2.6892e-06
1762502400013,-8.055e-06
1762506000038,-9.7583e-06
1762509600027,-9.3789e-06
1762513200002,-1.7748e-05
1762516800029,-3.61231e-05
1762520400135,-4.25623e-05
1762524000085,-3.17825e-05
1762527600034,-3.14648e-05
1762531200018,-2.46471e-05
1762534800021,-8.4887e-06
1762538400079,-2.46568e-05
1762542000010,-6.5013e-06
1762545600026,-4.6146e-06
1762549200021,-9.322e-07
1762552800043,1.25e-05
1762556400141,1.25e-05
1762560000094,1.25e-05
1762563600067,7.8255e-06
1762567200022,1.25e-05
1762570800023,1.25e-05
1762574400013,4.5036e-06
1762578000085,1.25e-05
1762581600078,1.987e-06
1762585200036,-3.255e-07
1762588800058,-5.6335e-06
1762592400085,1.1783e-06
1762596000029,3.8966e-06
1762599600034,5.8875e-06
1762603200091,-1.8885e-06
1762606800036,-5.7709e-06
1762610400019,-9.2663e-06
1762614000056,-7.5724e-06
1762617600029,-6.5254e-06
1762621200024,4.024e-07
1762624800085,4.3164e-06
1762628400082,-1.8917e-06
1762632000100,-1.20388e-05
1762635600090,-1.67739e-05
1762639200035,-9.591e-07
1762642800043,-1.6928e-06
1762646400028,1.5673e-06
1762650000002,-3.8785e-06
1762653600185,2.0745e-06
1762657200067,2.4472e-06
1762660800004,9.475e-07
1762664400022,5.606e-07
1762668000090,-4.9817e-06
1762671600058,-5.5952e-06
1762675200038,-1.14643e-05
1762678800012,-1.44028e-05
1762682400045,-1.47703e-05
1762686000046,-7.4744e-06
1762689600040,-1.1751e-06
1762693200061,-1.27063e-05
1762696800027,8.6125e-06
1762700400050,1.25e-05
1762704000039,1.25e-05
1762707600109,1.25e-05
1762711200052,1.25e-05
1762714800066,1.25e-05
1762718400007,1.25e-05
1762722000092,1.25e-05
1762725600073,1.25e-05
1762729200047,1.25e-05
1762732800049,1.25e-05
1762736400000,1.25e-05
1762740000010,1.25e-05
1762743600055,1.25e-05
1762747200076,1.25e-05
1762750800075,1.25e-05
1762754400071,1.25e-05
1762758000051,1.25e-05
1762761600042,7.8737e-06
1762765200026,9.5247e-06
1762768800131,1.25e-05
1762772400024,4.5042e-06
1762776000125,5.2296e-06
1762779600057,-5.8569e-06
1762783200062,1.18393e-05
1762786800004,-4.423e-07
1762790400048,5.9695e-06
1762794000036,7.7978e-06
1762797600053,1.21282e-05
1762801200043,2.3566e-06
1762804800045,9.4146e-06
1762808400074,4.3659e-06
1762812000005,-7.8179e-06
1762815600001,4.6741e-06
1762819200073,8.6261e-06
1762822800054,9.7449e-06
1762826400011,6.304e-06
1762830000076,6.1228e-06
1762833600153,6.7544e-06
1762837200043,3.3934e-06
1762840800043,-4.1572e-06
1762844400040,-8.2333e-06
1762848000049,4.7392e-06
1762851600026,5.6484e-06
1762855200055,1.1693e-05
1762858800060,1.4897e-06
1762862400002,-1.53337e-05
1762866000058,-1.41577e-05
1762869600061,2.7233e-06
1762873200027,-6.6434e-06
1762876800015,1.25e-05
1762880400073,1.25e-05
1762884000026,3.3365e-06
1762887600016,-5.511e-07
1762891200013,-1.07001e-05
1762894800050,1.394e-06
1762898400008,8.4191e-06
1762902000015,4.725e-06
1762905600096,-1.93221e-05
1762909200040,-1.66588e-05
1762912800123,-9.2459e-06
1762916400006,-1.17367e-05
1762920000014,-1.02414e-05
1762923600084,-1.35505e-05
1762927200107,-8.0011e-06
1762930800073,2.9831e-06
1762934400004,-1.3399e-06
1762938000040,-7.9536e-06
1762941600021,-1.70318e-05
1762945200044,-2.19085e-05
1762948800007,-2.46933e-05
1762952400063,-1.22111e-05
1762956000043,-1.06786e-05
1762959600019,-1.60278e-05
1762963200001,-1.62761e-05
1762966800045,-2.24778e-05
1762970400036,-2.64145e-05
1762974000032,-2.61777e-05
1762977600038,-3.17573e-05
1762981200057,-2.5351e-06
1762984800019,-5.282e-06
1762988400045,-2.2844e-05
1762992000007,-2.44639e-05
1762995600079,-1.84842e-05
1762999200052,-1.1823e-05
1763002800067,-2.76942e-05
1763006400039,-2.19055e-05
1763010000072,-6.8104e-06
1763013600028,2.6807e-06
1763017200014,5.0124e-06
1763020800053,1.5421e-06
1763024400007,-7.4795e-06
1763028000062,-5.3052e-06
1763031600092,-1.71735e-05
1763035200022,-9.6262e-06
1763038800024,-2.06302e-05
1763042400070,-7.6865e-06
1763046000014,-1.3045e-05
1763049600012,-1.44497e-05
1763053200042,-2.0913e-05
1763056800058,-2.53328e-05
1763060400062,-2.51779e-05
1763064000061,-2.0258e-05
1763067600046,-2.21714e-05
1763071200013,-1.73444e-05
1763074800059,-1.25773e-05
1763078400130,-4.7945e-06
1763082000014,-1.05746e-05
1763085600069,-8.5481e-06
1763089200085,3.7348e-06
1763092800024,-9.0397e-06
1763096400029,-2.3263e-05
1763100000096,-3.14809e-05
1763103600019,-8.655e-06
1763107200098,-1.9211e-06
1763110800137,-9.3339e-06
1763114400036,2.527e-06
1763118000052,-5.5323e-06
1763121600046,-1.06729e-05
1763125200041,-7.5049e-06
1763128800034,5.041e-06
1763132400013,1.25e-05
1763136000014,1.25e-05
1763139600079,1.25e-05
1763143200020,1.25e-05
1763146800005,1.25e-05
1763150400054,1.25e-05
1763154000011,1.25e-05
1763157600091,1.25e-05
1763161200037,1.25e-05
1763164800028,1.25e-05
1763168400133,1.25e-05
1763172000009,1.25e-05
1763175600036,1.25e-05
1763179200065,1.25e-05
1763182800009,-2.968e-07
1763186400014,5.3815e-06
1763190000047,7.2172e-06
1763193600089,4.538e-07
1763197200051,3.229e-07
1763200800102,2.9062e-06
1763204400069,-1.6255e-06
1763208000005,-1.6215e-06
1763211600021,-3.1302e-06
1763215200091,2.6493e-06
1763218800034,-7.4724e-06
1763222400015,8.5473e-06
1763226000035,2.7546e-06
1763229600023,9.884e-06
1763233200004,9.7902e-06
1763236800052,1.22136e-05
1763240400109,3.6991e-06
1763244000042,2.5145e-06
1763247600047,1.16458e-05
1763251200002,1.25e-05
1763254800042,1.25e-05
1763258400028,1.25e-05
1763262000028,1.25e-05
1763265600042,1.25e-05
1763269200061,1.25e-05
1763272800020,1.1954e-05
1763276400060,1.25e-05
1763280000087,1.25e-05
1763283600076,1.25e-05
1763287200068,1.25e-05
1763290800119,1.25e-05
1763294400087,1.25e-05
1763298000043,1.25e-05
1763301600073,-1.0456e-06
1763305200030,2.07e-06
1763308800012,2.469e-06
1763312400053,-4.7612e-06
1763316000003,-1.1674e-05
1763319600068,-9.5251e-06
1763323200033,2.0941e-06
1763326800059,6.436e-07
1763330400007,-7.63e-08
1763334000049,7.1446e-06
1763337600032,1.25e-05
1763341200020,1.25e-05
1763344800028,1.25e-05
1763348400050,1.25e-05
1763352000026,1.25e-05
1763355600122,1.25e-05
1763359200073,1.25e-05
1763362800069,1.25e-05
1763366400018,1.25e-05
1763370000061,1.25e-05
1763373600009,1.25e-05
1763377200051,8.2306e-06
1763380800042,1.25e-05
1763384400062,1.19536e-05
1763388000072,3.3911e-06
1763391600017,5.0641e-06
1763395200091,1.19833e-05
1763398800031,4.8293e-06
1763402400033,-7.1973e-06
1763406000029,2.4048e-06
1763409600047,-8.7039e-06
1763413200069,1.0142e-06
1763416800074,-1.3098e-06
1763420400045,7.4684e-06
1763424000005,1.1761e-05
1763427600008,8.5337e-06
1763431200088,1.25e-05
1763434800016,1.25e-05
1763438400090,1.25e-05
1763442000014,8.2128e-06
1763445600071,1.23624e-05
1763449200106,1.1915e-05
1763452800038,1.25e-05
1763456400045,1.25e-05
1763460000075,9.6045e-06
1763463600001,1.21964e-05
1763467200035,1.07173e-05
1763470800032,1.25e-05
1763474400037,1.25e-05
1763478000046,1.19809e-05
1763481600046,1.25e-05
1763485200013,5.0939e-06
1763488800026,-6.4722e-06
1763492400025,-2.1443e-06
1763496000006,4.2802e-06
1763499600030,-3.964e-07
1763503200011,-8.036e-06
1763506800026,-6.6657e-06
1763510400026,-1.32094e-05
1763514000092,-1.36747e-05
1763517600049,-1.46413e-05
1763521200012,-1.54298e-05
1763524800054,-1.63733e-05
1763528400003,-4.759e-06
1763532000026,-6.211e-07
1763535600048,3.6969e-06
1763539200018,1.9973e-06
1763542800048,-5.7512e-06
1763546400012,-5.5298e-06
1763550000095,-3.493e-06
1763553600026,-7.9286e-06
1763557200042,-1.15742e-05
1763560800002,-1.74581e-05
1763564400004,-2.31667e-05
1763568000036,-1.94173e-05
1763571600080,-1.37732e-05
1763575200054,-9.5028e-06
1763578800006,-1.30129e-05
1763582400045,-9.8592e-06
1763586000018,-4.1126e-06
1763589600034,-1.27549e-05
1763593200027,-9.3004e-06
1763596800071,-8.0261e-06
1763600400114,-2.0605e-06
1763604000030,-2.6227e-06
1763607600050,4.0985e-06
1763611200005,1.894e-07
1763614800045,7.8256e-06
1763618400003,1.25e-05
1763622000046,1.25e-05
1763625600000,1.25e-05
1763629200039,1.25e-05
1763632800112,1.25e-05
1763636400052,1.25e-05
1763640000004,1.25e-05
1763643600051,1.25e-05
1763647200045,1.25e-05
1763650800022,1.25e-05
1763654400039,1.25e-05
1763658000059,-9.3014e-06
1763661600035,-3.7323e-06
1763665200088,1.1872e-05
1763668800054,1.25e-05
1763672400000,1.0459e-06
1763676000129,9.2589e-06
1763679600006,1.25e-05
1763683200037,1.25e-05
1763686800053,1.25e-05
1763690400169,8.7828e-06
1763694000141,7.1286e-06
1763697600006,1.05453e-05
1763701200005,-4.6787e-06
1763704800054,1.15621e-05
1763708400092,1.25e-05
1763712000103,-3.66902e-05
1763715600003,-3.83475e-05
1763719200007,-2.78189e-05
1763722800009,-3.18766e-05
1763726400005,-4.15506e-05
1763730000102,-5.14464e-05
1763733600044,-5.74792e-05
1763737200047,-5.57851e-05
1763740800015,-4.15686e-05
1763744400023,-2.39074e-05
1763748000006,-3.02527e-05
1763751600093,-3.40207e-05
1763755200034,-2.7996e-05
1763758800031,-2.46172e-05
1763762400066,-1.29574e-05
1763766000002,-2.98051e-05
1763769600049,-1.99153e-05
1763773200034,3.362e-06
1763776800035,-1.6026e-06
1763780400083,-1.85554e-05
1763784000070,-1.83404e-05
1763787600036,-1.7676e-05
1763791200033,-2.82893e-05
1763794800060,-1.64722e-05
1763798400063,-1.0834e-05
1763802000011,-1.35732e-05
1763805600052,-3.39779e-05
1763809200092,-3.22361e-05
1763812800045,-2.92939e-05
1763816400078,-3.03588e-05
1763820000013,-4.08556e-05
1763823600010,-2.14019e-05
1763827200011,-1.36265e-05
1763830800019,-1.0861e-05
1763834400003,-1.60675e-05
1763838000027,-1.57652e-05
1763841600045,-1.54532e-05
1763845200055,-2.07212e-05
1763848800053,-1.28017e-05
1763852400085,-1.19384e-05
1763856000020,-1.08829e-05
1763859600093,-1.80329e-05
1763863200046,-1.25854e-05
1763866800024,-1.75653e-05
1763870400004,-2.52892e-05
1763874000012,-2.24097e-05
1763877600007,-2.20528e-05
1763881200051,-2.50783e-05
1763884800064,-1.82964e-05
1763888400008,-8.2018e-06
1763892000023,-5.2195e-06
1763895600097,-5.3337e-06
1763899200010,-9.543e-07
1763902800086,-2.6844e-06
1763906400004,-2.323e-06
1763910000040,1.1728e-06
1763913600021,-1.7201e-06
1763917200005,-6.7372e-06
1763920800020,-7.2507e-06
1763924400042,-3.2228e-06
1763928000076,-6.5197e-06
1763931600083,-1.49462e-05
1763935200032,-3.43047e-05
1763938800050,-3.50802e-05
1763942400051,-3.20968e-05
1763946000030,-1.62557e-05
1763949600067,-3.18632e-05
1763953200010,-5.2424e-06
1763956800034,4.4247e-06
1763960400042,4.5606e-06
1763964000036,-1.33563e-05
1763967600028,-1.74306e-05
1763971200025,-8.1135e-06
1763974800049,-3.53622e-05
1763978400007,-2.50159e-05
1763982000049,-1.9572e-06
1763985600056,7.394e-07
1763989200014,5.4184e-06
1763992800035,-2.018e-06
1763996400015,-5.8609e-06
1764000000011,8.4248e-06
1764003600041,6.5329e-06
1764007200097,1.0814e-06
1764010800065,-1.743e-05
1764014400083,-2.30774e-05
1764018000134,-2.52637e-05
1764021600018,-4.62177e-05
1764025200013,-1.60746e-05
1764028800027,-3.2679e-06
1764032400029,3.876e-06
1764036000065,2.252e-06
1764039600062,2.2814e-06
1764043200057,5.1494e-06
1764046800061,3.6803e-06
1764050400056,3.8919e-06
1764054000004,8.024e-07
1764057600000,-1.10181e-05
1764061200065,1.7875e-06
1764064800014,4.7905e-06
1764068400010,-2.678e-06
1764072000055,-1.4908e-05
1764075600083,-2.31273e-05
1764079200039,-2.04822e-05
1764082800004,-2.46095e-05
1764086400060,-1.452e-05
1764090000006,-1.39287e-05
1764093600054,4.867e-07
1764097200061,-1.8339e-06
1764100800015,-7.0944e-06
1764104400012,1.8803e-06
1764108000013,1.2286e-06
1764111600092,1.0599e-06
1764115200203,-9.913e-07
1764118800056,2.7244e-06
1764122400030,-2.3942e-06
1764126000063,-7.5555e-06
1764129600014,-7.7721e-06
1764133200044,9.0092e-06
1764136800016,1.21104e-05
1764140400022,1.25e-05
1764144000098,1.25e-05
1764147600091,8.3372e-06
1764151200025,-5.4898e-06
1764154800023,-3.3443e-06
1764158400100,3.0499e-06
1764162000034,4.7941e-06
1764165600047,-1.593e-07
1764169200012,7.4416e-06
1764172800062,1.25e-05
1764176400062,7.921e-07
1764180000073,-7.6641e-06
1764183600048,-2.6586e-06
1764187200065,-1.90038e-05
1764190800032,-1.21864e-05
1764194400029,-1.74341e-05
1764198000032,-2.08476e-05
1764201600024,-2.35563e-05
1764205200006,-2.68203e-05
1764208800090,-1.33199e-05
1764212400036,-1.20092e-05
1764216000062,-1.77998e-05
1764219600069,-1.49472e-05
1764223200027,-7.0064e-06
1764226800004,-1.12312e-05
1764230400031,-1.33513e-05
1764234000030,-1.69762e-05
1764237600037,-5.1764e-06
1764241200006,-1.00535e-05
1764244800056,-2.2134e-06
1764248400129,-6.3098e-06
1764252000083,1.25e-05
1764255600013,9.3368e-06
1764259200038,-1.807e-07
1764262800030,-4.9188e-06
1764266400008,-9.5394e-06
1764270000043,-6.8395e-06
1764273600031,-1.10565e-05
1764277200068,-5.3298e-06
1764280800021,-2.0672e-06
1764284400015,-3.616e-06
1764288000003,-1.48e-05
1764291600096,-1.63151e-05
1764295200007,-2.51459e-05
1764298800026,-1.52529e-05
1764302400060,-1.36202e-05
1764306000102,-6.185e-06
1764309600089,-2.24987e-05
1764313200032,-2.02428e-05
1764316800007,-1.83673e-05
1764320400007,-1.23339e-05
1764324000046,-3.18165e-05
1764327600039,-2.18208e-05
1764331200055,-2.5106e-05
1764334800037,-1.099e-05
1764338400032,-3.5002e-06
1764342000000,1.03671e-05
1764345600028,1.25e-05
1764349200067,1.25e-05
1764352800002,1.1476e-05
1764356400074,2.7328e-06
1764360000023,5.3651e-06
1764363600034,8.8201e-06
1764367200030,8.2304e-06
1764370800038,5.897e-06
1764374400025,7.2181e-06
1764378000081,7.5982e-06
1764381600015,1.12859e-05
1764385200061,1.25e-05
1764388800003,1.25e-05
1764392400146,1.25e-05
1764396000061,1.25e-05
1764399600067,1.25e-05
1764403200067,1.25e-05
1764406800005,1.25e-05
1764410400028,1.25e-05
1764414000053,1.25e-05
1764417600000,1.25e-05
1764421200051,1.25e-05
1764424800026,1.25e-05
1764428400007,1.25e-05
1764432000017,1.25e-05
1764435600109,1.25e-05
1764439200004,-1.2342e-06
1764442800022,2.3109e-06
1764446400051,1.25e-05
1764450000028,1.25e-05
1764453600035,1.25e-05
1764457200051,1.25e-05
1764460800082,1.25e-05
1764464400030,1.25e-05
1764468000075,1.25e-05
1764471600044,1.25e-05
1764475200090,1.25e-05
1764478800004,1.25e-05
1764482400004,7.6837e-06
1764486000045,5.9554e-06
1764489600065,3.9309e-06
1764493200051,1.0947e-06
1764496800075,-5.8178e-06
1764500400070,4.1619e-06
1764504000054,7.1198e-06
1764507600060,1.25e-05
1764511200007,1.25e-05
1764514800066,1.25e-05
1764518400049,1.25e-05
1764522000046,1.25e-05
1764525600097,5.9881e-06
1764529200015,1.25e-05
1764532800096,1.25e-05
1764536400035,1.25e-05
1764540000056,1.25e-05
1764543600008,1.25e-05
1764547200073,1.3844e-06
1764550800076,-6.3444e-06
1764554400003,-4.0728e-06
1764558000027,3.1174e-06
1764561600028,-5.4e-09
1764565200048,2.0137e-06
1764568800029,-1.4524e-06
1764572400034,-8.243e-07
1764576000014,-1.2434e-06
1764579600010,-5.897e-06
1764583200038,-1.37063e-05
1764586800036,-5.8337e-06
1764590400066,5.9769e-06
1764594000024,5.4802e-06
1764597600024,1.1838e-06
1764601200067,3.5462e-06
1764604800069,2.4656e-06
1764608400021,1.25e-05
1764612000060,1.25e-05
1764615600000,1.25e-05
1764619200070,1.25e-05
1764622800006,1.25e-05
1764626400103,1.04404e-05
1764630000062,9.4441e-06
1764633600052,7.1482e-06
1764637200062,3.8797e-06
1764640800027,5.2811e-06
1764644400060,1.25e-05
1764648000023,1.25e-05
1764651600061,1.25e-05
1764655200036,1.25e-05
1764658800001,1.25e-05
1764662400104,-4.871e-07
1764666000038,-2.4841e-06
1764669600047,-9.5787e-06
1764673200037,-2.8704e-06
1764676800092,1.6867e-06
1764680400029,-2.7213e-06
1764684000078,5.667e-06
1764687600070,4.8731e-06
1764691200048,9.5057e-06
1764694800058,1.25e-05
1764698400022,6.9782e-06
1764702000027,1.9156e-06
1764705600007,1.25e-05
1764709200115,-7.9901e-06
1764712800050,1.7096e-06
1764716400064,1.25e-05
1764720000098,1.25e-05
1764723600052,1.12979e-05
1764727200028,8.2539e-06
1764730800017,7.799e-06
1764734400010,1.25e-05
1764738000062,1.04665e-05
1764741600007,1.25e-05
1764745200016,1.04868e-05
1764748800016,5.0265e-06
1764752400099,1.02736e-05
1764756000051,2.4117e-06
1764759600008,2.4523e-06
1764763200008,-4.603e-07
1764766800033,-2.5916e-06
1764770400068,-5.289e-06
1764774000020,6.2842e-06
1764777600116,5.7633e-06
1764781200035,8.6042e-06
1764784800043,1.25e-05
1764788400000,5.6609e-06
1764792000036,5.4543e-06
1764795600027,1.25e-05
1764799200024,1.25e-05
1764802800029,1.25e-05
1764806400032,1.25e-05
1764810000010,6.1921e-06
1764813600079,5.9926e-06
1764817200010,9.623e-06
1764820800038,7.6098e-06
1764824400064,3.6482e-06
1764828000059,5.5398e-06
1764831600011,1.25e-05
1764835200049,5.8457e-06
1764838800085,9.2134e-06
1764842400081,7.9096e-06
1764846000050,4.5174e-06
1764849600031,6.6075e-06
1764853200064,1.25e-05
1764856800041,9.058e-06
1764860400047,1.25e-05
1764864000010,1.25e-05
1764867600054,1.21072e-05
1764871200008,1.043e-05
1764874800044,5.0556e-06
1764878400021,-1.3474e-06
1764882000078,-3.7519e-06
1764885600034,-6.2607e-06
1764889200015,-1.18259e-05
1764892800002,1.033e-06
1764896400035,-4.6812e-06
1764900000021,-5.1449e-06
1764903600048,9.701e-07
1764907200066,-2.6576e-06
1764910800044,-2.2341e-06
1764914400033,-1.9197e-06
1764918000050,3.6658e-06
1764921600032,5.3357e-06
1764925200019,7.3826e-06
1764928800035,-3.498e-06
1764932400077,7.646e-06
1764936000030,5.9659e-06
1764939600062,7.972e-06
1764943200047,2.4817e-06
1764946800036,4.1744e-06
1764950400000,-6.1735e-06
1764954000026,-6.2234e-06
1764957600054,-1.33395e-05
1764961200086,-1.04672e-05
1764964800004,-1.30917e-05
1764968400036,-6.6852e-06
1764972000035,-7.1117e-06
1764975600012,-4.0165e-06
1764979200052,-5.9747e-06
1764982800110,-6.0113e-06
1764986400011,9.72e-08
1764990000053,-4.1633e-06
1764993600025,-8.9089e-06
1764997200044,-2.5133e-06
1765000800010,-6.861e-07
1765004400052,-5.4171e-06
1765008000049,-1.7333e-06
1765011600050,5.603e-06
1765015200024,-9.19e-07
1765018800005,-1.0411e-06
1765022400038,-1.2317e-06
1765026000034,-1.395e-07
1765029600047,-1.6763e-06
1765033200028,-7.028e-07
1765036800107,3.3884e-06
1765040400025,-4.5827e-06
1765044000046,1.7448e-06
1765047600065,7.2008e-06
1765051200038,-7.6647e-06
1765054800067,-1.1056e-05
1765058400120,-5.3537e-06
1765062000058,4.3511e-06
1765065600005,-1.27711e-05
1765069200048,-1.8182e-05
1765072800012,-9.8129e-06
1765076400047,-1.05917e-05
1765080000147,-1.04489e-05
1765083600081,-1.52952e-05
1765087200041,-9.4735e-06
1765090800003,-1.43843e-05
1765094400025,1.1574e-06
1765098000033,5.3624e-06
1765101600096,9.6997e-06
1765105200107,5.5205e-06
1765108800022,8.305e-06
1765112400015,2.5857e-06
1765116000007,-2.5565e-06
1765119600003,-1.39636e-05
1765123200031,-1.45842e-05
1765126800002,-1.27976e-05
1765130400040,-2.25601e-05
1765134000096,-1.49601e-05
1765137600036,-1.18432e-05
1765141200009,-7.0087e-06
1765144800031,-1.36793e-05
1765148400067,-2.4248e-05
1765152000031,-1.99842e-05
1765155600152,-1.20883e-05
1765159200010,-5.0965e-06
1765162800024,-6.6652e-06
1765166400007,-5.7916e-06
1765170000036,-4.5853e-06
1765173600056,-4.9409e-06
1765177200006,3.593e-06
1765180800113,9.7885e-06
1765184400062,1.25e-05
1765188000041,1.25e-05
1765191600085,1.25e-05
1765195200019,1.25e-05
1765198800077,1.25e-05
1765202400056,-2.0087e-06
1765206000011,4.7848e-06
1765209600037,7.0724e-06
1765213200037,5.1736e-06
1765216800053,3.3864e-06
1765220400047,-1.16864e-05
1765224000021,-1.31789e-05
1765227600150,-1.29412e-05
1765231200004,-1.20331e-05
1765234800059,-1.29464e-05
1765238400087,-1.09489e-05
1765242000022,-3.17e-08
1765245600045,2.246e-07
1765249200064,-7.7914e-06
1765252800033,-1.0078e-05
1765256400043,-1.36905e-05
1765260000001,-1.0089e-05
1765263600090,3.2854e-06
1765267200041,9.226e-06
1765270800045,3.1931e-06
1765274400025,-3.739e-06
1765278000029,3.641e-06
1765281600077,5.5742e-06
1765285200052,5.7681e-06
1765288800043,-1.1172e-06
1765292400058,-2.9247e-06
1765296000007,1.25e-05
1765299600005,1.25e-05
1765303200021,1.25e-05
1765306800066,1.25e-05
1765310400008,8.2894e-06
1765314000033,1.7428e-06
1765317600103,-1.0436e-05
1765321200008,-1.9646e-05
1765324800013,-1.73558e-05
1765328400046,-9.6477e-06
1765332000101,-1.43853e-05
1765335600000,-4.9703e-06
1765339200090,-4.3281e-06
1765342800079,1.25e-05
1765346400065,1.25e-05
1765350000025,1.25e-05
1765353600023,1.25e-05
1765357200031,1.25e-05
1765360800108,1.25e-05
1765364400050,8.6099e-06
1765368000051,1.11341e-05
1765371600033,6.6989e-06
1765375200003,9.9536e-06
1765378800139,6.3079e-06
1765382400003,5.1187e-06
1765386000019,-1.2509e-06
1765389600058,6.222e-07
1765393200036,4.5471e-06
1765396800105,8.8285e-06
1765400400013,1.25e-05
1765404000057,-1.29e-07
1765407600000,-1.11566e-05
1765411200043,-1.03137e-05
1765414800002,-1.17193e-05
1765418400017,-1.53061e-05
1765422000029,-9.4604e-06
1765425600035,-2.2291e-06
1765429200039,-6.5589e-06
1765432800044,-3.5069e-06
1765436400030,-4.3758e-06
1765440000002,7.448e-07
1765443600086,-1.9867e-06
1765447200017,-2.6285e-06
1765450800074,-4.4852e-06
1765454400085,-1.1922e-06
1765458000016,9.4866e-06
1765461600053,4.4371e-06
1765465200033,1.02717e-05
1765468800037,1.25e-05
1765472400009,8.606e-06
1765476000065,8.5588e-06
1765479600050,6.2094e-06
1765483200102,9.3994e-06
1765486800008,1.25e-05
1765490400002,1.25e-05
1765494000050,1.25e-05
1765497600018,1.25e-05
1765501200171,1.25e-05
1765504800053,1.25e-05
1765508400087,1.25e-05
1765512000006,1.25e-05
1765515600009,1.25e-05
1765519200066,1.25e-05
1765522800063,1.25e-05
1765526400062,1.25e-05
1765530000026,1.25e-05
1765533600066,1.25e-05
1765537200038,1.25e-05
1765540800034,1.25e-05
1765544400065,1.25e-05
1765548000016,1.25e-05
1765551600036,1.25e-05
1765555200063,1.25e-05
1765558800048,1.25e-05
1765562400100,1.25e-05
1765566000047,1.25e-05
1765569600061,1.25e-05
1765573200053,1.25e-05
1765576800043,1.25e-05
1765580400048,1.25e-05
1765584000091,1.25e-05
1765587600043,1.25e-05
1765591200027,1.25e-05
1765594800090,1.25e-05
1765598400011,1.25e-05
1765602000068,1.25e-05
1765605600030,1.25e-05
1765609200002,1.25e-05
1765612800054,1.25e-05
1765616400047,1.25e-05
1765620000009,1.25e-05
1765623600027,1.25e-05
1765627200024,1.25e-05
1765630800079,1.25e-05
1765634400061,1.25e-05
1765638000113,1.25e-05
1765641600054,1.25e-05
1765645200085,1.25e-05
1765648800079,1.25e-05
1765652400003,1.25e-05
1765656000137,1.25e-05
1765659600031,1.25e-05
1765663200014,1.25e-05
1765666800022,1.25e-05
1765670400071,1.25e-05
1765674000077,1.25e-05
1765677600004,1.25e-05
1765681200045,1.25e-05
1765684800070,1.25e-05
1765688400007,1.25e-05
1765692000066,1.25e-05
1765695600048,1.1739e-05
1765699200098,7.7135e-06
1765702800052,8.2384e-06
1765706400041,6.3836e-06
1765710000121,-7.87e-08
1765713600014,1.25e-05
1765717200017,1.25e-05
1765720800060,1.25e-05
1765724400031,1.25e-05
1765728000070,1.25e-05
1765731600069,1.09989e-05
1765735200047,1.07028e-05
1765738800044,3.1112e-06
1765742400047,5.296e-06
1765746000068,-9.1e-08
1765749600087,4.226e-07
1765753200015,2.902e-06
1765756800088,1.7283e-06
1765760400010,-6.1144e-06
1765764000047,-3.173e-07
1765767600076,3.4162e-06
1765771200021,-2.3434e-06
1765774800059,7.3662e-06
1765778400047,1.25e-05
1765782000042,1.25e-05
1765785600082,8.2943e-06
1765789200059,4.7082e-06
1765792800075,4.3479e-06
1765796400123,1.25e-05
1765800000009,1.25e-05
1765803600004,1.25e-05
1765807200067,1.25e-05
1765810800001,1.13189e-05
1765814400063,1.25e-05
1765818000112,1.25e-05
1765821600057,1.06105e-05
1765825200060,1.11538e-05
1765828800032,1.25e-05
1765832400059,1.25e-05
1765836000047,1.25e-05
1765839600069,1.25e-05
1765843200079,4.2056e-06
1765846800072,-1.6465e-06
1765850400054,1.25e-05
1765854000051,1.25e-05
1765857600068,1.25e-05
1765861200036,4.551e-06
1765864800047,1.03593e-05
1765868400012,5.8006e-06
1765872000101,-3.1683e-06
1765875600077,8.269e-07
1765879200029,-5.889e-07
1765882800055,7.8942e-06
1765886400047,1.25e-05
1765890000026,1.25e-05
1765893600003,1.25e-05
1765897200025,1.25e-05
1765900800075,5.4581e-06
1765904400045,1.24162e-05
1765908000063,1.22937e-05
1765911600014,1.25e-05
1765915200180,1.13599e-05
1765918800001,1.25e-05
1765922400081,9.5017e-06
1765926000079,4.527e-06
1765929600013,6.6079e-06
1765933200109,5.3338e-06
1765936800088,6.7764e-06
1765940400065,8.2293e-06
1765944000020,1.25e-05
1765947600122,1.25e-05
1765951200024,1.13953e-05
1765954800010,9.9692e-06
1765958400022,7.1122e-06
1765962000055,1.25e-05
1765965600016,1.25e-05
1765969200072,1.25e-05
1765972800021,1.25e-05
1765976400083,6.5165e-06
1765980000018,1.24518e-05
1765983600040,1.25e-05
1765987200034,1.05013e-05
1765990800038,3.3766e-06
1765994400074,-7.4256e-06
1765998000014,-9.881e-06
1766001600061,-6.5403e-06
1766005200032,-2.8019e-06
1766008800073,-3.2486e-06
1766012400000,-2.595e-06
1766016000033,-1.01196e-05
1766019600079,-1.8904e-06
1766023200030,-6.136e-07
1766026800055,4.706e-07
1766030400029,4.2892e-06
1766034000055,1.00501e-05
1766037600044,1.10991e-05
1766041200025,7.217e-06
1766044800050,6.1824e-06
1766048400003,1.4524e-06
1766052000091,-2.652e-07
1766055600056,-3.1432e-06
1766059200039,5.9485e-06
1766062800003,8.531e-06
1766066400026,9.2004e-06
1766070000050,1.9653e-06
1766073600031,-3.1726e-06
1766077200074,9.8117e-06
1766080800080,-2.0844e-06
1766084400016,-4.1937e-06
1766088000077,-2.95459e-05
1766091600013,-3.0488e-05
1766095200073,-6.5465e-06
1766098800067,1.25e-05
1766102400067,4.836e-06
1766106000032,7.3657e-06
1766109600061,1.25e-05
1766113200012,1.25e-05
1766116800009,1.25e-05
1766120400067,1.25e-05
1766124000047,1.25e-05
1766127600033,1.25e-05
1766131200054,1.25e-05
1766134800013,1.25e-05
1766138400046,1.25e-05
1766142000006,1.25e-05
1766145600061,1.25e-05
1766149200006,1.25e-05
1766152800026,1.25e-05
1766156400126,1.25e-05
1766160000091,8.3155e-06
1766163600109,6.9016e-06
1766167200025,-5.4789e-06
1766170800014,3.1207e-06
1766174400036,1.25e-05
1766178000021,1.25e-05
1766181600013,1.25e-05
1766185200045,1.25e-05
1766188800049,1.25e-05
1766192400054,1.25e-05
1766196000052,1.25e-05
1766199600088,1.25e-05
1766203200068,1.25e-05
1766206800010,1.25e-05
1766210400061,1.25e-05
1766214000016,1.25e-05
1766217600027,1.25e-05
1766221200085,1.25e-05
1766224800128,1.25e-05
1766228400020,1.25e-05
1766232000008,1.25e-05
1766235600029,1.25e-05
1766239200160,1.25e-05
1766242800007,1.25e-05
1766246400049,1.25e-05
1766250000090,1.25e-05
1766253600003,1.25e-05
1766257200040,1.25e-05
1766260800009,1.25e-05
1766264400059,1.25e-05
1766268000093,1.25e-05
1766271600087,1.25e-05
1766275200121,1.25e-05
1766278800035,1.25e-05
1766282400051,1.25e-05
1766286000019,1.25e-05
1766289600042,1.25e-05
1766293200026,1.25e-05
1766296800033,1.25e-05
1766300400023,1.25e-05
1766304000005,1.25e-05
1766307600041,1.08201e-05
1766311200026,5.559e-06
1766314800001,1.25e-05
1766318400014,1.25e-05
1766322000104,1.25e-05
1766325600061,1.25e-05
1766329200046,1.25e-05
1766332800090,1.25e-05
1766336400081,1.25e-05
1766340000005,7.694e-06
1766343600103,1.25e-05
1766347200004,8.3702e-06
1766350800091,2.5252e-06
1766354400043,4.1259e-06
1766358000179,8.4195e-06
1766361600034,3.4863e-06
1766365200030,6.5528e-06
1766368800054,1.25e-05
1766372400057,9.4566e-06
1766376000017,1.25e-05
1766379600041,1.11239e-05
1766383200079,6.779e-06
1766386800012,1.17989e-05
1766390400066,7.8884e-06
1766394000042,1.25e-05
1766397600028,1.10262e-05
1766401200073,1.25e-05
1766404800028,1.25e-05
1766408400031,8.2824e-06
1766412000065,-8.039e-07
1766415600012,3.0253e-06
1766419200031,4.6323e-06
1766422800050,8.614e-06
1766426400030,3.9659e-06
1766430000006,2.2752e-06
1766433600046,-5.0266e-06
1766437200000,-1.9728e-05
1766440800036,-1.56257e-05
1766444400053,-1.76243e-05
1766448000002,-1.09168e-05
1766451600098,-4.0233e-06
1766455200053,-3.6663e-06
1766458800060,-4.2032e-06
1766462400059,-6.949e-07
1766466000066,8.07e-07
1766469600065,-1.7698e-06
1766473200033,5.6456e-06
1766476800066,-1.34576e-05
1766480400061,2.424e-07
1766484000050,-3.8118e-06
1766487600027,3.0423e-06
1766491200062,7.1338e-06
1766494800067,6.116e-07
1766498400025,-3.7119e-06
1766502000117,-1.05051e-05
1766505600036,-4.967e-06
1766509200118,-1.19367e-05
1766512800008,-3.2677e-06
1766516400021,5.3092e-06
1766520000206,6.514e-06
1766523600067,7.1665e-06
1766527200021,1.2527e-06
1766530800051,2.4589e-06
1766534400088,1.983e-07
1766538000030,-6.2868e-06
1766541600077,3.586e-07
1766545200005,-6.2771e-06
1766548800045,-2.8065e-06
1766552400039,-6.1197e-06
1766556000027,-8.6682e-06
1766559600010,-2.0528e-06
1766563200074,4.783e-07
1766566800035,-2.6215e-06
1766570400079,1.0905e-05
1766574000034,1.25e-05
1766577600028,1.25e-05
1766581200012,1.25e-05
1766584800025,1.25e-05
1766588400087,1.25e-05
1766592000002,1.25e-05
1766595600013,1.25e-05
1766599200037,1.25e-05
1766602800010,1.25e-05
1766606400012,1.25e-05
1766610000014,1.25e-05
1766613600001,1.25e-05
1766617200087,1.25e-05
1766620800009,1.25e-05
1766624400033,1.25e-05
1766628000085,1.25e-05
1766631600030,1.25e-05
1766635200034,1.25e-05
1766638800023,1.25e-05
1766642400056,1.25e-05
1766646000023,1.25e-05
1766649600045,1.25e-05
1766653200041,1.25e-05
1766656800018,1.25e-05
1766660400029,1.25e-05
1766664000064,1.25e-05
1766667600067,1.25e-05
1766671200102,1.25e-05
1766674800042,1.25e-05
1766678400058,1.25e-05
1766682000056,1.25e-05
1766685600010,1.25e-05
1766689200040,1.25e-05
1766692800060,1.25e-05
1766696400080,1.25e-05
1766700000003,1.25e-05
1766703600019,1.25e-05
1766707200022,1.25e-05
1766710800008,1.25e-05
1766714400062,1.25e-05
1766718000000,1.25e-05
1766721600056,1.25e-05
1766725200092,1.25e-05
1766728800012,1.25e-05
1766732400039,1.25e-05
1766736000040,1.25e-05
1766739600017,1.25e-05
1766743200113,1.25e-05
1766746800164,1.25e-05
1766750400040,1.25e-05
1766754000030,1.25e-05
1766757600015,1.25e-05
1766761200077,1.25e-05
1766764800036,6.0288e-06
1766768400019,1.25e-05
1766772000088,1.25e-05
1766775600033,1.25e-05
1766779200045,1.25e-05
1766782800004,1.25e-05
1766786400040,1.25e-05
1766790000040,1.25e-05
1766793600023,1.25e-05
1766797200020,1.25e-05
1766800800019,1.25e-05
1766804400083,1.25e-05
1766808000000,1.25e-05
1766811600022,1.25e-05
1766815200022,1.25e-05
1766818800101,1.25e-05
1766822400049,1.25e-05
1766826000024,1.25e-05
1766829600051,1.25e-05
1766833200058,1.25e-05
1766836800048,1.25e-05
1766840400049,1.25e-05
1766844000129,1.25e-05
1766847600130,1.25e-05
1766851200019,1.25e-05
1766854800106,1.25e-05
1766858400021,1.25e-05
1766862000007,1.25e-05
1766865600057,1.25e-05
1766869200027,1.25e-05
1766872800034,1.25e-05
1766876400018,1.25e-05
1766880000072,1.25e-05
1766883600041,1.25e-05
1766887200027,1.25e-05
1766890800017,1.25e-05
1766894400024,1.25e-05
1766898000062,1.25e-05
1766901600060,1.25e-05
1766905200028,1.25e-05
1766908800040,1.25e-05
1766912400005,7.3267e-06
1766916000074,1.21558e-05
1766919600057,1.25e-05
1766923200046,1.09717e-05
1766926800095,1.1968e-05
1766930400095,1.25e-05
1766934000109,1.25e-05
1766937600008,1.25e-05
1766941200074,1.25e-05
1766944800041,1.25e-05
1766948400019,1.25e-05
1766952000016,1.25e-05
1766955600047,1.25e-05
1766959200072,1.25e-05
1766962800045,1.25e-05
1766966400132,1.25e-05
1766970000082,1.25e-05
1766973600076,1.25e-05
1766977200049,7.1516e-06
1766980800132,1.25e-05
1766984400006,8.0751e-06
1766988000005,6.5319e-06
1766991600018,1.20039e-05
1766995200014,1.25e-05
1766998800030,1.25e-05
1767002400008,1.25e-05
1767006000098,1.25e-05
1767009600026,1.25e-05
1767013200001,7.3758e-06
1767016800028,-1.215e-05
1767020400031,-1.2319e-06
1767024000014,8.4441e-06
1767027600019,1.25e-05
1767031200031,1.25e-05
1767034800026,1.25e-05
1767038400055,1.25e-05
1767042000006,1.25e-05
1767045600075,1.25e-05
1767049200040,1.25e-05
1767052800010,1.25e-05
1767056400049,1.25e-05
1767060000033,1.25e-05
1767063600041,1.25e-05
1767067200063,1.25e-05
1767070800069,1.25e-05
1767074400067,1.25e-05
1767078000062,1.25e-05
1767081600028,1.25e-05
1767085200045,1.25e-05
1767088800080,1.25e-05
1767092400054,1.25e-05
1767096000003,1.25e-05
1767099600121,1.25e-05
1767103200031,1.25e-05
1767106800036,1.25e-05
1767110400039,1.25e-05
1767114000051,1.25e-05
1767117600071,1.25e-05
1767121200033,1.25e-05
1767124800120,1.25e-05
1767128400041,1.25e-05
1767132000003,1.25e-05
1767135600047,1.25e-05
1767139200021,1.25e-05
1767142800022,1.25e-05
1767146400037,1.13887e-05
1767150000053,1.25e-05
1767153600057,1.25e-05
1767157200011,1.25e-05
1767160800002,6.814e-06
1767164400029,9.7449e-06
1767168000063,8.8436e-06
1767171600019,1.25e-05
1767175200002,-2.6262e-06
1767178800050,1.25e-05
1767182400095,1.25e-05
1767186000002,1.25e-05
1767189600008,1.23101e-05
1767193200015,1.25e-05
1767196800089,1.25e-05
1767200400072,1.25e-05
1767204000050,1.25e-05
1767207600053,1.25e-05
1767211200058,1.25e-05
1767214800043,1.25e-05
1767218400100,1.25e-05
1767222000093,1.25e-05
1767225600063,1.25e-05
1767229200053,1.25e-05
1767232800024,1.25e-05
1767236400012,1.25e-05
1767240000036,1.25e-05
1767243600040,1.25e-05
1767247200053,1.25e-05
1767250800011,1.25e-05
1767254400045,1.25e-05
1767258000098,1.25e-05
1767261600010,1.25e-05
1767265200034,7.4234e-06
1767268800051,1.19801e-05
1767272400101,1.25e-05
1767276000010,1.25e-05
1767279600003,1.25e-05
1767283200025,1.25e-05
1767286800034,1.25e-05
1767290400042,1.25e-05
1767294000029,6.8317e-06
1767297600043,1.25e-05
1767301200069,1.25e-05
1767304800047,1.25e-05
1767308400023,1.25e-05
1767312000042,1.17225e-05
1767315600032,1.25e-05
1767319200057,1.25e-05
1767322800019,1.25e-05
1767326400139,1.25e-05
1767330000110,1.25e-05
1767333600022,1.25e-05
1767337200003,1.22124e-05
1767340800081,1.08574e-05
1767344400003,1.25e-05
1767348000091,1.25e-05
1767351600048,1.25e-05
1767355200042,1.25e-05
1767358800114,1.17145e-05
1767362400009,1.25e-05
1767366000105,1.25e-05
1767369600038,1.25e-05
1767373200047,1.25e-05
1767376800034,4.2903e-06
1767380400026,5.5055e-06
1767384000027,7.8036e-06
1767387600000,1.2409e-06
1767391200042,-4.8866e-06
1767394800022,2.0245e-06
1767398400008,3.1122e-06
1767402000018,5.3114e-06
1767405600008,9.7154e-06
1767409200074,7.6618e-06
1767412800011,6.3923e-06
1767416400006,1.00027e-05
1767420000019,9.36e-06
1767423600004,9.6771e-06
1767427200011,1.24896e-05
1767430800067,6.8987e-06
1767434400026,1.25e-05
1767438000060,1.25e-05
1767441600095,9.3628e-06
1767445200083,9.3974e-06
1767448800043,1.25e-05
1767452400072,1.25e-05
1767456000044,1.25e-05
1767459600083,1.25e-05
1767463200061,1.25e-05
1767466800032,1.25e-05
1767470400019,6.8431e-06
1767474000128,1.25e-05
1767477600077,1.25e-05
1767481200046,1.25e-05
1767484800024,1.25e-05
1767488400010,1.25e-05
1767492000026,7.6279e-06
1767495600011,6.1693e-06
1767499200063,7.458e-07
1767502800060,-7.4771e-06
1767506400066,-1.14861e-05
1767510000031,1.753e-06
1767513600036,7.318e-06
1767517200001,8.333e-07
1767520800051,-2.7012e-06
1767524400051,-1.8533e-06
1767528000052,-1.5892e-06
1767531600062,-2.2151e-06
1767535200019,2.8606e-06
1767538800078,6.8876e-06
1767542400098,6.9272e-06
1767546000020,9.4597e-06
1767549600054,1.25e-05
1767553200024,1.25e-05
1767556800062,1.25e-05
1767560400000,1.25e-05
1767564000037,6.9851e-06
1767567600111,4.7745e-06
1767571200000,8.5962e-06
1767574800014,1.25e-05
1767578400009,1.25e-05
1767582000010,7.3439e-06
1767585600044,8.7378e-06
1767589200042,1.25e-05
1767592800026,7.7932e-06
1767596400067,9.7898e-06
1767600000060,3.0119e-06
1767603600043,2.3877e-06
1767607200038,8.2547e-06
1767610800040,2.6202e-06
1767614400068,5.4781e-06
1767618000054,-3.301e-07
1767621600015,-6.7967e-06
1767625200020,1.25e-05
1767628800051,1.25e-05
1767632400085,1.25e-05
1767636000081,1.25e-05
1767639600056,1.25e-05
1767643200045,1.25e-05
1767646800022,1.25e-05
1767650400008,8.4053e-06
1767654000068,6.8766e-06
1767657600017,6.2461e-06
1767661200086,4.2405e-06
1767664800073,1.0416e-06
1767668400033,6.2481e-06
1767672000036,1.00144e-05
1767675600075,9.9158e-06
1767679200013,1.24352e-05
1767682800008,1.08375e-05
1767686400066,4.005e-06
1767690000059,1.00768e-05
1767693600012,7.2554e-06
1767697200060,9.3725e-06
1767700800017,1.25e-05
1767704400002,1.25e-05
1767708000046,1.25e-05
1767711600076,1.25e-05
1767715200036,1.25e-05
1767718800012,1.25e-05
1767722400001,1.25e-05
1767726000037,1.25e-05
1767729600018,1.25e-05
1767733200062,1.25e-05
1767736800005,1.25e-05
1767740400008,1.25e-05
1767744000119,1.25e-05
1767747600007,1.25e-05
1767751200010,1.25e-05
1767754800017,1.25e-05
1767758400033,1.25e-05
1767762000087,1.25e-05
1767765600009,1.25e-05
1767769200014,1.25e-05
1767772800062,1.25e-05
1767776400082,-5.1289e-06
1767780000029,3.4937e-06
1767783600048,1.25e-05
1767787200096,1.25e-05
1767790800074,1.25e-05
1767794400040,1.25e-05
1767798000099,1.25e-05
1767801600081,1.25e-05
1767805200013,1.25e-05
1767808800014,6.261e-06
1767812400055,1.08516e-05
1767816000113,6.231e-06
1767819600117,9.8945e-06
1767823200043,4.7008e-06
1767826800090,8.6655e-06
1767830400001,1.03835e-05
1767834000035,7.2834e-06
1767837600029,9.1333e-06
1767841200014,1.17518e-05
1767844800069,1.25e-05
1767848400155,3.2538e-06
1767852000094,1.7437e-06
1767855600010,-4.2943e-06
1767859200089,-9.978e-07
1767862800077,-2.2975e-06
1767866400037,-5.5491e-06
1767870000015,-1.43549e-05
1767873600137,-1.87868e-05
1767877200040,-1.15007e-05
1767880800000,-5.1745e-06
1767884400106,7.234e-06
1767888000063,1.25e-05
1767891600004,1.25e-05
1767895200008,1.25e-05
1767898800013,1.25e-05
1767902400098,1.25e-05
1767906000116,1.25e-05
1767909600008,1.25e-05
1767913200085,1.25e-05
1767916800020,1.25e-05
1767920400016,1.25e-05
1767924000063,1.25e-05
1767927600059,1.25e-05
1767931200100,1.25e-05
1767934800158,1.25e-05
1767938400046,1.25e-05
1767942000012,1.25e-05
1767945600028,1.25e-05
1767949200072,1.25e-05
1767952800077,1.25e-05
1767956400050,1.25e-05
1767960000041,1.25e-05
1767963600005,1.25e-05
1767967200032,1.25e-05
1767970800042,1.25e-05
1767974400002,1.25e-05
1767978000004,1.25e-05
1767981600018,1.25e-05
1767985200042,1.25e-05
1767988800065,1.25e-05
1767992400000,1.25e-05
1767996000018,1.25e-05
1767999600025,1.25e-05
1768003200103,1.07421e-05
1768006800110,1.10374e-05
1768010400064,1.13469e-05
1768014000039,1.12234e-05
1768017600085,1.25e-05
1768021200065,4.8819e-06
1768024800034,7.7592e-06
1768028400035,5.6649e-06
1768032000072,4.8046e-06
1768035600033,4.6795e-06
1768039200024,9.9844e-06
1768042800060,9.1633e-06
1768046400034,1.25e-05
1768050000030,1.25e-05
1768053600051,1.25e-05
1768057200017,1.25e-05
1768060800003,1.25e-05
1768064400066,1.22619e-05
1768068000054,1.25e-05
1768071600025,1.25e-05
1768075200081,1.25e-05
1768078800083,1.25e-05
1768082400025,1.25e-05
1768086000047,9.9866e-06
1768089600007,1.25e-05
1768093200046,1.25e-05
1768096800078,1.25e-05
1768100400099,1.25e-05
1768104000011,1.25e-05
1768107600012,1.25e-05
1768111200038,1.25e-05
1768114800049,1.25e-05
1768118400066,1.25e-05
1768122000045,1.25e-05
1768125600103,1.25e-05
1768129200105,1.25e-05
1768132800018,1.25e-05
1768136400035,1.25e-05
1768140000034,1.25e-05
1768143600124,1.25e-05
1768147200122,4.7368e-06
1768150800061,-6.1467e-06
1768154400004,-1.25833e-05
1768158000023,-1.04794e-05
1768161600002,-7.5768e-06
1768165200010,1.25e-05
1768168800083,1.25e-05
1768172400127,1.25e-05
1768176000053,1.25e-05
1768179600080,1.25e-05
1768183200090,1.25e-05
1768186800016,1.16688e-05
1768190400021,6.0388e-06
1768194000027,3.5274e-06
1768197600025,-1.2874e-06
1768201200061,1.25e-05
1768204800053,1.25e-05
1768208400088,1.25e-05
1768212000042,-8.9528e-06
1768215600003,-7.6803e-06
1768219200088,-6.2066e-06
1768222800053,-1.17553e-05
1768226400107,-7.4922e-06
1768230000059,1.6029e-06
1768233600040,1.25e-05
1768237200086,1.25e-05
1768240800057,1.25e-05
1768244400008,-4.2283e-06
1768248000098,-3.058e-05
1768251600078,-3.46086e-05
1768255200075,-2.89341e-05
1768258800024,-1.52156e-05
1768262400109,1.8759e-06
1768266000121,-5.4327e-06
1768269600017,2.144e-07
1768273200043,3.4039e-06
1768276800068,1.9222e-06
1768280400079,8.263e-07
1768284000029,1.25e-05
1768287600089,1.25e-05
1768291200032,1.25e-05
1768294800003,1.25e-05
1768298400232,1.25e-05
1768302000011,1.25e-05
1768305600032,1.25e-05
1768309200083,1.25e-05
1768312800043,1.25e-05
1768316400051,1.25e-05
1768320000100,1.25e-05
1768323600039,1.25e-05
1768327200042,1.25e-05
1768330800031,1.25e-05
1768334400005,1.25e-05
1768338000017,1.25e-05
1768341600000,1.25e-05
1768345200037,1.25e-05
1768348800057,1.25e-05
1768352400019,1.25e-05
1768356000050,1.25e-05
1768359600053,1.25e-05
1768363200063,1.25e-05
1768366800023,1.07972e-05
1768370400066,4.1035e-06
1768374000099,9.6919e-06
1768377600062,1.25e-05
1768381200051,1.25e-05
1768384800015,1.25e-05
1768388400000,9.6927e-06
1768392000043,-7.9977e-06
1768395600040,-7.3209e-06
1768399200084,1.3163e-06
1768402800001,1.25e-05
1768406400013,1.25e-05
1768410000085,1.25e-05
1768413600113,1.25e-05
1768417200071,1.25e-05
1768420800090,1.25e-05
1768424400039,1.25e-05
1768428000018,1.25e-05
1768431600024,1.53279e-05
1768435200028,1.25e-05
1768438800004,1.25e-05
1768442400052,1.25e-05
1768446000019,1.25e-05
1768449600018,1.25e-05
1768453200081,1.25e-05
1768456800021,1.25e-05
1768460400057,1.25e-05
1768464000029,1.25e-05
1768467600023,1.25e-05
1768471200082,1.25e-05
1768474800076,1.25e-05
1768478400028,1.25e-05
1768482000044,1.25e-05
1768485600054,1.25e-05
1768489200001,1.25e-05
1768492800020,1.25e-05
1768496400067,1.25e-05
1768500000062,1.25e-05
1768503600003,1.25e-05
1768507200057,1.25e-05
1768510800062,1.25e-05
1768514400033,1.25e-05
1768518000000,1.25e-05
1768521600092,1.25e-05
1768525200045,1.25e-05
1768528800007,1.25e-05
1768532400044,1.25e-05
1768536000096,1.25e-05
1768539600028,1.25e-05
1768543200013,1.25e-05
1768546800059,1.25e-05
1768550400044,1.25e-05
1768554000013,1.25e-05
1768557600073,1.25e-05
1768561200003,1.25e-05
1768564800005,1.25e-05
1768568400060,1.25e-05
1768572000084,1.25e-05
1768575600051,1.25e-05
1768579200040,1.25e-05
1768582800051,1.25e-05
1768586400045,1.25e-05
1768590000147,1.25e-05
1768593600078,1.25e-05
1768597200092,1.25e-05
1768600800120,1.25e-05
1768604400021,1.25e-05
1768608000037,1.25e-05
1768611600055,1.25e-05
1768615200090,1.25e-05
1768618800036,1.25e-05
1768622400003,1.25e-05
1768626000027,1.25e-05
1768629600104,1.25e-05
1768633200005,1.25e-05
1768636800022,1.25e-05
1768640400004,1.25e-05
1768644000039,1.25e-05
1768647600095,1.25e-05
1768651200021,1.25e-05
1768654800089,1.25e-05
1768658400030,1.25e-05
1768662000010,1.25e-05
1768665600102,1.25e-05
1768669200010,1.25e-05
1768672800066,1.25e-05
1768676400038,1.25e-05
1768680000073,1.25e-05
1768683600017,1.25e-05
1768687200036,1.25e-05
1768690800100,1.25e-05
1768694400017,1.25e-05
1768698000117,1.25e-05
1768701600061,1.25e-05
1768705200047,1.25e-05
1768708800062,1.25e-05
1768712400034,1.25e-05
1768716000066,1.25e-05
1768719600063,1.25e-05
1768723200106,1.25e-05
1768726800110,1.25e-05
1768730400047,1.25e-05
1768734000085,1.25e-05
1768737600016,1.25e-05
1768741200054,1.25e-05
1768744800035,1.25e-05
1768748400030,1.25e-05
1768752000021,1.25e-05
1768755600040,1.25e-05
1768759200067,1.25e-05
1768762800018,1.25e-05
1768766400055,1.25e-05
1768770000024,1.25e-05
1768773600042,1.25e-05
1768777200113,1.25e-05
1768780800034,1.25e-05
1768784400098,-4.09032e-05
1768788000001,-4.1994e-06
1768791600009,-1.6044e-06
1768795200051,-1.10286e-05
1768798800000,-6.3871e-06
1768802400033,-5.4874e-06
1768806000014,-1.20609e-05
1768809600026,-1.90612e-05
1768813200012,-2.225e-05
1768816800012,2.4871e-06
1768820400094,9.8e-07
1768824000000,6.5359e-06
1768827600041,1.25e-05
1768831200040,1.25e-05
1768834800049,1.25e-05
1768838400056,1.25e-05
1768842000011,1.25e-05
1768845600005,1.25e-05
1768849200012,1.25e-05
1768852800025,1.25e-05
1768856400079,1.25e-05
1768860000033,1.25e-05
1768863600040,-1.12597e-05
1768867200007,-7.9343e-06
1768870800011,9.007e-07
1768874400057,1.494e-07
1768878000001,1.2725e-06
1768881600167,4.9913e-06
1768885200112,1.0177e-06
1768888800064,-5.7755e-06
1768892400110,-1.77994e-05
1768896000010,-6.4324e-06
1768899600079,-8.0152e-06
1768903200046,-1.28952e-05
1768906800018,-8.5886e-06
1768910400064,-4.5264e-06
1768914000054,-1.11419e-05
1768917600109,-5.9532e-06
1768921200061,4.3126e-06
1768924800047,8.649e-07
1768928400034,1.05388e-05
1768932000037,1.25e-05
1768935600028,1.25e-05
1768939200020,1.25e-05
1768942800025,1.25e-05
1768946400005,1.25e-05
1768950000015,1.25e-05
1768953600063,1.25e-05
1768957200039,1.25e-05
1768960800038,1.25e-05
1768964400143,1.25e-05
1768968000034,1.25e-05
1768971600057,1.25e-05
1768975200014,1.25e-05
1768978800016,1.25e-05
1768982400028,1.25e-05
1768986000046,1.25e-05
1768989600018,1.25e-05
1768993200027,1.25e-05
1768996800031,1.25e-05
1769000400094,1.25e-05
1769004000007,1.25e-05
1769007600012,1.25e-05
1769011200016,1.25e-05
1769014800079,1.25e-05
1769018400006,1.25e-05
1769022000021,1.25e-05
1769025600017,1.25e-05
1769029200045,1.25e-05
1769032800093,1.25e-05
1769036400012,1.25e-05
1769040000068,1.25e-05
1769043600076,1.08003e-05
1769047200069,1.25e-05
1769050800112,7.2712e-06
1769054400005,6.527e-06
1769058000033,5.4932e-06
1769061600029,6.558e-06
1769065200022,1.20136e-05
1769068800084,7.3517e-06
1769072400040,3.0146e-06
1769076000057,6.5597e-06
1769079600047,4.257e-06
1769083200063,-4.4171e-06
1769086800020,-5.0013e-06
1769090400092,-2.4564e-06
1769094000007,-1.35719e-05
1769097600083,-2.48961e-05
1769101200035,-9.0919e-06
1769104800004,-4.7149e-06
1769108400016,-4.0351e-06
1769112000017,3.1058e-06
1769115600096,-1.607e-06
1769119200013,2.6468e-06
1769122800019,5.9404e-06
1769126400009,7.6532e-06
1769130000034,2.1716e-06
1769133600028,1.22384e-05
1769137200122,1.25e-05
1769140800017,1.25e-05
1769144400154,1.25e-05
1769148000112,1.25e-05
1769151600066,-2.47976e-05
1769155200100,-6.96e-05
1769158800005,-4.58943e-05
1769162400058,-4.21929e-05
1769166000030,-3.78796e-05
1769169600029,-2.92576e-05
1769173200018,-2.72919e-05
1769176800013,-2.05035e-05
1769180400048,-2.77643e-05
1769184000010,-2.30994e-05
1769187600061,-1.73496e-05
1769191200037,-5.0692e-06
1769194800047,2.7744e-06
1769198400055,-1.00531e-05
1769202000085,-2.25515e-05
1769205600039,-2.1822e-05
1769209200085,-2.13631e-05
1769212800017,-2.15909e-05
1769216400061,-2.60417e-05
1769220000093,-2.94063e-05
1769223600032,-2.10528e-05
1769227200067,-1.54306e-05
1769230800043,-7.7016e-06
1769234400032,-1.04619e-05
1769238000003,-1.07859e-05
1769241600030,-1.11491e-05
1769245200058,-2.0032e-06
1769248800112,-3.4485e-06
1769252400027,5.482e-07
1769256000100,1.5018e-06
1769259600080,-8.175e-07
1769263200016,-1.06149e-05
1769266800060,-4.587e-06
1769270400092,-3.0108e-06
1769274000040,-1.21072e-05
1769277600011,-1.15701e-05
1769281200036,-2.22105e-05
1769284800028,-2.69924e-05
1769288400012,-1.46312e-05
1769292000056,-2.03373e-05
1769295600017,-2.08871e-05
1769299200006,-2.16964e-05
1769302800021,-1.64843e-05
1769306400135,-7.4576e-06
1769310000054,-1.05156e-05
1769313600109,-1.63337e-05
1769317200110,-1.96471e-05
1769320800117,-1.80986e-05
1769324400059,-3.9197e-06
1769328000042,-7.3558e-06
1769331600055,-3.1648e-06
1769335200045,3.7e-06
1769338800011,1.16235e-05
1769342400029,1.25e-05
1769346000065,1.25e-05
1769349600031,1.25e-05
1769353200075,1.25e-05
1769356800012,3.7656e-06
1769360400013,-1.62978e-05
1769364000020,-3.50402e-05
1769367600010,-2.92112e-05
1769371200016,-5.26609e-05
1769374800021,-5.74921e-05
1769378400063,-5.71015e-05
1769382000127,-4.87645e-05
1769385600127,-3.26009e-05
1769389200001,-2.157e-05
1769392800026,-2.8161e-06
1769396400059,1.25e-05
1769400000056,9.0632e-06
1769403600020,7.8084e-06
1769407200101,4.247e-07
1769410800055,2.2489e-06
1769414400040,-4.15e-07
1769418000056,1.25e-05
1769421600060,9.4131e-06
1769425200055,5.4475e-06
1769428800081,2.7156e-06
1769432400000,2.2782e-06
1769436000050,8.7994e-06
1769439600064,3.5515e-06
1769443200006,-9.428e-06
1769446800012,-2.9683e-06
1769450400010,-2.6841e-06
1769454000045,2.8154e-06
1769457600034,3.2164e-06
1769461200094,-2.0349e-06
1769464800049,-3.4182e-06
1769468400079,2.2009e-06
1769472000085,4.8637e-06
1769475600073,1.2676e-06
1769479200052,8.3083e-06
1769482800012,7.9533e-06
1769486400017,2.0165e-06
1769490000023,4.8455e-06
1769493600000,2.1768e-06
1769497200049,8.9536e-06
1769500800092,1.25e-05
1769504400020,1.15261e-05
1769508000056,1.25e-05
1769511600003,1.25e-05
1769515200051,1.25e-05
1769518800006,9.7447e-06
1769522400041,5.0352e-06
1769526000074,7.3673e-06
1769529600103,1.047e-07
1769533200024,1.25e-05
1769536800011,5.4123e-06
1769540400027,2.7368e-06
1769544000082,1.25e-05
1769547600015,1.25e-05
1769551200042,7.4736e-06
1769554800015,1.03811e-05
1769558400090,1.25e-05
1769562000024,3.5642e-06
1769565600053,6.698e-07
1769569200047,-4.413e-07
1769572800114,-1.334e-07
1769576400046,1.2261e-06
1769580000127,5.5259e-06
1769583600070,1.25e-05
1769587200044,1.25e-05
1769590800042,1.00608e-05
1769594400038,8.4987e-06
1769598000016,1.25e-05
1769601600051,1.25e-05
1769605200094,1.25e-05
1769608800054,1.25e-05
1769612400003,1.12837e-05
1769616000022,8.9796e-06
1769619600048,7.2601e-06
1769623200020,4.3027e-06
1769626800072,2.9952e-06
1769630400063,1.19723e-05
1769634000108,1.25e-05
1769637600010,4.2206e-06
1769641200022,8.7641e-06
1769644800027,1.9349e-06
1769648400021,4.274e-07
1769652000049,-8.8719e-06
1769655600013,-1.55865e-05
1769659200038,-1.83227e-05
1769662800051,-1.09187e-05
1769666400048,4.5895e-06
1769670000087,2.2249e-06
1769673600047,2.3484e-06
1769677200026,3.1848e-06
1769680800066,-6.3458e-06
1769684400051,-1.18e-07
1769688000000,-3.2013e-06
1769691600120,4.771e-06
1769695200011,1.25e-05
1769698800016,-4.51e-08
1769702400059,-3.22933e-05
1769706000082,-2.06696e-05
1769709600099,-8.5473e-06
1769713200054,-3.45229e-05
1769716800035,-1.65586e-05
1769720400049,-3.1608e-05
1769724000059,-3.95418e-05
1769727600037,-4.19324e-05
1769731200022,-2.66393e-05
1769734800010,-3.34745e-05
1769738400075,-4.08328e-05
1769742000038,-4.19356e-05
1769745600028,-4.572e-05
1769749200053,-2.75626e-05
1769752800084,-2.23882e-05
1769756400117,-1.86986e-05
1769760000018,3.795e-07
1769763600103,-2.3263e-06
1769767200049,5.5202e-06
1769770800108,1.5545e-06
1769774400036,-2.365e-07
1769778000025,1.25e-05
1769781600033,1.25e-05
1769785200008,1.25e-05
1769788800054,1.25e-05
1769792400105,1.25e-05
1769796000037,1.25e-05
1769799600042,1.25e-05
1769803200041,1.25e-05
1769806800006,1.25e-05
1769810400001,1.25e-05
1769814000031,1.25e-05
1769817600171,1.25e-05
1769821200100,1.25e-05
1769824800068,1.25e-05
1769828400097,1.25e-05
1769832000012,1.25e-05
1769835600026,1.25e-05
1769839200002,8.7729e-06
1769842800010,5.1281e-06
1769846400049,2.8918e-06
1769850000076,2.7962e-06
1769853600022,-1.30266e-05
1769857200050,-1.19376e-05
1769860800105,-2.62506e-05
1769864400035,-2.23067e-05
1769868000027,-2.57866e-05
1769871600033,-0.0001055021
1769875200091,-6.83949e-05
1769878800030,-6.98263e-05
1769882400057,-3.81466e-05
1769886000118,-6.31851e-05
1769889600081,-0.0001209697
1769893200058,-0.0001243046
1769896800056,-9.66093e-05
1769900400088,-6.62621e-05
1769904000016,-7.25504e-05
1769907600017,-6.26157e-05
1769911200052,-4.23601e-05
1769914800047,-2.90492e-05
1769918400091,-2.92799e-05
1769922000008,-1.92547e-05
1769925600029,-2.1638e-05
1769929200060,-1.45706e-05
1769932800056,-1.80836e-05
1769936400000,-8.0794e-06
1769940000092,-1.03236e-05
1769943600017,-8.561e-06
1769947200097,-2.10511e-05
1769950800026,-2.9102e-05
1769954400096,-3.31553e-05
1769958000019,-4.52428e-05
1769961600034,-4.96323e-05
1769965200041,-5.38324e-05
1769968800062,-4.15147e-05
1769972400042,-3.43604e-05
1769976000067,-3.80214e-05
1769979600104,-4.75876e-05
1769983200015,-3.949e-05
1769986800006,-4.16486e-05
1769990400059,-4.25483e-05
1769994000038,-4.06665e-05
1769997600017,-3.87818e-05
1770001200062,-3.34684e-05
1770004800064,-4.68899e-05
1770008400106,-2.09769e-05
1770012000074,-2.45626e-05
1770015600020,-2.72617e-05
1770019200007,-2.03574e-05
1770022800043,-1.43178e-05
1770026400084,-7.6101e-06
1770030000047,-1.09708e-05
1770033600061,-1.62803e-05
1770037200088,-2.24877e-05
1770040800065,-3.43123e-05
1770044400070,-4.76741e-05
1770048000041,-5.52053e-05
1770051600065,-5.34355e-05
1770055200066,-6.19753e-05
1770058800004,-3.08384e-05
1770062400023,-1.96641e-05
1770066000014,-2.48874e-05
1770069600099,-1.81025e-05
1770073200055,-3.4981e-05
1770076800013,-3.65129e-05
1770080400015,-3.53461e-05
1770084000012,-3.41594e-05
1770087600032,-4.19147e-05
1770091200038,-3.30465e-05
1770094800029,-2.75767e-05
1770098400000,-2.2863e-05
1770102000068,-3.05823e-05
1770105600057,-1.98642e-05
1770109200079,-1.882e-05
1770112800022,-3.62564e-05
1770116400065,-4.30729e-05
1770120000118,-3.30757e-05
1770123600065,-2.87149e-05
1770127200040,-2.81174e-05
1770130800025,-1.48902e-05
1770134400059,-2.13586e-05
1770138000001,-2.06816e-05
1770141600015,-3.51972e-05
1770145200059,-3.16924e-05
1770148800049,-3.45743e-05
1770152400031,-6.30475e-05
1770156000004,-3.00905e-05
1770159600056,-4.33178e-05
1770163200018,-3.51599e-05
1770166800045,-2.9964e-05
1770170400022,-7.2774e-06
1770174000032,-2.49713e-05
1770177600004,-3.47034e-05
1770181200055,-3.13922e-05
1770184800042,-3.69931e-05
1770188400016,-5.96475e-05
1770192000027,-2.97456e-05
1770195600003,-1.89865e-05
1770199200081,-1.86321e-05
1770202800016,-4.3862e-06
1770206400120,-1.54388e-05
1770210000025,-1.10444e-05
1770213600004,-2.95364e-05
1770217200071,-2.93277e-05
1770220800007,-3.51521e-05
1770224400105,-4.21699e-05
1770228000058,-5.02215e-05
1770231600028,-4.84763e-05
1770235200001,-1.93203e-05
1770238800072,-1.34589e-05
1770242400051,-8.4495e-06
1770246000022,-1.23746e-05
1770249600003,8.99e-07
1770253200010,7.6128e-06
1770256800097,1.10781e-05
1770260400011,7.158e-06
1770264000032,7.6522e-06
1770267600057,7.6636e-06
1770271200038,8.1294e-06
1770274800008,1.25e-05
1770278400038,1.25e-05
1770282000023,1.2155e-06
1770285600022,9.2718e-06
1770289200046,-2.523e-07
1770292800036,-1.70337e-05
1770296400013,-1.94872e-05
1770300000012,-1.19116e-05
1770303600079,-8.2581e-06
1770307200065,-2.75864e-05
1770310800004,-2.98354e-05
1770314400104,-3.60424e-05
1770318000030,-6.12701e-05
1770321600057,-4.84785e-05
1770325200013,-7.36165e-05
1770328800040,-4.37151e-05
1770332400019,-9.9792e-06
1770336000083,-2.08146e-05
1770339600049,-0.0001248616
1770343200026,-4.06066e-05
1770346800050,-9.64717e-05
1770350400075,-9.15243e-05
1770354000102,-9.33633e-05
1770357600022,-0.000126958
1770361200074,-0.000138459
1770364800037,-0.0001368213
1770368400042,-0.0001102855
1770372000053,-7.03668e-05
1770375600032,-6.22163e-05
1770379200009,-6.63316e-05
1770382800032,-7.12667e-05
1770386400024,-6.51926e-05
1770390000089,-5.70768e-05
1770393600036,-5.45429e-05
1770397200030,-8.24923e-05
1770400800086,-0.0001311884
1770404400056,-0.0001225492
1770408000016,-0.0001141295
1770411600031,-9.17727e-05
1770415200032,-6.49813e-05
1770418800049,-7.43966e-05
1770422400064,-6.44402e-05
1770426000036,-3.93565e-05
1770429600026,-4.95451e-05
1770433200021,-6.32639e-05
1770436800104,-6.39935e-05
1770440400063,-6.32878e-05
1770444000036,-6.391e-05
1770447600008,-4.8767e-05
1770451200048,-3.23059e-05
1770454800081,-2.80658e-05
1770458400020,-3.30096e-05
1770462000008,-3.07194e-05
1770465600031,-2.08599e-05
1770469200040,-3.03089e-05
1770472800008,-4.14526e-05
1770476400093,-4.38688e-05
1770480000146,-2.68634e-05
1770483600055,-2.89589e-05
1770487200022,-2.75918e-05
1770490800071,-2.17835e-05
1770494400020,-3.55629e-05
1770498000089,-4.2775e-05
1770501600055,-4.74754e-05
1770505200038,-5.44101e-05
1770508800042,-5.14051e-05
1770512400003,-4.29447e-05
1770516000074,-4.84322e-05
1770519600113,-4.49495e-05
1770523200069,-4.61767e-05
1770526800059,-5.03621e-05
1770530400031,-5.09951e-05
1770534000038,-4.61918e-05
1770537600113,-5.20564e-05
1770541200040,-3.26024e-05
1770544800031,-3.32278e-05
1770548400068,-3.81285e-05
1770552000077,-3.6464e-05
1770555600011,-3.29843e-05
1770559200051,-3.93627e-05
1770562800041,-2.78033e-05
1770566400023,-2.81523e-05
1770570000043,-3.72094e-05
1770573600023,-5.09116e-05
1770577200070,-4.7549e-05
1770580800046,-2.23182e-05
1770584400059,-1.67407e-05
1770588000049,-2.28945e-05
1770591600015,-3.02389e-05
1770595200009,-2.49746e-05
1770598800034,-2.63707e-05
1770602400118,-2.89471e-05
1770606000004,-2.09183e-05
1770609600091,-1.28926e-05
1770613200037,-1.17771e-05
1770616800020,-1.15835e-05
1770620400026,-2.66752e-05
1770624000013,-3.02632e-05
1770627600040,-4.28021e-05
1770631200131,-3.17738e-05
1770634800088,-2.81013e-05
1770638400030,-3.00737e-05
1770642000020,-3.57155e-05
1770645600015,-4.03838e-05
1770649200011,-2.79404e-05
1770652800001,-2.32189e-05
1770656400038,-2.7651e-05
1770660000060,-2.29099e-05
1770663600023,-1.42483e-05
1770667200059,-2.5731e-05
1770670800068,-1.97124e-05
1770674400065,-3.34164e-05
1770678000046,-2.87181e-05
1770681600013,-2.05469e-05
1770685200012,-6.1999e-06
1770688800055,-1.23739e-05
1770692400057,-1.30086e-05
1770696000071,-1.37005e-05
1770699600024,-2.4197e-05
1770703200028,-2.80159e-05
1770706800090,-1.74326e-05
1770710400018,-1.8397e-05
1770714000041,-1.4315e-05
1770717600028,-1.14797e-05
1770721200100,-1.81589e-05
1770724800032,-1.61289e-05
1770728400106,-1.2636e-05
1770732000038,-1.21751e-05
1770735600006,-8.3925e-06
1770739200009,3.7939e-06
1770742800070,3.6598e-06
1770746400065,4.0853e-06
1770750000015,1.8063e-06
1770753600053,2.9418e-06
1770757200100,1.879e-07
1770760800070,-4.5375e-06
1770764400016,-3.9676e-06
1770768000036,-2.5504e-06
1770771600007,3.3451e-06
1770775200051,-9.897e-07
1770778800098,6.8e-07
1770782400071,-9.0773e-06
1770786000030,-2.19963e-05
1770789600005,-2.35341e-05
1770793200062,-2.37367e-05
1770796800095,-1.55159e-05
1770800400114,-1.96039e-05
1770804000048,-1.82178e-05
1770807600086,-1.66609e-05
1770811200022,-5.7026e-06
1770814800055,1.2032e-06
1770818400087,-3.145e-06
1770822000012,-1.46173e-05
1770825600074,-2.57799e-05
1770829200077,-2.35761e-05
1770832800062,-1.90516e-05
1770836400045,-1.44006e-05
1770840000051,-2.0878e-05
1770843600053,-2.2774e-05
1770847200067,-2.51636e-05
1770850800087,-2.92758e-05
1770854400006,-2.6448e-05
1770858000034,-2.57026e-05
1770861600037,-2.40883e-05
1770865200057,-1.3173e-05
1770868800004,-1.76507e-05
1770872400075,-1.73604e-05
1770876000077,-1.29526e-05
1770879600029,-9.4114e-06
1770883200036,-1.8257e-06
1770886800054,-1.05327e-05
1770890400022,4.5806e-06
1770894000008,-1.2302e-06
1770897600064,-2.32421e-05
1770901200056,-1.82644e-05
1770904800023,-2.99124e-05
1770908400004,-2.12412e-05
1770912000043,-2.37665e-05
1770915600026,-1.99143e-05
1770919200015,-1.80295e-05
1770922800053,-2.11983e-05
1770926400037,-2.21085e-05
1770930000043,-2.74328e-05
1770933600010,-1.75584e-05
1770937200072,-1.13958e-05
1770940800092,5.3461e-06
1770944400083,-4.2591e-06
1770948000050,-1.01716e-05
1770951600009,-9.0711e-06
1770955200087,-2.4957e-06
1770958800083,-6.7975e-06
1770962400070,-1.93243e-05
1770966000056,-1.50341e-05
1770969600018,-1.84184e-05
1770973200087,-1.97258e-05
1770976800004,-1.48456e-05
1770980400117,-6.1625e-06
1770984000059,1.283e-07
1770987600040,-8.4726e-06
1770991200092,1.0123e-06
1770994800081,9.7252e-06
1770998400038,1.25e-05
1771002000023,9.5793e-06
1771005600120,1.25e-05
1771009200063,1.25e-05
1771012800048,5.6027e-06
1771016400056,8.0776e-06
1771020000018,1.943e-07
1771023600072,-2.5791e-06
1771027200041,-1.14889e-05
1771030800085,-4.9385e-06
1771034400103,-8.7241e-06
1771038000007,-1.33386e-05
1771041600098,-9.0443e-06
1771045200016,-1.14625e-05
1771048800103,-1.05022e-05
1771052400037,-9.039e-06
1771056000001,-8.7521e-06
1771059600050,-2.9539e-06
1771063200086,-1.01798e-05
1771066800026,-1.41374e-05
1771070400125,-8.7676e-06
1771074000083,-1.19305e-05
1771077600055,-1.14719e-05
1771081200081,-1.09439e-05
1771084800035,-1.05805e-05
1771088400075,-2.04092e-05
1771092000102,-2.81128e-05
1771095600005,-3.72362e-05
1771099200071,-3.4149e-05
1771102800056,-3.74798e-05
1771106400045,-3.47919e-05
1771110000022,-4.32761e-05
1771113600102,-4.68243e-05
1771117200052,-3.28089e-05
1771120800088,-2.52863e-05
1771124400093,-1.75835e-05
1771128000058,-1.25289e-05
1771131600004,-3.73949e-05
1771135200027,-4.50394e-05
1771138800020,-3.29406e-05
1771142400027,-2.54108e-05
1771146000043,-2.301e-05
1771149600001,-2.47165e-05
1771153200015,-2.14621e-05
1771156800014,-2.51977e-05
1771160400012,-2.57926e-05
1771164000023,-2.22685e-05
1771167600014,-2.12502e-05
1771171200083,-3.30118e-05
1771174800027,-2.82138e-05
1771178400006,-2.39448e-05
1771182000023,-3.83854e-05
1771185600060,-4.46733e-05
1771189200008,-3.71364e-05
1771192800058,-3.89374e-05
1771196400053,-3.21449e-05
1771200000071,-3.11555e-05
1771203600023,-3.30628e-05
1771207200070,-2.61525e-05
1771210800088,-4.33638e-05
1771214400033,-3.7475e-05
1771218000025,-3.48886e-05
1771221600006,-3.10154e-05
1771225200043,-3.11151e-05
1771228800025,-2.57985e-05
1771232400002,-2.48288e-05
1771236000026,-2.69131e-05
1771239600000,-1.63415e-05
1771243200075,-2.08451e-05
1771246800013,-2.9649e-05
1771250400083,-2.13386e-05
1771254000037,-1.25746e-05
1771257600099,-1.18316e-05
1771261200019,-1.29003e-05
1771264800138,-2.4166e-05
1771268400072,-1.55083e-05
1771272000001,-1.0824e-05
1771275600070,-1.35158e-05
1771279200043,-1.60497e-05
1771282800088,1.25e-05
1771286400063,1.25e-05
1771290000070,1.25e-05
1771293600032,8.1542e-06
1771297200021,4.1228e-06
1771300800061,1.00712e-05
1771304400038,3.58e-06
1771308000104,-3.9584e-06
1771311600044,-1.23801e-05
1771315200015,-1.25883e-05
1771318800082,-1.77594e-05
1771322400097,-1.81548e-05
1771326000042,-1.98104e-05
1771329600044,-4.72319e-05
1771333200044,-4.56092e-05
1771336800063,-3.47669e-05
1771340400062,-2.26261e-05
1771344000071,-1.98425e-05
1771347600038,2.2509e-06
1771351200030,-5.4319e-06
1771354800003,4.4926e-06
1771358400062,1.6323e-06
1771362000058,-7.7389e-06
1771365600051,-7.8277e-06
1771369200070,-1.48541e-05
1771372800021,-6.8787e-06
1771376400085,-2.6264e-06
1771380000067,-6.4276e-06
1771383600005,-9.107e-07
1771387200016,-2.648e-07
1771390800053,-3.9226e-06
1771394400013,1.211e-07
1771398000044,-5.916e-06
1771401600085,-5.4825e-06
1771405200065,1.007e-06
1771408800081,-5.496e-07
1771412400026,-9.0862e-06
1771416000017,-1.60742e-05
1771419600034,-3.72567e-05
1771423200046,-4.17976e-05
1771426800043,-3.48938e-05
1771430400046,-2.82336e-05
1771434000010,-3.0272e-05
1771437600003,-2.2696e-05
1771441200072,-1.67186e-05
1771444800039,-1.55929e-05
1771448400040,-2.22835e-05
1771452000035,-1.43e-05
1771455600022,-2.99353e-05
1771459200054,-2.64823e-05
1771462800073,-3.05295e-05
1771466400079,-3.32497e-05
1771470000021,-3.28474e-05
1771473600122,-3.00828e-05
1771477200058,-2.43887e-05
1771480800072,-2.53781e-05
1771484400126,-2.06592e-05
1771488000040,-1.71631e-05
1771491600019,-2.30594e-05
1771495200033,-1.92438e-05
1771498800010,-1.33246e-05
1771502400062,-1.16494e-05
1771506000017,-8.0025e-06
1771509600019,-2.4191e-06
1771513200067,-6.3267e-06
1771516800026,-9.0921e-06
1771520400013,-1.22063e-05
1771524000000,-1.14999e-05
1771527600043,-9.2115e-06
1771531200009,-4.1744e-06
1771534800023,-4.6735e-06
1771538400022,1.20744e-05
1771542000042,1.25e-05
1771545600035,1.0156e-05
1771549200190,1.24892e-05
1771552800054,7.2877e-06
1771556400118,-1.703e-07
1771560000085,-7.3707e-06
1771563600048,-2.797e-06
1771567200033,-3.2118e-06
1771570800077,-4.6927e-06
1771574400069,-1.31811e-05
1771578000018,-1.49726e-05
1771581600018,6.7889e-06
1771585200029,5.3362e-06
1771588800020,8.9539e-06
1771592400001,5.701e-07
1771596000062,-6.026e-07
1771599600013,-8.557e-06
1771603200044,-5.4269e-06
1771606800002,-1.77598e-05
1771610400056,5.8263e-06
1771614000125,1.25e-05
1771617600028,1.25e-05
1771621200083,8.7316e-06
1771624800095,4.7593e-06
1771628400033,2.6122e-06
1771632000011,9.3753e-06
1771635600131,2.021e-06
1771639200011,-1.9311e-06
1771642800063,-4.0637e-06
1771646400080,-1.2633e-05
1771650000080,-9.4474e-06
1771653600034,-6.0785e-06
1771657200068,-1.00599e-05
1771660800035,-1.62532e-05
1771664400020,-1.18722e-05
1771668000068,7.259e-07
1771671600028,-5.8525e-06
1771675200071,-5.4365e-06
1771678800019,-6.6234e-06
1771682400000,5.269e-07
1771686000011,1.04224e-05
1771689600010,5.6061e-06
1771693200060,-3.7069e-06
1771696800086,-5.472e-06
1771700400111,5.9027e-06
1771704000048,6.4601e-06
1771707600024,-4.6146e-06
1771711200037,2.4173e-06
1771714800054,-3.0859e-06
1771718400015,2.0477e-06
1771722000084,-7.6153e-06
1771725600046,-1.25316e-05
1771729200056,-1.18028e-05
1771732800066,-1.45735e-05
1771736400123,-2.66921e-05
1771740000012,-2.35162e-05
1771743600039,-2.06899e-05
1771747200009,-1.58975e-05
1771750800017,-2.01062e-05
1771754400091,-1.6932e-05
1771758000056,-2.29064e-05
1771761600075,-2.53736e-05
1771765200038,-1.74879e-05
1771768800048,-1.39577e-05
1771772400114,-1.37138e-05
1771776000015,-5.436e-07
1771779600036,2.4107e-06
1771783200075,-2.9507e-05
1771786800006,-1.96924e-05
1771790400029,-2.10978e-05
1771794000000,-2.72881e-05
1771797600023,-2.24124e-05
1771801200093,-2.3786e-05
1771804800016,-1.04515e-05
1771808400004,-1.33359e-05
1771812000025,-3.60887e-05
1771815600025,-3.33102e-05
1771819200028,-2.73378e-05
1771822800010,-3.6834e-05
1771826400078,-6.47728e-05
1771830000058,-4.69551e-05
1771833600004,-3.96934e-05
1771837200103,-4.80554e-05
1771840800012,-3.6871e-05
1771844400010,-2.12361e-05
1771848000004,-1.85484e-05
1771851600080,-2.15891e-05
1771855200028,-2.75569e-05
1771858800059,-2.86432e-05
1771862400045,-2.38286e-05
1771866000042,-2.2198e-05
1771869600076,-1.41179e-05
1771873200053,-1.58595e-05
1771876800017,-2.17896e-05
1771880400054,-2.36788e-05
1771884000029,-1.70313e-05
1771887600037,-2.35808e-05
1771891200048,-1.22608e-05
1771894800134,-7.2479e-06
1771898400050,-1.20546e-05
1771902000046,-1.22128e-05
1771905600015,-1.5395e-06
1771909200026,-2.548e-07
1771912800085,-4.995e-07
1771916400076,-2.7404e-06
1771920000022,-3.8244e-06
1771923600048,9.264e-07
1771927200044,-6.308e-07
1771930800020,-5.6258e-06
1771934400025,-7.588e-06
1771938000047,-9.7124e-06
1771941600060,-1.42493e-05
1771945200057,-1.30159e-05
1771948800005,-9.3822e-06
1771952400049,-4.249e-06
1771956000022,-5.9136e-06
1771959600066,-3.6193e-06
1771963200026,-1.356e-07
1771966800002,-1.5462e-06
1771970400030,-9.1539e-06
1771974000078,-9.1432e-06
1771977600014,-1.67358e-05
1771981200032,-2.3343e-05
1771984800039,-1.27327e-05
1771988400030,-1.44843e-05
1771992000056,-1.53137e-05
1771995600028,-5.5431e-06
1771999200061,-1.47167e-05
1772002800000,-2.51626e-05
1772006400037,-2.29096e-05
1772010000060,-2.12094e-05
1772013600029,-9.7456e-06
1772017200055,-6.6048e-06
1772020800008,-6.9959e-06
1772024400008,1.21e-07
1772028000023,-4.632e-07
1772031600051,3.6781e-06
1772035200012,-2.0961e-06
1772038800075,1.5191e-06
1772042400088,-1.28273e-05
1772046000128,-1.12232e-05
1772049600055,-1.13506e-05
1772053200015,-8.1304e-06
1772056800000,-1.6835e-06
1772060400045,1.852e-07
1772064000036,1.755e-07
1772067600091,-2.0096e-06
1772071200018,-1.7102e-06
1772074800060,8.6534e-06
1772078400013,1.25e-05
1772082000058,1.25e-05
1772085600099,9.7844e-06
1772089200021,1.25e-05
1772092800072,1.02159e-05
1772096400076,4.9854e-06
1772100000108,6.34e-08
1772103600073,-1.544e-05
1772107200041,-1.65486e-05
1772110800051,-1.02089e-05
1772114400019,-9.7483e-06
1772118000033,-9.6523e-06
1772121600028,-1.35585e-05
1772125200027,-1.26452e-05
1772128800023,-1.61824e-05
1772132400009,-6.0682e-06
1772136000035,-4.7113e-06
1772139600019,-1.5227e-06
1772143200019,-9.42e-08
1772146800054,-2.5906e-06
1772150400001,8.531e-07
1772154000078,8.3708e-06
1772157600016,1.03375e-05
1772161200116,4.8325e-06
1772164800057,2.5085e-06
1772168400058,7.1377e-06
1772172000053,-3.889e-07
1772175600067,1.7438e-06
1772179200017,-3.2882e-06
1772182800026,1.17409e-05
1772186400074,9.584e-06
1772190000078,-1.67867e-05
1772193600028,-1.58273e-05
1772197200020,-1.31064e-05
1772200800036,-4.374e-06
1772204400054,2.6758e-06
1772208000132,-8.1471e-06
1772211600041,-1.2306e-05
1772215200037,6.9276e-06
1772218800012,1.00716e-05
1772222400028,7.4437e-06
1772226000037,1.20784e-05
1772229600023,-1.0311e-06
1772233200014,-8.8265e-06
1772236800086,1.963e-07
1772240400090,-8.8834e-06
1772244000058,-9.0191e-06
1772247600012,-1.27518e-05
1772251200088,-1.84023e-05
1772254800063,-1.44556e-05
1772258400065,-1.50851e-05
1772262000026,-2.80076e-05
1772265600028,-4.67283e-05
1772269200012,-3.6864e-05
1772272800008,-2.53826e-05
1772276400008,-8.6384e-06
1772280000032,-1.32714e-05
1772283600035,-1.80113e-05
1772287200033,-1.96628e-05
1772290800021,-4.7517e-06
1772294400041,-7.2584e-06
1772298000025,-1.3136e-06
1772301600015,-4.4267e-06
1772305200074,-3.7936e-06
1772308800039,-2.68394e-05
1772312400041,-2.26071e-05
1772316000035,-2.14626e-05
1772319600066,-1.65665e-05
1772323200168,-2.09811e-05
1772326800024,-2.14009e-05
1772330400052,-1.74892e-05
1772334000074,-7.3867e-06
1772337600034,-1.927e-07
1772341200052,1.9775e-06
1772344800071,3.6795e-06
1772348400018,8.2155e-06
1772352000093,2.7233e-06
1772355600017,7.753e-07
1772359200018,-1.75983e-05
1772362800017,-1.91299e-05
1772366400039,-2.28015e-05
1772370000054,-2.16223e-05
1772373600029,-3.25335e-05
1772377200027,-2.19616e-05
1772380800018,-1.07541e-05
1772384400120,-9.8903e-06
1772388000070,-1.58999e-05
1772391600062,-1.0153e-06
1772395200026,-1.0561e-05
1772398800065,-3.4665e-06
1772402400085,2.8941e-06
1772406000005,1.46e-08
1772409600044,1.7975e-06
1772413200048,9.1367e-06
1772416800044,1.14035e-05
1772420400063,-3.7797e-06
1772424000048,-5.012e-07
1772427600071,-3.8117e-06
1772431200062,-1.9387e-06
1772434800054,-9.1091e-06
1772438400003,-6.238e-06
1772442000091,-2.2654e-06
1772445600007,4.2437e-06
1772449200019,1.25e-05
1772452800016,5.6546e-06
1772456400034,-6.0111e-06
1772460000035,-2.35865e-05
1772463600070,-2.23351e-05
1772467200053,1.25e-05
1772470800086,1.25e-05
1772474400025,4.3909e-06
1772478000044,1.12642e-05
1772481600120,4.1563e-06
1772485200038,3.2298e-06
1772488800033,-5.533e-07
1772492400068,2.4567e-06
1772496000062,-2.16448e-05
1772499600052,-2.10473e-05
1772503200011,-2.88963e-05
1772506800058,-2.77541e-05
1772510400010,-1.97646e-05
1772514000074,-1.71978e-05
1772517600050,-4.9867e-06
1772521200069,-9.6335e-06
1772524800009,4.2567e-06
1772528400114,3.6217e-06
1772532000046,-2.3656e-06
1772535600006,4.6359e-06
1772539200013,4.666e-07
1772542800012,6.991e-07
1772546400039,-2.4065e-06
1772550000007,3.2495e-06
1772553600004,8.4908e-06
1772557200041,7.3265e-06
1772560800015,6.0549e-06
1772564400049,6.64e-07
1772568000007,-5.1487e-06
1772571600014,-8.8703e-06
1772575200070,-1.40436e-05
1772578800016,-1.61807e-05
1772582400034,-1.20506e-05
1772586000049,-6.5494e-06
1772589600060,-6.7245e-06
1772593200052,-1.23546e-05
1772596800001,-2.37499e-05
1772600400064,-3.20092e-05
1772604000079,-1.81987e-05
1772607600095,-5.9989e-06
1772611200047,4.9864e-06
1772614800010,1.25e-05
1772618400069,1.25e-05
1772622000024,1.25e-05
1772625600133,1.25e-05
1772629200019,7.5435e-06
1772632800036,6.107e-07
1772636400023,3.345e-06
1772640000011,5.161e-06
1772643600095,4.4502e-06
1772647200092,4.3836e-06
1772650800093,4.8561e-06
1772654400047,3.004e-07
1772658000048,5.2549e-06
1772661600024,-9.61e-08
1772665200045,-5.9898e-06
1772668800022,-1.59463e-05
1772672400018,-1.76501e-05
1772676000139,-2.29095e-05
1772679600019,-2.30324e-05
1772683200027,-1.42734e-05
1772686800001,-4.4803e-06
1772690400037,-7.442e-07
1772694000091,-5.0141e-06
1772697600033,-8.4078e-06
1772701200063,4.14e-06
1772704800091,1.25e-05
1772708400017,1.25e-05
1772712000003,7.9102e-06
1772715600009,1.1628e-06
1772719200024,-1.06325e-05
1772722800039,-1.03102e-05
1772726400034,7.343e-07
1772730000083,-4.0838e-06
1772733600048,-3.0425e-06
1772737200052,1.01537e-05
1772740800073,1.25e-05
1772744400042,1.25e-05
1772748000028,1.25e-05
1772751600029,2.4513e-06
1772755200030,-7.538e-06
1772758800082,-7.1218e-06
1772762400006,-2.114e-06
1772766000079,1.4474e-06
1772769600026,-1.0485e-06
1772773200112,-2.9954e-06
1772776800019,-7.1731e-06
1772780400028,-7.3176e-06
1772784000021,1.0854e-06
1772787600022,-9.289e-07
1772791200031,-6.1997e-06
1772794800036,-3.4237e-06
1772798400052,-6.8292e-06
1772802000052,-1.27535e-05
1772805600033,-1.58889e-05
1772809200037,-2.97983e-05
1772812800062,-2.78693e-05
1772816400089,-2.81679e-05
1772820000056,-2.63483e-05
1772823600066,-1.95219e-05
1772827200046,-1.23647e-05
1772830800021,-8.8532e-06
1772834400046,-1.481e-05
1772838000092,-1.45005e-05
1772841600061,-2.26131e-05
1772845200027,-2.00677e-05
1772848800050,-1.41885e-05
1772852400045,-1.55023e-05
1772856000014,-9.768e-07
1772859600052,-9.3602e-06
1772863200070,-1.59014e-05
1772866800068,-1.65881e-05
1772870400015,-1.12922e-05
1772874000005,-1.10128e-05
1772877600014,-5.6484e-06
1772881200002,-5.9124e-06
1772884800031,5.709e-07
1772888400033,-1.48133e-05
1772892000084,-1.21945e-05
1772895600012,-1.04478e-05
1772899200014,-1.70852e-05
1772902800077,-2.04188e-05
1772906400110,-2.8639e-05
1772910000003,-2.61641e-05
1772913600010,-2.56979e-05
1772917200135,-3.26417e-05
1772920800082,-2.493e-05
1772924400068,-2.97674e-05
1772928000002,-3.32595e-05
1772931600030,-3.29502e-05
1772935200003,-3.156e-05
1772938800042,-3.03917e-05
1772942400001,-4.20738e-05
1772946000024,-3.69521e-05
1772949600045,-3.64889e-05
1772953200036,-1.93956e-05
1772956800041,-7.7785e-06
1772960400029,-1.4412e-05
1772964000035,-1.67158e-05
1772967600036,-1.33837e-05
1772971200021,-1.19629e-05
1772974800049,-2.17123e-05
1772978400061,-1.76492e-05
1772982000088,-1.70395e-05
1772985600024,-1.62157e-05
1772989200018,-1.82909e-05
1772992800004,-1.88969e-05
1772996400000,-2.07694e-05
1773000000074,-2.99471e-05
1773003600003,-2.73912e-05
1773007200038,-2.36594e-05
1773010800057,-2.10404e-05
1773014400091,-5.6543e-06
1773018000052,1.8448e-06
1773021600016,2.187e-06
1773025200012,-6.8002e-06
1773028800030,1.25e-05
1773032400088,8.2874e-06
1773036000070,1.25e-05
1773039600026,3.0875e-06
1773043200094,-3.8806e-06
1773046800114,8.119e-07
1773050400108,1.679e-07
1773054000050,-1.39644e-05
1773057600051,-2.08482e-05
1773061200073,-1.73764e-05
1773064800061,-2.726e-07
1773068400084,-3.4593e-06
1773072000075,-1.00215e-05
1773075600049,-7.1724e-06
1773079200036,-2.1464e-06
1773082800053,-3.0615e-06
1773086400002,6.9753e-06
1773090000074,-3.8967e-06
1773093600010,-3.64e-07
1773097200038,-2.5498e-06
1773100800042,4.472e-07
1773104400084,1.25e-05
1773108000013,1.25e-05
1773111600052,9.3886e-06
1773115200041,9.732e-06
1773118800054,9.7786e-06
1773122400137,1.08666e-05
1773126000065,3.1225e-06
1773129600052,6.3492e-06
1773133200017,7.9218e-06
1773136800060,4.1223e-06
1773140400011,3.2304e-06
1773144000038,2.8999e-06
1773147600061,9.34e-07
1773151200027,5.194e-07
1773154800083,-4.0754e-06
1773158400045,1.25e-05
1773162000004,1.25e-05
1773165600018,9.6822e-06
1773169200049,-2.40659e-05
1773172800050,-2.55332e-05
1773176400058,-1.17402e-05
1773180000068,-1.33084e-05
1773183600061,-1.05653e-05
1773187200088,-1.44794e-05
1773190800002,-2.36194e-05
1773194400098,-2.16878e-05
1773198000016,-2.12187e-05
1773201600038,-2.12341e-05
1773205200075,-2.19537e-05
1773208800135,-2.83191e-05
1773212400014,-2.66605e-05
1773216000056,-2.24361e-05
1773219600082,-2.0597e-05
1773223200084,-1.72987e-05
1773226800001,-1.7199e-05
1773230400013,-1.43119e-05
1773234000063,-2.99495e-05
1773237600004,-1.60694e-05
1773241200051,-1.2135e-06
1773244800065,-2.3679e-06
1773248400068,4.3021e-06
1773252000102,1.16157e-05
1773255600082,5.4337e-06
1773259200026,5.1272e-06
1773262800008,1.15075e-05
1773266400035,1.5567e-06
1773270000069,-3.069e-06
1773273600084,-1.9228e-06
1773277200006,-2.08591e-05
1773280800080,-2.57636e-05
1773284400036,-3.09331e-05
1773288000065,-3.96188e-05
1773291600094,-4.57457e-05
1773295200108,-3.72458e-05
1773298800046,-2.41056e-05
1773302400068,-1.28341e-05
1773306000063,-4.5909e-06
1773309600013,-2.4382e-06
1773313200017,7.6323e-06
1773316800106,1.25e-05
1773320400062,7.6342e-06
1773324000110,1.25e-05
1773327600024,1.3651e-06
1773331200064,-9.7611e-06
1773334800004,9.785e-07
1773338400004,6.1236e-06
1773342000025,-4.7956e-06
1773345600165,-3.082e-07
1773349200073,-4.2201e-06
1773352800071,4.2051e-06
1773356400070,-9.462e-07
1773360000061,8.566e-07
1773363600032,1.25e-05
1773367200025,1.25e-05
1773370800021,1.25e-05
1773374400099,1.25e-05
1773378000089,7.5454e-06
1773381600064,2.5645e-06
1773385200082,-7.0719e-06
1773388800016,-1.2796e-06
1773392400045,2.3512e-06
1773396000034,9.7369e-06
1773399600010,1.05404e-05
1773403200009,1.06064e-05
1773406800059,1.25e-05
1773410400032,1.25e-05
1773414000021,1.25e-05
1773417600051,1.25e-05
1773421200044,4.4529e-06
1773424800052,-7.2574e-06
1773428400006,-1.56848e-05
1773432000021,-1.97516e-05
1773435600092,-1.6354e-05
1773439200005,-2.15469e-05
1773442800109,-1.47148e-05
1773446400044,-2.30802e-05
1773450000094,-2.24143e-05
1773453600100,-1.73494e-05
1773457200013,-2.70201e-05
1773460800019,-2.18954e-05
1773464400095,-1.89805e-05
1773468000072,-2.23706e-05
1773471600036,-2.28313e-05
1773475200041,-4.15683e-05
1773478800025,-2.92123e-05
1773482400098,-2.72785e-05
1773486000047,-3.60211e-05
1773489600020,-3.44492e-05
1773493200042,-3.26838e-05
1773496800076,-2.67892e-05
1773500400009,-2.57339e-05
1773504000100,-1.98355e-05
1773507600061,-9.5414e-06
1773511200018,-1.34692e-05
1773514800048,-1.82894e-05
1773518400035,-2.2723e-05
1773522000015,-2.1782e-05
1773525600041,-1.90306e-05
1773529200044,-2.24823e-05
1773532800099,-1.24682e-05
1773536400102,-1.04641e-05
1773540000005,-7.668e-06
1773543600130,-1.399e-05
1773547200040,-9.1095e-06
1773550800066,-1.0216e-06
1773554400010,-5.6496e-06
1773558000046,-9.7966e-06
1773561600003,1.8977e-06
1773565200067,9.9939e-06
1773568800003,-3.1724e-06
1773572400039,8.085e-07
1773576000060,-2.5131e-06
1773579600023,-4.0008e-06
1773583200023,-2.9209e-06
1773586800084,-1.7249e-06
1773590400034,-6.985e-07
1773594000036,-7.9846e-06
1773597600003,-6.5741e-06
1773601200127,-5.2885e-06
1773604800024,-1.12924e-05
1773608400083,-4.5822e-06
1773612000019,-7.822e-07
1773615600037,6.9461e-06
1773619200090,1.25e-05
1773622800002,9.6816e-06
1773626400078,7.3385e-06
1773630000040,4.3917e-06
1773633600012,3.4064e-06
1773637200021,9.2255e-06
1773640800092,4.9794e-06
1773644400033,1.3565e-06
1773648000062,6.4092e-06
1773651600035,5.2264e-06
1773655200042,2.69e-06
1773658800013,1.0305e-05
1773662400013,1.24362e-05
1773666000000,1.8977e-06
1773669600099,3.0439e-06
1773673200013,-1.10142e-05
1773676800033,-2.1157e-05
1773680400023,-2.52967e-05
1773684000045,-1.72131e-05
1773687600080,-6.1131e-06
1773691200001,8.1018e-06
1773694800032,1.3507e-06
1773698400000,-7.1355e-06
1773702000003,-4.748e-07
1773705600034,5.277e-07
1773709200045,-1.725e-06
1773712800050,-4.8375e-06
1773716400010,-1.78714e-05
1773720000073,-1.08146e-05
1773723600048,-6.0855e-06
1773727200113,-7.8428e-06
1773730800039,-1.80974e-05
1773734400000,-9.2808e-06
1773738000002,-1.9673e-06
1773741600075,-3.2027e-06
1773745200115,-3.1328e-06
1773748800006,-9.0038e-06
1773752400013,-8.5429e-06
1773756000047,-5.5183e-06
1773759600074,3.6713e-06
1773763200038,-1.1714e-05
1773766800054,-9.8055e-06
1773770400071,-9.4132e-06
1773774000018,-1.1267e-06
1773777600034,-8.626e-06
1773781200072,-1.18473e-05
1773784800003,-4.6807e-06
1773788400011,-3.1104e-06
1773792000028,-1.06626e-05
1773795600016,-1.19174e-05
1773799200026,-6.5422e-06
1773802800060,-3.5373e-06
1773806400054,-2.9082e-06
1773810000001,-2.5673e-06
1773813600067,-1.68629e-05
1773817200033,-1.89411e-05
1773820800005,-1.22925e-05
1773824400052,-5.6479e-06
1773828000037,-1.25745e-05
1773831600025,-1.37123e-05
1773835200062,-2.55543e-05
1773838800007,-2.85163e-05
1773842400026,-2.53867e-05
1773846000035,-2.44418e-05
1773849600009,-5.0778e-06
1773853200066,-5.7442e-06
1773856800052,-9.7442e-06
1773860400045,-1.78194e-05
1773864000055,-1.97715e-05
1773867600050,-1.08493e-05
1773871200035,-1.1113e-06
1773874800040,-1.25007e-05
1773878400090,-4.6025e-06
1773882000009,-9.2163e-06
1773885600012,-6.0871e-06
1773889200041,-4.7396e-06
1773892800010,-5.3771e-06
1773896400090,-7.4298e-06
1773900000052,-2.47827e-05
1773903600107,-2.71202e-05
1773907200064,-2.25746e-05
1773910800026,-1.37661e-05
1773914400123,9.97e-08
1773918000052,-1.981e-06
1773921600006,-4.4955e-06
1773925200045,-1.34266e-05
1773928800059,-1.08799e-05
1773932400002,-3.6827e-06
1773936000031,5.675e-07
1773939600011,7.3574e-06
1773943200049,-7.811e-07
1773946800024,3.3829e-06
1773950400037,-5.76e-08
1773954000022,1.243e-07
1773957600001,5.2873e-06
1773961200001,2.12e-07
1773964800103,6.7365e-06
1773968400073,1.19524e-05
1773972000053,8.3901e-06
1773975600072,2.4435e-06
1773979200004,4.0206e-06
1773982800107,-2.4216e-06
1773986400096,-1.21727e-05
1773990000012,-1.27981e-05
1773993600003,-2.32196e-05
1773997200021,-2.04498e-05
1774000800063,-2.52159e-05
1774004400048,-3.78154e-05
1774008000087,-3.91411e-05
1774011600148,-3.0049e-05
1774015200115,-2.24745e-05
1774018800034,-2.43868e-05
1774022400074,-1.07624e-05
1774026000075,-2.6778e-06
1774029600035,-1.42166e-05
1774033200044,-1.4335e-05
1774036800034,-1.34582e-05
1774040400007,-1.04668e-05
1774044000000,-6.605e-07
1774047600047,-2.148e-06
1774051200093,1.0039e-06
1774054800011,-6.4501e-06
1774058400032,-4.22e-07
1774062000013,2.713e-07
1774065600040,1.08423e-05
1774069200041,5.2351e-06
1774072800066,-3.9811e-06
1774076400010,-3.9168e-06
1774080000075,3.7504e-06
1774083600064,1.886e-06
1774087200000,-7.3215e-06
1774090800008,3.169e-06
1774094400094,-1.6777e-06
1774098000015,-9.03e-08
1774101600045,-9.3326e-06
1774105200051,-7.8228e-06
1774108800039,-1.71611e-05
1774112400032,-1.95593e-05
1774116000020,-2.21086e-05
1774119600057,-1.88146e-05
1774123200073,-1.63894e-05
1774126800086,-1.60445e-05
1774130400004,-1.59242e-05
1774134000026,-1.90439e-05
1774137600042,-2.44272e-05
1774141200020,-1.82436e-05
1774144800085,-2.30474e-05
1774148400085,-2.07166e-05
1774152000007,-2.10697e-05
1774155600062,-3.56932e-05
1774159200062,-3.11036e-05
1774162800088,-3.02434e-05
1774166400050,-2.79407e-05
1774170000062,-4.07503e-05
1774173600003,-4.18831e-05
1774177200044,-4.40711e-05
1774180800049,-5.35265e-05
1774184400046,-4.9731e-05
1774188000011,-4.68979e-05
1774191600042,-3.48936e-05
1774195200021,-2.67208e-05
1774198800006,-2.00579e-05
1774202400081,-2.1292e-05
1774206000039,-2.02651e-05
1774209600048,-2.23787e-05
1774213200082,-1.50286e-05
1774216800090,-1.12881e-05
1774220400049,2.5199e-06
1774224000261,-2.844e-06
1774227600069,-1.0725e-05
1774231200040,-2.168e-05
1774234800111,-6.3708e-06
1774238400086,3.6309e-06
1774242000014,1.25e-05
1774245600068,8.7989e-06
1774249200043,-7.1875e-06
1774252800066,-9.9286e-06
1774256400071,-2.92571e-05
1774260000081,-2.5978e-05
1774263600004,-3.03333e-05
1774267200045,5.8656e-06
1774270800056,-9.5495e-06
1774274400053,4.6494e-06
1774278000071,9.3305e-06
1774281600048,-5.9063e-06
1774285200080,-1.89894e-05
1774288800041,-2.22054e-05
1774292400054,-2.96013e-05
1774296000019,-2.9714e-05
1774299600090,-2.57049e-05
1774303200162,-2.47362e-05
1774306800056,-2.18597e-05
1774310400027,-1.07977e-05
1774314000082,-9.471e-07
1774317600034,-3.1429e-06
1774321200000,-1.49342e-05
1774324800016,-1.38208e-05
1774328400079,-1.49411e-05
1774332000003,-1.48674e-05
1774335600088,-4.397e-06
1774339200033,1.25e-05
1774342800051,1.25e-05
1774346400105,1.25e-05
1774350000045,8.3272e-06
1774353600096,2.477e-07
1774357200028,-9.6293e-06
1774360800089,3.203e-06
1774364400033,-4.0969e-06
1774368000039,7.1515e-06
1774371600061,-6.583e-06
1774375200062,-1.7763e-05
1774378800040,-1.22818e-05
1774382400058,-1.72324e-05
1774386000159,-7.31e-08
1774389600052,1.06401e-05
1774393200069,1.25e-05
1774396800048,1.25e-05
1774400400110,9.6667e-06
1774404000086,1.14151e-05
1774407600069,9.2043e-06
1774411200059,3.7862e-06
1774414800076,1.25e-05
1774418400043,1.25e-05
1774422000053,9.9716e-06
1774425600007,1.25e-05
1774429200057,1.25e-05
1774432800090,1.25e-05
1774436400018,8.8016e-06
1774440000038,1.8082e-06
1774443600032,-1.32078e-05
1774447200041,-5.1387e-06
1774450800062,-4.92e-06
1774454400052,-5.1381e-06
1774458000022,-5.1429e-06
1774461600075,-2.9488e-06
1774465200037,-9.951e-06
1774468800025,-8.043e-06
1774472400066,-4.0646e-06
1774476000023,1.377e-06
1774479600072,-2.1459e-06
1774483200035,-2.0704e-06
1774486800006,-6.8731e-06
1774490400139,-7.9246e-06
1774494000114,-1.4581e-05
1774497600110,-2.42388e-05
1774501200097,-2.91613e-05
1774504800014,-4.56488e-05
1774508400009,-3.60248e-05
1774512000094,-2.5567e-05
1774515600075,-2.13824e-05
1774519200001,-1.7715e-05
1774522800072,-2.12031e-05
1774526400020,-3.87497e-05
1774530000078,-3.60186e-05
1774533600066,-1.9562e-05
1774537200018,-3.27166e-05
1774540800055,-2.01242e-05
1774544400026,-1.25228e-05
1774548000030,-8.2945e-06
1774551600003,-1.7115e-05
1774555200077,-3.71814e-05
1774558800031,-3.71065e-05
1774562400068,-4.15797e-05
1774566000071,-3.46397e-05
1774569600013,-2.54038e-05
1774573200004,-1.30953e-05
1774576800007,-9.6074e-06
1774580400045,-1.78323e-05
1774584000027,-2.97082e-05
1774587600055,-4.54992e-05
1774591200021,-5.72017e-05
1774594800047,-5.52794e-05
1774598400042,-5.89545e-05
1774602000078,-5.58171e-05
1774605600011,-4.78948e-05
1774609200056,-5.61891e-05
1774612800073,-5.43454e-05
1774616400020,-6.00596e-05
1774620000027,-4.84345e-05
1774623600082,-4.30137e-05
1774627200069,-5.68582e-05
1774630800063,-4.4981e-05
1774634400018,-4.57871e-05
1774638000017,-3.49685e-05
1774641600043,-3.79592e-05
1774645200064,-3.52055e-05
1774648800044,-3.19701e-05
1774652400008,-3.68746e-05
1774656000062,-3.60462e-05
1774659600004,-2.89346e-05
1774663200051,-2.72493e-05
1774666800023,-2.84841e-05
1774670400106,-2.74376e-05
1774674000055,-3.05094e-05
1774677600067,-3.30238e-05
1774681200039,-2.31653e-05
1774684800007,-2.51447e-05
1774688400008,-1.24138e-05
1774692000014,-3.9128e-06
1774695600095,5.007e-06
1774699200014,2.6325e-06
1774702800013,2.0087e-06
1774706400047,-9.7724e-06
1774710000042,-1.1077e-05
1774713600047,-1.93518e-05
1774717200074,-3.14341e-05
1774720800070,-3.12236e-05
1774724400007,-2.8761e-05
1774728000075,-3.37144e-05
1774731600036,-4.16291e-05
1774735200009,-5.16909e-05
1774738800040,-5.19249e-05
1774742400085,-4.97056e-05
1774746000068,-3.6517e-05
1774749600040,-3.80507e-05
1774753200050,-3.84567e-05
1774756800034,-4.59845e-05
1774760400054,-3.60015e-05
1774764000017,-3.16987e-05
1774767600047,-3.51723e-05
1774771200033,-3.24793e-05
1774774800036,-3.06663e-05
1774778400121,-2.57865e-05
1774782000002,-2.58039e-05
1774785600067,-2.2911e-05
1774789200056,-2.75828e-05
1774792800026,-2.47101e-05
1774796400057,-3.17125e-05
1774800000029,-3.54559e-05
1774803600011,-3.18749e-05
1774807200092,-3.12572e-05
1774810800066,-2.93282e-05
1774814400062,-2.82109e-05
1774818000026,-3.88622e-05
1774821600013,-3.60266e-05
1774825200096,-4.00757e-05
1774828800038,-4.07081e-05
1774832400030,-1.8293e-05
1774836000054,-1.18149e-05
1774839600013,-2.2376e-06
1774843200074,-5.6862e-06
1774846800056,-3.1096e-06
1774850400089,1.6434e-06
1774854000043,-1.79745e-05
1774857600192,-1.99841e-05
1774861200039,5.0053e-06
1774864800052,1.00504e-05
1774868400059,5.7558e-06
1774872000038,-2.5307e-06
1774875600031,4.37e-07
1774879200046,-1.8397e-06
1774882800019,-1.66196e-05
1774886400071,-1.22038e-05
1774890000108,-2.49764e-05
1774893600051,-3.8316e-05
1774897200085,-3.9405e-05
1774900800055,-3.48742e-05
1774904400095,-2.47953e-05
1774908000021,-2.63389e-05
1774911600066,-1.10275e-05
1774915200016,-5.3401e-06
1774918800038,-7.9762e-06
1774922400066,7.1075e-06
1774926000092,5.7076e-06
1774929600073,-4.0199e-06
1774933200062,6.0699e-06
1774936800022,-8.7591e-06
1774940400045,-6.747e-07
1774944000000,-1.20092e-05
1774947600056,-1.44852e-05
1774951200021,-2.12097e-05
1774954800032,-2.83519e-05
1774958400073,-3.74404e-05
1774962000030,-1.85554e-05
1774965600038,-1.02259e-05
1774969200043,-2.8101e-06
1774972800025,-1.65714e-05
1774976400030,2.0411e-06
1774980000007,1.608e-07
1774983600051,5.7968e-06
1774987200039,5.3908e-06
1774990800026,3.0311e-06
1774994400046,5.7782e-06
1774998000029,3.0174e-06
1775001600068,5.0736e-06
1775005200022,1.01033e-05
1775008800050,7.417e-06
1775012400044,-1.0696e-06
1775016000042,2.0376e-06
1775019600057,1.25e-05
1775023200051,1.25e-05
1775026800039,1.25e-05
1775030400062,1.25e-05
1775034000046,1.05e-08
1775037600050,-2.11887e-05
1775041200068,-1.85588e-05
1775044800081,-2.15175e-05
1775048400011,-2.35368e-05
1775052000131,-2.37865e-05
1775055600029,-1.85094e-05
1775059200078,2.925e-06
1775062800076,1.5935e-06
1775066400071,-3.1952e-05
1775070000017,-3.09757e-05
1775073600045,-1.52995e-05
1775077200041,-4.4666e-06
1775080800030,3.3567e-06
1775084400042,4.468e-06
1775088000177,1.0285e-06
1775091600004,-2.7858e-06
1775095200060,-9.9667e-06
1775098800041,-2.8962e-05
1775102400059,-2.26457e-05
1775106000030,-6.2171e-06
1775109600039,-9.0834e-06
1775113200070,-1.31062e-05
1775116800129,-9.517e-06
1775120400026,-6.7143e-06
1775124000051,-8.2926e-06
1775127600014,-8.0416e-06
1775131200021,-8.7992e-06
1775134800075,-2.1996e-06
1775138400049,-1.1723e-05
1775142000065,4.2933e-06
1775145600040,1.03515e-05
1775149200022,1.25e-05
1775152800037,1.25e-05
1775156400006,1.25e-05
1775160000023,1.25e-05
1775163600131,1.25e-05
1775167200013,-1.1826e-05
1775170800004,-1.1887e-05
1775174400021,-1.28747e-05
1775178000043,-8.8587e-06
1775181600023,-5.1719e-06
1775185200048,-1.23029e-05
1775188800039,-6.513e-06
1775192400086,-2.8441e-06
1775196000049,-4.694e-07
1775199600028,-4.72e-08
1775203200069,-4.6754e-06
1775206800054,-1.7333e-06
1775210400043,-3.0218e-06
1775214000041,6.94e-06
1775217600031,7.8278e-06
1775221200058,1.5188e-06
1775224800001,-2.4931e-06
1775228400044,5.3557e-06
1775232000033,1.25e-05
1775235600040,1.25e-05
1775239200069,1.25e-05
1775242800026,1.25e-05
1775246400036,1.21529e-05
1775250000048,1.08825e-05
1775253600031,1.25e-05
1775257200039,1.25e-05
1775260800063,9.5613e-06
1775264400014,-8.056e-07
1775268000021,-7.1467e-06
1775271600064,-8.3145e-06
1775275200011,-1.13535e-05
1775278800063,-5.606e-06
1775282400057,-1.27362e-05
1775286000051,-4.7637e-06
1775289600033,-2.9423e-06
1775293200008,9.765e-07
1775296800029,-1.08206e-05
1775300400050,-1.05232e-05
1775304000009,3.4624e-06
1775307600107,7.4808e-06
1775311200065,-1.05422e-05
1775314800008,-2.27221e-05
1775318400038,-8.6104e-06
1775322000041,-6.2806e-06
1775325600064,-7.4265e-06
1775329200012,7.2638e-06
1775332800063,-4.6601e-06
1775336400037,-9.0798e-06
1775340000032,-8.0704e-06
1775343600014,-6.8702e-06
1775347200047,-4.0174e-06
1775350800058,-2.47333e-05
1775354400058,-2.78902e-05
1775358000014,-2.64673e-05
1775361600022,-2.50966e-05
1775365200024,-3.27628e-05
1775368800051,-3.2323e-05
1775372400048,-1.95395e-05
1775376000066,-8.2966e-06
1775379600017,-5.2634e-06
1775383200017,-3.0828e-06
1775386800024,5.4603e-06
1775390400017,6.2102e-06
1775394000047,3.832e-06
1775397600057,-5.8218e-06
1775401200081,-1.2587e-05
1775404800031,-8.691e-07
1775408400049,-2.12883e-05
1775412000042,-2.1051e-05
1775415600041,-2.01692e-05
1775419200030,-1.89501e-05
1775422800003,-9.9689e-06
1775426400060,-1.21418e-05
1775430000020,-9.7128e-06
1775433600029,1.25e-05
1775437200040,1.25e-05
1775440800000,1.25e-05
1775444400049,1.25e-05
1775448000002,1.23348e-05
1775451600047,6.6366e-06
1775455200025,4.343e-06
1775458800064,-6.3935e-06
1775462400053,-9.7024e-06
1775466000012,4.1846e-06
1775469600006,1.25e-05
1775473200016,1.25e-05
1775476800072,2.5233e-06
1775480400031,4.4017e-06
1775484000066,-5.2984e-06
1775487600048,6.506e-07
1775491200056,-2.131e-07
1775494800002,2.602e-06
1775498400039,-2.1598e-06
1775502000000,4.1637e-06
1775505600078,-3.306e-07
1775509200054,-3.7713e-06
1775512800043,-1.30297e-05
1775516400021,-3.5727e-06
1775520000046,-3.522e-06
1775523600015,-8.3576e-06
1775527200012,-1.35512e-05
1775530800093,-2.17459e-05
1775534400017,-1.31175e-05
1775538000006,-1.39762e-05
1775541600030,-1.46346e-05
1775545200064,-1.6859e-05
1775548800020,-1.39351e-05
1775552400031,-1.61354e-05
1775556000005,-7.075e-06
1775559600030,-9.2325e-06
1775563200037,-1.38798e-05
1775566800060,-1.29281e-05
1775570400027,-1.35683e-05
1775574000041,-2.42533e-05
1775577600036,-1.34081e-05
1775581200024,7.003e-06
1775584800013,1.12345e-05
1775588400017,1.25e-05
1775592000041,6.9735e-06
1775595600062,4.2653e-06
1775599200029,1.08835e-05
1775602800038,1.25e-05
1775606400094,1.25e-05
1775610000057,1.25e-05
1775613600043,1.25e-05
1775617200059,1.25e-05
1775620800012,1.25e-05
1775624400056,1.25e-05
1775628000065,1.25e-05
1775631600039,1.25e-05
1775635200005,1.25e-05
1775638800047,1.25e-05
1775642400004,1.25e-05
1775646000027,1.25e-05
1775649600000,1.25e-05
1775653200019,1.25e-05
1775656800064,1.1613e-05
1775660400025,1.25e-05
1775664000054,1.25e-05
1775667600009,9.6994e-06
1775671200046,1.21315e-05
1775674800026,4.9483e-06
1775678400068,4.1199e-06
1775682000031,3.011e-06
1775685600010,3.2393e-06
1775689200039,-1.0961e-06
1775692800070,-3.4731e-06
1775696400023,-9.171e-06
1775700000010,-1.48046e-05
1775703600053,-6.2595e-06
1775707200015,-2.8667e-06
1775710800007,1.0504e-06
1775714400021,1.5117e-06
1775718000001,1.4912e-06
1775721600056,3.67e-07
1775725200008,-3.2042e-06
1775728800006,2.1977e-06
1775732400010,8.8184e-06
1775736000054,9.2643e-06
1775739600004,3.6297e-06
1775743200056,-1.1432e-06
1775746800041,-2.6071e-06
1775750400011,1.25e-05
1775754000012,1.25e-05
1775757600001,1.25e-05
1775761200031,1.25e-05
1775764800004,1.25e-05
1775768400018,1.25e-05
1775772000000,1.25e-05
1775775600071,1.25e-05
1775779200062,1.25e-05
1775782800013,3.9331e-06
1775786400002,6.2949e-06
1775790000040,1.1926e-06
1775793600047,2.1951e-06
1775797200031,4.0993e-06
1775800800026,3.4591e-06
1775804400016,-3.83e-07
1775808000000,-7.171e-06
1775811600015,2.2695e-06
1775815200028,5.7902e-06
1775818800010,-3.4936e-06
1775822400057,1.25e-05
1775826000032,5.386e-07
1775829600008,-1.10719e-05
1775833200005,-2.2469e-06
1775836800053,-4.3838e-06
1775840400022,-1.35043e-05
1775844000021,-1.573e-06
1775847600046,7.3166e-06
1775851200009,1.19998e-05
1775854800010,1.25e-05
1775858400079,7.8005e-06
1775862000055,1.25e-05
1775865600015,1.25e-05
1775869200006,1.03672e-05
1775872800020,1.24205e-05
1775876400039,8.5116e-06
1775880000013,8.1533e-06
1775883600005,4.6189e-06
1775887200024,-1.3836e-06
1775890800016,-1.2357e-06
1775894400002,-1.37806e-05
1775898000042,-7.9718e-06
1775901600048,-9.4432e-06
1775905200040,1.3821e-06
1775908800055,1.573e-07
1775912400047,4.6374e-06
1775916000001,4.702e-06
1775919600041,4.5149e-06
1775923200034,-5.379e-07
1775926800008,1.7729e-06
1775930400033,1.25e-05
1775934000047,1.25e-05
1775937600023,8.4783e-06
1775941200058,1.25e-05
1775944800036,1.25e-05
1775948400020,1.25e-05
1775952000067,1.25e-05
1775955600044,1.25e-05
1775959200031,4.3935e-06
1775962800029,-2.14729e-05
1775966400055,-1.57744e-05
1775970000066,-1.61123e-05
1775973600047,-1.31076e-05
1775977200004,-1.66963e-05
1775980800022,-1.733e-05
1775984400049,-1.8976e-05
1775988000011,-2.17292e-05
1775991600022,-1.03222e-05
1775995200040,-9.0851e-06
1775998800028,-1.24535e-05
1776002400064,-1.10505e-05
1776006000065,-3.6495e-06
1776009600046,1.298e-07
1776013200054,-6.295e-07
1776016800035,-1.4167e-06
1776020400028,1.3905e-06
1776024000062,1.4e-06
1776027600049,5.4723e-06
1776031200058,9.8835e-06
1776034800048,1.25e-05
1776038400013,1.5851e-06
1776042000031,-1.3573e-06
1776045600001,-6.9106e-06
1776049200056,-1.48111e-05
1776052800056,-1.18022e-05
1776056400032,-1.08262e-05
1776060000007,-1.85833e-05
1776063600011,-1.39073e-05
1776067200015,-9.1005e-06
1776070800013,-8.1098e-06
1776074400032,-9.7416e-06
1776078000011,-5.1245e-06
1776081600063,7.285e-07
1776085200036,1.8846e-06
1776088800007,1.25e-05
1776092400114,1.25e-05
1776096000016,1.16436e-05
1776099600028,1.25e-05
1776103200040,1.25e-05
1776106800055,1.25e-05
1776110400032,1.25e-05
1776114000038,9.0452e-06
1776117600023,1.15581e-05
1776121200008,1.25e-05
1776124800020,1.25e-05
1776128400057,1.25e-05
1776132000017,1.25e-05
1776135600043,1.25e-05
1776139200009,1.25e-05
1776142800054,1.25e-05
1776146400057,1.25e-05
1776150000076,1.25e-05
1776153600066,1.25e-05
1776157200041,1.25e-05
1776160800010,1.25e-05
1776164400030,8.7954e-06
1776168000053,9.5723e-06
1776171600039,1.25e-05
1776175200012,1.25e-05
1776178800056,1.04272e-05
1776182400029,-5.5481e-06
1776186000057,-1.92143e-05
1776189600062,-1.22154e-05
1776193200040,-1.28435e-05
1776196800000,-1.79698e-05
1776200400003,-1.21969e-05
1776204000001,-1.76407e-05
1776207600021,-9.5887e-06
1776211200015,-9.2352e-06
1776214800054,-5.8602e-06
1776218400036,-4.3095e-06
1776222000065,-1.53233e-05
1776225600053,-1.89833e-05
1776229200029,-1.43841e-05
1776232800060,-1.05337e-05
1776236400038,-1.5618e-05
1776240000009,-7.841e-06
1776243600024,-4.0246e-06
1776247200027,-8.4068e-06
1776250800067,-1.06184e-05
1776254400030,1.882e-06
1776258000008,-4.2703e-06
1776261600035,-9.7028e-06
1776265200057,8.5144e-06
1776268800025,1.09084e-05
1776272400022,1.25e-05
1776276000030,5.7583e-06
1776279600062,1.25e-05
1776283200014,1.25e-05
1776286800049,1.25e-05
1776290400067,1.25e-05
1776294000056,1.25e-05
1776297600044,3.737e-07
1776301200022,1.25e-05
1776304800010,4.0914e-06
1776308400053,3.3225e-06
1776312000006,6.1766e-06
1776315600042,-3.4837e-06
1776319200031,-8.3949e-06
1776322800012,-2.8651e-06
1776326400062,-9.2507e-06
1776330000045,-1.40978e-05
1776333600004,-2.9857e-06
1776337200035,-1.19885e-05
1776340800042,-1.57821e-05
1776344400030,-1.90373e-05
1776348000019,-3.7539e-06
1776351600047,6.3886e-06
1776355200051,2.6416e-06
1776358800013,-6.9203e-06
1776362400034,-1.87833e-05
1776366000064,6.4857e-06
1776369600016,2.2535e-06
1776373200025,-7.0527e-06
1776376800043,-2.5369e-06
1776380400041,8.9602e-06
1776384000030,1.25e-05
1776387600015,1.25e-05
1776391200026,1.25e-05
1776394800010,1.25e-05
1776398400064,1.13763e-05
1776402000052,1.23246e-05
1776405600017,7.3855e-06
1776409200065,1.08517e-05
1776412800042,1.25e-05
1776416400035,1.25e-05
1776420000011,7.0431e-06
1776423600038,1.25e-05
1776427200064,1.25e-05
1776430800036,1.24769e-05
1776434400000,1.25e-05
1776438000059,1.25e-05
1776441600039,1.10696e-05
1776445200046,1.03998e-05
1776448800052,-4.7926e-06
1776452400019,-1.43945e-05
1776456000065,-1.5219e-05
1776459600012,-1.69331e-05
1776463200042,-1.58927e-05
1776466800022,-5.2951e-06
1776470400064,-1.8401e-05
1776474000049,-1.7683e-05
1776477600042,-1.75312e-05
1776481200031,-1.27564e-05
1776484800009,-1.28226e-05
1776488400060,-1.03433e-05
1776492000049,-6.583e-06
1776495600028,-1.58145e-05
1776499200049,-1.30312e-05
1776502800011,-1.17633e-05
1776506400020,-1.26674e-05
1776510000016,-3.4424e-06
1776513600034,5.7303e-06
1776517200047,3.2456e-06
1776520800018,9.787e-06
1776524400000,1.17396e-05
1776528000001,1.25e-05
1776531600001,8.5306e-06
1776535200050,1.25e-05
1776538800039,1.25e-05
1776542400037,9.067e-06
1776546000036,2.8542e-06
1776549600011,3.9738e-06
1776553200026,6.3353e-06
1776556800053,1.18882e-05
1776560400051,3.285e-07
1776564000028,-2.9325e-06
1776567600060,5.9224e-06
1776571200051,-5.9419e-06
1776574800046,-6.4099e-06
1776578400041,-7.5718e-06
1776582000002,-6.7655e-06
1776585600040,-9.4033e-06
1776589200041,-4.5378e-06
1776592800022,-7.0567e-06
1776596400032,-4.7239e-06
1776600000016,1.3191e-06
1776603600026,-9.718e-07
1776607200011,8.055e-06
1776610800004,1.1704e-05
1776614400010,1.15889e-05
1776618000060,2.045e-07
1776621600009,-2.6599e-06
1776625200018,-1.38298e-05
1776628800030,-1.68352e-05
1776632400025,-1.85278e-05
1776636000007,-4.5666e-06
1776639600025,-2.05396e-05
1776643200062,-2.88336e-05
1776646800029,-1.7504e-05
1776650400053,-7.5378e-06
1776654000025,-1.09769e-05
1776657600029,-1.36189e-05
1776661200055,-1.07834e-05
1776664800000,-1.25805e-05
1776668400006,-8.2502e-06
1776672000037,-2.3908e-06
1776675600008,-1.24901e-05
1776679200053,-3.4782e-06
1776682800014,3.2076e-06
1776686400091,-7.406e-07
1776690000051,7.9694e-06
1776693600033,5.0563e-06
1776697200041,4.3808e-06
1776700800028,2.2775e-06
1776704400049,1.25e-05
1776708000019,1.25e-05
1776711600037,1.25e-05
1776715200063,7.376e-06
1776718800038,-1.709e-06
1776722400039,-4.4125e-06
1776726000053,-8.2788e-06
1776729600087,1.5537e-06
1776733200043,5.0284e-06
1776736800023,-3.0629e-06
1776740400030,-5.7713e-06
1776744000018,-1.5146e-06
1776747600065,-3.1226e-06
1776751200010,-2.923e-06
1776754800053,-8.7879e-06
1776758400036,-8.4325e-06
1776762000005,-8.8312e-06
1776765600001,-1.14901e-05
1776769200065,-1.5026e-06
1776772800036,-3.1909e-06
1776776400063,-4.6778e-06
1776780000044,2.6484e-06
1776783600019,7.9977e-06
1776787200048,2.2221e-06
1776790800003,4.6615e-06
1776794400065,2.3275e-06
1776798000039,2.8841e-06
1776801600004,4.9534e-06
1776805200015,9.9559e-06
1776808800008,-4.9066e-06
1776812400011,-9.657e-07
1776816000061,1.02939e-05
1776819600004,1.25e-05
1776823200042,1.25e-05
1776826800005,1.25e-05
1776830400056,1.25e-05
1776834000030,1.25e-05
1776837600005,4.7806e-06
1776841200018,5.0802e-06
1776844800009,8.97e-07
1776848400041,-2.846e-06
1776852000008,1.09744e-05
1776855600019,1.25e-05
1776859200041,1.25e-05
1776862800003,1.25e-05
1776866400043,1.14492e-05
1776870000021,1.25e-05
1776873600051,1.5209e-06
1776877200012,7.6964e-06
1776880800036,5.1917e-06
1776884400031,1.25e-05
1776888000051,8.4917e-06
1776891600023,1.05986e-05
1776895200042,1.03545e-05
1776898800056,1.25e-05
1776902400028,1.22193e-05
1776906000056,1.25e-05
1776909600016,6.2156e-06
1776913200013,5.3542e-06
1776916800053,3.4237e-06
1776920400046,1.25e-05
1776924000079,1.17286e-05
1776927600059,1.19656e-05
1776931200019,1.25e-05
1776934800060,5.7698e-06
1776938400021,1.25e-05
1776942000053,1.25e-05
1776945600024,1.25e-05
1776949200060,1.25e-05
1776952800015,1.14557e-05
1776956400020,1.25e-05
1776960000048,1.25e-05
1776963600075,4.3344e-06
1776967200016,1.25e-05
1776970800075,-4.4558e-06
1776974400003,-1.87094e-05
1776978000042,-2.59266e-05
1776981600005,-1.97278e-05
1776985200065,-1.32541e-05
1776988800064,-1.23751e-05
1776992400021,-1.75832e-05
1776996000064,-1.43791e-05
1776999600062,-2.85817e-05
1777003200018,-5.1409e-06
1777006800065,9.2143e-06
1777010400000,1.25e-05
1777014000039,1.25e-05
1777017600008,9.7672e-06
1777021200041,1.25e-05
1777024800038,3.991e-06
1777028400039,-1.2782e-06
1777032000002,1.062e-05
1777035600047,6.5116e-06
1777039200063,-7.0341e-06
1777042800001,-1.59158e-05
1777046400049,-1.56889e-05
1777050000011,-7.6497e-06
1777053600037,-1.73851e-05
1777057200020,-2.28708e-05
1777060800007,-3.43451e-05
1777064400058,-1.39136e-05
1777068000042,-1.42539e-05
1777071600055,-1.66075e-05
1777075200024,-1.85256e-05
1777078800002,-1.21123e-05
1777082400044,-7.2943e-06
1777086000063,-1.93818e-05
1777089600000,-2.11448e-05
1777093200035,-2.22446e-05
1777096800023,-1.61703e-05
1777100400048,-6.6312e-06
1777104000044,-8.1977e-06
1777107600060,-4.154e-07
1777111200052,-3.8205e-06
1777114800064,-9.1335e-06
1777118400039,-1.29581e-05
1777122000031,-1.8512e-06
1777125600050,-4.0341e-06
1777129200037,-4.617e-06
1777132800080,-9.9244e-06
1777136400047,-1.34281e-05
1777140000031,-1.16774e-05
1777143600078,-6.84e-06
1777147200064,-4.584e-06
1777150800007,1.3887e-06
1777154400003,-8.482e-06
1777158000060,-1.21235e-05
1777161600025,-1.9673e-05
1777165200030,-1.26933e-05
1777168800007,-8.5044e-06
1777172400050,-2.0142e-06
1777176000032,1.491e-06
1777179600041,-3.2098e-06
1777183200030,7.2566e-06
1777186800026,1.25e-05
1777190400058,9.3556e-06
1777194000062,-3.1895e-06
1777197600065,-5.2578e-06
1777201200018,-6.3686e-06
1777204800009,6.1355e-06
1777208400066,5.1614e-06
1777212000016,-1.2307e-05
1777215600039,-1.01241e-05
1777219200066,-9.2739e-06
1777222800052,-2.7676e-06
1777226400024,-9.768e-07
1777230000056,2.9431e-06
1777233600017,-1.01433e-05
1777237200054,-3.3457e-06
1777240800047,-5.1121e-06
1777244400060,-8.4826e-06
1777248000023,-6.1018e-06
1777251600035,1.07199e-05
1777255200052,1.25e-05
1777258800072,1.25e-05
1777262400041,1.25e-05
1777266000055,1.25e-05
1777269600007,1.25e-05
1777273200017,8.8441e-06
1777276800012,-2.6942e-06
1777280400041,-7.9209e-06
1777284000013,-1.30028e-05
1777287600115,-1.10762e-05
1777291200058,-3.248e-06
1777294800020,-6.8002e-06
1777298400028,-7.27e-07
1777302000022,2.852e-07
1777305600036,-7.4301e-06
1777309200033,-1.05998e-05
1777312800033,-1.17272e-05
1777316400021,-5.7081e-06
1777320000008,-1.37973e-05
1777323600011,-1.59085e-05
1777327200064,-1.90711e-05
1777330800012,-1.98272e-05
1777334400035,-1.5963e-05
1777338000003,-1.18778e-05
1777341600051,-1.32598e-05
1777345200044,-7.5167e-06
1777348800007,-5.49e-07
1777352400034,1.117e-07
1777356000029,-3.2328e-06
1777359600063,-5.4268e-06
1777363200019,-7.58e-06
1777366800032,-3.715e-06
1777370400023,-8.2773e-06
1777374000007,-4.3734e-06
1777377600016,-1.00671e-05
1777381200077,-1.78032e-05
1777384800058,-4.6061e-06
1777388400063,-1.0256e-05
1777392000007,-2.6439e-06
1777395600070,1.15684e-05
1777399200055,1.04589e-05
1777402800060,1.13758e-05
1777406400031,8.9716e-06
1777410000052,9.2861e-06
1777413600027,2.6982e-06
1777417200042,5.9701e-06
1777420800003,7.5298e-06
1777424400025,9.6538e-06
1777428000000,1.25e-05
1777431600009,1.01171e-05
1777435200032,1.25e-05
1777438800046,1.25e-05
1777442400001,1.25e-05
1777446000063,1.25e-05
1777449600030,1.25e-05
1777453200042,5.4475e-06
1777456800016,3.422e-07
1777460400024,4.0406e-06
1777464000054,1.19316e-05
1777467600053,-6.3127e-06
1777471200029,-1.07504e-05
1777474800047,-2.21192e-05
1777478400067,-4.0354e-06
1777482000001,1.06521e-05
1777485600043,8.4064e-06
1777489200048,4.6583e-06
1777492800001,4.707e-07
1777496400052,8.8285e-06
1777500000002,1.1242e-05
1777503600061,7.7203e-06
1777507200020,1.25e-05
1777510800019,1.25e-05
1777514400044,1.25e-05
1777518000073,-6.325e-07
1777521600059,-2.3699e-06
1777525200030,-4.9939e-06
1777528800060,-6.184e-07
1777532400057,-6.4875e-06
1777536000072,1.3116e-06
1777539600041,7.7329e-06
1777543200040,1.25e-05
1777546800009,1.14107e-05
1777550400065,1.25e-05
1777554000045,1.25e-05
1777557600004,1.25e-05
1777561200033,1.12535e-05
1777564800003,9.433e-07
1777568400029,2.3054e-06
1777572000025,-1.3611e-06
1777575600030,7.8773e-06
1777579200048,1.23873e-05
1777582800009,1.25e-05
1777586400010,1.25e-05
1777590000005,1.25e-05
1777593600045,7.677e-06
1777597200040,5.6533e-06
1777600800073,8.3969e-06
1777604400003,1.12991e-05
1777608000097,4.7485e-06
1777611600029,1.485e-06
1777615200052,1.4921e-06
1777618800028,-2.1162e-06
1777622400049,-5.2293e-06
1777626000046,-9.3727e-06
1777629600063,-1.18025e-05
1777633200046,-7.8242e-06
1777636800012,-1.00825e-05
1777640400028,-3.8064e-06
1777644000051,-6.1773e-06
1777647600002,-8.726e-07
1777651200055,3.761e-06
1777654800055,1.21073e-05
1777658400043,7.5584e-06
1777662000031,3.1722e-06
1777665600011,4.6258e-06
1777669200059,1.12578e-05
1777672800054,-1.3524e-06
1777676400002,-9.906e-07
1777680000010,-2.6684e-06
1777683600070,-2.5724e-06
1777687200056,2.0082e-06
1777690800038,7.0481e-06
1777694400019,7.8708e-06
1777698000004,6.6789e-06
1777701600040,-1.4134e-06
1777705200044,-2.4087e-06
1777708800031,-2.5971e-06
1777712400002,-2.042e-07
1777716000010,-3.7979e-06
1777719600041,-2.8502e-06
1777723200048,8e-08
1777726800017,8.7636e-06
1777730400025,5.3455e-06
1777734000021,9.3991e-06
1777737600033,9.5257e-06
1777741200048,8.2825e-06
1777744800025,9.3704e-06
1777748400038,8.3296e-06
1777752000064,1.25e-05
1777755600020,1.25e-05
1777759200000,1.25e-05
1777762800067,8.4852e-06
1777766400049,3.274e-07
1777770000025,3.2801e-06
1777773600016,6.5604e-06
1777777200053,1.16662e-05
1777780800034,1.06995e-05
1777784400010,7.4577e-06
1777788000024,5.0258e-06
1777791600004,-1.6122e-06
1777795200037,1.2728e-06
1777798800018,-2.9155e-06
1777802400038,-2.4354e-06
1777806000052,-1.5897e-06
1777809600047,-1.41047e-05
1777813200005,-1.45323e-05
1777816800027,-1.79568e-05
1777820400059,-1.24637e-05
1777824000054,-1.02164e-05
1777827600044,-8.1465e-06
1777831200060,-7.713e-06
1777834800014,-1.14989e-05
1777838400040,-6.657e-06
1777842000037,6.757e-07
1777845600024,-3.8024e-06
1777849200039,4.803e-07
1777852800030,2.3321e-06
1777856400063,-9.407e-07
1777860000059,-1.4904e-06
1777863600012,7.3475e-06
1777867200014,2.1564e-06
1777870800025,1.14465e-05
1777874400035,7.5604e-06
1777878000001,-7.488e-07
1777881600065,-5.1179e-06
1777885200015,-1.17243e-05
1777888800011,2.2471e-06
1777892400065,-1.212e-07
1777896000066,-6.9503e-06
1777899600032,2.4113e-06
1777903200079,2.2693e-06
1777906800062,2.1908e-06
1777910400030,4.0827e-06
1777914000041,2.7681e-06
1777917600053,5.8665e-06
1777921200037,4.6935e-06
1777924800060,1.25e-05
1777928400052,1.25e-05
1777932000075,6.7888e-06
1777935600055,-8.029e-07
1777939200021,-6.6298e-06
1777942800040,-9.5151e-06
1777946400044,-1.42464e-05
1777950000039,-7.139e-06
1777953600016,4.292e-07
1777957200057,5.066e-07
1777960800006,1.04407e-05
1777964400052,6.1283e-06
1777968000055,4.8191e-06
1777971600016,3.0353e-06
1777975200002,6.7418e-06
1777978800054,9.2899e-06
1777982400025,8.9788e-06
1777986000065,1.25e-05
1777989600022,1.25e-05
1777993200017,1.349e-06
1777996800028,1.6793e-06
1778000400003,1.4332e-06
1778004000061,4.7834e-06
1778007600036,6.801e-06
1778011200001,1.25e-05
1778014800044,1.25e-05
1778018400066,1.25e-05
1778022000056,9.0925e-06
1778025600026,3.2373e-06
1778029200002,-6.0129e-06
1778032800010,3.585e-06
1778036400061,9.96e-07
1778040000067,1.25e-05
1778043600011,1.25e-05
1778047200051,9.3572e-06
1778050800046,1.25e-05
1778054400014,1.25e-05
1778058000029,1.25e-05
1778061600058,1.25e-05
1778065200012,1.25e-05
1778068800046,1.25e-05
1778072400027,1.25e-05
1778076000062,1.25e-05
1778079600012,1.25e-05
1778083200063,1.25e-05
1778086800019,1.25e-05
1778090400065,-9.705e-07
1778094000068,-1.38345e-05
1778097600077,1.4908e-06
1778101200026,-9.7565e-06
1778104800045,-7.3144e-06
1778108400000,-1.40897e-05
1778112000059,-6.1251e-06
1778115600065,-7.3237e-06
1778119200043,-1.5311e-06
1778122800030,2.6443e-06
1778126400026,2.472e-06
1778130000051,8.4041e-06
1778133600013,1.25e-05
1778137200061,1.25e-05
1778140800060,1.25e-05
1778144400013,8.9227e-06
1778148000020,7.165e-06
1778151600037,6.3639e-06
1778155200009,1.25e-05
1778158800041,1.23934e-05
1778162400079,-3.184e-06
1778166000021,9.2168e-06
1778169600044,1.25e-05
1778173200070,9.4582e-06
1778176800001,-9.7844e-06
1778180400025,-1.7035e-06
1778184000029,-3.3592e-06
1778187600026,5.8942e-06
1778191200025,-1.33216e-05
1778194800057,-4.5453e-06
1778198400069,-2.2449e-06
1778202000002,-5.2184e-06
1778205600026,-7.6087e-06
1778209200048,-1.04061e-05
1778212800023,-9.277e-06
1778216400023,-4.874e-06
1778220000012,-6.734e-06
1778223600012,-8.9347e-06
1778227200002,-4.1587e-06
1778230800038,-6.6118e-06
1778234400074,-7.1382e-06
1778238000003,-3.4474e-06
1778241600055,4.031e-07
1778245200029,-2.6618e-06
1778248800050,-8.5212e-06
1778252400064,-3.1685e-06
1778256000018,-1.8241e-06
1778259600053,-8.6097e-06
1778263200064,1.25e-05
1778266800038,1.25e-05
1778270400043,1.25e-05
1778274000041,1.25e-05
1778277600054,1.25e-05
1778281200009,1.25e-05
1778284800000,1.25e-05
1778288400009,1.25e-05
1778292000018,1.25e-05
1778295600006,1.25e-05
1778299200003,1.25e-05
1778302800047,1.25e-05
1778306400038,2.37381e-05
1778310000036,2.41062e-05
1778313600024,2.23733e-05
1778317200062,2.49402e-05
1778320800026,1.9751e-05
1778324400050,1.25e-05
1778328000059,1.25e-05
1778331600000,1.25e-05
1778335200040,1.25e-05
1778338800053,1.25e-05
1778342400017,1.25e-05
1778346000001,1.25e-05
1778349600017,1.25e-05
1778353200018,1.25e-05
1778356800068,1.25e-05
1778360400051,1.25e-05
1778364000008,1.25e-05
1778367600025,1.25e-05
1778371200032,1.25e-05
1778374800048,1.25e-05
1778378400005,1.25e-05
1778382000065,1.25e-05
1778385600039,1.25e-05
1778389200002,1.25e-05
1778392800045,1.25e-05
1778396400044,1.25e-05
1778400000015,1.25e-05
1778403600013,1.25e-05
1778407200065,1.25e-05
1778410800000,1.25e-05
1778414400050,1.25e-05
1778418000020,1.25e-05
1778421600012,1.25e-05
1778425200019,1.25e-05
1778428800019,1.25e-05
1778432400006,1.25e-05
1778436000007,1.25e-05
1778439600038,2.82012e-05
1778443200068,2.66602e-05
1778446800002,1.25e-05
1778450400042,1.30916e-05
1778454000083,1.25e-05
1778457600028,1.63823e-05
1778461200001,1.25e-05
1778464800074,1.25e-05
1778468400051,1.25e-05
1778472000063,1.25e-05
1778475600064,1.25e-05
1778479200017,1.25e-05
1778482800034,1.25e-05
1778486400079,1.25e-05
1778490000051,1.25e-05
1778493600007,1.25e-05
1778497200059,1.25e-05
1778500800038,1.25e-05
1778504400052,1.25e-05
1778508000014,1.25e-05
1778511600033,1.25e-05
1778515200025,1.25e-05
1778518800005,1.25e-05
1778522400015,1.25e-05
1778526000033,1.25e-05
1778529600044,1.25e-05
1778533200034,1.25e-05
1778536800039,1.25e-05
1778540400005,1.25e-05
1778544000040,1.25e-05
1778547600019,1.25e-05
1778551200065,1.25e-05
1778554800018,1.25e-05
1778558400027,1.25e-05
1778562000020,1.25e-05
1778565600058,1.25e-05
1778569200008,1.25e-05
1778572800010,1.25e-05
1778576400005,1.25e-05
1778580000036,1.25e-05
1778583600001,1.25e-05
1778587200020,1.25e-05
1778590800033,1.25e-05
1778594400005,1.25e-05
1778598000008,1.25e-05
1778601600023,1.01797e-05
1778605200037,1.25e-05
1778608800037,1.25e-05
1778612400061,1.25e-05
1778616000021,1.25e-05
1778619600063,1.25e-05
1778623200054,1.25e-05
1778626800054,1.25e-05
1778630400016,1.25e-05
1778634000036,8.0839e-06
1778637600050,1.25e-05
1778641200058,1.25e-05
1778644800066,1.25e-05
1778648400005,1.25e-05
1778652000016,6.3662e-06
1778655600003,1.7124e-06
1778659200046,2.6333e-06
1778662800025,1.19989e-05
1778666400006,9.055e-07
1778670000013,-8.6217e-06
1778673600048,-1.85947e-05
1778677200052,-6.3112e-06
1778680800024,-7.965e-07
1778684400005,7.238e-07
1778688000041,2.5472e-06
1778691600031,1.25e-05
1778695200014,1.25e-05
1778698800037,1.25e-05
1778702400043,3.892e-06
1778706000045,-8.2e-09
1778709600004,8.934e-07
1778713200051,5.7794e-06
1778716800062,7.253e-07
1778720400013,1.1947e-05
1778724000012,1.25e-05
1778727600011,9.2156e-06
1778731200047,-5.0272e-06
1778734800013,9.1732e-06
1778738400014,6.3321e-06
1778742000043,8.2277e-06
1778745600035,-4.8477e-06
1778749200066,9.723e-07
1778752800000,1.7126e-06
1778756400034,-4.7496e-06
1778760000001,-1.32105e-05
1778763600032,-6.5242e-06
1778767200002,-3.7e-06
1778770800003,-8.5347e-06
1778774400047,7.339e-07
1778778000043,3.5736e-06
1778781600066,-4.8499e-06
1778785200050,1.25e-05
1778788800004,1.9275e-06
1778792400042,-6.0875e-06
1778796000026,9.317e-07
1778799600062,-8.554e-07
1778803200071,-9.75e-08
1778806800009,1.25e-05
1778810400030,1.19664e-05
1778814000043,8.665e-06
1778817600003,7.4434e-06
1778821200001,-7.121e-06
1778824800044,-1.13692e-05
1778828400034,-3.845e-06
1778832000064,-4.7292e-06
1778835600005,-9.602e-07
1778839200060,-3.6623e-06
1778842800038,7.033e-07
1778846400064,5.7466e-06
1778850000023,-4.0637e-06
1778853600006,-1.28738e-05
1778857200044,-3.4345e-06
1778860800007,3.1222e-06
1778864400060,1.25e-05
1778868000019,1.25e-05
1778871600018,1.25e-05
1778875200015,1.25e-05
1778878800028,-3.799e-07
1778882400049,-1.6652e-06
1778886000060,-6.4047e-06
1778889600027,1.9584e-06
1778893200021,3.1938e-06
1778896800038,4.2967e-06
1778900400011,-1.1883e-06
1778904000008,-4.4779e-06
1778907600023,-2.08924e-05
1778911200064,-1.77961e-05
1778914800006,-1.5392e-05
1778918400011,-1.55774e-05
1778922000078,-1.87026e-05
1778925600062,-2.13695e-05
1778929200002,-1.90848e-05
1778932800005,-2.04309e-05
1778936400061,-1.50632e-05
1778940000057,-2.20539e-05
1778943600025,-2.77036e-05
1778947200094,-2.09349e-05
1778950800048,-1.1915e-05
1778954400018,-7.2648e-06
1778958000075,-8.8056e-06
1778961600048,-3.9737e-06
1778965200049,1.22e-06
1778968800029,-3.0922e-06
1778972400023,-7.5914e-06
1778976000019,-9.3468e-06
1778979600017,-9.2195e-06
1778983200062,-1.23871e-05
1778986800038,-1.55034e-05
1778990400049,-8.8724e-06
1778994000018,-7.3092e-06
1778997600056,-8.3488e-06
1779001200051,-6.1728e-06
1779004800048,-1.4525e-06
1779008400010,-7.8385e-06
1779012000039,-2.4548e-06
1779015600016,1.3412e-06
1779019200014,-2.0879e-06
1779022800031,-1.3116e-06
1779026400058,-1.39056e-05
1779030000036,8.589e-07
1779033600030,6.3366e-06
1779037200025,7.1844e-06
1779040800010,6.7005e-06
1779044400032,6.4458e-06
1779048000020,7.0456e-06
1779051600040,1.15825e-05
1779055200040,9.2556e-06
1779058800035,-2.2365e-06
1779062400029,-1.45053e-05
1779066000063,-1.43887e-05
1779069600013,-6.7363e-06
1779073200036,-1.06045e-05
1779076800064,-8.2406e-06
1779080400001,-4.7606e-06
1779084000055,-1.09546e-05
1779087600056,-1.0509e-06
1779091200006,1.6656e-06
1779094800014,2.2446e-06
1779098400046,6.4971e-06
1779102000036,5.5697e-06
1779105600049,9.2353e-06
1779109200017,1.25e-05
1779112800012,4.0693e-06
1779116400010,1.01218e-05
1779120000018,1.25e-05
1779123600058,1.25e-05
1779127200004,1.25e-05
1779130800025,1.25e-05
1779134400028,1.25e-05
1779138000056,1.25e-05
1779141600030,1.25e-05
1779145200051,1.25e-05
1779148800076,1.25e-05
1779152400068,1.25e-05
1779156000015,1.25e-05
1779159600011,1.25e-05
1779163200005,1.25e-05
1779166800006,1.16284e-05
1779170400005,2.0388e-06
1779174000011,3.1058e-06
1779177600002,-4.9825e-06
1779181200038,-7.0399e-06
1779184800119,-9.6195e-06
1779188400046,-1.28546e-05
1779192000006,-1.24905e-05
1779195600004,1.25e-05
1779199200046,1.25e-05
1779202800024,4.7983e-06
1779206400021,1.13387e-05
1779210000012,1.21982e-05
1779213600033,1.25e-05
1779217200016,1.25e-05
1779220800064,1.25e-05
1779224400051,1.25e-05
1779228000037,1.25e-05
1779231600001,1.25e-05
1779235200009,1.25e-05
1779238800030,1.25e-05
1779242400030,1.25e-05
1779246000073,1.25e-05
1779249600039,3.8996e-06
1779253200020,5.5183e-06
1779256800034,8.0751e-06
1779260400054,6.0918e-06
1779264000081,3.0769e-06
1779267600011,5.1772e-06
1779271200027,4.0471e-06
1779274800044,4.4385e-06
1779278400039,3.7312e-06
1779282000022,6.005e-06
1779285600022,2.014e-06
1779289200052,1.25e-05
1779292800041,1.25e-05
1779296400014,1.25e-05
1779300000030,1.25e-05
1779303600047,1.25e-05
1779307200014,1.25e-05
1779310800054,1.25e-05
1779314400084,1.25e-05
1779318000041,1.25e-05
1779321600086,9.9212e-06
1779325200000,1.25e-05
1779328800020,1.25e-05
1779332400062,1.25e-05
1779336000053,1.25e-05
1779339600042,1.25e-05
1779343200049,1.25e-05
1779346800047,1.25e-05
1779350400055,1.25e-05
1779354000023,1.25e-05
1779357600064,1.25e-05
1779361200033,1.25e-05
1779364800034,1.14179e-05
1779368400045,1.25e-05
1779372000050,1.25e-05
1779375600017,1.25e-05
1779379200025,1.25e-05
1779382800000,1.25e-05
1779386400024,1.25e-05
1779390000021,1.25e-05
1779393600036,1.25e-05
1779397200011,1.25e-05
1779400800008,1.25e-05
1779404400065,1.25e-05
1779408000060,1.25e-05
1779411600003,1.25e-05
1779415200021,1.25e-05
1779418800022,1.25e-05
1779422400017,1.25e-05
1779426000023,1.25e-05
1779429600051,1.25e-05
1779433200006,1.25e-05
1779436800011,9.4353e-06
1779440400045,1.25e-05
1779444000026,1.1672e-05
1779447600051,1.22469e-05
1779451200027,1.25e-05
1779454800050,1.25e-05
1779458400017,1.25e-05
1779462000066,1.15582e-05
1779465600062,1.25e-05
1779469200029,1.25e-05
1779472800016,1.25e-05
1779476400007,8.7827e-06
1779480000011,1.25e-05
1779483600002,1.25e-05
1779487200000,1.25e-05
1779490800031,1.25e-05
1779494400006,8.7226e-06
1779498000002,-7.6363e-06
1779501600041,-9.8152e-06
1779505200019,-1.60121e-05
1779508800053,-4.8136e-06
1779512400048,-2.1172e-06
1779516000036,-1.02358e-05
1779519600066,-9.9698e-06
1779523200034,-3.00646e-05
1779526800067,-3.21821e-05
1779530400023,-3.17761e-05
1779534000030,-4.10871e-05
1779537600039,-4.47915e-05
1779541200035,-4.92984e-05
1779544800062,-3.53942e-05
1779548400004,-1.77346e-05
1779552000017,-8.15e-06
1779555600014,-9.377e-06
1779559200068,-1.42682e-05
1779562800020,3.303e-07
1779566400058,-1.903e-06
1779570000077,3.863e-06
1779573600025,5.7826e-06
1779577200064,-8.3608e-06
1779580800038,-1.79282e-05
1779584400045,-5.6634e-06
1779588000010,6.8256e-06
1779591600005,-5.8259e-06
1779595200011,-8.5454e-06
1779598800055,1.7066e-06
1779602400049,2.0115e-06
1779606000038,9.4828e-06
1779609600034,1.25e-05
1779613200048,1.25e-05
1779616800040,1.25e-05
1779620400057,9.614e-06
1779624000043,1.25e-05
1779627600052,2.413e-07
1779631200052,-2.3054e-06
1779634800032,2.9161e-06
1779638400024,-4.3589e-06
1779642000003,7.6839e-06
1779645600030,1.25e-05
1779649200041,5.669e-06
1779652800000,-1.2418e-05
1779656400064,-1.26445e-05
1779660000015,5.7019e-06
1779663600033,1.7269e-06
1779667200025,6.724e-07
1779670800064,-1.7019e-06
1779674400016,-1.19421e-05
1779678000050,-1.41229e-05
1779681600031,-2.42739e-05
1779685200047,-1.72122e-05
1779688800042,-1.5673e-06
1779692400052,-3.5211e-06
1779696000016,-1.03368e-05
1779699600028,-1.2088e-06
1779703200021,5.1279e-06
1779706800006,6.0514e-06
1779710400041,6.4182e-06
1779714000008,7.8318e-06
1779717600059,-8.692e-07
1779721200007,1.25e-05
1779724800039,8.0593e-06
1779728400058,6.2529e-06
1779732000047,7.2772e-06
1779735600032,5.9152e-06
1779739200052,5.1917e-06
1779742800018,5.4802e-06
1779746400006,-2.2685e-06
1779750000026,-2.0017e-06
1779753600040,-1.037e-06
1779757200062,4.2677e-06
1779760800054,-1.49697e-05
1779764400003,-2.51267e-05
1779768000070,-2.26559e-05
1779771600065,-1.31405e-05
1779775200000,-6.2477e-06
1779778800049,-1.79195e-05
1779782400058,-1.94608e-05
1779786000057,-1.19717e-05
1779789600044,-6.9295e-06
1779793200020,5.5492e-06
1779796800014,3.447e-06
1779800400069,7.2701e-06
1779804000051,1.1424e-05
1779807600029,6.7021e-06
1779811200057,1.25e-05
1779814800064,-5.6209e-06
1779818400049,-1.04586e-05
1779822000056,-9.4539e-06
1779825600058,-1.72298e-05
1779829200049,-6.742e-06
1779832800001,-7.6893e-06
1779836400051,-1.15298e-05
1779840000065,-2.94381e-05
1779843600008,-1.88812e-05
1779847200053,-8.2742e-06
1779850800017,-6.1015e-06
1779854400028,-9.0377e-06
1779858000014,-6.8524e-06
1779861600071,-3.5095e-06
1779865200045,-6.9658e-06
1779868800033,1.1967e-06
1779872400026,1.437e-06
1779876000049,6.5792e-06
1779879600070,6.3874e-06
1779883200022,1.02428e-05
1779886800017,1.04117e-05
1779890400009,-4.2786e-06
1779894000023,9.6462e-06
1779897600056,1.25e-05
1779901200002,8.9225e-06
1779904800010,-3.21e-08
1779908400031,7.1245e-06
1779912000047,1.16499e-05
1779915600032,6.7328e-06
1779919200045,-2.3366e-06
1779922800042,-1.43624e-05
1779926400013,-2.25461e-05
1779930000013,-1.66076e-05
1779933600044,-7.2553e-06
1779937200040,-8.8494e-06
1779940800023,-3.7697e-06
1779944400005,-6.5423e-06
1779948000060,1.0823e-06
1779951600067,-8.8379e-06
1779955200036,-2.26287e-05
1779958800022,-1.75527e-05
1779962400054,-1.30981e-05
1779966000027,-4.9553e-06
1779969600003,-6.9708e-06
1779973200059,-1.5433e-06
1779976800011,-3.2985e-06
1779980400054,1.0755e-06
1779984000085,3.698e-07
1779987600054,9.6699e-06
1779991200081,1.25e-05
1779994800045,1.25e-05
1779998400024,1.25e-05
1780002000054,1.25e-05
1780005600057,1.25e-05
1780009200062,1.25e-05
1780012800066,1.25e-05
1780016400046,1.25e-05
1780020000003,1.25e-05
1780023600035,1.25e-05
1780027200041,1.25e-05
1780030800056,1.25e-05
1780034400048,1.25e-05
1780038000013,1.25e-05
1780041600008,1.25e-05
1780045200061,1.25e-05
1780048800035,1.25e-05
1780052400034,1.25e-05
1780056000030,1.25e-05
1780059600037,1.25e-05
1780063200045,1.25e-05
1780066800047,1.25e-05
1780070400042,1.25e-05
1780074000070,1.25e-05
1780077600058,1.25e-05
1780081200015,1.25e-05
1780084800023,1.25e-05
1780088400009,1.25e-05
1780092000051,1.25e-05
1780095600004,1.25e-05
1780099200028,1.25e-05
1780102800060,1.25e-05
1780106400046,1.25e-05
1780110000016,1.25e-05
1780113600011,1.25e-05
1780117200025,1.25e-05
1780120800060,2.1025e-06
1780124400054,4.3818e-06
1780128000009,2.1158e-06
1780131600066,-1.0123e-06
1780135200023,-2.4224e-06
1780138800024,-1.1517e-06
1780142400050,-3.924e-06
1780146000053,-4.9244e-06
1780149600049,-4.0879e-06
1780153200029,2.8145e-06
1780156800037,7.3218e-06
1780160400070,1.25e-05
1780164000038,1.25e-05
1780167600053,1.08443e-05
1780171200009,6.5226e-06
1780174800027,2.1869e-06
1780178400060,1.25e-05
1780182000030,9.7415e-06
1780185600055,1.25e-05
1780189200031,1.25e-05
1780192800062,1.25e-05
1780196400003,1.25e-05
1780200000040,1.25e-05
1780203600014,1.25e-05
1780207200012,1.25e-05
1780210800007,1.25e-05
1780214400066,1.25e-05
1780218000025,1.25e-05
1780221600045,1.25e-05
1780225200064,1.25e-05
1780228800048,1.25e-05
1780232400065,1.25e-05
1780236000044,1.25e-05
1780239600067,1.25e-05
1780243200042,1.25e-05
1780246800009,3.3125e-06
1780250400037,1.25e-05
1780254000023,1.25e-05
1780257600049,1.18881e-05
1780261200008,7.4697e-06
1780264800006,1.25e-05
1780268400059,1.25e-05
1780272000050,1.25e-05
1780275600010,1.25e-05
1780279200046,1.25e-05
1780282800011,1.25e-05
1780286400002,1.25e-05
1780290000044,1.25e-05
1780293600037,3.0338e-06
1780297200013,2.4366e-06
1780300800010,-1.2536e-06
1780304400047,1.3082e-06
1780308000040,-4.846e-07
1780311600055,9.1136e-06
1780315200049,1.25e-05
1780318800049,1.25e-05
1780322400037,1.25e-05
1780326000039,2.1294e-06
1780329600001,1.25e-05
1780333200058,7.1798e-06
1780336800025,1.25e-05
1780340400027,1.25e-05
1780344000058,1.25e-05
1780347600055,1.25e-05
1780351200044,1.25e-05
1780354800015,1.25e-05
1780358400016,1.25e-05
1780362000049,1.25e-05
1780365600054,1.25e-05
1780369200062,1.25e-05
1780372800063,1.25e-05
1780376400058,1.25e-05
1780380000028,1.25e-05
1780383600028,3.4291e-06
1780387200005,1.0974e-06
1780390800004,9.3736e-06
1780394400060,-7.7374e-06
1780398000048,-3.7695e-06
1780401600006,1.691e-06
1780405200077,1.6755e-06
1780408800037,4.1632e-06
1780412400036,-7.7114e-06
1780416000038,-1.46829e-05
1780419600008,-3.1735e-06
1780423200014,-1.63552e-05
1780426800026,-1.19272e-05
1780430400012,-2.4116e-05
1780434000028,-1.72696e-05
1780437600035,-9.7206e-06
1780441200004,-2.45715e-05
1780444800019,-2.72962e-05
1780448400036,-1.78355e-05
1780452000062,-1.66211e-05
1780455600014,-1.97163e-05
1780459200013,-2.37833e-05
1780462800067,2.6232e-06
1780466400063,7.009e-07
1780470000027,-1.6641e-06
1780473600040,2.9047e-06
1780477200040,-4.57e-08
1780480800062,-4.9997e-06
1780484400013,1.00215e-05
1780488000046,1.0968e-05
1780491600050,-1.6646e-06
1780495200007,-2.1385e-06
1780498800049,-2.42724e-05
1780502400028,-2.88679e-05
1780506000013,-3.13661e-05
1780509600020,-1.14515e-05
1780513200000,-5.3108e-06
1780516800019,-1.25588e-05
1780520400009,-1.14407e-05
1780524000056,-9.0594e-06
1780527600002,6.6593e-06
1780531200032,4.3421e-06
1780534800002,4.7471e-06
1780538400047,-1.87182e-05
1780542000080,-1.90413e-05
1780545600010,-1.54332e-05
1780549200076,-3.30149e-05
1780552800007,-1.07903e-05
1780556400059,6.3579e-06
1780560000004,-6.691e-07
1780563600027,-1.06048e-05
1780567200015,-1.38917e-05
1780570800025,-1.18325e-05
1780574400078,-8.1038e-06
1780578000006,7.3117e-06
1780581600014,-1.8167e-06
1780585200006,5.0399e-06
1780588800043,1.25e-05
1780592400015,8.8192e-06
1780596000073,1.25e-05
1780599600000,9.6851e-06
1780603200031,1.25e-05
1780606800063,-8.8788e-06
1780610400059,-1.72881e-05
1780614000046,-1.1392e-05
1780617600043,-6.7074e-06
1780621200052,-6.5645e-06
1780624800003,-1.55359e-05
1780628400006,-3.15453e-05
1780632000016,-3.37593e-05
1780635600021,-3.1742e-05
1780639200019,-2.61697e-05
1780642800021,-3.97565e-05
1780646400042,-2.53971e-05
1780650000016,-2.6777e-05
1780653600050,-2.16253e-05
1780657200006,-4.1768e-06
1780660800000,-5.3135e-06
1780664400043,-1.53064e-05
1780668000000,-6.7106e-06
1780671600009,-4.9212e-06
1780675200015,-1.08931e-05
1780678800002,8.5336e-06
1780682400016,1.03986e-05
1780686000012,-2.48026e-05
1780689600028,-3.70054e-05
1780693200020,6.7306e-06
1780696800051,1.25e-05
1780700400054,3.8633e-06
1780704000050,-1.22439e-05
1780707600030,-1.63578e-05
1780711200008,-2.60964e-05
1780714800034,-2.86459e-05
1780718400023,-3.73767e-05
1780722000060,-5.20237e-05
1780725600032,-5.51296e-05
1780729200001,-3.2484e-05
1780732800036,-2.23247e-05
1780736400036,-1.97743e-05
1780740000063,-1.61131e-05
1780743600048,-4.61963e-05
1780747200046,-4.63124e-05
1780750800048,-4.90173e-05
1780754400030,-4.40114e-05
1780758000011,-2.89015e-05
1780761600033,-1.85832e-05
1780765200057,-4.9872e-06
1780768800049,-3.7122e-06
1780772400038,-5.935e-07
1780776000003,2.93e-08
1780779600065,-3.9698e-06
1780783200025,5.1208e-06
1780786800050,-4.7426e-06
1780790400085,-6.3155e-06
1780794000004,-6.2194e-06
1780797600006,9.1401e-06
1780801200040,1.14696e-05
1780804800034,4.7458e-06
1780808400000,-2.9337e-06
1780812000055,-7.1803e-06
1780815600034,-4.2317e-06
1780819200059,-1.21071e-05
1780822800063,-2.17715e-05
1780826400024,-4.31299e-05
1780830000042,-6.31279e-05
1780833600010,-6.28872e-05
1780837200027,-6.62585e-05
1780840800030,-3.98397e-05
1780844400011,-4.1242e-05
1780848000011,-4.98174e-05
1780851600053,-3.99346e-05
1780855200001,-2.32951e-05
1780858800055,-2.61327e-05
1780862400046,-4.54164e-05
1780866000028,-2.87057e-05
1780869600052,-2.56948e-05
1780873200003,-7.0674e-06
1780876800034,-9.0499e-06
1780880400034,-4.7077e-06
1780884000011,-2.94461e-05
1780887600005,-3.03847e-05
1780891200025,-4.09706e-05
1780894800046,-3.62296e-05
1780898400031,-3.0201e-05
1780902000063,-2.81632e-05
1780905600003,-2.27996e-05
1780909200009,-2.05899e-05
1780912800047,-1.29472e-05
1780916400017,-2.30342e-05
1780920000056,-4.3924e-06
1780923600057,-1.7006e-06
1780927200035,-1.11624e-05
1780930800045,5.1855e-06
1780934400055,1.25e-05
1780938000075,1.08207e-05
1780941600012,2.2134e-06
1780945200027,-7.6513e-06
1780948800032,3.1946e-06
1780952400056,-6.4599e-06
1780956000019,1.0272e-05
1780959600022,-7.5687e-06
1780963200005,-1.44072e-05
1780966800014,-2.19148e-05
1780970400051,-1.76599e-05
1780974000043,-1.57559e-05
1780977600002,-1.72546e-05
1780981200011,-5.7732e-06
1780984800060,7.6712e-06
1780988400027,7.2205e-06
1780992000081,2.5367e-06
1780995600001,-1.1131e-05
1780999200031,-1.20919e-05
1781002800067,-1.51587e-05
1781006400036,-1.42333e-05
1781010000031,-4.7909e-06
1781013600014,-1.34764e-05
1781017200029,-1.7027e-05
1781020800059,-2.54511e-05
1781024400048,-2.0535e-05
1781028000032,4.4401e-06
1781031600014,-5.8011e-06
1781035200045,-2.9495e-06
1781038800056,-1.5863e-06
1781042400063,-1.19267e-05
1781046000059,-1.61628e-05
1781049600070,-2.27007e-05
1781053200000,-8.7651e-06
1781056800069,-1.32126e-05
1781060400030,-2.64082e-05
1781064000056,-2.61434e-05
1781067600003,-2.85525e-05
1781071200052,-3.38918e-05
1781074800059,-2.26189e-05
1781078400060,-1.67407e-05
1781082000053,-1.87943e-05
1781085600013,-1.93984e-05
1781089200011,-2.432e-06
1781092800032,1.25e-05
1781096400058,1.25e-05
1781100000031,1.17562e-05
1781103600057,5.727e-06
1781107200069,-1.0545e-06
1781110800012,-3.5969e-06
1781114400035,-1.19456e-05
1781118000046,-8.5833e-06
1781121600093,-7.2238e-06
1781125200023,-1.59999e-05
1781128800019,-2.4945e-05
1781132400077,-2.0995e-05
1781136000009,-1.05714e-05
1781139600039,-3.2311e-06
1781143200020,6.8507e-06
1781146800013,9.4528e-06
1781150400009,1.04945e-05
1781154000046,1.25e-05
1781157600039,4.0803e-06
1781161200008,9.4392e-06
1781164800045,8.7206e-06
1781168400054,1.25e-05
1781172000038,1.25e-05
1781175600033,1.25e-05
1781179200033,1.25e-05
1781182800055,8.9626e-06
1781186400020,3.9895e-06
1781190000013,9.7345e-06
1781193600017,3.2276e-06
1781197200083,1.0049e-06
1781200800016,8.2092e-06
1781204400018,6.8292e-06
1781208000005,2.1624e-06
1781211600036,-6.3052e-06
1781215200073,-3.914e-06
1781218800052,-6.3192e-06
1781222400013,-8.4392e-06
1781226000025,-1.00958e-05
1781229600033,-1.43029e-05
1781233200057,-1.35314e-05
1781236800009,-1.71022e-05
1781240400001,-1.07662e-05
1781244000056,-1.09464e-05
1781247600027,-9.0433e-06
1781251200035,-7.6646e-06
1781254800010,3.7135e-06
1781258400015,9.0458e-06
1781262000055,1.25e-05
1781265600007,1.25e-05
1781269200010,5.1515e-06
1781272800052,3.5834e-06
1781276400064,1.02098e-05
1781280000005,-6.9221e-06
1781283600011,-8.9339e-06
1781287200044,-3.4059e-06
1781290800018,-1.01546e-05
1781294400007,-2.3505e-06
1781298000026,-7.1634e-06
1781301600022,-1.05795e-05
1781305200025,-1.58756e-05
1781308800034,-1.71496e-05
1781312400044,-1.44696e-05
1781316000044,-1.05318e-05
1781319600000,3.711e-07
1781323200040,-6.1586e-06
1781326800006,-5.683e-06
1781330400043,7.01e-08
1781334000030,6.329e-06
1781337600040,7.3558e-06
1781341200053,8.7737e-06
1781344800009,-3.4946e-06
1781348400051,1.07551e-05
1781352000000,1.22364e-05
1781355600021,1.25e-05
1781359200056,1.25e-05
1781362800009,1.25e-05
1781366400004,1.25e-05
1781370000036,1.25e-05
1781373600014,1.25e-05
1781377200021,1.25e-05
1781380800035,1.06504e-05
1781384400042,1.09619e-05
1781388000013,1.25e-05
1781391600023,1.25e-05
1781395200001,9.3433e-06
1781398800042,6.5487e-06
1781402400025,1.02308e-05
1781406000005,1.25e-05
1781409600004,1.25e-05
1781413200060,1.25e-05
1781416800020,1.25e-05
1781420400012,1.25e-05
1781424000012,1.25e-05
1781427600044,1.02018e-05
1781431200035,5.5826e-06
1781434800048,7.6188e-06
1781438400020,8.7567e-06
1781442000056,4.9204e-06
1781445600060,4.6689e-06
1781449200056,3.0039e-06
1781452800021,5.6653e-06
1781456400045,1.15077e-05
1781460000069,-1.353e-07
1781463600035,-4.3475e-06
1781467200066,9.44e-07
1781470800006,-5.2251e-06
1781474400000,1.25e-05
1781478000037,1.25e-05
1781481600049,1.25e-05
1781485200042,1.25e-05
1781488800063,1.25e-05
1781492400033,1.25e-05
1781496000023,1.25e-05
1781499600034,1.25e-05
1781503200000,1.25e-05
1781506800033,1.25e-05
1781510400043,1.25e-05
1781514000039,1.25e-05
1781517600048,1.25e-05
1781521200029,1.25e-05
1781524800000,1.25e-05
1781528400063,1.25e-05
1781532000031,1.25e-05
1781535600041,4.2986e-06
1781539200005,3.7746e-06
1781542800050,7.7111e-06
1781546400012,1.25e-05
1781550000021,6.6293e-06
1781553600038,1.13204e-05
1781557200032,4.1943e-06
1781560800024,2.6998e-06
1781564400029,1.6019e-06
1781568000049,5.7485e-06
1781571600062,1.13289e-05
1781575200020,1.25e-05
1781578800030,-9.943e-07
1781582400067,6.1316e-06
1781586000040,8.0411e-06
1781589600054,9.5734e-06
1781593200002,1.03478e-05
1781596800014,1.25e-05
1781600400032,1.25e-05
1781604000053,1.25e-05
1781607600052,1.25e-05
1781611200012,1.25e-05
1781614800018,1.25e-05
1781618400003,1.25e-05
1781622000025,3.065e-07
1781625600006,4.7562e-06
1781629200014,-2.9567e-06
1781632800055,1.0389e-06
1781636400059,1.25e-05
1781640000016,3.5265e-06
1781643600008,4.6142e-06
1781647200006,4.5215e-06
1781650800065,1.1672e-06
1781654400032,-4.8022e-06
1781658000044,4.9251e-06
1781661600023,4.8813e-06
1781665200051,-1.8102e-06
1781668800000,-6.8821e-06
1781672400013,-6.3448e-06
1781676000002,-4.8676e-06
1781679600050,-2.3583e-06
1781683200007,-2.3127e-06
1781686800041,-1.16536e-05
1781690400045,-4.9373e-06
1781694000045,-4.6715e-06
1781697600050,-1.26841e-05
1781701200010,-9.2483e-06
1781704800055,-7.2088e-06
1781708400065,-1.8111e-06
1781712000021,9.7054e-06
1781715600008,1.25e-05
1781719200085,1.25e-05
1781722800014,1.25e-05
1781726400002,-5.952e-06
1781730000044,-1.3771e-06
1781733600055,-3.5284e-06
1781737200018,-1.68727e-05
1781740800025,-1.36494e-05
1781744400017,-6.7517e-06
1781748000016,-6.5416e-06
1781751600014,-7.1954e-06
1781755200006,-1.96696e-05
1781758800058,-2.45687e-05
1781762400043,-2.07173e-05
1781766000049,-1.73065e-05
1781769600053,-1.17469e-05
1781773200012,2.3998e-06
1781776800028,1.25e-05
1781780400027,1.25e-05
1781784000055,7.804e-06
1781787600033,3.6308e-06
1781791200057,-2.986e-07
1781794800016,-2.347e-06
1781798400053,1.25e-05
1781802000046,1.25e-05
1781805600046,7.8789e-06
1781809200059,1.25e-05
1781812800014,1.25e-05
1781816400066,-4.11e-08
1781820000060,3.9303e-06
1781823600062,6.46e-06
1781827200011,6.4825e-06
1781830800007,1.7178e-06
1781834400023,-1.8196e-06
1781838000002,-1.7083e-06
1781841600042,-9.3274e-06
1781845200002,-2.095e-07
1781848800022,4.5014e-06
1781852400062,7.9456e-06
1781856000051,4.6656e-06
1781859600032,-4.3083e-06
1781863200018,-9.4923e-06
1781866800000,-3.5079e-06
1781870400053,-4.5915e-06
1781874000015,5.947e-07
1781877600037,2.9766e-06
1781881200043,1.08496e-05
1781884800032,1.25e-05
1781888400013,7.537e-07
1781892000044,1.65e-06
1781895600013,4.7636e-06
1781899200028,7.3167e-06
1781902800023,6.0923e-06
1781906400007,2.8068e-06
1781910000072,6.693e-06
1781913600067,1.08149e-05
1781917200031,1.25e-05
1781920800026,1.25e-05
1781924400064,1.25e-05
1781928000056,1.25e-05
1781931600023,1.25e-05
1781935200048,1.25e-05
1781938800021,1.25e-05
1781942400036,1.25e-05
1781946000017,1.25e-05
1781949600001,1.25e-05
1781953200008,1.25e-05
1781956800010,1.25e-05
1781960400008,1.25e-05
1781964000023,1.25e-05
1781967600024,1.25e-05
1781971200039,1.25e-05
1781974800006,1.25e-05
1781978400046,1.25e-05
1781982000017,1.25e-05
1781985600032,1.25e-05
1781989200043,1.25e-05
1781992800059,1.25e-05
1781996400038,1.25e-05
1782000000047,1.25e-05
1782003600035,1.25e-05
1782007200009,1.25e-05
1782010800033,1.25e-05
1782014400034,1.25e-05
1782018000004,1.25e-05
1782021600025,1.25e-05
1782025200043,1.25e-05
1782028800033,1.25e-05
1782032400005,1.25e-05
1782036000020,1.25e-05
1782039600040,1.25e-05
1782043200044,1.25e-05
1782046800053,1.25e-05
1782050400007,1.25e-05
1782054000003,1.25e-05
1782057600030,1.25e-05
1782061200007,1.25e-05
1782064800046,1.25e-05
1782068400029,1.25e-05
1782072000036,1.25e-05
1782075600057,1.25e-05
1782079200077,-1.8003e-06
1782082800061,1.15227e-05
1782086400011,2.3322e-06
1782090000019,9.0009e-06
1782093600074,1.25e-05
1782097200037,1.25e-05
1782100800020,-4.8925e-06
1782104400054,-3.8433e-06
1782108000033,-2.7511e-06
1782111600031,-1.9525e-06
1782115200054,8.3584e-06
1782118800012,6.3077e-06
1782122400040,8.814e-07
1782126000045,-1.7805e-06
1782129600028,1.17548e-05
1782133200062,1.25e-05
1782136800004,1.25e-05
1782140400009,-1.2294e-05
1782144000016,-1.35421e-05
1782147600020,-8.4033e-06
1782151200035,-5.382e-07
1782154800028,-1.8493e-06
1782158400037,-5.8041e-06
1782162000027,1.414e-07
1782165600001,-4.4988e-06
1782169200047,5.3223e-06
1782172800019,-6.0026e-06
1782176400050,-8.7734e-06
1782180000059,-7.0728e-06
1782183600043,-1.04703e-05
1782187200043,-1.00063e-05
1782190800000,1.0284e-05
1782194400028,-8.9919e-06
1782198000005,-2.53845e-05
1782201600004,-2.22866e-05
1782205200027,-9.66794e-05
1782208800015,-8.0051e-05
1782212400038,-6.74822e-05
1782216000032,-5.64641e-05
1782219600064,-5.33839e-05
1782223200005,-4.77881e-05
1782226800068,-3.3492e-05
1782230400018,-5.98314e-05
1782234000004,-4.5293e-05
1782237600057,-3.95049e-05
1782241200036,-3.25572e-05
1782244800052,-2.97238e-05
1782248400041,-2.40237e-05
1782252000077,-2.67267e-05
1782255600017,-1.65879e-05
1782259200059,-1.56967e-05
1782262800007,-1.43351e-05
1782266400045,-1.09503e-05
1782270000043,-1.70724e-05
1782273600009,-2.24577e-05
1782277200004,-1.98121e-05
1782280800031,-9.6601e-06
1782284400002,-1.76385e-05
1782288000010,-2.72175e-05
1782291600011,-2.25202e-05
1782295200043,-1.0794e-06
1782298800026,-2.5878e-06
1782302400040,8.996e-07
1782306000010,1.24529e-05
1782309600048,-4.8858e-06
1782313200052,-1.19764e-05
1782316800060,-2.33007e-05
1782320400011,-2.57479e-05
1782324000061,-4.76871e-05
1782327600107,-3.88734e-05
1782331200013,-3.29736e-05
1782334800057,-1.00102e-05
1782338400034,-1.73858e-05
1782342000012,-1.96975e-05
1782345600020,-9.0415e-06
1782349200006,-1.41186e-05
1782352800035,-1.45021e-05
1782356400010,-2.08675e-05
1782360000019,-2.34471e-05
1782363600009,-2.64405e-05
1782367200044,-1.64048e-05
1782370800021,-1.17965e-05
1782374400066,-1.14869e-05
1782378000009,-2.1111e-06
1782381600040,-3.3399e-06
1782385200059,-1.26675e-05
1782388800013,-2.27683e-05
1782392400054,-1.39792e-05
1782396000004,-1.4888e-05
1782399600031,-1.96318e-05
1782403200049,-1.88887e-05
1782406800028,-1.23881e-05
1782410400008,9.159e-07
1782414000054,-5.3723e-06
1782417600025,-5.268e-07
1782421200001,1.4218e-06
1782424800049,1.06206e-05
1782428400053,1.25e-05
1782432000043,1.25e-05
1782435600034,1.25e-05
1782439200084,6.7053e-06
1782442800008,-1.1e-07
1782446400013,1.25e-05
1782450000010,6.0294e-06
1782453600030,6.8258e-06
1782457200029,1.01852e-05
1782460800070,1.25e-05
1782464400001,1.25e-05
1782468000009,1.25e-05
1782471600032,8.9726e-06
1782475200076,1.03262e-05
1782478800058,1.25e-05
1782482400025,1.25e-05
1782486000036,1.25e-05
1782489600035,1.25e-05
1782493200027,1.25e-05
1782496800042,1.25e-05
1782500400058,9.8291e-06
1782504000001,1.25e-05
1782507600081,-2.8564e-06
1782511200052,3.7371e-06
1782514800072,1.5121e-06
1782518400047,8.9503e-06
1782522000061,6.6377e-06
1782525600033,-6.2986e-06
1782529200064,-1.3174e-06
1782532800005,-5.502e-07
1782536400052,3.1255e-06
1782540000003,-3.067e-07
1782543600022,-2.7882e-06
1782547200062,5.4895e-06
1782550800001,1.16226e-05
1782554400064,5.896e-06
1782558000032,6.4062e-06
1782561600003,3.405e-06
1782565200057,-2.477e-07
1782568800038,1.2513e-06
1782572400065,1.25e-05
1782576000043,1.10501e-05
1782579600058,1.25e-05
1782583200108,1.25e-05
1782586800053,5.1431e-06
1782590400044,8.4996e-06
1782594000058,7.1103e-06
1782597600021,3.2586e-06
1782601200040,-1.74385e-05
1782604800067,-2.14712e-05
1782608400011,-1.64952e-05
1782612000060,-7.2342e-06
1782615600023,-5.5684e-06
1782619200024,-2.4736e-06
1782622800062,-1.51058e-05
1782626400048,-1.56192e-05
1782630000131,-8.9748e-06
1782633600007,3.1666e-06
1782637200030,1.25e-05
1782640800008,5.5166e-06
1782644400056,-3.623e-07
1782648000000,1.25e-05
1782651600035,6.7834e-06
1782655200057,9.3188e-06
1782658800011,9.506e-06
1782662400009,7.4172e-06
1782666000008,2.1844e-06
1782669600035,-1.19606e-05
1782673200062,-1.46054e-05
1782676800011,-2.2465e-05
1782680400003,-1.1943e-05
1782684000039,4.192e-06
1782687600013,-5.5427e-06
1782691200001,-2.345e-06
1782694800041,3.9345e-06
1782698400037,1.25e-05
1782702000024,1.2693e-06
1782705600028,1.25e-05
1782709200033,7.585e-06
1782712800084,-1.0844e-06
1782716400013,1.21331e-05
1782720000021,1.20257e-05
1782723600032,2.5603e-06
1782727200059,5.2396e-06
1782730800002,6.745e-06
1782734400034,1.03526e-05
1782738000037,1.25e-05
1782741600097,8.253e-06
1782745200041,4.3953e-06
1782748800009,1.05892e-05
1782752400026,1.25e-05
1782756000054,1.25e-05
1782759600032,1.25e-05
1782763200010,1.25e-05
1782766800059,1.25e-05
1782770400020,1.25e-05
1782774000049,1.25e-05
1782777600028,1.25e-05
1782781200022,1.25e-05
1782784800047,1.25e-05
1782788400041,1.25e-05
1782792000028,1.25e-05
1782795600052,1.25e-05
1782799200065,1.25e-05
1782802800042,1.25e-05
1782806400071,1.25e-05
1782810000015,1.25e-05
1782813600034,1.25e-05
1782817200061,1.25e-05
1782820800037,1.25e-05
1782824400033,1.25e-05
1782828000043,1.25e-05
1782831600058,1.25e-05
1782835200010,1.10005e-05
1782838800028,1.25e-05
1782842400014,1.25e-05
1782846000063,1.25e-05
1782849600065,1.25e-05
1782853200051,1.25e-05
1782856800045,1.25e-05
1782860400048,1.25e-05
1782864000063,1.25e-05
1782867600046,1.25e-05
1782871200018,1.25e-05
1782874800011,1.25e-05
1782878400001,1.25e-05
1782882000000,1.25e-05
1782885600001,1.25e-05
1782889200022,1.25e-05
1782892800065,1.25e-05
1782896400040,1.25e-05
1782900000048,1.25e-05
1782903600001,1.25e-05
1782907200044,1.25e-05
1782910800001,3.7897e-06
1782914400006,1.25e-05
1782918000012,1.25e-05
1782921600045,1.25e-05
1782925200022,1.25e-05
1782928800061,1.25e-05
1782932400036,1.1012e-05
1782936000005,1.25e-05
1782939600007,1.25e-05
1782943200086,1.25e-05
1782946800056,1.25e-05
1782950400074,1.25e-05
1782954000014,1.25e-05
1782957600020,1.25e-05
1782961200070,1.25e-05
1782964800033,1.25e-05
1782968400047,1.25e-05
1782972000007,1.25e-05
1782975600011,1.25e-05
1782979200014,1.25e-05
1782982800010,1.25e-05
1782986400006,1.25e-05
1782990000037,1.25e-05
1782993600030,1.25e-05
1782997200027,1.25e-05
1783000800025,1.30583e-05
1783004400055,1.25e-05
1783008000068,1.25e-05
1783011600026,1.25e-05
1783015200007,1.25e-05
1783018800044,1.29892e-05
1783022400007,1.40491e-05
1783026000031,1.25e-05
1783029600025,1.25e-05
1783033200029,1.25e-05
1783036800018,1.25e-05
1783040400017,1.25e-05
1783044000081,1.25e-05
1783047600031,1.25e-05
1783051200034,1.25e-05
1783054800012,1.25e-05
1783058400078,1.25e-05
1783062000025,1.25e-05
1783065600049,1.25e-05
1783069200022,1.25e-05
1783072800017,1.25e-05
1783076400042,1.25e-05
1783080000004,1.25e-05
1783083600007,1.25e-05
1783087200011,1.25e-05
1783090800026,1.25e-05
1783094400062,1.25e-05
1783098000007,1.25e-05
1783101600046,1.25e-05
1783105200040,1.25e-05
1783108800014,1.25e-05
1783112400013,1.25e-05
1783116000049,1.25e-05
1783119600014,1.25e-05
1783123200014,1.25e-05
1783126800023,1.25e-05
1783130400022,1.25e-05
1783134000012,1.25e-05
1783137600074,1.25e-05
1783141200064,1.25e-05
1783144800006,1.25e-05
1783148400009,1.25e-05
1783152000041,1.25e-05
1783155600033,1.25e-05
1783159200068,1.25e-05
1783162800049,1.25e-05
1783166400014,1.25e-05
1783170000049,1.25e-05
1783173600051,1.25e-05
1783177200083,1.25e-05
1783180800074,1.25e-05
1783184400031,1.25e-05
1783188000016,1.25e-05
1783191600033,1.25e-05
1783195200036,1.25e-05
1783198800023,1.25e-05
1783202400015,1.25e-05
1783206000021,1.25e-05
1783209600077,1.25e-05
1783213200057,1.25e-05
1783216800021,1.25e-05
1783220400031,1.25e-05
1783224000046,1.25e-05
1783227600013,1.25e-05
1783231200042,1.25e-05
1783234800059,1.25e-05
1783238400002,1.25e-05
1783242000041,1.25e-05
1783245600044,1.25e-05
1783249200023,1.25e-05
1783252800030,1.25e-05
1783256400036,1.25e-05
1783260000038,1.25e-05
1783263600031,1.25e-05
1783267200001,1.06275e-05
1783270800030,1.18695e-05
1783274400013,9.2299e-06
1783278000023,8.8281e-06
1783281600039,1.03182e-05
1783285200043,9.2573e-06
1783288800042,1.25e-05
1783292400024,1.25e-05
1783296000026,1.25e-05
1783299600010,1.25e-05
1783303200061,1.25e-05
1783306800027,1.25e-05
1783310400055,1.25e-05
1783314000021,1.25e-05
1783317600057,1.25e-05
1783321200035,1.25e-05
1783324800012,1.25e-05
1783328400015,1.25e-05
1783332000027,1.25e-05
1783335600052,1.25e-05
1783339200006,1.25e-05
1783342800006,1.25e-05
1783346400030,1.25e-05
1783350000126,1.25e-05
1783353600080,1.25e-05
1783357200022,1.25e-05
1783360800024,1.25e-05
1783364400057,1.25e-05
1783368000066,1.25e-05
1783371600039,1.25e-05
1783375200063,1.25e-05
1783378800027,1.25e-05
1783382400045,1.25e-05
1783386000016,1.25e-05
1783389600038,1.25e-05
1783393200016,1.25e-05
1783396800040,1.25e-05
1783400400044,1.25e-05
1783404000057,1.25e-05
1783407600030,1.25e-05
1783411200059,1.25e-05
1783414800050,1.25e-05
1783418400014,1.25e-05
1783422000093,1.15431e-05
1783425600031,1.01461e-05
1783429200060,6.2706e-06
1783432800064,1.25e-05
1783436400094,1.25e-05
1783440000045,1.25e-05
1783443600069,1.25e-05
1783447200007,1.25e-05
1783450800045,1.25e-05
1783454400007,1.25e-05
1783458000010,1.25e-05
1783461600012,1.1621e-05
1783465200057,5.9582e-06
1783468800001,-1.0848e-06
1783472400064,-5.2527e-06
1783476000004,-4.951e-06
1783479600071,-1.01769e-05
1783483200037,-8.2174e-06
1783486800031,-9.3236e-06
1783490400060,-7.686e-06
1783494000053,-1.04324e-05
1783497600050,1.06543e-05
1783501200088,1.25e-05
1783504800012,1.25e-05
1783508400026,1.25e-05
1783512000007,9.9145e-06
1783515600036,5.4109e-06
1783519200017,1.17591e-05
1783522800041,1.25e-05
1783526400052,1.25e-05
1783530000041,1.25e-05
1783533600123,1.25e-05
1783537200005,1.25e-05
1783540800010,1.25e-05
1783544400047,1.25e-05
1783548000056,1.04821e-05
1783551600004,1.25e-05
1783555200002,1.25e-05
1783558800031,1.25e-05
1783562400080,1.25e-05
1783566000095,1.25e-05
1783569600024,1.25e-05
1783573200045,1.25e-05
1783576800066,1.25e-05
1783580400047,1.25e-05
1783584000032,1.25e-05
1783587600034,1.25e-05
1783591200040,1.25e-05
1783594800063,1.25e-05
1783598400002,1.25e-05
1783602000000,1.25e-05
1783605600059,1.25e-05
1783609200019,1.25e-05
1783612800068,1.25e-05
1783616400028,1.25e-05
1783620000034,1.25e-05
1783623600065,1.25e-05
1783627200026,1.25e-05
1783630800018,1.25e-05
1783634400018,1.25e-05
1783638000113,1.25e-05
1783641600078,1.25e-05
1783645200006,1.25e-05
1783648800014,1.25e-05
1783652400026,1.25e-05
1783656000004,1.25e-05
1783659600103,1.25e-05
1783663200056,1.25e-05
1783666800075,1.25e-05
1783670400011,1.25e-05
1783674000001,1.25e-05
1783677600010,1.25e-05
1783681200063,1.25e-05
1783684800048,1.25e-05
1783688400040,1.25e-05
1783692000038,1.25e-05
1783695600058,1.25e-05
1783699200002,1.25e-05
1783702800023,1.25e-05
1783706400023,1.25e-05
1783710000029,1.25e-05
1783713600039,1.25e-05
1783717200032,1.25e-05
1783720800008,1.25e-05
1783724400054,1.25e-05
1783728000046,1.25e-05
1783731600003,1.25e-05
1783735200086,1.25e-05
1783738800061,1.25e-05
1783742400000,3.4924e-06
1783746000014,8.9851e-06
1783749600004,1.0885e-05
1783753200002,1.07381e-05
1783756800047,1.00741e-05
1783760400015,9.1509e-06
1783764000064,1.25e-05
1783767600007,1.25e-05
1783771200045,1.25e-05
1783774800057,1.25e-05
1783778400068,1.25e-05
1783782000046,1.25e-05
1783785600012,1.25e-05
1783789200042,1.25e-05
1783792800014,1.25e-05
1783796400040,1.25e-05
1783800000027,1.25e-05
1783803600018,1.25e-05
1783807200055,1.25e-05
1783810800000,1.25e-05
1783814400016,1.25e-05
1783818000039,1.25e-05
1783821600006,1.25e-05
1783825200028,7.481e-06
1783828800023,1.25e-05
1783832400029,1.25e-05
1783836000033,9.925e-06
1783839600036,7.0502e-06
1783843200016,1.22738e-05
1783846800011,1.05969e-05
1783850400018,1.25e-05
1783854000026,1.25e-05
1783857600051,1.00814e-05
1783861200002,1.25e-05
1783864800005,1.25e-05
1783868400049,1.25e-05
1783872000038,1.25e-05
1783875600033,1.25e-05
1783879200074,1.25e-05
1783882800028,1.25e-05
1783886400131,1.25e-05
1783890000020,1.25e-05
1783893600022,1.25e-05
1783897200070,1.25e-05
1783900800059,1.25e-05
1783904400019,1.25e-05
1783908000075,1.25e-05
1783911600046,9.1716e-06
1783915200053,5.0941e-06
1783918800041,1.25e-05
1783922400026,1.25e-05
1783926000058,1.25e-05
1783929600019,9.9188e-06
1783933200001,1.25e-05
1783936800032,1.25e-05
1783940400001,6.827e-06
1783944000048,1.25e-05
1783947600014,1.25e-05
1783951200010,1.25e-05
1783954800082,1.25e-05
1783958400032,1.25e-05
1783962000052,3.6492e-06
1783965600052,4.6656e-06
1783969200116,1.25e-05
1783972800071,9.4906e-06
1783976400041,-2.27058e-05
1783980000060,-1.90337e-05
1783983600021,-1.64368e-05
1783987200011,-4.9193e-06
1783990800018,-1.2476e-06
1783994400032,-2.1124e-06
1783998000017,1.05933e-05
1784001600061,-1.839e-07
1784005200064,8.2975e-06
1784008800074,1.14147e-05
1784012400044,7.6577e-06
1784016000009,-7.0544e-06
1784019600061,2.1082e-06
1784023200113,-9.17e-08
1784026800030,8.0938e-06
1784030400008,1.25e-05
1784034000028,1.25e-05
1784037600012,1.25e-05
1784041200038,1.25e-05
1784044800005,1.25e-05
1784048400042,1.25e-05
1784052000013,1.25e-05
1784055600021,1.25e-05
1784059200027,1.25e-05
1784062800003,1.12651e-05
1784066400007,1.25e-05
1784070000049,1.25e-05
1784073600046,1.25e-05
1784077200032,1.25e-05
1784080800028,1.25e-05
1784084400041,1.25e-05
1784088000005,1.25e-05
1784091600066,1.25e-05
1784095200025,1.25e-05
1784098800039,1.25e-05
1784102400024,1.23439e-05
1784106000018,6.7381e-06
1784109600013,2.5e-06
1784113200002,4.295e-06
1784116800055,7.214e-06
1784120400042,1.23172e-05
1784124000050,1.25e-05
1784127600004,1.16437e-05
1784131200009,7.0577e-06
1784134800031,8.7963e-06
1784138400023,1.25e-05
1784142000063,1.25e-05
1784145600068,5.3161e-06
1784149200027,1.0284e-05
1784152800016,6.2393e-06
1784156400034,9.5595e-06
1784160000034,1.25e-05
1784163600054,-3.3976e-06
1784167200027,-8.7302e-06
1784170800033,-8.084e-06
1784174400056,-1.0505e-05
1784178000122,-4.8044e-06
1784181600066,7.9856e-06
1784185200042,5.904e-06
1784188800015,-5.914e-07
1784192400017,-6.1248e-06
1784196000008,8.365e-07
1784199600020,-2.211e-06
1784203200028,-4.4298e-06
1784206800050,5.283e-07
1784210400054,9.827e-06
1784214000016,1.25e-05
1784217600041,1.25e-05
1784221200000,1.25e-05
1784224800011,2.9565e-06
1784228400031,-7.925e-07
1784232000030,4.253e-06
1784235600011,4.158e-06
1784239200008,6.8277e-06
1784242800017,3.5388e-06
1784246400018,-1.004e-06
1784250000021,-3.28e-08
1784253600001,1.09853e-05
1784257200017,1.25e-05
1784260800041,1.25e-05
1784264400052,1.25e-05
1784268000032,1.25e-05
1784271600072,1.25e-05
1784275200065,1.25e-05
1784278800031,6.8687e-06
1784282400070,1.25e-05
1784286000020,2.436e-06
1784289600011,1.25e-05
1784293200060,1.15154e-05
1784296800111,-1.6224e-06
1784300400050,6.6077e-06
1784304000048,7.4096e-06
1784307600062,1.09565e-05
1784311200022,1.25e-05
1784314800025,6.2738e-06
1784318400039,1.20374e-05
1784322000065,8.182e-06
1784325600069,8.4617e-06
1784329200041,4.1712e-06
1784332800082,3.081e-07
1784336400081,7.9517e-06
1784340000013,2.1481e-06
1784343600008,1.02112e-05
1784347200021,1.04953e-05
1784350800016,8.9968e-06
1784354400028,7.0821e-06
1784358000025,-1.6746e-06
1784361600019,-3.2572e-06
1784365200040,-3.7621e-06
1784368800020,-2.0077e-06
1784372400039,-2.7793e-06
1784376000044,-4.2071e-06
1784379600006,-2.9666e-06
1784383200061,3.9964e-06
1784386800024,6.6353e-06
1784390400043,6.4611e-06
1784394000035,6.5336e-06
1784397600031,1.8165e-06
1784401200033,-2.5193e-06
1784404800016,1.3136e-06
1784408400006,2.1081e-06
1784412000011,7.5796e-06
1784415600009,1.25e-05
1784419200030,1.25e-05
1784422800044,1.25e-05
1784426400055,1.25e-05
1784430000022,1.25e-05
1784433600031,1.25e-05
1784437200043,1.25e-05
1784440800032,1.25e-05
1784444400047,1.25e-05
1784448000093,1.25e-05
1784451600026,1.25e-05
1784455200030,1.25e-05
1784458800033,1.25e-05
1784462400037,1.25e-05
1784466000014,1.25e-05
1784469600135,1.25e-05
1784473200019,1.25e-05
1784476800007,1.25e-05
1784480400043,1.00679e-05
1784484000049,1.25e-05
1784487600049,1.25e-05
1784491200010,4.5859e-06
1784494800026,6.4683e-06
1784498400049,1.12877e-05
1784502000014,1.25e-05
1784505600034,9.5837e-06
1784509200063,1.25e-05
1784512800052,1.0894e-06
1784516400046,6.381e-07
1784520000011,2.2114e-06
1784523600027,8.0715e-06
1784527200047,2.6458e-06
1784530800008,-1.5481e-06
1784534400058,-1.1009e-06
1784538000029,1.5963e-06
1784541600029,1.3976e-06
1784545200000,-7.1362e-06
1784548800000,5.0929e-06
1784552400047,5.5008e-06
1784556000049,9.2455e-06
1784559600053,-1.1877e-06
1784563200104,1.0328e-05
1784566800046,1.25e-05
1784570400027,8.131e-07
1784574000035,7.2824e-06
1784577600008,8.36e-08
1784581200006,9.9757e-06
1784584800003,1.25e-05
1784588400048,9.9093e-06
1784592000040,7.137e-06
1784595600005,3.8676e-06
1784599200036,7.1709e-06
1784602800030,4.3021e-06
1784606400001,1.25e-05
1784610000004,1.25e-05
1784613600043,1.25e-05
1784617200034,1.25e-05
1784620800035,1.2095e-05
1784624400044,7.6748e-06
1784628000032,6.6082e-06
1784631600043,2.9717e-06
1784635200029,5.2105e-06
1784638800025,1.12389e-05
1784642400062,5.5516e-06
1784646000021,1.15153e-05
1784649600022,1.25e-05
1784653200028,1.25e-05
1784656800028,1.06698e-05
1784660400068,1.25e-05
1784664000059,1.01171e-05
1784667600047,3.4772e-06
1784671200051,3.1128e-06
1784674800023,5.9512e-06
1784678400025,4.3586e-06
1784682000013,1.25e-05
1784685600091,5.3218e-06
1784689200043,6.3142e-06
1784692800052,-8.975e-07
1784696400087,-6.4565e-06
1784700000048,-1.22502e-05
1784703600019,-1.01962e-05
1784707200039,-3.679e-06
1784710800028,-3.1844e-06
1784714400025,-7.1278e-06
1784718000047,2.5588e-06
1784721600037,1.2384e-06
1784725200052,1.949e-07
1784728800038,2.3312e-06
1784732400018,4.5264e-06
1784736000004,1.16015e-05
1784739600047,1.1784e-05
1784743200015,9.4789e-06
1784746800007,-5.585e-07
1784750400054,-2.2161e-06
1784754000034,5.1284e-06
1784757600043,7.6186e-06
1784761200077,5.381e-07
1784764800046,-7.8693e-06
1784768400058,5.2606e-06
1784772000049,5.0034e-06
1784775600067,-1.4915e-06
1784779200046,-7.6351e-06
1784782800067,-1.06758e-05
1784786400001,-8.9172e-06
1784790000055,-8.6549e-06
1784793600021,-4.2524e-06
1784797200020,4.9199e-06
1784800800014,7.3862e-06
1784804400040,-4.43e-08
1784808000099,5.7348e-06
1784811600032,2.5407e-06
1784815200121,-4.1338e-06
1784818800032,-5.165e-07
1784822400001,1.5843e-06
1784826000006,-7.7421e-06
1784829600046,-7.2939e-06
1784833200048,-7.8957e-06
1784836800072,-4.3387e-06
1784840400028,6.407e-06
1784844000038,-5.7371e-06
1784847600033,-5.03e-07
1784851200021,-2.3911e-06
1784854800060,-1.06766e-05
1784858400004,-2.5594e-06
1784862000054,-1.22419e-05
1784865600047,-9.236e-07
1784869200044,6.1491e-06
1784872800049,2.441e-06
1784876400012,2.47e-06
1784880000029,4.8432e-06
1784883600044,-8.8169e-06
1784887200051,-6.1124e-06
1784890800034,-1.24857e-05
1784894400033,-1.27943e-05
1784898000024,-2.4143e-06
1784901600060,-1.97277e-05
1784905200053,-2.04458e-05
1784908800051,-2.658e-06
1784912400029,-7.7502e-06
1784916000063,2.475e-07
1784919600035,1.293e-07
1784923200052,-9.3755e-06
1784926800060,-1.4553e-05
1784930400008,-1.65188e-05
1784934000024,-6.7773e-06
1784937600066,-9.5331e-06
1784941200036,-2.8549e-06
1784944800050,8.4016e-06
1784948400016,-6.563e-07
1784952000036,-2.2603e-06
1784955600032,-1.3991e-06
1784959200063,-5.8246e-06
1784962800028,-1.67923e-05
1784966400047,-5.6479e-06
1784970000030,-1.05848e-05
1784973600040,-2.17157e-05
1784977200051,-1.0305e-06
1784980800058,-1.0722e-06
1784984400037,-5.8275e-06
1784988000001,-2.0885e-06
1784991600012,-3.6044e-06
1784995200062,2.5767e-06
1784998800039,-1.6228e-06
1785002400031,-9.8108e-06
1785006000056,3.6533e-06
1785009600057,6.7544e-06
1785013200005,1.4216e-06
1785016800002,4.5614e-06
1785020400011,1.12077e-05
1785024000055,1.25e-05
1785027600055,1.25e-05
1785031200111,1.25e-05
1785034800030,6.185e-06
1785038400021,1.25e-05
1785042000034,1.02735e-05
1785045600052,1.25e-05
1785049200060,8.0375e-06
1785052800022,5.0986e-06
1785056400063,-2.9921e-06
1785060000012,1.25e-05
1785063600047,1.25e-05
1785067200121,1.25e-05
1785070800046,-4.8661e-06
1785074400019,-6.7636e-06
1785078000018,-1.4285e-06
1785081600062,5.2371e-06
1785085200066,6.4757e-06
1785088800070,1.4773e-06
1785092400031,9.6159e-06
1785096000057,1.19209e-05
1785099600001,1.03749e-05
1785103200023,1.25e-05
1785106800005,1.25e-05
1785110400074,1.25e-05
1785114000022,1.25e-05
1785117600111,1.25e-05
1785121200017,1.19806e-05
1785124800014,1.15599e-05
1785128400040,1.25e-05
1785132000021,1.25e-05
1785135600052,1.25e-05
1785139200015,1.25e-05
1785142800005,1.25e-05
1785146400038,1.25e-05
1785150000013,1.25e-05
1785153600054,7.8557e-06
1785157200017,1.25e-05
1785160800021,1.25e-05
1785164400018,-5.5829e-06
1785168000017,-1.35996e-05
1785171600018,-1.41704e-05
1785175200035,-1.85636e-05
1785178800040,-1.98427e-05
1785182400016,-6.3502e-06
1785186000117,-3.8797e-06
1785189600062,-4.748e-06
1785193200059,-5.9126e-06
1785196800026,-2.2363e-05
1785200400044,-2.79297e-05
1785204000059,-3.63145e-05
1785207600015,-3.78524e-05
1785211200006,-2.57756e-05
1785214800046,-3.0174e-05
1785218400038,-1.89639e-05
1785222000018,-9.4894e-06
1785225600004,-8.5253e-06
1785229200012,-1.71666e-05
1785232800065,-6.9593e-06
1785236400046,-7.1272e-06
1785240000028,-1.00286e-05
1785243600014,-4.8078e-06
1785247200032,-1.50535e-05
1785250800056,-8.1928e-06
1785254400052,-6.5056e-06
1785258000100,1.6083e-06
1785261600050,2.0352e-06
1785265200029,-1.31679e-05
1785268800046,-4.4543e-06
1785272400006,-9.3567e-06
1785276000009,-1.26882e-05
1785279600117,-1.48238e-05
1785283200066,-2.12505e-05
1785286800023,-1.82259e-05
1785290400013,-1.51931e-05
1785294000002,-1.2484e-05
1785297600027,-1.23601e-05
1785301200043,3.7716e-06
1785304800033,6.9083e-06
1785308400047,8.9918e-06
1785312000009,5.9114e-06
1785315600043,1.9182e-06
1785319200051,3.89e-06
1785322800011,1.1753e-06
1785326400040,3.2279e-06
1785330000030,2.6538e-06
1785333600028,1.10381e-05
1785337200042,-1.27062e-05
1785340800011,-4.9007e-06
1785344400057,4.5637e-06
1785348000021,1.25e-05
1785351600020,1.25e-05
1785355200045,1.25e-05
1785358800032,4.2661e-06
1785362400030,3.9415e-06
1785366000078,4.1848e-06
1785369600016,4.993e-06
1785373200067,6.4691e-06
1785376800024,1.07927e-05
1785380400064,8.1779e-06
1785384000061,4.4389e-06
1785387600025,-9.636e-07
1785391200057,3.4609e-06
1785394800041,4.939e-06
1785398400046,-3.0318e-06
1785402000054,6.0848e-06
1785405600067,7.9699e-06
1785409200013,1.486e-06
1785412800051,6.3684e-06
1785416400020,4.7151e-06
1785420000019,1.09497e-05
1785423600013,1.25e-05
1785427200040,8.4053e-06
1785430800060,8.6137e-06
1785434400010,7.9059e-06
1785438000002,1.25e-05
1785441600025,1.25e-05
1785445200008,2.9107e-06
1785448800003,1.25e-05
1785452400025,1.25e-05
1785456000072,8.6199e-06
1785459600063,-1.85e-08
1785463200040,1.25e-05
1785466800044,9.9447e-06
1785470400030,-7.281e-07
1785474000038,-3.8532e-06
1785477600055,1.25e-05
1785481200009,1.25e-05
1785484800011,8.665e-06
1785488400061,1.25e-05
1785492000003,4.8849e-06
1785495600048,1.1436e-05
1785499200019,1.25e-05
1785502800019,1.08177e-05
1785506400016,9.337e-06
1785510000020,1.25e-05
1785513600020,1.25e-05
1785517200020,1.25e-05
1785520800073,1.25e-05
1785524400025,1.25e-05
1785528000032,1.25e-05
1785531600015,1.25e-05
1785535200004,1.25e-05
1785538800013,1.25e-05
1785542400080,1.01179e-05
1785546000003,7.0988e-06
1785549600017,1.25e-05
1785553200054,1.25e-05
1785556800008,9.168e-06
1785560400065,9.5766e-06
1785564000017,7.8744e-06
1785567600061,1.25e-05
1785571200000,1.25e-05
1785574800035,6.0921e-06
1785578400056,1.25e-05
1785582000029,4.2639e-06
1785585600034,6.6207e-06
1785589200036,1.106e-05
1785592800045,1.25e-05
1785596400003,1.25e-05
1785600000043,1.25e-05
1785603600022,8.7492e-06
1785607200001,8.1514e-06
1785610800030,2.2623e-06
1785614400033,-1.2454e-06
1785618000006,-9.3621e-06
1785621600018,2.9057e-06
1785625200048,-3.809e-07
1785628800059,-1.86e-08
1785632400056,1.3706e-06
1785636000002,1.4851e-06
1785639600019,-2.8378e-06
1785643200017,5.5113e-06
1785646800026,2.8558e-06
1785650400014,2.9934e-06
1785654000053,6.541e-06
1785657600020,2.7396e-06
1785661200124,4.336e-07
1785664800023,2.5999e-06
1785668400055,-1.3875e-06
1785672000048,5.1971e-06
1785675600004,3.8162e-06
1785679200034,-2.8828e-06
1785682800048,6.276e-06
1785686400028,-6.108e-07
1785690000029,1.2486e-06
1785693600002,4.2019e-06
1785697200002,2.06e-08
1785700800033,7.2839e-06
1785704400037,-4.626e-06
1785708000043,-3.4829e-06
1785711600033,4.825e-07
1785715200028,-6.1655e-06
1785718800062,2.5418e-06
1785722400043,-2.232e-07
1785726000042,-7.7587e-06
1785729600051,-1.3283e-06
1785733200017,2.6333e-06
1785736800062,4.0574e-06
1785740400026,4.3545e-06
1785744000042,1.25e-05
1785747600041,3.7932e-06
1785751200030,5.1119e-06
1785754800110,-5.1753e-06
1785758400055,-4.066e-07
1785762000036,3.1683e-06
1785765600010,1.01574e-05
1785769200047,1.05541e-05
1785772800039,2.7886e-06
1785776400017,6.6242e-06
1785780000004,9.3191e-06
1785783600127,1.25e-05
1785787200020,6.8671e-06
1785790800021,9.8424e-06
1785794400018,6.1974e-06
1785798000067,1.08933e-05
1785801600008,1.25e-05
1785805200042,1.25e-05
1785808800059,1.25e-05
1785812400036,1.25e-05
1785816000044,1.25e-05
1785819600001,1.25e-05
1785823200063,1.25e-05
1785826800016,9.5809e-06
1785830400083,1.25e-05
1785834000027,1.25e-05
1785837600067,1.25e-05
1785841200006,1.25e-05
1785844800003,1.10697e-05
1785848400003,1.00391e-05
1785852000001,1.04029e-05
1785855600069,1.25e-05
1785859200006,1.25e-05
1785862800035,1.10951e-05
1785866400001,1.25e-05
1785870000033,1.25e-05
1785873600036,1.25e-05
1785877200011,1.25e-05
1785880800082,1.25e-05
1785884400045,6.1257e-06
1785888000040,1.1304e-05
1785891600007,1.25e-05
1785895200060,1.25e-05
1785898800032,1.25e-05
1785902400019,8.8938e-06
1785906000043,8.7373e-06
1785909600010,1.25e-05
1785913200013,1.25e-05
1785916800065,1.14507e-05
1785920400021,8.9662e-06
1785924000029,1.25e-05
1785927600049,1.25e-05
1785931200016,1.25e-05
1785934800061,1.25e-05
1785938400038,1.06868e-05
1785942000063,1.25e-05
1785945600007,1.25e-05
1785949200068,7.3069e-06
1785952800014,6.6039e-06
1785956400133,1.25e-05
1785960000038,7.9004e-06
1785963600016,1.25e-05
1785967200017,1.17424e-05
1785970800053,1.25e-05
1785974400034,1.25e-05
1785978000017,1.25e-05
1785981600016,6.1439e-06
1785985200000,6.1718e-06
1785988800043,2.0795e-06
1785992400018,-1.9668e-06
1785996000018,4.3162e-06
1785999600054,-2.3661e-06
1786003200053,2.0357e-06
1786006800043,7.4031e-06
1786010400057,4.6091e-06
1786014000016,1.4195e-06
1786017600044,-4.5069e-06
1786021200075,-2.11029e-05
1786024800005,-3.9362e-06
1786028400061,7.3202e-06
1786032000013,4.3064e-06
1786035600090,1.3715e-06
1786039200024,1.02857e-05
1786042800007,5.891e-06
1786046400058,1.1027e-06
1786050000092,1.2202e-06
1786053600021,3.0488e-06
1786057200017,2.2269e-06
1786060800071,-8.1873e-06
1786064400023,6.9626e-06
1786068000044,1.07855e-05
1786071600048,1.25e-05
1786075200000,1.25e-05
1786078800013,1.25e-05
1786082400046,6.9596e-06
1786086000038,6.539e-06
1786089600012,1.20961e-05
1786093200017,1.25e-05
1786096800000,1.25e-05
1786100400051,1.25e-05
1786104000050,1.25e-05
1786107600003,1.25e-05
1786111200035,1.14575e-05
1786114800012,3.0979e-06
1786118400008,1.25e-05
1786122000017,1.25e-05
1786125600061,1.23838e-05
1786129200031,9.0656e-06
1786132800028,4.9982e-06
1786136400024,4.6084e-06
1786140000013,4.4687e-06
1786143600070,6.3956e-06
1786147200060,7.526e-06
1786150800011,9.7106e-06
1786154400046,1.25e-05
1786158000038,1.25e-05
1786161600048,1.25e-05
1786165200025,1.25e-05
1786168800010,1.25e-05
1786172400028,1.25e-05
1786176000037,1.25e-05
1786179600020,1.25e-05
1786183200032,1.25e-05
1786186800028,1.25e-05
1786190400039,1.25e-05
1786194000048,1.25e-05
1786197600061,1.25e-05
1786201200039,1.25e-05
1786204800048,1.25e-05
1786208400045,1.25e-05
1786212000001,1.25e-05
1786215600054,1.25e-05
1786219200029,1.25e-05
1786222800040,1.25e-05
1786226400055,1.25e-05
1786230000029,1.25e-05
1786233600006,1.25e-05
1786237200048,1.25e-05
1786240800010,1.25e-05
1786244400022,1.25e-05
1786248000019,1.25e-05
1786251600037,1.25e-05
1786255200035,1.25e-05
1786258800066,1.25e-05
1786262400003,1.25e-05
1786266000034,1.25e-05
1786269600046,1.25e-05
1786273200046,1.25e-05
1786276800041,1.25e-05
1786280400020,1.25e-05
1786284000018,1.25e-05
1786287600054,1.25e-05
1786291200032,1.25e-05
1786294800013,1.25e-05
1786298400017,1.25e-05
1786302000035,1.25e-05
1786305600032,1.25e-05
1786309200021,1.25e-05
1786312800020,1.25e-05
1786316400017,1.25e-05
1786320000029,1.25e-05
1786323600030,1.25e-05
1786327200015,1.25e-05
1786330800079,1.25e-05
1786334400005,1.25e-05
1786338000028,1.25e-05
1786341600066,1.25e-05
1786345200068,1.25e-05
1786348800043,1.25e-05
1786352400010,1.25e-05
1786356000067,1.25e-05
1786359600043,1.25e-05
1786363200013,1.25e-05
1786366800029,1.25e-05
1786370400065,1.25e-05
1786374000001,1.25e-05
1786377600020,1.25e-05
1786381200047,1.25e-05
1786384800012,1.25e-05
1786388400045,1.25e-05
1786392000074,1.25e-05
1786395600052,1.25e-05
1786399200028,1.25e-05
1786402800066,1.25e-05
1786406400019,1.25e-05
1786410000033,1.25e-05
1786413600013,1.25e-05
1786417200120,1.25e-05
1786420800086,1.25e-05
1786424400010,1.25e-05
1786428000024,1.25e-05
1786431600002,1.25e-05
1786435200091,1.25e-05
1786438800123,1.25e-05
1786442400054,8.8847e-06
1786446000035,9.9218e-06
1786449600025,6.0405e-06
1786453200053,8.6793e-06
1786456800065,1.14476e-05
1786460400033,3.1531e-06
1786464000039,4.6953e-06
1786467600008,8.5723e-06
1786471200017,8.4441e-06
1786474800065,3.3447e-06
1786478400007,6.7231e-06
1786482000039,1.25e-05
1786485600006,9.8777e-06
1786489200043,4.606e-06
1786492800012,5.8773e-06
1786496400060,-2.545e-07
1786500000027,4.0913e-06
1786503600031,7.8928e-06
1786507200057,1.17961e-05
1786510800031,6.2497e-06
1786514400069,1.22099e-05
1786518000076,5.6326e-06
1786521600044,1.25e-05
1786525200033,1.25e-05
1786528800035,1.25e-05
1786532400013,1.25e-05
1786536000003,1.13035e-05
1786539600045,1.12034e-05
1786543200026,8.7589e-06
1786546800037,-2.305e-07
1786550400020,1.9754e-06
1786554000021,5.8272e-06
1786557600049,4.5098e-06
1786561200060,-9.113e-07
1786564800062,4.7455e-06
1786568400071,4.3056e-06
1786572000056,3.022e-06
1786575600064,3.5169e-06
1786579200046,3.9263e-06
1786582800018,1.04577e-05
1786586400072,1.04601e-05
1786590000097,1.07629e-05
1786593600123,4.439e-07
1786597200043,5.4224e-06
1786600800032,1.25e-05
1786604400024,1.25e-05
1786608000011,6.7707e-06
1786611600047,2.4823e-06
1786615200040,1.00241e-05
1786618800125,1.08849e-05
1786622400048,1.25e-05
1786626000026,3.5785e-06
1786629600026,6.0129e-06
1786633200005,8.8364e-06
1786636800072,7.152e-07
1786640400027,3.6268e-06
1786644000032,1.7076e-06
1786647600022,5.9839e-06
1786651200056,2.7328e-06
1786654800006,1.11762e-05
1786658400055,1.8452e-06
1786662000040,7.2904e-06
1786665600060,3.0661e-06
1786669200013,1.0431e-05
1786672800047,1.25e-05
1786676400046,1.25e-05
1786680000050,1.25e-05
1786683600014,1.25e-05
1786687200046,1.22144e-05
1786690800020,1.25e-05
1786694400030,5.4101e-06
1786698000057,9.488e-06
1786701600038,1.21133e-05
1786705200029,1.10856e-05
1786708800062,1.25e-05
1786712400063,1.16874e-05
1786716000048,6.2779e-06
1786719600028,3.1909e-06
1786723200013,-5.532e-07
1786726800010,7.5038e-06
1786730400038,4.4636e-06
1786734000057,-7.6596e-06
1786737600048,-3.3772e-06
1786741200016,-2.5393e-06
1786744800052,-7.7455e-06
1786748400048,3.435e-07
1786752000032,8.894e-06
1786755600063,6.6341e-06
1786759200031,7.7881e-06
1786762800040,1.25e-05
1786766400026,1.25e-05
1786770000075,1.25e-05
1786773600058,1.25e-05
1786777200046,8.4886e-06
1786780800048,1.25e-05
1786784400009,1.25e-05
1786788000038,4.3162e-06
1786791600009,1.02586e-05
1786795200003,6.8279e-06
1786798800064,1.6565e-06
1786802400035,1.09697e-05
1786806000026,6.1264e-06
1786809600025,-3.1287e-06
1786813200049,8.289e-07
1786816800053,5.4218e-06
1786820400035,9.9906e-06
1786824000048,1.14485e-05
1786827600042,1.16552e-05
1786831200030,1.24956e-05
1786834800020,1.25e-05
1786838400059,9.3555e-06
1786842000030,7.8841e-06
1786845600028,3.8643e-06
1786849200043,9.1819e-06
1786852800072,1.25e-05
1786856400022,9.6122e-06
1786860000092,1.4038e-06
1786863600086,1.0168e-05
1786867200034,7.4805e-06
1786870800012,1.25e-05
1786874400004,8.5136e-06
1786878000134,-3.6931e-06
1786881600014,4.0941e-06
1786885200034,1.25e-05
1786888800046,1.25e-05
1786892400056,4.3036e-06
1786896000003,1.25e-05
1786899600005,6.6098e-06
1786903200030,1.25e-05
1786906800057,1.25e-05
1786910400038,1.10378e-05
1786914000030,4.2859e-06
1786917600053,-1.336e-06
1786921200029,-8.249e-07
1786924800025,4.6614e-06
1786928400034,-5.093e-06
1786932000055,-6.5868e-06
1786935600039,1.4095e-06
1786939200011,1.7246e-06
1786942800046,-7.0595e-06
1786946400026,1.4052e-06
1786950000030,1.17196e-05
1786953600026,8.2154e-06
1786957200049,2.6584e-06
1786960800068,1.25e-05
1786964400045,6.7601e-06
1786968000013,-9.7454e-06
1786971600064,1.3189e-06
1786975200067,5.6705e-06
1786978800001,7.758e-07
1786982400046,-4.7444e-06
1786986000061,-6.5658e-06
1786989600005,2.0148e-06
1786993200018,-6.589e-07
1786996800034,-2.931e-07
1787000400020,1.07972e-05
1787004000010,6.5683e-06
1787007600046,7.7731e-06
1787011200058,6.7054e-06
1787014800012,9.0802e-06
1787018400015,5.4852e-06
1787022000001,9.0311e-06
1787025600049,5.8765e-06
1787029200016,-6.4827e-06
1787032800017,-8.6985e-06
1787036400068,8.8058e-06
1787040000049,-3.3706e-06
1787043600052,-3.2209e-06
1787047200049,2.685e-06
1787050800026,4.6623e-06
1787054400045,1.25e-05
1787058000003,1.13656e-05
1787061600021,9.0474e-06
1787065200028,9.3508e-06
1787068800001,1.25e-05
1787072400026,6.703e-06
1787076000011,1.10084e-05
1787079600048,1.01933e-05
1787083200006,1.17963e-05
1787086800097,7.9804e-06
1787090400016,1.07552e-05
1787094000008,1.18986e-05
1787097600012,1.25e-05
1787101200055,9.9263e-06
1787104800016,3.4309e-06
1787108400047,8.2264e-06
1787112000009,1.22081e-05
1787115600008,4.3618e-06
1787119200051,1.14005e-05
1787122800034,3.6821e-06
1787126400027,3.3875e-06
1787130000036,2.7707e-06
1787133600003,2.8413e-06
1787137200030,5.6752e-06
1787140800059,5.6778e-06
1787144400021,-2.7113e-06
1787148000018,-1.44646e-05
1787151600007,-1.04249e-05
1787155200035,1.25e-05
1787158800001,1.25e-05
1787162400043,1.25e-05
1787166000035,1.25e-05
1787169600063,1.25e-05
1787173200026,1.25e-05
1787176800044,1.25e-05
1787180400004,1.25e-05
1787184000002,1.25e-05
1787187600057,1.25e-05
1787191200030,1.25e-05
1787194800020,1.25e-05
1787198400058,1.25e-05
1787202000050,1.25e-05
1787205600012,1.25e-05
1787209200099,1.25e-05
1787212800040,1.25e-05
1787216400047,1.25e-05
1787220000051,1.25e-05
1787223600038,1.25e-05
1787227200015,1.25e-05
1787230800021,1.25e-05
1787234400021,1.25e-05
1787238000042,1.25e-05
1787241600047,1.25e-05
1787245200009,1.25e-05
1787248800076,1.25e-05
1787252400031,1.25e-05
1787256000001,1.25e-05
1787259600054,1.25e-05
1787263200058,1.25e-05
1787266800039,1.25e-05
1787270400024,1.25e-05
1787274000054,1.25e-05
1787277600048,1.25e-05
1787281200027,2.11389e-05
1787284800009,2.37355e-05
1787288400060,1.57253e-05
1787292000076,1.9344e-05
1787295600033,1.25e-05
1787299200016,1.25e-05
1787302800050,1.25e-05
1787306400041,1.25e-05
1787310000054,1.25e-05
1787313600051,1.25e-05
1787317200021,1.25e-05
1787320800026,1.25e-05
1787324400009,3.10989e-05
1787328000031,2.40386e-05
1787331600024,1.25e-05
1787335200013,1.25e-05
1787338800035,1.25e-05
1787342400041,1.25e-05
1787346000063,1.25e-05
1787349600068,2.20601e-05
1787353200016,5.4865e-05
1787356800028,5.78908e-05
1787360400065,1.25e-05
1787364000021,1.25e-05
1787367600014,4.93858e-05
1787371200035,5.61208e-05
1787374800032,9.7525e-05
1787378400054,1.48305e-05
1787382000006,1.25e-05
1787385600038,1.25e-05
1787389200006,1.25e-05
1787392800059,1.25e-05
1787396400030,1.25e-05
1787400000042,1.25e-05
1787403600069,1.60706e-05
1787407200013,1.25e-05
1787410800030,1.25e-05
1787414400054,1.25e-05
1787418000039,1.25e-05
1787421600048,2.95593e-05
1787425200029,4.31014e-05
1787428800015,2.93334e-05
1787432400018,2.09363e-05
1787436000064,1.25e-05
1787439600035,1.25e-05
1787443200018,1.94144e-05
1787446800043,2.24953e-05
1787450400032,2.75327e-05
1787454000028,1.25e-05
1787457600018,1.25e-05
1787461200062,1.25e-05
1787464800028,1.25e-05
1787468400026,1.25e-05
1787472000061,1.25e-05
1787475600034,1.25e-05
1787479200004,1.34381e-05
1787482800022,1.25e-05
1787486400030,1.25e-05
1787490000067,1.25e-05
1787493600112,2.85799e-05
1787497200014,1.25e-05
1787500800081,1.25e-05
1787504400049,1.25e-05
1787508000010,1.25e-05
1787511600007,1.25e-05
1787515200052,1.25e-05
1787518800055,1.25e-05
1787522400072,1.25e-05
1787526000063,1.25e-05
1787529600082,1.6104e-05
1787533200038,1.25e-05
1787536800042,1.25e-05
1787540400074,1.25e-05
1787544000019,1.25e-05
1787547600070,1.25e-05
1787551200057,1.25e-05
1787554800028,1.25e-05
1787558400005,1.25e-05
1787562000013,1.25e-05
1787565600056,1.25e-05
1787569200088,1.25e-05
1787572800085,1.25e-05
1787576400041,1.25e-05
1787580000060,1.25e-05
1787583600026,1.25e-05
1787587200005,1.25e-05
1787590800093,1.25e-05
1787594400008,1.25e-05
1787598000031,1.25e-05
1787601600030,1.25e-05
1787605200009,1.25e-05
1787608800032,1.25e-05
1787612400041,1.25e-05
1787616000004,1.25e-05
1787619600045,1.25e-05
1787623200006,3.22611e-05
1787626800017,1.25e-05
1787630400028,1.25e-05
1787634000025,1.56827e-05
1787637600001,2.47923e-05
1787641200025,1.25e-05
1787644800008,1.25e-05
1787648400046,1.25e-05
1787652000015,1.25e-05
1787655600008,1.25e-05
1787659200027,1.25e-05
1787662800038,1.25e-05
1787666400013,1.25e-05
1787670000026,1.25e-05
1787673600058,1.25e-05
1787677200010,1.25e-05
1787680800007,1.25e-05
1787684400134,1.25e-05
1787688000049,1.25e-05
1787691600059,1.25e-05
1787695200005,1.25e-05
1787698800001,1.25e-05
1787702400048,1.25e-05
1787706000049,1.25e-05
1787709600048,1.25e-05
1787713200037,1.25e-05
1787716800048,1.25e-05
1787720400049,1.25e-05
1787724000008,1.25e-05
1787727600018,1.25e-05
1787731200007,1.25e-05
1787734800067,1.25e-05
1787738400032,1.25e-05
1787742000018,1.25e-05
1787745600022,1.25e-05
1787749200003,1.25e-05
1787752800026,1.25e-05
1787756400057,1.25e-05
1787760000034,1.25e-05
1787763600021,1.25e-05
1787767200046,1.25e-05
1787770800041,1.25e-05
1787774400068,1.25e-05
1787778000039,1.25e-05
1787781600019,1.25e-05
1787785200002,1.25e-05
1787788800012,1.25e-05
1787792400004,1.25e-05
1787796000013,1.25e-05
1787799600029,1.25e-05
1787803200091,1.25e-05
1787806800010,1.25e-05
1787810400041,1.25e-05
1787814000047,1.25e-05
1787817600119,1.25e-05
1787821200047,1.25e-05
1787824800056,1.25e-05
1787828400074,1.25e-05
1787832000043,1.25e-05
1787835600066,1.25e-05
1787839200035,1.25e-05
1787842800045,1.25e-05
1787846400033,1.25e-05
1787850000032,1.25e-05
1787853600059,1.25e-05
1787857200062,1.25e-05
1787860800016,1.25e-05
1787864400051,1.25e-05
1787868000040,1.25e-05
1787871600056,1.25e-05
1787875200079,1.25e-05
1787878800049,1.25e-05
1787882400026,1.25e-05
1787886000001,1.25e-05
1787889600011,1.25e-05
1787893200031,1.25e-05
1787896800038,1.25e-05
1787900400038,1.25e-05
1787904000046,1.25e-05
1787907600010,1.25e-05
1787911200037,1.25e-05
1787914800083,-4.1808e-06
1787918400038,-8.1837e-06
1787922000059,-1.20609e-05
1787925600018,6.8957e-06
1787929200090,1.25e-05
1787932800011,9.5275e-06
1787936400016,7.5113e-06
1787940000049,1.25e-05
1787943600018,6.641e-06
1787947200046,1.25e-05
1787950800058,1.25e-05
1787954400045,1.25e-05
1787958000040,1.25e-05
1787961600069,1.25e-05
1787965200048,1.25e-05
1787968800035,1.25e-05
1787972400001,1.25e-05
1787976000012,6.336e-06
1787979600068,7.9685e-06
1787983200061,1.25e-05
1787986800027,8.3738e-06
1787990400053,1.16168e-05
1787994000044,6.8805e-06
1787997600025,-3.8143e-06
1788001200058,6.857e-06
1788004800032,1.13636e-05
1788008400009,1.23272e-05
1788012000049,1.25e-05
1788015600035,1.25e-05
1788019200095,1.19555e-05
1788022800100,7.3772e-06
1788026400034,4.2671e-06
1788030000041,1.22206e-05
1788033600019,1.25e-05
1788037200076,1.25e-05
1788040800041,1.25e-05
1788044400024,1.25e-05
1788048000065,1.25e-05
1788051600015,3.2028e-06
1788055200010,9.896e-06
1788058800046,1.25e-05
1788062400018,1.25e-05
1788066000035,9.4831e-06
1788069600001,3.977e-06
1788073200050,8.3877e-06
1788076800036,3.0404e-06
1788080400017,1.5674e-06
1788084000042,2.4112e-06
1788087600049,1.25e-05
1788091200098,1.25e-05
1788094800029,1.25e-05
1788098400047,1.25e-05
1788102000016,1.25e-05
1788105600036,1.25e-05
1788109200018,1.25e-05
1788112800008,1.25e-05
1788116400043,1.25e-05
1788120000027,1.25e-05
1788123600036,1.25e-05
1788127200071,1.25e-05
1788130800052,8.1322e-06
1788134400007,1.2267e-06
1788138000050,1.25e-05
1788141600067,1.25e-05
1788145200034,1.25e-05
1788148800052,1.25e-05
1788152400000,1.25e-05
1788156000017,1.25e-05
1788159600011,1.25e-05
1788163200063,1.25e-05
1788166800032,1.25e-05
1788170400053,1.25e-05
1788174000036,1.25e-05
1788177600050,1.25e-05
1788181200063,1.25e-05
1788184800028,1.25e-05
1788188400047,1.25e-05
1788192000044,1.25e-05
1788195600042,1.25e-05
1788199200059,1.25e-05
1788202800043,1.25e-05
1788206400026,1.25e-05
1788210000044,1.25e-05
1788213600071,1.25e-05
1788217200129,1.25e-05
1788220800019,1.25e-05
1788224400054,1.25e-05
1788228000000,1.25e-05
1788231600044,9.4238e-06
1788235200029,1.25e-05
1788238800033,1.25e-05
1788242400013,1.25e-05
1788246000067,1.25e-05
1788249600022,1.02917e-05
1788253200003,-2.6055e-06
1788256800048,-6.6515e-06
1788260400054,-7.6352e-06
1788264000019,8.1947e-06
1788267600031,-8.328e-07
1788271200043,-8.0439e-06
1788274800043,4.4882e-06
1788278400038,-6.1375e-06
1788282000051,-1.31589e-05
1788285600016,-8.1957e-06
1788289200007,-1.87103e-05
1788292800012,9.735e-07
1788296400010,-2.22e-08
1788300000006,-6.5874e-06
1788303600005,-1.6949e-06
1788307200047,2.192e-06
1788310800015,-4.3698e-06
1788314400015,-6.7382e-06
1788318000012,-1.60894e-05
1788321600068,-3.702e-07
1788325200032,-1.07657e-05
1788328800018,-2.6134e-06
1788332400034,1.8325e-06
1788336000029,6.881e-07
1788339600002,-5.311e-06
1788343200031,-4.8631e-06
1788346800076,-5.018e-07
1788350400021,9.4135e-06
1788354000073,9.2626e-06
1788357600004,1.25e-05
1788361200060,1.25e-05
1788364800044,-6.1917e-06
1788368400004,3.7443e-06
1788372000004,8.9939e-06
1788375600017,1.18309e-05
1788379200046,1.25e-05
1788382800055,1.25e-05
1788386400010,1.25e-05
1788390000041,1.25e-05
1788393600075,1.25e-05
1788397200052,1.25e-05
1788400800011,1.25e-05
1788404400026,1.25e-05
1788408000025,1.25e-05
1788411600015,1.25e-05
1788415200016,1.25e-05
1788418800040,1.25e-05
1788422400025,1.25e-05
1788426000011,1.25e-05
1788429600005,1.25e-05
1788433200031,1.25e-05
1788436800063,1.25e-05
1788440400007,1.25e-05
1788444000032,1.25e-05
1788447600014,1.25e-05
1788451200021,1.25e-05
1788454800038,1.25e-05
1788458400030,1.25e-05
1788462000039,1.25e-05
1788465600007,1.25e-05
1788469200047,1.25e-05
1788472800059,1.25e-05
1788476400059,1.25e-05
1788480000030,1.25e-05
1788483600062,1.25e-05
1788487200002,1.25e-05
1788490800028,1.25e-05
1788494400049,1.25e-05
1788498000080,1.25e-05
1788501600034,1.25e-05
1788505200017,1.25e-05
1788508800050,1.25e-05
1788512400048,1.25e-05
1788516000025,1.25e-05
1788519600028,1.25e-05
1788523200038,1.25e-05
1788526800038,1.25e-05
1788530400057,1.25e-05
1788534000045,1.25e-05
1788537600041,1.787e-07
1788541200047,-1.8809e-06
1788544800018,2.2505e-06
1788548400002,4.3187e-06
1788552000122,5.0234e-06
1788555600044,-6.8025e-06
1788559200003,-9.999e-07
1788562800000,2.1981e-06
1788566400005,1.19906e-05
1788570000016,1.25e-05
1788573600063,2.9169e-06
1788577200037,1.00529e-05
1788580800024,1.23603e-05
1788584400089,5.1559e-06
1788588000040,8.732e-06
1788591600013,8.3995e-06
1788595200002,1.25e-05
1788598800072,1.25e-05
1788602400044,1.1282e-05
1788606000016,1.25e-05
1788609600053,1.18966e-05
1788613200049,6.8699e-06
1788616800049,4.5769e-06
1788620400047,1.25e-05
1788624000012,1.24237e-05
1788627600018,1.25e-05
1788631200022,1.25e-05
1788634800048,1.25e-05
1788638400032,8.3367e-06
1788642000040,4.0177e-06
1788645600045,1.15166e-05
1788649200059,1.25e-05
1788652800016,1.22437e-05
1788656400049,1.25e-05
1788660000027,1.25e-05
1788663600010,1.25e-05
1788667200036,1.25e-05
1788670800040,1.25e-05
1788674400097,1.25e-05
1788678000116,1.25e-05
1788681600054,1.25e-05
1788685200005,1.25e-05
1788688800109,1.25e-05
1788692400065,1.25e-05
1788696000035,1.25e-05
1788699600035,1.25e-05
1788703200037,1.25e-05
1788706800045,1.25e-05
1788710400038,1.25e-05
1788714000013,1.25e-05
1788717600120,1.25e-05
1788721200100,1.25e-05
1788724800069,1.25e-05
1788728400040,1.25e-05
1788732000015,1.25e-05
1788735600002,1.25e-05
1788739200041,1.25e-05
1788742800051,1.25e-05
1788746400029,1.25e-05
1788750000059,1.25e-05
1788753600054,1.25e-05
1788757200057,1.25e-05
1788760800053,1.25e-05
1788764400019,1.25e-05
1788768000025,1.25e-05
1788771600038,1.25e-05
1788775200012,1.25e-05
1788778800029,1.25e-05
1788782400039,1.25e-05
1788786000056,1.25e-05
1788789600026,1.25e-05
1788793200045,1.25e-05
1788796800043,2.9152e-06
1788800400049,1.06542e-05
1788804000043,1.081e-07
1788807600028,8.2939e-06
1788811200060,9.2256e-06
1788814800039,-9.8926e-06
1788818400004,-5.0177e-06
1788822000016,-1.0178e-06
1788825600043,3.4562e-06
1788829200050,3.7834e-06
1788832800031,2.4799e-06
1788836400017,3.363e-07
1788840000012,-9.7754e-06
1788843600011,-9.0899e-06
1788847200009,-1.8716e-06
1788850800043,-9.7447e-06
1788854400047,-1.17311e-05
1788858000016,-9.974e-06
1788861600042,-2.6739e-06
1788865200085,2.4864e-06
1788868800040,3.3284e-06
1788872400038,5.2499e-06
1788876000053,-1.6075e-06
1788879600048,5.8349e-06
1788883200040,1.13329e-05
1788886800031,1.10249e-05
1788890400039,-2.4203e-06
1788894000054,6.911e-07
1788897600014,-2.33236e-05
1788901200003,-1.23296e-05
1788904800061,-8.713e-06
1788908400052,-2.605e-07
1788912000076,5.483e-06
1788915600108,3.4676e-06
1788919200131,4.9304e-06
1788922800011,1.631e-07
1788926400015,-6.6524e-06
1788930000032,1.1081e-06
1788933600010,-3.741e-07
1788937200046,1.9719e-06
1788940800029,1.25e-05
1788944400015,1.25e-05
1788948000067,1.25e-05
1788951600005,1.17934e-05
1788955200034,1.11756e-05
1788958800049,1.25e-05
1788962400073,9.5392e-06
1788966000054,4.846e-06
1788969600030,-1.12485e-05
1788973200075,-8.003e-06
1788976800032,9.403e-06
1788980400057,6.6e-09
1788984000027,-2.21283e-05
1788987600023,-1.98619e-05
1788991200015,-2.85282e-05
1788994800058,-2.15874e-05
1788998400013,-1.09436e-05
1789002000046,-1.42813e-05
1789005600018,-5.6737e-06
1789009200048,-7.735e-06
1789012800047,3.515e-06
1789016400010,3.5029e-06
1789020000021,4.2894e-06
1789023600026,6.365e-07
1789027200027,-2.6306e-06
1789030800040,-3.0616e-06
1789034400112,1.0266e-06
1789038000012,3.4458e-06
1789041600126,-5.9291e-06
1789045200008,-1.47033e-05
1789048800007,-7.1774e-06
1789052400004,-4.5253e-06
1789056000091,-5.53e-08
1789059600001,-2.9082e-06
1789063200063,7.4104e-06
1789066800045,4.4342e-06
1789070400028,1.0749e-05
1789074000110,1.25e-05
1789077600028,1.24687e-05
1789081200007,3.1077e-06
1789084800040,-1.19235e-05
1789088400030,-4.3498e-06
1789092000019,6.4073e-06
1789095600118,6.0246e-06
1789099200030,2.0326e-06
1789102800018,1.46e-06
1789106400042,1.12674e-05
1789110000124,8.7434e-06
1789113600085,-1.2815e-06
1789117200037,-7.6506e-06
1789120800021,-8.0271e-06
1789124400046,-2.9742e-06
1789128000006,-2.4571e-06
1789131600057,5.9938e-06
1789135200020,1.25e-05
1789138800047,1.25e-05
1789142400047,1.25e-05
1789146000028,1.25e-05
1789149600021,1.13891e-05
1789153200011,2.6512e-06
1789156800017,1.15636e-05
1789160400000,1.25e-05
1789164000041,1.25e-05
1789167600007,1.25e-05
1789171200064,9.7168e-06
1789174800041,-1.5033e-06
1789178400023,1.0111e-05
1789182000036,-2.0555e-06
1789185600037,-3.339e-07
1789189200028,1.25e-05
1789192800003,3.7967e-06
1789196400009,-7.2506e-06
1789200000039,-6.2938e-06
1789203600059,-6.9207e-06
1789207200014,7.353e-07
1789210800059,5.3705e-06
1789214400037,8.6178e-06
1789218000041,3.8129e-06
1789221600000,8.6555e-06
1789225200104,1.25e-05
1789228800001,1.09532e-05
1789232400043,4.953e-06
1789236000008,5.729e-06
1789239600008,6.2645e-06
1789243200022,6.5621e-06
1789246800010,5.4498e-06
1789250400013,1.25e-05
1789254000043,3.0739e-06
1789257600049,6.4078e-06
1789261200026,2.7868e-06
1789264800029,1.25e-05
1789268400061,1.25e-05
1789272000042,6.3271e-06
1789275600117,-8.294e-07
1789279200007,5.9394e-06
1789282800041,6.211e-06
1789286400020,3.915e-07
1789290000029,4.447e-07
1789293600008,-1.25889e-05
1789297200026,-1.7277e-06
1789300800053,2.5103e-06
1789304400019,2.3775e-06
1789308000107,5.9887e-06
1789311600038,-7.9516e-06
1789315200070,-3.0511e-06
1789318800040,4.7274e-06
1789322400042,8.7384e-06
1789326000020,1.7404e-06
1789329600000,-6.0684e-06
1789333200020,-5.6198e-06
1789336800010,3.4338e-06
1789340400023,-5.0372e-06
1789344000068,2.903e-07
1789347600018,-4.8732e-06
1789351200022,4.0912e-06
1789354800024,1.25e-05
1789358400022,7.2905e-06
1789362000040,1.25e-05
1789365600057,6.4483e-06
1789369200040,1.25e-05
1789372800034,1.25e-05
1789376400007,1.25e-05
1789380000021,1.25e-05
1789383600121,1.25e-05
1789387200046,1.25e-05
1789390800014,1.25e-05
1789394400028,1.25e-05
1789398000030,1.25e-05
1789401600030,1.25e-05
1789405200041,1.25e-05
1789408800060,1.25e-05
1789412400016,1.25e-05
1789416000079,1.25e-05
1789419600027,1.25e-05
1789423200047,1.25e-05
1789426800132,1.25e-05
1789430400024,1.25e-05
1789434000042,1.25e-05
1789437600052,1.25e-05
1789441200097,1.25e-05
1789444800037,1.1643e-05
1789448400016,1.25e-05
1789452000003,1.15515e-05
1789455600083,1.25e-05
1789459200008,1.19431e-05
1789462800049,1.22671e-05
1789466400030,1.03856e-05
1789470000036,9.2789e-06
1789473600039,1.25e-05
1789477200117,1.25e-05
1789480800005,1.25e-05
1789484400050,1.344e-07
1789488000014,2.1525e-06
1789491600014,-4.2654e-06
1789495200017,1.6091e-06
1789498800047,-9.7198e-06
1789502400033,-1.7827e-05
1789506000077,-1.60998e-05
1789509600043,-1.32231e-05
1789513200062,-8.8088e-06
1789516800021,-1.37177e-05
1789520400024,-1.0799e-05
1789524000058,-5.0912e-06
1789527600035,-5.2025e-06
1789531200018,-5.965e-07
1789534800004,5.3453e-06
1789538400081,9.3186e-06
1789542000026,1.25e-05
1789545600035,6.5226e-06
1789549200091,-9.5831e-06
1789552800004,-8.8989e-06
1789556400029,-7.9608e-06
1789560000079,1.25e-05
1789563600018,7.9326e-06
1789567200013,4.7677e-06
1789570800012,8.1164e-06
1789574400037,1.25e-05
1789578000112,1.25e-05
1789581600011,1.25e-05
1789585200054,1.25e-05
1789588800091,4.6432e-06
1789592400031,1.2477e-05
1789596000002,6.4438e-06
1789599600022,4.789e-06
1789603200048,7.4742e-06
1789606800065,3.6323e-06
1789610400031,9.8851e-06
1789614000045,6.6616e-06
1789617600038,1.10477e-05
1789621200068,4.2524e-06
1789624800010,1.02071e-05
1789628400016,7.9641e-06
1789632000011,1.25e-05
1789635600001,7.3373e-06
1789639200041,1.25e-05
1789642800058,-5.3779e-06
1789646400058,1.8978e-06
1789650000018,1.25e-05
1789653600029,9.8299e-06
1789657200000,1.25e-05
1789660800021,9.3093e-06
1789664400089,1.25e-05
1789668000043,1.25e-05
1789671600007,1.25e-05
1789675200068,1.25e-05
1789678800016,1.25e-05
1789682400006,1.25e-05
1789686000018,1.14806e-05
1789689600005,1.16971e-05
1789693200106,1.0359e-05
1789696800015,1.25e-05
1789700400050,1.25e-05
1789704000030,1.25e-05
1789707600009,1.25e-05
1789711200035,1.25e-05
1789714800058,1.25e-05
1789718400019,1.25e-05
1789722000028,1.25e-05
1789725600041,1.25e-05
1789729200059,1.25e-05
1789732800005,1.25e-05
1789736400054,1.25e-05
1789740000014,1.25e-05
1789743600019,1.25e-05
1789747200023,1.25e-05
1789750800033,1.25e-05
1789754400069,1.25e-05
1789758000083,1.25e-05
1789761600036,1.25e-05
1789765200033,1.25e-05
1789768800024,1.25e-05
1789772400009,1.25e-05
1789776000048,1.25e-05
1789779600049,1.25e-05
1789783200035,1.25e-05
1789786800051,1.25e-05
1789790400012,1.25e-05
1789794000045,1.25e-05
1789797600067,1.25e-05
1789801200050,1.25e-05
1789804800095,1.25e-05
1789808400016,1.25e-05
1789812000053,1.25e-05
1789815600055,1.25e-05
1789819200053,1.25e-05
1789822800026,1.25e-05
1789826400022,1.25e-05
1789830000035,1.25e-05
1789833600032,1.25e-05
1789837200015,1.25e-05
1789840800037,1.25e-05
1789844400030,1.25e-05
1789848000021,1.25e-05
1789851600054,1.25e-05
1789855200034,1.25e-05
1789858800052,1.25e-05
1789862400057,1.25e-05
1789866000055,1.25e-05
1789869600005,1.25e-05
1789873200039,1.25e-05
1789876800051,1.25e-05
1789880400014,1.25e-05
1789884000017,1.25e-05
1789887600013,1.25e-05
1789891200021,1.25e-05
1789894800064,1.25e-05
1789898400052,1.25e-05
1789902000044,1.25e-05
1789905600043,1.25e-05
1789909200064,1.25e-05
1789912800025,1.25e-05
1789916400037,1.25e-05
1789920000035,1.25e-05
1789923600004,1.25e-05
1789927200038,1.25e-05
1789930800013,1.25e-05
1789934400046,1.25e-05
1789938000056,1.25e-05
1789941600032,1.25e-05
1789945200033,1.25e-05
1789948800072,1.25e-05
1789952400054,1.25e-05
1789956000032,1.25e-05
1789959600007,1.25e-05
1789963200070,1.25e-05
1789966800008,1.25e-05
1789970400040,1.25e-05
1789974000047,1.25e-05
1789977600069,1.25e-05
1789981200073,1.25e-05
1789984800022,1.25e-05
1789988400040,1.25e-05
1789992000012,1.53018e-05
1789995600016,1.25e-05
1789999200050,2.58838e-05
1790002800016,1.63603e-05
1790006400108,1.25e-05
1790010000083,1.25e-05
1790013600013,1.25e-05
1790017200031,1.25e-05
1790020800056,1.25e-05
1790024400050,1.25e-05
1790028000000,1.25e-05
1790031600034,1.25e-05
1790035200028,1.25e-05
1790038800043,1.25e-05
1790042400020,1.56998e-05
1790046000012,1.91528e-05
1790049600050,1.25e-05
1790053200001,1.25e-05
1790056800032,1.25e-05
1790060400019,1.25e-05
1790064000012,1.25e-05
1790067600013,1.25e-05
1790071200001,2.47688e-05
1790074800014,1.25e-05
1790078400053,2.96052e-05
1790082000080,3.34341e-05
1790085600059,2.2489e-05
1790089200000,1.25e-05
1790092800071,1.25e-05
1790096400085,1.25e-05
1790100000057,1.25e-05
1790103600072,1.25e-05
1790107200040,1.25e-05
1790110800004,1.25e-05
1790114400062,1.25e-05
1790118000027,1.25e-05
1790121600031,2.00405e-05
1790125200061,1.68237e-05
1790128800025,1.41089e-05
1790132400051,1.25e-05
1790136000024,1.71067e-05
1790139600009,2.36101e-05
1790143200005,2.20948e-05
1790146800002,1.25e-05
1790150400033,1.25e-05
1790154000065,1.25e-05
1790157600062,1.25e-05
1790161200047,1.25e-05
1790164800030,1.25e-05
1790168400050,1.25e-05
1790172000043,1.25e-05
1790175600003,1.25e-05
1790179200048,1.25e-05
1790182800005,1.25e-05
1790186400074,1.25e-05
1790190000015,1.25e-05
1790193600071,1.25e-05
1790197200118,1.25e-05
1790200800015,1.25e-05
1790204400039,1.25e-05
1790208000045,1.25e-05
1790211600025,1.25e-05
1790215200029,1.25e-05
1790218800001,1.25e-05
1790222400038,1.25e-05
1790226000007,1.25e-05
1790229600061,1.25e-05
1790233200056,9.5768e-06
1790236800017,1.25e-05
1790240400034,1.25e-05
1790244000011,-4.622e-07
1790247600045,-1.54e-06
1790251200065,1.04218e-05
1790254800003,1.25e-05
1790258400035,1.25e-05
1790262000014,1.25e-05
1790265600030,1.25e-05
1790269200058,1.25e-05
1790272800058,1.02077e-05
1790276400018,1.25e-05
1790280000054,1.03617e-05
1790283600088,8.7369e-06
1790287200013,1.25e-05
1790290800038,9.2985e-06
1790294400076,1.25e-05
1790298000027,1.25e-05
1790301600059,1.25e-05
1790305200086,1.25e-05
1790308800036,1.25e-05
1790312400040,1.25e-05
1790316000121,1.25e-05
1790319600043,1.25e-05
1790323200066,1.25e-05
1790326800051,1.25e-05
1790330400040,1.25e-05
1790334000005,1.25e-05
1790337600040,1.25e-05
1790341200017,1.25e-05
1790344800040,1.25e-05
1790348400042,1.25e-05
1790352000015,1.25e-05
1790355600045,1.25e-05
1790359200046,1.25e-05
1790362800061,1.25e-05
1790366400094,1.25e-05
1790370000019,1.25e-05
1790373600065,1.25e-05
1790377200029,1.25e-05
1790380800002,1.25e-05
1790384400063,1.25e-05
1790388000051,1.25e-05
1790391600063,1.25e-05
1790395200127,1.25e-05
1790398800053,1.25e-05
1790402400003,1.25e-05
1790406000062,1.25e-05
1790409600016,1.25e-05
1790413200003,1.25e-05
1790416800067,1.25e-05
1790420400004,1.25e-05
1790424000047,1.25e-05
1790427600035,1.25e-05
1790431200006,1.25e-05
1790434800060,1.25e-05
1790438400023,1.25e-05
1790442000074,1.25e-05
1790445600064,1.25e-05
1790449200041,1.25e-05
1790452800001,1.25e-05
1790456400055,1.25e-05
1790460000014,1.25e-05
1790463600010,1.25e-05
1790467200067,1.25e-05
1790470800109,1.25e-05
1790474400044,1.25e-05
1790478000037,1.25e-05
1790481600064,1.25e-05
1790485200078,1.25e-05
1790488800004,1.25e-05
1790492400103,1.25e-05
1790496000019,1.25e-05
1790499600102,1.25e-05
1790503200009,1.25e-05
1790506800042,1.25e-05
1790510400075,1.25e-05
1790514000029,1.25e-05
1790517600041,1.25e-05
1790521200029,1.25e-05
1790524800057,1.25e-05
1790528400015,1.25e-05
1790532000004,1.25e-05
1790535600037,1.25e-05
1790539200040,1.25e-05
1790542800090,1.25e-05
1790546400030,1.25e-05
1790550000045,1.25e-05
1790553600025,1.25e-05
1790557200001,1.25e-05
1790560800063,1.25e-05
1790564400036,5.282e-06
1790568000046,6.6723e-06
1790571600037,1.00406e-05
1790575200119,3.33e-06
1790578800055,1.25e-05
1790582400052,1.25e-05
1790586000028,1.25e-05
1790589600018,1.25e-05
1790593200027,1.25e-05
1790596800054,1.25e-05
1790600400050,1.25e-05
1790604000070,1.25e-05
1790607600054,1.25e-05
1790611200046,1.25e-05
1790614800018,1.25e-05
1790618400067,1.25e-05
1790622000008,1.25e-05
1790625600041,1.25e-05
1790629200023,1.25e-05
1790632800008,1.25e-05
1790636400005,1.25e-05
1790640000079,1.25e-05
1790643600020,1.09427e-05
1790647200023,-5.466e-07
1790650800055,-6.499e-07
1790654400047,1.25e-05
1790658000031,2.4876e-06
1790661600024,1.4594e-06
1790665200045,6.5519e-06
1790668800049,1.25e-05
1790672400050,1.25e-05
1790676000041,1.25e-05
1790679600030,1.25e-05
1790683200051,1.25e-05
1790686800058,1.25e-05
1790690400028,1.07263e-05
1790694000109,8.3604e-06
1790697600055,1.21446e-05
1790701200021,1.25e-05
1790704800018,1.25e-05
1790708400053,1.25e-05
1790712000071,1.25e-05
1790715600013,6.3358e-06
1790719200065,3.639e-06
1790722800031,1.25e-05
1790726400042,7.8947e-06
1790730000014,-1.1931e-06
1790733600030,-3.288e-06
1790737200041,-7.79e-06
1790740800018,1.1156e-06
1790744400022,4.2909e-06
1790748000000,6.0728e-06
1790751600012,9.3652e-06
1790755200006,1.6248e-06
1790758800033,-6.844e-06
1790762400054,9.9182e-06
1790766000000,1.25e-05
1790769600056,1.25e-05
1790773200016,1.25e-05
1790776800044,1.25e-05
1790780400083,3.5558e-06
1790784000113,-2.8474e-06
1790787600035,1.25e-05
1790791200021,1.25e-05
1790794800064,7.7884e-06
1790798400022,-1.42823e-05
1790802000036,-1.1255e-05
1790805600030,-7.0323e-06
1790809200017,1.608e-07
1790812800051,5.6114e-06
1790816400041,9.8512e-06
1790820000044,1.25e-05
1790823600052,1.25e-05
1790827200008,1.08532e-05
1790830800016,1.25e-05
1790834400093,1.25e-05
1790838000062,1.25e-05
1790841600032,9.4527e-06
1790845200052,-8.9406e-06
1790848800021,-1.24591e-05
1790852400010,-3.1753e-06
1790856000034,7.572e-06
1790859600006,5.5417e-06
1790863200041,1.2023e-06
1790866800008,9.6014e-06
1790870400034,3.6458e-06
1790874000126,1.04833e-05
1790877600009,5.0275e-06
1790881200019,7.2242e-06
1790884800066,1.25e-05
1790888400002,1.25e-05
1790892000052,1.25e-05
1790895600041,1.9525e-06
1790899200027,9.9442e-06
1790902800060,1.25e-05
1790906400045,1.25e-05
1790910000089,1.25e-05
1790913600127,1.25e-05
1790917200008,1.25e-05
1790920800039,1.25e-05
1790924400045,1.25e-05
1790928000067,1.25e-05
1790931600042,1.25e-05
1790935200047,1.25e-05
1790938800052,1.25e-05
1790942400053,1.25e-05
1790946000044,1.25e-05
1790949600006,1.25e-05
1790953200044,1.25e-05
1790956800024,1.25e-05
1790960400026,9.3935e-06
1790964000058,3.7023e-06
1790967600030,-2.193e-06
1790971200019,2.0777e-06
1790974800000,2.6705e-06
1790978400018,-4.2605e-06
1790982000017,-4.85e-08
1790985600106,5.7852e-06
1790989200032,7.5483e-06
1790992800063,5.9072e-06
1790996400046,-4.4595e-06
1791000000020,-1.8698e-06
1791003600001,1.25e-05
1791007200033,1.25e-05
1791010800076,6.5437e-06
1791014400007,1.7718e-06
1791018000019,1.388e-07
1791021600000,1.9321e-06
1791025200044,1.04131e-05
1791028800062,-3.496e-07
1791032400025,3.958e-07
1791036000015,6.998e-07
1791039600012,4.509e-06
1791043200045,7.5465e-06
1791046800022,4.6012e-06
1791050400021,9.5086e-06
1791054000003,8.9382e-06
1791057600064,9.6831e-06
1791061200040,3.5925e-06
1791064800078,4.8127e-06
1791068400002,8.211e-06
1791072000002,6.9451e-06
1791075600041,5.6483e-06
1791079200043,2.1251e-06
1791082800032,1.25e-05
1791086400055,1.12911e-05
1791090000039,1.10193e-05
1791093600013,1.25e-05
1791097200072,1.25e-05
1791100800002,1.25e-05
1791104400031,9.421e-06
1791108000022,7.1356e-06
1791111600017,1.25e-05
1791115200071,-1.3013e-05
1791118800055,-4.0787e-06
1791122400035,2.4138e-06
1791126000049,1.09658e-05
1791129600013,5.4505e-06
1791133200017,8.6876e-06
1791136800006,1.21758e-05
1791140400029,1.25e-05
1791144000011,1.25e-05
1791147600054,8.6639e-06
1791151200014,1.25e-05
1791154800040,1.25e-05
1791158400121,1.25e-05
1791162000016,1.19753e-05
1791165600057,7.4653e-06
1791169200006,4.6685e-06
1791172800040,-5.5568e-06
1791176400078,-8.7414e-06
1791180000046,6.2496e-06
1791183600049,1.25e-05
1791187200052,1.25e-05
1791190800025,1.25e-05
1791194400036,1.25e-05
1791198000065,1.25e-05
1791201600069,8.7682e-06
1791205200031,1.10451e-05
1791208800034,1.25e-05
1791212400001,1.15099e-05
1791216000037,-2.321e-07
1791219600012,-6.1544e-06
1791223200078,-4.4627e-06
1791226800062,1.43e-07
1791230400065,3.3538e-06
1791234000007,1.25e-05
1791237600006,1.25e-05
1791241200042,1.25e-05
1791244800027,1.25e-05
1791248400051,1.25e-05
1791252000089,1.25e-05
1791255600057,1.25e-05
1791259200066,1.25e-05
1791262800016,1.25e-05
1791266400028,1.25e-05
1791270000032,1.25e-05
1791273600042,1.25e-05
1791277200006,1.25e-05
1791280800037,1.25e-05
1791284400039,1.25e-05
1791288000027,1.25e-05
1791291600007,1.25e-05
1791295200046,1.25e-05
1791298800024,1.25e-05
1791302400068,1.25e-05
1791306000020,1.25e-05
1791309600093,1.25e-05
1791313200014,1.25e-05
1791316800056,1.25e-05
1791320400003,1.25e-05
1791324000019,1.25e-05
1791327600041,1.25e-05
1791331200024,1.25e-05
1791334800007,1.25e-05
1791338400083,1.25e-05
1791342000034,8.2254e-06
1791345600013,-5.086e-07
1791349200001,2.3381e-06
1791352800005,1.00479e-05
1791356400090,1.25e-05
1791360000039,3.7216e-06
1791363600063,5.4038e-06
1791367200063,9.9324e-06
1791370800057,1.25e-05
1791374400081,1.25e-05
1791378000058,1.25e-05
1791381600050,1.25e-05
1791385200062,1.25e-05
1791388800026,1.25e-05
1791392400024,1.25e-05
1791396000002,1.25e-05
1791399600039,1.25e-05
1791403200006,1.25e-05
1791406800036,1.25e-05
1791410400050,1.25e-05
1791414000006,8.8846e-06
1791417600062,1.25e-05
1791421200128,1.12973e-05
1791424800012,1.19271e-05
1791428400049,1.14069e-05
1791432000046,6.5063e-06
1791435600004,1.1077e-06
1791439200058,1.25e-05
1791442800066,1.25e-05
1791446400038,1.25e-05
1791450000024,1.25e-05
1791453600074,1.25e-05
1791457200022,1.25e-05
1791460800053,1.13656e-05
1791464400033,1.25e-05
1791468000022,1.25e-05
1791471600040,1.25e-05
1791475200042,-7.6467e-06
1791478800051,7.7875e-06
1791482400023,1.25e-05
1791486000034,1.04432e-05
