t_ms,rate
1704067200151,2.39117e-05
1704070800006,1.25e-05
1704074400173,1.25e-05
1704078000037,1.25e-05
1704081600362,1.25e-05
1704085200368,1.25e-05
1704088800130,1.25e-05
1704092400410,1.25e-05
1704096000029,5.843e-06
1704099600110,5.0002e-06
1704103200355,3.5896e-06
1704106800050,-4.39e-08
1704110400367,-1.4112e-06
1704114000334,-8.2852e-06
1704117600237,-7.82e-06
1704121200090,-1.496e-06
1704124800074,-3.6779e-06
1704128400419,9.8197e-06
1704132000049,1.25e-05
1704135600146,5.18661e-05
1704139200056,9.62999e-05
1704142800051,0.0001070005
1704146400274,0.000121009
1704150000281,0.0001671794
1704153600127,0.0001526683
1704157200376,5.80583e-05
1704160800068,4.75933e-05
1704164400365,1.25e-05
1704168000005,1.25e-05
1704171600079,3.26212e-05
1704175200305,8.18182e-05
1704178800047,0.0001139354
1704182400032,0.0001123533
1704186000092,8.91118e-05
1704189600370,0.0001083503
1704193200161,0.0001276936
1704196800114,0.0001388465
1704200400007,0.0001616419
1704204000033,0.0001569521
1704207600148,0.0001534874
1704211200025,0.0001634049
1704214800369,6.38071e-05
1704218400142,3.64174e-05
1704222000294,1.56699e-05
1704225600130,1.25e-05
1704229200064,1.25e-05
1704232800274,1.25e-05
1704236400336,1.25e-05
1704240000058,9.4013e-06
1704243600198,1.25e-05
1704247200337,9.7206e-06
1704250800298,1.25e-05
1704254400081,4.0506e-06
1704258000148,1.25e-05
1704261600105,9.73059e-05
1704265200401,0.0001287198
1704268800203,0.0001342712
1704272400021,6.9424e-05
1704276000005,8.13155e-05
1704279600386,7.84944e-05
1704283200201,5.03899e-05
1704286800152,-5.55449e-05
1704290400220,-6.01304e-05
1704294000065,1.25e-05
1704297600215,1.25e-05
1704301200035,1.25e-05
1704304800335,1.25e-05
1704308400072,1.25e-05
1704312000057,1.25e-05
1704315600025,1.25e-05
1704319200091,1.25e-05
1704322800162,1.25e-05
1704326400325,1.25e-05
1704330000286,1.25e-05
1704333600393,1.25e-05
1704337200365,1.25e-05
1704340800108,1.25e-05
1704344400417,1.25e-05
1704348000003,1.25e-05
1704351600119,1.43572e-05
1704355200125,1.88081e-05
1704358800400,1.25e-05
1704362400001,1.25e-05
1704366000308,1.25e-05
1704369600080,1.30706e-05
1704373200377,1.25e-05
1704376800434,1.25e-05
1704380400387,1.25e-05
1704384000187,1.25e-05
1704387600250,1.25e-05
1704391200362,1.25e-05
1704394800047,1.25e-05
1704398400010,1.25e-05
1704402000311,1.25e-05
1704405600308,1.25e-05
1704409200158,1.25e-05
1704412800074,1.67888e-05
1704416400204,1.25e-05
1704420000049,1.25e-05
1704423600228,1.25e-05
1704427200062,1.25e-05
1704430800073,1.25e-05
1704434400137,1.25e-05
1704438000200,1.25e-05
1704441600061,1.25e-05
1704445200187,1.25e-05
1704448800034,1.25e-05
1704452400013,1.25e-05
1704456000158,1.25e-05
1704459600064,1.25e-05
1704463200336,1.25e-05
1704466800188,1.25e-05
1704470400203,1.25e-05
1704474000113,1.25e-05
1704477600358,1.25e-05
1704481200266,1.25e-05
1704484800390,1.25e-05
1704488400154,1.25e-05
1704492000142,1.25e-05
1704495600377,1.25e-05
1704499200082,1.25e-05
1704502800334,1.25e-05
1704506400104,1.25e-05
1704510000249,1.25e-05
1704513600030,1.25e-05
1704517200187,1.25e-05
1704520800249,1.25e-05
1704524400025,1.25e-05
1704528000388,1.25e-05
1704531600122,1.25e-05
1704535200019,1.25e-05
1704538800041,1.25e-05
1704542400315,1.25e-05
1704546000096,1.13507e-05
1704549600117,2.4683e-06
1704553200138,1.25e-05
1704556800238,1.25e-05
1704560400417,1.25e-05
1704564000019,1.25e-05
1704567600117,1.25e-05
1704571200359,1.25e-05
1704574800086,1.25e-05
1704578400401,1.25e-05
1704582000253,1.25e-05
1704585600173,1.25e-05
1704589200037,1.25e-05
1704592800146,1.25e-05
1704596400010,1.25e-05
1704600000129,1.25e-05
1704603600072,1.25e-05
1704607200019,1.25e-05
1704610800288,1.25e-05
1704614400344,1.25e-05
1704618000050,1.25e-05
1704621600109,1.25e-05
1704625200391,1.25e-05
1704628800014,1.25e-05
1704632400175,1.25e-05
1704636000009,1.25e-05
1704639600356,1.25e-05
1704643200288,1.25e-05
1704646800170,1.25e-05
1704650400094,1.25e-05
1704654000008,1.25e-05
1704657600073,1.25e-05
1704661200219,1.22396e-05
1704664800357,-9.1067e-06
1704668400145,-3.05053e-05
1704672000001,-4.25092e-05
1704675600392,-1.51913e-05
1704679200365,-1.88739e-05
1704682800142,-2.03726e-05
1704686400067,-1.69002e-05
1704690000411,-8.0521e-06
1704693600074,1.25e-05
1704697200006,1.25e-05
1704700800292,1.25e-05
1704704400083,1.25e-05
1704708000353,1.25e-05
1704711600372,1.25e-05
1704715200026,1.25e-05
1704718800308,1.25e-05
1704722400134,1.25e-05
1704726000147,1.25e-05
1704729600207,1.00877e-05
1704733200015,1.25e-05
1704736800044,1.25e-05
1704740400022,1.25e-05
1704744000165,1.25e-05
1704747600351,1.25e-05
1704751200321,1.25e-05
1704754800320,1.25e-05
1704758400145,1.25e-05
1704762000430,1.25e-05
1704765600339,1.25e-05
1704769200373,1.25e-05
1704772800048,1.25e-05
1704776400034,1.25e-05
1704780000341,1.25e-05
1704783600251,1.25e-05
1704787200270,1.25e-05
1704790800237,1.25e-05
1704794400120,1.25e-05
1704798000112,1.25e-05
1704801600211,1.25e-05
1704805200048,1.25e-05
1704808800134,1.25e-05
1704812400106,1.25e-05
1704816000278,1.25e-05
1704819600282,1.25e-05
1704823200234,1.25e-05
1704826800245,1.25e-05
1704830400270,1.25e-05
1704834000207,1.25e-05
1704837600101,1.25e-05
1704841200142,1.25e-05
1704844800439,1.25e-05
1704848400108,1.25e-05
1704852000055,1.25e-05
1704855600156,1.25e-05
1704859200011,1.25e-05
1704862800142,1.25e-05
1704866400228,1.25e-05
1704870000327,1.25e-05
1704873600195,1.25e-05
1704877200018,1.25e-05
1704880800105,1.25e-05
1704884400259,1.25e-05
1704888000296,1.25e-05
1704891600006,1.25e-05
1704895200008,1.25e-05
1704898800050,1.25e-05
1704902400330,1.25e-05
1704906000057,1.25e-05
1704909600072,1.25e-05
1704913200015,1.25e-05
1704916800114,1.25e-05
1704920400163,1.25e-05
1704924000130,1.63934e-05
1704927600135,2.73768e-05
1704931200079,3.50474e-05
1704934800126,1.25e-05
1704938400444,1.25e-05
1704942000370,1.25e-05
1704945600375,1.25e-05
1704949200445,1.25e-05
1704952800015,1.25e-05
1704956400093,1.25e-05
1704960000065,1.25e-05
1704963600093,1.25e-05
1704967200181,1.25e-05
1704970800031,1.25e-05
1704974400401,1.25e-05
1704978000146,1.25e-05
1704981600043,1.25e-05
1704985200380,1.25e-05
1704988800021,1.25e-05
1704992400141,1.25e-05
1704996000355,1.25e-05
1704999600175,1.25e-05
1705003200393,1.25e-05
1705006800036,1.25e-05
1705010400265,1.25e-05
1705014000169,1.25e-05
1705017600117,1.25e-05
1705021200061,1.25e-05
1705024800080,1.25e-05
1705028400080,1.25e-05
1705032000063,1.25e-05
1705035600289,1.25e-05
1705039200363,1.25e-05
1705042800124,2.1145e-05
1705046400303,1.25e-05
1705050000257,1.25e-05
1705053600154,1.25e-05
1705057200394,1.25e-05
1705060800038,1.25e-05
1705064400164,1.49519e-05
1705068000229,1.54483e-05
1705071600237,1.25e-05
1705075200304,1.25e-05
1705078800344,1.25e-05
1705082400306,1.25e-05
1705086000237,1.25e-05
1705089600198,1.25e-05
1705093200059,1.25e-05
1705096800070,1.25e-05
1705100400193,1.25e-05
1705104000120,1.25e-05
1705107600292,1.25e-05
1705111200180,1.25e-05
1705114800229,1.25e-05
1705118400327,1.25e-05
1705122000285,1.25e-05
1705125600196,1.25e-05
1705129200237,1.25e-05
1705132800152,1.25e-05
1705136400276,1.25e-05
1705140000104,1.25e-05
1705143600019,1.25e-05
1705147200030,1.25e-05
1705150800168,1.25e-05
1705154400439,1.25e-05
1705158000148,1.25e-05
1705161600325,1.25e-05
1705165200127,1.25e-05
1705168800269,1.25e-05
1705172400090,1.25e-05
1705176000268,1.25e-05
1705179600230,1.25e-05
1705183200145,1.25e-05
1705186800144,1.25e-05
1705190400301,1.25e-05
1705194000374,1.25e-05
1705197600098,1.25e-05
1705201200090,1.25e-05
1705204800165,1.25e-05
1705208400017,1.25e-05
1705212000376,1.25e-05
1705215600163,1.25e-05
1705219200192,1.25e-05
1705222800079,1.25e-05
1705226400224,1.25e-05
1705230000140,1.25e-05
1705233600208,1.25e-05
1705237200066,1.25e-05
1705240800238,1.25e-05
1705244400395,1.25e-05
1705248000032,1.25e-05
1705251600446,1.25e-05
1705255200195,1.25e-05
1705258800144,1.25e-05
1705262400105,1.25e-05
1705266000340,1.25e-05
1705269600091,1.25e-05
1705273200209,1.25e-05
1705276800000,1.25e-05
1705280400358,1.25e-05
1705284000081,1.25e-05
1705287600022,1.25e-05
1705291200330,1.25e-05
1705294800352,1.25e-05
1705298400125,1.25e-05
1705302000181,1.25e-05
1705305600427,1.25e-05
1705309200111,1.25e-05
1705312800017,1.25e-05
1705316400174,1.25e-05
1705320000028,1.25e-05
1705323600366,1.25e-05
1705327200189,1.25e-05
1705330800017,1.25e-05
1705334400202,1.25e-05
1705338000344,1.25e-05
1705341600091,1.25e-05
1705345200410,1.25e-05
1705348800083,1.25e-05
1705352400364,1.25e-05
1705356000011,1.25e-05
1705359600317,1.25e-05
1705363200090,1.25e-05
1705366800442,1.25e-05
1705370400218,1.25e-05
1705374000312,1.25e-05
1705377600322,1.25e-05
1705381200249,1.25e-05
1705384800179,1.25e-05
1705388400315,1.25e-05
1705392000030,1.25e-05
1705395600016,1.25e-05
1705399200383,1.25e-05
1705402800113,1.25e-05
1705406400074,1.25e-05
1705410000351,1.25e-05
1705413600107,1.25e-05
1705417200358,1.25e-05
1705420800053,1.25e-05
1705424400021,1.25e-05
1705428000150,1.25e-05
1705431600275,1.25e-05
1705435200182,1.25e-05
1705438800356,1.25e-05
1705442400378,1.25e-05
1705446000079,1.25e-05
1705449600098,1.25e-05
1705453200203,1.25e-05
1705456800336,1.25e-05
1705460400226,1.25e-05
1705464000099,1.25e-05
1705467600442,1.25e-05
1705471200001,1.25e-05
1705474800259,1.25e-05
1705478400028,1.25e-05
1705482000329,1.25e-05
1705485600430,1.25e-05
1705489200217,1.25e-05
1705492800018,1.25e-05
1705496400358,1.25e-05
1705500000286,1.25e-05
1705503600009,1.25e-05
1705507200008,1.25e-05
1705510800105,1.25e-05
1705514400045,1.25e-05
1705518000034,1.25e-05
1705521600226,1.25e-05
1705525200143,1.25e-05
1705528800277,1.25e-05
1705532400438,1.94344e-05
1705536000095,3.43278e-05
1705539600160,1.25e-05
1705543200057,1.25e-05
1705546800212,1.25e-05
1705550400116,1.25e-05
1705554000357,1.25e-05
1705557600409,1.25e-05
1705561200200,1.56593e-05
1705564800182,1.27747e-05
1705568400050,1.25e-05
1705572000185,1.25e-05
1705575600011,1.25e-05
1705579200268,1.25e-05
1705582800154,1.25e-05
1705586400015,1.25e-05
1705590000096,2.68622e-05
1705593600154,4.75258e-05
1705597200124,1.32055e-05
1705600800098,1.25762e-05
1705604400413,1.25e-05
1705608000103,1.25e-05
1705611600422,1.25e-05
1705615200307,1.25e-05
1705618800010,1.25e-05
1705622400051,1.25e-05
1705626000188,1.25e-05
1705629600173,1.25e-05
1705633200141,1.25e-05
1705636800097,1.25e-05
1705640400052,1.25e-05
1705644000031,1.25e-05
1705647600193,1.25e-05
1705651200248,1.25e-05
1705654800367,1.25e-05
1705658400153,1.25e-05
1705662000220,1.25e-05
1705665600011,1.25e-05
1705669200060,1.25e-05
1705672800303,1.25e-05
1705676400113,1.25e-05
1705680000446,1.25e-05
1705683600284,1.25e-05
1705687200223,1.25e-05
1705690800365,1.25e-05
1705694400193,1.25e-05
1705698000202,1.25e-05
1705701600037,1.25e-05
1705705200076,1.25e-05
1705708800109,1.25e-05
1705712400380,1.25e-05
1705716000391,1.25e-05
1705719600211,1.25e-05
1705723200082,1.25e-05
1705726800393,1.25e-05
1705730400403,1.25e-05
1705734000076,1.25e-05
1705737600141,1.25e-05
1705741200397,1.25e-05
1705744800182,1.25e-05
1705748400056,1.25e-05
1705752000330,1.25e-05
1705755600212,1.25e-05
1705759200086,1.25e-05
1705762800040,1.25e-05
1705766400467,1.25e-05
1705770000316,1.25e-05
1705773600194,1.25e-05
1705777200102,1.25e-05
1705780800326,1.25e-05
1705784400391,1.25e-05
1705788000089,1.25e-05
1705791600237,1.25e-05
1705795200023,1.25e-05
1705798800362,1.25e-05
1705802400372,1.25e-05
1705806000334,1.25e-05
1705809600239,1.25e-05
1705813200215,1.25e-05
1705816800077,1.25e-05
1705820400386,1.25e-05
1705824000435,1.25e-05
1705827600145,1.25e-05
1705831200451,1.25e-05
1705834800381,1.25e-05
1705838400058,1.25e-05
1705842000135,1.25e-05
1705845600001,1.25e-05
1705849200451,1.25e-05
1705852800245,1.25e-05
1705856400167,1.25e-05
1705860000066,1.25e-05
1705863600334,1.25e-05
1705867200313,1.25e-05
1705870800016,1.25e-05
1705874400065,1.25e-05
1705878000306,1.25e-05
1705881600256,1.25e-05
1705885200039,1.25e-05
1705888800276,1.25e-05
1705892400047,1.25e-05
1705896000065,1.25e-05
1705899600193,1.25e-05
1705903200226,1.25e-05
1705906800351,1.25e-05
1705910400058,1.25e-05
1705914000407,1.25e-05
1705917600453,1.25e-05
1705921200199,1.25e-05
1705924800236,1.25e-05
1705928400047,1.25e-05
1705932000155,1.25e-05
1705935600059,1.25e-05
1705939200328,1.25e-05
1705942800274,1.25e-05
1705946400427,1.25e-05
1705950000292,1.25e-05
1705953600147,1.25e-05
1705957200207,1.25e-05
1705960800262,1.25e-05
1705964400033,1.25e-05
1705968000059,1.25e-05
1705971600061,1.25e-05
1705975200385,1.25e-05
1705978800031,1.25e-05
1705982400305,1.25e-05
1705986000148,1.25e-05
1705989600165,1.25e-05
1705993200294,1.25e-05
1705996800065,1.25e-05
1706000400342,1.25e-05
1706004000304,1.25e-05
1706007600337,1.25e-05
1706011200342,1.25e-05
1706014800038,1.25e-05
1706018400401,1.25e-05
1706022000218,1.25e-05
1706025600219,1.25e-05
1706029200076,1.25e-05
1706032800044,1.25e-05
1706036400034,1.25e-05
1706040000066,1.25e-05
1706043600062,1.25e-05
1706047200177,1.25e-05
1706050800332,1.25e-05
1706054400001,1.25e-05
1706058000360,1.25e-05
1706061600459,1.25e-05
1706065200363,1.25e-05
1706068800210,1.25e-05
1706072400250,1.25e-05
1706076000072,1.25e-05
1706079600325,1.25e-05
1706083200018,1.25e-05
1706086800221,1.25e-05
1706090400338,1.25e-05
1706094000428,1.25e-05
1706097600232,1.25e-05
1706101200410,1.25e-05
1706104800338,1.25e-05
1706108400021,1.25e-05
1706112000035,1.25e-05
1706115600321,1.25e-05
1706119200249,1.25e-05
1706122800410,1.25e-05
1706126400300,1.25e-05
1706130000353,1.25e-05
1706133600037,1.25e-05
1706137200007,1.25e-05
1706140800272,1.25e-05
1706144400150,1.25e-05
1706148000115,1.25e-05
1706151600235,1.25e-05
1706155200252,1.25e-05
1706158800080,1.25e-05
1706162400058,1.25e-05
1706166000065,1.25e-05
1706169600269,1.25e-05
1706173200098,1.25e-05
1706176800271,1.25e-05
1706180400124,1.25e-05
1706184000020,1.25e-05
1706187600098,1.25e-05
1706191200341,1.25e-05
1706194800108,1.25e-05
1706198400290,1.25e-05
1706202000141,1.25e-05
1706205600354,1.25e-05
1706209200010,1.25e-05
1706212800288,1.25e-05
1706216400342,1.25e-05
1706220000431,1.25e-05
1706223600001,1.25e-05
1706227200126,1.25e-05
1706230800044,1.25e-05
1706234400134,1.25e-05
1706238000097,1.25e-05
1706241600365,1.25e-05
1706245200167,1.25e-05
1706248800203,1.25e-05
1706252400073,1.25e-05
1706256000025,1.25e-05
1706259600409,1.25e-05
1706263200156,1.25e-05
1706266800287,1.25e-05
1706270400050,1.25e-05
1706274000344,1.25e-05
1706277600140,1.25e-05
1706281200119,1.25e-05
1706284800212,1.25e-05
1706288400424,1.25e-05
1706292000091,1.25e-05
1706295600145,1.25e-05
1706299200053,1.25e-05
1706302800372,1.25e-05
1706306400445,1.25e-05
1706310000050,1.25e-05
1706313600124,1.25e-05
1706317200408,1.25e-05
1706320800184,1.25e-05
1706324400093,1.25e-05
1706328000340,1.25e-05
1706331600020,1.25e-05
1706335200048,1.25e-05
1706338800097,1.25e-05
1706342400385,1.25e-05
1706346000246,1.25e-05
1706349600246,1.25e-05
1706353200168,1.25e-05
1706356800003,1.25e-05
1706360400382,1.25e-05
1706364000116,1.25e-05
1706367600015,1.25e-05
1706371200018,1.25e-05
1706374800062,1.25e-05
1706378400334,1.25e-05
1706382000290,1.25e-05
1706385600323,1.25e-05
1706389200226,1.25e-05
1706392800267,1.25e-05
1706396400035,1.25e-05
1706400000009,1.25e-05
1706403600304,1.25e-05
1706407200360,1.25e-05
1706410800169,1.25e-05
1706414400046,1.25e-05
1706418000045,1.25e-05
1706421600167,1.25e-05
1706425200265,1.25e-05
1706428800225,1.25e-05
1706432400224,1.25e-05
1706436000014,1.25e-05
1706439600047,1.25e-05
1706443200352,1.25e-05
1706446800052,1.25e-05
1706450400263,1.25e-05
1706454000412,1.25e-05
1706457600234,1.25e-05
1706461200084,1.25e-05
1706464800107,1.25e-05
1706468400059,1.25e-05
1706472000333,1.25e-05
1706475600021,1.25e-05
1706479200032,1.25e-05
1706482800094,1.25e-05
1706486400422,1.25e-05
1706490000298,1.25e-05
1706493600004,1.25e-05
1706497200174,1.25e-05
1706500800199,1.25e-05
1706504400144,1.25e-05
1706508000020,1.25e-05
1706511600035,1.25e-05
1706515200275,1.25e-05
1706518800433,1.25e-05
1706522400300,1.25e-05
1706526000236,1.25e-05
1706529600409,1.25e-05
1706533200233,1.25e-05
1706536800260,1.25e-05
1706540400204,1.25e-05
1706544000423,1.25e-05
1706547600413,1.25e-05
1706551200230,1.25e-05
1706554800154,1.25e-05
1706558400387,1.25e-05
1706562000312,1.25e-05
1706565600240,1.25e-05
1706569200390,1.25e-05
1706572800039,1.25e-05
1706576400311,1.25e-05
1706580000317,1.25e-05
1706583600274,1.25e-05
1706587200081,1.25e-05
1706590800134,1.25e-05
1706594400266,1.25e-05
1706598000010,1.25e-05
1706601600430,1.25e-05
1706605200085,1.25e-05
1706608800004,1.25e-05
1706612400157,1.25e-05
1706616000110,1.25e-05
1706619600155,1.25e-05
1706623200249,1.25e-05
1706626800293,1.25e-05
1706630400129,1.25e-05
1706634000063,1.25e-05
1706637600161,1.25e-05
1706641200431,1.25e-05
1706644800236,1.25e-05
1706648400281,1.25e-05
1706652000116,1.25e-05
1706655600368,1.25e-05
1706659200193,1.25e-05
1706662800095,1.25e-05
1706666400045,1.25e-05
1706670000076,1.25e-05
1706673600426,1.25e-05
1706677200425,1.25e-05
1706680800321,1.25e-05
1706684400284,7.8314e-06
1706688000394,1.25e-05
1706691600380,1.25e-05
1706695200309,1.25e-05
1706698800036,1.25e-05
1706702400080,1.25e-05
1706706000356,1.25e-05
1706709600022,1.25e-05
1706713200198,8.1124e-06
1706716800300,1.25e-05
1706720400105,1.25e-05
1706724000262,1.25e-05
1706727600320,1.25e-05
1706731200422,1.25e-05
1706734800250,1.25e-05
1706738400018,1.25e-05
1706742000108,1.25e-05
1706745600299,1.25e-05
1706749200408,1.25e-05
1706752800259,1.25e-05
1706756400160,1.25e-05
1706760000103,1.25e-05
1706763600142,1.25e-05
1706767200120,1.25e-05
1706770800408,1.25e-05
1706774400254,1.25e-05
1706778000345,1.25e-05
1706781600379,1.25e-05
1706785200177,1.25e-05
1706788800264,1.25e-05
1706792400366,1.25e-05
1706796000147,1.25e-05
1706799600180,1.25e-05
1706803200447,1.25e-05
1706806800260,1.25e-05
1706810400173,1.25e-05
1706814000205,1.25e-05
1706817600121,1.25e-05
1706821200399,1.25e-05
1706824800036,1.25e-05
1706828400172,1.25e-05
1706832000429,1.25e-05
1706835600381,1.25e-05
1706839200337,1.25e-05
1706842800445,1.25e-05
1706846400163,1.25e-05
1706850000221,1.25e-05
1706853600110,1.25e-05
1706857200411,1.25e-05
1706860800386,1.25e-05
1706864400182,1.25e-05
1706868000364,1.25e-05
1706871600231,1.25e-05
1706875200334,1.25e-05
1706878800198,1.25e-05
1706882400391,1.25e-05
1706886000184,1.25e-05
1706889600281,1.25e-05
1706893200274,1.25e-05
1706896800150,1.25e-05
1706900400211,1.25e-05
1706904000055,1.25e-05
1706907600216,1.25e-05
1706911200427,1.25e-05
1706914800162,1.25e-05
1706918400226,1.25e-05
1706922000227,1.25e-05
1706925600016,1.25e-05
1706929200011,1.25e-05
1706932800135,1.25e-05
1706936400020,1.25e-05
1706940000181,1.25e-05
1706943600324,1.25e-05
1706947200029,1.25e-05
1706950800078,1.25e-05
1706954400047,1.25e-05
1706958000007,1.25e-05
1706961600302,1.25e-05
1706965200319,1.25e-05
1706968800055,1.25e-05
1706972400386,1.25e-05
1706976000143,1.25e-05
1706979600135,1.25e-05
1706983200349,1.25e-05
1706986800162,1.25e-05
1706990400032,1.25e-05
1706994000426,1.25e-05
1706997600429,1.25e-05
1707001200194,1.25e-05
1707004800077,1.25e-05
1707008400091,1.25e-05
1707012000437,1.25e-05
1707015600432,1.25e-05
1707019200203,1.25e-05
1707022800426,2.61304e-05
1707026400111,1.25e-05
1707030000054,1.25e-05
1707033600042,1.25e-05
1707037200442,1.25e-05
1707040800295,1.25e-05
1707044400046,1.25e-05
1707048000087,1.25e-05
1707051600106,1.25e-05
1707055200032,1.25e-05
1707058800431,1.25e-05
1707062400464,1.25e-05
1707066000081,1.25e-05
1707069600049,1.25e-05
1707073200389,1.25e-05
1707076800429,1.25e-05
1707080400285,1.25e-05
1707084000284,1.25e-05
1707087600360,1.25e-05
1707091200200,1.25e-05
1707094800241,1.25e-05
1707098400113,1.25e-05
1707102000277,1.25e-05
1707105600015,1.25e-05
1707109200111,1.25e-05
1707112800037,1.25e-05
1707116400156,1.25e-05
1707120000278,1.25e-05
1707123600022,1.25e-05
1707127200297,1.25e-05
1707130800129,1.25e-05
1707134400041,1.25e-05
1707138000275,1.25e-05
1707141600298,1.25e-05
1707145200029,1.25e-05
1707148800098,1.25e-05
1707152400397,1.25e-05
1707156000103,1.25e-05
1707159600098,1.25e-05
1707163200181,1.25e-05
1707166800058,1.25e-05
1707170400193,1.25e-05
1707174000136,1.25e-05
1707177600287,1.25e-05
1707181200120,1.25e-05
1707184800042,1.25e-05
1707188400352,1.25e-05
1707192000191,1.25e-05
1707195600159,1.25e-05
1707199200268,1.25e-05
1707202800095,1.25e-05
1707206400193,1.25e-05
1707210000314,1.25e-05
1707213600326,1.25e-05
1707217200082,1.25e-05
1707220800331,1.25e-05
1707224400009,1.25e-05
1707228000357,1.25e-05
1707231600309,1.25e-05
1707235200095,1.25e-05
1707238800373,1.25e-05
1707242400264,1.25e-05
1707246000007,1.25e-05
1707249600434,1.25e-05
1707253200430,1.25e-05
1707256800188,1.25e-05
1707260400019,1.25e-05
1707264000076,1.25e-05
1707267600365,1.25e-05
1707271200180,1.25e-05
1707274800410,1.25e-05
1707278400231,1.25e-05
1707282000130,1.25e-05
1707285600127,1.25e-05
1707289200172,1.25e-05
1707292800135,1.25e-05
1707296400333,1.25e-05
1707300000436,1.25e-05
1707303600187,1.25e-05
1707307200064,1.25e-05
1707310800410,1.25e-05
1707314400111,1.25e-05
1707318000257,1.25e-05
1707321600012,1.25e-05
1707325200297,1.25e-05
1707328800192,1.25e-05
1707332400252,1.25e-05
1707336000087,1.25e-05
1707339600286,1.25e-05
1707343200015,1.25e-05
1707346800166,1.25e-05
1707350400230,1.25e-05
1707354000372,1.25e-05
1707357600150,1.25e-05
1707361200282,1.25e-05
1707364800296,1.25e-05
1707368400015,1.25e-05
1707372000275,1.25e-05
1707375600061,1.25e-05
1707379200130,1.25e-05
1707382800338,1.25e-05
1707386400044,1.25e-05
1707390000196,1.25e-05
1707393600174,1.25e-05
1707397200047,1.25e-05
1707400800201,1.25e-05
1707404400314,1.25e-05
1707408000438,1.25e-05
1707411600438,1.25e-05
1707415200111,1.25e-05
1707418800410,1.25e-05
1707422400285,1.25e-05
1707426000156,1.25e-05
1707429600093,1.25e-05
1707433200304,1.25e-05
1707436800020,1.25e-05
1707440400072,1.25e-05
1707444000097,1.25e-05
1707447600006,1.25e-05
1707451200307,1.25e-05
1707454800395,1.25e-05
1707458400176,1.25e-05
1707462000201,1.25e-05
1707465600281,1.25e-05
1707469200019,1.25e-05
1707472800031,1.25e-05
1707476400273,1.25e-05
1707480000259,1.25e-05
1707483600286,1.25e-05
1707487200036,1.25e-05
1707490800143,1.25e-05
1707494400388,1.25e-05
1707498000260,1.25e-05
1707501600131,1.25e-05
1707505200346,1.25e-05
1707508800368,1.25e-05
1707512400421,1.25e-05
1707516000144,1.25e-05
1707519600154,1.25e-05
1707523200092,1.25e-05
1707526800038,1.25e-05
1707530400259,1.25e-05
1707534000051,1.25e-05
1707537600360,1.25e-05
1707541200019,1.25e-05
1707544800148,1.25e-05
1707548400189,1.25e-05
1707552000217,1.25e-05
1707555600293,1.25e-05
1707559200453,1.25e-05
1707562800101,1.25e-05
1707566400101,1.25e-05
1707570000246,1.25e-05
1707573600438,1.25e-05
1707577200295,1.25e-05
1707580800073,1.25e-05
1707584400391,1.25e-05
1707588000163,1.25e-05
1707591600042,1.25e-05
1707595200146,1.25e-05
1707598800387,1.25e-05
1707602400124,1.25e-05
1707606000002,1.25e-05
1707609600201,1.25e-05
1707613200213,1.25e-05
1707616800456,1.25e-05
1707620400001,1.25e-05
1707624000309,1.25e-05
1707627600220,1.6008e-05
1707631200068,1.25e-05
1707634800071,2.031e-05
1707638400056,3.40016e-05
1707642000123,1.57283e-05
1707645600059,1.73173e-05
1707649200187,1.25e-05
1707652800034,1.54863e-05
1707656400156,1.25e-05
1707660000072,1.25e-05
1707663600303,1.25e-05
1707667200086,2.04018e-05
1707670800246,1.25e-05
1707674400022,1.25e-05
1707678000051,1.25e-05
1707681600108,1.25e-05
1707685200377,1.25e-05
1707688800405,1.25e-05
1707692400012,1.25e-05
1707696000190,1.25e-05
1707699600197,1.25e-05
1707703200120,1.25e-05
1707706800377,1.25e-05
1707710400280,1.25e-05
1707714000293,1.25e-05
1707717600396,1.25e-05
1707721200302,1.25e-05
1707724800013,1.25e-05
1707728400082,1.25e-05
1707732000424,1.25e-05
1707735600318,1.25e-05
1707739200138,1.25e-05
1707742800325,1.25e-05
1707746400118,1.25e-05
1707750000172,1.25e-05
1707753600461,1.89156e-05
1707757200099,1.39379e-05
1707760800357,0.0002219293
1707764400306,1.56375e-05
1707768000368,2.22082e-05
1707771600344,3.27598e-05
1707775200194,3.25845e-05
1707778800322,5.33442e-05
1707782400444,3.79427e-05
1707786000023,3.19634e-05
1707789600245,3.66316e-05
1707793200361,3.29806e-05
1707796800105,3.23036e-05
1707800400016,4.37252e-05
1707804000077,5.02668e-05
1707807600215,7.51847e-05
1707811200348,6.3877e-05
1707814800228,4.73588e-05
1707818400422,5.80256e-05
1707822000245,6.1507e-05
1707825600339,4.90254e-05
1707829200021,5.2951e-05
1707832800395,2.86385e-05
1707836400106,2.18244e-05
1707840000108,2.89141e-05
1707843600385,1.31282e-05
1707847200380,1.90438e-05
1707850800322,2.07144e-05
1707854400173,2.34135e-05
1707858000414,2.89239e-05
1707861600063,3.85481e-05
1707865200438,4.14384e-05
1707868800118,4.77434e-05
1707872400004,1.83646e-05
1707876000032,2.29485e-05
1707879600034,1.51846e-05
1707883200168,1.25e-05
1707886800071,2.38638e-05
1707890400251,3.06519e-05
1707894000093,5.78298e-05
1707897600342,5.89596e-05
1707901200058,2.61862e-05
1707904800001,4.56535e-05
1707908400361,4.48175e-05
1707912000189,6.19781e-05
1707915600452,5.64652e-05
1707919200005,4.68837e-05
1707922800050,3.98301e-05
1707926400368,4.00201e-05
1707930000276,2.77666e-05
1707933600006,2.61211e-05
1707937200342,3.27413e-05
1707940800312,3.79445e-05
1707944400104,3.70876e-05
1707948000432,5.56298e-05
1707951600032,6.67669e-05
1707955200231,5.31319e-05
1707958800105,4.54235e-05
1707962400435,5.27425e-05
1707966000082,5.52532e-05
1707969600081,4.40727e-05
1707973200078,4.11591e-05
1707976800293,5.19033e-05
1707980400323,7.7117e-05
1707984000431,7.7826e-05
1707987600332,5.38538e-05
1707991200010,6.6324e-05
1707994800191,6.29609e-05
1707998400167,6.89096e-05
1708002000029,6.64221e-05
1708005600187,7.63637e-05
1708009200380,9.07397e-05
1708012800409,6.22641e-05
1708016400391,3.75643e-05
1708020000409,4.18066e-05
1708023600042,5.3182e-05
1708027200171,6.52562e-05
1708030800252,6.73741e-05
1708034400074,5.70445e-05
1708038000026,6.46559e-05
1708041600177,6.2079e-05
1708045200239,3.83824e-05
1708048800337,4.38309e-05
1708052400049,4.41098e-05
1708056000204,4.3818e-05
1708059600391,6.08592e-05
1708063200184,8.55465e-05
1708066800066,0.000118636
1708070400023,0.0001333582
1708074000035,7.86297e-05
1708077600283,7.76069e-05
1708081200398,8.53648e-05
1708084800022,8.33782e-05
1708088400066,8.19876e-05
1708092000153,9.01431e-05
1708095600336,7.70676e-05
1708099200112,6.16556e-05
1708102800022,3.42533e-05
1708106400011,5.28696e-05
1708110000362,4.98428e-05
1708113600192,3.80178e-05
1708117200438,4.3722e-05
1708120800121,5.28702e-05
1708124400026,5.92195e-05
1708128000437,6.92142e-05
1708131600462,3.94271e-05
1708135200172,4.22429e-05
1708138800390,4.90697e-05
1708142400450,5.59235e-05
1708146000109,6.00245e-05
1708149600235,6.46582e-05
1708153200089,8.09153e-05
1708156800087,8.61774e-05
1708160400153,5.02552e-05
1708164000377,4.57823e-05
1708167600001,5.68416e-05
1708171200109,6.55817e-05
1708174800437,7.80681e-05
1708178400152,5.63915e-05
1708182000325,3.52663e-05
1708185600123,5.16804e-05
1708189200142,2.24054e-05
1708192800144,1.95391e-05
1708196400011,2.13712e-05
1708200000418,2.40732e-05
1708203600125,2.81571e-05
1708207200205,2.49797e-05
1708210800237,4.04546e-05
1708214400368,5.24573e-05
1708218000330,2.39336e-05
1708221600076,2.14778e-05
1708225200072,1.36808e-05
1708228800438,3.33513e-05
1708232400021,4.36653e-05
1708236000368,3.75758e-05
1708239600431,2.69004e-05
1708243200055,4.17018e-05
1708246800393,2.91284e-05
1708250400393,3.37934e-05
1708254000083,2.01258e-05
1708257600056,3.52843e-05
1708261200005,3.48857e-05
1708264800068,5.36653e-05
1708268400062,5.60104e-05
1708272000061,5.3803e-05
1708275600108,3.34835e-05
1708279200398,3.54769e-05
1708282800426,4.62023e-05
1708286400084,5.15553e-05
1708290000423,4.63612e-05
1708293600206,5.16761e-05
1708297200209,6.83288e-05
1708300800026,7.70884e-05
1708304400061,4.12388e-05
1708308000427,4.32027e-05
1708311600104,5.72239e-05
1708315200107,5.46097e-05
1708318800221,7.16575e-05
1708322400026,5.88612e-05
1708326000209,0.0001030532
1708329600179,0.000126148
1708333200443,6.06284e-05
1708336800362,7.16395e-05
1708340400218,7.38492e-05
1708344000140,8.86661e-05
1708347600444,8.84059e-05
1708351200174,9.12478e-05
1708354800353,7.64692e-05
1708358400079,8.53049e-05
1708362000238,6.03244e-05
1708365600027,6.06262e-05
1708369200201,7.61144e-05
1708372800433,8.68767e-05
1708376400073,9.28603e-05
1708380000090,9.78001e-05
1708383600098,0.0001043883
1708387200035,9.91681e-05
1708390800412,5.52088e-05
1708394400193,6.357e-05
1708398000366,6.50529e-05
1708401600146,6.83222e-05
1708405200137,4.83598e-05
1708408800424,6.37779e-05
1708412400392,9.58759e-05
1708416000011,9.7541e-05
1708419600003,5.0504e-05
1708423200408,5.55478e-05
1708426800023,5.76228e-05
1708430400038,6.90462e-05
1708434000049,8.23571e-05
1708437600099,9.63237e-05
1708441200262,6.56751e-05
1708444800133,3.31669e-05
1708448400326,1.37082e-05
1708452000235,1.82418e-05
1708455600297,1.60407e-05
1708459200280,1.25e-05
1708462800065,1.25e-05
1708466400410,3.17205e-05
1708470000421,3.80914e-05
1708473600158,4.1772e-05
1708477200089,3.08923e-05
1708480800110,3.67672e-05
1708484400249,2.79758e-05
1708488000245,2.20619e-05
1708491600359,1.25e-05
1708495200351,1.93512e-05
1708498800228,2.65093e-05
1708502400447,1.43909e-05
1708506000349,1.25e-05
1708509600019,1.25e-05
1708513200042,1.25e-05
1708516800079,1.25e-05
1708520400096,1.25e-05
1708524000201,1.25e-05
1708527600106,1.25e-05
1708531200091,1.53404e-05
1708534800392,1.25e-05
1708538400132,1.25e-05
1708542000266,1.25e-05
1708545600084,1.25e-05
1708549200333,1.25e-05
1708552800340,1.25e-05
1708556400194,1.58181e-05
1708560000194,2.9764e-05
1708563600391,2.29577e-05
1708567200038,2.59321e-05
1708570800143,2.0402e-05
1708574400107,2.35387e-05
1708578000327,1.78446e-05
1708581600407,1.78012e-05
1708585200377,4.39225e-05
1708588800071,4.68218e-05
1708592400033,2.4065e-05
1708596000218,2.95237e-05
1708599600079,3.93291e-05
1708603200118,4.60705e-05
1708606800185,4.47782e-05
1708610400266,2.89342e-05
1708614000097,2.86299e-05
1708617600173,3.89921e-05
1708621200245,1.99548e-05
1708624800241,2.75638e-05
1708628400338,3.00634e-05
1708632000143,2.74018e-05
1708635600072,3.52535e-05
1708639200107,1.74758e-05
1708642800041,2.30034e-05
1708646400106,1.25e-05
1708650000265,1.25e-05
1708653600420,1.95892e-05
1708657200145,1.33161e-05
1708660800088,1.25e-05
1708664400127,1.25e-05
1708668000350,1.25e-05
1708671600262,2.85503e-05
1708675200015,4.71711e-05
1708678800172,1.25e-05
1708682400443,1.40025e-05
1708686000172,1.66579e-05
1708689600188,2.37184e-05
1708693200273,2.81908e-05
1708696800173,3.606e-05
1708700400022,3.08808e-05
1708704000129,2.7205e-05
1708707600153,1.25e-05
1708711200027,1.27403e-05
1708714800093,1.25e-05
1708718400206,1.25e-05
1708722000322,1.25e-05
1708725600389,1.25e-05
1708729200247,1.25e-05
1708732800063,1.25e-05
1708736400146,1.25e-05
1708740000056,1.25e-05
1708743600333,1.25e-05
1708747200349,1.25e-05
1708750800180,1.89522e-05
1708754400372,2.70212e-05
1708758000015,3.78691e-05
1708761600021,4.99889e-05
1708765200039,2.35126e-05
1708768800045,2.21351e-05
1708772400133,2.76356e-05
1708776000284,3.52036e-05
1708779600131,3.99642e-05
1708783200247,4.08473e-05
1708786800186,3.81237e-05
1708790400215,4.18284e-05
1708794000098,1.25e-05
1708797600024,1.25e-05
1708801200350,1.25e-05
1708804800403,3.08108e-05
1708808400167,3.70379e-05
1708812000030,3.30877e-05
1708815600422,2.91649e-05
1708819200407,3.2707e-05
1708822800153,1.52154e-05
1708826400332,2.51061e-05
1708830000164,2.62497e-05
1708833600037,2.42098e-05
1708837200401,2.60394e-05
1708840800220,4.20922e-05
1708844400264,4.92867e-05
1708848000038,5.14728e-05
1708851600318,3.15908e-05
1708855200099,3.55881e-05
1708858800266,4.33981e-05
1708862400337,4.94834e-05
1708866000185,4.77779e-05
1708869600126,6.08923e-05
1708873200415,7.26362e-05
1708876800079,8.63821e-05
1708880400441,4.62098e-05
1708884000161,6.00853e-05
1708887600195,6.1838e-05
1708891200104,6.13082e-05
1708894800013,7.89772e-05
1708898400330,7.34869e-05
1708902000236,8.44826e-05
1708905600456,8.6006e-05
1708909200414,5.51952e-05
1708912800300,5.72422e-05
1708916400318,5.67223e-05
1708920000120,4.87057e-05
1708923600051,4.95572e-05
1708927200457,4.45533e-05
1708930800228,6.42173e-05
1708934400000,8.0948e-05
1708938000256,2.99661e-05
1708941600411,1.25e-05
1708945200232,2.46649e-05
1708948800022,3.94179e-05
1708952400185,3.92843e-05
1708956000324,6.13163e-05
1708959600336,6.50993e-05
1708963200144,4.17105e-05
1708966800247,2.40436e-05
1708970400432,3.27438e-05
1708974000189,3.42046e-05
1708977600193,3.65452e-05
1708981200370,4.71051e-05
1708984800131,6.72616e-05
1708988400138,7.9822e-05
1708992000294,7.85993e-05
1708995600147,4.03358e-05
1708999200314,5.54667e-05
1709002800386,0.0001004117
1709006400067,0.0001367247
1709010000271,0.0001179171
1709013600438,0.0001173892
1709017200034,0.0001295294
1709020800383,0.0001143929
1709024400066,6.73171e-05
1709028000254,6.65075e-05
1709031600002,6.24701e-05
1709035200053,7.05757e-05
1709038800155,7.92772e-05
1709042400431,7.6713e-05
1709046000168,7.28243e-05
1709049600265,6.43452e-05
1709053200006,4.09246e-05
1709056800371,4.20691e-05
1709060400045,3.9546e-05
1709064000017,3.4366e-05
1709067600364,6.12172e-05
1709071200009,7.13553e-05
1709074800047,6.82818e-05
1709078400250,8.88558e-05
1709082000384,6.07335e-05
1709085600149,5.95057e-05
1709089200131,7.4566e-05
1709092800011,6.53022e-05
1709096400097,5.91793e-05
1709100000079,6.0371e-05
1709103600301,8.09227e-05
1709107200124,9.45098e-05
1709110800413,4.71299e-05
1709114400125,7.12836e-05
1709118000046,9.54965e-05
1709121600221,0.0001013289
1709125200288,8.87498e-05
1709128800407,0.0001147826
1709132400361,0.000114192
1709136000074,0.0001040881
1709139600360,8.85188e-05
1709143200100,-0.0001305317
1709146800044,1.25e-05
1709150400048,1.25e-05
1709154000077,1.25e-05
1709157600427,1.25e-05
1709161200125,2.24207e-05
1709164800238,3.25735e-05
1709168400095,4.61261e-05
1709172000398,8.02138e-05
1709175600359,7.55824e-05
1709179200121,8.74664e-05
1709182800221,0.0001058331
1709186400421,0.0001348966
1709190000006,0.0001722222
1709193600377,0.0001357627
1709197200161,9.60215e-05
1709200800154,0.0001020943
1709204400388,0.0001353884
1709208000073,0.0001347247
1709211600402,0.0001180274
1709215200426,0.0001382467
1709218800143,0.000140308
1709222400010,0.0001332994
1709226000048,7.0109e-05
1709229600390,8.32132e-05
1709233200138,0.000104676
1709236800300,0.0001237759
1709240400322,0.0001064704
1709244000127,7.43557e-05
1709247600036,6.00643e-05
1709251200311,4.30753e-05
1709254800043,3.6937e-05
1709258400035,5.75046e-05
1709262000078,6.77179e-05
1709265600278,6.9319e-05
1709269200076,6.99518e-05
1709272800101,7.84431e-05
1709276400314,7.13088e-05
1709280000426,7.38359e-05
1709283600143,5.25632e-05
1709287200258,6.81845e-05
1709290800228,6.88214e-05
1709294400134,7.75235e-05
1709298000027,8.60395e-05
1709301600425,8.96549e-05
1709305200043,8.68357e-05
1709308800118,7.8244e-05
1709312400450,5.78871e-05
1709316000050,7.05599e-05
1709319600093,7.89798e-05
1709323200345,8.64481e-05
1709326800150,9.70947e-05
1709330400247,0.0001091942
1709334000067,0.0001132921
1709337600374,0.0001120962
1709341200366,8.43404e-05
1709344800067,0.0001032305
1709348400346,0.0001083736
1709352000110,0.0001257503
1709355600125,0.0001699559
1709359200081,0.0001761725
1709362800363,0.0001828983
1709366400388,0.000195629
1709370000304,0.0001430951
1709373600199,0.0001426139
1709377200049,0.0001440995
1709380800041,0.000135212
1709384400397,0.0001465527
1709388000444,0.0001383204
1709391600015,0.000150737
1709395200230,0.0001538791
1709398800080,0.0001000531
1709402400058,0.0001175454
1709406000081,0.0001243217
1709409600023,0.0001216364
1709413200062,0.0001135136
1709416800061,0.0001313499
1709420400290,0.0001349839
1709424000250,0.0001745687
1709427600394,0.0001075886
1709431200012,0.0001277659
1709434800182,0.0001456799
1709438400324,0.0001435587
1709442000077,0.0001604016
1709445600289,0.0001767839
1709449200070,0.0001363998
1709452800184,6.67322e-05
1709456400063,6.19486e-05
1709460000035,6.0474e-05
1709463600281,5.4962e-05
1709467200041,6.75414e-05
1709470800069,7.24956e-05
1709474400406,6.6915e-05
1709478000169,7.64776e-05
1709481600230,6.40645e-05
1709485200073,4.51429e-05
1709488800197,4.8485e-05
1709492400410,5.5857e-05
1709496000047,6.47601e-05
1709499600056,7.0204e-05
1709503200128,6.80992e-05
1709506800453,8.78169e-05
1709510400433,7.70518e-05
1709514000124,5.31935e-05
1709517600357,7.10258e-05
1709521200078,8.62689e-05
1709524800221,7.61156e-05
1709528400345,8.67775e-05
1709532000361,7.99776e-05
1709535600143,9.83479e-05
1709539200203,0.0001120088
1709542800015,8.29144e-05
1709546400204,8.88028e-05
1709550000323,8.9373e-05
1709553600152,9.70314e-05
1709557200409,0.0001115835
1709560800306,9.85478e-05
1709564400417,0.0001106282
1709568000101,0.0001426554
1709571600027,8.76122e-05
1709575200199,8.47926e-05
1709578800351,9.27254e-05
1709582400185,0.0001038843
1709586000339,0.0001104861
1709589600105,0.0001102938
1709593200007,0.0001190216
1709596800041,0.000137129
1709600400108,0.0001093617
1709604000363,0.0001455785
1709607600399,0.0001677569
1709611200271,0.0001792377
1709614800134,0.0002132628
1709618400302,0.0002590764
1709622000247,0.0003177387
1709625600234,0.0003065997
1709629200078,0.0002143393
1709632800215,0.0002525429
1709636400257,0.0002503014
1709640000036,0.0002553247
1709643600056,0.0002734273
1709647200164,0.0002649683
1709650800403,0.000244857
1709654400300,0.0002366537
1709658000053,0.0001352098
1709661600444,0.0001637782
1709665200374,0.0001668708
1709668800335,7.88432e-05
1709672400357,4.51979e-05
1709676000313,7.74706e-05
1709679600114,4.88695e-05
1709683200052,4.31658e-05
1709686800145,2.30248e-05
1709690400058,3.4874e-05
1709694000432,4.0475e-05
1709697600150,3.89408e-05
1709701200108,4.52954e-05
1709704800283,6.10295e-05
1709708400002,8.36102e-05
1709712000421,9.23749e-05
1709715600026,6.55369e-05
1709719200124,7.47844e-05
1709722800388,8.49561e-05
1709726400092,8.31252e-05
1709730000363,8.31506e-05
1709733600377,9.28498e-05
1709737200033,9.61692e-05
1709740800446,9.43236e-05
1709744400337,3.87976e-05
1709748000044,6.09978e-05
1709751600004,6.71879e-05
1709755200269,7.55239e-05
1709758800385,8.71763e-05
1709762400254,0.0001030208
1709766000366,0.0001203424
1709769600038,0.0001392041
1709773200343,9.05026e-05
1709776800415,0.0001045208
1709780400007,0.0001069017
1709784000384,0.0001008152
1709787600154,9.30172e-05
1709791200108,0.00010145
1709794800004,0.0001327651
1709798400302,0.0001300522
1709802000256,9.08324e-05
1709805600384,9.94289e-05
1709809200216,7.77799e-05
1709812800240,6.37319e-05
1709816400014,7.79492e-05
1709820000160,7.53771e-05
1709823600139,9.92845e-05
1709827200403,0.0001448283
1709830800123,7.86087e-05
1709834400282,5.6736e-05
1709838000262,6.53122e-05
1709841600148,6.22772e-05
1709845200080,6.24304e-05
1709848800373,7.30714e-05
1709852400095,8.56025e-05
1709856000429,9.49172e-05
1709859600332,7.33374e-05
1709863200174,7.83018e-05
1709866800382,8.80767e-05
1709870400035,7.73869e-05
1709874000016,8.49291e-05
1709877600039,8.28621e-05
1709881200052,9.93903e-05
1709884800225,0.0001030184
1709888400171,6.58802e-05
1709892000208,6.65095e-05
1709895600126,7.28669e-05
1709899200378,8.60436e-05
1709902800020,9.63293e-05
1709906400089,0.0001189209
1709910000076,0.000133062
1709913600162,9.49947e-05
1709917200075,6.17997e-05
1709920800076,6.91623e-05
1709924400370,6.14241e-05
1709928000085,6.36249e-05
1709931600124,6.57966e-05
1709935200152,7.0208e-05
1709938800152,8.77713e-05
1709942400436,7.54944e-05
1709946000322,5.54733e-05
1709949600425,7.25664e-05
1709953200063,8.67201e-05
1709956800211,0.0001020932
1709960400187,0.0001218275
1709964000438,0.0001348649
1709967600106,0.0001483372
1709971200255,0.000166388
1709974800163,9.66095e-05
1709978400119,0.0001042948
1709982000449,0.0001023532
1709985600168,0.0001025518
1709989200116,0.0001161396
1709992800318,0.0001380491
1709996400092,0.0001475013
1710000000437,0.0001655995
1710003600221,0.0001025544
1710007200425,0.0001049483
1710010800032,0.0001238743
1710014400132,0.0001274117
1710018000271,0.0001395181
1710021600096,0.0001458554
1710025200128,0.0001645361
1710028800093,0.0001652333
1710032400360,0.0001061337
1710036000065,0.0001187844
1710039600035,0.0001283818
1710043200039,0.0001289355
1710046800194,0.0001046689
1710050400222,0.0001041099
1710054000282,0.0001190548
1710057600249,0.0001538341
1710061200439,8.92662e-05
1710064800455,7.66368e-05
1710068400057,8.72608e-05
1710072000324,7.88664e-05
1710075600302,4.93842e-05
1710079200287,2.44704e-05
1710082800121,1.53051e-05
1710086400176,1.25e-05
1710090000311,1.25e-05
1710093600414,1.25e-05
1710097200284,1.25e-05
1710100800252,1.25e-05
1710104400134,1.25e-05
1710108000304,1.25e-05
1710111600303,1.33536e-05
1710115200008,2.58659e-05
1710118800009,1.25e-05
1710122400210,1.25e-05
1710126000133,1.55178e-05
1710129600452,1.25e-05
1710133200165,1.25e-05
1710136800290,1.25e-05
1710140400342,2.54053e-05
1710144000097,0.0001090758
1710147600259,0.0001246593
1710151200077,0.0001354643
1710154800090,0.0001486905
1710158400187,0.0001460235
1710162000063,0.0001594818
1710165600249,0.0001472156
1710169200068,0.0001412234
1710172800007,0.000115226
1710176400310,6.29553e-05
1710180000400,9.35582e-05
1710183600058,0.0001121594
1710187200001,0.0001220251
1710190800077,0.0001244588
1710194400209,0.0001468143
1710198000072,0.0001521994
1710201600024,0.0001927029
1710205200436,0.0001288544
1710208800100,0.0001489547
1710212400104,0.000146279
1710216000420,0.0001560542
1710219600127,0.0001458895
1710223200138,0.0001242107
1710226800005,0.0001266058
1710230400403,8.29598e-05
1710234000118,7.02357e-05
1710237600125,8.06334e-05
1710241200394,9.08076e-05
1710244800329,7.77513e-05
1710248400258,7.95192e-05
1710252000293,7.87155e-05
1710255600028,7.99771e-05
1710259200102,0.0001131328
1710262800426,5.80813e-05
1710266400332,4.82507e-05
1710270000149,6.00355e-05
1710273600120,7.34142e-05
1710277200111,8.02743e-05
1710280800032,9.63736e-05
1710284400009,0.0001004755
1710288000261,9.83587e-05
1710291600421,6.1135e-05
1710295200160,7.37822e-05
1710298800121,7.85175e-05
1710302400269,7.83e-05
1710306000303,8.68846e-05
1710309600361,9.35577e-05
1710313200121,0.0001082901
1710316800394,0.0001431736
1710320400076,9.70829e-05
1710324000354,0.0001026434
1710327600393,0.0001167428
1710331200365,0.0001192675
1710334800300,0.000127202
1710338400289,0.0001371297
1710342000342,0.0001213899
1710345600267,0.0001227564
1710349200159,8.20521e-05
1710352800113,8.12729e-05
1710356400105,9.30793e-05
1710360000214,0.0001068556
1710363600250,0.0001155032
1710367200050,0.0001240237
1710370800162,0.0001350963
1710374400051,0.0001215682
1710378000328,8.07867e-05
1710381600107,8.90715e-05
1710385200104,9.91723e-05
1710388800063,0.000118984
1710392400025,0.0001260744
1710396000265,0.0001142335
1710399600404,0.0001221477
1710403200215,0.0001522887
1710406800421,9.86981e-05
1710410400001,9.45241e-05
1710414000352,8.60928e-05
1710417600162,8.71191e-05
1710421200082,8.86781e-05
1710424800354,7.12262e-05
1710428400184,7.81544e-05
1710432000159,5.12261e-05
1710435600008,4.21038e-05
1710439200323,5.74167e-05
1710442800378,3.74131e-05
1710446400145,5.44863e-05
1710450000033,6.94116e-05
1710453600396,7.80616e-05
1710457200428,9.87919e-05
1710460800115,0.000114539
1710464400273,6.89109e-05
1710468000097,6.98336e-05
1710471600208,5.18857e-05
1710475200098,1.25e-05
1710478800123,2.47442e-05
1710482400457,2.80108e-05
1710486000122,5.97061e-05
1710489600094,5.65196e-05
1710493200135,1.25e-05
1710496800010,1.25e-05
1710500400208,1.25e-05
1710504000422,1.48114e-05
1710507600071,2.40784e-05
1710511200229,1.25e-05
1710514800053,1.25e-05
1710518400211,1.25e-05
1710522000216,1.25e-05
1710525600168,1.25e-05
1710529200433,1.25e-05
1710532800032,2.22712e-05
1710536400042,1.25e-05
1710540000360,1.66682e-05
1710543600215,1.52601e-05
1710547200465,1.25e-05
1710550800095,1.25e-05
1710554400105,1.25e-05
1710558000285,1.25e-05
1710561600015,1.25e-05
1710565200240,1.25e-05
1710568800142,1.25e-05
1710572400027,1.25e-05
1710576000017,1.25e-05
1710579600080,1.25e-05
1710583200095,1.25e-05
1710586800068,1.25e-05
1710590400309,1.25e-05
1710594000056,1.25e-05
1710597600292,1.25e-05
1710601200167,1.25e-05
1710604800315,1.25e-05
1710608400053,1.25e-05
1710612000016,1.25e-05
1710615600318,1.25e-05
1710619200028,1.25e-05
1710622800212,1.25e-05
1710626400351,1.25e-05
1710630000102,1.25e-05
1710633600301,1.25e-05
1710637200070,1.25e-05
1710640800455,1.25e-05
1710644400182,1.25e-05
1710648000012,1.25e-05
1710651600260,1.47263e-05
1710655200065,1.977e-05
1710658800067,2.53517e-05
1710662400260,1.25e-05
1710666000085,1.25e-05
1710669600384,2.14685e-05
1710673200002,1.25e-05
1710676800446,2.8761e-05
1710680400326,2.90878e-05
1710684000296,2.96921e-05
1710687600385,1.25e-05
1710691200004,1.25e-05
1710694800061,1.25e-05
1710698400440,1.25e-05
1710702000370,1.25e-05
1710705600249,1.25e-05
1710709200112,1.25e-05
1710712800192,1.46872e-05
1710716400344,1.50897e-05
1710720000434,3.68914e-05
1710723600088,1.25e-05
1710727200043,1.50991e-05
1710730800017,2.61333e-05
1710734400072,2.04219e-05
1710738000030,1.71152e-05
1710741600386,1.25e-05
1710745200037,1.25e-05
1710748800359,1.25e-05
1710752400290,1.25e-05
1710756000441,1.25e-05
1710759600256,1.25e-05
1710763200028,1.25e-05
1710766800368,1.25e-05
1710770400130,1.56669e-05
1710774000332,1.25e-05
1710777600239,1.25e-05
1710781200381,1.25e-05
1710784800079,1.25e-05
1710788400058,1.25e-05
1710792000379,1.25e-05
1710795600301,1.25e-05
1710799200066,1.25e-05
1710802800437,1.25e-05
1710806400184,1.25e-05
1710810000066,1.25e-05
1710813600414,1.25e-05
1710817200303,1.25e-05
1710820800052,1.25e-05
1710824400106,1.25e-05
1710828000257,1.25e-05
1710831600271,1.25e-05
1710835200152,1.25e-05
1710838800262,1.25e-05
1710842400133,1.25e-05
1710846000139,1.25e-05
1710849600388,1.25e-05
1710853200103,1.25e-05
1710856800122,1.25e-05
1710860400109,1.25e-05
1710864000409,1.25e-05
1710867600096,1.25e-05
1710871200277,1.25e-05
1710874800224,1.25e-05
1710878400360,1.25e-05
1710882000233,1.25e-05
1710885600402,1.25e-05
1710889200346,1.25e-05
1710892800416,1.25e-05
1710896400256,1.25e-05
1710900000339,1.25e-05
1710903600315,1.25e-05
1710907200022,1.25e-05
1710910800196,1.25e-05
1710914400285,1.25e-05
1710918000143,1.25e-05
1710921600022,1.25e-05
1710925200369,1.25e-05
1710928800107,1.25e-05
1710932400399,1.25e-05
1710936000024,1.25e-05
1710939600306,1.25e-05
1710943200175,1.25e-05
1710946800330,1.25e-05
1710950400374,1.25e-05
1710954000410,1.25e-05
1710957600194,1.25e-05
1710961200192,1.25e-05
1710964800212,1.25e-05
1710968400168,1.25e-05
1710972000024,1.25e-05
1710975600115,1.25e-05
1710979200076,1.25e-05
1710982800191,1.25e-05
1710986400113,1.25e-05
1710990000303,1.25e-05
1710993600047,1.25e-05
1710997200104,1.25e-05
1711000800156,1.25e-05
1711004400265,1.25e-05
1711008000267,1.25e-05
1711011600055,1.25e-05
1711015200078,1.25e-05
1711018800092,1.25e-05
1711022400136,1.25e-05
1711026000252,1.25e-05
1711029600308,1.25e-05
1711033200337,1.25e-05
1711036800055,1.25e-05
1711040400351,1.25e-05
1711044000112,2.6749e-05
1711047600219,7.3794e-05
1711051200104,0.0001017267
1711054800050,0.0001263982
1711058400161,0.0001593844
1711062000274,0.0001726152
1711065600419,0.0001806634
1711069200278,9.62415e-05
1711072800057,0.0001042941
1711076400234,0.0001074977
1711080000166,0.0001002011
1711083600169,0.0001196019
1711087200125,0.0001210038
1711090800268,0.0001443678
1711094400047,0.0001415382
1711098000122,6.93768e-05
1711101600345,6.87724e-05
1711105200061,8.04758e-05
1711108800268,8.49952e-05
1711112400285,8.34846e-05
1711116000044,6.41282e-05
1711119600307,1.25e-05
1711123200320,1.25e-05
1711126800376,1.25e-05
1711130400134,1.25e-05
1711134000137,1.25e-05
1711137600076,1.25e-05
1711141200248,1.25e-05
1711144800181,1.25e-05
1711148400408,2.06151e-05
1711152000366,2.88928e-05
1711155600307,2.17092e-05
1711159200367,4.42704e-05
1711162800076,3.29594e-05
1711166400171,3.9004e-05
1711170000306,4.01007e-05
1711173600163,4.25255e-05
1711177200079,6.01918e-05
1711180800319,9.12808e-05
1711184400012,4.71879e-05
1711188000079,6.36163e-05
1711191600089,7.15488e-05
1711195200011,8.84901e-05
1711198800452,9.0373e-05
1711202400011,9.21677e-05
1711206000354,0.0001091183
1711209600354,0.0001475101
1711213200319,7.23306e-05
1711216800358,6.82839e-05
1711220400406,8.62413e-05
1711224000318,0.0001007028
1711227600441,0.0001269186
1711231200344,0.0001314292
1711234800093,0.0001292393
1711238400299,0.0001486056
1711242000448,7.05397e-05
1711245600364,8.23188e-05
1711249200131,8.6007e-05
1711252800247,7.81129e-05
1711256400257,8.55235e-05
1711260000460,7.42432e-05
1711263600227,8.38117e-05
1711267200269,8.13327e-05
1711270800039,4.74812e-05
1711274400341,6.23676e-05
1711278000245,7.91198e-05
1711281600201,9.50711e-05
1711285200374,0.0001136041
1711288800433,0.0001354903
1711292400383,0.0001580274
1711296000038,0.0001754409
1711299600023,9.94732e-05
1711303200076,9.9401e-05
1711306800029,9.10917e-05
1711310400171,9.94732e-05
1711314000150,0.0001124135
1711317600344,0.0001242593
1711321200297,0.0001178899
1711324800416,9.56508e-05
1711328400048,5.681e-05
1711332000454,6.15477e-05
1711335600225,3.43847e-05
1711339200155,4.73933e-05
1711342800132,5.42863e-05
1711346400166,5.02788e-05
1711350000364,5.9169e-05
1711353600076,6.99666e-05
1711357200053,3.19849e-05
1711360800191,3.08526e-05
1711364400279,3.12623e-05
1711368000384,1.62737e-05
1711371600248,1.25e-05
1711375200139,1.25e-05
1711378800320,1.25e-05
1711382400362,1.76802e-05
1711386000119,1.25e-05
1711389600404,1.25e-05
1711393200379,1.25e-05
1711396800247,1.25e-05
1711400400322,3.47602e-05
1711404000395,3.12303e-05
1711407600095,1.84945e-05
1711411200425,1.25e-05
1711414800271,1.25e-05
1711418400032,1.25e-05
1711422000147,1.25e-05
1711425600144,2.11734e-05
1711429200198,2.45944e-05
1711432800389,2.33209e-05
1711436400395,3.49612e-05
1711440000430,3.00662e-05
1711443600097,1.25e-05
1711447200249,2.08418e-05
1711450800300,2.67454e-05
1711454400198,3.65984e-05
1711458000241,4.08639e-05
1711461600299,2.79241e-05
1711465200312,1.91281e-05
1711468800167,2.8185e-05
1711472400191,1.25e-05
1711476000170,1.25e-05
1711479600294,1.25e-05
1711483200232,1.25e-05
1711486800423,1.25e-05
1711490400372,1.25e-05
1711494000173,1.49571e-05
1711497600310,2.25345e-05
1711501200009,1.25e-05
1711504800429,4.32893e-05
1711508400459,3.40088e-05
1711512000375,3.95564e-05
1711515600249,3.06481e-05
1711519200290,4.12642e-05
1711522800033,5.99276e-05
1711526400206,4.5205e-05
1711530000022,1.25e-05
1711533600083,1.25e-05
1711537200351,1.3898e-05
1711540800104,2.52736e-05
1711544400129,3.4589e-05
1711548000170,2.85969e-05
1711551600242,3.83906e-05
1711555200215,5.23267e-05
1711558800324,1.25e-05
1711562400205,1.25e-05
1711566000334,1.47763e-05
1711569600079,1.25e-05
1711573200331,2.24928e-05
1711576800248,2.66191e-05
1711580400027,1.77011e-05
1711584000253,1.25e-05
1711587600025,1.25e-05
1711591200176,1.25e-05
1711594800135,1.25e-05
1711598400122,1.25e-05
1711602000040,1.25e-05
1711605600046,1.25e-05
1711609200213,3.85427e-05
1711612800026,4.44428e-05
1711616400056,1.93052e-05
1711620000006,2.09777e-05
1711623600087,4.94733e-05
1711627200283,5.21098e-05
1711630800374,5.95688e-05
1711634400341,6.75145e-05
1711638000006,6.6661e-05
1711641600082,8.25787e-05
1711645200196,4.49574e-05
1711648800045,3.91359e-05
1711652400288,4.74574e-05
1711656000320,5.74928e-05
1711659600371,7.25378e-05
1711663200461,7.46635e-05
1711666800038,7.99849e-05
1711670400304,0.000101798
1711674000275,5.74486e-05
1711677600408,6.51182e-05
1711681200010,5.4078e-05
1711684800058,6.51868e-05
1711688400028,6.57429e-05
1711692000399,7.93493e-05
1711695600056,9.43338e-05
1711699200200,8.90572e-05
1711702800055,3.28886e-05
1711706400049,3.93802e-05
1711710000267,2.46348e-05
1711713600275,3.40613e-05
1711717200056,3.91519e-05
1711720800116,5.43141e-05
1711724400178,7.93372e-05
1711728000153,6.7739e-05
1711731600260,2.56674e-05
1711735200321,3.29765e-05
1711738800301,3.9983e-05
1711742400409,3.34505e-05
1711746000077,3.03432e-05
1711749600377,2.58411e-05
1711753200020,2.76785e-05
1711756800404,4.72973e-05
1711760400129,2.32901e-05
1711764000034,5.32346e-05
1711767600142,6.6879e-05
1711771200344,6.54455e-05
1711774800380,6.8198e-05
1711778400281,8.10446e-05
1711782000252,8.9874e-05
1711785600172,0.0001082357
1711789200114,4.99594e-05
1711792800383,5.09542e-05
1711796400331,5.32301e-05
1711800000371,5.31112e-05
1711803600185,6.16117e-05
1711807200053,7.07646e-05
1711810800003,9.52336e-05
1711814400258,0.0001184226
1711818000090,5.6435e-05
1711821600300,5.80143e-05
1711825200059,7.73361e-05
1711828800276,8.11324e-05
1711832400067,8.59755e-05
1711836000143,8.19358e-05
1711839600051,6.9328e-05
1711843200021,6.9354e-05
1711846800117,3.78054e-05
1711850400239,4.26833e-05
1711854000343,4.10469e-05
1711857600166,4.77315e-05
1711861200300,5.6594e-05
1711864800099,7.35205e-05
1711868400276,9.1447e-05
1711872000098,0.000108216
1711875600027,4.74054e-05
1711879200215,5.35015e-05
1711882800253,6.3223e-05
1711886400436,6.9764e-05
1711890000234,7.83206e-05
1711893600287,8.86375e-05
1711897200309,9.01951e-05
1711900800120,0.0001062498
1711904400329,5.77442e-05
1711908000056,6.89363e-05
1711911600250,7.37714e-05
1711915200042,8.69055e-05
1711918800311,0.0001073088
1711922400192,0.0001245446
1711926000346,0.0001074797
1711929600210,0.0001066484
1711933200029,7.79005e-05
1711936800024,8.74233e-05
1711940400031,0.0001038702
1711944000261,0.0001071446
1711947600281,8.73821e-05
1711951200200,8.00322e-05
1711954800177,2.84155e-05
1711958400337,4.78485e-05
1711962000109,2.25878e-05
1711965600065,3.03457e-05
1711969200284,2.33006e-05
1711972800002,3.94736e-05
1711976400223,3.41953e-05
1711980000318,4.28217e-05
1711983600439,4.45426e-05
1711987200099,3.01775e-05
1711990800051,1.25e-05
1711994400397,1.25e-05
1711998000423,1.25e-05
1712001600078,1.61873e-05
1712005200094,1.25e-05
1712008800063,1.94663e-05
1712012400076,3.2557e-05
1712016000460,4.34859e-05
1712019600088,1.51537e-05
1712023200410,2.36809e-05
1712026800157,1.25e-05
1712030400080,1.25e-05
1712034000186,1.25e-05
1712037600111,1.25e-05
1712041200006,1.25e-05
1712044800182,1.25e-05
1712048400426,1.25e-05
1712052000335,1.25e-05
1712055600162,1.25e-05
1712059200115,1.25e-05
1712062800237,1.71381e-05
1712066400220,1.48615e-05
1712070000055,2.16485e-05
1712073600428,1.93959e-05
1712077200088,1.25e-05
1712080800366,1.25e-05
1712084400291,1.25e-05
1712088000224,1.25e-05
1712091600365,1.25e-05
1712095200125,1.25e-05
1712098800188,1.25e-05
1712102400447,1.25e-05
1712106000030,1.25e-05
1712109600334,1.25e-05
1712113200047,1.25e-05
1712116800081,1.25e-05
1712120400244,1.25e-05
1712124000405,1.25e-05
1712127600317,1.25e-05
1712131200138,1.25e-05
1712134800333,1.25e-05
1712138400288,1.25e-05
1712142000454,1.25e-05
1712145600098,1.25e-05
1712149200374,1.25e-05
1712152800242,1.25e-05
1712156400117,1.25e-05
1712160000377,1.25e-05
1712163600286,1.25e-05
1712167200365,1.25e-05
1712170800189,1.25e-05
1712174400389,1.25e-05
1712178000099,1.25e-05
1712181600344,1.25e-05
1712185200025,1.25e-05
1712188800241,1.25e-05
1712192400322,1.25e-05
1712196000194,1.25e-05
1712199600351,1.25e-05
1712203200339,1.25e-05
1712206800200,1.25e-05
1712210400017,1.57354e-05
1712214000122,2.73621e-05
1712217600059,1.49014e-05
1712221200002,1.25e-05
1712224800380,1.25e-05
1712228400073,1.25e-05
1712232000032,1.47557e-05
1712235600239,1.5134e-05
1712239200314,1.25e-05
1712242800246,1.25e-05
1712246400200,1.25e-05
1712250000087,1.25e-05
1712253600356,1.25e-05
1712257200037,1.25e-05
1712260800100,1.25e-05
1712264400178,1.25e-05
1712268000093,1.31069e-05
1712271600385,1.25e-05
1712275200026,1.25e-05
1712278800433,1.25e-05
1712282400106,1.25e-05
1712286000265,1.25e-05
1712289600031,1.25e-05
1712293200031,1.25e-05
1712296800252,1.25e-05
1712300400433,1.25e-05
1712304000148,1.25e-05
1712307600191,1.25e-05
1712311200055,1.25e-05
1712314800273,1.25e-05
1712318400022,1.25e-05
1712322000030,1.25e-05
1712325600335,1.25e-05
1712329200311,1.25e-05
1712332800032,1.25e-05
1712336400007,1.25e-05
1712340000394,1.25e-05
1712343600030,1.25e-05
1712347200032,1.25e-05
1712350800371,1.25e-05
1712354400048,1.25e-05
1712358000281,1.25e-05
1712361600122,1.25e-05
1712365200037,1.25e-05
1712368800413,1.25e-05
1712372400243,1.25e-05
1712376000125,1.25e-05
1712379600068,1.25e-05
1712383200372,1.25e-05
1712386800057,1.95069e-05
1712390400029,1.25e-05
1712394000405,1.25e-05
1712397600315,1.25e-05
1712401200244,1.25e-05
1712404800375,1.25e-05
1712408400161,1.25e-05
1712412000351,1.25e-05
1712415600214,1.25e-05
1712419200247,1.89136e-05
1712422800333,1.25e-05
1712426400375,1.25e-05
1712430000433,1.25e-05
1712433600312,1.25e-05
1712437200211,1.25e-05
1712440800407,1.25e-05
1712444400007,1.25e-05
1712448000118,1.25e-05
1712451600167,1.25e-05
1712455200428,1.25e-05
1712458800348,1.25e-05
1712462400356,1.25e-05
1712466000035,1.25e-05
1712469600159,1.25e-05
1712473200035,1.25e-05
1712476800078,1.25e-05
1712480400035,1.25e-05
1712484000264,1.25e-05
1712487600196,1.25e-05
1712491200405,1.25e-05
1712494800201,1.25e-05
1712498400026,1.25e-05
1712502000364,1.25e-05
1712505600157,1.25e-05
1712509200110,1.25e-05
1712512800152,1.25e-05
1712516400140,1.25e-05
1712520000089,1.25e-05
1712523600060,1.25e-05
1712527200169,1.25e-05
1712530800356,1.25e-05
1712534400009,1.25e-05
1712538000135,1.25e-05
1712541600306,1.25e-05
1712545200317,1.25e-05
1712548800147,1.25e-05
1712552400436,1.25e-05
1712556000134,1.25e-05
1712559600293,1.25e-05
1712563200209,1.25e-05
1712566800217,1.25e-05
1712570400393,1.25e-05
1712574000166,1.25e-05
1712577600145,1.25e-05
1712581200355,1.25e-05
1712584800124,1.25e-05
1712588400132,1.25e-05
1712592000410,1.25e-05
1712595600008,1.25e-05
1712599200396,1.25e-05
1712602800246,1.25e-05
1712606400149,1.25e-05
1712610000372,1.25e-05
1712613600272,1.25e-05
1712617200030,2.73662e-05
1712620800322,1.99115e-05
1712624400161,1.37137e-05
1712628000058,1.69373e-05
1712631600099,1.25e-05
1712635200228,1.25e-05
1712638800259,1.25e-05
1712642400048,1.50942e-05
1712646000097,1.41727e-05
1712649600227,2.45747e-05
1712653200299,1.25e-05
1712656800161,1.25e-05
1712660400277,1.25e-05
1712664000165,1.25544e-05
1712667600020,2.58818e-05
1712671200067,2.98865e-05
1712674800428,3.59595e-05
1712678400253,2.21645e-05
1712682000043,1.25e-05
1712685600168,1.25e-05
1712689200184,1.25e-05
1712692800032,1.25e-05
1712696400060,1.25e-05
1712700000042,1.59047e-05
1712703600444,1.25777e-05
1712707200114,2.29836e-05
1712710800205,1.25e-05
1712714400097,1.25e-05
1712718000311,1.25e-05
1712721600438,1.25e-05
1712725200424,1.25e-05
1712728800352,1.25e-05
1712732400155,1.25e-05
1712736000254,1.25e-05
1712739600079,1.25e-05
1712743200027,1.25e-05
1712746800092,1.25e-05
1712750400060,1.25e-05
1712754000168,1.25e-05
1712757600065,1.25e-05
1712761200319,2.15184e-05
1712764800260,2.01692e-05
1712768400143,1.25e-05
1712772000090,1.25e-05
1712775600108,1.25e-05
1712779200096,1.25e-05
1712782800369,1.25e-05
1712786400094,1.25e-05
1712790000293,1.25e-05
1712793600013,2.68063e-05
1712797200007,1.25e-05
1712800800156,1.25e-05
1712804400066,1.25e-05
1712808000320,1.25e-05
1712811600120,1.25e-05
1712815200172,1.25e-05
1712818800071,1.25e-05
1712822400197,1.25e-05
1712826000307,1.25e-05
1712829600261,1.25e-05
1712833200213,1.25e-05
1712836800047,1.25e-05
1712840400004,1.25e-05
1712844000272,1.25e-05
1712847600104,1.25e-05
1712851200058,1.25e-05
1712854800292,1.25e-05
1712858400198,1.25e-05
1712862000301,1.25e-05
1712865600119,1.25e-05
1712869200031,1.25e-05
1712872800110,1.85954e-05
1712876400177,2.78348e-05
1712880000103,1.25e-05
1712883600160,1.25e-05
1712887200147,1.25e-05
1712890800100,1.25e-05
1712894400129,1.25e-05
1712898000191,1.25e-05
1712901600199,1.25e-05
1712905200114,1.40495e-05
1712908800056,3.30468e-05
1712912400336,1.25e-05
1712916000123,1.25e-05
1712919600034,1.25e-05
1712923200096,1.86029e-05
1712926800016,1.25e-05
1712930400123,1.25e-05
1712934000048,1.25e-05
1712937600205,1.25e-05
1712941200427,1.25e-05
1712944800198,1.25e-05
1712948400398,1.25e-05
1712952000001,1.25e-05
1712955600461,1.25e-05
1712959200163,1.25e-05
1712962800350,1.25e-05
1712966400061,1.25e-05
1712970000077,1.25e-05
1712973600090,1.25e-05
1712977200010,1.25e-05
1712980800053,1.25e-05
1712984400187,1.25e-05
1712988000143,1.25e-05
1712991600120,1.25e-05
1712995200076,1.25e-05
1712998800016,1.25e-05
1713002400020,1.25e-05
1713006000299,1.25e-05
1713009600056,1.25e-05
1713013200066,1.25e-05
1713016800019,1.25e-05
1713020400004,1.25e-05
1713024000075,1.25e-05
1713027600397,1.25e-05
1713031200338,1.25e-05
1713034800297,1.25e-05
1713038400197,1.25e-05
1713042000258,-2.68002e-05
1713045600427,-5.7918e-06
1713049200279,-3.30753e-05
1713052800368,-3.87114e-05
1713056400389,-2.04037e-05
1713060000354,-2.81126e-05
1713063600241,-4.6169e-06
1713067200065,-5.0561e-06
1713070800141,-9.4905e-06
1713074400415,-4.36978e-05
1713078000310,-8.27921e-05
1713081600145,-2.83277e-05
1713085200376,2.885e-06
1713088800121,7.0846e-06
1713092400388,-6.0824e-06
1713096000143,-5.6441e-06
1713099600364,-3.08998e-05
1713103200142,-1.57798e-05
1713106800413,-1.12899e-05
1713110400070,-1.24645e-05
1713114000469,-1.44446e-05
1713117600046,-1.71698e-05
1713121200246,-3.28022e-05
1713124800338,-3.91172e-05
1713128400263,-5.41334e-05
1713132000141,-6.98149e-05
1713135600330,-7.81907e-05
1713139200053,-9.27317e-05
1713142800358,-4.35786e-05
1713146400102,-5.4082e-05
1713150000087,-3.01872e-05
1713153600034,-4.31656e-05
1713157200143,-5.1164e-05
1713160800257,-5.55399e-05
1713164400054,-4.29972e-05
1713168000385,-3.60307e-05
1713171600027,-1.28131e-05
1713175200273,-1.6476e-05
1713178800068,-1.82344e-05
1713182400092,-5.6436e-06
1713186000280,-3.27224e-05
1713189600223,-4.23014e-05
1713193200400,-1.16932e-05
1713196800184,3.5559e-06
1713200400372,1.25e-05
1713204000374,2.9503e-06
1713207600053,-1.55694e-05
1713211200455,-2.63855e-05
1713214800363,-1.8203e-06
1713218400015,9.857e-07
1713222000071,-2.41381e-05
1713225600411,-3.49326e-05
1713229200321,1.01681e-05
1713232800136,1.25e-05
1713236400063,1.177e-07
1713240000439,8.5983e-06
1713243600049,-2.06007e-05
1713247200029,-6.2162e-06
1713250800191,-1.30642e-05
1713254400388,-2.10701e-05
1713258000342,-3.5505e-06
1713261600343,1.25e-05
1713265200040,5.4578e-06
1713268800286,-5.5577e-06
1713272400054,-1.121e-05
1713276000281,-1.30732e-05
1713279600348,-2.6719e-05
1713283200191,-3.8395e-05
1713286800299,-1.8775e-05
1713290400406,-1.52981e-05
1713294000424,-7.0959e-06
1713297600396,-2.76061e-05
1713301200189,-5.14113e-05
1713304800452,-6.18348e-05
1713308400410,-7.12409e-05
1713312000012,-8.66611e-05
1713315600057,-3.72274e-05
1713319200388,-3.21483e-05
1713322800277,-4.64443e-05
1713326400156,-5.91323e-05
1713330000333,-7.62224e-05
1713333600074,-8.03725e-05
1713337200350,-7.98613e-05
1713340800334,-8.5281e-05
1713344400007,-1.80131e-05
1713348000122,-1.83041e-05
1713351600102,-1.23252e-05
1713355200241,-2.39914e-05
1713358800360,-2.7979e-05
1713362400017,-2.2521e-05
1713366000350,1.25e-05
1713369600120,1.25e-05
1713373200259,6.8731e-06
1713376800053,6.2458e-06
1713380400351,2.1612e-06
1713384000378,1.25e-05
1713387600280,1.25e-05
1713391200097,1.25e-05
1713394800374,1.10634e-05
1713398400162,2.1439e-06
1713402000414,1.25e-05
1713405600196,1.25e-05
1713409200302,1.25e-05
1713412800309,1.25e-05
1713416400339,1.25e-05
1713420000042,1.25e-05
1713423600385,1.25e-05
1713427200223,-3.2269e-06
1713430800252,1.25e-05
1713434400216,1.25e-05
1713438000313,1.25e-05
1713441600037,1.25e-05
1713445200154,1.25e-05
1713448800437,-7.554e-06
1713452400277,1.25e-05
1713456000343,1.25e-05
1713459600163,1.25e-05
1713463200007,1.25e-05
1713466800063,1.25e-05
1713470400367,1.1592e-05
1713474000090,1.25e-05
1713477600125,1.25e-05
1713481200134,1.25e-05
1713484800060,-2.1428e-06
1713488400401,1.25e-05
1713492000019,1.25e-05
1713495600004,1.25e-05
1713499200216,-1.31523e-05
1713502800435,1.25e-05
1713506400344,1.25e-05
1713510000448,1.25e-05
1713513600109,1.25e-05
1713517200447,1.25e-05
1713520800241,1.25e-05
1713524400059,1.25e-05
1713528000155,1.25e-05
1713531600252,1.25e-05
1713535200355,1.25e-05
1713538800219,1.25e-05
1713542400399,1.12827e-05
1713546000335,1.25e-05
1713549600194,1.25e-05
1713553200423,2.2622e-06
1713556800039,1.0211e-06
1713560400186,6.9159e-06
1713564000251,-2.8717e-06
1713567600454,-1.22672e-05
1713571200394,-8.2691e-06
1713574800371,1.25e-05
1713578400255,-1.9462e-06
1713582000199,-2.565e-07
1713585600341,-1.40587e-05
1713589200298,-1.99151e-05
1713592800019,-2.63018e-05
1713596400204,-2.58583e-05
1713600000087,-1.40628e-05
1713603600163,7.158e-07
1713607200287,1.5635e-06
1713610800275,-3.5843e-06
1713614400168,-4.1026e-06
1713618000107,6.16e-08
1713621600138,8.26e-08
1713625200472,-4.9563e-06
1713628800281,2.2476e-06
1713632400410,1.25e-05
1713636000130,1.25e-05
1713639600425,1.25e-05
1713643200170,-3.329e-07
1713646800044,1.8e-06
1713650400134,1.07763e-05
1713654000046,1.22281e-05
1713657600052,1.25e-05
1713661200112,1.25e-05
1713664800168,6.5348e-06
1713668400050,6.447e-06
1713672000153,8.7849e-06
1713675600242,1.8363e-06
1713679200030,4.6486e-06
1713682800074,3.4661e-06
1713686400120,-8.2018e-06
1713690000412,1.25e-05
1713693600386,1.25e-05
1713697200204,1.25e-05
1713700800344,1.25e-05
1713704400384,1.1703e-05
1713708000177,7.7826e-06
1713711600175,1.25e-05
1713715200268,1.25e-05
1713718800248,1.25e-05
1713722400315,1.25e-05
1713726000423,1.25e-05
1713729600112,1.25e-05
1713733200211,1.25e-05
1713736800419,1.25e-05
1713740400052,1.25e-05
1713744000334,-4.233e-07
1713747600219,1.25e-05
1713751200301,1.25e-05
1713754800063,1.25e-05
1713758400137,1.25e-05
1713762000039,1.25e-05
1713765600017,1.25e-05
1713769200358,1.25e-05
1713772800010,1.25e-05
1713776400100,1.25e-05
1713780000087,1.25e-05
1713783600246,6.1855e-06
1713787200231,-1.9495e-06
1713790800080,1.9714e-06
1713794400348,-1.39159e-05
1713798000058,-3.40132e-05
1713801600158,-2.312e-05
1713805200184,-1.34287e-05
1713808800325,-2.23977e-05
1713812400002,-3.16601e-05
1713816000323,-2.40444e-05
1713819600313,-2.37891e-05
1713823200123,-1.41439e-05
1713826800102,-1.88015e-05
1713830400021,1.1866e-06
1713834000445,1.25e-05
1713837600378,4.1143e-06
1713841200235,1.25e-05
1713844800218,1.4496e-06
1713848400147,3.267e-06
1713852000125,-4.0239e-06
1713855600205,4.0483e-06
1713859200054,1.0207e-06
1713862800128,1.25e-05
1713866400078,1.25e-05
1713870000161,1.25e-05
1713873600359,1.25e-05
1713877200156,1.25e-05
1713880800122,1.1908e-06
1713884400010,-2.31537e-05
1713888000014,-2.77543e-05
1713891600279,-1.62018e-05
1713895200391,-1.21068e-05
1713898800243,-1.57708e-05
1713902400222,-2.36811e-05
1713906000276,-8.9939e-06
1713909600095,-9.7365e-06
1713913200357,6.8248e-06
1713916800159,7.654e-06
1713920400089,1.25e-05
1713924000359,1.25e-05
1713927600399,1.25e-05
1713931200269,8.1804e-06
1713934800275,-2.4105e-06
1713938400184,8.545e-07
1713942000019,1.25e-05
1713945600045,1.25e-05
1713949200338,1.25e-05
1713952800096,1.25e-05
1713956400002,1.25e-05
1713960000007,1.25e-05
1713963600033,1.25e-05
1713967200032,1.25e-05
1713970800341,1.25e-05
1713974400076,1.25e-05
1713978000002,1.25e-05
1713981600242,1.25e-05
1713985200124,1.25e-05
1713988800161,1.25e-05
1713992400014,1.25e-05
1713996000121,1.25e-05
1713999600088,1.25e-05
1714003200042,1.25e-05
1714006800442,1.25e-05
1714010400254,1.25e-05
1714014000202,1.25e-05
1714017600166,1.25e-05
1714021200271,-2.4731e-06
1714024800012,1.25e-05
1714028400056,1.25e-05
1714032000060,1.25e-05
1714035600221,1.25e-05
1714039200443,1.25e-05
1714042800310,1.25e-05
1714046400263,1.25e-05
1714050000109,1.25e-05
1714053600335,1.25e-05
1714057200033,1.25e-05
1714060800154,1.25e-05
1714064400423,1.25e-05
1714068000200,1.25e-05
1714071600438,1.25e-05
1714075200117,1.25e-05
1714078800020,1.25e-05
1714082400084,1.25e-05
1714086000181,1.25e-05
1714089600168,-2.1481e-06
1714093200409,1.25e-05
1714096800243,6.1436e-06
1714100400060,2.5202e-06
1714104000305,-7.5459e-06
1714107600184,-3.7421e-06
1714111200461,-1.16556e-05
1714114800227,-9.6336e-06
1714118400110,-1.6445e-06
1714122000238,1.9236e-06
1714125600020,-6.1818e-06
1714129200411,-1.11706e-05
1714132800159,-1.93611e-05
1714136400102,-1.85983e-05
1714140000390,-2.69372e-05
1714143600410,-2.02341e-05
1714147200226,-4.3389e-05
1714150800220,-2.43881e-05
1714154400145,-2.01722e-05
1714158000060,-2.72289e-05
1714161600093,-2.29569e-05
1714165200127,-2.48834e-05
1714168800259,-3.29756e-05
1714172400187,-2.77845e-05
1714176000147,-5.87548e-05
1714179600019,-4.4335e-06
1714183200228,-8.525e-07
1714186800228,-9.0031e-06
1714190400090,-6.4831e-06
1714194000026,-3.4807e-06
1714197600371,-7.0077e-06
1714201200128,-1.00663e-05
1714204800408,-1.05072e-05
1714208400222,-8.9318e-06
1714212000005,-1.11918e-05
1714215600312,8.7991e-06
1714219200031,-1.16536e-05
1714222800063,-1.47498e-05
1714226400452,4.4162e-06
1714230000033,1.25e-05
1714233600277,1.25e-05
1714237200338,1.25e-05
1714240800113,1.25e-05
1714244400156,1.25e-05
1714248000350,1.25e-05
1714251600189,1.25e-05
1714255200415,1.25e-05
1714258800085,-3.6815e-06
1714262400141,-9.4045e-06
1714266000018,1.25e-05
1714269600333,1.25e-05
1714273200019,1.25e-05
1714276800426,1.25e-05
1714280400199,1.25e-05
1714284000170,1.08596e-05
1714287600382,1.25e-05
1714291200161,1.25e-05
1714294800059,1.25e-05
1714298400319,1.25e-05
1714302000081,1.25e-05
1714305600047,6.2458e-06
1714309200224,-7.9328e-06
1714312800087,-1.65784e-05
1714316400442,-2.24947e-05
1714320000433,-3.06726e-05
1714323600097,-7.5064e-06
1714327200213,-7.0828e-06
1714330800002,-1.06412e-05
1714334400403,-8.8047e-06
1714338000122,-1.29296e-05
1714341600309,-1.86712e-05
1714345200294,-3.67042e-05
1714348800308,-6.39492e-05
1714352400432,-3.51007e-05
1714356000276,-2.96515e-05
1714359600177,-2.92653e-05
1714363200217,-3.34514e-05
1714366800033,-2.72533e-05
1714370400166,-3.45716e-05
1714374000172,-2.85924e-05
1714377600289,-3.22443e-05
1714381200293,-1.35134e-05
1714384800191,-1.50725e-05
1714388400018,-1.7838e-05
1714392000023,-9.433e-07
1714395600131,-3.956e-06
1714399200219,2.5029e-06
1714402800304,-6.0734e-06
1714406400063,-1.01377e-05
1714410000098,4.0338e-06
1714413600309,1.5531e-06
1714417200121,-2.904e-06
1714420800170,4.0642e-06
1714424400443,-1.2205e-06
1714428000308,-2.021e-06
1714431600349,-1.42998e-05
1714435200027,-1.1539e-05
1714438800058,4.1191e-06
1714442400157,7.92e-06
1714446000384,-6.712e-06
1714449600010,-1.15976e-05
1714453200253,-2.5091e-05
1714456800045,-2.20387e-05
1714460400020,-1.61665e-05
1714464000413,-9.9954e-06
1714467600192,9.9823e-06
1714471200038,-5.837e-06
1714474800242,-8.659e-07
1714478400380,-8.8029e-06
1714482000169,-1.58689e-05
1714485600078,-2.23699e-05
1714489200169,-2.88414e-05
1714492800134,-2.30358e-05
1714496400242,-3.239e-07
1714500000230,-1.1949e-06
1714503600047,-6.8245e-06
1714507200257,-3.0568e-06
1714510800358,-1.93823e-05
1714514400185,-1.2261e-05
1714518000287,-3.64813e-05
1714521600016,-5.36435e-05
1714525200181,-1.29728e-05
1714528800110,-5.7733e-06
1714532400261,-2.049e-07
1714536000323,-1.09044e-05
1714539600011,-1.4452e-05
1714543200373,-5.8e-07
1714546800316,4.5041e-06
1714550400282,-2.75796e-05
1714554000410,-1.1812e-05
1714557600259,-8.5581e-06
1714561200380,-9.1867e-06
1714564800168,-2.926e-07
1714568400412,-1.0711e-06
1714572000104,3.8321e-06
1714575600212,1.25e-05
1714579200088,1.08419e-05
1714582800147,1.25e-05
1714586400093,1.08417e-05
1714590000116,7.2714e-06
1714593600132,1.25e-05
1714597200462,3.9486e-06
1714600800149,1.12135e-05
1714604400098,1.276e-06
1714608000086,-4.4097e-06
1714611600088,1.25e-05
1714615200099,1.25e-05
1714618800131,1.25e-05
1714622400032,8.5728e-06
1714626000084,1.5554e-06
1714629600109,-4.1199e-06
1714633200129,3.1511e-06
1714636800088,-2.1152e-06
1714640400331,1.25e-05
1714644000272,1.25e-05
1714647600064,1.25e-05
1714651200135,1.25e-05
1714654800160,1.25e-05
1714658400021,1.25e-05
1714662000121,3.02e-06
1714665600426,2.6647e-06
1714669200238,1.25e-05
1714672800040,1.25e-05
1714676400162,5.079e-06
1714680000019,-1.3211e-06
1714683600294,5.0337e-06
1714687200387,5.7874e-06
1714690800100,6.734e-07
1714694400214,1.25e-05
1714698000305,1.25e-05
1714701600187,1.25e-05
1714705200140,1.25e-05
1714708800139,1.25e-05
1714712400299,1.25e-05
1714716000219,1.25e-05
1714719600424,1.25e-05
1714723200270,1.25e-05
1714726800235,1.25e-05
1714730400101,1.25e-05
1714734000089,1.25e-05
1714737600139,1.25e-05
1714741200314,1.25e-05
1714744800282,1.25e-05
1714748400370,1.25e-05
1714752000260,1.25e-05
1714755600369,1.25e-05
1714759200250,1.25e-05
1714762800051,1.25e-05
1714766400178,1.25e-05
1714770000061,1.25e-05
1714773600101,1.25e-05
1714777200182,1.25e-05
1714780800123,5.2763e-06
1714784400061,1.25e-05
1714788000048,1.25e-05
1714791600293,1.25e-05
1714795200294,1.25e-05
1714798800126,1.25e-05
1714802400234,1.25e-05
1714806000357,1.13315e-05
1714809600078,1.25e-05
1714813200344,1.25e-05
1714816800223,1.25e-05
1714820400115,1.25e-05
1714824000310,1.25e-05
1714827600365,1.25e-05
1714831200270,1.25e-05
1714834800050,1.25e-05
1714838400449,1.25e-05
1714842000449,1.25e-05
1714845600099,1.25e-05
1714849200265,1.25e-05
1714852800363,7.9868e-06
1714856400393,6.4263e-06
1714860000353,1.19785e-05
1714863600241,1.25e-05
1714867200083,1.06944e-05
1714870800073,1.25e-05
1714874400323,1.25e-05
1714878000268,1.25e-05
1714881600175,1.25e-05
1714885200441,1.25e-05
1714888800031,1.25e-05
1714892400410,1.25e-05
1714896000031,1.25e-05
1714899600153,1.25e-05
1714903200135,1.25e-05
1714906800094,1.21217e-05
1714910400403,9.7544e-06
1714914000038,6.922e-06
1714917600123,6.2371e-06
1714921200339,1.25e-05
1714924800204,1.25e-05
1714928400021,1.25e-05
1714932000205,1.25e-05
1714935600171,1.25e-05
1714939200173,1.25e-05
1714942800207,1.25e-05
1714946400185,1.25e-05
1714950000161,1.25e-05
1714953600032,1.25e-05
1714957200091,1.25e-05
1714960800406,1.25e-05
1714964400058,1.25e-05
1714968000075,1.25e-05
1714971600259,1.25e-05
1714975200158,1.25e-05
1714978800129,1.25e-05
1714982400401,1.25e-05
1714986000157,1.25e-05
1714989600413,1.25e-05
1714993200308,1.25e-05
1714996800047,1.25e-05
1715000400398,1.25e-05
1715004000193,1.25e-05
1715007600001,1.25e-05
1715011200030,1.25e-05
1715014800026,1.25e-05
1715018400349,1.25e-05
1715022000449,1.25e-05
1715025600067,1.25e-05
1715029200178,1.25e-05
1715032800046,1.25e-05
1715036400168,7.0048e-06
1715040000106,1.25e-05
1715043600030,1.25e-05
1715047200344,1.17861e-05
1715050800403,1.23895e-05
1715054400313,2.8909e-06
1715058000080,-1.63656e-05
1715061600097,-1.37952e-05
1715065200076,-1.46732e-05
1715068800005,-2.98025e-05
1715072400167,1.03529e-05
1715076000015,4.9861e-06
1715079600233,1.25e-05
1715083200081,1.25e-05
1715086800109,1.25e-05
1715090400148,-1.4235e-06
1715094000048,8.5759e-06
1715097600157,7.6618e-06
1715101200389,7.1694e-06
1715104800290,1.25e-05
1715108400191,1.25e-05
1715112000441,1.25e-05
1715115600418,1.25e-05
1715119200434,1.25e-05
1715122800047,9.0671e-06
1715126400289,-3.1843e-06
1715130000272,1.25e-05
1715133600208,1.25e-05
1715137200036,1.25e-05
1715140800080,1.00981e-05
1715144400316,-1.308e-07
1715148000049,-3.4465e-06
1715151600047,-1.53634e-05
1715155200207,-9.3929e-06
1715158800306,4.41e-06
1715162400353,1.16671e-05
1715166000098,5.666e-07
1715169600318,-2.6557e-06
1715173200390,3.7065e-06
1715176800136,7.1889e-06
1715180400115,1.25e-05
1715184000446,1.25e-05
1715187600309,1.25e-05
1715191200267,1.25e-05
1715194800317,1.25e-05
1715198400008,1.25e-05
1715202000040,1.25e-05
1715205600418,1.25e-05
1715209200036,1.25e-05
1715212800424,7.3994e-06
1715216400316,1.25e-05
1715220000145,1.25e-05
1715223600007,1.25e-05
1715227200211,1.25e-05
1715230800344,-6.9744e-06
1715234400134,-1.87374e-05
1715238000015,-2.27681e-05
1715241600126,-2.3496e-05
1715245200356,-2.50962e-05
1715248800239,-1.69964e-05
1715252400133,-1.53658e-05
1715256000434,-7.15e-06
1715259600139,-5.4896e-06
1715263200317,-2.1173e-05
1715266800349,-2.93487e-05
1715270400221,-3.79134e-05
1715274000027,-3.2487e-06
1715277600241,-1.20911e-05
1715281200315,-2.40582e-05
1715284800233,-1.88567e-05
1715288400128,-1.385e-05
1715292000043,-1.78089e-05
1715295600359,-3.0717e-05
1715299200133,-3.95709e-05
1715302800074,-1.917e-07
1715306400266,1.05815e-05
1715310000236,1.25e-05
1715313600024,9.5371e-06
1715317200271,7.869e-07
1715320800139,-1.25706e-05
1715324400399,1.22609e-05
1715328000016,3.2361e-06
1715331600381,7.3188e-06
1715335200314,1.25e-05
1715338800026,1.25e-05
1715342400267,8.2206e-06
1715346000392,1.24715e-05
1715349600354,-1.7672e-06
1715353200410,-6.1585e-06
1715356800167,-3.3266e-05
1715360400015,-7.5551e-06
1715364000286,-1.32809e-05
1715367600239,-4.9393e-06
1715371200342,-7.9328e-06
1715374800363,-1.0883e-06
1715378400214,5.9747e-06
1715382000162,1.25e-05
1715385600331,5.384e-06
1715389200070,1.25e-05
1715392800087,1.25e-05
1715396400205,1.25e-05
1715400000008,1.25e-05
1715403600461,8.7212e-06
1715407200127,1.25e-05
1715410800277,1.58e-08
1715414400353,1.0745e-06
1715418000024,1.25e-05
1715421600254,1.25e-05
1715425200371,1.25e-05
1715428800408,1.25e-05
1715432400249,1.25e-05
1715436000051,1.25e-05
1715439600303,1.25e-05
1715443200383,4.9715e-06
1715446800120,5.7771e-06
1715450400100,5.6065e-06
1715454000068,-1.3957e-06
1715457600275,-7.3595e-06
1715461200181,-4.591e-06
1715464800429,-6.2644e-06
1715468400286,-3.7656e-06
1715472000428,-2.47945e-05
1715475600006,8.8065e-06
1715479200089,1.25e-05
1715482800010,1.25e-05
1715486400135,1.2209e-06
1715490000020,-7.607e-06
1715493600357,-6.3319e-06
1715497200242,-6.4684e-06
1715500800073,-1.42964e-05
1715504400166,3.974e-06
1715508000040,-1.2894e-06
1715511600041,1.25e-05
1715515200090,9.8857e-06
1715518800059,1.437e-07
1715522400032,3.359e-07
1715526000023,-1.8785e-06
1715529600044,-2.9655e-06
1715533200046,7.7673e-06
1715536800025,-1.3769e-06
1715540400048,-9.0352e-06
1715544000068,-1.58192e-05
1715547600129,-2.01657e-05
1715551200076,-3.22676e-05
1715554800040,-4.74148e-05
1715558400077,-6.49594e-05
1715562000001,-2.30322e-05
1715565600004,-2.08816e-05
1715569200013,-2.1437e-05
1715572800108,-3.95784e-05
1715576400072,-3.17292e-05
1715580000119,-3.90364e-05
1715583600087,-2.69221e-05
1715587200116,-1.83838e-05
1715590800077,-4.7731e-06
1715594400009,-4.4196e-06
1715598000101,8.2694e-06
1715601600024,-1.44926e-05
1715605200043,-1.81994e-05
1715608800106,-1.98825e-05
1715612400095,-3.2794e-05
1715616000019,-3.19258e-05
1715619600113,-8.5774e-06
1715623200086,1.6731e-06
1715626800125,-6.1545e-06
1715630400122,-1.08879e-05
1715634000034,-1.98234e-05
1715637600087,-1.18294e-05
1715641200130,-1.3316e-05
1715644800019,-2.07205e-05
1715648400077,6.0984e-06
1715652000015,-1.14103e-05
1715655600111,1.25e-05
1715659200171,1.25e-05
1715662800025,1.25e-05
1715666400054,1.25e-05
1715670000029,1.25e-05
1715673600120,1.25e-05
1715677200006,1.25e-05
1715680800042,1.25e-05
1715684400061,1.11896e-05
1715688000036,5.6632e-06
1715691600021,2.5367e-06
1715695200007,1.2713e-06
1715698800015,3.476e-07
1715702400010,-2.16541e-05
1715706000060,4.2181e-06
1715709600097,1.9523e-06
1715713200004,-1.63505e-05
1715716800075,-9.7566e-06
1715720400033,-6.2668e-06
1715724000077,-2.35838e-05
1715727600052,-3.86362e-05
1715731200085,-3.86889e-05
1715734800057,-1.06089e-05
1715738400037,-1.01557e-05
1715742000002,-1.61039e-05
1715745600095,-2.15357e-05
1715749200162,-2.67697e-05
1715752800108,-2.1389e-05
1715756400074,-2.15555e-05
1715760000082,-3.33391e-05
1715763600104,1.25e-05
1715767200099,9.6447e-06
1715770800105,9.9902e-06
1715774400059,7.0373e-06
1715778000024,1.25e-05
1715781600076,1.25e-05
1715785200007,1.25e-05
1715788800035,1.25e-05
1715792400017,1.25e-05
1715796000095,1.25e-05
1715799600109,1.25e-05
1715803200110,1.25e-05
1715806800155,1.25e-05
1715810400140,1.25e-05
1715814000095,1.25e-05
1715817600124,1.25e-05
1715821200084,1.25e-05
1715824800052,1.25e-05
1715828400085,1.25e-05
1715832000089,1.25e-05
1715835600112,1.25e-05
1715839200018,1.25e-05
1715842800080,1.25e-05
1715846400111,1.25e-05
1715850000036,1.25e-05
1715853600124,1.25e-05
1715857200116,1.25e-05
1715860800081,1.25e-05
1715864400116,1.25e-05
1715868000017,1.25e-05
1715871600044,1.25e-05
1715875200044,1.25e-05
1715878800052,1.25e-05
1715882400014,1.25e-05
1715886000061,1.25e-05
1715889600035,1.25e-05
1715893200129,1.25e-05
1715896800086,1.25e-05
1715900400101,1.25e-05
1715904000073,1.25e-05
1715907600087,1.25e-05
1715911200161,1.25e-05
1715914800085,1.25e-05
1715918400104,1.25e-05
1715922000087,1.25e-05
1715925600074,1.25e-05
1715929200019,1.25e-05
1715932800110,1.25e-05
1715936400062,1.25e-05
1715940000157,1.25e-05
1715943600071,1.25e-05
1715947200027,1.25e-05
1715950800067,1.25e-05
1715954400040,1.25e-05
1715958000010,1.25e-05
1715961600106,1.25e-05
1715965200002,1.25e-05
1715968800042,1.25e-05
1715972400087,1.25e-05
1715976000117,1.25e-05
1715979600110,1.04571e-05
1715983200004,6.0603e-06
1715986800093,-1.8631e-06
1715990400132,1.25e-05
1715994000125,1.25e-05
1715997600096,1.25e-05
1716001200044,1.25e-05
1716004800152,1.25e-05
1716008400006,1.25e-05
1716012000057,5.8689e-06
1716015600148,6.3234e-06
1716019200090,1.25e-05
1716022800107,1.25e-05
1716026400025,1.25e-05
1716030000115,1.25e-05
1716033600084,1.25e-05
1716037200134,1.25e-05
1716040800031,1.25e-05
1716044400023,1.0547e-05
1716048000016,1.25e-05
1716051600066,1.25e-05
1716055200169,1.25e-05
1716058800104,1.25e-05
1716062400047,1.25e-05
1716066000082,1.25e-05
1716069600087,1.25e-05
1716073200085,1.21122e-05
1716076800037,1.25e-05
1716080400042,1.25e-05
1716084000049,1.25e-05
1716087600104,1.25e-05
1716091200003,1.25e-05
1716094800112,1.25e-05
1716098400056,1.25e-05
1716102000050,1.25e-05
1716105600056,1.25e-05
1716109200058,1.25e-05
1716112800146,1.25e-05
1716116400038,1.25e-05
1716120000014,1.15122e-05
1716123600136,1.23059e-05
1716127200026,8.0726e-06
1716130800013,3.7275e-06
1716134400045,1.08736e-05
1716138000053,1.25e-05
1716141600014,1.25e-05
1716145200093,1.25e-05
1716148800037,1.25e-05
1716152400058,8.8986e-06
1716156000040,2.6019e-06
1716159600035,-3.0474e-06
1716163200089,-1.1669e-05
1716166800039,7.6076e-06
1716170400118,5.3023e-06
1716174000069,4.0968e-06
1716177600057,4.2512e-06
1716181200003,1.22536e-05
1716184800090,1.25e-05
1716188400008,9.6493e-06
1716192000025,-3.16926e-05
1716195600017,-1.1863e-06
1716199200098,1.25e-05
1716202800002,8.6406e-06
1716206400060,9.6486e-06
1716210000072,1.8866e-06
1716213600118,-1.2435e-06
1716217200027,-5.9402e-06
1716220800076,-2.92838e-05
1716224400097,1.6942e-06
1716228000001,1.16177e-05
1716231600048,6.801e-07
1716235200036,1.07039e-05
1716238800080,1.25e-05
1716242400011,1.25e-05
1716246000037,1.25e-05
1716249600004,1.25e-05
1716253200022,1.25e-05
1716256800081,1.25e-05
1716260400008,1.25e-05
1716264000005,1.25e-05
1716267600005,1.25e-05
1716271200059,1.25e-05
1716274800253,1.25e-05
1716278400076,1.25e-05
1716282000000,1.25e-05
1716285600090,1.25e-05
1716289200088,1.25e-05
1716292800108,1.25e-05
1716296400039,1.25e-05
1716300000024,1.25e-05
1716303600124,1.25e-05
1716307200017,1.25e-05
1716310800048,1.25e-05
1716314400084,1.25e-05
1716318000000,1.25e-05
1716321600158,1.25e-05
1716325200088,1.25e-05
1716328800062,1.25e-05
1716332400119,1.25e-05
1716336000102,2.9035e-06
1716339600105,1.25e-05
1716343200049,1.25e-05
1716346800135,3.4537e-06
1716350400125,1.00546e-05
1716354000085,-2.9564e-06
1716357600134,-5.76e-07
1716361200083,6.5205e-06
1716364800099,9.2186e-06
1716368400131,3.4127e-06
1716372000024,-1.42709e-05
1716375600038,-1.03952e-05
1716379200087,-8.9446e-06
1716382800063,-1.2145e-05
1716386400062,1.25e-05
1716390000006,1.25e-05
1716393600118,1.25e-05
1716397200027,1.25e-05
1716400800002,1.25e-05
1716404400000,1.25e-05
1716408000024,1.25e-05
1716411600037,1.25e-05
1716415200059,1.25e-05
1716418800101,1.25e-05
1716422400009,1.25e-05
1716426000040,1.25e-05
1716429600053,1.25e-05
1716433200027,1.25e-05
1716436800078,1.25e-05
1716440400135,1.25e-05
1716444000097,1.25e-05
1716447600068,1.25e-05
1716451200093,1.25e-05
1716454800094,1.25e-05
1716458400128,1.25e-05
1716462000027,1.25e-05
1716465600080,1.25e-05
1716469200000,1.25e-05
1716472800070,1.25e-05
1716476400025,1.25e-05
1716480000047,1.25e-05
1716483600032,1.25e-05
1716487200039,1.25e-05
1716490800022,1.25e-05
1716494400060,1.25e-05
1716498000050,1.25e-05
1716501600120,1.25e-05
1716505200175,1.25e-05
1716508800040,1.25e-05
1716512400003,1.25e-05
1716516000067,1.25e-05
1716519600011,1.25e-05
1716523200072,1.25e-05
1716526800037,1.25e-05
1716530400076,1.25e-05
1716534000067,1.25e-05
1716537600143,1.25e-05
1716541200123,1.25e-05
1716544800127,1.25e-05
1716548400127,1.25e-05
1716552000027,1.25e-05
1716555600084,1.25e-05
1716559200000,1.25e-05
1716562800157,1.25e-05
1716566400022,1.25e-05
1716570000132,1.25e-05
1716573600070,1.25e-05
1716577200084,1.25e-05
1716580800153,1.25e-05
1716584400120,1.25e-05
1716588000096,1.25e-05
1716591600045,1.25e-05
1716595200025,1.25e-05
1716598800033,1.25e-05
1716602400090,1.25e-05
1716606000050,1.25e-05
1716609600000,1.25e-05
1716613200133,1.25e-05
1716616800108,1.25e-05
1716620400046,1.25e-05
1716624000074,1.25e-05
1716627600053,1.25e-05
1716631200096,1.25e-05
1716634800027,1.25e-05
1716638400146,1.25e-05
1716642000048,1.25e-05
1716645600019,1.25e-05
1716649200078,1.25e-05
1716652800085,1.25e-05
1716656400104,1.25e-05
1716660000009,1.25e-05
1716663600010,1.25e-05
1716667200023,1.25e-05
1716670800049,1.25e-05
1716674400005,1.25e-05
1716678000083,1.25e-05
1716681600092,1.25e-05
1716685200043,1.25e-05
1716688800115,1.25e-05
1716692400077,1.25e-05
1716696000087,1.25e-05
1716699600029,1.25e-05
1716703200033,1.25e-05
1716706800103,1.25e-05
1716710400109,1.25e-05
1716714000097,1.25e-05
1716717600051,1.25e-05
1716721200071,1.25e-05
1716724800004,1.25e-05
1716728400081,1.25e-05
1716732000019,1.25e-05
1716735600084,1.25e-05
1716739200046,1.25e-05
1716742800172,1.25e-05
1716746400110,1.25e-05
1716750000069,1.25e-05
1716753600130,1.25e-05
1716757200071,1.25e-05
1716760800178,1.25e-05
1716764400050,1.25e-05
1716768000012,1.25e-05
1716771600046,1.25e-05
1716775200015,1.25e-05
1716778800078,1.25e-05
1716782400039,1.25e-05
1716786000034,1.25e-05
1716789600011,1.25e-05
1716793200012,1.25e-05
1716796800127,1.25e-05
1716800400014,1.25e-05
1716804000152,1.25e-05
1716807600015,1.25e-05
1716811200046,1.25e-05
1716814800068,1.25e-05
1716818400022,1.25e-05
1716822000021,1.25e-05
1716825600098,1.25e-05
1716829200110,1.25e-05
1716832800076,1.25e-05
1716836400020,1.25e-05
1716840000029,1.25e-05
1716843600053,1.25e-05
1716847200068,1.25e-05
1716850800043,1.25e-05
1716854400180,1.25e-05
1716858000054,1.25e-05
1716861600034,1.25e-05
1716865200012,1.25e-05
1716868800059,1.25e-05
1716872400083,1.25e-05
1716876000026,1.25e-05
1716879600014,1.25e-05
1716883200092,1.31692e-05
1716886800099,1.25e-05
1716890400011,1.60427e-05
1716894000013,2.37146e-05
1716897600027,2.75867e-05
1716901200109,3.98126e-05
1716904800001,4.76913e-05
1716908400007,4.07538e-05
1716912000097,4.23021e-05
1716915600023,2.25491e-05
1716919200043,2.68745e-05
1716922800011,1.70923e-05
1716926400078,1.25e-05
1716930000120,2.06421e-05
1716933600077,1.25e-05
1716937200010,1.25e-05
1716940800118,1.25e-05
1716944400038,1.25e-05
1716948000102,1.25e-05
1716951600022,1.25e-05
1716955200025,1.25e-05
1716958800069,1.25e-05
1716962400111,1.25e-05
1716966000111,1.54074e-05
1716969600115,1.55009e-05
1716973200100,1.25e-05
1716976800001,1.25e-05
1716980400107,1.25e-05
1716984000034,1.25e-05
1716987600128,1.73805e-05
1716991200076,2.66603e-05
1716994800108,2.33846e-05
1716998400073,1.62502e-05
1717002000019,1.25e-05
1717005600013,1.25e-05
1717009200038,1.25e-05
1717012800029,1.25e-05
1717016400079,1.25e-05
1717020000050,1.25e-05
1717023600083,1.25e-05
1717027200141,1.25e-05
1717030800051,1.25e-05
1717034400057,1.25e-05
1717038000033,1.25e-05
1717041600015,1.25e-05
1717045200016,1.25e-05
1717048800140,1.25e-05
1717052400110,1.25e-05
1717056000013,1.25e-05
1717059600079,1.25e-05
1717063200079,1.25e-05
1717066800039,1.25e-05
1717070400025,1.25e-05
1717074000035,1.25e-05
1717077600038,2.41028e-05
1717081200018,1.77643e-05
1717084800137,1.93144e-05
1717088400050,1.25e-05
1717092000070,1.47608e-05
1717095600016,1.85898e-05
1717099200024,1.25e-05
1717102800094,1.25e-05
1717106400108,1.25e-05
1717110000071,1.25e-05
1717113600057,1.25e-05
1717117200124,1.25e-05
1717120800062,1.25e-05
1717124400104,1.25e-05
1717128000110,1.25e-05
1717131600001,1.25e-05
1717135200122,1.25e-05
1717138800081,1.56418e-05
1717142400092,1.81609e-05
1717146000113,1.25e-05
1717149600048,1.25e-05
1717153200109,1.25e-05
1717156800106,1.25e-05
1717160400025,1.25e-05
1717164000111,1.25e-05
1717167600105,1.25e-05
1717171200124,1.25e-05
1717174800074,1.25e-05
1717178400080,1.25e-05
1717182000123,1.25e-05
1717185600072,1.25e-05
1717189200035,1.25e-05
1717192800069,1.25e-05
1717196400062,1.25e-05
1717200000073,1.25e-05
1717203600165,1.25e-05
1717207200110,1.25e-05
1717210800122,1.25e-05
1717214400101,2.1367e-05
1717218000014,1.304e-05
1717221600087,3.46991e-05
1717225200083,3.98733e-05
1717228800169,3.57277e-05
1717232400115,1.25e-05
1717236000077,1.25e-05
1717239600030,2.72736e-05
1717243200012,3.21034e-05
1717246800040,3.36072e-05
1717250400016,3.48785e-05
1717254000036,3.81632e-05
1717257600026,3.94068e-05
1717261200050,1.25e-05
1717264800075,1.25e-05
1717268400043,1.25e-05
1717272000046,1.25e-05
1717275600027,1.25e-05
1717279200042,1.25e-05
1717282800050,1.55399e-05
1717286400064,1.25e-05
1717290000107,1.25e-05
1717293600063,1.27312e-05
1717297200047,1.25e-05
1717300800053,1.64513e-05
1717304400018,1.80171e-05
1717308000022,1.82063e-05
1717311600026,1.72044e-05
1717315200025,1.25e-05
1717318800023,1.25e-05
1717322400035,1.25e-05
1717326000026,1.25e-05
1717329600036,1.25e-05
1717333200029,1.25e-05
1717336800044,1.25e-05
1717340400101,1.83272e-05
1717344000032,1.64202e-05
1717347600094,1.25e-05
1717351200123,1.25e-05
1717354800027,1.25e-05
1717358400001,1.25e-05
1717362000101,1.25e-05
1717365600102,1.25e-05
1717369200035,1.25e-05
1717372800103,1.25e-05
1717376400031,1.25e-05
1717380000093,1.25e-05
1717383600073,1.25e-05
1717387200178,1.25e-05
1717390800099,1.25e-05
1717394400056,1.25e-05
1717398000061,2.71254e-05
1717401600140,4.81528e-05
1717405200022,1.74582e-05
1717408800002,2.70361e-05
1717412400154,3.13853e-05
1717416000072,2.53071e-05
1717419600019,3.35774e-05
1717423200012,5.70674e-05
1717426800060,5.9213e-05
1717430400084,5.23166e-05
1717434000018,3.80867e-05
1717437600030,3.88817e-05
1717441200089,4.76793e-05
1717444800081,3.43273e-05
1717448400000,3.18346e-05
1717452000002,1.25e-05
1717455600099,1.25e-05
1717459200140,1.25e-05
1717462800082,1.25e-05
1717466400017,1.25e-05
1717470000083,1.25e-05
1717473600033,1.25e-05
1717477200076,1.25e-05
1717480800003,1.25e-05
1717484400121,1.25e-05
1717488000155,1.25e-05
1717491600125,1.25e-05
1717495200071,1.25e-05
1717498800072,1.25e-05
1717502400161,1.25e-05
1717506000071,1.25e-05
1717509600069,1.25e-05
1717513200025,1.25e-05
1717516800130,2.94687e-05
1717520400022,1.25e-05
1717524000137,1.25e-05
1717527600142,1.25e-05
1717531200132,1.25e-05
1717534800004,1.25e-05
1717538400075,1.25e-05
1717542000016,1.25e-05
1717545600053,1.25e-05
1717549200081,1.25e-05
1717552800140,1.25e-05
1717556400086,1.25e-05
1717560000115,1.25e-05
1717563600050,1.25e-05
1717567200082,1.25e-05
1717570800089,1.25e-05
1717574400106,2.20262e-05
1717578000119,1.25e-05
1717581600128,1.25e-05
1717585200054,1.2798e-05
1717588800031,1.25e-05
1717592400033,1.25e-05
1717596000082,1.25e-05
1717599600140,2.50466e-05
1717603200025,2.80187e-05
1717606800001,1.25e-05
1717610400033,1.35842e-05
1717614000045,1.31527e-05
1717617600065,1.25e-05
1717621200083,1.25e-05
1717624800022,1.25e-05
1717628400029,1.25e-05
1717632000101,1.25e-05
1717635600156,1.25e-05
1717639200015,1.25e-05
1717642800117,1.25e-05
1717646400083,1.25e-05
1717650000114,1.48165e-05
1717653600074,2.04261e-05
1717657200025,1.90146e-05
1717660800098,2.60489e-05
1717664400037,1.25e-05
1717668000078,1.25e-05
1717671600011,1.49446e-05
1717675200054,1.25e-05
1717678800102,2.56879e-05
1717682400023,3.07237e-05
1717686000130,3.61372e-05
1717689600024,4.61355e-05
1717693200013,1.40958e-05
1717696800046,1.72404e-05
1717700400122,1.88552e-05
1717704000036,1.25e-05
1717707600003,1.25e-05
1717711200107,1.25e-05
1717714800006,1.25e-05
1717718400093,1.25e-05
1717722000095,1.25e-05
1717725600039,1.25e-05
1717729200044,1.25e-05
1717732800067,1.25e-05
1717736400067,1.25e-05
1717740000098,1.25e-05
1717743600057,2.87142e-05
1717747200069,3.72066e-05
1717750800117,1.25e-05
1717754400158,2.35481e-05
1717758000004,1.25e-05
1717761600038,3.54107e-05
1717765200099,2.75575e-05
1717768800102,2.85849e-05
1717772400048,5.39594e-05
1717776000104,5.46419e-05
1717779600030,1.25e-05
1717783200124,1.25e-05
1717786800076,1.25e-05
1717790400137,1.25e-05
1717794000028,1.25e-05
1717797600016,1.25e-05
1717801200043,1.25e-05
1717804800009,1.25e-05
1717808400033,1.25e-05
1717812000124,1.25e-05
1717815600088,1.25e-05
1717819200075,1.25e-05
1717822800036,1.25e-05
1717826400005,1.25e-05
1717830000024,1.25e-05
1717833600002,1.25e-05
1717837200043,1.25e-05
1717840800058,1.25e-05
1717844400095,1.25e-05
1717848000031,1.25e-05
1717851600117,1.25e-05
1717855200040,1.25e-05
1717858800103,1.25e-05
1717862400073,1.25e-05
1717866000066,1.25e-05
1717869600106,1.25e-05
1717873200116,1.25e-05
1717876800112,6.0049e-06
1717880400093,-2.7648e-06
1717884000076,1.6467e-06
1717887600024,1.25e-05
1717891200099,1.25e-05
1717894800037,1.25e-05
1717898400129,1.25e-05
1717902000025,1.25e-05
1717905600092,1.25e-05
1717909200084,1.25e-05
1717912800065,1.25e-05
1717916400069,1.25e-05
1717920000092,1.25e-05
1717923600053,1.25e-05
1717927200147,1.25e-05
1717930800469,1.25e-05
1717934400016,1.25e-05
1717938000111,1.25e-05
1717941600123,1.25e-05
1717945200135,1.25e-05
1717948800045,1.25e-05
1717952400085,1.25e-05
1717956000035,1.25e-05
1717959600044,1.25e-05
1717963200048,1.25e-05
1717966800036,1.25e-05
1717970400163,1.25e-05
1717974000094,1.25e-05
1717977600001,1.25e-05
1717981200076,1.25e-05
1717984800055,1.25e-05
1717988400001,1.25e-05
1717992000069,1.25e-05
1717995600069,1.25e-05
1717999200073,1.25e-05
1718002800078,1.25e-05
1718006400055,1.25e-05
1718010000060,1.25e-05
1718013600157,1.25e-05
1718017200061,1.25e-05
1718020800001,1.25e-05
1718024400120,1.25e-05
1718028000120,1.25e-05
1718031600052,1.25e-05
1718035200048,1.25e-05
1718038800061,1.25e-05
1718042400024,1.25e-05
1718046000123,1.25e-05
1718049600028,1.25e-05
1718053200013,1.25e-05
1718056800139,1.25e-05
1718060400092,1.25e-05
1718064000097,1.25e-05
1718067600092,1.25e-05
1718071200098,1.25e-05
1718074800081,1.25e-05
1718078400030,1.25e-05
1718082000104,1.25e-05
1718085600027,1.25e-05
1718089200038,1.25e-05
1718092800027,1.25e-05
1718096400165,1.25e-05
1718100000094,1.25e-05
1718103600007,1.25e-05
1718107200028,1.25e-05
1718110800088,1.25e-05
1718114400126,1.25e-05
1718118000128,1.25e-05
1718121600045,1.25e-05
1718125200061,1.25e-05
1718128800071,1.25e-05
1718132400073,1.25e-05
1718136000100,1.25e-05
1718139600104,1.25e-05
1718143200035,1.25e-05
1718146800106,1.25e-05
1718150400081,1.25e-05
1718154000105,1.25e-05
1718157600112,1.25e-05
1718161200066,1.25e-05
1718164800009,1.25e-05
1718168400079,1.25e-05
1718172000109,1.25e-05
1718175600055,1.25e-05
1718179200104,1.25e-05
1718182800056,1.25e-05
1718186400036,1.25e-05
1718190000073,1.25e-05
1718193600035,1.25e-05
1718197200096,1.25e-05
1718200800077,1.25e-05
1718204400112,1.25e-05
1718208000103,1.25e-05
1718211600126,1.25e-05
1718215200083,1.25e-05
1718218800105,1.25e-05
1718222400083,1.25e-05
1718226000117,1.25e-05
1718229600066,1.25e-05
1718233200029,1.25e-05
1718236800042,1.25e-05
1718240400050,1.25e-05
1718244000006,1.25e-05
1718247600006,1.25e-05
1718251200123,1.25e-05
1718254800052,1.25e-05
1718258400005,1.25e-05
1718262000143,1.25e-05
1718265600066,1.25e-05
1718269200082,1.25e-05
1718272800076,1.25e-05
1718276400115,1.25e-05
1718280000100,1.25e-05
1718283600110,1.25e-05
1718287200026,1.25e-05
1718290800135,1.25e-05
1718294400093,1.25e-05
1718298000015,1.25e-05
1718301600023,1.25e-05
1718305200103,1.25e-05
1718308800012,1.25e-05
1718312400076,1.25e-05
1718316000073,1.25e-05
1718319600005,1.25e-05
1718323200031,1.25e-05
1718326800018,1.25e-05
1718330400004,1.25e-05
1718334000111,1.25e-05
1718337600102,1.25e-05
1718341200146,1.25e-05
1718344800001,1.25e-05
1718348400072,1.25e-05
1718352000105,1.25e-05
1718355600036,1.25e-05
1718359200037,1.25e-05
1718362800088,1.25e-05
1718366400008,1.25e-05
1718370000101,1.25e-05
1718373600061,1.25e-05
1718377200027,1.25e-05
1718380800119,1.25e-05
1718384400076,1.25e-05
1718388000114,1.25e-05
1718391600042,1.25e-05
1718395200103,1.25e-05
1718398800072,1.25e-05
1718402400097,1.25e-05
1718406000080,1.25e-05
1718409600050,1.25e-05
1718413200101,1.25e-05
1718416800020,1.25e-05
1718420400115,1.25e-05
1718424000099,1.25e-05
1718427600095,1.25e-05
1718431200063,1.25e-05
1718434800044,1.25e-05
1718438400027,1.25e-05
1718442000041,1.25e-05
1718445600108,1.25e-05
1718449200019,1.25e-05
1718452800101,1.25e-05
1718456400016,1.25e-05
1718460000096,1.25e-05
1718463600010,1.25e-05
1718467200106,1.25e-05
1718470800080,1.25e-05
1718474400092,1.25e-05
1718478000027,1.25e-05
1718481600040,1.25e-05
1718485200053,1.25e-05
1718488800055,1.25e-05
1718492400068,1.25e-05
1718496000002,1.25e-05
1718499600024,1.25e-05
1718503200045,1.25e-05
1718506800007,1.25e-05
1718510400008,1.25e-05
1718514000007,1.25e-05
1718517600064,1.25e-05
1718521200113,1.25e-05
1718524800091,1.25e-05
1718528400010,1.25e-05
1718532000025,1.25e-05
1718535600000,1.25e-05
1718539200012,1.25e-05
1718542800089,1.25e-05
1718546400061,1.25e-05
1718550000035,1.25e-05
1718553600061,1.25e-05
1718557200011,1.25e-05
1718560800028,1.25e-05
1718564400020,1.25e-05
1718568000027,1.25e-05
1718571600002,1.25e-05
1718575200065,1.25e-05
1718578800077,1.25e-05
1718582400103,1.25e-05
1718586000105,1.25e-05
1718589600011,1.25e-05
1718593200009,1.25e-05
1718596800111,1.25e-05
1718600400032,1.25e-05
1718604000013,1.25e-05
1718607600092,1.25e-05
1718611200046,1.25e-05
1718614800056,1.25e-05
1718618400131,1.25e-05
1718622000108,1.25e-05
1718625600074,1.25e-05
1718629200030,1.25e-05
1718632800029,7.2815e-06
1718636400087,1.25e-05
1718640000005,1.25e-05
1718643600003,1.25e-05
1718647200121,1.25e-05
1718650800006,1.25e-05
1718654400041,1.25e-05
1718658000092,1.5059e-06
1718661600088,-1.67557e-05
1718665200019,-1.95635e-05
1718668800094,-4.27415e-05
1718672400084,-2.45436e-05
1718676000091,-2.36679e-05
1718679600013,1.25e-05
1718683200056,1.25e-05
1718686800086,1.25e-05
1718690400027,1.25e-05
1718694000009,1.25e-05
1718697600081,1.25e-05
1718701200040,1.25e-05
1718704800030,1.25e-05
1718708400016,1.25e-05
1718712000093,1.25e-05
1718715600054,1.25e-05
1718719200010,1.25e-05
1718722800037,1.25e-05
1718726400008,1.25e-05
1718730000065,1.25e-05
1718733600021,1.25e-05
1718737200116,1.25e-05
1718740800116,1.25e-05
1718744400016,1.25e-05
1718748000153,1.25e-05
1718751600113,1.25e-05
1718755200084,1.25e-05
1718758800021,1.25e-05
1718762400081,1.25e-05
1718766000038,1.25e-05
1718769600088,1.25e-05
1718773200048,1.25e-05
1718776800110,1.25e-05
1718780400034,1.25e-05
1718784000114,1.25e-05
1718787600065,1.25e-05
1718791200037,1.25e-05
1718794800046,1.25e-05
1718798400056,1.25e-05
1718802000001,1.25e-05
1718805600097,1.25e-05
1718809200006,1.25e-05
1718812800056,1.25e-05
1718816400041,1.25e-05
1718820000052,1.25e-05
1718823600050,1.25e-05
1718827200036,1.25e-05
1718830800069,1.25e-05
1718834400182,1.25e-05
1718838000078,1.25e-05
1718841600058,1.25e-05
1718845200077,1.25e-05
1718848800056,1.25e-05
1718852400074,1.25e-05
1718856000083,1.25e-05
1718859600061,1.25e-05
1718863200014,1.25e-05
1718866800013,1.25e-05
1718870400039,1.25e-05
1718874000001,1.25e-05
1718877600076,1.25e-05
1718881200048,1.25e-05
1718884800068,1.25e-05
1718888400090,1.25e-05
1718892000106,1.25e-05
1718895600025,1.25e-05
1718899200066,1.25e-05
1718902800129,1.25e-05
1718906400056,1.25e-05
1718910000001,1.25e-05
1718913600060,1.25e-05
1718917200000,1.25e-05
1718920800010,1.25e-05
1718924400161,1.25e-05
1718928000083,1.25e-05
1718931600004,1.25e-05
1718935200110,1.25e-05
1718938800022,1.25e-05
1718942400074,1.25e-05
1718946000089,1.25e-05
1718949600007,1.25e-05
1718953200048,1.25e-05
1718956800106,1.25e-05
1718960400104,1.25e-05
1718964000104,1.25e-05
1718967600036,1.25e-05
1718971200029,1.25e-05
1718974800010,1.25e-05
1718978400082,1.25e-05
1718982000100,1.25e-05
1718985600026,1.25e-05
1718989200042,1.25e-05
1718992800047,1.25e-05
1718996400016,1.25e-05
1719000000024,1.25e-05
1719003600017,1.25e-05
1719007200000,1.25e-05
1719010800035,1.25e-05
1719014400071,1.25e-05
1719018000090,1.25e-05
1719021600101,1.25e-05
1719025200001,1.25e-05
1719028800127,1.25e-05
1719032400071,1.25e-05
1719036000037,1.25e-05
1719039600056,1.25e-05
1719043200090,1.25e-05
1719046800000,1.25e-05
1719050400044,1.25e-05
1719054000064,1.25e-05
1719057600008,1.25e-05
1719061200056,1.25e-05
1719064800056,1.25e-05
1719068400058,1.25e-05
1719072000013,1.25e-05
1719075600080,1.25e-05
1719079200081,1.25e-05
1719082800000,1.25e-05
1719086400081,1.25e-05
1719090000065,1.25e-05
1719093600050,1.25e-05
1719097200153,1.25e-05
1719100800052,1.25e-05
1719104400032,1.25e-05
1719108000063,1.25e-05
1719111600019,1.25e-05
1719115200038,1.25e-05
1719118800023,1.25e-05
1719122400081,1.25e-05
1719126000064,1.25e-05
1719129600100,1.25e-05
1719133200011,1.25e-05
1719136800002,1.25e-05
1719140400082,1.25e-05
1719144000063,1.25e-05
1719147600150,1.25e-05
1719151200090,1.25e-05
1719154800167,1.25e-05
1719158400099,1.25e-05
1719162000009,1.25e-05
1719165600136,1.25e-05
1719169200053,1.25e-05
1719172800072,1.25e-05
1719176400087,1.25e-05
1719180000099,1.25e-05
1719183600100,1.25e-05
1719187200109,1.25e-05
1719190800024,1.25e-05
1719194400140,1.25e-05
1719198000026,1.25e-05
1719201600087,1.25e-05
1719205200015,1.25e-05
1719208800050,1.25e-05
1719212400065,1.25e-05
1719216000047,1.25e-05
1719219600073,1.25e-05
1719223200060,1.25e-05
1719226800010,1.25e-05
1719230400006,1.25e-05
1719234000075,1.25e-05
1719237600107,1.25e-05
1719241200075,1.25e-05
1719244800047,1.25e-05
1719248400036,1.25e-05
1719252000062,1.25e-05
1719255600047,1.25e-05
1719259200094,1.25e-05
1719262800233,1.25e-05
1719266400013,1.25e-05
1719270000093,1.25e-05
1719273600074,1.25e-05
1719277200048,1.25e-05
1719280800053,1.25e-05
1719284400010,1.25e-05
1719288000058,1.25e-05
1719291600021,1.25e-05
1719295200143,1.25e-05
1719298800022,1.25e-05
1719302400079,1.06027e-05
1719306000129,1.25e-05
1719309600021,1.25e-05
1719313200023,1.25e-05
1719316800112,1.25e-05
1719320400031,1.25e-05
1719324000016,1.25e-05
1719327600149,1.25e-05
1719331200028,1.25e-05
1719334800075,1.25e-05
1719338400085,1.25e-05
1719342000082,1.25e-05
1719345600003,1.25e-05
1719349200146,1.25e-05
1719352800034,1.25e-05
1719356400042,1.25e-05
1719360000073,1.25e-05
1719363600015,1.25e-05
1719367200083,1.25e-05
1719370800046,1.25e-05
1719374400074,1.25e-05
1719378000155,1.25e-05
1719381600081,1.25e-05
1719385200158,1.25e-05
1719388800097,1.25e-05
1719392400144,1.25e-05
1719396000132,1.25e-05
1719399600008,1.25e-05
1719403200101,1.25e-05
1719406800120,1.25e-05
1719410400070,1.25e-05
1719414000047,1.25e-05
1719417600152,1.25e-05
1719421200017,1.25e-05
1719424800085,1.25e-05
1719428400147,1.25e-05
1719432000179,1.25e-05
1719435600096,1.25e-05
1719439200051,1.25e-05
1719442800021,1.25e-05
1719446400058,1.25e-05
1719450000072,1.25e-05
1719453600041,1.25e-05
1719457200039,1.25e-05
1719460800069,1.25e-05
1719464400056,1.25e-05
1719468000052,1.25e-05
1719471600098,1.25e-05
1719475200124,1.25e-05
1719478800111,1.25e-05
1719482400073,1.25e-05
1719486000082,1.25e-05
1719489600078,1.25e-05
1719493200003,1.25e-05
1719496800093,1.25e-05
1719500400076,1.25e-05
1719504000102,1.25e-05
1719507600092,1.25e-05
1719511200101,1.25e-05
1719514800108,1.25e-05
1719518400104,1.25e-05
1719522000105,1.25e-05
1719525600142,1.25e-05
1719529200099,1.25e-05
1719532800099,1.25e-05
1719536400067,1.25e-05
1719540000099,1.25e-05
1719543600138,1.25e-05
1719547200108,1.25e-05
1719550800075,1.25e-05
1719554400030,1.25e-05
1719558000113,1.25e-05
1719561600100,1.25e-05
1719565200100,1.25e-05
1719568800095,1.25e-05
1719572400110,1.25e-05
1719576000095,1.25e-05
1719579600056,1.25e-05
1719583200070,1.25e-05
1719586800071,1.25e-05
1719590400105,1.25e-05
1719594000044,1.25e-05
1719597600084,1.25e-05
1719601200010,1.25e-05
1719604800108,1.25e-05
1719608400005,1.25e-05
1719612000016,1.25e-05
1719615600091,1.25e-05
1719619200096,1.25e-05
1719622800091,1.25e-05
1719626400094,1.25e-05
1719630000091,1.25e-05
1719633600081,1.25e-05
1719637200094,1.25e-05
1719640800021,1.25e-05
1719644400085,1.25e-05
1719648000092,1.25e-05
1719651600160,1.25e-05
1719655200086,1.25e-05
1719658800124,1.25e-05
1719662400061,1.25e-05
1719666000174,1.25e-05
1719669600097,1.25e-05
1719673200090,1.25e-05
1719676800095,1.25e-05
1719680400088,1.25e-05
1719684000064,1.25e-05
1719687600089,1.25e-05
1719691200085,1.25e-05
1719694800059,1.25e-05
1719698400093,5.0465e-06
1719702000121,-1.87173e-05
1719705600093,-2.62874e-05
1719709200023,7.62e-07
1719712800109,7.1621e-06
1719716400150,-4.6291e-06
1719720000107,-1.33516e-05
1719723600082,-4.851e-06
1719727200087,-1.29373e-05
1719730800130,-2.14112e-05
1719734400147,-4.3016e-06
1719738000024,1.25e-05
1719741600090,1.25e-05
1719745200071,1.25e-05
1719748800108,1.25e-05
1719752400107,1.25e-05
1719756000158,1.08506e-05
1719759600065,1.25e-05
1719763200133,1.25e-05
1719766800095,1.25e-05
1719770400138,1.25e-05
1719774000001,1.25e-05
1719777600034,1.25e-05
1719781200104,1.25e-05
1719784800034,1.25e-05
1719788400072,1.25e-05
1719792000182,1.25e-05
1719795600104,1.25e-05
1719799200025,1.25e-05
1719802800176,1.25e-05
1719806400007,1.25e-05
1719810000130,1.25e-05
1719813600122,1.25e-05
1719817200096,1.25e-05
1719820800094,1.25e-05
1719824400078,1.25e-05
1719828000061,1.25e-05
1719831600059,1.25e-05
1719835200031,1.25e-05
1719838800003,1.25e-05
1719842400042,1.25e-05
1719846000167,1.25e-05
1719849600025,1.25e-05
1719853200101,1.25e-05
1719856800010,1.25e-05
1719860400052,1.25e-05
1719864000069,1.25e-05
1719867600083,1.25e-05
1719871200143,1.25e-05
1719874800015,1.25e-05
1719878400121,1.25e-05
1719882000054,1.25e-05
1719885600057,1.25e-05
1719889200063,1.25e-05
1719892800065,1.25e-05
1719896400095,1.25e-05
1719900000000,1.25e-05
1719903600087,1.25e-05
1719907200087,1.25e-05
1719910800004,1.25e-05
1719914400035,1.25e-05
1719918000187,1.25e-05
1719921600031,1.25e-05
1719925200019,1.25e-05
1719928800016,1.25e-05
1719932400097,1.25e-05
1719936000073,1.25e-05
1719939600035,1.25e-05
1719943200080,1.25e-05
1719946800128,1.25e-05
1719950400067,1.25e-05
1719954000033,1.25e-05
1719957600027,1.25e-05
1719961200112,1.25e-05
1719964800015,1.25e-05
1719968400099,1.25e-05
1719972000099,1.25e-05
1719975600390,1.25e-05
1719979200095,1.25e-05
1719982800099,1.25e-05
1719986400102,1.25e-05
1719990000071,1.25e-05
1719993600101,1.25e-05
1719997200055,1.25e-05
1720000800160,1.25e-05
1720004400021,1.25e-05
1720008000071,1.25e-05
1720011600109,1.25e-05
1720015200040,1.25e-05
1720018800171,1.25e-05
1720022400049,1.25e-05
1720026000046,1.25e-05
1720029600088,1.25e-05
1720033200013,1.25e-05
1720036800048,2.167e-06
1720040400037,1.8855e-06
1720044000127,-1.78881e-05
1720047600007,-3.47339e-05
1720051200083,-4.59837e-05
1720054800073,-1.14864e-05
1720058400077,-1.6404e-06
1720062000089,-2.86397e-05
1720065600152,-3.17688e-05
1720069200140,-2.4303e-05
1720072800093,-1.86112e-05
1720076400074,-1.7772e-05
1720080000078,-2.36971e-05
1720083600078,8.4021e-06
1720087200026,5.2903e-06
1720090800079,1.25e-05
1720094400120,5.3552e-06
1720098000036,1.25e-05
1720101600080,1.25e-05
1720105200108,5.3674e-06
1720108800131,1.25e-05
1720112400131,1.25e-05
1720116000048,1.0033e-06
1720119600134,1.4043e-06
1720123200111,-3.5949e-06
1720126800185,-1.26175e-05
1720130400071,-8.4625e-06
1720134000078,-1.09454e-05
1720137600124,4.0651e-06
1720141200090,9.3078e-06
1720144800041,1.19525e-05
1720148400128,4.439e-06
1720152000000,4.6049e-06
1720155600119,-6.3262e-06
1720159200143,-3.55688e-05
1720162800057,-2.53068e-05
1720166400115,-3.56838e-05
1720170000120,5.9391e-06
1720173600023,-8.7682e-06
1720177200128,-1.307e-05
1720180800076,-1.97489e-05
1720184400025,9.9143e-06
1720188000117,-3.1157e-06
1720191600059,-2.62552e-05
1720195200134,-1.15568e-05
1720198800154,1.25e-05
1720202400000,1.25e-05
1720206000026,1.25e-05
1720209600022,1.25e-05
1720213200035,1.25e-05
1720216800040,1.25e-05
1720220400093,1.25e-05
1720224000003,-1.3939e-06
1720227600087,1.25e-05
1720231200029,1.25e-05
1720234800004,1.25e-05
1720238400021,1.25e-05
1720242000047,6.5552e-06
1720245600029,9.981e-07
1720249200103,1.03416e-05
1720252800079,1.0391e-05
1720256400001,1.25e-05
1720260000105,1.06494e-05
1720263600031,7.8756e-06
1720267200071,1.17524e-05
1720270800025,1.09093e-05
1720274400097,1.5293e-06
1720278000102,4.0331e-06
1720281600024,1.5002e-06
1720285200012,1.25e-05
1720288800028,1.25e-05
1720292400121,1.25e-05
1720296000120,1.25e-05
1720299600072,2.4204e-06
1720303200021,3.1187e-06
1720306800074,-3.3112e-06
1720310400089,1.24081e-05
1720314000103,1.25e-05
1720317600073,1.25e-05
1720321200016,8.2515e-06
1720324800153,7.5102e-06
1720328400033,1.25e-05
1720332000018,7.6816e-06
1720335600007,1.25e-05
1720339200089,1.25e-05
1720342800103,4.186e-06
1720346400116,1.388e-06
1720350000034,-1.3917e-06
1720353600047,-3.8872e-06
1720357200014,2.6303e-06
1720360800019,1.04528e-05
1720364400033,-1.87754e-05
1720368000055,-4.49134e-05
1720371600011,-1.32919e-05
1720375200127,-1.02474e-05
1720378800038,-8.1879e-06
1720382400013,-2.1633e-06
1720386000065,-1.03581e-05
1720389600092,-5.1532e-06
1720393200015,-1.01784e-05
1720396800008,2.77e-08
1720400400067,1.13904e-05
1720404000004,-5.8832e-06
1720407600075,-7.5901e-06
1720411200100,9.969e-07
1720414800080,-3.8591e-06
1720418400040,-5.7958e-06
1720422000044,3.73e-06
1720425600036,-1.9645e-05
1720429200068,1.25e-05
1720432800033,1.25e-05
1720436400100,1.25e-05
1720440000041,1.25e-05
1720443600017,1.25e-05
1720447200049,1.25e-05
1720450800014,1.25e-05
1720454400014,1.25e-05
1720458000057,1.25e-05
1720461600051,1.25e-05
1720465200131,1.25e-05
1720468800073,1.25e-05
1720472400079,1.25e-05
1720476000039,1.25e-05
1720479600045,1.25e-05
1720483200119,1.25e-05
1720486800086,1.25e-05
1720490400008,1.25e-05
1720494000008,1.25e-05
1720497600059,1.25e-05
1720501200115,6.7427e-06
1720504800005,-3.315e-06
1720508400116,7.2435e-06
1720512000110,1.15874e-05
1720515600107,1.25e-05
1720519200148,1.25e-05
1720522800132,1.25e-05
1720526400050,1.25e-05
1720530000134,1.25e-05
1720533600002,1.25e-05
1720537200123,1.25e-05
1720540800091,1.25e-05
1720544400133,1.25e-05
1720548000140,1.16081e-05
1720551600020,1.25e-05
1720555200081,1.25e-05
1720558800099,2.8059e-06
1720562400122,1.1673e-05
1720566000156,1.25e-05
1720569600110,1.11418e-05
1720573200084,1.25e-05
1720576800076,1.25e-05
1720580400112,1.25e-05
1720584000108,1.25e-05
1720587600083,1.25e-05
1720591200098,1.25e-05
1720594800074,1.25e-05
1720598400144,1.25e-05
1720602000043,1.25e-05
1720605600017,1.25e-05
1720609200021,1.25e-05
1720612800119,1.25e-05
1720616400160,1.25e-05
1720620000010,1.25e-05
1720623600095,1.25e-05
1720627200098,1.25e-05
1720630800009,1.25e-05
1720634400057,1.22064e-05
1720638000147,1.5258e-06
1720641600044,-3.9902e-06
1720645200061,-3.7217e-06
1720648800086,4.6839e-06
1720652400062,-9.9286e-06
1720656000125,-9.5891e-06
1720659600069,8.1933e-06
1720663200125,1.25e-05
1720666800078,1.25e-05
1720670400097,1.25e-05
1720674000099,5.3312e-06
1720677600106,1.25e-05
1720681200077,1.25e-05
1720684800112,1.22647e-05
1720688400117,1.25e-05
1720692000125,8.6612e-06
1720695600116,1.25e-05
1720699200081,5.6166e-06
1720702800088,1.25e-05
1720706400001,1.25e-05
1720710000109,1.25e-05
1720713600053,1.25e-05
1720717200047,1.25e-05
1720720800125,1.25e-05
1720724400140,1.25e-05
1720728000075,1.25e-05
1720731600095,1.25e-05
1720735200144,1.25e-05
1720738800105,1.25e-05
1720742400136,1.25e-05
1720746000076,1.25e-05
1720749600103,1.25e-05
1720753200075,1.25e-05
1720756800004,1.25e-05
1720760400062,1.25e-05
1720764000138,1.25e-05
1720767600077,1.25e-05
1720771200073,1.25e-05
1720774800078,1.25e-05
1720778400058,1.25e-05
1720782000125,1.25e-05
1720785600147,1.25e-05
1720789200084,1.25e-05
1720792800042,1.25e-05
1720796400081,1.25e-05
1720800000026,1.25e-05
1720803600138,1.25e-05
1720807200017,1.25e-05
1720810800087,1.21058e-05
1720814400000,1.25e-05
1720818000051,1.25e-05
1720821600089,1.25e-05
1720825200028,-1.6679e-06
1720828800131,1.7781e-06
1720832400088,1.25e-05
1720836000091,1.08155e-05
1720839600075,1.25e-05
1720843200054,1.25e-05
1720846800082,6.5381e-06
1720850400083,1.25e-05
1720854000028,1.25e-05
1720857600021,1.25e-05
1720861200066,1.25e-05
1720864800082,1.25e-05
1720868400167,1.25e-05
1720872000116,1.25e-05
1720875600014,1.25e-05
1720879200027,1.25e-05
1720882800002,1.25e-05
1720886400119,-2.266e-07
1720890000094,1.25e-05
1720893600126,1.25e-05
1720897200016,1.25e-05
1720900800039,9.0441e-06
1720904400114,1.25e-05
1720908000113,1.25e-05
1720911600018,1.25e-05
1720915200082,1.25e-05
1720918800112,1.25e-05
1720922400109,1.25e-05
1720926000152,1.25e-05
1720929600089,1.25e-05
1720933200121,1.25e-05
1720936800007,1.25e-05
1720940400104,1.25e-05
1720944000096,-4.231e-07
1720947600096,1.10978e-05
1720951200133,9.6472e-06
1720954800034,1.25e-05
1720958400002,1.25e-05
1720962000022,1.25e-05
1720965600083,1.25e-05
1720969200138,1.25e-05
1720972800137,1.25e-05
1720976400086,1.25e-05
1720980000155,1.25e-05
1720983600087,1.25e-05
1720987200053,1.25e-05
1720990800023,1.25e-05
1720994400004,1.25e-05
1720998000141,1.25e-05
1721001600043,1.25e-05
1721005200060,1.25e-05
1721008800099,1.25e-05
1721012400032,1.25e-05
1721016000118,1.25e-05
1721019600126,1.25e-05
1721023200103,1.25e-05
1721026800114,1.25e-05
1721030400052,1.25e-05
1721034000080,1.25e-05
1721037600139,1.25e-05
1721041200021,1.25e-05
1721044800077,1.25e-05
1721048400138,1.25e-05
1721052000161,1.25e-05
1721055600070,1.3245e-06
1721059200062,1.25e-05
1721062800030,1.25e-05
1721066400074,1.25e-05
1721070000044,1.25e-05
1721073600148,1.25e-05
1721077200109,1.25e-05
1721080800089,1.25e-05
1721084400107,1.25e-05
1721088000005,1.25e-05
1721091600080,1.25e-05
1721095200087,1.25e-05
1721098800114,1.25e-05
1721102400075,1.25e-05
1721106000080,1.25e-05
1721109600143,1.25e-05
1721113200098,1.25e-05
1721116800150,1.17056e-05
1721120400120,1.25e-05
1721124000036,1.25e-05
1721127600090,1.25e-05
1721131200142,1.25e-05
1721134800142,1.16959e-05
1721138400014,1.25e-05
1721142000149,1.25e-05
1721145600138,1.25e-05
1721149200095,1.25e-05
1721152800148,1.25e-05
1721156400153,1.25e-05
1721160000007,1.25e-05
1721163600001,1.25e-05
1721167200134,1.25e-05
1721170800113,1.25e-05
1721174400156,1.25e-05
1721178000112,1.25e-05
1721181600144,1.25e-05
1721185200141,1.25e-05
1721188800163,1.25e-05
1721192400134,1.25e-05
1721196000108,1.25e-05
1721199600010,1.25e-05
1721203200168,1.25e-05
1721206800134,1.25e-05
1721210400150,1.25e-05
1721214000058,1.25e-05
1721217600061,1.25e-05
1721221200035,2.25685e-05
1721224800144,1.29509e-05
1721228400017,1.25e-05
1721232000182,1.25e-05
1721235600114,1.25e-05
1721239200119,1.25e-05
1721242800023,1.25e-05
1721246400087,1.25e-05
1721250000147,1.25e-05
1721253600134,1.25e-05
1721257200064,1.25e-05
1721260800179,1.25e-05
1721264400033,1.25e-05
1721268000116,1.25e-05
1721271600019,1.25e-05
1721275200134,1.25e-05
1721278800144,1.25e-05
1721282400128,1.25e-05
1721286000073,1.25e-05
1721289600059,1.25e-05
1721293200150,1.25e-05
1721296800024,1.25e-05
1721300400067,1.25e-05
1721304000029,1.25e-05
1721307600083,1.15723e-05
1721311200079,1.25e-05
1721314800075,1.25e-05
1721318400050,1.25e-05
1721322000081,1.25e-05
1721325600103,1.25e-05
1721329200161,1.25e-05
1721332800149,1.25e-05
1721336400015,1.25e-05
1721340000101,1.25e-05
1721343600091,1.25e-05
1721347200039,1.25e-05
1721350800104,1.25e-05
1721354400146,1.25e-05
1721358000113,1.25e-05
1721361600084,1.25e-05
1721365200086,1.25e-05
1721368800099,1.25e-05
1721372400149,1.1341e-05
1721376000114,1.25e-05
1721379600100,1.25e-05
1721383200047,1.25e-05
1721386800141,1.25e-05
1721390400005,1.25e-05
1721394000035,1.25e-05
1721397600042,1.25e-05
1721401200151,7.3814e-06
1721404800104,1.25e-05
1721408400161,1.25e-05
1721412000095,1.25e-05
1721415600087,1.25e-05
1721419200152,1.25e-05
1721422800131,1.25e-05
1721426400093,1.25e-05
1721430000025,1.25e-05
1721433600150,1.25e-05
1721437200099,1.25e-05
1721440800086,1.25e-05
1721444400002,1.25e-05
1721448000130,1.25e-05
1721451600097,1.25e-05
1721455200000,1.25e-05
1721458800082,1.25e-05
1721462400061,1.25e-05
1721466000059,1.25e-05
1721469600120,1.25e-05
1721473200026,1.25e-05
1721476800035,1.25e-05
1721480400085,1.25e-05
1721484000059,1.25e-05
1721487600119,1.25e-05
1721491200176,1.25e-05
1721494800134,1.25e-05
1721498400118,1.25e-05
1721502000061,1.25e-05
1721505600101,1.25e-05
1721509200042,1.25e-05
1721512800049,1.25e-05
1721516400019,1.25e-05
1721520000114,1.25e-05
1721523600024,1.25e-05
1721527200036,1.25e-05
1721530800066,1.25e-05
1721534400079,1.25e-05
1721538000094,1.25e-05
1721541600059,1.25e-05
1721545200179,1.25e-05
1721548800188,1.25e-05
1721552400117,1.25e-05
1721556000139,1.25e-05
1721559600106,1.25e-05
1721563200184,1.25e-05
1721566800086,1.25e-05
1721570400098,1.25e-05
1721574000156,1.25e-05
1721577600004,1.3923e-06
1721581200000,1.25e-05
1721584800152,1.25e-05
1721588400124,1.25e-05
1721592000142,1.25e-05
1721595600137,1.25e-05
1721599200050,1.25e-05
1721602800176,1.25e-05
1721606400221,1.25e-05
1721610000144,1.25e-05
1721613600042,1.25e-05
1721617200166,1.25e-05
1721620800050,1.25e-05
1721624400010,1.25e-05
1721628000076,1.25e-05
1721631600003,1.25e-05
1721635200174,1.25e-05
1721638800042,1.25e-05
1721642400053,1.25e-05
1721646000169,1.25e-05
1721649600180,1.25e-05
1721653200221,1.25e-05
1721656800131,1.25e-05
1721660400207,1.25e-05
1721664000166,1.25e-05
1721667600147,1.25e-05
1721671200032,1.25e-05
1721674800102,1.25e-05
1721678400240,1.25e-05
1721682000048,1.25e-05
1721685600151,1.25e-05
1721689200136,1.25e-05
1721692800012,1.25e-05
1721696400061,1.25e-05
1721700000162,1.25e-05
1721703600026,1.25e-05
1721707200123,1.25e-05
1721710800107,1.25e-05
1721714400165,1.25e-05
1721718000164,1.25e-05
1721721600091,1.25e-05
1721725200058,1.25e-05
1721728800008,1.25e-05
1721732400184,1.25e-05
1721736000056,1.25e-05
1721739600073,1.25e-05
1721743200037,1.25e-05
1721746800036,1.25e-05
1721750400045,1.25e-05
1721754000084,1.25e-05
1721757600001,1.25e-05
1721761200059,1.25e-05
1721764800093,1.25e-05
1721768400069,1.25e-05
1721772000067,1.25e-05
1721775600149,1.25e-05
1721779200121,1.25e-05
1721782800017,1.25e-05
1721786400031,1.25e-05
1721790000067,1.25e-05
1721793600066,1.25e-05
1721797200071,1.25e-05
1721800800108,1.25e-05
1721804400119,1.25e-05
1721808000035,1.25e-05
1721811600075,1.25e-05
1721815200101,1.25e-05
1721818800096,1.25e-05
1721822400135,1.25e-05
1721826000092,1.25e-05
1721829600085,1.25e-05
1721833200172,1.25e-05
1721836800096,1.25e-05
1721840400016,1.25e-05
1721844000052,1.25e-05
1721847600093,1.25e-05
1721851200039,1.25e-05
1721854800080,1.25e-05
1721858400111,1.25e-05
1721862000152,1.25e-05
1721865600023,1.25e-05
1721869200138,1.25e-05
1721872800048,1.25e-05
1721876400239,1.25e-05
1721880000143,1.25e-05
1721883600125,1.25e-05
1721887200036,1.25e-05
1721890800008,1.25e-05
1721894400144,1.25e-05
1721898000148,1.25e-05
1721901600142,1.25e-05
1721905200093,1.25e-05
1721908800109,1.25e-05
1721912400098,1.25e-05
1721916000132,1.25e-05
1721919600138,1.25e-05
1721923200042,1.25e-05
1721926800042,1.25e-05
1721930400062,1.25e-05
1721934000012,1.25e-05
1721937600151,2.4408e-06
1721941200096,6.6471e-06
1721944800112,-3.3359e-06
1721948400001,1.16908e-05
1721952000097,-3.7583e-06
1721955600136,1.25e-05
1721959200080,1.25e-05
1721962800096,9.1499e-06
1721966400138,2.3766e-06
1721970000137,1.1049e-06
1721973600026,-2.965e-07
1721977200134,1.25e-05
1721980800175,1.25e-05
1721984400055,1.22815e-05
1721988000108,8.7162e-06
1721991600113,8.8328e-06
1721995200155,1.3693e-06
1721998800099,-1.2538e-06
1722002400071,-8.8159e-06
1722006000133,-1.95571e-05
1722009600147,-4.78743e-05
1722013200010,-4.9719e-06
1722016800158,-1.1864e-06
1722020400037,-3.3282e-06
1722024000122,9.15e-07
1722027600119,8.7434e-06
1722031200154,9.8106e-06
1722034800136,1.25e-05
1722038400097,1.25e-05
1722042000158,1.25e-05
1722045600144,1.25e-05
1722049200134,1.25e-05
1722052800129,1.25e-05
1722056400138,1.25e-05
1722060000140,1.25e-05
1722063600003,1.25e-05
1722067200031,1.25e-05
1722070800138,1.25e-05
1722074400144,1.25e-05
1722078000052,1.25e-05
1722081600092,1.25e-05
1722085200096,1.25e-05
1722088800015,1.25e-05
1722092400146,1.25e-05
1722096000089,1.25e-05
1722099600084,1.25e-05
1722103200116,1.25e-05
1722106800044,1.25e-05
1722110400041,1.25e-05
1722114000142,1.25e-05
1722117600023,1.25e-05
1722121200144,1.25e-05
1722124800037,1.25e-05
1722128400068,1.25e-05
1722132000138,1.25e-05
1722135600139,1.25e-05
1722139200134,1.25e-05
1722142800001,1.25e-05
1722146400186,1.25e-05
1722150000091,1.25e-05
1722153600129,1.25e-05
1722157200136,1.25e-05
1722160800135,1.25e-05
1722164400116,1.25e-05
1722168000052,1.25e-05
1722171600205,1.25e-05
1722175200102,1.25e-05
1722178800121,1.25e-05
1722182400086,1.25e-05
1722186000147,1.25e-05
1722189600035,1.25e-05
1722193200083,1.25e-05
1722196800106,1.25e-05
1722200400014,1.25e-05
1722204000077,1.09326e-05
1722207600121,6.1627e-06
1722211200040,1.25e-05
1722214800082,1.25e-05
1722218400005,1.25e-05
1722222000107,1.25e-05
1722225600169,1.25e-05
1722229200015,1.25e-05
1722232800133,1.25e-05
1722236400089,1.25e-05
1722240000119,1.25e-05
1722243600128,1.25e-05
1722247200150,1.25e-05
1722250800014,1.25e-05
1722254400132,1.25e-05
1722258000125,1.25e-05
1722261600038,1.25e-05
1722265200088,1.25e-05
1722268800040,1.6324e-06
1722272400049,1.25e-05
1722276000028,1.20388e-05
1722279600064,1.25e-05
1722283200108,1.25e-05
1722286800048,1.25e-05
1722290400037,1.25e-05
1722294000106,1.25e-05
1722297600046,1.25e-05
1722301200089,1.25e-05
1722304800157,1.25e-05
1722308400087,1.25e-05
1722312000078,1.25e-05
1722315600000,1.25e-05
1722319200047,1.25e-05
1722322800112,1.25e-05
1722326400122,1.25e-05
1722330000129,1.25e-05
1722333600057,1.25e-05
1722337200064,1.25e-05
1722340800173,1.25e-05
1722344400038,1.25e-05
1722348000020,1.25e-05
1722351600116,1.25e-05
1722355200093,1.25e-05
1722358800114,1.25e-05
1722362400104,1.25e-05
1722366000001,1.25e-05
1722369600069,1.25e-05
1722373200030,1.25e-05
1722376800091,1.25e-05
1722380400094,1.25e-05
1722384000072,1.25e-05
1722387600060,1.25e-05
1722391200067,1.25e-05
1722394800085,1.25e-05
1722398400060,1.25e-05
1722402000066,1.25e-05
1722405600039,1.25e-05
1722409200082,1.25e-05
1722412800120,1.25e-05
1722416400106,1.25e-05
1722420000013,1.25e-05
1722423600012,1.25e-05
1722427200094,1.25e-05
1722430800079,1.25e-05
1722434400151,1.25e-05
1722438000125,1.25e-05
1722441600087,1.25e-05
1722445200089,1.25e-05
1722448800050,1.25e-05
1722452400082,1.25e-05
1722456000086,1.25e-05
1722459600157,1.25e-05
1722463200067,1.25e-05
1722466800089,1.25e-05
1722470400097,1.25e-05
1722474000090,1.25e-05
1722477600123,1.25e-05
1722481200015,1.25e-05
1722484800003,1.25e-05
1722488400098,1.1803e-05
1722492000025,-2.99359e-05
1722495600151,-2.8365e-05
1722499200157,-3.15641e-05
1722502800093,-5.203e-07
1722506400000,1.25e-05
1722510000139,1.25e-05
1722513600091,8.85e-07
1722517200078,7.3233e-06
1722520800145,-1.9526e-05
1722524400088,-1.23672e-05
1722528000024,1.25e-05
1722531600088,1.25e-05
1722535200092,-1.68108e-05
1722538800114,-3.03096e-05
1722542400120,-4.75077e-05
1722546000096,-5.12647e-05
1722549600087,-3.98318e-05
1722553200128,-2.96939e-05
1722556800006,-2.4671e-05
1722560400116,1.25e-05
1722564000146,8.3745e-06
1722567600013,1.16213e-05
1722571200119,3.1855e-06
1722574800147,2.0376e-06
1722578400160,1.01433e-05
1722582000054,2.6442e-06
1722585600113,-3.14669e-05
1722589200135,-1.0784e-06
1722592800136,-7.619e-07
1722596400046,-9.4033e-06
1722600000147,-1.07076e-05
1722603600044,2.6091e-06
1722607200012,-3.9869e-06
1722610800144,1.22122e-05
1722614400149,1.25e-05
1722618000126,1.25e-05
1722621600003,1.25e-05
1722625200027,1.25e-05
1722628800120,1.25e-05
1722632400150,1.25e-05
1722636000079,1.25e-05
1722639600130,1.25e-05
1722643200032,1.25e-05
1722646800093,1.25e-05
1722650400135,1.25e-05
1722654000124,1.25e-05
1722657600030,1.25e-05
1722661200095,1.25e-05
1722664800147,1.25e-05
1722668400139,1.25e-05
1722672000093,1.25e-05
1722675600094,1.25e-05
1722679200099,1.25e-05
1722682800115,1.25e-05
1722686400044,1.25e-05
1722690000141,1.25e-05
1722693600124,1.25e-05
1722697200154,1.25e-05
1722700800008,1.25e-05
1722704400121,1.25e-05
1722708000078,1.25e-05
1722711600179,1.25e-05
1722715200167,1.25e-05
1722718800144,1.25e-05
1722722400032,1.13983e-05
1722726000126,-2.9318e-06
1722729600023,6.8549e-06
1722733200120,1.25e-05
1722736800123,1.25e-05
1722740400088,1.25e-05
1722744000122,1.25e-05
1722747600166,1.25e-05
1722751200023,1.25e-05
1722754800105,1.25e-05
1722758400067,1.25e-05
1722762000126,1.25e-05
1722765600033,8.1941e-06
1722769200126,-1.5449e-06
1722772800126,2.2192e-06
1722776400126,-1.92595e-05
1722780000033,-3.181e-07
1722783600129,1.25e-05
1722787200046,-1.7329e-06
1722790800119,1.25e-05
1722794400024,1.25e-05
1722798000002,1.25e-05
1722801600193,1.25e-05
1722805200121,1.25e-05
1722808800137,1.25e-05
1722812400089,1.25e-05
1722816000097,1.25e-05
1722819600110,1.25e-05
1722823200075,1.25e-05
1722826800027,1.25e-05
1722830400027,3.7889e-06
1722834000013,-4.1749e-06
1722837600140,1.25e-05
1722841200166,1.25e-05
1722844800034,-1.75838e-05
1722848400118,8.8533e-06
1722852000042,1.08375e-05
1722855600154,1.25e-05
1722859200100,1.25e-05
1722862800049,1.25e-05
1722866400151,1.25e-05
1722870000160,7.036e-06
1722873600149,1.0852e-05
1722877200064,1.25e-05
1722880800033,1.25e-05
1722884400110,1.25e-05
1722888000175,1.25e-05
1722891600049,1.25e-05
1722895200192,1.25e-05
1722898800031,1.25e-05
1722902400125,1.25e-05
1722906000021,1.25e-05
1722909600037,1.25e-05
1722913200039,1.25e-05
1722916800114,1.25e-05
1722920400031,1.25e-05
1722924000127,1.25e-05
1722927600166,1.25e-05
1722931200131,1.25e-05
1722934800039,1.25e-05
1722938400041,1.25e-05
1722942000031,1.25e-05
1722945600068,1.25e-05
1722949200034,1.25e-05
1722952800146,1.25e-05
1722956400015,1.25e-05
1722960000079,1.25e-05
1722963600072,1.25e-05
1722967200082,1.25e-05
1722970800120,1.25e-05
1722974400131,1.25e-05
1722978000104,1.25e-05
1722981600114,1.25e-05
1722985200141,1.25e-05
1722988800149,1.25e-05
1722992400122,1.25e-05
1722996000007,1.25e-05
1722999600146,1.25e-05
1723003200151,1.25e-05
1723006800052,1.25e-05
1723010400154,1.25e-05
1723014000173,1.25e-05
1723017600092,1.25e-05
1723021200092,1.25e-05
1723024800185,1.25e-05
1723028400194,1.25e-05
1723032000096,1.25e-05
1723035600105,1.25e-05
1723039200131,1.25e-05
1723042800181,1.21403e-05
1723046400109,-5.1076e-06
1723050000101,9.8715e-06
1723053600129,1.25e-05
1723057200110,1.25e-05
1723060800209,1.25e-05
1723064400186,-2.78446e-05
1723068000088,-2.0083e-05
1723071600138,-2.861e-06
1723075200026,1.04821e-05
1723078800023,1.25e-05
1723082400068,-2.64197e-05
1723086000012,-2.4082e-05
1723089600121,-1.67219e-05
1723093200100,4.2115e-06
1723096800060,-1.94608e-05
1723100400095,-1.42611e-05
1723104000029,-1.0367e-06
1723107600003,-1.54103e-05
1723111200166,-5.7557e-06
1723114800137,1.25e-05
1723118400192,1.25e-05
1723122000106,5.8907e-06
1723125600153,-1.20178e-05
1723129200018,-9.8031e-06
1723132800107,-6.7663e-06
1723136400095,1.25e-05
1723140000083,1.25e-05
1723143600170,5.3638e-06
1723147200093,1.25e-05
1723150800108,1.22637e-05
1723154400163,1.25e-05
1723158000100,1.25e-05
1723161600115,1.25e-05
1723165200158,1.25e-05
1723168800197,1.25e-05
1723172400156,1.25e-05
1723176000170,1.25e-05
1723179600001,1.25e-05
1723183200131,1.25e-05
1723186800195,1.25e-05
1723190400005,1.25e-05
1723194000109,1.25e-05
1723197600108,1.25e-05
1723201200104,1.00266e-05
1723204800085,1.25e-05
1723208400100,6.597e-07
1723212000163,-3.7393e-06
1723215600035,-3.89765e-05
1723219200043,-2.10555e-05
1723222800057,-3.8893e-06
1723226400076,-1.30799e-05
1723230000079,-4.6661e-06
1723233600002,-5.9034e-06
1723237200049,-2.0653e-06
1723240800059,-7.9559e-06
1723244400045,-7.6529e-06
1723248000005,-2.2706e-06
1723251600028,1.25e-05
1723255200005,1.25e-05
1723258800126,1.25e-05
1723262400097,1.25e-05
1723266000035,1.05365e-05
1723269600106,1.25e-05
1723273200153,9.4938e-06
1723276800071,1.25e-05
1723280400090,6.2343e-06
1723284000003,1.22549e-05
1723287600051,1.25e-05
1723291200017,2.592e-07
1723294800075,1.1078e-06
1723298400044,-8.6515e-06
1723302000043,5.143e-07
1723305600060,6.2523e-06
1723309200115,1.25e-05
1723312800155,1.25e-05
1723316400075,1.25e-05
1723320000068,1.25e-05
1723323600138,1.22005e-05
1723327200056,4.0165e-06
1723330800124,3.4159e-06
1723334400011,3.6981e-06
1723338000013,1.25e-05
1723341600009,1.25e-05
1723345200075,1.25e-05
1723348800143,1.25e-05
1723352400017,3.9207e-06
1723356000084,-4.1592e-06
1723359600112,-6.8188e-06
1723363200075,-1.36948e-05
1723366800055,9.3874e-06
1723370400109,1.25e-05
1723374000021,1.25e-05
1723377600075,1.25e-05
1723381200155,9.0346e-06
1723384800068,-2.6285e-06
1723388400049,-2.09008e-05
1723392000001,-9.1991e-06
1723395600011,9.485e-06
1723399200200,2.7763e-06
1723402800142,-1.4602e-06
1723406400061,6.7652e-06
1723410000034,1.25e-05
1723413600091,1.25e-05
1723417200064,1.25e-05
1723420800022,1.18425e-05
1723424400028,1.25e-05
1723428000097,1.25e-05
1723431600059,1.25e-05
1723435200015,1.25e-05
1723438800011,1.25e-05
1723442400016,1.25e-05
1723446000031,1.25e-05
1723449600042,1.25e-05
1723453200197,1.25e-05
1723456800000,1.25e-05
1723460400120,1.25e-05
1723464000075,1.25e-05
1723467600044,1.25e-05
1723471200126,1.25e-05
1723474800046,1.25e-05
1723478400009,1.25e-05
1723482000032,1.25e-05
1723485600154,1.25e-05
1723489200006,1.25e-05
1723492800127,1.25e-05
1723496400104,1.25e-05
1723500000020,1.25e-05
1723503600045,1.25e-05
1723507200057,1.25e-05
1723510800043,1.25e-05
1723514400015,1.25e-05
1723518000121,1.25e-05
1723521600126,1.25e-05
1723525200036,1.25e-05
1723528800044,1.25e-05
1723532400166,1.25e-05
1723536000050,1.25e-05
1723539600001,1.25e-05
1723543200020,1.25e-05
1723546800111,1.25e-05
1723550400113,1.25e-05
1723554000078,1.25e-05
1723557600015,1.25e-05
1723561200054,1.25e-05
1723564800076,1.25e-05
1723568400020,1.25e-05
1723572000046,1.25e-05
1723575600091,1.25e-05
1723579200014,1.25e-05
1723582800042,1.25e-05
1723586400118,1.25e-05
1723590000047,1.25e-05
1723593600037,1.25e-05
1723597200016,1.25e-05
1723600800137,1.25e-05
1723604400016,1.25e-05
1723608000185,1.25e-05
1723611600054,1.25e-05
1723615200021,1.25e-05
1723618800100,1.25e-05
1723622400153,1.25e-05
1723626000170,1.25e-05
1723629600026,1.25e-05
1723633200049,1.25e-05
1723636800074,1.25e-05
1723640400098,1.25e-05
1723644000032,1.25e-05
1723647600047,1.25e-05
1723651200020,1.25e-05
1723654800059,1.25e-05
1723658400050,1.25e-05
1723662000082,1.25e-05
1723665600117,1.25e-05
1723669200090,1.25e-05
1723672800120,1.25e-05
1723676400082,1.25e-05
1723680000018,1.25e-05
1723683600165,1.25e-05
1723687200057,1.25e-05
1723690800089,1.25e-05
1723694400095,1.25e-05
1723698000117,1.25e-05
1723701600104,1.25e-05
1723705200103,1.25e-05
1723708800015,1.25e-05
1723712400067,1.25e-05
1723716000058,1.25e-05
1723719600003,1.25e-05
1723723200001,1.25e-05
1723730400074,1.25e-05
1723734000060,1.25e-05
1723737600126,1.25e-05
1723741200052,1.25e-05
1723744800071,1.25e-05
1723748400055,1.25e-05
1723752000115,1.25e-05
1723755600042,2.3947e-06
1723759200063,-3.4787e-06
1723762800035,-2.33923e-05
1723766400016,-3.13291e-05
1723770000075,-2.2903e-06
1723773600013,9.4374e-06
1723777200050,1.25e-05
1723780800117,1.25e-05
1723784400010,1.8075e-06
1723788000071,1.18178e-05
1723791600075,1.25e-05
1723795200021,1.25e-05
1723798800032,1.25e-05
1723802400018,1.25e-05
1723806000015,1.25e-05
1723809600024,1.25e-05
1723813200035,1.25e-05
1723816800013,9.4193e-06
1723820400056,5.3444e-06
1723824000077,-4.2186e-06
1723827600009,8.14e-07
1723831200048,7.9713e-06
1723834800162,7.7728e-06
1723838400047,1.0763e-06
1723842000084,1.25e-05
1723845600014,1.25e-05
1723849200144,4.438e-07
1723852800143,-3.5036e-06
1723856400097,8.9907e-06
1723860000098,1.6847e-06
1723863600051,-8.467e-07
1723867200111,-1.51287e-05
1723870800079,-1.16421e-05
1723874400049,-2.1201e-05
1723878000001,-1.93713e-05
1723881600005,-7.8631e-06
1723885200015,2.2501e-06
1723888800064,-2.7977e-06
1723892400073,-3.5668e-06
1723896000025,3.1734e-06
1723899600040,6.1407e-06
1723903200037,-7.4718e-06
1723906800001,-1.35422e-05
1723910400012,-8.4683e-06
1723914000049,-2.7006e-06
1723917600019,9.5937e-06
1723921200022,4.1981e-06
1723924800081,8.2282e-06
1723928400078,9.2578e-06
1723932000118,4.8151e-06
1723935600040,3.717e-06
1723939200002,2.1782e-06
1723942800095,4.0971e-06
1723946400038,1.21939e-05
1723950000004,9.8445e-06
1723953600002,1.01794e-05
1723957200146,-1.23936e-05
1723960800068,-1.14393e-05
1723964400009,-1.99485e-05
1723968000061,-1.73567e-05
1723971600176,-1.09393e-05
1723975200024,-1.31653e-05
1723978800154,-1.21059e-05
1723982400065,-2.7777e-05
1723986000010,-3.525e-06
1723989600021,-3.27604e-05
1723993200025,-3.30867e-05
1723996800024,-2.35198e-05
1724000400082,7.9556e-06
1724004000049,8.1534e-06
1724007600072,6.4731e-06
1724011200164,9.0173e-06
1724014800044,3.2873e-06
1724018400156,3.9623e-06
1724022000043,9.2095e-06
1724025600078,2.137e-06
1724029200072,1.25e-05
1724032800068,1.25e-05
1724036400041,1.25e-05
1724040000080,1.25e-05
1724043600127,6.2118e-06
1724047200068,1.25e-05
1724050800122,1.25e-05
1724054400097,1.25e-05
1724058000096,1.25e-05
1724061600062,1.25e-05
1724065200118,1.25e-05
1724068800084,1.25e-05
1724072400028,1.25e-05
1724076000059,1.25e-05
1724079600000,1.25e-05
1724083200111,1.25e-05
1724086800022,1.25e-05
1724090400011,1.25e-05
1724094000051,1.25e-05
1724097600083,1.25e-05
1724101200028,1.25e-05
1724104800004,5.6349e-06
1724108400090,-3.1386e-06
1724112000000,-3.9873e-06
1724115600052,9.506e-07
1724119200000,-6.7547e-06
1724122800097,-2.5217e-05
1724126400022,-3.07514e-05
1724130000005,-3.8109e-05
1724133600128,-4.56634e-05
1724137200043,-6.66517e-05
1724140800070,-3.88581e-05
1724144400110,-2.04381e-05
1724148000050,-1.33878e-05
1724151600100,8.2778e-06
1724155200112,1.05236e-05
1724158800042,1.25e-05
1724162400107,1.25e-05
1724166000042,1.25e-05
1724169600064,1.25e-05
1724173200093,8.1607e-06
1724176800056,1.25e-05
1724180400006,-6.158e-07
1724184000047,-1.00618e-05
1724187600121,7.1804e-06
1724191200045,1.20454e-05
1724194800027,3.5679e-06
1724198400014,1.17227e-05
1724202000067,1.25e-05
1724205600017,1.25e-05
1724209200009,1.25e-05
1724212800073,1.25e-05
1724216400008,1.25e-05
1724220000041,1.25e-05
1724223600058,1.25e-05
1724227200044,1.25e-05
1724230800077,1.25e-05
1724234400069,1.25e-05
1724238000075,1.25e-05
1724241600043,1.25e-05
1724245200024,1.25e-05
1724248800002,1.25e-05
1724252400089,1.25e-05
1724256000074,1.25e-05
1724259600053,1.25e-05
1724263200078,1.25e-05
1724266800051,1.25e-05
1724270400038,1.25e-05
1724274000115,1.25e-05
1724277600088,1.25e-05
1724281200053,1.25e-05
1724284800046,1.25e-05
1724288400156,1.25e-05
1724292000028,1.25e-05
1724295600001,1.25e-05
1724299200038,1.25e-05
1724302800095,1.25e-05
1724306400150,1.25e-05
1724310000126,1.25e-05
1724313600031,1.25e-05
1724317200149,1.25e-05
1724320800136,1.25e-05
1724324400100,1.25e-05
1724328000060,1.25e-05
1724331600097,1.25e-05
1724335200099,1.25e-05
1724338800071,1.25e-05
1724342400068,1.25e-05
1724346000148,1.25e-05
1724349600142,1.25e-05
1724353200002,1.25e-05
1724356800125,1.25e-05
1724360400087,1.25e-05
1724364000100,1.25e-05
1724367600125,1.25e-05
1724371200181,1.25e-05
1724374800188,1.25e-05
1724378400129,1.25e-05
1724382000067,1.25e-05
1724385600088,1.25e-05
1724389200028,1.25e-05
1724392800094,1.25e-05
1724396400047,1.25e-05
1724400000065,1.25e-05
1724403600105,1.25e-05
1724407200097,1.25e-05
1724410800096,1.25e-05
1724414400153,1.25e-05
1724418000031,1.25e-05
1724421600016,1.25e-05
1724425200122,1.25e-05
1724428800021,1.25e-05
1724432400112,1.25e-05
1724436000032,1.25e-05
1724439600062,1.25e-05
1724443200090,1.25e-05
1724446800096,1.25e-05
1724450400083,1.25e-05
1724454000066,1.25e-05
1724457600034,1.25e-05
1724461200027,1.25e-05
1724464800026,1.25e-05
1724468400105,1.25e-05
1724472000084,1.25e-05
1724475600015,1.25e-05
1724479200158,1.25e-05
1724482800113,1.25e-05
1724486400164,1.25e-05
1724490000090,1.25e-05
1724493600121,1.25e-05
1724497200032,1.25e-05
1724500800017,1.25e-05
1724504400113,1.25e-05
1724508000023,1.25e-05
1724511600075,1.25e-05
1724515200001,1.25e-05
1724518800037,1.25e-05
1724522400126,1.25e-05
1724526000054,1.25e-05
1724529600008,1.25e-05
1724533200017,1.25e-05
1724536800020,1.25e-05
1724540400030,1.25e-05
1724544000129,1.25e-05
1724547600124,1.25e-05
1724551200104,1.25e-05
1724554800048,1.25e-05
1724558400093,1.25e-05
1724562000102,1.25e-05
1724565600022,1.25e-05
1724569200056,1.25e-05
1724572800052,1.25e-05
1724576400148,1.25e-05
1724580000003,1.25e-05
1724583600113,1.25e-05
1724587200069,1.25e-05
1724590800044,1.25e-05
1724594400043,1.25e-05
1724598000109,1.25e-05
1724601600045,1.25e-05
1724605200050,1.25e-05
1724608800081,1.25e-05
1724612400136,1.25e-05
1724616000140,8.352e-06
1724619600155,1.25e-05
1724623200017,1.25e-05
1724626800131,5.795e-06
1724630400111,5.4446e-06
1724634000096,1.25e-05
1724637600104,7.4875e-06
1724641200129,-4.4115e-06
1724644800042,-3.7235e-06
1724648400167,1.13358e-05
1724652000150,1.25e-05
1724655600092,1.25e-05
1724659200050,1.25e-05
1724662800152,1.25e-05
1724666400000,1.25e-05
1724670000147,1.25e-05
1724673600158,1.25e-05
1724677200107,1.25e-05
1724680800045,1.25e-05
1724684400029,1.25e-05
1724688000075,1.25e-05
1724691600066,1.25e-05
1724695200012,1.25e-05
1724698800031,1.03573e-05
1724702400139,4.4602e-06
1724706000027,-9.061e-06
1724709600007,3.6424e-06
1724713200149,-1.1486e-06
1724716800114,9.0932e-06
1724720400049,1.25e-05
1724724000037,1.25e-05
1724727600006,1.17763e-05
1724731200018,6.6403e-06
1724734800145,5.9536e-06
1724738400108,1.01267e-05
1724742000034,1.25e-05
1724745600057,1.25e-05
1724749200019,1.25e-05
1724752800019,1.25e-05
1724756400029,1.25e-05
1724760000036,1.25e-05
1724763600010,1.25e-05
1724767200086,1.25e-05
1724770800060,1.25e-05
1724774400135,1.25e-05
1724778000004,1.25e-05
1724781600018,1.25e-05
1724785200058,1.25e-05
1724788800021,1.25e-05
1724792400110,1.25e-05
1724796000090,1.25e-05
1724799600171,8.6893e-06
1724803200029,-1.70288e-05
1724806800087,9.7e-08
1724810400131,-1.45596e-05
1724814000075,-1.48928e-05
1724817600015,-1.90966e-05
1724821200057,-3.04926e-05
1724824800057,-8.3952e-06
1724828400050,-1.97017e-05
1724832000133,-2.87391e-05
1724835600020,1.25e-05
1724839200143,1.25e-05
1724842800048,1.25e-05
1724846400001,1.25e-05
1724850000128,1.25e-05
1724853600030,1.25e-05
1724857200144,1.25e-05
1724860800083,1.25e-05
1724864400037,1.25e-05
1724868000046,1.25e-05
1724871600142,1.25e-05
1724875200008,1.25e-05
1724878800097,1.25e-05
1724882400098,1.25e-05
1724886000089,1.25e-05
1724889600100,1.25e-05
1724893200131,1.25e-05
1724896800320,1.25e-05
1724900400019,1.25e-05
1724904000082,1.25e-05
1724907600129,1.18681e-05
1724911200057,1.12652e-05
1724914800027,1.25e-05
1724918400011,1.25e-05
1724922000143,1.25e-05
1724925600103,1.25e-05
1724929200083,1.25e-05
1724932800001,1.25e-05
1724936400104,1.25e-05
1724940000110,1.25e-05
1724943600108,8.9199e-06
1724947200018,1.25e-05
1724950800048,1.25e-05
1724954400011,1.25e-05
1724958000143,1.25e-05
1724961600126,1.17034e-05
1724965200020,8.512e-06
1724968800044,-1.3582e-06
1724972400095,1.4213e-06
1724976000118,1.11821e-05
1724979600098,6.5493e-06
1724983200041,1.25e-05
1724986800073,1.25e-05
1724990400015,7.7678e-06
1724994000043,1.25e-05
1724997600021,7.5267e-06
1725001200147,1.25e-05
1725004800108,1.25e-05
1725008400018,1.25e-05
1725012000031,1.25e-05
1725015600002,1.25e-05
1725019200022,1.25e-05
1725022800004,1.25e-05
1725026400099,1.25e-05
1725030000076,1.25e-05
1725033600042,1.25e-05
1725037200040,1.25e-05
1725040800143,1.25e-05
1725044400022,1.25e-05
1725048000097,1.25e-05
1725051600016,1.25e-05
1725055200050,1.25e-05
1725058800142,1.25e-05
1725062400023,1.25e-05
1725066000171,1.25e-05
1725069600011,1.25e-05
1725073200067,1.25e-05
1725076800109,1.25e-05
1725080400048,1.25e-05
1725084000104,1.25e-05
1725087600024,1.25e-05
1725091200049,1.25e-05
1725094800039,1.25e-05
1725098400067,1.25e-05
1725102000096,1.25e-05
1725105600048,1.25e-05
1725109200031,1.25e-05
1725112800003,1.25e-05
1725116400033,1.25e-05
1725120000094,1.25e-05
1725123600095,1.25e-05
1725127200041,1.25e-05
1725130800044,1.25e-05
1725134400119,1.25e-05
1725138000125,1.25e-05
1725141600161,1.25e-05
1725145200038,1.25e-05
1725148800068,1.25e-05
1725152400097,1.25e-05
1725156000129,1.25e-05
1725159600131,1.25e-05
1725163200135,1.25e-05
1725166800018,1.25e-05
1725170400030,1.25e-05
1725174000057,1.25e-05
1725177600045,5.4145e-06
1725181200006,1.25e-05
1725184800090,1.25e-05
1725188400015,1.25e-05
1725192000062,1.25e-05
1725195600008,1.25e-05
1725199200031,1.25e-05
1725202800074,1.25e-05
1725206400007,1.25e-05
1725210000121,1.25e-05
1725213600087,1.25e-05
1725217200076,1.25e-05
1725220800043,1.25e-05
1725224400012,1.25e-05
1725228000076,1.25e-05
1725231600000,1.25e-05
1725235200096,1.25e-05
1725238800094,1.25e-05
1725242400063,1.25e-05
1725246000069,1.25e-05
1725249600022,1.25e-05
1725253200006,1.11168e-05
1725256800087,1.25e-05
1725260400041,1.25e-05
1725264000042,1.25e-05
1725267600052,1.25e-05
1725271200033,1.25e-05
1725274800102,1.25e-05
1725278400047,1.25e-05
1725282000024,1.25e-05
1725285600110,9.7151e-06
1725289200097,7.5108e-06
1725292800035,1.25e-05
1725296400042,1.25e-05
1725300000054,1.25e-05
1725303600158,1.23249e-05
1725307200017,5.6741e-06
1725310800148,1.25e-05
1725314400048,9.6989e-06
1725318000033,3.8714e-06
1725321600145,1.25e-05
1725325200025,1.25e-05
1725328800066,1.25e-05
1725332400098,1.25e-05
1725336000052,1.25e-05
1725339600076,1.25e-05
1725343200070,1.25e-05
1725346800003,1.25e-05
1725350400051,1.25e-05
1725354000137,1.25e-05
1725357600021,1.25e-05
1725361200005,1.25e-05
1725364800058,1.25e-05
1725368400151,1.25e-05
1725372000015,1.25e-05
1725375600019,1.2953e-06
1725379200040,1.25e-05
1725382800114,1.25e-05
1725386400062,1.25e-05
1725390000111,1.25e-05
1725393600112,1.25e-05
1725397200044,1.25e-05
1725400800006,1.25e-05
1725404400061,1.25e-05
1725408000074,1.25e-05
1725411600097,1.25e-05
1725415200149,1.25e-05
1725418800112,1.25e-05
1725422400017,1.25e-05
1725426000128,1.25e-05
1725429600133,1.25e-05
1725433200156,1.25e-05
1725436800140,1.25e-05
1725440400074,1.25e-05
1725444000050,1.25e-05
1725447600177,1.25e-05
1725451200105,1.25e-05
1725454800068,1.25e-05
1725458400034,1.25e-05
1725462000005,1.25e-05
1725465600143,1.25e-05
1725469200028,1.25e-05
1725472800096,1.25e-05
1725476400030,1.25e-05
1725480000101,1.25e-05
1725483600010,1.25e-05
1725487200035,1.25e-05
1725490800059,8.6588e-06
1725494400164,1.25e-05
1725498000151,1.25e-05
1725501600179,1.25e-05
1725505200168,1.25e-05
1725508800109,1.25e-05
1725512400021,1.25e-05
1725516000130,2.085e-06
1725519600007,2.8073e-06
1725523200054,8.009e-06
1725526800156,1.25e-05
1725530400084,1.25e-05
1725534000150,1.25e-05
1725537600030,1.25e-05
1725541200033,1.24374e-05
1725544800159,1.25e-05
1725548400071,1.25e-05
1725552000157,1.25e-05
1725555600000,1.25e-05
1725559200017,1.25e-05
1725562800035,1.25e-05
1725566400010,1.25e-05
1725570000137,1.25e-05
1725573600040,1.25e-05
1725577200149,1.25e-05
1725580800018,1.25e-05
1725584400028,1.25e-05
1725588000065,1.25e-05
1725591600046,1.25e-05
1725595200025,1.25e-05
1725598800078,1.16807e-05
1725602400120,1.25e-05
1725606000003,1.25e-05
1725609600106,1.25e-05
1725613200137,1.25e-05
1725616800030,1.25e-05
1725620400063,1.25e-05
1725624000036,1.25e-05
1725627600072,1.25e-05
1725631200051,1.25e-05
1725634800007,1.25e-05
1725638400143,1.25e-05
1725642000096,1.25e-05
1725645600132,2.7395e-06
1725649200058,2.645e-07
1725652800012,-1.46373e-05
1725656400144,-1.64442e-05
1725660000146,-4.51641e-05
1725663600157,-3.16919e-05
1725667200057,-1.8168e-05
1725670800057,-5.0801e-06
1725674400147,2.5687e-06
1725678000036,8.5511e-06
1725681600026,2.9489e-06
1725685200134,1.08624e-05
1725688800129,-3.6393e-06
1725692400013,-3.0123e-06
1725696000138,-1.30695e-05
1725699600041,7.2448e-06
1725703200130,1.25e-05
1725706800126,1.25e-05
1725710400020,1.25e-05
1725714000028,1.25e-05
1725717600056,1.00924e-05
1725721200026,1.25e-05
1725724800115,-1.1894e-06
1725728400021,7.3225e-06
1725732000111,1.25e-05
1725735600005,1.25e-05
1725739200028,1.25e-05
1725742800016,1.25e-05
1725746400124,1.25e-05
1725750000176,1.25e-05
1725753600075,1.25e-05
1725757200120,1.25e-05
1725760800006,1.25e-05
1725764400018,1.25e-05
1725768000121,1.25e-05
1725771600025,1.25e-05
1725775200008,1.25e-05
1725778800022,1.25e-05
1725782400074,1.25e-05
1725786000001,1.25e-05
1725789600019,1.25e-05
1725793200045,1.25e-05
1725796800069,1.25e-05
1725800400021,1.25e-05
1725804000039,1.25e-05
1725807600100,1.25e-05
1725811200062,1.25e-05
1725814800056,1.25e-05
1725818400074,1.25e-05
1725822000078,1.25e-05
1725825600050,1.25e-05
1725829200115,1.25e-05
1725832800011,1.25e-05
1725836400085,1.25e-05
1725840000115,1.25e-05
1725843600054,1.25e-05
1725847200088,1.25e-05
1725850800105,1.16859e-05
1725854400063,1.25e-05
1725858000062,1.25e-05
1725861600006,1.25e-05
1725865200115,1.25e-05
1725868800001,1.25e-05
1725872400091,1.25e-05
1725876000000,1.25e-05
1725879600006,1.25e-05
1725883200067,1.25e-05
1725886800077,1.25e-05
1725890400113,1.25e-05
1725894000108,1.25e-05
1725897600076,1.25e-05
1725901200076,1.25e-05
1725904800015,1.25e-05
1725908400006,1.25e-05
1725912000003,1.25e-05
1725915600131,1.25e-05
1725919200094,1.25e-05
1725922800008,1.25e-05
1725926400054,1.25e-05
1725930000128,1.25e-05
1725933600098,1.25e-05
1725937200044,1.25e-05
1725940800025,1.25e-05
1725944400163,1.25e-05
1725948000005,1.25e-05
1725951600034,1.25e-05
1725955200006,1.25e-05
1725958800054,1.25e-05
1725962400001,1.25e-05
1725966000098,1.25e-05
1725969600034,1.25e-05
1725973200088,1.25e-05
1725976800100,1.25e-05
1725980400095,1.25e-05
1725984000049,1.25e-05
1725987600072,1.25e-05
1725991200180,1.25e-05
1725994800131,1.25e-05
1725998400016,1.25e-05
1726002000177,1.25e-05
1726005600098,1.25e-05
1726009200057,1.25e-05
1726012800000,1.25e-05
1726016400053,1.25e-05
1726020000047,1.25e-05
1726023600019,1.25e-05
1726027200011,1.25e-05
1726030800094,1.25e-05
1726034400099,5.9346e-06
1726038000105,1.25e-05
1726041600031,8.8062e-06
1726045200054,1.25e-05
1726048800096,1.25e-05
1726052400029,1.25e-05
1726056000005,1.25e-05
1726059600070,1.25e-05
1726063200034,1.25e-05
1726066800107,1.25e-05
1726070400005,8.4458e-06
1726074000108,1.25e-05
1726077600101,1.25e-05
1726081200046,1.25e-05
1726084800074,1.25e-05
1726088400111,1.25e-05
1726092000091,1.25e-05
1726095600050,1.25e-05
1726099200067,1.25e-05
1726102800026,1.25e-05
1726106400106,1.25e-05
1726110000003,1.25e-05
1726113600030,1.25e-05
1726117200045,1.25e-05
1726120800112,1.25e-05
1726124400013,1.25e-05
1726128000156,1.25e-05
1726131600049,1.25e-05
1726135200143,1.25e-05
1726138800020,1.25e-05
1726142400045,1.25e-05
1726146000158,1.25e-05
1726149600001,6.7827e-06
1726153200108,1.25e-05
1726156800048,5.4553e-06
1726160400031,1.25e-05
1726164000093,7.5215e-06
1726167600163,1.25e-05
1726171200024,1.25e-05
1726174800001,9.288e-06
1726178400058,1.03742e-05
1726182000149,1.25e-05
1726185600091,1.25e-05
1726189200083,1.25e-05
1726192800013,1.25e-05
1726196400009,1.25e-05
1726200000170,1.25e-05
1726203600123,1.25e-05
1726207200127,1.25e-05
1726210800117,1.07506e-05
1726214400027,1.25e-05
1726218000119,1.25e-05
1726221600062,1.25e-05
1726225200120,1.25e-05
1726228800003,1.25e-05
1726232400148,1.25e-05
1726236000029,1.25e-05
1726239600137,1.25e-05
1726243200007,1.25e-05
1726246800002,1.25e-05
1726250400015,1.25e-05
1726254000015,1.25e-05
1726257600013,1.25e-05
1726261200122,7.7012e-06
1726264800003,7.1746e-06
1726268400135,8.5475e-06
1726272000021,4.5359e-06
1726275600085,1.25e-05
1726279200006,1.25e-05
1726282800023,1.25e-05
1726286400126,1.01296e-05
1726290000104,6.798e-06
1726293600039,1.25e-05
1726297200080,1.25e-05
1726300800019,1.25e-05
1726304400111,1.25e-05
1726308000027,1.25e-05
1726311600130,1.25e-05
1726315200049,1.25e-05
1726318800146,1.04929e-05
1726322400006,1.25e-05
1726326000046,1.25e-05
1726329600105,1.25e-05
1726333200024,1.25e-05
1726336800133,1.25e-05
1726340400012,1.25e-05
1726344000171,1.25e-05
1726347600052,1.25e-05
1726351200183,1.25e-05
1726354800028,1.25e-05
1726358400015,1.25e-05
1726362000037,1.25e-05
1726365600169,1.25e-05
1726369200006,1.25e-05
1726372800078,1.25e-05
1726376400034,1.25e-05
1726380000127,1.25e-05
1726383600065,1.25e-05
1726387200109,1.25e-05
1726390800108,1.25e-05
1726394400107,1.25e-05
1726398000024,1.25e-05
1726401600009,1.25e-05
1726405200017,1.25e-05
1726408800110,1.25e-05
1726412400082,1.25e-05
1726416000036,1.25e-05
1726419600008,1.25e-05
1726423200025,1.25e-05
1726426800029,1.25e-05
1726430400041,1.25e-05
1726434000000,1.25e-05
1726437600077,1.25e-05
1726441200122,1.25e-05
1726444800048,1.25e-05
1726448400196,1.25e-05
1726452000035,1.25e-05
1726455600068,1.25e-05
1726459200036,1.25e-05
1726462800055,1.25e-05
1726466400191,1.13913e-05
1726470000043,1.25e-05
1726473600138,1.25e-05
1726477200023,1.25e-05
1726480800102,1.25e-05
1726484400187,1.25e-05
1726488000168,1.25e-05
1726491600017,1.25e-05
1726495200019,1.25e-05
1726498800079,1.25e-05
1726502400041,7.9474e-06
1726506000056,1.25e-05
1726509600017,1.25e-05
1726513200103,9.4882e-06
1726516800002,1.24748e-05
1726520400041,1.25e-05
1726524000132,1.25e-05
1726527600028,1.25e-05
1726531200004,1.25e-05
1726534800031,1.25e-05
1726538400073,1.25e-05
1726542000089,1.25e-05
1726545600198,1.25e-05
1726549200080,1.25e-05
1726552800201,1.25e-05
1726556400061,1.25e-05
1726560000105,1.25e-05
1726563600031,1.25e-05
1726567200002,1.25e-05
1726570800012,1.25e-05
1726574400175,1.25e-05
1726578000033,1.25e-05
1726581600018,1.25e-05
1726585200090,1.25e-05
1726588800100,1.25e-05
1726592400094,1.25e-05
1726596000089,1.25e-05
1726599600045,1.25e-05
1726603200038,1.25e-05
1726606800077,1.25e-05
1726610400016,1.25e-05
1726614000047,1.25e-05
1726617600134,1.25e-05
1726621200147,1.25e-05
1726624800021,1.25e-05
1726628400044,1.25e-05
1726632000028,1.25e-05
1726635600080,1.25e-05
1726639200145,1.25e-05
1726642800175,9.0114e-06
1726646400029,1.25e-05
1726650000097,1.25e-05
1726653600091,1.25e-05
1726657200103,1.25e-05
1726660800099,1.25e-05
1726664400099,1.25e-05
1726668000135,1.25e-05
1726671600158,1.9856e-06
1726675200019,-2.5536e-06
1726678800074,2.6707e-06
1726682400024,5.603e-06
1726686000138,1.25e-05
1726689600119,1.25e-05
1726693200028,1.25e-05
1726696800101,1.25e-05
1726700400107,1.25e-05
1726704000089,1.25e-05
1726707600039,1.25e-05
1726711200201,1.25e-05
1726714800046,1.25e-05
1726718400096,1.25e-05
1726722000026,1.25e-05
1726725600088,1.25e-05
1726729200087,1.25e-05
1726732800002,1.25e-05
1726736400130,1.25e-05
1726740000117,1.25e-05
1726743600082,1.25e-05
1726747200103,1.25e-05
1726750800122,1.25e-05
1726754400184,1.25e-05
1726758000135,1.25e-05
1726761600101,1.25e-05
1726765200083,1.25e-05
1726768800025,1.25e-05
1726772400028,1.25e-05
1726776000019,1.25e-05
1726779600157,1.25e-05
1726783200129,1.25e-05
1726786800143,1.25e-05
1726790400020,1.25e-05
1726794000024,1.25e-05
1726797600054,1.25e-05
1726801200058,1.25e-05
1726804800023,1.25e-05
1726808400144,1.25e-05
1726812000126,1.25e-05
1726815600157,1.25e-05
1726819200081,1.25e-05
1726822800062,1.25e-05
1726826400136,1.25e-05
1726830000161,1.25e-05
1726833600150,1.25e-05
1726837200122,1.25e-05
1726840800075,1.25e-05
1726844400135,1.25e-05
1726848000126,1.25e-05
1726851600000,1.25e-05
1726855200038,1.25e-05
1726858800132,1.25e-05
1726862400031,1.25e-05
1726866000076,1.25e-05
1726869600106,1.25e-05
1726873200091,1.25e-05
1726876800046,1.25e-05
1726880400041,1.25e-05
1726884000132,1.25e-05
1726887600188,1.25e-05
1726891200030,1.25e-05
1726894800137,1.25e-05
1726898400005,1.25e-05
1726902000027,1.25e-05
1726905600131,1.25e-05
1726909200036,1.25e-05
1726912800012,1.25e-05
1726916400051,1.25e-05
1726920000160,1.25e-05
1726923600122,1.25e-05
1726927200025,1.25e-05
1726930800021,1.25e-05
1726934400134,1.25e-05
1726938000058,1.25e-05
1726941600014,1.25e-05
1726945200122,1.25e-05
1726948800012,1.25e-05
1726952400143,1.25e-05
1726956000028,1.25e-05
1726959600130,1.25e-05
1726963200021,1.25e-05
1726966800130,1.25e-05
1726970400009,1.25e-05
1726974000011,1.25e-05
1726977600019,1.25e-05
1726981200036,1.25e-05
1726984800094,1.25e-05
1726988400026,1.25e-05
1726992000101,1.25e-05
1726995600015,1.25e-05
1726999200023,1.25e-05
1727002800022,1.25e-05
1727006400075,1.25e-05
1727010000014,1.25e-05
1727013600056,1.25e-05
1727017200026,1.25e-05
1727020800016,1.25e-05
1727024400102,1.25e-05
1727028000016,1.25e-05
1727031600021,1.25e-05
1727035200083,1.25e-05
1727038800110,1.25e-05
1727042400025,1.25e-05
1727046000156,1.25e-05
1727049600134,1.25e-05
1727053200160,1.25e-05
1727056800142,1.25e-05
1727060400004,1.25e-05
1727064000002,1.25e-05
1727067600017,1.25e-05
1727071200043,1.25e-05
1727074800068,1.25e-05
1727078400076,1.25e-05
1727082000173,1.25e-05
1727085600018,1.25e-05
1727089200002,1.25e-05
1727092800021,1.25e-05
1727096400092,1.25e-05
1727100000019,1.25e-05
1727103600040,1.25e-05
1727107200004,1.25e-05
1727110800109,1.25e-05
1727114400036,1.25e-05
1727118000157,1.25e-05
1727121600073,1.25e-05
1727125200158,1.25e-05
1727128800014,1.25e-05
1727132400069,1.25e-05
1727136000124,1.25e-05
1727139600038,1.25e-05
1727143200000,1.25e-05
1727146800107,1.25e-05
1727150400021,1.25e-05
1727154000077,1.25e-05
1727157600060,1.25e-05
1727161200003,1.25e-05
1727164800147,1.25e-05
1727168400083,1.25e-05
1727172000179,1.25e-05
1727175600108,1.25e-05
1727179200083,1.25e-05
1727182800044,1.25e-05
1727186400166,1.25e-05
1727190000023,1.25e-05
1727193600142,1.25e-05
1727197200092,1.25e-05
1727200800177,1.25e-05
1727204400106,1.25e-05
1727208000025,1.25e-05
1727211600114,1.25e-05
1727215200169,1.25e-05
1727218800109,1.25e-05
1727222400080,1.25e-05
1727226000144,1.25e-05
1727229600151,1.25e-05
1727233200153,1.25e-05
1727236800067,2.01119e-05
1727240400109,1.30951e-05
1727244000156,1.25e-05
1727247600001,1.25e-05
1727251200113,1.25e-05
1727254800008,1.25e-05
1727258400029,1.25e-05
1727262000003,1.25e-05
1727265600006,1.25e-05
1727269200047,1.25e-05
1727272800081,1.25e-05
1727276400126,1.25e-05
1727280000042,1.25e-05
1727283600080,1.25e-05
1727287200138,1.25e-05
1727290800128,1.25e-05
1727294400066,1.25e-05
1727298000104,1.25e-05
1727301600128,1.25e-05
1727305200154,1.25e-05
1727308800030,1.25e-05
1727312400027,1.25e-05
1727316000119,1.25e-05
1727319600100,1.25e-05
1727323200184,1.25e-05
1727326800033,1.25e-05
1727330400131,1.25e-05
1727334000040,1.25e-05
1727337600167,1.25e-05
1727341200018,1.25e-05
1727344800026,1.25e-05
1727348400120,1.25e-05
1727352000134,1.25e-05
1727355600027,1.25e-05
1727359200135,1.25e-05
1727362800029,1.25e-05
1727366400119,1.25e-05
1727370000145,1.25e-05
1727373600094,1.25e-05
1727377200065,1.25e-05
1727380800019,2.18296e-05
1727384400171,1.44706e-05
1727388000145,2.41696e-05
1727391600013,5.2597e-05
1727395200201,3.9745e-05
1727398800068,3.68013e-05
1727402400123,1.97337e-05
1727406000037,1.25e-05
1727409600085,1.25e-05
1727413200006,2.21409e-05
1727416800120,4.49901e-05
1727420400013,7.11119e-05
1727424000000,7.24506e-05
1727427600002,3.93805e-05
1727431200092,2.59557e-05
1727434800117,1.25e-05
1727438400137,1.25e-05
1727442000104,1.25e-05
1727445600076,2.21701e-05
1727449200149,2.59883e-05
1727452800010,4.25682e-05
1727456400017,1.25e-05
1727460000049,1.25e-05
1727463600037,1.25e-05
1727467200192,1.25e-05
1727470800039,1.25e-05
1727474400098,1.25e-05
1727478000158,2.05871e-05
1727481600161,3.50333e-05
1727485200035,4.21416e-05
1727488800044,4.92135e-05
1727492400148,6.17369e-05
1727496000132,5.65015e-05
1727499600115,6.15684e-05
1727503200035,5.74588e-05
1727506800010,4.12176e-05
1727510400016,2.66713e-05
1727514000002,4.6644e-05
1727517600029,3.67151e-05
1727521200098,5.07939e-05
1727524800037,5.5002e-05
1727528400018,2.56848e-05
1727532000179,2.6068e-05
1727535600108,4.81069e-05
1727539200150,5.14493e-05
1727542800013,3.82126e-05
1727546400026,4.05444e-05
1727550000090,4.57399e-05
1727553600141,5.54241e-05
1727557200027,6.47799e-05
1727560800149,5.14742e-05
1727564400009,5.85614e-05
1727568000055,8.34143e-05
1727571600176,4.50503e-05
1727575200006,4.32099e-05
1727578800007,5.02101e-05
1727582400149,1.25e-05
1727586000105,1.25e-05
1727589600121,1.25e-05
1727593200144,1.25e-05
1727596800086,2.48826e-05
1727600400162,3.01843e-05
1727604000089,4.3846e-05
1727607600076,4.8993e-05
1727611200154,4.77804e-05
1727614800075,3.78428e-05
1727618400150,5.55115e-05
1727622000151,5.88461e-05
1727625600057,2.44898e-05
1727629200052,5.75352e-05
1727632800030,6.70546e-05
1727636400008,6.7338e-05
1727640000167,8.90765e-05
1727643600001,6.91354e-05
1727647200067,4.93258e-05
1727650800094,3.73018e-05
1727654400083,3.92256e-05
1727658000032,2.4554e-05
1727661600119,3.02513e-05
1727665200002,4.74192e-05
1727668800162,6.35388e-05
1727672400001,7.36375e-05
1727676000039,7.99575e-05
1727679600153,0.0001097589
1727683200003,7.79636e-05
1727686800069,6.07789e-05
1727690400048,6.07353e-05
1727694000069,3.31201e-05
1727697600004,4.48482e-05
1727701200006,7.04597e-05
1727704800030,7.70111e-05
1727708400042,3.39646e-05
1727712000119,3.75339e-05
1727715600057,1.25e-05
1727719200097,1.25e-05
1727722800121,1.25e-05
1727726400026,1.25e-05
1727730000078,1.25e-05
1727733600115,1.25e-05
1727737200055,1.25e-05
1727740800074,1.25e-05
1727744400056,1.25e-05
1727748000015,1.25e-05
1727751600121,1.25e-05
1727755200155,1.25e-05
1727758800074,1.25e-05
1727762400123,1.34079e-05
1727766000119,1.78893e-05
1727769600010,1.25e-05
1727773200004,1.25e-05
1727776800058,1.36985e-05
1727780400091,2.12121e-05
1727784000092,3.70417e-05
1727787600074,1.64618e-05
1727791200041,1.25e-05
1727794800100,1.25e-05
1727798400014,1.25e-05
1727802000064,1.25e-05
1727805600027,1.25e-05
1727809200149,1.25e-05
1727812800033,1.25e-05
1727816400145,1.25e-05
1727820000109,1.25e-05
1727823600017,1.25e-05
1727827200146,1.25e-05
1727830800020,1.25e-05
1727834400178,1.25e-05
1727838000045,1.25e-05
1727841600076,1.25e-05
1727845200040,1.25e-05
1727848800040,1.25e-05
1727852400026,1.25e-05
1727856000066,1.25e-05
1727859600100,1.25e-05
1727863200108,1.25e-05
1727866800085,1.25e-05
1727870400067,1.25e-05
1727874000111,1.25e-05
1727877600115,1.25e-05
1727881200150,1.25e-05
1727884800072,1.25e-05
1727888400015,1.25e-05
1727892000104,1.25e-05
1727895600104,7.9359e-06
1727899200096,7.353e-06
1727902800033,-1.4906e-06
1727906400127,1.25e-05
1727910000007,1.25e-05
1727913600025,1.25e-05
1727917200018,1.25e-05
1727920800001,1.25e-05
1727924400047,1.25e-05
1727928000023,1.25e-05
1727931600072,1.25e-05
1727935200077,1.25e-05
1727938800029,1.25e-05
1727942400108,1.25e-05
1727946000139,1.25e-05
1727949600034,1.25e-05
1727953200023,3.77e-07
1727956800080,1.25e-05
1727960400011,1.25e-05
1727964000073,1.25e-05
1727967600019,1.25e-05
1727971200025,1.25e-05
1727974800080,1.25e-05
1727978400119,1.25e-05
1727982000072,1.25e-05
1727985600117,1.25e-05
1727989200007,1.25e-05
1727992800017,1.25e-05
1727996400041,1.25e-05
1728000000022,1.25e-05
1728003600000,1.25e-05
1728007200149,1.25e-05
1728010800154,1.25e-05
1728014400016,1.25e-05
1728018000112,1.25e-05
1728021600159,1.25e-05
1728025200037,1.25e-05
1728028800174,1.25e-05
1728032400126,1.25e-05
1728036000012,1.03864e-05
1728039600025,1.038e-05
1728043200025,1.25e-05
1728046800042,1.25e-05
1728050400139,1.25e-05
1728054000060,4.2081e-06
1728057600114,1.15526e-05
1728061200119,1.25e-05
1728064800128,1.25e-05
1728068400041,1.25e-05
1728072000025,1.25e-05
1728075600075,1.25e-05
1728079200029,1.25e-05
1728082800001,1.25e-05
1728086400132,1.25e-05
1728090000147,1.25e-05
1728093600089,1.25e-05
1728097200000,1.25e-05
1728100800065,1.25e-05
1728104400114,1.25e-05
1728108000095,1.25e-05
1728111600102,1.25e-05
1728115200099,1.25e-05
1728118800026,1.25e-05
1728122400007,1.25e-05
1728126000073,1.25e-05
1728129600029,1.25e-05
1728133200088,1.25e-05
1728136800016,1.25e-05
1728140400116,1.25e-05
1728144000037,1.25e-05
1728147600128,1.25e-05
1728151200094,1.25e-05
1728154800120,1.25e-05
1728158400121,1.25e-05
1728162000017,1.25e-05
1728165600095,1.25e-05
1728169200009,1.25e-05
1728172800057,1.25e-05
1728176400081,1.25e-05
1728180000075,1.25e-05
1728183600037,1.25e-05
1728187200127,1.25e-05
1728190800148,1.25e-05
1728194400035,1.25e-05
1728198000012,1.25e-05
1728201600019,1.25e-05
1728205200035,1.25e-05
1728208800052,1.25e-05
1728212400078,1.25e-05
1728216000025,1.25e-05
1728219600064,1.25e-05
1728223200017,1.25e-05
1728226800026,1.25e-05
1728230400026,1.25e-05
1728234000149,1.25e-05
1728237600036,1.25e-05
1728241200002,1.25e-05
1728244800057,1.25e-05
1728248400054,1.25e-05
1728252000004,1.25e-05
1728255600003,1.25e-05
1728259200060,1.25e-05
1728262800047,1.25e-05
1728266400022,1.25e-05
1728270000074,1.25e-05
1728273600093,1.25e-05
1728277200068,1.25e-05
1728280800106,1.25e-05
1728284400115,1.25e-05
1728288000071,1.00066e-05
1728291600090,1.25e-05
1728295200122,1.25e-05
1728298800027,1.25e-05
1728302400001,-1.7785e-06
1728306000090,-3.6927e-06
1728309600001,1.13589e-05
1728313200136,1.25e-05
1728316800119,1.9808e-06
1728320400046,5.3684e-06
1728324000069,1.25e-05
1728327600130,1.25e-05
1728331200008,1.302e-06
1728334800025,9.1386e-06
1728338400041,3.4918e-06
1728342000011,1.05732e-05
1728345600098,-3.165e-06
1728349200009,-4.1717e-06
1728352800072,1.9353e-06
1728356400026,9.0217e-06
1728360000091,1.25e-05
1728363600019,2.713e-06
1728367200024,-1.7133e-05
1728370800078,-2.22533e-05
1728374400070,-1.24898e-05
1728378000152,3.6034e-06
1728381600051,4.7005e-06
1728385200101,1.02326e-05
1728388800098,1.25e-05
1728392400000,1.25e-05
1728396000012,1.25e-05
1728399600004,1.25e-05
1728403200159,1.20733e-05
1728406800145,1.09714e-05
1728410400145,1.25e-05
1728414000012,1.25e-05
1728417600004,1.25e-05
1728421200087,1.25e-05
1728424800129,1.25e-05
1728428400050,1.25e-05
1728432000048,8.2344e-06
1728435600090,1.25e-05
1728439200098,1.25e-05
1728442800015,1.25e-05
1728446400049,1.25e-05
1728450000051,1.25e-05
1728453600024,1.25e-05
1728457200132,1.25e-05
1728460800154,1.25e-05
1728464400099,1.25e-05
1728468000030,1.25e-05
1728471600127,1.25e-05
1728475200045,1.25e-05
1728478800064,1.25e-05
1728482400028,1.25e-05
1728486000012,1.25e-05
1728489600077,1.25e-05
1728493200011,1.25e-05
1728496800129,1.25e-05
1728500400052,1.25e-05
1728504000035,-3.0402e-06
1728507600021,-1.18555e-05
1728511200064,-2.08176e-05
1728514800065,-1.82374e-05
1728518400114,-1.58614e-05
1728522000089,1.1984e-06
1728525600024,2.9421e-06
1728529200010,5.0492e-06
1728532800144,4.0599e-06
1728536400042,5.758e-07
1728540000155,-6.5424e-06
1728543600023,-9.1542e-06
1728547200095,-2.39415e-05
1728550800045,-1.7293e-06
1728554400149,-9.9814e-06
1728558000000,-9.4271e-06
1728561600100,-1.31349e-05
1728565200095,-1.45987e-05
1728568800109,-1.62119e-05
1728572400160,-1.67538e-05
1728576000001,-7.8644e-06
1728579600110,8.9839e-06
1728583200120,1.25e-05
1728586800106,6.1808e-06
1728590400023,-4.185e-07
1728594000127,-7.867e-06
1728597600035,-9.4155e-06
1728601200075,-8.8069e-06
1728604800157,-1.47359e-05
1728608400047,4.1171e-06
1728612000084,1.4882e-06
1728615600146,2.178e-07
1728619200127,9.7917e-06
1728622800119,6.0386e-06
1728626400123,9.905e-07
1728630000097,-6.5726e-06
1728633600012,-2.87196e-05
1728637200072,3.7324e-06
1728640800062,-8.2355e-06
1728644400032,-1.41262e-05
1728648000063,-1.17431e-05
1728651600036,-1.72792e-05
1728655200033,-3.16116e-05
1728658800032,-1.09629e-05
1728662400124,-1.6425e-06
1728666000096,-4.8311e-06
1728669600097,2.1122e-06
1728673200123,9.412e-07
1728676800072,-9.934e-07
1728680400017,2.5631e-06
1728684000069,7.5058e-06
1728687600111,-3.727e-07
1728691200130,-1.2757e-06
1728694800048,6.3491e-06
1728698400065,8.75e-06
1728702000013,3.294e-06
1728705600168,-5.8716e-06
1728709200023,-1.0701e-06
1728712800126,5.1923e-06
1728716400039,9.7181e-06
1728720000082,6.6625e-06
1728723600020,1.25e-05
1728727200004,1.25e-05
1728730800016,1.25e-05
1728734400067,1.07807e-05
1728738000133,1.1857e-06
1728741600008,-3.9505e-06
1728745200030,8.9538e-06
1728748800024,1.04935e-05
1728752400144,1.25e-05
1728756000018,1.04398e-05
1728759600065,7.1999e-06
1728763200068,4.821e-07
1728766800040,-3.2727e-06
1728770400015,-1.22087e-05
1728774000046,-1.06267e-05
1728777600048,-2.54566e-05
1728781200070,1.3324e-06
1728784800125,-3.9221e-06
1728788400127,-3.7742e-06
1728792000082,-8.3322e-06
1728795600072,-7.1569e-06
1728799200058,-1.73673e-05
1728802800032,-2.30267e-05
1728806400000,-1.46732e-05
1728810000070,-4.9807e-06
1728813600114,-1.25342e-05
1728817200164,-2.25407e-05
1728820800014,-2.91554e-05
1728824400058,-2.87095e-05
1728828000051,-3.33241e-05
1728831600010,-3.02802e-05
1728835200013,-4.3824e-05
1728838800033,-2.43144e-05
1728842400036,-1.67422e-05
1728846000030,-1.61881e-05
1728849600156,-1.77645e-05
1728853200050,-1.71071e-05
1728856800006,-6.9156e-06
1728860400011,-2.2209e-06
1728864000065,-5.947e-06
1728867600104,8.6929e-06
1728871200008,1.15077e-05
1728874800093,4.4022e-06
1728878400045,1.0404e-06
1728882000132,-3.9335e-06
1728885600011,-5.0187e-06
1728889200089,5.0507e-06
1728892800103,1.25e-05
1728896400064,1.25e-05
1728900000030,1.25e-05
1728903600009,1.25e-05
1728907200067,1.25e-05
1728910800086,1.25e-05
1728914400060,1.25e-05
1728918000006,1.25e-05
1728921600125,1.25e-05
1728925200003,1.25e-05
1728928800031,1.25e-05
1728932400023,1.25e-05
1728936000031,1.25e-05
1728939600084,1.25e-05
1728943200143,1.25e-05
1728946800095,1.25e-05
1728950400034,1.25e-05
1728954000040,1.25e-05
1728957600112,1.25e-05
1728961200010,1.25e-05
1728964800082,1.25e-05
1728968400114,1.25e-05
1728972000031,1.25e-05
1728975600025,1.25e-05
1728979200002,1.25e-05
1728982800167,1.25e-05
1728986400108,1.25e-05
1728990000005,1.25e-05
1728993600111,1.25e-05
1728997200040,1.25e-05
1729000800077,1.25e-05
1729004400031,1.25e-05
1729008000098,1.25e-05
1729011600168,1.25e-05
1729015200005,1.25e-05
1729018800082,1.25e-05
1729022400084,1.25e-05
1729026000031,1.25e-05
1729029600000,9.1486e-06
1729033200120,1.25e-05
1729036800101,1.25e-05
1729040400078,1.25e-05
1729044000002,1.25e-05
1729047600020,1.25e-05
1729051200072,1.25e-05
1729054800027,1.25e-05
1729058400021,1.10979e-05
1729062000134,6.7135e-06
1729065600126,-1.98388e-05
1729069200049,1.25e-05
1729072800021,9.8185e-06
1729076400130,1.25e-05
1729080000166,1.25e-05
1729083600079,1.25e-05
1729087200027,4.0239e-06
1729090800116,1.23211e-05
1729094400142,1.25e-05
1729098000100,1.25e-05
1729101600014,1.25e-05
1729105200016,1.25e-05
1729108800047,1.2106e-05
1729112400154,1.25e-05
1729116000023,1.25e-05
1729119600048,1.25e-05
1729123200002,1.25e-05
1729126800113,1.25e-05
1729130400019,1.25e-05
1729134000160,9.6095e-06
1729137600166,1.25e-05
1729141200031,7.3404e-06
1729144800001,5.394e-07
1729148400068,3.3662e-06
1729152000107,1.8613e-06
1729155600085,1.10957e-05
1729159200024,1.25e-05
1729162800072,1.25e-05
1729166400141,1.25e-05
1729170000021,1.25e-05
1729173600045,1.25e-05
1729177200082,5.5003e-06
1729180800081,1.25e-05
1729184400060,1.25e-05
1729188000114,1.25e-05
1729191600015,8.7096e-06
1729195200088,8.0685e-06
1729198800000,9.1188e-06
1729202400007,1.25e-05
1729206000035,9.1468e-06
1729209600105,8.4698e-06
1729213200005,1.25e-05
1729216800068,1.25e-05
1729220400089,1.05543e-05
1729224000024,1.16854e-05
1729227600137,1.25e-05
1729231200154,1.18259e-05
1729234800094,1.25e-05
1729238400140,1.25e-05
1729242000036,1.25e-05
1729245600059,1.25e-05
1729249200159,1.25e-05
1729252800056,1.25e-05
1729256400001,1.25e-05
1729260000119,1.25e-05
1729263600167,1.25e-05
1729267200035,1.25e-05
1729270800092,1.25e-05
1729274400014,1.25e-05
1729278000020,1.25e-05
1729281600020,1.25e-05
1729285200025,1.25e-05
1729288800017,1.25e-05
1729292400039,1.25e-05
1729296000020,1.25e-05
1729299600019,1.25e-05
1729303200011,1.25e-05
1729306800028,1.25e-05
1729310400039,1.25e-05
1729314000130,1.25e-05
1729317600177,1.25e-05
1729321200007,1.25e-05
1729324800023,1.25e-05
1729328400032,1.25e-05
1729332000105,1.25e-05
1729335600035,1.25e-05
1729339200010,1.25e-05
1729342800143,1.25e-05
1729346400094,-2.6664e-06
1729350000058,7.007e-06
1729353600034,1.25e-05
1729357200024,1.25e-05
1729360800153,1.09027e-05
1729364400137,1.25e-05
1729368000168,1.10847e-05
1729371600104,-1.542e-06
1729375200000,-1.6955e-06
1729378800068,-1.0702e-06
1729382400046,1.25e-05
1729386000082,1.25e-05
1729389600011,1.25e-05
1729393200158,1.25e-05
1729396800040,1.25e-05
1729400400023,9.1594e-06
1729404000021,1.25e-05
1729407600106,8.436e-06
1729411200091,8.5554e-06
1729414800159,3.1124e-06
1729418400037,6.2535e-06
1729422000039,1.25e-05
1729425600125,1.25e-05
1729429200028,1.25e-05
1729432800033,1.25e-05
1729436400024,1.25e-05
1729440000082,1.25e-05
1729443600123,1.25e-05
1729447200022,1.25e-05
1729450800044,1.25e-05
1729454400110,1.25e-05
1729458000068,1.25e-05
1729461600034,1.25e-05
1729465200055,1.25e-05
1729468800026,1.25e-05
1729472400041,1.25e-05
1729476000059,1.25e-05
1729479600069,1.25e-05
1729483200090,1.25e-05
1729486800012,1.25e-05
1729490400025,1.25e-05
1729494000060,1.25e-05
1729497600001,1.25e-05
1729501200100,1.25e-05
1729504800019,1.25e-05
1729508400028,1.25e-05
1729512000041,1.25e-05
1729515600050,1.25e-05
1729519200017,1.25e-05
1729522800023,1.25e-05
1729526400078,1.25e-05
1729530000017,1.25e-05
1729533600022,1.25e-05
1729537200026,1.25e-05
1729540800074,1.25e-05
1729544400068,1.25e-05
1729548000024,1.25e-05
1729551600085,1.25e-05
1729555200073,1.25e-05
1729558800060,1.25e-05
1729562400068,1.25e-05
1729566000089,1.25e-05
1729569600019,1.25e-05
1729573200057,1.25e-05
1729576800091,1.25e-05
1729580400064,1.25e-05
1729584000090,1.25e-05
1729587600004,1.25e-05
1729591200025,1.25e-05
1729594800138,1.25e-05
1729598400074,1.25e-05
1729602000094,6.7473e-06
1729605600105,4.1263e-06
1729609200018,-4.5802e-06
1729612800034,-3.7765e-06
1729616400021,1.21418e-05
1729620000022,1.25e-05
1729623600146,1.25e-05
1729627200105,9.9908e-06
1729630800032,1.25e-05
1729634400012,6.5339e-06
1729638000149,9.621e-06
1729641600037,9.7445e-06
1729645200059,1.25e-05
1729648800104,1.25e-05
1729652400007,1.25e-05
1729656000088,1.25e-05
1729659600153,1.25e-05
1729663200113,1.25e-05
1729666800092,1.25e-05
1729670400002,1.25e-05
1729674000047,1.25e-05
1729677600075,1.25e-05
1729681200135,1.25e-05
1729684800143,1.25e-05
1729688400095,1.25e-05
1729692000002,1.25e-05
1729695600118,1.25e-05
1729699200091,1.25e-05
1729702800077,1.25e-05
1729706400110,1.25e-05
1729710000083,1.25e-05
1729713600043,1.04865e-05
1729717200000,1.25e-05
1729720800035,1.25e-05
1729724400034,1.25e-05
1729728000058,1.25e-05
1729731600006,1.25e-05
1729735200089,1.25e-05
1729738800104,1.25e-05
1729742400026,1.25e-05
1729746000048,1.25e-05
1729749600102,1.25e-05
1729753200108,1.25e-05
1729756800153,1.25e-05
1729760400113,1.25e-05
1729764000124,1.25e-05
1729767600154,1.25e-05
1729771200017,1.25e-05
1729774800044,1.25e-05
1729778400115,1.25e-05
1729782000014,1.25e-05
1729785600130,1.25e-05
1729789200015,1.25e-05
1729792800002,1.25e-05
1729796400074,1.25e-05
1729800000106,1.25e-05
1729803600138,1.25e-05
1729807200025,1.25e-05
1729810800158,1.25e-05
1729814400006,1.25e-05
1729818000113,1.25e-05
1729821600093,1.25e-05
1729825200113,1.25e-05
1729828800103,1.25e-05
1729832400021,1.25e-05
1729836000131,1.25e-05
1729839600118,1.25e-05
1729843200113,1.25e-05
1729846800001,1.25e-05
1729850400122,1.25e-05
1729854000161,1.25e-05
1729857600100,1.25e-05
1729861200056,1.25e-05
1729864800096,1.25e-05
1729868400100,1.25e-05
1729872000147,1.25e-05
1729875600023,1.25e-05
1729879200031,1.25e-05
1729882800127,1.25e-05
1729886400003,1.25e-05
1729890000003,1.25e-05
1729893600004,1.25e-05
1729897200086,1.25e-05
1729900800036,2.6574e-06
1729904400115,-5.64e-08
1729908000097,3.1003e-06
1729911600110,9.1028e-06
1729915200040,1.25e-05
1729918800091,1.25e-05
1729922400024,1.25e-05
1729926000061,1.25e-05
1729929600113,1.25e-05
1729933200052,1.25e-05
1729936800032,1.25e-05
1729940400067,1.25e-05
1729944000027,1.25e-05
1729947600007,1.25e-05
1729951200028,1.25e-05
1729954800128,1.25e-05
1729958400030,1.25e-05
1729962000074,1.25e-05
1729965600153,1.25e-05
1729969200104,1.25e-05
1729972800134,1.25e-05
1729976400128,1.25e-05
1729980000131,1.25e-05
1729983600022,1.25e-05
1729987200084,1.25e-05
1729990800131,1.25e-05
1729994400168,1.25e-05
1729998000004,1.25e-05
1730001600020,1.25e-05
1730005200124,1.25e-05
1730008800007,1.25e-05
1730012400111,1.25e-05
1730016000003,1.25e-05
1730019600013,1.25e-05
1730023200121,1.25e-05
1730026800061,1.25e-05
1730030400060,1.25e-05
1730034000075,1.25e-05
1730037600031,1.25e-05
1730041200155,1.25e-05
1730044800038,1.25e-05
1730048400155,1.25e-05
1730052000016,1.25e-05
1730055600060,1.25e-05
1730059200042,1.25e-05
1730062800011,1.25e-05
1730066400068,1.25e-05
1730070000158,1.25e-05
1730073600091,1.25e-05
1730077200001,1.25e-05
1730080800079,1.25e-05
1730084400144,1.25e-05
1730088000063,1.25e-05
1730091600061,1.25e-05
1730095200065,1.25e-05
1730098800019,1.25e-05
1730102400139,1.25e-05
1730106000147,1.25e-05
1730109600088,1.25e-05
1730113200019,1.25e-05
1730116800019,1.25e-05
1730120400143,1.25e-05
1730124000111,1.25e-05
1730127600092,1.25e-05
1730131200068,1.25e-05
1730134800084,1.25e-05
1730138400096,1.25e-05
1730142000029,1.25e-05
1730145600116,1.25e-05
1730149200123,1.25e-05
1730152800046,1.25e-05
1730156400052,1.25e-05
1730160000155,1.25e-05
1730163600058,1.25e-05
1730167200134,1.25e-05
1730170800086,1.25e-05
1730174400025,1.25e-05
1730178000101,1.25e-05
1730181600101,1.25e-05
1730185200141,1.25e-05
1730188800105,1.25e-05
1730192400168,1.25e-05
1730196000158,1.25e-05
1730199600048,1.25e-05
1730203200111,1.25e-05
1730206800055,1.25e-05
1730210400027,1.25e-05
1730214000001,1.25e-05
1730217600119,1.25e-05
1730221200047,1.25e-05
1730224800035,1.25e-05
1730228400028,1.25e-05
1730232000059,1.53558e-05
1730235600119,1.25e-05
1730239200028,2.37495e-05
1730242800064,3.87063e-05
1730246400080,4.71362e-05
1730250000075,1.99114e-05
1730253600097,1.90654e-05
1730257200028,3.62127e-05
1730260800002,3.96015e-05
1730264400012,4.4984e-05
1730268000048,3.6906e-05
1730271600072,3.93985e-05
1730275200115,3.52242e-05
1730278800180,1.25e-05
1730282400124,1.25e-05
1730286000077,1.25e-05
1730289600005,1.25e-05
1730293200014,1.25e-05
1730296800156,1.25e-05
1730300400128,1.25e-05
1730304000165,1.25e-05
1730307600041,1.25e-05
1730311200019,1.25e-05
1730314800050,1.25e-05
1730318400007,1.25e-05
1730322000171,1.25e-05
1730325600081,1.25e-05
1730329200079,1.27689e-05
1730332800027,1.402e-05
1730336400143,1.25e-05
1730340000085,1.25e-05
1730343600131,1.25e-05
1730347200125,1.25e-05
1730350800125,1.25e-05
1730354400159,1.25e-05
1730358000022,1.25e-05
1730361600143,1.25e-05
1730365200079,1.25e-05
1730368800126,1.25e-05
1730372400080,1.25e-05
1730376000127,1.25e-05
1730379600137,1.25e-05
1730383200093,1.25e-05
1730386800134,1.25e-05
1730390400034,1.25e-05
1730394000082,1.25e-05
1730397600091,1.25e-05
1730401200061,1.25e-05
1730404800047,1.25e-05
1730408400042,1.25e-05
1730412000024,1.25e-05
1730415600138,1.25e-05
1730419200114,1.25e-05
1730422800181,1.25e-05
1730426400000,1.25e-05
1730430000050,1.25e-05
1730433600060,1.25e-05
1730437200151,1.25e-05
1730440800161,1.25e-05
1730444400129,1.25e-05
1730448000108,1.25e-05
1730451600039,1.25e-05
1730455200045,1.25e-05
1730458800130,1.25e-05
1730462400176,1.25e-05
1730466000180,1.25e-05
1730469600075,1.25e-05
1730473200149,1.25e-05
1730476800124,1.25e-05
1730480400046,1.25e-05
1730484000043,1.25e-05
1730487600099,1.25e-05
1730491200130,1.25e-05
1730494800004,1.25e-05
1730498400017,1.25e-05
1730502000009,1.25e-05
1730505600123,1.25e-05
1730509200007,1.25e-05
1730512800064,1.25e-05
1730516400128,1.25e-05
1730520000133,1.25e-05
1730523600016,1.25e-05
1730527200118,1.25e-05
1730530800076,1.25e-05
1730534400004,1.25e-05
1730538000056,1.25e-05
1730541600104,1.25e-05
1730545200083,1.25e-05
1730548800114,1.25e-05
1730552400003,1.25e-05
1730556000165,1.25e-05
1730559600016,1.25e-05
1730563200115,1.25e-05
1730566800040,1.25e-05
1730570400085,1.25e-05
1730574000093,1.25e-05
1730577600057,1.25e-05
1730581200019,1.25e-05
1730584800172,1.25e-05
1730588400019,1.25e-05
1730592000032,1.25e-05
1730595600147,1.25e-05
1730599200056,1.25e-05
1730602800077,1.25e-05
1730606400080,1.25e-05
1730610000020,1.25e-05
1730613600108,1.25e-05
1730617200009,1.25e-05
1730620800102,1.25e-05
1730624400141,1.25e-05
1730628000130,1.13772e-05
1730631600038,-5.6568e-06
1730635200021,-1.31971e-05
1730638800078,-7.5717e-06
1730642400137,-3.01947e-05
1730646000018,-3.96172e-05
1730649600115,-5.12882e-05
1730653200162,-1.34457e-05
1730656800015,-9.8107e-06
1730660400077,-6.6064e-06
1730664000042,-9.0508e-06
1730667600047,-8.1723e-06
1730671200017,-1.9512e-06
1730674800032,-1.70834e-05
1730678400078,-2.39471e-05
1730682000137,-3.5648e-06
1730685600009,3.2182e-06
1730689200087,3.12e-06
1730692800091,-1.06145e-05
1730696400121,-6.0417e-06
1730700000008,-9.3516e-06
1730703600087,-7.1802e-06
1730707200041,-2.18928e-05
1730710800069,-5.984e-07
1730714400074,1.17589e-05
1730718000019,1.25e-05
1730721600011,1.25e-05
1730725200012,1.25e-05
1730728800123,1.25e-05
1730732400064,1.25e-05
1730736000048,1.25e-05
1730739600123,1.25e-05
1730743200067,1.25e-05
1730746800082,1.25e-05
1730750400089,1.25e-05
1730754000087,1.25e-05
1730757600053,1.25e-05
1730761200044,6.6011e-06
1730764800100,-4.2055e-06
1730768400153,5.245e-07
1730772000092,3.5073e-06
1730775600067,1.25e-05
1730779200133,1.25e-05
1730782800056,1.25e-05
1730786400006,1.25e-05
1730790000070,1.25e-05
1730793600008,2.5923e-06
1730797200027,1.25e-05
1730800800027,1.25e-05
1730804400151,1.25e-05
1730808000023,1.25e-05
1730811600070,1.25e-05
1730815200019,1.25e-05
1730818800112,1.20643e-05
1730822400072,1.25e-05
1730826000010,1.25e-05
1730829600100,6.6585e-06
1730833200082,-4.8036e-06
1730836800050,1.1272e-06
1730840400042,-1.2069e-06
1730844000165,9.3564e-06
1730847600002,8.3739e-06
1730851200047,1.25e-05
1730854800026,1.25e-05
1730858400131,1.25e-05
1730862000139,1.25e-05
1730865600118,1.25e-05
1730869200013,1.25e-05
1730872800028,1.25e-05
1730876400058,1.25e-05
1730880000002,1.25e-05
1730883600096,1.25e-05
1730887200122,1.25e-05
1730890800051,1.25e-05
1730894400031,1.25e-05
1730898000028,1.25e-05
1730901600012,1.52621e-05
1730905200019,1.31018e-05
1730908800143,1.25e-05
1730912400057,1.25e-05
1730916000008,1.25e-05
1730919600059,1.25e-05
1730923200002,1.25e-05
1730926800128,1.25e-05
1730930400036,1.25e-05
1730934000076,1.48003e-05
1730937600186,1.77379e-05
1730941200104,1.25e-05
1730944800086,1.35082e-05
1730948400115,1.25e-05
1730952000030,1.25e-05
1730955600097,1.25e-05
1730959200080,1.25e-05
1730962800046,1.25e-05
1730966400164,1.25e-05
1730970000053,1.25e-05
1730973600085,1.25e-05
1730977200061,1.25e-05
1730980800152,1.25e-05
1730984400068,1.25e-05
1730988000034,1.25e-05
1730991600104,1.25e-05
1730995200065,1.25e-05
1730998800071,1.25e-05
1731002400023,1.25e-05
1731006000018,1.25e-05
1731009600180,1.25e-05
1731013200122,1.25e-05
1731016800107,1.25e-05
1731020400063,1.25e-05
1731024000003,1.25e-05
1731027600015,1.25e-05
1731031200080,1.25e-05
1731034800009,1.25e-05
1731038400051,1.25e-05
1731042000153,1.25e-05
1731045600159,1.25e-05
1731049200059,1.25e-05
1731052800020,1.25e-05
1731056400153,1.25e-05
1731060000061,1.25e-05
1731063600137,1.25e-05
1731067200095,1.25e-05
1731070800064,1.25e-05
1731074400128,1.25e-05
1731078000027,1.25e-05
1731081600093,1.57571e-05
1731085200014,1.25e-05
1731088800156,1.25e-05
1731092400015,2.10117e-05
1731096000150,1.25e-05
1731099600167,1.25e-05
1731103200091,1.25e-05
1731106800095,1.25e-05
1731110400013,1.25e-05
1731114000033,1.25e-05
1731117600124,1.25e-05
1731121200001,1.25e-05
1731124800106,1.25e-05
1731128400176,1.25e-05
1731132000047,1.25e-05
1731135600178,1.25e-05
1731139200024,1.25e-05
1731142800125,1.25e-05
1731146400057,1.25e-05
1731150000156,1.25e-05
1731153600011,1.25e-05
1731157200130,1.25e-05
1731160800089,1.25e-05
1731164400013,1.25e-05
1731168000030,1.25e-05
1731171600016,1.25e-05
1731175200173,1.25e-05
1731178800029,1.25e-05
1731182400030,1.25e-05
1731186000081,1.25e-05
1731189600026,1.25e-05
1731193200045,1.25e-05
1731196800144,2.69782e-05
1731200400118,1.59932e-05
1731204000114,1.25e-05
1731207600032,1.25e-05
1731211200030,1.89638e-05
1731214800062,1.74492e-05
1731218400161,3.24984e-05
1731222000061,4.97406e-05
1731225600083,5.28781e-05
1731229200031,1.56632e-05
1731232800075,1.74595e-05
1731236400039,1.85962e-05
1731240000118,2.24869e-05
1731243600134,4.58444e-05
1731247200040,3.76287e-05
1731250800126,7.14554e-05
1731254400114,6.18126e-05
1731258000083,5.74475e-05
1731261600159,4.13857e-05
1731265200028,3.90737e-05
1731268800085,3.69579e-05
1731272400161,4.28605e-05
1731276000004,1.25e-05
1731279600120,1.81702e-05
1731283200016,3.64427e-05
1731286800050,1.52169e-05
1731290400047,2.93194e-05
1731294000015,6.08205e-05
1731297600013,5.05227e-05
1731301200064,6.28275e-05
1731304800037,9.11526e-05
1731308400172,5.02713e-05
1731312000062,5.41754e-05
1731315600041,1.42236e-05
1731319200166,1.94313e-05
1731322800037,2.26619e-05
1731326400090,3.93107e-05
1731330000141,4.2366e-05
1731333600159,3.54347e-05
1731337200165,2.21184e-05
1731340800092,4.11199e-05
1731344400065,6.07348e-05
1731348000113,6.89051e-05
1731351600062,7.23133e-05
1731355200126,7.30332e-05
1731358800012,9.37609e-05
1731362400131,0.000137686
1731366000177,0.0001338279
1731369600043,0.0001653773
1731373200048,0.0001043784
1731376800115,0.0001260335
1731380400200,0.0001005686
1731384000094,9.90183e-05
1731387600000,0.0001071296
1731391200137,0.0001266798
1731394800129,0.000108646
1731398400182,9.38361e-05
1731402000131,6.57225e-05
1731405600076,8.73647e-05
1731409200165,7.43713e-05
1731412800057,9.00407e-05
1731416400034,8.64906e-05
1731420000059,9.16219e-05
1731423600191,0.0001106957
1731427200108,9.27331e-05
1731430800022,4.09457e-05
1731434400169,5.07922e-05
1731438000026,8.3566e-05
1731441600038,0.0001042638
1731445200042,0.0001216512
1731448800140,0.0001033538
1731452400039,0.0001174021
1731456000081,0.0001180693
1731459600001,4.49608e-05
1731463200007,1.25e-05
1731466800079,1.25e-05
1731470400079,3.14414e-05
1731474000120,7.40238e-05
1731477600038,6.32199e-05
1731481200053,3.81126e-05
1731484800166,1.25e-05
1731488400021,1.25e-05
1731492000041,3.90606e-05
1731495600158,4.75561e-05
1731499200145,4.8179e-05
1731502800088,4.79175e-05
1731506400166,7.17563e-05
1731510000038,8.50535e-05
1731513600164,0.000193917
1731517200022,0.0001275889
1731520800114,0.000166543
1731524400178,0.0001643425
1731528000043,0.000101602
1731531600187,6.32519e-05
1731535200090,6.24859e-05
1731538800032,6.32333e-05
1731542400152,8.20034e-05
1731546000003,5.81584e-05
1731549600025,5.59434e-05
1731553200187,7.54517e-05
1731556800090,8.08498e-05
1731560400175,0.0001169579
1731564000030,0.0001121043
1731567600089,0.000122489
1731571200153,0.000106104
1731574800120,7.6857e-05
1731578400033,8.3774e-05
1731582000194,9.81817e-05
1731585600052,7.60712e-05
1731589200150,7.51546e-05
1731592800106,5.72764e-05
1731596400198,3.02544e-05
1731600000149,3.09394e-05
1731603600015,5.33345e-05
1731607200167,9.18056e-05
1731610800031,0.0001034864
1731614400020,0.00011606
1731618000063,0.0001224774
1731621600140,1.25e-05
1731625200014,1.25e-05
1731628800067,6.64373e-05
1731632400013,4.51421e-05
1731636000161,7.27086e-05
1731639600169,7.29124e-05
1731643200075,7.45314e-05
1731646800138,4.5059e-05
1731650400106,3.85153e-05
1731654000188,3.49293e-05
1731657600058,2.55388e-05
1731661200099,1.25e-05
1731664800090,2.26124e-05
1731668400150,4.82641e-05
1731672000047,4.86268e-05
1731675600164,3.32973e-05
1731679200122,6.19425e-05
1731682800078,1.25e-05
1731686400035,1.25e-05
1731690000021,1.25e-05
1731693600183,1.25e-05
1731697200130,1.25e-05
1731700800017,1.30981e-05
1731704400044,3.15709e-05
1731708000129,1.25e-05
1731711600019,5.26961e-05
1731715200117,2.6014e-05
1731718800010,1.25e-05
1731722400018,1.25e-05
1731726000098,1.25e-05
1731729600151,1.84466e-05
1731733200147,4.33702e-05
1731736800088,6.23263e-05
1731740400010,0.0001195792
1731744000015,8.81941e-05
1731747600195,5.76446e-05
1731751200142,5.69314e-05
1731754800109,7.32564e-05
1731758400136,0.0001417576
1731762000122,8.80305e-05
1731765600095,6.10272e-05
1731769200023,0.0001242353
1731772800017,0.0001363796
1731776400011,8.72118e-05
1731780000153,6.77333e-05
1731783600012,7.89661e-05
1731787200011,7.67358e-05
1731790800089,1.25e-05
1731794400098,1.25e-05
1731798000057,1.25e-05
1731801600163,1.25e-05
1731805200138,1.25e-05
1731808800087,1.25e-05
1731812400025,1.25e-05
1731816000200,1.25e-05
1731819600019,1.25e-05
1731823200083,1.25e-05
1731826800034,1.25e-05
1731830400066,1.25e-05
1731834000079,1.25e-05
1731837600016,1.25e-05
1731841200144,1.25e-05
1731844800110,1.25e-05
1731848400017,1.25e-05
1731852000012,1.25e-05
1731855600107,2.07612e-05
1731859200002,1.88328e-05
1731862800049,1.67867e-05
1731866400029,4.31996e-05
1731870000015,4.39344e-05
1731873600006,5.41371e-05
1731877200092,3.57463e-05
1731880800080,2.00051e-05
1731884400124,1.25e-05
1731888000054,4.11921e-05
1731891600009,2.74634e-05
1731895200088,5.28378e-05
1731898800061,8.55701e-05
1731902400042,0.0001077311
1731906000042,0.000122992
1731909600088,0.0001471329
1731913200060,0.0001228802
1731916800147,0.0001626944
1731920400123,0.0001252254
1731924000126,7.6322e-05
1731927600036,5.30245e-05
1731931200187,5.27917e-05
1731934800049,3.5173e-05
1731938400135,3.18523e-05
1731942000016,7.0995e-05
1731945600006,0.0001189657
1731949200156,0.0001312137
1731952800036,0.0001079735
1731956400055,0.0001231725
1731960000028,5.92428e-05
1731963600180,6.52514e-05
1731967200037,0.0001121383
1731970800119,0.0001129573
1731974400045,9.84241e-05
1731978000068,8.0784e-05
1731981600052,9.16627e-05
1731985200012,8.90009e-05
1731988800130,0.000126895
1731992400036,0.0001161856
1731996000042,9.14529e-05
1731999600096,7.50472e-05
1732003200108,4.3538e-05
1732006800084,3.85393e-05
1732010400038,1.80711e-05
1732014000026,1.49901e-05
1732017600032,3.12926e-05
1732021200049,6.33808e-05
1732024800071,7.74214e-05
1732028400040,5.53128e-05
1732032000033,5.997e-05
1732035600037,6.63465e-05
1732039200049,7.1919e-05
1732042800141,0.0001099031
1732046400111,9.59235e-05
1732050000022,5.35625e-05
1732053600126,1.25e-05
1732057200137,1.25e-05
1732060800004,4.40703e-05
1732064400009,3.54847e-05
1732068000096,4.69457e-05
1732071600086,5.74722e-05
1732075200022,3.38272e-05
1732078800104,2.89662e-05
1732082400124,4.10396e-05
1732086000151,7.50592e-05
1732089600000,9.66615e-05
1732093200080,4.75976e-05
1732096800056,6.48937e-05
1732100400035,5.27176e-05
1732104000003,5.94678e-05
1732107600016,6.58443e-05
1732111200164,6.67324e-05
1732114800000,5.82652e-05
1732118400138,2.98323e-05
1732122000063,1.25e-05
1732125600107,1.25e-05
1732129200153,2.54567e-05
1732132800063,1.25e-05
1732136400002,4.22084e-05
1732140000154,5.14978e-05
1732143600044,8.28743e-05
1732147200158,7.46019e-05
1732150800103,1.25e-05
1732154400048,1.25e-05
1732158000000,1.25e-05
1732161600033,1.25e-05
1732165200029,1.25e-05
1732168800040,1.58376e-05
1732172400154,1.25e-05
1732176000026,1.25e-05
1732179600027,2.10457e-05
1732183200129,3.41076e-05
1732186800099,2.38751e-05
1732190400060,2.13139e-05
1732194000044,5.04737e-05
1732197600037,5.90338e-05
1732201200083,7.71877e-05
1732204800014,1.31225e-05
1732208400009,1.25e-05
1732212000036,4.8171e-05
1732215600017,0.0001297594
1732219200052,0.0001658509
1732222800010,0.0001595132
1732226400177,0.0001395075
1732230000147,0.0001078229
1732233600010,0.0001146814
1732237200038,0.0001109356
1732240800137,7.80406e-05
1732244400041,6.79993e-05
1732248000014,5.02381e-05
1732251600083,5.21817e-05
1732255200105,8.52717e-05
1732258800116,9.45919e-05
1732262400170,7.18819e-05
1732266000156,4.67244e-05
1732269600112,5.98442e-05
1732273200013,3.98935e-05
1732276800054,3.2161e-05
1732280400164,3.2231e-05
1732284000085,4.74123e-05
1732287600173,5.71344e-05
1732291200072,3.96968e-05
1732294800033,2.05526e-05
1732298400000,1.2576e-05
1732302000034,1.25e-05
1732305600003,1.25e-05
1732309200110,2.70638e-05
1732312800019,3.61544e-05
1732316400010,7.79421e-05
1732320000189,9.30981e-05
1732323600043,5.24193e-05
1732327200013,5.66489e-05
1732330800022,1.96703e-05
1732334400114,2.46065e-05
1732338000074,4.05892e-05
1732341600129,5.13044e-05
1732345200128,7.84027e-05
1732348800001,6.55206e-05
1732352400138,7.8742e-05
1732356000122,7.81694e-05
1732359600104,8.76669e-05
1732363200040,8.46242e-05
1732366800187,9.65275e-05
1732370400024,0.000123437
1732374000117,0.0001242651
1732377600053,0.0001310551
1732381200188,6.92245e-05
1732384800028,1.25e-05
1732388400122,1.25e-05
1732392000110,1.25e-05
1732395600117,1.25e-05
1732399200146,1.25e-05
1732402800057,1.25e-05
1732406400116,1.25e-05
1732410000034,1.25e-05
1732413600161,1.25e-05
1732417200183,1.25e-05
1732420800008,3.60407e-05
1732424400158,2.07476e-05
1732428000083,1.25e-05
1732431600034,1.25e-05
1732435200105,1.25e-05
1732438800028,1.25e-05
1732442400017,1.25e-05
1732446000086,2.08121e-05
1732449600009,1.25e-05
1732453200072,1.25e-05
1732456800139,2.3793e-05
1732460400016,6.04204e-05
1732464000029,4.77594e-05
1732467600143,2.92597e-05
1732471200007,2.47782e-05
1732474800055,5.13111e-05
1732478400079,7.09324e-05
1732482000086,7.12013e-05
1732485600075,7.18843e-05
1732489200006,4.84418e-05
1732492800027,2.98422e-05
1732496400099,4.68477e-05
1732500000014,5.44726e-05
1732503600170,4.46666e-05
1732507200109,5.82531e-05
1732510800059,6.9732e-05
1732514400056,4.05689e-05
1732518000032,4.07229e-05
1732521600041,7.90632e-05
1732525200196,5.54426e-05
1732528800059,9.12738e-05
1732532400033,9.92725e-05
1732536000032,4.8144e-05
1732539600094,5.0724e-05
1732543200005,1.25e-05
1732546800055,1.25e-05
1732550400024,-3.60532e-05
1732554000121,1.25e-05
1732557600003,1.25e-05
1732561200014,3.80013e-05
1732564800055,1.54695e-05
1732568400130,2.78874e-05
1732572000005,2.69399e-05
1732575600048,2.62262e-05
1732579200187,1.25e-05
1732582800170,2.66133e-05
1732586400032,4.9784e-05
1732590000144,6.99384e-05
1732593600091,1.25e-05
1732597200048,1.25e-05
1732600800178,1.25e-05
1732604400031,1.25e-05
1732608000020,4.30777e-05
1732611600051,5.21919e-05
1732615200096,4.85642e-05
1732618800155,6.26414e-05
1732622400023,1.25e-05
1732626000084,1.25e-05
1732629600008,1.25e-05
1732633200097,1.25e-05
1732636800010,1.25e-05
1732640400096,1.25e-05
1732644000005,1.25e-05
1732647600020,1.25e-05
1732651200022,1.25e-05
1732654800130,2.05736e-05
1732658400006,4.832e-05
1732662000075,6.92212e-05
1732665600045,0.0001155962
1732669200019,2.82837e-05
1732672800052,3.22731e-05
1732676400169,5.26164e-05
1732680000180,3.93743e-05
1732683600001,7.0977e-05
1732687200048,4.41657e-05
1732690800005,6.35259e-05
1732694400099,5.93715e-05
1732698000042,3.81048e-05
1732701600054,3.55874e-05
1732705200089,6.13933e-05
1732708800045,8.16236e-05
1732712400027,8.12267e-05
1732716000022,6.9133e-05
1732719600011,0.000137644
1732723200003,9.67438e-05
1732726800140,0.0001003911
1732730400016,0.0001024682
1732734000013,0.0001104151
1732737600024,0.0001318864
1732741200034,0.0001324642
1732744800132,0.0001138277
1732748400094,0.0001216227
1732752000045,8.63813e-05
1732755600086,7.3151e-05
1732759200129,8.46353e-05
1732762800107,9.14006e-05
1732766400055,5.90661e-05
1732770000010,8.75416e-05
1732773600005,9.50688e-05
1732777200027,0.0001080436
1732780800089,8.78402e-05
1732784400020,4.77531e-05
1732788000117,5.71328e-05
1732791600049,6.10731e-05
1732795200142,4.24948e-05
1732798800069,6.78043e-05
1732802400174,5.12788e-05
1732806000092,7.77632e-05
1732809600166,4.04413e-05
1732813200156,1.40727e-05
1732816800070,4.89318e-05
1732820400024,5.63736e-05
1732824000068,7.23334e-05
1732827600011,7.64891e-05
1732831200027,8.51465e-05
1732834800103,0.0001475133
1732838400189,0.0001392084
1732842000052,7.71549e-05
1732845600022,9.20161e-05
1732849200013,9.26994e-05
1732852800135,5.68968e-05
1732856400101,5.03897e-05
1732860000079,7.54804e-05
1732863600173,0.0001034027
1732867200316,0.0001482025
1732870800381,9.5021e-05
1732874400056,0.0001125004
1732878000186,9.32973e-05
1732881600088,8.6669e-05
1732885200072,6.69574e-05
1732888800050,9.92695e-05
1732892400000,0.0001241557
1732896000038,0.0001123393
1732899600097,8.64912e-05
1732903200144,3.13795e-05
1732906800046,3.21902e-05
1732910400100,6.32957e-05
1732914000069,0.0001002751
1732917600114,8.79377e-05
1732921200060,9.71846e-05
1732924800132,0.0001385778
1732928400050,6.34989e-05
1732932000175,1.25e-05
1732935600000,1.25e-05
1732939200168,1.25e-05
1732942800098,1.25e-05
1732946400013,1.25e-05
1732950000000,1.25e-05
1732953600130,1.25e-05
1732957200051,1.25e-05
1732960800033,1.99776e-05
1732964400004,2.80507e-05
1732968000046,1.25e-05
1732971600081,1.25e-05
1732975200023,1.75484e-05
1732978800055,3.65966e-05
1732982400033,1.25e-05
1732986000067,1.25e-05
1732989600086,1.25e-05
1732993200147,1.25e-05
1732996800011,1.25e-05
1733000400136,1.25e-05
1733004000017,1.25e-05
1733007600021,1.25e-05
1733011200042,4.71882e-05
1733014800019,5.42625e-05
1733018400039,3.58731e-05
1733022000000,1.87429e-05
1733025600030,4.56189e-05
1733029200057,4.65937e-05
1733032800028,2.86686e-05
1733036400022,1.25e-05
1733040000115,2.99768e-05
1733043600137,3.48633e-05
1733047200107,6.21056e-05
1733050800061,6.85143e-05
1733054400110,4.16429e-05
1733058000119,2.02776e-05
1733061600166,3.54642e-05
1733065200019,5.20014e-05
1733068800178,7.10169e-05
1733072400013,3.70668e-05
1733076000000,6.99611e-05
1733079600120,0.0001081741
1733083200096,9.95877e-05
1733086800019,6.98534e-05
1733090400136,4.79461e-05
1733094000017,4.3275e-05
1733097600064,9.95668e-05
1733101200065,9.48254e-05
1733104800134,8.59627e-05
1733108400140,1.82191e-05
1733112000109,1.25e-05
1733115600028,1.25e-05
1733119200085,1.25e-05
1733122800011,1.25e-05
1733126400162,1.25e-05
1733130000034,1.25e-05
1733133600120,1.25e-05
1733137200033,4.2108e-06
1733140800002,9.8754e-06
1733144400039,1.25e-05
1733148000161,1.25e-05
1733151600136,3.01098e-05
1733155200006,8.72525e-05
1733158800077,3.45878e-05
1733162400163,1.25e-05
1733166000017,7.5359e-06
1733169600142,-1.74063e-05
1733173200101,-2.115e-07
1733176800146,-9.1027e-06
1733180400034,-6.56208e-05
1733184000180,-1.21734e-05
1733187600131,1.25e-05
1733191200058,1.25e-05
1733194800112,1.25e-05
1733198400111,1.25e-05
1733202000024,1.25e-05
1733205600017,1.25e-05
1733209200133,1.25e-05
1733212800132,-3.74888e-05
1733216400123,-1.17149e-05
1733220000037,-4.56549e-05
1733223600089,7.5067e-06
1733227200179,1.25e-05
1733230800076,1.25e-05
1733234400109,1.25e-05
1733238000078,1.25e-05
1733241600091,1.25e-05
1733245200158,1.25e-05
1733248800000,1.25e-05
1733252400101,-1.81066e-05
1733256000016,1.11685e-05
1733259600010,1.25e-05
1733263200108,1.25e-05
1733266800145,1.25e-05
1733270400128,1.74329e-05
1733274000093,1.25e-05
1733277600173,1.25e-05
1733281200030,1.25e-05
1733284800119,1.25e-05
1733288400049,1.25e-05
1733292000009,1.25e-05
1733295600190,1.25e-05
1733299200123,1.25e-05
1733302800007,1.25e-05
1733306400004,1.25e-05
1733310000086,1.25e-05
1733313600064,1.25e-05
1733317200060,1.25e-05
1733320800104,1.25e-05
1733324400024,1.25e-05
1733328000192,1.25e-05
1733331600088,1.25e-05
1733335200197,5.43952e-05
1733338800023,3.0914e-05
1733342400024,7.07065e-05
1733346000064,3.76735e-05
1733349600094,2.42504e-05
1733353200039,3.6824e-05
1733356800043,6.41247e-05
1733360400021,4.35305e-05
1733364000019,3.23216e-05
1733367600018,7.52515e-05
1733371200017,0.0001559038
1733374800176,0.0001296828
1733378400188,0.0001580894
1733382000008,0.0001401679
1733385600120,0.0001602462
1733389200045,3.71012e-05
1733392800004,6.75563e-05
1733396400003,0.0001338077
1733400000042,0.0001086742
1733403600067,0.0001145964
1733407200099,0.0001046088
1733410800049,0.0001357076
1733414400097,0.0001291123
1733418000041,7.27571e-05
1733421600001,5.79018e-05
1733425200061,7.40495e-05
1733428800038,8.94631e-05
1733432400184,5.44676e-05
1733436000023,3.41422e-05
1733439600149,3.72607e-05
1733443200143,8.5041e-05
1733446800187,5.96506e-05
1733450400083,6.84881e-05
1733454000016,8.74253e-05
1733457600012,8.35624e-05
1733461200025,7.48393e-05
1733464800022,6.31944e-05
1733468400114,4.28657e-05
1733472000176,9.47192e-05
1733475600041,5.8475e-05
1733479200033,2.44256e-05
1733482800029,1.49843e-05
1733486400038,1.77459e-05
1733490000002,1.59604e-05
1733493600046,1.93048e-05
1733497200141,7.88652e-05
1733500800065,0.0001067707
1733504400122,9.3359e-05
1733508000062,8.02489e-05
1733511600093,0.0001077232
1733515200001,9.58758e-05
1733518800169,5.42212e-05
1733522400012,6.79754e-05
1733526000077,0.0001164932
1733529600117,0.0001390945
1733533200005,9.92878e-05
1733536800077,0.0001087346
1733540400005,9.33166e-05
1733544000047,8.22886e-05
1733547600108,9.34134e-05
1733551200082,8.93219e-05
1733554800073,6.57902e-05
1733558400112,7.22289e-05
1733562000190,4.81236e-05
1733565600041,5.93878e-05
1733569200049,6.39422e-05
1733572800039,7.1635e-05
1733576400037,8.17963e-05
1733580000015,0.0001002429
1733583600069,0.0001210044
1733587200078,0.0001628232
1733590800064,8.77365e-05
1733594400013,8.32761e-05
1733598000052,9.01904e-05
1733601600030,7.10494e-05
1733605200167,8.79832e-05
1733608800107,0.0001243042
1733612400072,0.0001243197
1733616000184,0.0001935816
1733619600181,0.0001299945
1733623200137,0.0001160209
1733626800135,0.0001164716
1733630400191,0.0001023528
1733634000026,8.91275e-05
1733637600009,3.70658e-05
1733641200165,5.48555e-05
1733644800080,7.5629e-05
1733648400072,2.76808e-05
1733652000150,1.76744e-05
1733655600005,1.58935e-05
1733659200024,3.58542e-05
1733662800071,6.38173e-05
1733666400005,5.83296e-05
1733670000009,4.17209e-05
1733673600032,2.3511e-05
1733677200004,5.97126e-05
1733680800078,7.4077e-05
1733684400008,8.38262e-05
1733688000044,2.4635e-05
1733691600016,1.25e-05
1733695200095,1.25e-05
1733698800022,1.25e-05
1733702400197,1.25e-05
1733706000025,1.25e-05
1733709600016,2.66086e-05
1733713200013,3.51873e-05
1733716800103,3.57242e-05
1733720400198,2.26777e-05
1733724000146,4.07405e-05
1733727600101,1.40843e-05
1733731200100,1.65788e-05
1733734800176,1.25e-05
1733738400052,1.25e-05
1733742000007,1.25e-05
1733745600009,1.25e-05
1733749200000,1.25e-05
1733752800014,1.25e-05
1733756400126,1.25e-05
1733760000113,1.25e-05
1733763600146,1.25e-05
1733767200000,1.25e-05
1733770800128,1.25e-05
1733774400064,1.25e-05
1733778000032,-2.64605e-05
1733781600074,-3.7666e-06
1733785200012,-5.039e-06
1733788800013,1.21992e-05
1733792400014,1.716e-06
1733796000013,-1.18841e-05
1733799600066,-2.23e-07
1733803200108,1.25e-05
1733806800113,1.25e-05
1733810400107,1.25e-05
1733814000027,1.25e-05
1733817600115,1.25e-05
1733821200036,1.25e-05
1733824800027,1.25e-05
1733828400145,1.25e-05
1733832000107,1.25e-05
1733835600179,1.25e-05
1733839200083,1.25e-05
1733842800055,3.24254e-05
1733846400157,1.25e-05
1733850000188,4.66617e-05
1733853600201,1.25e-05
1733857200191,5.02836e-05
1733860800011,6.74658e-05
1733864400102,0.0001272818
1733868000130,3.90035e-05
1733871600073,7.73434e-05
1733875200086,5.58985e-05
1733878800036,1.25e-05
1733882400011,2.99297e-05
1733886000069,6.30769e-05
1733889600039,4.99049e-05
1733893200032,3.65094e-05
1733896800021,2.83939e-05
1733900400003,4.83919e-05
1733904000007,4.07808e-05
1733907600128,4.61549e-05
1733911200108,7.46319e-05
1733914800000,8.63704e-05
1733918400193,7.60251e-05
1733922000031,6.04989e-05
1733925600003,0.0001073274
1733929200192,0.0001378974
1733932800151,0.0001189725
1733936400022,0.0001008964
1733940000038,0.0001058315
1733943600006,0.0001148215
1733947200089,0.0001086387
1733950800070,0.0001016679
1733954400004,7.87705e-05
1733958000152,0.0001027805
1733961600095,0.0001031586
1733965200011,3.67136e-05
1733968800142,1.25e-05
1733972400041,1.25e-05
1733976000070,1.41647e-05
1733979600090,6.27447e-05
1733983200187,5.89707e-05
1733986800040,2.62047e-05
1733990400130,2.31981e-05
1733994000031,2.38206e-05
1733997600113,1.33054e-05
1734001200012,1.25e-05
1734004800116,1.25e-05
1734008400186,1.42016e-05
1734012000153,5.98411e-05
1734015600002,4.69433e-05
1734019200005,5.87192e-05
1734022800130,0.0001710103
1734026400057,0.0001369696
1734030000002,0.0001343487
1734033600078,8.59032e-05
1734037200092,4.15462e-05
1734040800068,2.98617e-05
1734044400199,1.25e-05
1734048000007,1.25e-05
1734051600006,1.25e-05
1734055200142,1.25e-05
1734058800132,1.25e-05
1734062400122,1.25e-05
1734066000160,1.25e-05
1734069600174,1.25e-05
1734073200029,1.25e-05
1734076800029,1.25e-05
1734080400139,1.25e-05
1734084000090,1.25e-05
1734087600126,1.25e-05
1734091200121,1.25e-05
1734094800121,1.25e-05
1734098400156,2.67198e-05
1734102000115,8.9163e-05
1734105600002,6.91154e-05
1734109200046,1.25e-05
1734112800025,4.08575e-05
1734116400049,3.48292e-05
1734120000020,1.25e-05
1734123600110,1.25e-05
1734127200090,1.25e-05
1734130800117,1.25e-05
1734134400106,1.25e-05
1734138000050,1.25e-05
1734141600070,1.25e-05
1734145200014,1.25e-05
1734148800050,5.08236e-05
1734152400058,5.75688e-05
1734156000017,4.63316e-05
1734159600128,1.25e-05
1734163200018,1.25e-05
1734166800077,1.25e-05
1734170400045,1.25e-05
1734174000086,1.25e-05
1734177600067,1.25e-05
1734181200024,1.25e-05
1734184800138,1.25e-05
1734188400014,1.25e-05
1734192000145,1.25e-05
1734195600175,1.25e-05
1734199200080,1.25e-05
1734202800001,1.25e-05
1734206400132,1.25e-05
1734210000117,1.25e-05
1734213600120,1.25e-05
1734217200155,1.25e-05
1734220800140,1.25e-05
1734224400156,1.25e-05
1734228000137,1.25e-05
1734231600012,1.25e-05
1734235200045,1.25e-05
1734238800063,1.25e-05
1734242400037,5.10154e-05
1734246000190,2.80967e-05
1734249600001,1.25e-05
1734253200193,1.25e-05
1734256800095,1.25e-05
1734260400117,1.25e-05
1734264000054,1.25e-05
1734267600108,1.25e-05
1734271200120,3.51475e-05
1734274800039,3.0026e-05
1734278400054,3.3899e-05
1734282000043,3.43542e-05
1734285600004,5.46746e-05
1734289200034,3.80299e-05
1734292800007,3.09544e-05
1734296400025,1.52862e-05
1734300000004,1.25e-05
1734303600059,1.25e-05
1734307200057,6.95297e-05
1734310800062,0.0001175916
1734314400100,0.0001102277
1734318000020,9.89986e-05
1734321600126,6.16715e-05
1734325200134,1.25e-05
1734328800044,1.25e-05
1734332400124,1.25e-05
1734336000011,3.20612e-05
1734339600164,1.25e-05
1734343200129,1.25e-05
1734346800125,1.25e-05
1734350400065,1.25e-05
1734354000027,1.25e-05
1734357600037,1.25e-05
1734361200036,1.25e-05
1734364800030,5.1955e-05
1734368400128,0.0002215362
1734372000081,0.0002441979
1734375600179,0.0002586541
1734379200011,0.0001285877
1734382800139,0.0001075086
1734386400178,0.0001022455
1734390000141,0.0001044505
1734393600027,8.34301e-05
1734397200190,6.18261e-05
1734400800131,0.0001004204
1734404400052,0.0001059316
1734408000112,0.0001033538
1734411600073,7.14823e-05
1734415200042,0.0001186524
1734418800001,0.0001123119
1734422400199,8.68983e-05
1734426000041,9.29312e-05
1734429600030,9.98068e-05
1734433200059,0.0001150525
1734436800135,0.0001161453
1734440400089,7.10068e-05
1734444000008,7.76465e-05
1734447600051,6.30529e-05
1734451200107,4.78402e-05
1734454800005,8.71433e-05
1734458400001,8.72369e-05
1734462000091,0.0001069145
1734465600152,5.49444e-05
1734469200014,4.66783e-05
1734472800139,3.98717e-05
1734476400030,1.8977e-05
1734480000134,1.25e-05
1734483600017,1.25e-05
1734487200075,1.25e-05
1734490800024,1.25e-05
1734494400008,1.25e-05
1734498000033,1.25e-05
1734501600010,1.25e-05
1734505200190,1.25e-05
1734508800172,1.25e-05
1734512400153,1.25e-05
1734516000036,1.25e-05
1734519600017,1.25e-05
1734523200021,2.04426e-05
1734526800186,4.19072e-05
1734530400040,3.94635e-05
1734534000062,3.89468e-05
1734537600165,1.25e-05
1734541200133,1.25e-05
1734544800004,1.25e-05
1734548400131,1.25e-05
1734552000058,1.25e-05
1734555600061,1.25e-05
1734559200151,1.25e-05
1734562800109,7.5464e-06
1734566400138,1.25e-05
1734570000134,9.3378e-06
1734573600015,3.2959e-06
1734577200026,-9.8842e-06
1734580800134,1.25e-05
1734584400007,1.25e-05
1734588000108,1.89092e-05
1734591600189,2.88646e-05
1734595200086,2.59875e-05
1734598800006,1.25e-05
1734602400020,2.09919e-05
1734606000065,2.78225e-05
1734609600143,2.57606e-05
1734613200023,1.55002e-05
1734616800137,1.25e-05
1734620400141,1.25e-05
1734624000033,1.25e-05
1734627600004,1.25e-05
1734631200081,1.25e-05
1734634800069,1.25e-05
1734638400105,1.25e-05
1734642000149,1.25e-05
1734645600062,1.98787e-05
1734649200062,2.07626e-05
1734652800089,2.34612e-05
1734656400028,1.69408e-05
1734660000068,4.56322e-05
1734663600023,2.59461e-05
1734667200007,2.05807e-05
1734670800148,1.25e-05
1734674400043,1.25e-05
1734678000058,1.25e-05
1734681600050,1.25e-05
1734685200041,1.25e-05
1734688800015,1.25e-05
1734692400165,1.25e-05
1734696000134,1.25e-05
1734699600054,1.25e-05
1734703200157,1.25e-05
1734706800372,1.25e-05
1734710400071,1.25e-05
1734714000158,1.25e-05
1734717600175,1.25e-05
1734721200089,1.25e-05
1734724800076,2.31192e-05
1734728400218,3.3832e-05
1734732000090,1.72165e-05
1734735601106,4.89165e-05
1734739200176,5.10417e-05
1734742800125,2.50528e-05
1734746400025,4.39676e-05
1734750000461,2.8675e-05
1734753600463,1.25e-05
1734757200612,1.43572e-05
1734760800178,3.91707e-05
1734764400062,4.91589e-05
1734768000183,3.43716e-05
1734771600199,2.92288e-05
1734775200079,1.25e-05
1734778800083,1.25e-05
1734782400088,1.25e-05
1734786000065,1.25e-05
1734789600110,1.25e-05
1734793200221,1.25e-05
1734796800103,1.25e-05
1734800400106,1.25e-05
1734804000270,1.25e-05
1734807600136,1.25e-05
1734811200200,1.25e-05
1734814800065,1.25e-05
1734818400060,1.25e-05
1734822000098,1.25e-05
1734825600296,1.25e-05
1734829200167,1.25e-05
1734832800177,1.25e-05
1734836400496,1.25e-05
1734840000535,1.25e-05
1734843600183,1.25e-05
1734847200088,1.25e-05
1734850800001,1.25e-05
1734854400256,1.25e-05
1734858000151,1.25e-05
1734861600387,1.25e-05
1734865200259,1.25e-05
1734868800073,1.25e-05
1734872400009,1.25e-05
1734876000000,1.25e-05
1734879600080,1.25e-05
1734883200130,1.25e-05
1734886800087,1.25e-05
1734890400270,1.25e-05
1734894000174,1.25e-05
1734897600229,1.25e-05
1734901200173,9.6877e-06
1734904800014,1.25e-05
1734908400046,1.25e-05
1734912000211,1.25e-05
1734915600010,1.25e-05
1734919200090,1.25e-05
1734922800235,1.25e-05
1734926400204,1.25e-05
1734930000445,1.25e-05
1734933600146,1.25e-05
1734937200295,1.25e-05
1734940800718,1.25e-05
1734944400147,1.25e-05
1734948000047,1.25e-05
1734951600034,1.25e-05
1734955200188,1.25e-05
1734958800165,1.25e-05
1734962400151,1.25e-05
1734966000328,1.25e-05
1734969600214,-4.5526e-06
1734973200101,1.25e-05
1734976800092,1.1332e-05
1734980400305,9.2681e-06
1734984000315,1.25e-05
1734987600326,1.25e-05
1734991200121,1.25e-05
1734994800365,1.25e-05
1734998400623,1.25e-05
1735002000106,1.25e-05
1735005600109,1.25e-05
1735009200094,1.25e-05
1735012800136,1.25e-05
1735016400121,1.25e-05
1735020000016,1.25e-05
1735023600429,1.25e-05
1735027200112,1.25e-05
1735030800128,1.25e-05
1735034400082,1.25e-05
1735038000001,1.25e-05
1735041600173,1.25e-05
1735045200001,1.25e-05
1735048800034,1.25e-05
1735052400069,6.38181e-05
1735056000181,3.822e-05
1735059600249,3.74728e-05
1735063200085,3.64783e-05
1735066800177,7.50144e-05
1735070400113,7.04649e-05
1735074000590,1.25e-05
1735077600084,1.25e-05
1735081200123,1.25e-05
1735084800015,1.25e-05
1735088400601,1.25e-05
1735092000359,1.25e-05
1735095600132,1.25e-05
1735099200776,1.25e-05
1735102800076,1.25e-05
1735106400119,1.25e-05
1735110000298,1.25e-05
1735113600036,1.25e-05
1735117200563,1.25e-05
1735120800531,1.25e-05
1735124400119,1.25e-05
1735128000000,1.25e-05
1735131600040,1.25e-05
1735135200455,1.25e-05
1735138800061,1.25e-05
1735142400028,1.25e-05
1735146000169,1.25e-05
1735149600017,1.25e-05
1735153200113,1.25e-05
1735156800004,1.25e-05
1735160400585,1.25e-05
1735164000343,1.25e-05
1735167600007,1.25e-05
1735171200565,1.25e-05
1735174800080,1.25e-05
1735178400089,1.25e-05
1735182000693,1.25e-05
1735185600063,1.25e-05
1735189200573,1.25e-05
1735192800061,1.09871e-05
1735196400031,8.9661e-06
1735200000635,1.25e-05
1735203600103,1.25e-05
1735207200621,1.25e-05
1735210800108,1.25e-05
1735214400786,1.25e-05
1735218000746,-3.173e-05
1735221600153,-3.8747e-06
1735225200361,1.01323e-05
1735228800783,1.25e-05
1735232400262,1.25e-05
1735236000065,1.25e-05
1735239600024,1.25e-05
1735243200510,1.25e-05
1735246800015,1.25e-05
1735250400031,1.25e-05
1735254000101,1.25e-05
1735257600011,1.25e-05
1735261200074,1.25e-05
1735264800047,1.25e-05
1735268400640,1.25e-05
1735272000266,1.25e-05
1735275600123,1.25e-05
1735279200110,1.25e-05
1735282800104,1.25e-05
1735286400757,1.25e-05
1735290000104,1.25e-05
1735293600013,1.25e-05
1735297200522,1.25e-05
1735300800848,1.25e-05
1735304400549,1.25e-05
1735308000059,1.25e-05
1735311600047,1.25e-05
1735315200111,1.25e-05
1735318800120,1.25e-05
1735322400103,1.25e-05
1735326000038,1.25e-05
1735329600144,1.25e-05
1735333200111,1.25e-05
1735336800250,1.25e-05
1735340400044,1.25e-05
1735344000216,1.25e-05
1735347600296,1.25e-05
1735351200080,1.25e-05
1735354800079,1.25e-05
1735358400020,1.25e-05
1735362000248,1.25e-05
1735365600284,1.25e-05
1735369200034,1.25e-05
1735372800267,1.25e-05
1735376400206,1.25e-05
1735380000038,1.25e-05
1735383600431,1.25e-05
1735387200072,1.25e-05
1735390800328,1.25e-05
1735394400016,1.25e-05
1735398000073,1.25e-05
1735401600227,1.25e-05
1735405200101,1.25e-05
1735408800121,1.25e-05
1735412400042,1.25e-05
1735416000020,1.25e-05
1735419600343,1.25e-05
1735423200159,1.25e-05
1735426800457,1.25e-05
1735430400072,1.25e-05
1735434000123,1.25e-05
1735437600104,1.25e-05
1735441200333,1.25e-05
1735444800892,1.25e-05
1735448400034,1.25e-05
1735452000087,1.25e-05
1735455600850,1.25e-05
1735459200004,1.25e-05
1735462800035,1.25e-05
1735466400667,1.25e-05
1735470000960,1.25e-05
1735473600040,1.25e-05
1735477200387,1.25e-05
1735480800151,1.25e-05
1735484400351,1.25e-05
1735488000353,1.25e-05
1735491600405,1.25e-05
1735495200486,1.25e-05
1735498800024,1.25e-05
1735502400083,1.25e-05
1735506000766,1.25e-05
1735509601218,1.25e-05
1735513200026,1.25e-05
1735516800793,1.25e-05
1735520400380,1.25e-05
1735524000484,1.25e-05
1735527600109,1.25e-05
1735531200532,1.25e-05
1735534800438,1.25e-05
1735538400375,1.25e-05
1735542000542,1.25e-05
1735545600011,1.25e-05
1735549200333,1.25e-05
1735552800117,1.25e-05
1735556400112,1.25e-05
1735560000460,1.25e-05
1735563600327,1.25e-05
1735567200103,1.25e-05
1735570800010,1.25e-05
1735574400098,1.58988e-05
1735578000072,1.25e-05
1735581600885,1.25e-05
1735585200074,1.25e-05
1735588800039,1.25e-05
1735592400279,1.25e-05
1735596000101,1.25e-05
1735599600129,1.25e-05
1735603200090,1.25e-05
1735606800027,1.25e-05
1735610400310,1.25e-05
1735614000061,1.25e-05
1735617600028,1.25e-05
1735621200613,1.25e-05
1735624800861,1.25e-05
1735628400438,1.25e-05
1735632000107,1.25e-05
1735635600420,1.25e-05
1735639200116,1.25e-05
1735642800436,1.25e-05
1735646400100,1.25e-05
1735650000127,1.25e-05
1735653600001,1.25e-05
1735657200119,1.25e-05
1735660800034,1.25e-05
1735664400101,1.25e-05
1735668000088,1.25e-05
1735671600057,1.25e-05
1735675200076,1.25e-05
1735678800120,1.25e-05
1735682400002,1.25e-05
1735686000138,1.25e-05
1735689600054,1.25e-05
1735693200077,1.25e-05
1735696800072,1.25e-05
1735700400125,1.25e-05
1735704000070,1.25e-05
1735707600170,1.25e-05
1735711200066,1.25e-05
1735714800086,1.25e-05
1735718400132,1.25e-05
1735722000046,1.25e-05
1735725600089,1.25e-05
1735729200037,1.25e-05
1735732800109,1.25e-05
1735736400136,1.25e-05
1735740000197,1.25e-05
1735743600144,1.25e-05
1735747200147,1.25e-05
1735750800012,1.25e-05
1735754400038,1.25e-05
1735758000085,1.25e-05
1735761600055,1.25e-05
1735765200084,1.25e-05
1735768800022,1.25e-05
1735772400024,1.25e-05
1735776000035,1.25e-05
1735779600036,1.25e-05
1735783200113,1.25e-05
1735786800118,1.25e-05
1735790400032,1.25e-05
1735794000034,1.25e-05
1735797600034,1.25e-05
1735801200117,1.25e-05
1735804800072,1.25e-05
1735808400183,1.25e-05
1735812000103,1.25e-05
1735815600036,1.25e-05
1735819200001,1.25e-05
1735822800000,1.25e-05
1735826400005,1.25e-05
1735830000058,1.25e-05
1735833600187,1.25e-05
1735837200037,1.52027e-05
1735840800194,2.60592e-05
1735844400036,2.72774e-05
1735848000101,4.05828e-05
1735851600054,1.26823e-05
1735855200028,1.25e-05
1735858800038,1.25e-05
1735862400016,1.77339e-05
1735866000130,1.25e-05
1735869600124,1.25e-05
1735873200115,1.25e-05
1735876800045,5.90677e-05
1735880400012,2.57657e-05
1735884000188,1.25e-05
1735887600102,1.25e-05
1735891200031,1.25e-05
1735894800014,1.25e-05
1735898400053,1.25e-05
1735902000015,1.25e-05
1735905600016,1.25e-05
1735909200072,1.25e-05
1735912800035,1.25e-05
1735916400057,2.11656e-05
1735920000097,6.55615e-05
1735923600034,6.97493e-05
1735927200018,6.7006e-05
1735930800050,6.24313e-05
1735934400058,0.0001018269
1735938000099,4.07527e-05
1735941600061,2.47879e-05
1735945200013,3.41583e-05
1735948800067,2.90353e-05
1735952400033,2.02542e-05
1735956000072,1.25e-05
1735959600018,7.8764e-05
1735963200119,7.66328e-05
1735966800006,6.11201e-05
1735970400167,1.25e-05
1735974000098,4.46887e-05
1735977600019,3.31694e-05
1735981200117,1.25e-05
1735984800045,1.38744e-05
1735988400071,2.82947e-05
1735992000052,2.14091e-05
1735995600105,2.43996e-05
1735999200014,2.77497e-05
1736002800155,5.14497e-05
1736006400022,1.98969e-05
1736010000040,1.25e-05
1736013600079,1.25e-05
1736017200101,1.25e-05
1736020800100,1.25e-05
1736024400102,1.25e-05
1736028000010,1.25e-05
1736031600012,1.25e-05
1736035200051,1.25e-05
1736038800122,1.25e-05
1736042400117,1.25e-05
1736046000108,1.25e-05
1736049600097,1.25e-05
1736053200037,1.25e-05
1736056800110,1.25e-05
1736060400194,1.25e-05
1736064000181,1.25e-05
1736067600099,1.25e-05
1736071200095,1.25e-05
1736074800153,1.25e-05
1736078400156,1.25e-05
1736082000028,1.25e-05
1736085600012,1.25e-05
1736089200048,1.25e-05
1736092800155,1.25e-05
1736096400077,1.25e-05
1736100000079,1.41279e-05
1736103600168,1.49725e-05
1736107200074,1.97803e-05
1736110800003,1.90826e-05
1736114400035,1.25e-05
1736118000077,1.25e-05
1736121600051,2.59563e-05
1736125200060,1.25e-05
1736128800154,1.54758e-05
1736132400075,4.28555e-05
1736136000128,3.28118e-05
1736139600000,4.81019e-05
1736143200185,5.16418e-05
1736146800131,4.13169e-05
1736150400073,3.27365e-05
1736154000015,1.25e-05
1736157600054,1.25e-05
1736161200042,1.25e-05
1736164800111,1.25e-05
1736168400020,1.25e-05
1736172000121,1.25e-05
1736175600155,1.92659e-05
1736179200140,6.7759e-05
1736182800077,3.80718e-05
1736186400010,2.00505e-05
1736190000134,2.36575e-05
1736193600187,3.10545e-05
1736197200083,4.67467e-05
1736200800121,2.28626e-05
1736204400186,1.39148e-05
1736208000104,2.45492e-05
1736211600085,1.85343e-05
1736215200091,1.7064e-05
1736218800104,1.25e-05
1736222400070,1.25e-05
1736226000009,1.85798e-05
1736229600005,1.2971e-05
1736233200130,1.87085e-05
1736236800163,3.05626e-05
1736240400047,2.97872e-05
1736244000098,3.47192e-05
1736247600103,1.32428e-05
1736251200105,1.25e-05
1736254800183,1.25e-05
1736258400052,1.25e-05
1736262000015,1.25e-05
1736265600013,1.25e-05
1736269200051,1.25e-05
1736272800096,1.25e-05
1736276400188,1.25e-05
1736280000151,3.8837e-06
1736283600083,1.25e-05
1736287200149,1.25e-05
1736290800083,1.25e-05
1736294400045,1.25e-05
1736298000061,1.25e-05
1736301600024,1.25e-05
1736305200085,1.25e-05
1736308800082,1.25e-05
1736312400006,1.25e-05
1736316000126,1.25e-05
1736319600099,1.25e-05
1736323200057,1.25e-05
1736326800021,1.25e-05
1736330400130,1.25e-05
1736334000088,1.25e-05
1736337600297,1.25e-05
1736341200100,1.25e-05
1736344800141,1.25e-05
1736348400169,1.25e-05
1736352000035,1.25e-05
1736355600205,1.25e-05
1736359200096,1.25e-05
1736362800158,1.25e-05
1736366400033,1.90709e-05
1736370000050,4.64045e-05
1736373600082,7.55379e-05
1736377200059,0.0001606848
1736380800021,8.24535e-05
1736384400197,4.17538e-05
1736388000118,4.24539e-05
1736391600050,2.49416e-05
1736395200092,1.25e-05
1736398800009,1.25e-05
1736402400051,1.31593e-05
1736406000029,1.25e-05
1736409600091,1.25e-05
1736413200099,1.25e-05
1736416800050,1.25e-05
1736420400057,1.25e-05
1736424000149,1.25e-05
1736427600013,1.25e-05
1736431200198,1.25e-05
1736434800148,1.25e-05
1736438400015,1.25e-05
1736442000118,1.25e-05
1736445600005,1.25e-05
1736449200000,1.25e-05
1736452800045,1.25e-05
1736456400083,1.25e-05
1736460000003,1.25e-05
1736463600084,1.25e-05
1736467200033,1.25e-05
1736470800111,1.25e-05
1736474400183,1.25e-05
1736478000180,1.25e-05
1736481600031,1.25e-05
1736485200133,1.25e-05
1736488800018,1.25e-05
1736492400054,1.25e-05
1736496000107,1.25e-05
1736499600038,1.25e-05
1736503200050,1.25e-05
1736506800023,1.25e-05
1736510400022,1.25e-05
1736514000049,1.25e-05
1736517600033,1.25e-05
1736521200078,1.25e-05
1736524800097,1.25e-05
1736528400017,1.25e-05
1736532000112,1.25e-05
1736535600114,3.598e-05
1736539200153,1.25e-05
1736542800077,2.53612e-05
1736546400025,3.32431e-05
1736550000163,4.03238e-05
1736553600118,2.20219e-05
1736557200026,1.25e-05
1736560800017,1.25e-05
1736564400000,1.25e-05
1736568000085,1.25e-05
1736571600018,1.25e-05
1736575200132,1.25e-05
1736578800031,1.25e-05
1736582400034,1.25e-05
1736586000011,1.25e-05
1736589600001,1.25e-05
1736593200055,1.25e-05
1736596800173,3.88155e-05
1736600400099,3.73811e-05
1736604000166,2.33217e-05
1736607600179,2.19628e-05
1736611200177,1.28602e-05
1736614800100,1.57358e-05
1736618400069,4.09473e-05
1736622000007,3.85401e-05
1736625600013,2.29174e-05
1736629200011,4.63387e-05
1736632800145,0.000119011
1736636400184,4.15603e-05
1736640000194,1.98096e-05
1736643600014,1.83831e-05
1736647200018,1.96831e-05
1736650800019,3.05114e-05
1736654400003,1.71333e-05
1736658000022,1.59004e-05
1736661600078,1.25e-05
1736665200023,1.25e-05
1736668800041,1.25e-05
1736672400026,2.67405e-05
1736676000012,2.90993e-05
1736679600026,1.54639e-05
1736683200007,2.62263e-05
1736686800104,2.84018e-05
1736690400011,3.02224e-05
1736694000016,2.06129e-05
1736697600136,2.16294e-05
1736701200106,1.46738e-05
1736704800003,1.98798e-05
1736708400087,4.35285e-05
1736712000140,5.71096e-05
1736715600103,4.13539e-05
1736719200174,1.25e-05
1736722800046,1.25e-05
1736726400073,1.25e-05
1736730000151,1.25e-05
1736733600144,1.25e-05
1736737200003,1.25e-05
1736740800137,1.25e-05
1736744400131,1.25e-05
1736748000000,1.25e-05
1736751600083,1.25e-05
1736755200072,1.25e-05
1736758800160,1.25e-05
1736762400059,1.25e-05
1736766000062,1.25e-05
1736769600187,-9.26e-07
1736773200104,-2.25395e-05
1736776800076,1.25e-05
1736780400082,1.25e-05
1736784000194,2.97516e-05
1736787600514,1.25e-05
1736791200117,1.25e-05
1736794800016,1.25e-05
1736798400124,1.25e-05
1736802000069,1.25e-05
1736805600130,3.4296e-05
1736809200053,3.43351e-05
1736812800075,1.25e-05
1736816400141,1.93333e-05
1736820000115,4.95592e-05
1736823600069,4.52066e-05
1736827200028,3.02236e-05
1736830800021,2.52291e-05
1736834400128,1.41076e-05
1736838000034,1.25e-05
1736841600149,1.25e-05
1736845200182,1.25e-05
1736848800071,1.25e-05
1736852400081,2.02222e-05
1736856000083,1.25e-05
1736859600176,1.25e-05
1736863200133,1.25e-05
1736866800123,2.61002e-05
1736870400085,4.59517e-05
1736874000004,2.21539e-05
1736877600060,8.56107e-05
1736881200188,8.81998e-05
1736884800147,6.0817e-05
1736888400072,5.983e-05
1736892000111,4.8471e-05
1736895600071,4.24013e-05
1736899200012,5.22602e-05
1736902800003,2.83199e-05
1736906400002,6.44593e-05
1736910000147,5.80148e-05
1736913600198,2.02217e-05
1736917200111,1.25e-05
1736920800112,1.25e-05
1736924400054,1.25e-05
1736928000102,1.29956e-05
1736931600020,2.156e-05
1736935200107,1.64867e-05
1736938800047,2.7369e-05
1736942400029,1.25e-05
1736946000128,1.25e-05
1736949600061,1.25e-05
1736953200030,5.74828e-05
1736956800195,0.0001146016
1736960400135,6.29041e-05
1736964000124,6.20873e-05
1736967600005,8.26587e-05
1736971200115,3.08652e-05
1736974800087,1.25e-05
1736978400101,1.25e-05
1736982000026,2.92187e-05
1736985600186,7.16397e-05
1736989200030,2.94197e-05
1736992800006,3.43542e-05
1736996400167,1.25e-05
1737000000096,1.25e-05
1737003600016,1.25e-05
1737007200009,1.25e-05
1737010800070,1.25e-05
1737014400096,1.25e-05
1737018000037,1.25e-05
1737021600075,3.51794e-05
1737025200014,4.11574e-05
1737028800144,2.57734e-05
1737032400071,2.87642e-05
1737036000106,3.65011e-05
1737039600095,4.57075e-05
1737043200028,6.86227e-05
1737046800052,6.5681e-05
1737050400064,1.25e-05
1737054000114,2.08451e-05
1737057600020,0.0001104933
1737061200122,8.26607e-05
1737064800071,1.7727e-05
1737068400088,1.25e-05
1737072000048,1.25e-05
1737075600035,1.25e-05
1737079200000,1.25e-05
1737082800028,1.25e-05
1737086400153,1.25e-05
1737090000041,1.25e-05
1737093600034,1.25e-05
1737097200011,1.25e-05
1737100800050,1.25e-05
1737104400042,1.25e-05
1737108000056,1.25e-05
1737111600141,1.25e-05
1737115200077,1.25e-05
1737118800089,1.25e-05
1737122400047,1.25e-05
1737126000132,1.25e-05
1737129600005,1.25e-05
1737133200169,3.14728e-05
1737136800183,1.25e-05
1737140400116,1.25e-05
1737144000191,2.69026e-05
1737147600109,4.25846e-05
1737151200071,1.25e-05
1737154800010,1.25e-05
1737158400007,1.25e-05
1737162000151,1.25e-05
1737165600121,1.25e-05
1737169200118,1.25e-05
1737172800019,1.25e-05
1737176400183,1.25e-05
1737180000140,-2.8907e-05
1737183600030,1.25e-05
1737187200039,1.25e-05
1737190800066,1.25e-05
1737194400096,1.25e-05
1737198000039,1.25e-05
1737201600004,1.25e-05
1737205200088,1.25e-05
1737208800164,1.25e-05
1737212400005,1.25e-05
1737216000154,1.25e-05
1737219600012,1.25e-05
1737223200086,1.25e-05
1737226800195,1.25e-05
1737230400068,1.25e-05
1737234000103,1.25e-05
1737237600014,1.86886e-05
1737241200059,1.25e-05
1737244800142,4.20146e-05
1737248400105,1.25e-05
1737252000048,1.25e-05
1737255600008,5.65075e-05
1737259200008,1.25e-05
1737262800032,1.25e-05
1737266400076,1.25e-05
1737270000102,1.25e-05
1737273600077,1.25e-05
1737277200040,1.25e-05
1737280800065,1.25e-05
1737284400074,1.25e-05
1737288000085,1.25e-05
1737291600005,1.25e-05
1737295200078,1.25e-05
1737298800079,1.25e-05
1737302400026,1.25e-05
1737306000047,1.25e-05
1737309600130,1.25e-05
1737313200101,1.25e-05
1737316800113,1.25e-05
1737320400051,1.25e-05
1737324000094,1.25e-05
1737327600074,1.25e-05
1737331200006,-1.64761e-05
1737334800184,-7.7774e-06
1737338400106,1.25e-05
1737342000009,1.25e-05
1737345600039,1.25e-05
1737349200014,1.25e-05
1737352800215,1.25e-05
1737356400016,1.25e-05
1737360000003,0.0001229329
1737363600044,7.7044e-05
1737367200018,7.53904e-05
1737370800004,0.0002119308
1737374400105,0.0001738462
1737378000143,0.0001376324
1737381600006,9.84918e-05
1737385200010,0.0001163762
1737388800025,0.0001168552
1737392400031,7.55771e-05
1737396000018,1.25e-05
1737399600012,1.25e-05
1737403200043,4.14083e-05
1737406800077,7.59755e-05
1737410400023,3.89685e-05
1737414000023,3.7107e-05
1737417600010,5.99977e-05
1737421200089,1.25e-05
1737424800002,1.25e-05
1737428400107,1.25e-05
1737432000050,4.16357e-05
1737435600037,1.25e-05
1737439200179,1.25e-05
1737442800020,1.25e-05
1737446400134,4.43196e-05
1737450000134,1.25e-05
1737453600001,1.25e-05
1737457200112,2.33252e-05
1737460800081,3.43418e-05
1737464400042,4.32117e-05
1737468000024,3.97344e-05
1737471600028,4.43693e-05
1737475200106,3.66134e-05
1737478800061,5.87598e-05
1737482400024,9.38591e-05
1737486000042,0.0001574616
1737489600021,8.09988e-05
1737493200005,7.4007e-05
1737496800145,6.31054e-05
1737500400025,5.61401e-05
1737504000037,4.33068e-05
1737507600004,7.92037e-05
1737511200100,7.98998e-05
1737514800028,7.01709e-05
1737518400007,6.58016e-05
1737522000159,6.59275e-05
1737525600069,7.20138e-05
1737529200065,6.34695e-05
1737532800041,6.54109e-05
1737536400006,5.50648e-05
1737540000034,5.91905e-05
1737543600105,1.25e-05
1737547200036,1.48976e-05
1737550800038,1.25e-05
1737554400041,1.6007e-05
1737558000065,1.25e-05
1737561600147,1.25e-05
1737565200065,1.25e-05
1737568800070,1.25e-05
1737572400056,1.25e-05
1737576000072,1.25e-05
1737579600060,3.20983e-05
1737583200103,1.25e-05
1737586800074,1.97899e-05
1737590400080,1.25e-05
1737594000020,1.25e-05
1737597600043,1.25e-05
1737601200149,1.25e-05
1737604800035,1.25e-05
1737608400035,1.25e-05
1737612000068,1.25e-05
1737615600049,1.25e-05
1737619200161,1.25e-05
1737622800127,1.25e-05
1737626400008,1.25e-05
1737630000036,1.25e-05
1737633600007,1.25e-05
1737637200045,1.25e-05
1737640800036,1.25e-05
1737644400065,1.25e-05
1737648000035,1.25e-05
1737651600094,1.25e-05
1737655200145,1.25e-05
1737658800074,1.25e-05
1737662400101,1.25e-05
1737666000131,1.25e-05
1737669600040,1.25e-05
1737673200069,1.25e-05
1737676800067,1.25e-05
1737680400101,1.25e-05
1737684000069,1.25e-05
1737687600156,1.25e-05
1737691200024,1.25e-05
1737694800116,1.25e-05
1737698400049,1.25e-05
1737702000152,1.25e-05
1737705600090,1.25e-05
1737709200014,1.31167e-05
1737712800027,1.25e-05
1737716400122,1.25e-05
1737720000069,1.25e-05
1737723600047,1.25e-05
1737727200170,1.98773e-05
1737730800035,2.90259e-05
1737734400055,1.25e-05
1737738000026,1.25e-05
1737741600180,1.25e-05
1737745200051,1.25e-05
1737748800041,1.25e-05
1737752400042,1.25e-05
1737756000068,1.25e-05
1737759600006,1.25e-05
1737763200067,1.25e-05
1737766800079,1.25e-05
1737770400082,1.25e-05
1737774000121,1.25e-05
1737777600092,1.25e-05
1737781200054,1.25e-05
1737784800055,1.25e-05
1737788400187,1.25e-05
1737792000085,1.25e-05
1737795600006,1.25e-05
1737799200004,1.25e-05
1737802800178,1.25e-05
1737806400055,1.25e-05
1737810000018,1.25e-05
1737813600025,1.25e-05
1737817200077,1.25e-05
1737820800123,1.25e-05
1737824400019,3.47241e-05
1737828000019,2.32627e-05
1737831600012,2.3463e-05
1737835200020,2.16072e-05
1737838800050,2.11652e-05
1737842400084,2.41459e-05
1737846000013,2.93696e-05
1737849600049,1.25e-05
1737853200070,1.25e-05
1737856800092,1.25e-05
1737860400009,1.25e-05
1737864000073,1.25e-05
1737867600031,1.25e-05
1737871200010,2.9575e-05
1737874800006,2.88069e-05
1737878400013,1.53986e-05
1737882000058,1.85481e-05
1737885600049,1.25e-05
1737889200045,1.25e-05
1737892800037,1.25e-05
1737896400001,1.25e-05
1737900000063,1.25e-05
1737903600007,1.25e-05
1737907200022,1.25e-05
1737910800047,1.25e-05
1737914400064,1.25e-05
1737918000128,1.25e-05
1737921600027,3.6299e-05
1737925200127,4.13931e-05
1737928800038,1.51512e-05
1737932400004,1.25e-05
1737936000096,1.25e-05
1737939600002,1.25e-05
1737943200014,1.25e-05
1737946800039,1.25e-05
1737950400034,1.25e-05
1737954000026,1.25e-05
1737957600085,-1.7422e-05
1737961200113,-3.27943e-05
1737964800096,-4.17642e-05
1737968400068,1.25e-05
1737972000009,1.23817e-05
1737975600036,-5.7741e-06
1737979200167,1.25e-05
1737982800052,1.8561e-06
1737986400084,-1.70846e-05
1737990000046,-9.8858e-06
1737993600043,1.25e-05
1737997200007,1.25e-05
1738000800065,1.25e-05
1738004400066,1.25e-05
1738008000063,1.25e-05
1738011600049,1.25e-05
1738015200044,1.25e-05
1738018800014,1.25e-05
1738022400068,1.25e-05
1738026000099,1.25e-05
1738029600005,1.25e-05
1738033200051,1.25e-05
1738036800067,1.25e-05
1738040400027,2.23037e-05
1738044000104,2.14198e-05
1738047600002,1.25e-05
1738051200084,1.25e-05
1738054800021,1.25e-05
1738058400111,1.25e-05
1738062000117,1.25e-05
1738065600058,1.25e-05
1738069200027,2.25239e-05
1738072800085,1.25e-05
1738076400042,1.25e-05
1738080000030,1.25e-05
1738083600049,1.25e-05
1738087200022,1.25e-05
1738090800074,1.25e-05
1738094400042,1.25e-05
1738098000036,1.25e-05
1738101600019,1.25e-05
1738105200209,1.25e-05
1738108800065,-1.75148e-05
1738112400006,7.8202e-06
1738116000056,1.6895e-06
1738119600004,1.25e-05
1738123200012,1.25e-05
1738126800032,1.25e-05
1738130400173,1.25e-05
1738134000098,1.25e-05
1738137600194,1.25e-05
1738141200170,1.25e-05
1738144800059,1.25e-05
1738148400023,1.25e-05
1738152000054,1.25e-05
1738155600034,1.25e-05
1738159200113,1.25e-05
1738162800052,1.25e-05
1738166400047,1.25e-05
1738170000041,1.25e-05
1738173600041,1.25e-05
1738177200009,1.25e-05
1738180800019,1.25e-05
1738184400052,1.25e-05
1738188000014,1.25e-05
1738191600001,1.25e-05
1738195200017,1.25e-05
1738198800001,1.25e-05
1738202400144,1.25e-05
1738206000065,1.25e-05
1738209600087,2.65731e-05
1738213200110,4.14186e-05
1738216800062,4.15492e-05
1738220400031,3.92049e-05
1738224000040,1.25e-05
1738227600060,1.25e-05
1738231200051,1.25e-05
1738234800057,1.25e-05
1738238400053,1.25e-05
1738242000012,1.25e-05
1738245600000,1.25e-05
1738249200128,1.25e-05
1738252800140,1.25e-05
1738256400074,1.25e-05
1738260000242,1.25e-05
1738263600001,1.25e-05
1738267200164,1.25e-05
1738270800058,1.25e-05
1738274400033,1.25e-05
1738278000060,1.25e-05
1738281600035,1.25e-05
1738285200024,1.25e-05
1738288800006,1.25e-05
1738292400040,1.25e-05
1738296000029,1.25e-05
1738299600015,1.25e-05
1738303200064,1.25e-05
1738306800005,1.25e-05
1738310400005,1.25e-05
1738314000081,1.25e-05
1738317600000,1.25e-05
1738321200004,1.25e-05
1738324800042,1.25e-05
1738328400085,1.25e-05
1738332000033,1.25e-05
1738335600053,1.25e-05
1738339200096,1.25e-05
1738342800118,1.25e-05
1738346400195,1.25e-05
1738350000012,1.25e-05
1738353600009,1.25e-05
1738357200073,1.25e-05
1738360800082,1.25e-05
1738364400000,1.25e-05
1738368000026,1.25e-05
1738371600064,1.25e-05
1738375200085,1.25e-05
1738378800076,1.25e-05
1738382400013,1.25e-05
1738386000078,1.25e-05
1738389600093,1.25e-05
1738393200166,1.25e-05
1738396800046,1.25e-05
1738400400157,1.25e-05
1738404000009,1.25e-05
1738407600043,1.25e-05
1738411200101,6.9237e-06
1738414800010,5.6126e-06
1738418400011,1.25e-05
1738422000124,1.4991e-06
1738425600196,-1.4767e-06
1738429200041,1.25e-05
1738432800083,1.25e-05
1738436400008,1.25e-05
1738440000027,2.9962e-06
1738443600041,-3.7351e-06
1738447200078,6.4769e-06
1738450800138,-1.25689e-05
1738454400188,-4.73005e-05
1738458000075,1.77e-08
1738461600181,8.8798e-06
1738465200104,-3.8242e-06
1738468800006,5.7042e-06
1738472400025,1.25e-05
1738476000030,1.25e-05
1738479600106,1.25e-05
1738483200018,1.25e-05
1738486800062,1.25e-05
1738490400079,1.25e-05
1738494000006,1.25e-05
1738497600187,5.855e-06
1738501200045,-2.22e-08
1738504800026,1.24405e-05
1738508400044,1.25e-05
1738512000012,1.25e-05
1738515600164,4.9317e-06
1738519200047,4.9289e-06
1738522800079,1.25e-05
1738526400244,1.25e-05
1738530000054,1.25e-05
1738533600157,1.25e-05
1738537200081,1.25e-05
1738540800021,1.25e-05
1738544400171,1.25e-05
1738548000015,1.25e-05
1738551600083,1.25e-05
1738555200169,1.25e-05
1738558800032,1.25e-05
1738562400038,1.25e-05
1738566000159,1.25e-05
1738569600169,1.25e-05
1738573200090,1.25e-05
1738576800008,1.25e-05
1738580400055,1.25e-05
1738584000014,1.25e-05
1738587600091,1.25e-05
1738591200024,1.12653e-05
1738594800082,1.25e-05
1738598400068,1.25e-05
1738602000026,1.25e-05
1738605600048,1.25e-05
1738609200109,1.25e-05
1738612800037,1.25e-05
1738616400067,1.25e-05
1738620000047,1.25e-05
1738623600086,1.25e-05
1738627200170,1.25e-05
1738630800104,1.25e-05
1738634400075,1.25e-05
1738638000165,1.25e-05
1738641600085,1.25e-05
1738645200080,1.25e-05
1738648800109,1.25e-05
1738652400060,1.25e-05
1738656000031,1.25e-05
1738659600070,1.25e-05
1738663200033,1.25e-05
1738666800055,1.25e-05
1738670400088,1.25e-05
1738674000100,1.25e-05
1738677600246,1.25e-05
1738681200040,1.25e-05
1738684800059,1.25e-05
1738688400063,1.25e-05
1738692000076,1.25e-05
1738695600074,1.25e-05
1738699200087,1.25e-05
1738702800005,1.25e-05
1738706400113,1.25e-05
1738710000060,1.25e-05
1738713600003,1.25e-05
1738717200029,1.25e-05
1738720800000,1.25e-05
1738724400035,1.25e-05
1738728000032,1.25e-05
1738731600103,1.25e-05
1738735200097,1.25e-05
1738738800021,1.25e-05
1738742400079,1.25e-05
1738746000067,1.25e-05
1738749600129,1.25e-05
1738753200107,1.25e-05
1738756800048,1.25e-05
1738760400015,1.25e-05
1738764000025,1.25e-05
1738767600152,7.3374e-06
1738771200083,8.9156e-06
1738774800122,4.5679e-06
1738778400063,1.25e-05
1738782000017,8.9562e-06
1738785600089,1.24414e-05
1738789200060,8.2213e-06
1738792800004,1.0673e-05
1738796400195,1.25e-05
1738800000090,1.25e-05
1738803600072,1.25e-05
1738807200065,1.25e-05
1738810800074,1.25e-05
1738814400004,1.25e-05
1738818000049,1.25e-05
1738821600052,1.25e-05
1738825200160,1.25e-05
1738828800075,1.25e-05
1738832400045,1.25e-05
1738836000070,1.25e-05
1738839600072,1.25e-05
1738843200057,1.25e-05
1738846800025,1.25e-05
1738850400048,1.25e-05
1738854000007,1.25e-05
1738857600038,1.25e-05
1738861200010,1.25e-05
1738864800075,1.25e-05
1738868400001,1.25e-05
1738872000074,6.9485e-06
1738875600030,1.03403e-05
1738879200045,1.25e-05
1738882800038,9.1842e-06
1738886400068,7.8145e-06
1738890000079,1.25e-05
1738893600030,1.06987e-05
1738897200041,1.25e-05
1738900800030,-1.07263e-05
1738904400124,1.25e-05
1738908000151,1.25e-05
1738911600009,5.659e-06
1738915200098,1.25e-05
1738918800008,1.25e-05
1738922400090,1.25e-05
1738926000129,1.25e-05
1738929600025,1.25e-05
1738933200113,1.25e-05
1738936800035,1.25e-05
1738940400049,1.25e-05
1738944000015,1.25e-05
1738947600106,1.25e-05
1738951200016,1.25e-05
1738954800005,1.25e-05
1738958400065,1.25e-05
1738962000062,1.25e-05
1738965600078,1.25e-05
1738969200096,-9.6384e-06
1738972800061,1.25e-05
1738976400270,1.25e-05
1738980000081,1.25e-05
1738983600085,1.1908e-05
1738987200068,1.25e-05
1738990800066,1.25e-05
1738994400016,5.1581e-06
1738998000167,-3.1671e-06
1739001600073,4.6882e-06
1739005200063,6.1068e-06
1739008800010,-5.1619e-06
1739012400037,1.14377e-05
1739016000097,1.25e-05
1739019600054,7.6031e-06
1739023200123,1.25e-05
1739026800175,1.25e-05
1739030400027,1.25e-05
1739034000013,1.25e-05
1739037600027,1.25e-05
1739041200041,1.25e-05
1739044800130,1.25e-05
1739048400089,1.25e-05
1739052000032,1.25e-05
1739055600038,1.25e-05
1739059200027,1.25e-05
1739062800059,1.25e-05
1739066400063,1.25e-05
1739070000004,1.25e-05
1739073600125,1.25e-05
1739077200016,1.25e-05
1739080800042,1.25e-05
1739084400093,1.25e-05
1739088000096,1.25e-05
1739091600053,1.25e-05
1739095200009,1.25e-05
1739098800049,1.25e-05
1739102400016,1.25e-05
1739106000027,1.25e-05
1739109600041,1.25e-05
1739113200018,1.25e-05
1739116800041,1.25e-05
1739120400072,1.25e-05
1739124000046,1.25e-05
1739127600019,1.25e-05
1739131200172,1.25e-05
1739134800024,1.25e-05
1739138400040,1.25e-05
1739142000039,1.25e-05
1739145600080,1.25e-05
1739149200072,1.25e-05
1739152800014,1.25e-05
1739156400011,9.2847e-06
1739160000099,1.25e-05
1739163600052,1.25e-05
1739167200048,1.25e-05
1739170800061,1.25e-05
1739174400078,1.25e-05
1739178000043,1.25e-05
1739181600022,1.25e-05
1739185200015,1.25e-05
1739188800010,1.25e-05
1739192400063,1.25e-05
1739196000046,1.25e-05
1739199600051,1.25e-05
1739203200010,1.25e-05
1739206800040,1.25e-05
1739210400009,1.25e-05
1739214000106,1.25e-05
1739217600018,1.25e-05
1739221200008,1.25e-05
1739224800068,1.25e-05
1739228400090,1.25e-05
1739232000034,1.25e-05
1739235600057,1.25e-05
1739239200033,1.25e-05
1739242800083,1.25e-05
1739246400004,1.25e-05
1739250000064,1.25e-05
1739253600030,1.57577e-05
1739257200031,1.25e-05
1739260800197,1.25e-05
1739264400001,1.25e-05
1739268000093,1.25e-05
1739271600025,1.25e-05
1739275200028,1.25e-05
1739278800140,1.25e-05
1739282400065,1.25e-05
1739286000039,1.25e-05
1739289600035,1.25e-05
1739293200025,1.25e-05
1739296800142,1.25e-05
1739300400040,1.25e-05
1739304000012,1.25e-05
1739307600058,1.25e-05
1739311200091,1.25e-05
1739314800017,1.25e-05
1739318400058,1.25e-05
1739322000080,1.25e-05
1739325600079,1.25e-05
1739329200082,1.25e-05
1739332800048,3.9646e-06
1739336400105,1.25e-05
1739340000102,1.25e-05
1739343600002,1.25e-05
1739347200047,1.25e-05
1739350800185,1.25e-05
1739354400044,1.25e-05
1739358000017,1.25e-05
1739361600046,1.25e-05
1739365200018,1.25e-05
1739368800067,1.25e-05
1739372400134,-3.3001e-06
1739376000013,1.17113e-05
1739379600103,1.25e-05
1739383200093,1.25e-05
1739386800226,9.3295e-06
1739390400093,1.25e-05
1739394000045,1.25e-05
1739397600030,1.25e-05
1739401200100,1.25e-05
1739404800081,1.25e-05
1739408400043,1.25e-05
1739412000027,1.25e-05
1739415600110,1.25e-05
1739419200076,1.25e-05
1739422800017,1.25e-05
1739426400037,1.25e-05
1739430000047,1.25e-05
1739433600015,1.25e-05
1739437200027,1.25e-05
1739440800004,1.25e-05
1739444400029,1.25e-05
1739448000004,1.25e-05
1739451600036,1.25e-05
1739455200067,1.25e-05
1739458800042,1.25e-05
1739462400027,1.25e-05
1739466000053,1.25e-05
1739469600030,1.25e-05
1739473200001,1.25e-05
1739476800110,1.25e-05
1739480400048,1.25e-05
1739484000009,1.25e-05
1739487600052,1.25e-05
1739491200060,1.25e-05
1739494800023,1.25e-05
1739498400000,1.25e-05
1739502000005,1.25e-05
1739505600118,1.25e-05
1739509200035,1.25e-05
1739512800005,1.25e-05
1739516400016,1.25e-05
1739520000092,1.25e-05
1739523600077,1.25e-05
1739527200051,1.25e-05
1739530800062,1.25e-05
1739534400017,1.25e-05
1739538000060,1.25e-05
1739541600058,1.25e-05
1739545200009,1.25e-05
1739548800020,1.25e-05
1739552400101,1.25e-05
1739556000014,1.25e-05
1739559600019,1.25e-05
1739563200004,1.25e-05
1739566800153,1.25e-05
1739570400106,1.25e-05
1739574000033,1.25e-05
1739577600062,1.25e-05
1739581200096,1.25e-05
1739584800092,1.25e-05
1739588400035,1.25e-05
1739592000013,1.25e-05
1739595600019,1.25e-05
1739599200027,1.25e-05
1739602800050,1.25e-05
1739606400020,1.25e-05
1739610000047,1.25e-05
1739613600034,1.25e-05
1739617200004,1.25e-05
1739620800030,1.25e-05
1739624400004,1.25e-05
1739628000121,1.25e-05
1739631600055,1.25e-05
1739635200163,1.25e-05
1739638800094,1.25e-05
1739642400096,1.25e-05
1739646000069,1.25e-05
1739649600157,1.25e-05
1739653200019,1.25e-05
1739656800087,1.25e-05
1739660400059,1.25e-05
1739664000082,1.25e-05
1739667600042,1.25e-05
1739671200022,1.25e-05
1739674800078,1.25e-05
1739678400034,1.25e-05
1739682000007,1.25e-05
1739685600060,1.25e-05
1739689200059,1.25e-05
1739692800039,1.25e-05
1739696400088,1.25e-05
1739700000086,1.25e-05
1739703600074,1.25e-05
1739707200100,1.25e-05
1739710800081,1.25e-05
1739714400126,1.25e-05
1739718000014,1.25e-05
1739721600015,1.25e-05
1739725200118,6.7084e-06
1739728800016,1.12475e-05
1739732400038,1.25e-05
1739736000053,1.25e-05
1739739600022,1.25e-05
1739743200096,1.25e-05
1739746800044,1.25e-05
1739750400038,1.25e-05
1739754000055,1.25e-05
1739757600015,1.25e-05
1739761200008,1.25e-05
1739764800050,3.0933e-06
1739768400038,4.5995e-06
1739772000001,1.00473e-05
1739775600006,1.25e-05
1739779200051,8.0337e-06
1739782800096,1.25e-05
1739786400007,1.25e-05
1739790000061,1.25e-05
1739793600035,3.3317e-06
1739797200000,1.04778e-05
1739800800089,1.25e-05
1739804400038,8.7291e-06
1739808000048,1.25e-05
1739811600106,1.25e-05
1739815200032,1.25e-05
1739818800022,1.25e-05
1739822400053,1.25e-05
1739826000018,1.25e-05
1739829600005,7.5132e-06
1739833200000,7.4196e-06
1739836800098,3.022e-06
1739840400003,1.25e-05
1739844000045,1.25e-05
1739847600019,1.25e-05
1739851200028,1.25e-05
1739854800155,1.25e-05
1739858400002,-7.8797e-06
1739862000046,-1.01407e-05
1739865600021,1.25e-05
1739869200048,1.25e-05
1739872800064,1.25e-05
1739876400091,-3.116e-07
1739880000026,-2.8691e-06
1739883600036,3.9497e-06
1739887200110,3.6961e-06
1739890800023,1.25e-05
1739894400092,1.00124e-05
1739898000029,-5.6921e-06
1739901600043,1.8934e-06
1739905200031,1.25e-05
1739908800084,4.9259e-06
1739912400014,1.25e-05
1739916000019,1.25e-05
1739919600130,1.25e-05
1739923200076,1.25e-05
1739926800048,1.25e-05
1739930400048,1.25e-05
1739934000021,1.25e-05
1739937600025,1.25e-05
1739941200018,1.25e-05
1739944800012,1.25e-05
1739948400050,1.25e-05
1739952000022,1.25e-05
1739955600091,1.25e-05
1739959200091,1.25e-05
1739962800035,1.25e-05
1739966400109,1.25e-05
1739970000006,1.25e-05
1739973600042,1.25e-05
1739977200101,1.25e-05
1739980800051,1.25e-05
1739984400091,1.25e-05
1739988000018,1.25e-05
1739991600072,1.25e-05
1739995200051,1.25e-05
1739998800014,1.25e-05
1740002400043,1.25e-05
1740006000018,1.25e-05
1740009600055,1.25e-05
1740013200132,1.25e-05
1740016800042,1.25e-05
1740020400070,1.25e-05
1740024000031,1.25e-05
1740027600037,1.25e-05
1740031200054,1.25e-05
1740034800111,1.25e-05
1740038400010,1.25e-05
1740042000027,1.25e-05
1740045600063,1.25e-05
1740049200004,1.25e-05
1740052800109,1.25e-05
1740056400140,1.25e-05
1740060000075,1.25e-05
1740063600003,1.25e-05
1740067200078,1.25e-05
1740070800036,1.25e-05
1740074400010,1.25e-05
1740078000089,1.25e-05
1740081600003,1.25e-05
1740085200050,1.25e-05
1740088800095,1.25e-05
1740092400039,1.25e-05
1740096000115,1.25e-05
1740099600066,1.25e-05
1740103200000,1.25e-05
1740106800085,1.25e-05
1740110400025,1.25e-05
1740114000031,1.25e-05
1740117600000,1.25e-05
1740121200091,1.25e-05
1740124800085,1.25e-05
1740128400036,1.25e-05
1740132000029,1.25e-05
1740135600119,1.25e-05
1740139200082,1.25e-05
1740142800025,1.25e-05
1740146400023,1.25e-05
1740150000029,1.25e-05
1740153600016,1.25e-05
1740157200025,1.25e-05
1740160800043,1.25e-05
1740164400059,1.25e-05
1740168000059,1.25e-05
1740171600000,1.25e-05
1740175200028,1.25e-05
1740178800096,1.25e-05
1740182400015,1.25e-05
1740186000018,1.25e-05
1740189600086,1.25e-05
1740193200084,1.25e-05
1740196800048,1.25e-05
1740200400000,1.25e-05
1740204000091,1.25e-05
1740207600123,1.25e-05
1740211200020,1.25e-05
1740214800014,1.25e-05
1740218400206,1.25e-05
1740222000022,1.25e-05
1740225600115,1.25e-05
1740229200015,1.25e-05
1740232800051,1.25e-05
1740236400004,1.25e-05
1740240000035,1.25e-05
1740243600066,1.25e-05
1740247200039,1.25e-05
1740250800094,1.25e-05
1740254400010,1.25e-05
1740258000034,1.25e-05
1740261600068,1.25e-05
1740265200031,1.25e-05
1740268800060,1.25e-05
1740272400041,1.25e-05
1740276000045,1.25e-05
1740279600011,1.25e-05
1740283200048,1.21093e-05
1740286800034,1.25e-05
1740290400064,1.25e-05
1740294000010,1.25e-05
1740297600152,1.25e-05
1740301200027,1.25e-05
1740304800011,1.25e-05
1740308400166,1.25e-05
1740312000052,1.16262e-05
1740315600098,1.03753e-05
1740319200050,3.7686e-06
1740322800066,4.1344e-06
1740326400079,-5.7144e-06
1740330000024,6.7702e-06
1740333600068,1.25e-05
1740337200008,1.25e-05
1740340800030,1.25e-05
1740344400023,1.25e-05
1740348000118,1.25e-05
1740351600017,1.25e-05
1740355200123,1.25e-05
1740358800041,1.25e-05
1740362400008,1.25e-05
1740366000005,1.25e-05
1740369600039,-1.371e-06
1740373200085,-1.16959e-05
1740376800199,2.3033e-06
1740380400017,1.25e-05
1740384000014,1.25e-05
1740387600101,-5.6111e-06
1740391200039,7.9536e-06
1740394800065,7.0366e-06
1740398400048,1.25e-05
1740402000028,1.25e-05
1740405600098,1.25e-05
1740409200019,1.25e-05
1740412800053,-9.1227e-06
1740416400162,1.25e-05
1740420000103,1.25e-05
1740423600018,1.25e-05
1740427200109,1.25e-05
1740430800000,1.25e-05
1740434400047,1.25e-05
1740438000197,1.25e-05
1740441600011,4.9534e-06
1740445200007,5.3274e-06
1740448800064,-2.95023e-05
1740452400015,-1.25076e-05
1740456000008,-1.1494e-06
1740459600131,-1.7605e-05
1740463200030,7.4346e-06
1740466800045,-1.1386e-06
1740470400042,-1.35616e-05
1740474000016,-1.09276e-05
1740477600003,-1.67876e-05
1740481200135,-1.99222e-05
1740484800041,-1.8323e-06
1740488400053,-1.43196e-05
1740492000000,-2.00946e-05
1740495600006,-2.72142e-05
1740499200007,1.25e-05
1740502800035,6.4381e-06
1740506400013,1.25e-05
1740510000031,-7.9329e-06
1740513600027,3.9276e-06
1740517200054,1.25e-05
1740520800040,1.25e-05
1740524400000,7.268e-07
1740528000018,1.25e-05
1740531600028,1.25e-05
1740535200045,1.25e-05
1740538800034,1.25e-05
1740542400031,1.25e-05
1740546000005,1.25e-05
1740549600045,1.25e-05
1740553200033,1.25e-05
1740556800090,1.25e-05
1740560400042,1.25e-05
1740564000041,1.25e-05
1740567600020,1.25e-05
1740571200020,1.25e-05
1740574800024,1.25e-05
1740578400043,1.25e-05
1740582000035,1.25e-05
1740585600086,1.25e-05
1740589200048,1.25e-05
1740592800041,1.25e-05
1740596400182,6.2972e-06
1740600000197,1.25e-05
1740603600028,1.25e-05
1740607200064,1.25e-05
1740610800135,1.25e-05
1740614400080,1.25e-05
1740618000065,1.25e-05
1740621600026,1.25e-05
1740625200077,1.25e-05
1740628800028,1.25e-05
1740632400007,1.25e-05
1740636000026,1.25e-05
1740639600052,1.25e-05
1740643200140,1.25e-05
1740646800030,1.25e-05
1740650400090,1.25e-05
1740654000060,1.25e-05
1740657600031,1.25e-05
1740661200037,1.25e-05
1740664800039,1.25e-05
1740668400051,1.25e-05
1740672000009,1.25e-05
1740675600060,1.25e-05
1740679200027,1.25e-05
1740682800036,1.25e-05
1740686400058,1.25e-05
1740690000047,1.25e-05
1740693600082,1.25e-05
1740697200080,1.25e-05
1740700800071,1.25e-05
1740704400016,1.25e-05
1740708000023,1.25e-05
1740711600052,1.25e-05
1740715200021,-1.755e-07
1740718800040,-3.0718e-06
1740722400041,1.25e-05
1740726000183,1.25e-05
1740729600099,1.25e-05
1740733200062,1.18744e-05
1740736800118,1.25e-05
1740740400032,1.25e-05
1740744000119,1.25e-05
1740747600132,1.22762e-05
1740751200024,1.25e-05
1740754800119,1.25e-05
1740758400001,1.25e-05
1740762000029,1.25e-05
1740765600031,1.25e-05
1740769200008,1.25e-05
1740772800006,1.25e-05
1740776400042,1.25e-05
1740780000048,1.25e-05
1740783600132,1.25e-05
1740787200033,1.25e-05
1740790800110,1.25e-05
1740794400017,1.25e-05
1740798000076,1.25e-05
1740801600052,1.25e-05
1740805200012,1.25e-05
1740808800066,1.25e-05
1740812400024,1.25e-05
1740816000095,1.25e-05
1740819600045,1.25e-05
1740823200068,1.25e-05
1740826800017,1.25e-05
1740830400049,1.25e-05
1740834000041,1.25e-05
1740837600009,1.25e-05
1740841200038,1.25e-05
1740844800027,1.25e-05
1740848400003,1.25e-05
1740852000047,1.25e-05
1740855600093,1.25e-05
1740859200035,1.25e-05
1740862800032,1.25e-05
1740866400007,1.25e-05
1740870000025,1.25e-05
1740873600094,1.25e-05
1740877200036,1.25e-05
1740880800076,1.25e-05
1740884400016,1.25e-05
1740888000012,1.25e-05
1740891600085,1.25e-05
1740895200004,1.25e-05
1740898800083,1.25e-05
1740902400006,1.25e-05
1740906000055,1.25e-05
1740909600057,1.25e-05
1740913200110,1.25e-05
1740916800051,1.25e-05
1740920400031,1.25e-05
1740924000018,1.25e-05
1740927600010,1.25e-05
1740931200006,1.25e-05
1740934800036,1.25e-05
1740938400042,1.25e-05
1740942000007,1.25e-05
1740945600088,1.25e-05
1740949200026,1.25e-05
1740952800027,1.25e-05
1740956400136,1.25e-05
1740960000048,1.97243e-05
1740963600018,1.25e-05
1740967200076,1.25e-05
1740970800003,1.25e-05
1740974400243,1.25e-05
1740978000037,1.25e-05
1740981600048,1.25e-05
1740985200007,1.25e-05
1740988800047,4.7982e-06
1740992400041,5.8156e-06
1740996000025,1.25e-05
1740999600021,1.25e-05
1741003200007,1.25e-05
1741006800078,1.25e-05
1741010400092,1.25e-05
1741014000031,1.25e-05
1741017600013,1.25e-05
1741021200125,1.25e-05
1741024800013,1.25e-05
1741028400042,5.001e-06
1741032000055,1.02653e-05
1741035600008,1.25e-05
1741039200195,1.25e-05
1741042800052,9.9116e-06
1741046400060,1.2691e-06
1741050000040,3.5662e-06
1741053600091,-2.78798e-05
1741057200031,-2.67258e-05
1741060800008,-2.77957e-05
1741064400003,-3.2351e-05
1741068000136,-1.05158e-05
1741071600015,-1.40973e-05
1741075200045,-4.08e-06
1741078800049,-3.9961e-06
1741082400050,-4.3575e-06
1741086000048,-8.5997e-06
1741089600008,-4.9111e-06
1741093200030,-1.9758e-05
1741096800038,-3.2403e-05
1741100400014,-3.51769e-05
1741104000078,-2.52935e-05
1741107600027,-2.70875e-05
1741111200006,1.25e-05
1741114800111,1.25e-05
1741118400062,1.25e-05
1741122000029,-8.3758e-06
1741125600126,9.4993e-06
1741129200006,-1.27409e-05
1741132800036,-2.13472e-05
1741136400064,-2.8667e-06
1741140000053,-1.3052e-05
1741143600009,6.8546e-06
1741147200045,2.4169e-06
1741150800040,1.25e-05
1741154400098,1.25e-05
1741158000153,2.1995e-06
1741161600056,-7.1719e-06
1741165200036,-1.71105e-05
1741168800066,-1.163e-06
1741172400035,-7.7864e-06
1741176000044,-3.85913e-05
1741179600020,-2.03927e-05
1741183200084,-2.92007e-05
1741186800025,-7.9888e-06
1741190400043,-4.6619e-05
1741194000040,-2.64685e-05
1741197600020,1.25e-05
1741201200028,1.25e-05
1741204800097,1.25e-05
1741208400112,1.25e-05
1741212000030,1.25e-05
1741215600105,1.25e-05
1741219200014,1.25e-05
1741222800079,2.4081e-06
1741226400147,2.7345e-06
1741230000072,1.25e-05
1741233600033,1.25e-05
1741237200043,1.25e-05
1741240800041,1.25e-05
1741244400085,1.25e-05
1741248000022,1.25e-05
1741251600027,1.25e-05
1741255200037,1.25e-05
1741258800128,1.25e-05
1741262400025,-3.9976e-06
1741266000132,-1.5213e-06
1741269600004,7.3211e-06
1741273200016,-2.27255e-05
1741276800026,6.7471e-06
1741280400008,-1.16462e-05
1741284000109,-1.17311e-05
1741287600005,-1.40225e-05
1741291200031,1.05627e-05
1741294800034,1.25e-05
1741298400012,9.4499e-06
1741302000018,-1.1996e-05
1741305600126,-2.67361e-05
1741309200001,-9.06053e-05
1741312800013,-0.0001185475
1741316400032,-7.82658e-05
1741320000061,-7.51007e-05
1741323600050,-2.62401e-05
1741327200031,-1.28489e-05
1741330800030,-1.23266e-05
1741334400033,-2.37086e-05
1741338000011,-3.93676e-05
1741341600029,-2.57787e-05
1741345200015,-1.49632e-05
1741348800014,-1.40045e-05
1741352400209,-2.12761e-05
1741356000047,-2.48401e-05
1741359600037,-2.05941e-05
1741363200060,-3.53989e-05
1741366800119,-8.73199e-05
1741370400136,-6.23418e-05
1741374000024,-6.02101e-05
1741377600030,-6.72187e-05
1741381200112,-5.31542e-05
1741384800109,-6.63754e-05
1741388400043,-4.46382e-05
1741392000069,-3.83681e-05
1741395600015,-4.73675e-05
1741399200090,-6.62877e-05
1741402800072,-3.74766e-05
1741406400120,-4.04625e-05
1741410000017,-3.51009e-05
1741413600027,-4.64338e-05
1741417200163,-4.46584e-05
1741420800115,-2.48579e-05
1741424400028,-1.9948e-05
1741428000095,-2.05726e-05
1741431600204,4.5166e-06
1741435200039,-1.34897e-05
1741438800056,-2.6559e-06
1741442400029,-1.85576e-05
1741446000027,-1.20917e-05
1741449600062,-2.19069e-05
1741453200012,-2.63043e-05
1741456800081,-6.9328e-06
1741460400051,-2.83655e-05
1741464000004,-3.61444e-05
1741467600032,-2.01713e-05
1741471200066,-2.52219e-05
1741474800046,-3.499e-05
1741478400011,-3.05897e-05
1741482000102,-2.57476e-05
1741485600136,-2.36305e-05
1741489200034,-3.66176e-05
1741492800028,-4.11086e-05
1741496400046,-3.21229e-05
1741500000063,-1.98201e-05
1741503600092,-4.44125e-05
1741507200012,-9.7457e-06
1741510800030,-5.6062e-06
1741514400069,-6.72e-06
1741518000053,-1.5535e-06
1741521600119,-5.0975e-06
1741525200060,-3.2139e-06
1741528800060,-5.4292e-06
1741532400014,-1.10021e-05
1741536000003,1.903e-06
1741539600099,1.5072e-06
1741543200029,3.7771e-06
1741546800021,-4.91821e-05
1741550400082,-3.8963e-05
1741554000052,-0.0001046693
1741557600039,-0.0001122128
1741561200026,-5.24227e-05
1741564800002,-5.14284e-05
1741568400113,-4.53579e-05
1741572000092,-5.20342e-05
1741575600091,-6.14868e-05
1741579200071,-5.41539e-05
1741582800073,-4.38545e-05
1741586400050,-5.51377e-05
1741590000004,-4.01356e-05
1741593600009,-3.60403e-05
1741597200107,-2.30682e-05
1741600800006,-3.8269e-05
1741604400001,-3.28416e-05
1741608000027,-3.70222e-05
1741611600084,-3.9942e-05
1741615200028,-4.11301e-05
1741618800027,-9.28923e-05
1741622400008,-4.00515e-05
1741626000026,-2.83427e-05
1741629600015,-3.33131e-05
1741633200046,-4.67748e-05
1741636800020,-6.9425e-06
1741640400045,-3.58625e-05
1741644000028,-5.80933e-05
1741647600061,-5.37862e-05
1741651200077,-5.2192e-05
1741654800027,-8.78547e-05
1741658400066,-6.40564e-05
1741662000054,-2.99071e-05
1741665600023,2.3842e-06
1741669200054,1.25e-05
1741672800068,1.25e-05
1741676400184,1.25e-05
1741680000011,1.25e-05
1741683600057,1.25e-05
1741687200039,1.25e-05
1741690800089,1.25e-05
1741694400067,4.1603e-06
1741698000040,1.19108e-05
1741701600099,-3.8176e-06
1741705200013,-3.00087e-05
1741708800069,-2.34638e-05
1741712400006,-2.22028e-05
1741716000016,-4.78298e-05
1741719600051,8.4093e-06
1741723200037,1.2738e-06
1741726800002,1.25e-05
1741730400078,1.25e-05
1741734000033,6.9926e-06
1741737600020,1.25e-05
1741741200065,1.25e-05
1741744800179,1.25e-05
1741748400036,9.5005e-06
1741752000055,1.25e-05
1741755600079,1.25e-05
1741759200068,8.4908e-06
1741762800010,1.25e-05
1741766400024,1.25e-05
1741770000015,1.25e-05
1741773600084,1.25e-05
1741777200015,1.12688e-05
1741780800005,-2.21666e-05
1741784400015,-1.915e-07
1741788000004,-5.04202e-05
1741791600059,-5.46833e-05
1741795200030,-7.05179e-05
1741798800053,-3.96023e-05
1741802400072,-2.67026e-05
1741806000036,5.822e-07
1741809600036,-8.533e-07
1741813200048,-7.6492e-06
1741816800016,-7.9238e-06
1741820400075,-8.8511e-06
1741824000013,-1.69261e-05
1741827600039,-1.4337e-06
1741831200048,-2.15615e-05
1741834800035,-1.69431e-05
1741838400066,-1.88271e-05
1741842000085,-4.31397e-05
1741845600030,-3.1364e-05
1741849200042,-4.66182e-05
1741852800115,-2.87178e-05
1741856400044,-1.90923e-05
1741860000009,-6.0575e-06
1741863600118,-1.74996e-05
1741867200071,-1.78236e-05
1741870800051,-4.09044e-05
1741874400116,-5.78779e-05
1741878000109,-2.83261e-05
1741881600086,-6.47334e-05
1741885200026,-6.28072e-05
1741888800028,-5.84282e-05
1741892400005,-5.83582e-05
1741896000082,-2.93948e-05
1741899600004,-2.14713e-05
1741903200060,-3.99079e-05
1741906800025,-3.00885e-05
1741910400047,-3.72933e-05
1741914000000,-2.96621e-05
1741917600083,-1.60398e-05
1741921200044,-9.1812e-06
1741924800062,-8.4049e-06
1741928400065,-1.19744e-05
1741932000044,-1.4982e-05
1741935600003,-1.24612e-05
1741939200059,-1.33442e-05
1741942800006,-1.14333e-05
1741946400088,-1.77627e-05
1741950000010,6.2048e-06
1741953600027,-5.1102e-06
1741957200043,1.25e-05
1741960800131,1.25e-05
1741964400031,1.25e-05
1741968000062,8.7421e-06
1741971600062,-9.027e-06
1741975200178,-5.4774e-06
1741978800049,1.7743e-06
1741982400078,3.4145e-06
1741986000053,3.9799e-06
1741989600049,-4.897e-07
1741993200000,1.25e-05
1741996800046,1.25e-05
1742000400029,1.25e-05
1742004000017,1.25e-05
1742007600076,1.13043e-05
1742011200036,1.25e-05
1742014800042,1.25e-05
1742018400010,1.25e-05
1742022000127,1.25e-05
1742025600029,1.11723e-05
1742029200028,-2.2255e-06
1742032800031,-1.7147e-06
1742036400090,-3.548e-07
1742040000138,-6.5689e-06
1742043600009,9.395e-07
1742047200066,-6.119e-06
1742050800066,-5.4082e-06
1742054400010,-6.6042e-06
1742058000056,-1.7093e-06
1742061600061,-3.3821e-06
1742065200203,-6.0693e-06
1742068800008,-3.9987e-06
1742072400010,6.095e-07
1742076000089,-9.183e-06
1742079600065,-5.5722e-06
1742083200031,-5.3922e-06
1742086800043,-4.4659e-06
1742090400131,1.25e-05
1742094000062,4.9531e-06
1742097600114,5.1935e-06
1742101200047,9.5419e-06
1742104800014,9.5086e-06
1742108400071,1.25e-05
1742112000023,1.25e-05
1742115600041,1.12529e-05
1742119200112,3.0009e-06
1742122800052,4.4183e-06
1742126400081,1.25e-05
1742130000044,6.3783e-06
1742133600021,1.25e-05
1742137200033,1.25e-05
1742140800082,1.25e-05
1742144400075,-2.9646e-06
1742148000090,-4.1658e-06
1742151600063,-9.8343e-06
1742155200067,-9.5842e-06
1742158800048,2.5128e-06
1742162400043,-1.35157e-05
1742166000049,-7.8853e-06
1742169600141,5.0603e-06
1742173200107,1.18155e-05
1742176800079,-3.5537e-06
1742180400067,-9.6109e-06
1742184000019,1.25e-05
1742187600046,1.25e-05
1742191200049,1.25e-05
1742194800088,1.17237e-05
1742198400003,2.1085e-06
1742202000061,1.13519e-05
1742205600016,2.4655e-06
1742209200050,3.0467e-06
1742212800002,-1.6219e-06
1742216400045,2.4471e-06
1742220000073,-9.3254e-06
1742223600007,-1.53025e-05
1742227200057,-9.2759e-06
1742230800066,9.5153e-06
1742234400059,1.25e-05
1742238000018,1.25e-05
1742241600000,1.25e-05
1742245200068,1.25e-05
1742248800030,3.1177e-06
1742252400011,-4.7236e-06
1742256000030,-9.843e-06
1742259600042,-2.6922e-05
1742263200061,-3.61015e-05
1742266800010,-2.80141e-05
1742270400022,-3.96536e-05
1742274000014,-3.88323e-05
1742277600073,-4.51682e-05
1742281200080,-4.83955e-05
1742284800057,-3.9698e-05
1742288400002,-4.30785e-05
1742292000005,-2.77321e-05
1742295600081,-3.00399e-05
1742299200006,-3.9751e-05
1742302800034,-4.92118e-05
1742306400054,-4.43767e-05
1742310000076,-2.00464e-05
1742313600057,-4.61964e-05
1742317200087,-4.42338e-05
1742320800027,-4.29424e-05
1742324400087,-4.86654e-05
1742328000019,-3.03365e-05
1742331600052,-4.002e-05
1742335200019,-2.34618e-05
1742338800000,-2.16904e-05
1742342400023,-1.5384e-05
1742346000005,1.09394e-05
1742349600057,1.25e-05
1742353200061,1.988e-06
1742356800041,-8.0159e-06
1742360400057,-1.943e-06
1742364000026,1.21289e-05
1742367600103,7.2917e-06
1742371200024,7.6095e-06
1742374800074,7.5031e-06
1742378400139,1.25e-05
1742382000032,1.25e-05
1742385600037,1.25e-05
1742389200042,1.25e-05
1742392800005,-4.4758e-05
1742396400035,-7.33478e-05
1742400000039,-5.59591e-05
1742403600029,-5.62038e-05
1742407200160,-3.81777e-05
1742410800012,-1.74889e-05
1742414400079,-2.30059e-05
1742418000126,-1.05665e-05
1742421600063,-6.654e-07
1742425200061,2.0648e-06
1742428800049,-2.18981e-05
1742432400020,-2.58789e-05
1742436000028,-1.71232e-05
1742439600050,-3.42258e-05
1742443200085,-1.55336e-05
1742446800048,-2.57087e-05
1742450400021,-2.3763e-05
1742454000019,-1.36486e-05
1742457600003,5.0634e-06
1742461200000,-2.24013e-05
1742464800077,-2.59003e-05
1742468400115,-2.80052e-05
1742472000025,-2.36934e-05
1742475600088,-2.43885e-05
1742479200025,-2.93351e-05
1742482800088,-1.21829e-05
1742486400047,-5.88136e-05
1742490000049,-3.72733e-05
1742493600101,-3.48495e-05
1742497200019,-4.66188e-05
1742500800042,-3.05889e-05
1742504400071,-3.35406e-05
1742508000094,-3.94475e-05
1742511600046,-3.89774e-05
1742515200035,-2.04646e-05
1742518800043,-1.02667e-05
1742522400002,1.25e-05
1742526000069,-2.74616e-05
1742529600057,-2.32895e-05
1742533200018,-9.6423e-06
1742536800061,-2.76896e-05
1742540400064,-4.40378e-05
1742544000025,-2.82056e-05
1742547600042,-2.22064e-05
1742551200060,-1.319e-05
1742554800041,-3.70658e-05
1742558400052,-3.33049e-05
1742562000053,-1.82376e-05
1742565600010,-2.04579e-05
1742569200039,-2.0628e-05
1742572800047,-2.20203e-05
1742576400044,-9.1942e-06
1742580000060,-3.3659e-06
1742583600007,3.0037e-06
1742587200057,1.03991e-05
1742590800070,7.1286e-06
1742594400074,1.25e-05
1742598000010,8.8493e-06
1742601600038,1.3459e-06
1742605200046,5.6069e-06
1742608800055,1.25e-05
1742612400032,1.25e-05
1742616000009,1.25e-05
1742619600032,1.25e-05
1742623200102,1.25e-05
1742626800047,1.25e-05
1742630400042,9.285e-06
1742634000106,7.8698e-06
1742637600058,8.8906e-06
1742641200115,-2.9557e-06
1742644800035,-1.53216e-05
1742648400082,-8.4926e-06
1742652000032,-1.07777e-05
1742655600064,-5.2913e-06
1742659200036,-2.82982e-05
1742662800054,-1.72079e-05
1742666400119,-2.41773e-05
1742670000063,-1.81775e-05
1742673600026,-4.2616e-06
1742677200027,-4.6034e-06
1742680800028,-1.83794e-05
1742684400000,-1.32252e-05
1742688000020,-1.9606e-05
1742691600050,1.25e-05
1742695200008,1.25e-05
1742698800011,1.25e-05
1742702400029,1.25e-05
1742706000049,1.25e-05
1742709600102,1.25e-05
1742713200057,1.25e-05
1742716800065,1.25e-05
1742720400040,1.25e-05
1742724000077,1.25e-05
1742727600033,1.25e-05
1742731200010,1.25e-05
1742734800077,1.25e-05
1742738400023,1.25e-05
1742742000067,1.25e-05
1742745600051,1.25e-05
1742749200043,5.6306e-06
1742752800031,-4.057e-07
1742756400027,-6.2369e-06
1742760000112,9.1088e-06
1742763600029,9.3292e-06
1742767200028,-1.8577e-06
1742770800053,1.25e-05
1742774400090,1.25e-05
1742778000018,1.25e-05
1742781600009,1.25e-05
1742785200043,1.18246e-05
1742788800138,1.25e-05
1742792400036,1.25e-05
1742796000058,1.25e-05
1742799600029,1.25e-05
1742803200023,1.25e-05
1742806800026,1.25e-05
1742810400015,1.25e-05
1742814000166,1.25e-05
1742817600041,1.25e-05
1742821200043,1.25e-05
1742824800065,1.25e-05
1742828400003,1.25e-05
1742832000030,1.25e-05
1742835600029,1.25e-05
1742839200037,1.25e-05
1742842800007,1.25e-05
1742846400047,1.25e-05
1742850000085,1.25e-05
1742853600030,1.25e-05
1742857200063,1.25e-05
1742860800026,1.25e-05
1742864400028,1.25e-05
1742868000021,1.25e-05
1742871600024,1.25e-05
1742875200019,1.25e-05
1742878800049,1.25e-05
1742882400070,1.25e-05
1742886000040,1.25e-05
1742889600081,1.25e-05
1742893200007,1.25e-05
1742896800049,1.25e-05
1742900400008,1.25e-05
1742904000023,1.25e-05
1742907600065,1.25e-05
1742911200079,1.25e-05
1742914800007,1.25e-05
1742918400047,1.25e-05
1742922000015,1.25e-05
1742925600047,1.25e-05
1742929200045,1.25e-05
1742932800009,1.25e-05
1742936400043,1.25e-05
1742940000045,1.25e-05
1742943600208,1.25e-05
1742947200001,1.25e-05
1742950800003,1.25e-05
1742954400077,1.25e-05
1742958000008,1.25e-05
1742961600064,1.25e-05
1742965200014,1.25e-05
1742968800065,1.25e-05
1742972400003,1.25e-05
1742976000022,1.25e-05
1742979600005,1.25e-05
1742983200058,1.25e-05
1742986800012,1.25e-05
1742990400001,1.25e-05
1742994000063,1.25e-05
1742997600069,1.25e-05
1743001200047,1.25e-05
1743004800008,1.25e-05
1743008400024,1.25e-05
1743012000109,1.25e-05
1743015600004,1.25e-05
1743019200019,4.3968e-06
1743022800046,1.23218e-05
1743026400035,-2.25541e-05
1743030000035,-2.46409e-05
1743033600005,-3.24353e-05
1743037200006,-2.55257e-05
1743040800036,-2.76073e-05
1743044400030,-2.23497e-05
1743048000011,-2.27328e-05
1743051600053,-1.86184e-05
1743055200074,-2.58451e-05
1743058800007,-2.37603e-05
1743062400083,-2.57718e-05
1743066000057,-1.94723e-05
1743069600043,-1.1355e-05
1743073200012,-8.5852e-06
1743076800047,-2.90812e-05
1743080400054,-1.20534e-05
1743084000010,-1.3092e-05
1743087600015,-8.908e-06
1743091200049,-1.4205e-06
1743094800022,-1.41652e-05
1743098400068,-1.27213e-05
1743102000133,-1.488e-07
1743105600066,3.6633e-06
1743109200001,-1.4238e-06
1743112800037,8.3324e-06
1743116400024,1.25e-05
1743120000014,-7.0301e-06
1743123600070,-9.4754e-06
1743127200013,-4.7348e-06
1743130800000,-6.0616e-06
1743134400065,-1.12134e-05
1743138000056,-6.3664e-06
1743141600041,-1.74518e-05
1743145200054,-1.03147e-05
1743148800039,-3.37743e-05
1743152400073,-1.6137e-05
1743156000056,-2.35431e-05
1743159600023,-2.90284e-05
1743163200105,-3.04126e-05
1743166800006,-2.39447e-05
1743170400073,-3.318e-05
1743174000063,1.142e-06
1743177600011,1.15323e-05
1743181200012,1.4791e-06
1743184800030,5.2465e-06
1743188400060,-1.54231e-05
1743192000021,-2.59714e-05
1743195600026,-2.62829e-05
1743199200063,-2.58827e-05
1743202800049,-2.4209e-05
1743206400086,-3.51244e-05
1743210000069,-4.56178e-05
1743213600003,-4.43037e-05
1743217200037,-4.54676e-05
1743220800066,-2.63374e-05
1743224400042,-6.9339e-06
1743228000061,-1.26689e-05
1743231600111,-1.97378e-05
1743235200045,-1.38065e-05
1743238800062,-1.64761e-05
1743242400009,-2.50378e-05
1743246000052,-1.60204e-05
1743249600027,-1.83852e-05
1743253200055,-1.31226e-05
1743256800037,-6.6882e-06
1743260400120,-5.2947e-06
1743264000174,-5.495e-06
1743267600050,-1.47239e-05
1743271200045,-8.5247e-06
1743274800093,-3.8237e-05
1743278400034,-4.17882e-05
1743282000049,-3.16967e-05
1743285600097,-4.30285e-05
1743289200048,-5.2724e-05
1743292800022,-4.83884e-05
1743296400028,-3.88186e-05
1743300000030,-5.57779e-05
1743303600025,-7.08411e-05
1743307200056,-7.13384e-05
1743310800085,-5.55909e-05
1743314400061,-7.09406e-05
1743318000061,-5.98832e-05
1743321600093,-6.53031e-05
1743325200107,-6.15801e-05
1743328800004,-6.23565e-05
1743332400000,-6.18363e-05
1743336000029,-3.07033e-05
1743339600021,-2.50128e-05
1743343200064,-3.01651e-05
1743346800027,-4.65538e-05
1743350400030,-3.26312e-05
1743354000057,-7.11e-06
1743357600045,-1.11077e-05
1743361200039,-8.934e-06
1743364800006,-7.024e-06
1743368400000,-1.30062e-05
1743372000011,-1.56162e-05
1743375600098,-6.7877e-06
1743379200059,-2.9264e-06
1743382800016,-4.43767e-05
1743386400051,-5.01447e-05
1743390000041,-4.76113e-05
1743393600097,-6.97849e-05
1743397200013,-4.20833e-05
1743400800087,-1.0482e-06
1743404400060,-4.43528e-05
1743408000041,-7.11299e-05
1743411600032,-7.69572e-05
1743415200007,-7.68055e-05
1743418800005,-4.89363e-05
1743422400189,-3.16546e-05
1743426000052,-4.05411e-05
1743429600007,-2.69903e-05
1743433200002,-1.85125e-05
1743436800035,-3.06259e-05
1743440400069,1.3055e-06
1743444000044,-9.4035e-06
1743447600051,-3.1774e-05
1743451200009,-3.81791e-05
1743454800053,-6.5857e-05
1743458400055,-4.25085e-05
1743462000005,-5.91533e-05
1743465600014,-5.87755e-05
1743469200112,-5.50603e-05
1743472800017,-3.42879e-05
1743476400093,-1.93657e-05
1743480000077,-1.76879e-05
1743483600036,-2.26014e-05
1743487200027,-3.00092e-05
1743490800078,-1.69326e-05
1743494400075,-1.27205e-05
1743498000074,-6.762e-07
1743501600002,2.196e-07
1743505200022,1.2461e-06
1743508800006,-2.91718e-05
1743512400030,-4.59551e-05
1743516000018,-3.26224e-05
1743519600000,-3.66304e-05
1743523200033,-4.069e-06
1743526800035,-1.01989e-05
1743530400050,-1.29539e-05
1743534000020,-6.4714e-06
1743537600049,-5.0081e-06
1743541200021,-8.1525e-06
1743544800020,-5.5792e-06
1743548400024,1.7077e-06
1743552000043,-6.6246e-06
1743555600010,-9.853e-06
1743559200060,-5.18094e-05
1743562800015,-5.23994e-05
1743566400092,-5.06716e-05
1743570000180,-2.4507e-05
1743573600024,-2.97776e-05
1743577200010,-3.21875e-05
1743580800023,-1.39176e-05
1743584400007,7.2428e-06
1743588000019,8.5205e-06
1743591600046,1.25e-05
1743595200020,1.25e-05
1743598800114,1.25e-05
1743602400059,1.25e-05
1743606000052,1.25e-05
1743609600075,1.25e-05
1743613200022,1.01348e-05
1743616800007,-9.9106e-06
1743620400085,-2.66012e-05
1743624000002,-2.86604e-05
1743627600075,-2.60008e-05
1743631200051,-5.22495e-05
1743634800039,-0.0001120545
1743638400071,-0.0001755946
1743642000140,-0.0001422376
1743645600014,-0.0001394189
1743649200096,-0.0001370919
1743652800005,-9.84171e-05
1743656400001,-0.0001001543
1743660000090,-0.0001136734
1743663600032,-0.0001071082
1743667200096,-0.0001054639
1743670800141,-9.45103e-05
1743674400086,-8.60126e-05
1743678000041,-7.79623e-05
1743681600002,-6.69941e-05
1743685200039,-9.17071e-05
1743688800053,-0.0001195039
1743692400029,-0.0001673854
1743696000085,-0.0001552857
1743699600033,-0.0001444302
1743703200035,-0.0001197032
1743706800038,-0.0001189479
1743710400004,-0.00012338
1743714000040,-0.0001128243
1743717600025,-8.37621e-05
1743721200014,-8.62496e-05
1743724800034,-8.5728e-05
1743728400026,-6.3507e-05
1743732000012,-6.12749e-05
1743735600059,-5.32781e-05
1743739200057,-4.86166e-05
1743742800078,-7.34771e-05
1743746400019,-4.60823e-05
1743750000004,-3.31792e-05
1743753600009,-2.71453e-05
1743757200023,-3.00211e-05
1743760800039,-2.19989e-05
1743764400041,-4.88094e-05
1743768000047,-7.51843e-05
1743771600056,-5.01677e-05
1743775200029,-4.05144e-05
1743778800049,-3.75692e-05
1743782400021,-3.46532e-05
1743786000065,-2.57227e-05
1743789600005,-1.30618e-05
1743793200018,2.5752e-06
1743796800095,1.25e-06
1743800400056,6.989e-07
1743804000039,1.07176e-05
1743807600004,1.25e-05
1743811200101,-1.5718e-06
1743814800024,-5.2382e-06
1743818400049,2.1602e-06
1743822000038,3.6014e-06
1743825600099,2.5758e-06
1743829200025,1.25e-05
1743832800055,1.25e-05
1743836400005,1.01258e-05
1743840000029,1.25e-05
1743843600042,1.25e-05
1743847200041,1.25e-05
1743850800035,1.25e-05
1743854400113,1.25e-05
1743858000029,9.2828e-06
1743861600185,4.7679e-06
1743865200024,-2.24973e-05
1743868800033,-3.18112e-05
1743872400023,-3.01722e-05
1743876000028,-2.36155e-05
1743879600081,-1.22016e-05
1743883200038,-1.91647e-05
1743886800026,-2.77241e-05
1743890400037,-1.81963e-05
1743894000019,-2.50835e-05
1743897600051,-1.95369e-05
1743901200041,-1.37932e-05
1743904800027,-1.15165e-05
1743908400017,-2.89678e-05
1743912000002,-5.29402e-05
1743915600017,-4.88814e-05
1743919200017,-4.31272e-05
1743922800065,-4.49705e-05
1743926400042,-5.67077e-05
1743930000015,-5.61119e-05
1743933600009,-5.47948e-05
1743937200006,-6.63687e-05
1743940800061,-6.53598e-05
1743944400031,-5.43807e-05
1743948000100,-4.96195e-05
1743951600063,-1.53582e-05
1743955200028,-2.62055e-05
1743958800008,-2.68231e-05
1743962400030,-3.77684e-05
1743966000154,-7.35246e-05
1743969600025,-8.08183e-05
1743973200029,-9.61144e-05
1743976800027,-8.22791e-05
1743980400005,-9.04352e-05
1743984000007,-0.0001154584
1743987600091,-5.98863e-05
1743991200063,-4.1961e-05
1743994800004,-6.28152e-05
1743998400081,-7.96826e-05
1744002000069,-5.04767e-05
1744005600045,-2.66918e-05
1744009200040,-2.67693e-05
1744012800118,-6.242e-06
1744016400113,-5.07004e-05
1744020000042,-6.80573e-05
1744023600022,-0.000101357
1744027200076,-9.50863e-05
1744030800022,-6.0574e-05
1744034400009,-5.19084e-05
1744038000020,-8.9657e-05
1744041600107,-8.1714e-05
1744045200026,-7.64293e-05
1744048800094,-3.26025e-05
1744052400019,-5.17979e-05
1744056000019,-5.84588e-05
1744059600021,-3.71731e-05
1744063200021,-3.64032e-05
1744066800039,-1.83266e-05
1744070400066,-4.47528e-05
1744074000042,-3.892e-05
1744077600073,-1.35154e-05
1744081200068,6.8389e-06
1744084800096,-4.6583e-06
1744088400090,-3.03253e-05
1744092000017,-4.94521e-05
1744095600050,-4.53477e-05
1744099200004,-5.7666e-05
1744102800032,-3.47902e-05
1744106400015,-4.37802e-05
1744110000071,-4.48895e-05
1744113600033,-3.7182e-06
1744117200007,-1.70355e-05
1744120800076,-2.96059e-05
1744124400019,-4.62755e-05
1744128000005,-4.36081e-05
1744131600050,-3.49366e-05
1744135200011,-1.83819e-05
1744138800108,-3.2761e-05
1744142400026,-2.57344e-05
1744146000049,1.2046e-06
1744149600014,-1.90151e-05
1744153200029,-2.7132e-05
1744156800087,-5.29833e-05
1744160400087,-4.61707e-05
1744164000056,-4.77137e-05
1744167600008,-3.59581e-05
1744171200023,-3.96736e-05
1744174800076,-5.41465e-05
1744178400068,-6.00886e-05
1744182000006,-5.66965e-05
1744185600074,-3.47114e-05
1744189200060,-3.6628e-06
1744192800088,2.8435e-06
1744196400036,4.4632e-06
1744200000055,1.25e-05
1744203600059,-3.204e-07
1744207200032,-3.80285e-05
1744210800065,-2.49292e-05
1744214400084,-1.68831e-05
1744218000011,-4.21846e-05
1744221600060,1.25e-05
1744225200059,1.25e-05
1744228800038,1.25e-05
1744232400017,1.25e-05
1744236000054,1.25e-05
1744239600012,1.25e-05
1744243200001,1.25e-05
1744246800036,1.25e-05
1744250400025,1.6594e-06
1744254000071,1.25e-05
1744257600093,1.22497e-05
1744261200028,-9.5276e-06
1744264800046,-2.57212e-05
1744268400030,-3.68736e-05
1744272000025,-4.63029e-05
1744275600068,-5.64932e-05
1744279200076,-5.76599e-05
1744282800045,-7.80462e-05
1744286400084,-9.58663e-05
1744290000015,-8.27511e-05
1744293600121,-6.35851e-05
1744297200031,-4.92559e-05
1744300800051,-8.70745e-05
1744304400069,-6.93353e-05
1744308000109,-7.25138e-05
1744311600018,-6.76791e-05
1744315200048,-6.97544e-05
1744318800059,-7.18586e-05
1744322400042,-6.04176e-05
1744326000003,-7.14162e-05
1744329600102,-7.04877e-05
1744333200098,-5.86322e-05
1744336800096,-5.07045e-05
1744340400013,-3.62077e-05
1744344000008,-1.55987e-05
1744347600044,9.3428e-06
1744351200062,1.01297e-05
1744354800005,-1.71286e-05
1744358400039,-2.55361e-05
1744362000103,-2.49298e-05
1744365600069,-5.6895e-06
1744369200083,-5.7684e-06
1744372800117,-1.94323e-05
1744376400018,-1.77271e-05
1744380000074,-2.49751e-05
1744383600047,-2.68662e-05
1744387200054,-1.95292e-05
1744390800068,-5.2159e-06
1744394400020,4.1165e-06
1744398000006,1.25e-05
1744401600006,-2.8399e-06
1744405200082,2.2796e-06
1744408800113,1.20222e-05
1744412400032,1.2135e-05
1744416000042,1.5609e-06
1744419600010,-6.9488e-06
1744423200017,-1.32201e-05
1744426800069,-8.547e-06
1744430400040,-1.42714e-05
1744434000014,-9.3994e-06
1744437600077,-7.8583e-06
1744441200041,1.0982e-06
1744444800015,1.18055e-05
1744448400128,1.25e-05
1744452000079,1.25e-05
1744455600059,8.6888e-06
1744459200012,7.5689e-06
1744462800009,2.3197e-06
1744466400006,1.25e-05
1744470000015,1.25e-05
1744473600062,1.25e-05
1744477200027,1.25e-05
1744480800095,2.445e-07
1744484400020,1.6529e-06
1744488000084,3.451e-06
1744491600082,-6.446e-07
1744495200026,1.25e-05
1744498800121,1.25e-05
1744502400037,5.6565e-06
1744506000063,1.25e-05
1744509600002,4.4503e-06
1744513200021,-9.1202e-06
1744516800044,-3.4191e-06
1744520400082,-9.0208e-06
1744524000078,-1.51576e-05
1744527600033,-1.7085e-05
1744531200072,3.5013e-06
1744534800112,1.25e-05
1744538400012,1.25e-05
1744542000021,1.25e-05
1744545600054,1.25e-05
1744549200002,1.25e-05
1744552800004,1.13329e-05
1744556400100,-9.2319e-06
1744560000087,1.25e-05
1744563600045,1.25e-05
1744567200006,8.6092e-06
1744570800105,1.17052e-05
1744574400028,3.5172e-06
1744578000034,-7.0356e-06
1744581600058,-6.09491e-05
1744585200011,-4.26412e-05
1744588800023,-5.8366e-06
1744592400033,7.7464e-06
1744596000040,1.25e-05
1744599600010,1.25e-05
1744603200007,9.1814e-06
1744606800018,1.25e-05
1744610400035,1.25e-05
1744614000084,1.25e-05
1744617600043,1.25e-05
1744621200063,9.2248e-06
1744624800040,6.0159e-06
1744628400042,1.12389e-05
1744632000019,1.25e-05
1744635600074,1.25e-05
1744639200054,1.25e-05
1744642800147,1.25e-05
1744646400055,1.25e-05
1744650000087,1.25e-05
1744653600043,1.17695e-05
1744657200063,1.25e-05
1744660800018,1.25e-05
1744664400041,1.25e-05
1744668000020,1.06242e-05
1744671600028,1.18037e-05
1744675200048,1.25e-05
1744678800005,1.04886e-05
1744682400049,1.25e-05
1744686000005,8.8392e-06
1744689600029,1.25e-05
1744693200104,1.25e-05
1744696800073,1.25e-05
1744700400103,1.25e-05
1744704000030,1.25e-05
1744707600079,1.00498e-05
1744711200084,1.25e-05
1744714800074,8.5241e-06
1744718400047,3.6883e-06
1744722000054,7.6087e-06
1744725600036,1.25e-05
1744729200096,-1.17755e-05
1744732800003,-2.31616e-05
1744736400107,-2.68718e-05
1744740000042,-3.31876e-05
1744743600007,-5.33222e-05
1744747200015,-4.61612e-05
1744750800001,-4.15525e-05
1744754400020,-3.74881e-05
1744758000080,-3.56339e-05
1744761600008,-4.60531e-05
1744765200034,-3.34929e-05
1744768800050,-1.26004e-05
1744772400058,-1.65469e-05
1744776000066,-1.18965e-05
1744779600127,-2.75757e-05
1744783200006,-3.15278e-05
1744786800021,-3.77832e-05
1744790400069,-3.81638e-05
1744794000021,-3.17547e-05
1744797600072,-1.95114e-05
1744801200063,-2.02677e-05
1744804800030,-2.03037e-05
1744808400015,-1.82822e-05
1744812000024,-2.40683e-05
1744815600067,-1.57523e-05
1744819200035,1.25e-05
1744822800017,1.16394e-05
1744826400038,3.3016e-06
1744830000000,-4.472e-05
1744833600061,-3.69237e-05
1744837200033,-2.35283e-05
1744840800075,-8.3796e-06
1744844400053,-9.319e-07
1744848000078,-1.06287e-05
1744851600060,-1.72989e-05
1744855200002,-7.3976e-06
1744858800088,-2.58279e-05
1744862400016,-2.3691e-05
1744866000081,-1.61961e-05
1744869600010,3.4757e-06
1744873200086,1.25e-05
1744876800060,1.25e-05
1744880400021,6.1479e-06
1744884000093,-1.3055e-06
1744887600027,-8.8317e-06
1744891200100,-8.3355e-06
1744894800129,-9.6717e-06
1744898400054,-1.45995e-05
1744902000020,-2.81852e-05
1744905600067,-1.89697e-05
1744909200023,-1.6159e-06
1744912800024,-1.328e-07
1744916400002,3.1576e-06
1744920000019,-1.21528e-05
1744923600092,1.2824e-06
1744927200047,3.2788e-06
1744930800046,4.4138e-06
1744934400099,-1.2126e-06
1744938000098,-4.9211e-06
1744941600044,-5.2082e-06
1744945200082,-1.95703e-05
1744948800096,-2.38323e-05
1744952400044,-2.56215e-05
1744956000032,-1.99097e-05
1744959600000,-7.9208e-06
1744963200038,-9.6459e-06
1744966800002,7.46e-08
1744970400073,2.6327e-06
1744974000002,4.968e-06
1744977600038,-5.3919e-06
1744981200037,7.04e-08
1744984800092,-4.1893e-06
1744988400004,-1.34537e-05
1744992000098,-2.6573e-05
1744995600065,-2.61701e-05
1744999200021,-1.30354e-05
1745002800121,9.775e-07
1745006400063,1.5305e-06
1745010000074,-5.7165e-06
1745013600034,-4.3884e-06
1745017200054,-7.4507e-06
1745020800019,-2.34309e-05
1745024400054,-2.87679e-05
1745028000027,1.0561e-06
1745031600018,1.20578e-05
1745035200054,1.25e-05
1745038800029,1.25e-05
1745042400046,1.25e-05
1745046000062,1.05131e-05
1745049600041,1.25e-05
1745053200071,1.25e-05
1745056800047,1.25e-05
1745060400025,1.25e-05
1745064000006,1.25e-05
1745067600054,5.2368e-06
1745071200033,5.0092e-06
1745074800073,8.5951e-06
1745078400054,4.1133e-06
1745082000047,-1.08512e-05
1745085600048,-7.8362e-06
1745089200055,7.3631e-06
1745092800032,1.25e-05
1745096400044,8.8874e-06
1745100000139,8.208e-06
1745103600074,6.0054e-06
1745107200017,5.9815e-06
1745110800067,1.25e-05
1745114400081,1.25e-05
1745118000074,1.25e-05
1745121600079,1.25e-05
1745125200061,1.24264e-05
1745128800040,1.25e-05
1745132400033,1.16779e-05
1745136000064,-1.31359e-05
1745139600116,-2.16379e-05
1745143200089,-3.15703e-05
1745146800036,-4.35275e-05
1745150400055,-5.09824e-05
1745154000082,-4.22253e-05
1745157600020,-4.35197e-05
1745161200033,-3.37817e-05
1745164800061,-3.53948e-05
1745168400028,-2.74513e-05
1745172000096,-2.15298e-05
1745175600048,-1.74501e-05
1745179200092,-6.114e-06
1745182800039,7.9366e-06
1745186400102,-1.686e-07
1745190000033,-2.62614e-05
1745193600007,-3.25282e-05
1745197200025,-2.8519e-06
1745200800034,7.0674e-06
1745204400015,3.293e-07
1745208000033,-7.0572e-06
1745211600030,-5.8029e-06
1745215200082,-1.16884e-05
1745218800094,3.0975e-06
1745222400024,4.315e-07
1745226000010,-5.4196e-06
1745229600134,-9.6864e-06
1745233200053,1.25e-05
1745236800028,1.12634e-05
1745240400001,-5.5876e-06
1745244000018,-1.33932e-05
1745247600021,6.6782e-06
1745251200097,2.1387e-06
1745254800109,-2.22564e-05
1745258400042,-2.09039e-05
1745262000071,-1.36279e-05
1745265600044,-3.8763e-06
1745269200050,-1.31137e-05
1745272800046,-1.29072e-05
1745276400018,-1.3867e-05
1745280000047,-1.03207e-05
1745283600028,-4.1954e-06
1745287200049,8.14e-06
1745290800010,1.25e-05
1745294400018,1.25e-05
1745298000086,1.25e-05
1745301600049,1.25e-05
1745305200112,1.25e-05
1745308800012,1.25e-05
1745312400090,1.25e-05
1745316000002,1.25e-05
1745319600036,1.25e-05
1745323200045,1.25e-05
1745326800019,1.25e-05
1745330400016,1.25e-05
1745334000020,1.25e-05
1745337600048,1.25e-05
1745341200047,1.25e-05
1745344800027,1.25e-05
1745348400005,1.25e-05
1745352000061,1.25e-05
1745355600030,1.25e-05
1745359200001,1.25e-05
1745362800073,1.25e-05
1745366400005,1.25e-05
1745370000002,1.25e-05
1745373600048,1.25e-05
1745377200049,1.25e-05
1745380800055,1.25e-05
1745384400064,1.25e-05
1745388000027,1.25e-05
1745391600086,1.25e-05
1745395200028,1.25e-05
1745398800002,1.25e-05
1745402400110,1.25e-05
1745406000005,1.25e-05
1745409600061,1.25e-05
1745413200110,1.25e-05
1745416800048,1.25e-05
1745420400032,1.25e-05
1745424000023,1.25e-05
1745427600027,1.25e-05
1745431200039,1.25e-05
1745434800005,1.25e-05
1745438400052,1.25e-05
1745442000018,1.25e-05
1745445600156,1.25e-05
1745449200075,1.25e-05
1745452800049,1.25e-05
1745456400008,1.25e-05
1745460000021,1.25e-05
1745463600069,1.25e-05
1745467200052,1.25e-05
1745470800087,1.25e-05
1745474400000,1.25e-05
1745478000044,1.25e-05
1745481600047,1.25e-05
1745485200073,1.25e-05
1745488800020,1.25e-05
1745492400009,1.25e-05
1745496000015,1.25e-05
1745499600026,1.25e-05
1745503200048,1.25e-05
1745506800010,1.25e-05
1745510400062,1.25e-05
1745514000010,1.25e-05
1745517600099,1.25e-05
1745521200015,1.25e-05
1745524800114,1.25e-05
1745528400051,1.25e-05
1745532000018,1.25e-05
1745535600077,1.25e-05
1745539200067,1.25e-05
1745542800096,1.25e-05
1745546400044,1.25e-05
1745550000111,1.25e-05
1745553600019,1.25e-05
1745557200110,1.25e-05
1745560800659,1.25e-05
1745564400073,1.25e-05
1745568000036,1.25e-05
1745571600025,1.25e-05
1745575200069,1.25e-05
1745578800035,1.25e-05
1745582400032,1.25e-05
1745586000002,1.25e-05
1745589600022,1.25e-05
1745593200004,1.25e-05
1745596800085,1.25e-05
1745600400046,1.25e-05
1745604000037,1.25e-05
1745607600050,1.25e-05
1745611200058,1.25e-05
1745614800047,1.25e-05
1745618400056,1.25e-05
1745622000047,1.25e-05
1745625600070,1.25e-05
1745629200004,1.25e-05
1745632800037,1.25e-05
1745636400050,1.25e-05
1745640000079,1.25e-05
1745643600089,1.25e-05
1745647200080,1.25e-05
1745650800011,1.25e-05
1745654400041,3.33833e-05
1745658000020,1.25e-05
1745661600013,1.25e-05
1745665200099,1.25e-05
1745668800040,1.25e-05
1745672400062,1.25e-05
1745676000055,1.25e-05
1745679600016,1.25e-05
1745683200047,1.25e-05
1745686800054,1.25e-05
1745690400019,1.25e-05
1745694000030,1.25e-05
1745697600038,1.25e-05
1745701200024,1.25e-05
1745704800026,1.25e-05
1745708400003,1.25e-05
1745712000033,1.25e-05
1745715600081,1.25e-05
1745719200017,1.25e-05
1745722800074,1.25e-05
1745726400052,1.25e-05
1745730000058,1.25e-05
1745733600014,1.25e-05
1745737200032,1.25e-05
1745740800015,1.25e-05
1745744400034,1.25e-05
1745748000004,1.25e-05
1745751600010,1.25e-05
1745755200060,1.25e-05
1745758800022,1.25e-05
1745762400036,1.25e-05
1745766000047,1.25e-05
1745769600060,1.25e-05
1745773200051,1.25e-05
1745776800040,1.25e-05
1745780400040,1.25e-05
1745784000025,1.25e-05
1745787600041,1.25e-05
1745791200032,1.25e-05
1745794800006,1.25e-05
1745798400039,1.25e-05
1745802000048,1.25e-05
1745805600070,1.25e-05
1745809200116,1.25e-05
1745812800046,1.25e-05
1745816400026,1.25e-05
1745820000029,1.25e-05
1745823600083,1.25e-05
1745827200025,1.71306e-05
1745830800092,1.25e-05
1745834400106,1.25e-05
1745838000067,1.25e-05
1745841600007,1.25e-05
1745845200058,1.25e-05
1745848800031,1.25e-05
1745852400049,1.25e-05
1745856000005,1.25e-05
1745859600059,1.25e-05
1745863200027,1.25e-05
1745866800072,1.25e-05
1745870400031,1.25e-05
1745874000031,1.25e-05
1745877600038,1.25e-05
1745881200073,1.25e-05
1745884800114,1.25e-05
1745888400054,1.25e-05
1745892000068,1.25e-05
1745895600009,1.25e-05
1745899200094,1.25e-05
1745902800010,1.25e-05
1745906400006,1.25e-05
1745910000003,1.25e-05
1745913600045,1.25e-05
1745917200049,1.25e-05
1745920800039,1.25e-05
1745924400028,1.25e-05
1745928000063,1.25e-05
1745931600012,1.25e-05
1745935200042,1.25e-05
1745938800090,1.25e-05
1745942400044,1.25e-05
1745946000089,1.25e-05
1745949600005,1.25e-05
1745953200034,1.25e-05
1745956800019,1.25e-05
1745960400095,1.25e-05
1745964000103,1.25e-05
1745967600007,1.25e-05
1745971200064,1.25e-05
1745974800039,1.25e-05
1745978400083,1.25e-05
1745982000000,1.25e-05
1745985600093,1.25e-05
1745989200118,1.25e-05
1745992800051,1.25e-05
1745996400035,1.25e-05
1746000000027,1.25e-05
1746003600041,1.25e-05
1746007200048,1.25e-05
1746010800054,1.25e-05
1746014400106,1.25e-05
1746018000026,1.25e-05
1746021600059,1.25e-05
1746025200012,1.25e-05
1746028800033,1.25e-05
1746032400040,8.8552e-06
1746036000030,1.25e-05
1746039600099,1.25e-05
1746043200087,1.25e-05
1746046800061,1.25e-05
1746050400053,1.25e-05
1746054000065,1.25e-05
1746057600104,1.25e-05
1746061200030,1.25e-05
1746064800005,1.25e-05
1746068400037,1.25e-05
1746072000010,1.25e-05
1746075600059,1.25e-05
1746079200023,1.25e-05
1746082800023,1.25e-05
1746086400013,1.25e-05
1746090000071,1.25e-05
1746093600063,1.25e-05
1746097200019,1.25e-05
1746100800140,1.25e-05
1746104400001,1.25e-05
1746108000073,1.25e-05
1746111600106,1.25e-05
1746115200012,1.25e-05
1746118800084,1.25e-05
1746122400029,1.25e-05
1746126000029,1.25e-05
1746129600034,1.25e-05
1746133200068,1.25e-05
1746136800057,1.25e-05
1746140400006,1.25e-05
1746144000001,1.25e-05
1746147600054,1.25e-05
1746151200069,1.25e-05
1746154800002,1.25e-05
1746158400034,1.25e-05
1746162000069,1.25e-05
1746165600067,1.25e-05
1746169200001,1.25e-05
1746172800116,1.25e-05
1746176400057,1.25e-05
1746180000076,1.25e-05
1746183600032,1.25e-05
1746187200024,1.25e-05
1746190800000,1.25e-05
1746194400060,1.25e-05
1746198000079,1.25e-05
1746201600032,1.25e-05
1746205200111,1.25e-05
1746208800101,1.25e-05
1746212400062,1.25e-05
1746216000030,1.25e-05
1746219600007,1.25e-05
1746223200037,1.25e-05
1746226800040,1.25e-05
1746230400096,1.25e-05
1746234000021,1.25e-05
1746237600040,1.25e-05
1746241200113,1.25e-05
1746244800069,1.25e-05
1746248400025,1.25e-05
1746252000081,1.25e-05
1746255600040,1.25e-05
1746259200119,1.25e-05
1746262800016,1.1496e-05
1746266400004,5.8816e-06
1746270000063,1.25e-05
1746273600080,9.9354e-06
1746277200018,1.02773e-05
1746280800078,8.4354e-06
1746284400007,2.3604e-06
1746288000092,1.25e-05
1746291600068,1.25e-05
1746295200029,-3.2649e-06
1746298800023,-2.7438e-06
1746302400024,-5.7185e-06
1746306000009,1.25e-05
1746309600055,1.25e-05
1746313200004,5.0988e-06
1746316800111,6.2261e-06
1746320400037,5.9561e-06
1746324000084,1.05225e-05
1746327600082,1.25e-05
1746331200051,1.25e-05
1746334800046,1.25e-05
1746338400017,1.25e-05
1746342000095,5.2687e-06
1746345600000,1.02913e-05
1746349200040,7.5475e-06
1746352800025,4.5195e-06
1746356400059,2.4496e-06
1746360000067,1.6693e-06
1746363600126,-1.28146e-05
1746367200045,-1.10887e-05
1746370800016,-8.6e-08
1746374400097,7.2624e-06
1746378000015,1.2741e-06
1746381600062,-3.6763e-06
1746385200050,-1.9246e-06
1746388800015,2.5236e-06
1746392400071,1.6665e-06
1746396000113,7.6143e-06
1746399600044,-1.2068e-06
1746403200011,-1.46677e-05
1746406800121,-1.11694e-05
1746410400054,-2.62803e-05
1746414000031,-1.36043e-05
1746417600017,-1.22607e-05
1746421200009,-1.16138e-05
1746424800024,-1.25097e-05
1746428400002,-1.50446e-05
1746432000012,-1.45483e-05
1746435600113,-8.7023e-06
1746439200018,-1.16134e-05
1746442800021,-1.59295e-05
1746446400021,-2.40726e-05
1746450000050,-6.6391e-06
1746453600011,-1.3701e-05
1746457200073,1.9434e-06
1746460800157,-8.6769e-06
1746464400021,-2.39533e-05
1746468000045,-2.8507e-06
1746471600003,4.4186e-06
1746475200012,4.7635e-06
1746478800073,-2.1248e-06
1746482400000,-1.76441e-05
1746486000053,5.7282e-06
1746489600024,7.2839e-06
1746493200010,-3.0334e-06
1746496800008,-7.6854e-06
1746500400065,-3.40983e-05
1746504000018,-3.08439e-05
1746507600099,-2.77449e-05
1746511200019,-2.86897e-05
1746514800035,-1.78436e-05
1746518400074,-2.20212e-05
1746522000060,-2.7594e-05
1746525600043,-2.61274e-05
1746529200001,-2.21861e-05
1746532800021,-1.83562e-05
1746536400066,-1.30308e-05
1746540000017,-1.65382e-05
1746543600085,2.6683e-06
1746547200046,-8.02e-07
1746550800011,-7.011e-06
1746554400054,-1.19407e-05
1746558000075,-2.8585e-06
1746561600001,4.0719e-06
1746565200065,-1.9575e-06
1746568800099,-4.355e-06
1746572400067,-1.5712e-06
1746576000066,1.15093e-05
1746579600021,7.9453e-06
1746583200081,6.9005e-06
1746586800096,6.166e-07
1746590400103,6.6776e-06
1746594000048,1.09459e-05
1746597600111,-2.7102e-06
1746601200042,-5.2525e-06
1746604800064,5.6106e-06
1746608400036,1.13125e-05
1746612000031,9.0577e-06
1746615600004,9.376e-06
1746619200010,1.25e-05
1746622800059,6.1021e-06
1746626400006,8.899e-06
1746630000023,7.4136e-06
1746633600082,2.8235e-06
1746637200040,-2.3145e-06
1746640800008,6.9256e-06
1746644400080,-1.651e-07
1746648000107,-7.593e-06
1746651600008,-1.66415e-05
1746655200040,1.25e-05
1746658800029,1.25e-05
1746662400045,1.25e-05
1746666000041,1.25e-05
1746669600033,1.25e-05
1746673200061,1.25e-05
1746676800087,1.25e-05
1746680400081,1.25e-05
1746684000003,1.25e-05
1746687600033,1.25e-05
1746691200045,1.25e-05
1746694800025,1.25e-05
1746698400017,1.25e-05
1746702000014,1.25e-05
1746705600098,1.25e-05
1746709200167,1.25e-05
1746712800082,1.25e-05
1746716400050,1.25e-05
1746720000025,1.25e-05
1746723600052,1.25e-05
1746727200057,1.25e-05
1746730800057,1.25e-05
1746734400006,1.25e-05
1746738000027,1.25e-05
1746741600047,2.81431e-05
1746745200001,2.82169e-05
1746748800076,4.10285e-05
1746752400038,5.07445e-05
1746756000034,5.50268e-05
1746759600000,5.41814e-05
1746763200012,3.83182e-05
1746766800007,2.64171e-05
1746770400048,2.48861e-05
1746774000061,4.41622e-05
1746777600036,5.68682e-05
1746781200008,7.10075e-05
1746784800044,8.22623e-05
1746788400005,0.0001133571
1746792000046,6.09375e-05
1746795600081,3.99293e-05
1746799200033,4.4765e-05
1746802800010,1.25e-05
1746806400039,1.25e-05
1746810000005,1.25e-05
1746813600052,1.78957e-05
1746817200051,3.47169e-05
1746820800011,3.06392e-05
1746824400013,3.98736e-05
1746828000025,3.56009e-05
1746831600078,2.64937e-05
1746835200076,2.97172e-05
1746838800052,2.40107e-05
1746842400031,1.77585e-05
1746846000023,3.42909e-05
1746849600085,3.728e-05
1746853200057,2.14507e-05
1746856800018,2.99697e-05
1746860400045,4.12248e-05
1746864000101,3.65826e-05
1746867600013,3.72984e-05
1746871200070,4.45807e-05
1746874800020,6.60625e-05
1746878400003,3.34863e-05
1746882000062,4.15056e-05
1746885600038,4.61738e-05
1746889200006,4.26197e-05
1746892800026,4.59899e-05
1746896400031,4.64968e-05
1746900000059,5.72913e-05
1746903600101,4.85753e-05
1746907200025,5.48202e-05
1746910800028,5.69934e-05
1746914400013,5.70067e-05
1746918000024,6.5878e-05
1746921600015,7.19349e-05
1746925200000,5.25057e-05
1746928800006,5.33707e-05
1746932400098,2.92033e-05
1746936000056,4.16207e-05
1746939600056,3.71031e-05
1746943200067,3.75018e-05
1746946800026,1.85136e-05
1746950400047,1.25e-05
1746954000031,1.25e-05
1746957600021,1.25e-05
1746961200023,1.25e-05
1746964800065,1.37503e-05
1746968400089,2.48327e-05
1746972000038,1.67966e-05
1746975600037,1.33256e-05
1746979200034,1.54663e-05
1746982800012,1.33575e-05
1746986400111,5.45508e-05
1746990000015,6.6994e-05
1746993600042,7.49072e-05
1746997200079,3.9547e-05
1747000800046,1.25e-05
1747004400007,1.25e-05
1747008000038,1.25e-05
1747011600003,1.25e-05
1747015200016,1.25e-05
1747018800023,1.25e-05
1747022400114,2.36536e-05
1747026000079,2.32101e-05
1747029600023,2.94677e-05
1747033200004,3.61007e-05
1747036800052,8.50992e-05
1747040400006,7.06035e-05
1747044000029,8.74846e-05
1747047600070,8.12522e-05
1747051200048,9.10835e-05
1747054800076,0.0001939088
1747058400066,0.000159348
1747062000002,0.0001264912
1747065600034,0.0001036474
1747069200046,0.0001935607
1747072800014,0.000100303
1747076400035,2.09354e-05
1747080000008,1.25e-05
1747083600012,1.25e-05
1747087200044,1.25e-05
1747090800051,1.25e-05
1747094400088,1.25e-05
1747098000084,1.25e-05
1747101600038,1.25e-05
1747105200064,1.25e-05
1747108800005,1.25e-05
1747112400079,1.25e-05
1747116000098,4.27955e-05
1747119600080,8.17285e-05
1747123200100,9.19801e-05
1747126800102,5.18028e-05
1747130400055,6.55572e-05
1747134000003,7.6824e-05
1747137600062,6.6687e-05
1747141200015,6.09645e-05
1747144800068,6.80314e-05
1747148400047,4.12861e-05
1747152000057,3.78871e-05
1747155600006,5.45887e-05
1747159200057,6.46733e-05
1747162800032,7.29787e-05
1747166400040,0.0001087651
1747170000029,7.02116e-05
1747173600063,6.89929e-05
1747177200122,6.60981e-05
1747180800025,7.98544e-05
1747184400034,4.66133e-05
1747188000059,6.30856e-05
1747191600015,2.53584e-05
1747195200101,2.1849e-05
1747198800139,2.95094e-05
1747202400023,4.75427e-05
1747206000044,4.2426e-05
1747209600024,4.3369e-05
1747213200049,5.21687e-05
1747216800020,1.25e-05
1747220400065,1.25e-05
1747224000110,1.25e-05
1747227600002,1.34809e-05
1747231200022,1.25e-05
1747234800064,1.25e-05
1747238400001,1.25e-05
1747242000003,1.25e-05
1747245600030,1.25e-05
1747249200100,1.25e-05
1747252800049,1.52303e-05
1747256400032,1.34856e-05
1747260000021,1.25e-05
1747263600024,2.34227e-05
1747267200021,1.25e-05
1747270800100,1.25e-05
1747274400000,1.25e-05
1747278000030,1.25e-05
1747281600007,1.25e-05
1747285200046,1.25e-05
1747288800009,1.25e-05
1747292400041,1.25e-05
1747296000035,1.25e-05
1747299600016,1.25e-05
1747303200013,1.25e-05
1747306800077,1.25e-05
1747310400008,1.25e-05
1747314000042,1.25e-05
1747317600076,1.25e-05
1747321200137,1.25e-05
1747324800033,1.25e-05
1747328400090,2.10753e-05
1747332000032,3.11799e-05
1747335600068,1.25e-05
1747339200106,1.25e-05
1747342800041,1.25e-05
1747346400000,1.25e-05
1747350000027,1.25e-05
1747353600075,1.25e-05
1747357200009,1.25e-05
1747360800070,1.25e-05
1747364400056,1.25e-05
1747368000079,1.25e-05
1747371600040,1.25e-05
1747375200044,1.25e-05
1747378800028,1.95705e-05
1747382400029,1.25e-05
1747386000102,1.25e-05
1747389600062,1.3152e-05
1747393200067,1.78909e-05
1747396800023,2.4092e-05
1747400400049,4.56654e-05
1747404000055,4.05379e-05
1747407600038,3.94432e-05
1747411200033,3.01759e-05
1747414800078,1.74549e-05
1747418400023,3.17442e-05
1747422000066,1.9766e-05
1747425600031,3.28732e-05
1747429200056,1.25e-05
1747432800067,1.25e-05
1747436400071,1.25e-05
1747440000044,1.25e-05
1747443600055,1.25e-05
1747447200106,1.25e-05
1747450800047,1.25e-05
1747454400012,1.25e-05
1747458000087,1.25e-05
1747461600007,1.25e-05
1747465200022,1.25e-05
1747468800008,1.25e-05
1747472400017,1.25e-05
1747476000014,1.25e-05
1747479600062,1.25e-05
1747483200195,1.25e-05
1747486800054,1.25e-05
1747490400032,1.25e-05
1747494000048,1.25e-05
1747497600016,1.25e-05
1747501200156,1.25e-05
1747504800050,1.25e-05
1747508400026,1.25e-05
1747512000018,1.25e-05
1747515600041,1.25e-05
1747519200095,1.25e-05
1747522800059,1.25e-05
1747526400066,1.25e-05
1747530000071,1.25e-05
1747533600087,1.25e-05
1747537200054,1.25e-05
1747540800096,1.25e-05
1747544400055,1.25e-05
1747548000061,1.25e-05
1747551600024,1.25e-05
1747555200004,1.25e-05
1747558800092,1.25e-05
1747562400042,1.25e-05
1747566000077,1.39877e-05
1747569600018,2.72822e-05
1747573200069,1.53727e-05
1747576800042,1.25e-05
1747580400039,1.25e-05
1747584000038,1.25e-05
1747587600037,3.59723e-05
1747591200174,3.99258e-05
1747594800054,1.25e-05
1747598400122,2.66597e-05
1747602000034,1.25e-05
1747605600015,3.30934e-05
1747609200036,1.27597e-05
1747612800008,4.12856e-05
1747616400041,1.25e-05
1747620000082,1.25e-05
1747623600062,1.25e-05
1747627200042,1.25e-05
1747630800054,1.25e-05
1747634400035,1.25e-05
1747638000113,1.25e-05
1747641600020,-4.3641e-06
1747645200089,5.0547e-06
1747648800002,1.25e-05
1747652400143,1.25e-05
1747656000037,1.25e-05
1747659600007,1.25e-05
1747663200036,1.25e-05
1747666800012,1.25e-05
1747670400013,1.25e-05
1747674000071,1.25e-05
1747677600002,1.25e-05
1747681200031,1.25e-05
1747684800059,1.25e-05
1747688400095,1.25e-05
1747692000002,1.25e-05
1747695600045,1.25e-05
1747699200103,1.25e-05
1747702800037,1.25e-05
1747706400017,1.25e-05
1747710000052,1.25e-05
1747713600035,1.25e-05
1747717200053,1.25e-05
1747720800030,1.25e-05
1747724400025,1.25e-05
1747728000033,1.25e-05
1747731600034,1.25e-05
1747735200027,1.25e-05
1747738800042,1.25e-05
1747742400047,1.25e-05
1747746000109,1.25e-05
1747749600005,1.25e-05
1747753200019,1.25e-05
1747756800069,1.25e-05
1747760400048,1.25e-05
1747764000030,1.25e-05
1747767600065,1.25e-05
1747771200038,1.25e-05
1747774800006,1.25e-05
1747778400064,1.25e-05
1747782000022,1.25e-05
1747785600065,1.25e-05
1747789200058,1.25e-05
1747792800037,1.25e-05
1747796400022,1.25e-05
1747800000068,1.25e-05
1747803600046,1.25e-05
1747807200048,1.25e-05
1747810800036,1.25e-05
1747814400027,1.25e-05
1747818000037,1.25e-05
1747821600027,1.25e-05
1747825200044,1.25e-05
1747828800007,1.25e-05
1747832400061,1.25e-05
1747836000030,1.25e-05
1747839600053,1.25e-05
1747843200003,4.03662e-05
1747846800007,6.48396e-05
1747850400064,1.25e-05
1747854000018,1.25e-05
1747857600058,1.25e-05
1747861200035,1.25e-05
1747864800019,1.25e-05
1747868400003,1.91631e-05
1747872000023,9.60971e-05
1747875600020,6.599e-05
1747879200012,4.81375e-05
1747882800055,1.38413e-05
1747886400039,1.25e-05
1747890000098,5.27538e-05
1747893600006,5.49784e-05
1747897200111,3.7572e-05
1747900800041,1.25e-05
1747904400041,1.25e-05
1747908000043,1.25e-05
1747911600072,4.56639e-05
1747915200047,3.99351e-05
1747918800064,5.68333e-05
1747922400016,3.19617e-05
1747926000004,5.00837e-05
1747929600025,7.84776e-05
1747933200046,8.48246e-05
1747936800102,8.67746e-05
1747940400033,8.16079e-05
1747944000069,6.88211e-05
1747947600046,7.67203e-05
1747951200036,7.22314e-05
1747954800021,0.0001034318
1747958400026,0.0001077143
1747962000062,0.0001095574
1747965600066,0.000127484
1747969200008,0.0001943155
1747972800002,0.0001363179
1747976400051,8.11834e-05
1747980000100,6.36286e-05
1747983600023,4.7202e-05
1747987200035,4.8582e-05
1747990800088,3.71072e-05
1747994400119,9.28096e-05
1747998000057,8.93496e-05
1748001600048,6.2527e-05
1748005200067,3.08357e-05
1748008800040,5.35242e-05
1748012400007,5.77601e-05
1748016000070,7.45352e-05
1748019600048,5.59538e-05
1748023200053,6.68713e-05
1748026800028,4.81603e-05
1748030400063,3.65498e-05
1748034000004,2.3376e-05
1748037600091,1.84204e-05
1748041200174,1.96186e-05
1748044800003,1.25e-05
1748048400023,1.25e-05
1748052000070,1.25e-05
1748055600023,1.25e-05
1748059200069,1.25e-05
1748062800006,1.25e-05
1748066400107,1.25e-05
1748070000090,1.25e-05
1748073600037,1.25e-05
1748077200014,1.25e-05
1748080800106,2.21681e-05
1748084400016,1.9099e-05
1748088000045,1.25e-05
1748091600025,1.41106e-05
1748095200037,1.25e-05
1748098800067,1.25e-05
1748102400014,1.30814e-05
1748106000057,1.25e-05
1748109600013,1.32212e-05
1748113200008,2.65072e-05
1748116800045,1.25e-05
1748120400067,1.25e-05
1748124000041,1.25e-05
1748127600017,1.25e-05
1748131200079,1.25e-05
1748134800053,1.25e-05
1748138400132,1.25e-05
1748142000038,1.25e-05
1748145600039,1.25e-05
1748149200038,1.25e-05
1748152800032,1.25e-05
1748156400011,1.25e-05
1748160000004,1.25e-05
1748163600034,1.25e-05
1748167200089,1.25e-05
1748170800038,1.25e-05
1748174400062,1.06975e-05
1748178000041,1.25e-05
1748181600044,1.25e-05
1748185200050,1.25e-05
1748188800017,1.25e-05
1748192400017,1.25e-05
1748196000003,1.25e-05
1748199600026,1.25e-05
1748203200121,1.25e-05
1748206800009,1.25e-05
1748210400008,1.25e-05
1748214000018,1.25e-05
1748217600069,1.25e-05
1748221200034,1.25e-05
1748224800026,1.25e-05
1748228400038,1.25e-05
1748232000113,1.25e-05
1748235600062,1.25e-05
1748239200004,1.25e-05
1748242800020,1.25e-05
1748246400022,1.25e-05
1748250000048,1.25e-05
1748253600013,1.25e-05
1748257200079,1.25e-05
1748260800052,1.25e-05
1748264400046,1.25e-05
1748268000002,1.25e-05
1748271600048,1.25e-05
1748275200057,1.25e-05
1748278800036,1.25e-05
1748282400034,1.25e-05
1748286000184,1.25e-05
1748289600078,1.25e-05
1748293200039,1.25e-05
1748296800028,1.25e-05
1748300400077,1.25e-05
1748304000087,1.25e-05
1748307600084,1.25e-05
1748311200001,1.25e-05
1748314800011,1.25e-05
1748318400006,1.25e-05
1748322000054,1.25e-05
1748325600125,1.25e-05
1748329200059,1.25e-05
1748332800121,1.25e-05
1748336400022,1.25e-05
1748340000074,1.25e-05
1748343600024,1.25e-05
1748347200023,1.25e-05
1748350800055,1.25e-05
1748354400020,1.25e-05
1748358000020,1.25e-05
1748361600051,1.25e-05
1748365200041,1.25e-05
1748368800046,1.25e-05
1748372400086,1.25e-05
1748376000018,1.25e-05
1748379600043,1.25e-05
1748383200011,1.25e-05
1748386800039,1.25e-05
1748390400112,1.25e-05
1748394000014,1.25e-05
1748397600045,1.25e-05
1748401200058,1.25e-05
1748404800006,1.25e-05
1748408400074,1.25e-05
1748412000049,1.25e-05
1748415600050,1.25e-05
1748419200014,1.25e-05
1748422800091,1.25e-05
1748426400183,1.25e-05
1748430000075,1.25e-05
1748433600089,1.25e-05
1748437200090,1.25e-05
1748440800005,1.25e-05
1748444400044,1.25e-05
1748448000020,1.25e-05
1748451600033,-1.38921e-05
1748455200055,-2.95225e-05
1748458800046,-9.4126e-06
1748462400096,-6.2221e-06
1748466000153,-9.1246e-06
1748469600008,5.2026e-06
1748473200054,-7.982e-07
1748476800026,1.03372e-05
1748480400033,1.25e-05
1748484000003,1.25e-05
1748487600067,1.25e-05
1748491200048,1.25e-05
1748494800008,1.25e-05
1748498400062,1.25e-05
1748502000047,1.25e-05
1748505600009,1.25e-05
1748509200005,1.25e-05
1748512800053,1.25e-05
1748516400051,1.25e-05
1748520000053,1.25e-05
1748523600053,1.25e-05
1748527200036,1.25e-05
1748530800014,1.25e-05
1748534400025,1.25e-05
1748538000034,1.25e-05
1748541600040,1.25e-05
1748545200031,1.25e-05
1748548800009,1.25e-05
1748552400030,1.25e-05
1748556000127,1.25e-05
1748559600016,1.25e-05
1748563200037,1.25e-05
1748566800049,1.25e-05
1748570400039,1.19867e-05
1748574000039,1.25e-05
1748577600047,1.25e-05
1748581200044,1.25e-05
1748584800067,1.25e-05
1748588400022,1.16658e-05
1748592000000,1.25e-05
1748595600024,1.25e-05
1748599200043,1.25e-05
1748602800016,1.25e-05
1748606400033,1.25e-05
1748610000062,1.25e-05
1748613600061,1.25e-05
1748617200055,1.25e-05
1748620800012,1.25e-05
1748624400002,3.9305e-06
1748628000054,6.921e-06
1748631600061,1.25e-05
1748635200010,1.25e-05
1748638800019,1.06925e-05
1748642400048,1.25e-05
1748646000180,7.7507e-06
1748649600016,1.0599e-06
1748653200074,-3.5552e-06
1748656800014,9.213e-07
1748660400017,-1.12852e-05
1748664000080,-3.0447e-06
1748667600028,7.4178e-06
1748671200064,4.1114e-06
1748674800049,1.25e-05
1748678400077,6.9906e-06
1748682000052,1.03954e-05
1748685600063,7.1262e-06
1748689200039,1.25e-05
1748692800065,1.25e-05
1748696400035,1.25e-05
1748700000046,1.25e-05
1748703600010,1.25e-05
1748707200045,1.25e-05
1748710800088,3.801e-06
1748714400045,2.64e-08
1748718000009,1.25e-05
1748721600027,1.25e-05
1748725200015,1.25e-05
1748728800046,1.25e-05
1748732400018,8.8227e-06
1748736000078,9.5136e-06
1748739600019,1.03213e-05
1748743200109,1.18893e-05
1748746800048,1.25e-05
1748750400103,1.25e-05
1748754000059,1.25e-05
1748757600133,1.18731e-05
1748761200003,8.1253e-06
1748764800002,5.5224e-06
1748768400055,1.10472e-05
1748772000042,1.25e-05
1748775600046,1.25e-05
1748779200025,9.5415e-06
1748782800084,1.25e-05
1748786400010,6.5898e-06
1748790000030,7.3785e-06
1748793600048,5.0984e-06
1748797200043,1.25e-05
1748800800076,1.25e-05
1748804400018,1.25e-05
1748808000004,1.25e-05
1748811600005,1.25e-05
1748815200049,1.25e-05
1748818800037,1.25e-05
1748822400086,1.25e-05
1748826000023,1.25e-05
1748829600030,1.25e-05
1748833200038,1.25e-05
1748836800014,1.25e-05
1748840400028,1.25e-05
1748844000044,1.25e-05
1748847600008,1.25e-05
1748851200040,1.25e-05
1748854800025,1.25e-05
1748858400026,1.25e-05
1748862000037,1.25e-05
1748865600033,1.25e-05
1748869200081,1.25e-05
1748872800062,1.25e-05
1748876400064,1.25e-05
1748880000096,1.25e-05
1748883600043,1.25e-05
1748887200039,1.25e-05
1748890800056,1.25e-05
1748894400099,1.25e-05
1748898000035,1.25e-05
1748901600136,1.25e-05
1748905200002,1.25e-05
1748908800081,1.25e-05
1748912400009,1.25e-05
1748916000006,1.25e-05
1748919600056,1.25e-05
1748923200053,1.25e-05
1748926800040,1.25e-05
1748930400013,1.25e-05
1748934000012,1.25e-05
1748937600030,1.25e-05
1748941200023,1.25e-05
1748944800007,1.25e-05
1748948400041,1.25e-05
1748952000032,1.25e-05
1748955600033,1.25e-05
1748959200009,1.25e-05
1748962800025,1.25e-05
1748966400045,1.25e-05
1748970000035,1.25e-05
1748973600005,1.25e-05
1748977200055,1.25e-05
1748980800047,1.25e-05
1748984400022,1.25e-05
1748988000045,1.25e-05
1748991600057,1.25e-05
1748995200069,1.25e-05
1748998800018,1.25e-05
1749002400063,1.25e-05
1749006000013,1.25e-05
1749009600062,1.25e-05
1749013200046,1.25e-05
1749016800082,1.25e-05
1749020400073,1.25e-05
1749024000021,1.25e-05
1749027600081,1.25e-05
1749031200065,1.25e-05
1749034800022,1.25e-05
1749038400002,1.25e-05
1749042000042,1.25e-05
1749045600057,1.25e-05
1749049200078,1.25e-05
1749052800078,1.25e-05
1749056400038,1.25e-05
1749060000055,1.25e-05
1749063600060,1.25e-05
1749067200034,1.25e-05
1749070800050,1.25e-05
1749074400054,1.25e-05
1749078000077,1.25e-05
1749081600030,1.25e-05
1749085200048,1.25e-05
1749088800041,1.25e-05
1749092400032,1.25e-05
1749096000121,1.25e-05
1749099600107,1.25e-05
1749103200049,1.25e-05
1749106800043,1.25e-05
1749110400070,1.25e-05
1749114000114,1.25e-05
1749117600024,1.25e-05
1749121200019,1.25e-05
1749124800051,1.25e-05
1749128400009,1.25e-05
1749132000100,1.25e-05
1749135600039,1.25e-05
1749139200036,1.25e-05
1749142800020,1.25e-05
1749146400120,1.25e-05
1749150000052,1.25e-05
1749153600081,1.25e-05
1749157200032,1.25e-05
1749160800004,1.25e-05
1749164400057,1.25e-05
1749168000006,1.25e-05
1749171600034,1.25e-05
1749175200029,1.25e-05
1749178800018,1.25e-05
1749182400038,1.25e-05
1749186000153,1.25e-05
1749189600050,1.25e-05
1749193200032,1.25e-05
1749196800093,1.25e-05
1749200400118,1.25e-05
1749204000014,1.25e-05
1749207600020,1.25e-05
1749211200086,1.25e-05
1749214800084,1.25e-05
1749218400000,1.25e-05
1749222000000,1.25e-05
1749225600031,1.25e-05
1749229200080,1.25e-05
1749232800028,1.25e-05
1749236400061,1.25e-05
1749240000067,1.25e-05
1749243600062,1.25e-05
1749247200029,1.25e-05
1749250800070,1.25e-05
1749254400049,1.25e-05
1749258000109,1.25e-05
1749261600150,1.25e-05
1749265200011,1.25e-05
1749268800007,1.25e-05
1749272400100,1.25e-05
1749276000006,1.25e-05
1749279600001,1.25e-05
1749283200011,1.25e-05
1749286800055,1.25e-05
1749290400012,1.25e-05
1749294000014,1.25e-05
1749297600046,1.25e-05
1749301200000,1.25e-05
1749304800037,1.25e-05
1749308400034,1.25e-05
1749312000047,1.25e-05
1749315600034,1.25e-05
1749319200035,1.25e-05
1749322800020,1.25e-05
1749326400034,1.25e-05
1749330000023,1.25e-05
1749333600024,1.25e-05
1749337200133,1.25e-05
1749340800068,1.25e-05
1749344400007,1.25e-05
1749348000039,1.25e-05
1749351600042,1.25e-05
1749355200077,1.25e-05
1749358800050,1.25e-05
1749362400030,1.25e-05
1749366000054,1.25e-05
1749369600054,1.25e-05
1749373200029,1.25e-05
1749376801094,1.25e-05
1749380400047,1.25e-05
1749384000050,1.25e-05
1749387600090,1.25e-05
1749391200034,1.25e-05
1749394800008,1.25e-05
1749398400155,1.25e-05
1749402000100,1.25e-05
1749405600014,1.25e-05
1749409200129,1.25e-05
1749412800076,1.25e-05
1749416400020,1.25e-05
1749420000029,1.25e-05
1749423600026,1.25e-05
1749427200057,1.25e-05
1749430800044,1.25e-05
1749434400044,1.25e-05
1749438000080,1.25e-05
1749441600036,1.25e-05
1749445200013,1.25e-05
1749448800017,1.25e-05
1749452400028,1.25e-05
1749456000048,1.25e-05
1749459600009,1.25e-05
1749463200027,1.25e-05
1749466800064,1.25e-05
1749470400039,1.25e-05
1749474000049,1.25e-05
1749477600022,1.25e-05
1749481200045,1.25e-05
1749484800064,1.25e-05
1749488400044,1.25e-05
1749492000020,1.25e-05
1749495600008,1.25e-05
1749499200017,1.25e-05
1749502800047,1.25e-05
1749506400064,1.25e-05
1749510000012,1.25e-05
1749513600020,1.54997e-05
1749517200087,2.02728e-05
1749520800084,2.31404e-05
1749524400011,3.12339e-05
1749528000100,3.75698e-05
1749531600092,2.98793e-05
1749535200045,2.08315e-05
1749538800034,1.59387e-05
1749542400005,2.22476e-05
1749546000009,1.43745e-05
1749549600100,1.66971e-05
1749553200059,1.25e-05
1749556800068,1.25e-05
1749560400051,1.25e-05
1749564000059,1.25e-05
1749567600028,1.25e-05
1749571200050,1.25e-05
1749574800088,1.25e-05
1749578400000,1.25e-05
1749582000048,3.03892e-05
1749585600022,2.39665e-05
1749589200022,1.25e-05
1749592800015,1.25e-05
1749596400052,1.25e-05
1749600000023,1.25e-05
1749603600031,1.25e-05
1749607200000,1.25e-05
1749610800029,1.25e-05
1749614400007,1.25e-05
1749618000064,1.25e-05
1749621600004,1.48397e-05
1749625200104,2.39292e-05
1749628800010,1.76369e-05
1749632400000,3.77093e-05
1749636000000,2.31676e-05
1749639600025,1.25e-05
1749643200014,1.67217e-05
1749646800005,2.99246e-05
1749650400039,3.63032e-05
1749654000066,5.04106e-05
1749657600022,3.54792e-05
1749661200025,3.2664e-05
1749664800056,2.12862e-05
1749668400046,1.25e-05
1749672000062,1.25e-05
1749675600047,1.25e-05
1749679200010,1.25e-05
1749682800035,1.25e-05
1749686400029,1.25e-05
1749690000057,1.25e-05
1749693600030,1.25e-05
1749697200050,1.25e-05
1749700800063,1.25e-05
1749704400051,1.25e-05
1749708000026,1.25e-05
1749711600003,1.25e-05
1749715200002,1.25e-05
1749718800008,1.25e-05
1749722400077,1.25e-05
1749726000028,1.25e-05
1749729600029,1.25e-05
1749733200033,1.25e-05
1749736800050,1.25e-05
1749740400041,1.25e-05
1749744000065,1.25e-05
1749747600050,1.25e-05
1749751200038,1.25e-05
1749754800005,1.25e-05
1749758400034,1.25e-05
1749762000020,1.25e-05
1749765600002,1.25e-05
1749769200085,1.25e-05
1749772800071,1.25e-05
1749776400021,6.2251e-06
1749780000052,6e-06
1749783600055,-2.145e-07
1749787200055,2.751e-07
1749790800019,6.058e-07
1749794400076,-6.606e-07
1749798000070,-4.922e-06
1749801600018,-1.03336e-05
1749805200004,1.4147e-06
1749808800049,1.25e-05
1749812400043,1.25e-05
1749816000027,1.25e-05
1749819600058,1.25e-05
1749823200063,1.25e-05
1749826800029,1.25e-05
1749830400040,1.25e-05
1749834000020,1.25e-05
1749837600083,1.25e-05
1749841200092,1.17804e-05
1749844800037,1.25e-05
1749848400004,1.25e-05
1749852000162,1.25e-05
1749855600009,1.25e-05
1749859200047,1.23934e-05
1749862800084,1.25e-05
1749866400075,1.25e-05
1749870000035,1.25e-05
1749873600008,1.25e-05
1749877200037,1.25e-05
1749880800047,1.25e-05
1749884400013,1.25e-05
1749888000182,1.25e-05
1749891600007,1.25e-05
1749895200013,1.25e-05
1749898800012,1.25e-05
1749902400033,1.25e-05
1749906000004,1.25e-05
1749909600010,7.9964e-06
1749913200001,2.6561e-06
1749916800021,8.4143e-06
1749920400013,8.4409e-06
1749924000012,1.4624e-06
1749927600061,-4.3626e-06
1749931200043,5.3424e-06
1749934800044,-1.07489e-05
1749938400032,1.0065e-05
1749942000017,1.25e-05
1749945600102,1.25e-05
1749949200119,1.18281e-05
1749952800164,7.3741e-06
1749956400032,1.19398e-05
1749960000040,1.25e-05
1749963600095,1.25e-05
1749967200052,1.25e-05
1749970800018,1.25e-05
1749974400021,1.25e-05
1749978000016,1.25e-05
1749981600032,1.25e-05
1749985200032,1.25e-05
1749988800126,1.25e-05
1749992400030,1.25e-05
1749996000056,1.25e-05
1749999600041,1.25e-05
1750003200130,1.25e-05
1750006800045,1.25e-05
1750010400022,1.25e-05
1750014000071,1.25e-05
1750017600032,1.1557e-05
1750021200007,-7.7e-08
1750024800017,1.4316e-06
1750028400037,1.2432e-05
1750032000076,8.4802e-06
1750035600049,2.7445e-06
1750039200073,2.9255e-06
1750042800020,1.25e-05
1750046400041,1.25e-05
1750050000097,1.25e-05
1750053600023,1.25e-05
1750057200083,1.25e-05
1750060800052,1.25e-05
1750064400029,1.25e-05
1750068000078,1.25e-05
1750071600015,1.25e-05
1750075200104,1.25e-05
1750078800089,1.25e-05
1750082400039,1.25e-05
1750086000038,1.25e-05
1750089600043,1.25e-05
1750093200011,1.25e-05
1750096800037,1.25e-05
1750100400001,1.25e-05
1750104000000,1.25e-05
1750107600037,1.25e-05
1750111200001,1.25e-05
1750114800089,1.25e-05
1750118400100,1.25e-05
1750122000007,1.25e-05
1750125600020,1.25e-05
1750129200002,1.25e-05
1750132800065,1.25e-05
1750136400036,1.25e-05
1750140000030,1.25e-05
1750143600019,1.25e-05
1750147200086,1.25e-05
1750150800014,1.25e-05
1750154400035,1.25e-05
1750158000010,1.25e-05
1750161600148,1.25e-05
1750165200023,-1.2176e-06
1750168800000,5.1869e-06
1750172400033,6.6541e-06
1750176000030,-3.552e-06
1750179600001,5.4996e-06
1750183200016,3.7559e-06
1750186800020,7.0668e-06
1750190400072,-1.7278e-06
1750194000134,1.25e-05
1750197600007,1.25e-05
1750201200041,5.7324e-06
1750204800088,1.0909e-05
1750208400078,5.626e-06
1750212000090,1.2441e-05
1750215600030,1.02816e-05
1750219200080,1.25e-05
1750222800071,1.25e-05
1750226400051,1.25e-05
1750230000036,1.25e-05
1750233600028,1.25e-05
1750237200015,1.25e-05
1750240800036,1.25e-05
1750244400033,1.25e-05
1750248000012,1.25e-05
1750251600176,1.25e-05
1750255200051,1.25e-05
1750258800022,1.25e-05
1750262400066,1.25e-05
1750266000052,1.25e-05
1750269600067,1.25e-05
1750273200046,1.25e-05
1750276800040,1.25e-05
1750280400006,1.25e-05
1750284000041,1.07462e-05
1750287600066,1.25e-05
1750291200047,1.25e-05
1750294800052,1.25e-05
1750298400022,1.25e-05
1750302000039,1.25e-05
1750305600079,1.25e-05
1750309200009,1.25e-05
1750312800005,1.25e-05
1750316400071,1.25e-05
1750320000036,1.25e-05
1750323600002,1.25e-05
1750327200081,1.25e-05
1750330800024,1.25e-05
1750334400042,1.25e-05
1750338000015,1.25e-05
1750341600064,1.25e-05
1750345200017,1.25e-05
1750348800041,1.25e-05
1750352400007,1.25e-05
1750356000012,1.25e-05
1750359600010,1.25e-05
1750363200009,1.25e-05
1750366800013,1.25e-05
1750370400020,1.25e-05
1750374000094,1.25e-05
1750377600010,1.25e-05
1750381200041,1.25e-05
1750384800037,1.25e-05
1750388400001,1.25e-05
1750392000051,1.25e-05
1750395600001,1.07223e-05
1750399200010,3.6395e-06
1750402800184,1.25e-05
1750406400051,1.25e-05
1750410000015,1.25e-05
1750413600061,1.12978e-05
1750417200044,1.25e-05
1750420800061,1.25e-05
1750424400035,1.25e-05
1750428000039,1.25e-05
1750431600025,3.5542e-06
1750435200037,-1.26036e-05
1750438800001,-9.7406e-06
1750442400003,-6.9051e-06
1750446000018,-2.4162e-06
1750449600100,-1.26297e-05
1750453200016,8.4777e-06
1750456800031,5.483e-06
1750460400059,3.9733e-06
1750464000049,1.25e-05
1750467600056,2.9272e-06
1750471200037,1.05772e-05
1750474800106,1.2044e-05
1750478400070,1.25e-05
1750482000024,8.5023e-06
1750485600014,9.4933e-06
1750489200018,1.25e-05
1750492800012,1.25e-05
1750496400057,1.25e-05
1750500000011,1.25e-05
1750503600021,1.25e-05
1750507200046,1.25e-05
1750510800024,1.25e-05
1750514400060,4.5962e-06
1750518000030,1.5556e-06
1750521600081,5.545e-07
1750525200045,5.5375e-06
1750528800041,-5.6237e-06
1750532400077,-1.4084e-05
1750536000044,-1.7917e-05
1750539600061,-1.25758e-05
1750543200046,-1.07497e-05
1750546800104,1.25e-05
1750550400016,1.25e-05
1750554000040,1.25e-05
1750557600038,1.25e-05
1750561200065,1.25e-05
1750564800100,1.25e-05
1750568400018,1.25e-05
1750572000038,1.25e-05
1750575600067,1.25e-05
1750579200031,1.25e-05
1750582800046,1.25e-05
1750586400050,1.25e-05
1750590000036,1.25e-05
1750593600031,1.25e-05
1750597200012,1.25e-05
1750600800086,1.25e-05
1750604400065,1.25e-05
1750608000069,-6.91e-08
1750611600040,8.6176e-06
1750615200048,5.5782e-06
1750618800085,5.2765e-06
1750622400054,-6.4432e-06
1750626000048,7.8545e-06
1750629600041,4.6853e-06
1750633200044,-3.16101e-05
1750636800043,-2.53814e-05
1750640400037,-1.41531e-05
1750644000017,-2.95454e-05
1750647600044,-2.57613e-05
1750651200049,-2.14321e-05
1750654800019,-2.41756e-05
1750658400076,-2.48109e-05
1750662000011,-2.07249e-05
1750665600017,-1.59224e-05
1750669200019,-8.2435e-06
1750672800046,-6.2206e-06
1750676400034,-7.2381e-06
1750680000080,-1.19895e-05
1750683600012,-1.59126e-05
1750687200004,-1.85013e-05
1750690800046,-3.04869e-05
1750694400038,-3.13243e-05
1750698000060,-2.8638e-05
1750701600057,-1.29827e-05
1750705200136,-1.31514e-05
1750708800113,-1.66066e-05
1750712400002,-1.98879e-05
1750716000022,-3.24676e-05
1750719600081,-6.645e-06
1750723200086,-8.4182e-06
1750726800030,-2.4891e-06
1750730400012,9.6623e-06
1750734000058,1.1122e-06
1750737600011,-1.417e-07
1750741200057,-2.9204e-06
1750744800021,1.25e-05
1750748400020,1.25e-05
1750752000005,1.25e-05
1750755600035,1.25e-05
1750759200047,1.25e-05
1750762800024,1.25e-05
1750766400039,1.25e-05
1750770000075,1.25e-05
1750773600000,1.25e-05
1750777200070,1.25e-05
1750780800015,1.25e-05
1750784400052,1.25e-05
1750788000069,1.25e-05
1750791600043,1.25e-05
1750795200020,1.25e-05
1750798800117,1.25e-05
1750802400021,1.25e-05
1750806000016,1.25e-05
1750809600046,1.25e-05
1750813200024,1.25e-05
1750816800044,1.25e-05
1750820400022,1.25e-05
1750824000021,1.25e-05
1750827600108,1.25e-05
1750831200081,1.25e-05
1750834800014,1.25e-05
1750838400049,1.25e-05
1750842000056,1.25e-05
1750845600018,1.25e-05
1750849200047,1.25e-05
1750852800014,1.25e-05
1750856400113,1.25e-05
1750860000133,1.25e-05
1750863600058,1.25e-05
1750867200058,1.25e-05
1750870800041,3.1808e-06
1750874400042,9.695e-07
1750878000007,-6.8314e-06
1750881600067,-3.6341e-06
1750885200026,6.9719e-06
1750888800007,7.9173e-06
1750892400042,9.5524e-06
1750896000101,3.9603e-06
1750899600002,4.4229e-06
1750903200017,6.2973e-06
1750906800038,1.25e-05
1750910400069,1.25e-05
1750914000068,1.25e-05
1750917600042,1.25e-05
1750921200020,1.25e-05
1750924800086,1.25e-05
1750928400030,1.25e-05
1750932000107,1.25e-05
1750935600055,9.6289e-06
1750939200037,1.20822e-05
1750942800035,6.7814e-06
1750946400041,4.4885e-06
1750950000057,1.7629e-06
1750953600035,-4.9724e-06
1750957200006,-3.2707e-06
1750960800019,-4.931e-07
1750964400032,1.394e-06
1750968000060,1.25e-05
1750971600003,-1.1881e-06
1750975200030,-8.808e-06
1750978800100,-1.52502e-05
1750982400045,-1.08685e-05
1750986000051,-1.8005e-06
1750989600002,-1.51965e-05
1750993200058,6.096e-07
1750996800075,7.085e-07
1751000400053,7.3948e-06
1751004000022,1.25e-05
1751007600039,1.25e-05
1751011200094,1.25e-05
1751014800074,1.25e-05
1751018400062,1.25e-05
1751022000077,5.2103e-06
1751025600089,8.9748e-06
1751029200012,1.25e-05
1751032800134,1.25e-05
1751036400057,1.8295e-06
1751040000002,-1.44837e-05
1751043600040,-5.644e-06
1751047200028,-1.55794e-05
1751050800055,-5.9303e-06
1751054400010,-1.55109e-05
1751058000128,1.25e-05
1751061600049,1.25e-05
1751065200026,1.6842e-06
1751068800061,-2.4557e-05
1751072400002,-1.35728e-05
1751076000050,-1.8253e-06
1751079600018,1.25e-05
1751083200012,1.25e-05
1751086800027,1.25e-05
1751090400009,1.25e-05
1751094000061,1.25e-05
1751097600029,1.25e-05
1751101200080,1.25e-05
1751104800063,1.25e-05
1751108400015,1.25e-05
1751112000033,1.25e-05
1751115600035,1.25e-05
1751119200069,1.25e-05
1751122800038,1.25e-05
1751126400129,1.25e-05
1751130000012,1.25e-05
1751133600074,1.25e-05
1751137200062,1.25e-05
1751140800031,1.25e-05
1751144400032,1.25e-05
1751148000098,7.604e-07
1751151600026,5.922e-06
1751155200019,5.1769e-06
1751158800121,6.3982e-06
1751162400018,2.9841e-06
1751166000058,4.9929e-06
1751169600046,7.121e-07
1751173200092,-1.0806e-06
1751176800009,4.139e-06
1751180400042,6.2247e-06
1751184000036,1.03067e-05
1751187600036,1.10822e-05
1751191200076,6.9775e-06
1751194800049,7.0567e-06
1751198400033,1.25e-05
1751202000061,9.844e-06
1751205600001,1.25e-05
1751209200052,1.25e-05
1751212800060,-8.2229e-06
1751216400066,6.7928e-06
1751220000047,1.25e-05
1751223600122,1.04222e-05
1751227200049,5.2665e-06
1751230800068,4.109e-07
1751234400016,8.456e-07
1751238000017,1.25e-05
1751241600062,2.63e-07
1751245200028,1.25e-05
1751248800062,1.25e-05
1751252400034,1.25e-05
1751256000049,1.25e-05
1751259600040,1.25e-05
1751263200058,1.25e-05
1751266800011,1.25e-05
1751270400035,1.25e-05
1751274000077,1.25e-05
1751277600008,1.25e-05
1751281200026,-1.2834e-06
1751284800051,8.8778e-06
1751288400038,6.6396e-06
1751292000068,1.25e-05
1751295600010,1.25e-05
1751299200014,1.25e-05
1751302800035,9.0577e-06
1751306400047,1.25e-05
1751310000009,1.25e-05
1751313600048,1.25e-05
1751317200106,1.25e-05
1751320800037,1.25e-05
1751324400013,1.25e-05
1751328000000,1.25e-05
1751331600011,1.25e-05
1751335200035,1.25e-05
1751338800038,1.25e-05
1751342400012,1.25e-05
1751346000014,1.25e-05
1751349600028,1.25e-05
1751353200012,1.25e-05
1751356800025,1.06727e-05
1751360400032,1.25e-05
1751364000005,1.25e-05
1751367600022,9.5239e-06
1751371200037,6.787e-07
1751374800023,1.25e-05
1751378400059,3.0546e-06
1751382000051,-1.03961e-05
1751385600065,-5.1986e-06
1751389200091,-8.7304e-06
1751392800012,-2.281e-07
1751396400051,-1.13291e-05
1751400000039,9.5653e-06
1751403600001,-6.8414e-06
1751407200000,1.18825e-05
1751410800025,1.00459e-05
1751414400041,-6.4757e-06
1751418000011,2.0197e-06
1751421600107,9.6317e-06
1751425200024,1.25e-05
1751428800099,1.25e-05
1751432400011,1.25e-05
1751436000037,1.25e-05
1751439600071,1.25e-05
1751443200049,1.25e-05
1751446800053,1.25e-05
1751450400047,1.25e-05
1751454000038,1.25e-05
1751457600059,1.25e-05
1751461200000,1.25e-05
1751464800049,1.25e-05
1751468400010,1.25e-05
1751472000059,1.25e-05
1751475600066,1.25e-05
1751479200001,1.25e-05
1751482800122,1.25e-05
1751486400002,1.25e-05
1751490000024,1.25e-05
1751493600038,1.25e-05
1751497200063,1.25e-05
1751500800130,1.25e-05
1751504400011,1.25e-05
1751508000048,1.25e-05
1751511600081,1.25e-05
1751515200066,1.25e-05
1751518800012,1.25e-05
1751522400001,1.25e-05
1751526000033,1.25e-05
1751529600051,1.25e-05
1751533200047,1.25e-05
1751536800042,1.25e-05
1751540400013,1.25e-05
1751544000051,1.25e-05
1751547600047,1.25e-05
1751551200079,1.25e-05
1751554800007,1.25e-05
1751558400045,1.25e-05
1751562000034,1.25e-05
1751565600053,1.25e-05
1751569200011,1.25e-05
1751572800054,1.25e-05
1751576400075,1.25e-05
1751580000040,1.25e-05
1751583600069,1.25e-05
1751587200046,1.25e-05
1751590800035,1.25e-05
1751594400109,1.25e-05
1751598000027,1.25e-05
1751601600076,1.25e-05
1751605200024,1.25e-05
1751608800104,1.25e-05
1751612400018,1.25e-05
1751616000038,1.25e-05
1751619600001,1.25e-05
1751623200081,1.25e-05
1751626800045,1.25e-05
1751630400042,1.25e-05
1751634000040,1.25e-05
1751637600029,1.25e-05
1751641200091,1.25e-05
1751644800010,1.25e-05
1751648400118,1.25e-05
1751652000053,1.25e-05
1751655600123,1.25e-05
1751659200017,1.25e-05
1751662800042,1.25e-05
1751666400049,1.25e-05
1751670000083,1.25e-05
1751673600007,1.25e-05
1751677200030,1.25e-05
1751680800019,1.25e-05
1751684400008,1.25e-05
1751688000076,1.25e-05
1751691600064,1.25e-05
1751695200053,1.25e-05
1751698800032,1.25e-05
1751702400056,1.25e-05
1751706000010,1.25e-05
1751709600090,1.25e-05
1751713200026,1.25e-05
1751716800075,1.25e-05
1751720400027,1.25e-05
1751724000048,1.25e-05
1751727600064,1.25e-05
1751731200036,1.25e-05
1751734800058,1.25e-05
1751738400005,1.25e-05
1751742000089,1.25e-05
1751745600032,1.25e-05
1751749200046,1.25e-05
1751752800143,1.25e-05
1751756400022,1.25e-05
1751760000004,1.25e-05
1751763600065,1.25e-05
1751767200058,1.25e-05
1751770800006,1.25e-05
1751774400047,1.25e-05
1751778000035,1.25e-05
1751781600037,1.25e-05
1751785200012,1.25e-05
1751788800015,1.25e-05
1751792400014,1.25e-05
1751796000119,1.25e-05
1751799600051,1.25e-05
1751803200064,1.25e-05
1751806800046,1.25e-05
1751810400014,1.25e-05
1751814000076,1.25e-05
1751817600008,1.25e-05
1751821200017,1.25e-05
1751824800027,1.25e-05
1751828400074,1.25e-05
1751832000062,1.25e-05
1751835600041,1.25e-05
1751839200056,1.25e-05
1751842800036,1.25e-05
1751846400068,1.25e-05
1751850000108,1.25e-05
1751853600146,1.25e-05
1751857200054,1.63475e-05
1751860800051,1.73787e-05
1751864400080,1.25e-05
1751868000083,1.25e-05
1751871600052,1.25e-05
1751875200115,1.25e-05
1751878800145,1.25e-05
1751882400038,1.25e-05
1751886000045,1.61882e-05
1751889600021,1.25e-05
1751893200127,1.25e-05
1751896800078,1.9451e-05
1751900400064,1.25e-05
1751904000064,3.39344e-05
1751907600073,4.5883e-05
1751911200080,3.46732e-05
1751914800013,1.25e-05
1751918400029,1.25e-05
1751922000018,1.25e-05
1751925600035,1.25e-05
1751929200055,1.25e-05
1751932800008,1.25e-05
1751936400089,1.25e-05
1751940000062,1.25e-05
1751943600052,1.25e-05
1751947200066,1.25e-05
1751950800034,1.25e-05
1751954400029,1.25e-05
1751958000043,1.25e-05
1751961600021,1.25e-05
1751965200038,1.25e-05
1751968800075,1.25e-05
1751972400001,1.25e-05
1751976000073,1.25e-05
1751979600015,1.25e-05
1751983200049,1.25e-05
1751986800027,1.25e-05
1751990400016,1.25e-05
1751994000060,1.25e-05
1751997600004,1.25e-05
1752001200114,2.00313e-05
1752004800017,1.37468e-05
1752008400059,1.44511e-05
1752012000016,2.09109e-05
1752015600015,1.25e-05
1752019200036,1.25e-05
1752022800082,1.25e-05
1752026400060,1.25e-05
1752030000064,1.25e-05
1752033600064,1.25e-05
1752037200048,1.25e-05
1752040800088,1.25e-05
1752044400000,1.25e-05
1752048000034,1.25e-05
1752051600004,1.26212e-05
1752055200045,1.25e-05
1752058800038,1.25e-05
1752062400110,1.29467e-05
1752066000034,1.25e-05
1752069600097,1.25e-05
1752073200009,1.25e-05
1752076800078,1.25e-05
1752080400047,1.25e-05
1752084000002,1.42616e-05
1752087600028,2.13359e-05
1752091200091,1.25e-05
1752094800043,1.25e-05
1752098400028,1.25e-05
1752102000036,1.25e-05
1752105600063,1.25e-05
1752109200057,1.25e-05
1752112800003,1.25e-05
1752116400012,1.25e-05
1752120000033,1.25e-05
1752123600007,1.25e-05
1752127200042,1.25e-05
1752130800002,1.25e-05
1752134400044,2.08393e-05
1752138000053,1.51482e-05
1752141600056,1.25e-05
1752145200034,1.48008e-05
1752148800005,1.25e-05
1752152400116,1.25e-05
1752156000005,1.25e-05
1752159600197,1.25e-05
1752163200036,1.25e-05
1752166800011,1.51314e-05
1752170400029,1.62354e-05
1752174000070,1.79226e-05
1752177600027,1.73066e-05
1752181200002,1.99851e-05
1752184800089,8.08591e-05
1752188400033,4.43366e-05
1752192000021,3.93651e-05
1752195600016,3.99833e-05
1752199200027,4.82213e-05
1752202800066,6.34793e-05
1752206400051,5.02553e-05
1752210000024,5.00857e-05
1752213600056,6.4216e-05
1752217200133,5.89023e-05
1752220800054,4.84168e-05
1752224400052,7.76264e-05
1752228000022,7.88219e-05
1752231600093,5.07699e-05
1752235200062,2.76903e-05
1752238800059,3.26195e-05
1752242400059,7.55466e-05
1752246000054,8.32513e-05
1752249600033,9.72874e-05
1752253200049,0.0001652626
1752256800073,0.0001175599
1752260400012,0.0001074444
1752264000012,8.87107e-05
1752267600040,9.1692e-05
1752271200014,8.64148e-05
1752274800020,0.0001056303
1752278400034,8.71866e-05
1752282000042,8.46615e-05
1752285600000,9.09633e-05
1752289200016,7.11662e-05
1752292800003,7.09426e-05
1752296400063,4.88333e-05
1752300000076,4.8413e-05
1752303600092,6.30567e-05
1752307200014,5.65861e-05
1752310800188,4.57797e-05
1752314400051,5.9368e-05
1752318000022,6.05528e-05
1752321600003,6.55678e-05
1752325200074,2.13918e-05
1752328800046,1.25e-05
1752332400027,1.99899e-05
1752336000169,1.25e-05
1752339600094,4.56415e-05
1752343200088,3.96775e-05
1752346800052,5.73653e-05
1752350400106,5.70187e-05
1752354000081,4.77119e-05
1752357600013,5.24252e-05
1752361200041,4.71725e-05
1752364800043,4.4064e-05
1752368400010,3.52757e-05
1752372000001,3.54356e-05
1752375600029,3.02553e-05
1752379200075,2.35461e-05
1752382800091,3.09053e-05
1752386400028,3.40156e-05
1752390000040,3.36754e-05
1752393600019,3.28445e-05
1752397200077,3.16925e-05
1752400800020,2.90572e-05
1752404400037,4.42854e-05
1752408000008,4.23261e-05
1752411600065,7.01459e-05
1752415200082,8.04523e-05
1752418800059,7.98466e-05
1752422400092,6.38034e-05
1752426000034,5.37552e-05
1752429600040,6.60711e-05
1752433200072,6.22947e-05
1752436800054,6.22945e-05
1752440400000,5.92486e-05
1752444000033,3.43255e-05
1752447600024,2.05836e-05
1752451200036,3.50734e-05
1752454800024,2.78364e-05
1752458400079,3.22814e-05
1752462000010,3.64005e-05
1752465600018,2.75919e-05
1752469200053,5.29715e-05
1752472800033,5.77268e-05
1752476400003,5.26788e-05
1752480000042,5.64579e-05
1752483600018,6.71249e-05
1752487200025,2.54653e-05
1752490800020,2.3931e-05
1752494400055,1.70191e-05
1752498000002,1.25e-05
1752501600080,9.07439e-05
1752505200063,9.00045e-05
1752508800000,4.57602e-05
1752512400013,6.34098e-05
1752516000010,3.95684e-05
1752519600010,3.20954e-05
1752523200022,4.33256e-05
1752526800016,4.24178e-05
1752530400025,4.35819e-05
1752534000098,5.0064e-05
1752537600017,4.64603e-05
1752541200067,4.57242e-05
1752544800080,2.92036e-05
1752548400083,4.20851e-05
1752552000022,4.18521e-05
1752555600012,6.75363e-05
1752559200038,5.26113e-05
1752562800046,4.88157e-05
1752566400039,5.64181e-05
1752570000051,4.05168e-05
1752573600042,4.94877e-05
1752577200094,4.49291e-05
1752580800059,3.78728e-05
1752584400012,1.60738e-05
1752588000027,2.3656e-05
1752591600056,1.25e-05
1752595200005,1.90107e-05
1752598800039,1.25e-05
1752602400059,1.25e-05
1752606000065,4.42608e-05
1752609600025,2.11761e-05
1752613200030,1.25e-05
1752616800035,1.25e-05
1752620400002,1.71882e-05
1752624000004,6.41909e-05
1752627600034,8.92152e-05
1752631200042,0.0001039319
1752634800057,8.27148e-05
1752638400052,6.73791e-05
1752642000061,7.38397e-05
1752645600066,9.11941e-05
1752649200019,8.91072e-05
1752652800125,0.0001095285
1752656400075,9.6255e-05
1752660000023,0.0001000502
1752663600021,9.39261e-05
1752667200029,0.0001044151
1752670800002,7.93445e-05
1752674400023,0.0001059336
1752678000017,0.0001043684
1752681600018,0.0001013984
1752685200032,7.92654e-05
1752688800069,7.29637e-05
1752692400042,9.02148e-05
1752696000019,6.4912e-05
1752699600095,7.33501e-05
1752703200002,7.78809e-05
1752706800059,7.22351e-05
1752710400022,5.30917e-05
1752714000072,5.31814e-05
1752717600058,2.00062e-05
1752721200030,1.81072e-05
1752724800119,1.25e-05
1752728400004,2.55308e-05
1752732000008,4.38345e-05
1752735600001,3.92169e-05
1752739200042,5.35307e-05
1752742800070,9.96369e-05
1752746400089,7.78531e-05
1752750000060,7.11625e-05
1752753600062,6.61743e-05
1752757200052,6.45507e-05
1752760800131,5.07072e-05
1752764400026,2.59551e-05
1752768000033,3.91536e-05
1752771600134,4.51417e-05
1752775200032,4.73978e-05
1752778800006,6.67758e-05
1752782400052,8.7371e-05
1752786000061,4.0629e-05
1752789600060,7.65887e-05
1752793200055,5.70343e-05
1752796800073,7.20971e-05
1752800400055,3.74032e-05
1752804000058,5.05281e-05
1752807600081,6.10907e-05
1752811200043,5.01361e-05
1752814800005,6.88169e-05
1752818400057,9.43187e-05
1752822000019,7.88455e-05
1752825600069,0.0001350718
1752829200041,0.0001923245
1752832800027,0.0001720556
1752836400021,0.0001062847
1752840000057,7.63902e-05
1752843600018,8.01221e-05
1752847200134,5.08514e-05
1752850800047,1.25e-05
1752854400021,1.25e-05
1752858000042,1.43845e-05
1752861600052,1.25e-05
1752865200066,1.25113e-05
1752868800097,1.25e-05
1752872400055,1.25e-05
1752876000028,1.25e-05
1752879600012,1.25e-05
1752883200046,1.25e-05
1752886800064,1.25e-05
1752890400017,1.25e-05
1752894000009,1.25e-05
1752897600048,1.42119e-05
1752901200061,1.82583e-05
1752904800014,1.25e-05
1752908400098,1.25e-05
1752912000008,2.54487e-05
1752915600024,1.56099e-05
1752920087645,1.25e-05
1752922800083,1.25e-05
1752926400122,1.25e-05
1752930000051,1.78335e-05
1752933600098,2.75227e-05
1752937200036,1.9971e-05
1752940800007,2.34456e-05
1752944400012,2.78514e-05
1752948000019,2.96514e-05
1752951600040,4.3348e-05
1752955200055,3.45713e-05
1752958800033,3.83907e-05
1752962400071,2.17522e-05
1752966000079,2.26459e-05
1752969600003,3.24161e-05
1752973200076,5.61232e-05
1752976800038,6.4916e-05
1752980400088,6.2557e-05
1752984000069,8.89082e-05
1752987600039,7.41874e-05
1752991200036,6.2515e-05
1752994800054,5.77444e-05
1752998400014,7.56985e-05
1753002000040,9.57972e-05
1753005600081,0.0001031181
1753009200042,7.84568e-05
1753012800053,6.68979e-05
1753016400021,5.77828e-05
1753020000037,7.00803e-05
1753023600038,6.49423e-05
1753027200025,6.55248e-05
1753030800014,6.46421e-05
1753034400018,4.4436e-05
1753038000082,4.32697e-05
1753041600094,7.41035e-05
1753045200033,4.8667e-05
1753048800035,3.16792e-05
1753052400022,1.25e-05
1753056000039,2.44345e-05
1753059600007,1.58451e-05
1753063200017,2.46133e-05
1753066800018,3.42725e-05
1753070400027,3.90743e-05
1753074000041,5.43619e-05
1753077600055,4.26065e-05
1753081200060,7.9876e-05
1753084800018,0.000110876
1753088400003,0.0001134177
1753092000002,0.000114959
1753095600035,0.000113326
1753099200010,9.97913e-05
1753102800019,6.33475e-05
1753106400096,5.73527e-05
1753110000019,6.27598e-05
1753113600004,6.59352e-05
1753117200069,4.81546e-05
1753120800028,4.22577e-05
1753124400051,2.4291e-05
1753128000091,1.25e-05
1753131600069,1.25e-05
1753135200071,1.25e-05
1753138800027,1.25e-05
1753142400092,1.25e-05
1753146000084,1.25e-05
1753149600064,1.25e-05
1753153200024,2.05522e-05
1753156800036,1.25e-05
1753160400100,1.25e-05
1753164000087,1.25e-05
1753167600027,1.25e-05
1753171200016,1.25e-05
1753174800016,1.25e-05
1753178400011,1.25e-05
1753182000048,1.25e-05
1753185600000,1.73654e-05
1753189200021,1.25e-05
1753192800027,2.76348e-05
1753196400090,2.45073e-05
1753200000039,4.91442e-05
1753203600042,6.00215e-05
1753207200008,5.31427e-05
1753210800040,5.97738e-05
1753214400041,5.69829e-05
1753218000022,5.10823e-05
1753221600044,5.13159e-05
1753225200034,5.78371e-05
1753228800095,7.82502e-05
1753232400002,6.97696e-05
1753236000053,6.44862e-05
1753239600036,6.91987e-05
1753243200010,6.54827e-05
1753246800027,6.49176e-05
1753250400045,4.61233e-05
1753254000038,3.75846e-05
1753257600032,3.3953e-05
1753261200000,1.28956e-05
1753264800005,1.72739e-05
1753268400031,2.36683e-05
1753272000040,3.60045e-05
1753275600042,2.48879e-05
1753279200028,1.25e-05
1753282800074,1.25e-05
1753286400025,1.25e-05
1753290000008,1.25e-05
1753293600012,1.25e-05
1753297200064,1.25e-05
1753300800030,1.30151e-05
1753304400130,2.7872e-05
1753308000031,3.54907e-05
1753311600160,2.65276e-05
1753315200095,1.80509e-05
1753318800037,1.25e-05
1753322400075,1.25e-05
1753326000046,1.25e-05
1753329600014,1.25e-05
1753333200092,1.25e-05
1753336800019,1.25e-05
1753340400019,1.25e-05
1753344000038,1.25e-05
1753347600003,1.25e-05
1753351200089,1.25e-05
1753354800129,1.25e-05
1753358400037,1.25e-05
1753362000002,1.25e-05
1753365600042,1.25e-05
1753369200042,1.25e-05
1753372800052,1.25e-05
1753376400014,1.25e-05
1753380000002,1.25e-05
1753383600088,1.25e-05
1753387200002,1.25e-05
1753390800031,1.25e-05
1753394400027,1.25e-05
1753398000058,1.25e-05
1753401600065,1.25e-05
1753405200053,1.25e-05
1753408800083,1.25e-05
1753412400036,1.25e-05
1753416000024,1.25e-05
1753419600001,1.25e-05
1753423200046,1.25e-05
1753426800040,1.25e-05
1753430400008,1.25e-05
1753434000020,1.25e-05
1753437600059,1.25e-05
1753441200079,1.25e-05
1753444800102,1.25e-05
1753448400046,1.25e-05
1753452000044,1.25e-05
1753455600034,1.25e-05
1753459200001,1.25e-05
1753462800079,1.25e-05
1753466400035,1.25e-05
1753470000033,1.25e-05
1753473600048,1.25e-05
1753477200057,1.25e-05
1753480800018,1.25e-05
1753484400084,1.25e-05
1753488000011,1.25e-05
1753491600016,1.25e-05
1753495200029,1.25e-05
1753498800027,1.55091e-05
1753502400029,1.25e-05
1753506000023,1.25e-05
1753509600010,1.25e-05
1753513200009,1.25e-05
1753516800025,1.25e-05
1753520400022,1.50568e-05
1753524000059,3.07486e-05
1753527600089,2.44113e-05
1753531200004,4.78762e-05
1753534800022,3.6533e-05
1753538400073,3.66701e-05
1753542000080,3.68331e-05
1753545600079,3.07142e-05
1753549200029,4.47087e-05
1753552800056,3.01637e-05
1753556400108,4.21726e-05
1753560000008,4.07926e-05
1753563600005,4.61165e-05
1753567200060,5.49089e-05
1753570800015,4.83863e-05
1753574400031,3.80444e-05
1753578000021,3.19117e-05
1753581600070,3.91771e-05
1753585200098,3.68005e-05
1753588800054,2.59739e-05
1753592400110,3.99326e-05
1753596000034,4.13561e-05
1753599600102,3.79314e-05
1753603200018,3.92283e-05
1753606800043,4.05421e-05
1753610400000,4.51712e-05
1753614000053,3.61545e-05
1753617710963,2.48888e-05
1753621200023,2.37671e-05
1753624800089,2.92251e-05
1753628400048,3.47945e-05
1753632000011,3.82076e-05
1753635600039,4.27601e-05
1753639200049,3.63113e-05
1753642800022,4.91758e-05
1753646400024,4.79959e-05
1753650000032,4.37622e-05
1753653600039,3.72807e-05
1753657200007,5.64506e-05
1753660800002,4.86848e-05
1753664400040,5.42362e-05
1753668000020,4.65721e-05
1753671600081,6.66894e-05
1753675200083,6.40813e-05
1753678800036,5.55028e-05
1753682400019,6.5719e-05
1753686000076,5.57957e-05
1753689600015,5.21029e-05
1753693200019,4.7595e-05
1753696800094,5.02983e-05
1753700400039,4.68079e-05
1753704000092,4.60493e-05
1753707600044,3.44591e-05
1753711200059,1.25e-05
1753714800016,1.25e-05
1753718400035,1.25e-05
1753722000093,1.25e-05
1753725600053,1.25e-05
1753729200045,1.25e-05
1753732800000,1.25e-05
1753736400045,1.25e-05
1753740000075,1.25e-05
1753743600040,1.25e-05
1753747200010,1.25e-05
1753750800006,1.25e-05
1753754400062,1.25e-05
1753758000042,1.25e-05
1753761600100,1.25e-05
1753765200019,1.25e-05
1753768800030,1.25e-05
1753772400023,1.25e-05
1753776000091,1.25e-05
1753779600031,1.25e-05
1753783200004,1.25e-05
1753786800051,1.25e-05
1753790400011,1.25e-05
1753794000030,1.25e-05
1753797600116,1.25e-05
1753801200002,-0.0001581626
1753804800028,1.25e-05
1753808400081,1.25e-05
1753812000025,1.25e-05
1753815600057,1.25e-05
1753819200076,1.25e-05
1753822800012,1.25e-05
1753826400032,1.25e-05
1753830000024,1.25e-05
1753833600077,1.25e-05
1753837200135,1.25e-05
1753840800023,1.25e-05
1753844400084,1.25e-05
1753848000005,1.25e-05
1753851600063,1.25e-05
1753855200083,1.25e-05
1753858800127,1.25e-05
1753862400004,1.25e-05
1753866000005,1.25e-05
1753869600028,1.25e-05
1753873200002,1.25e-05
1753876800028,1.25e-05
1753880400007,1.25e-05
1753884000002,1.25e-05
1753887600032,1.25e-05
1753891200056,1.25e-05
1753894800004,1.25e-05
1753898400055,1.25e-05
1753902000204,1.25e-05
1753905600062,-6.8584e-06
1753909200032,1.25e-05
1753912800012,8.6791e-06
1753916400031,1.25e-05
1753920000006,1.25e-05
1753923600088,1.25e-05
1753927200008,1.25e-05
1753930800055,1.25e-05
1753934400078,1.25e-05
1753938000022,1.25e-05
1753941600000,1.25e-05
1753945200020,1.25e-05
1753948800000,1.25e-05
1753952400062,1.25e-05
1753956000053,1.25e-05
1753959600074,1.25e-05
1753963200010,1.25e-05
1753966800015,1.25e-05
1753970400079,1.25e-05
1753974000032,1.25e-05
1753977600007,1.25e-05
1753981200011,1.25e-05
1753984800043,1.25e-05
1753988400083,6.7477e-06
1753992000073,4.4969e-06
1753995600064,-4.5342e-06
1753999200021,-1.15119e-05
1754002800039,-1.00383e-05
1754006400147,-5.9735e-06
1754010000032,-1.55663e-05
1754013600070,-6.8801e-06
1754017200066,3.9136e-06
1754020800005,-1.9751e-06
1754024400027,6.2839e-06
1754028000131,6.8246e-06
1754031600000,8.229e-06
1754035200011,9.8812e-06
1754038800088,5.2489e-06
1754042400080,4.3929e-06
1754046000066,1.0989e-06
1754049600031,3.1307e-06
1754053200022,4.5109e-06
1754056800014,6.4786e-06
1754060400130,1.25e-05
1754064000066,1.22329e-05
1754067600007,1.25e-05
1754071200060,1.25e-05
1754074800069,1.25e-05
1754078400098,1.25e-05
1754082000042,1.25e-05
1754085600025,1.25e-05
1754089200031,4.73e-08
1754092800114,1.17676e-05
1754096400085,1.25e-05
1754100000003,1.25e-05
1754103600057,1.25e-05
1754107200089,1.25e-05
1754110800069,1.25e-05
1754114400031,1.25e-05
1754118000008,1.25e-05
1754121600023,1.25e-05
1754125200063,1.25e-05
1754128800003,1.25e-05
1754132400056,1.25e-05
1754136000063,1.25e-05
1754139600091,4.5347e-06
1754143200071,9.5838e-06
1754146800072,9.1268e-06
1754150400020,8.162e-06
1754154000020,1.25e-05
1754157600008,5.726e-06
1754161200067,2.931e-06
1754164800108,-1.50099e-05
1754168400097,-3.03e-07
1754172000022,-3.1418e-06
1754175600067,2.4167e-06
1754179200042,-1.9674e-06
1754182800041,3.3614e-06
1754186400014,5.3863e-06
1754190000093,1.0451e-06
1754193600015,7.306e-07
1754197200001,7.951e-06
1754200800003,1.8269e-06
1754204400030,6.4004e-06
1754208000003,7.422e-07
1754211600023,-1.77329e-05
1754215200010,-8.5145e-06
1754218800046,-4.4873e-06
1754222400054,-1.5667e-06
1754226000076,-5.0664e-06
1754229600004,-4.4581e-06
1754233200031,-1.0175e-06
1754236800038,-5.666e-06
1754240400031,-3.2151e-06
1754244000030,-6.0665e-06
1754247600098,3.191e-07
1754251200063,-2.6693e-06
1754254800034,-4.6176e-06
1754258400022,-4.4677e-06
1754262000049,2.4327e-06
1754265600043,7.902e-07
1754269200018,6.4734e-06
1754272800096,7.4767e-06
1754276400059,1.19143e-05
1754280000050,9.4087e-06
1754283600090,9.1264e-06
1754287200014,1.25e-05
1754290800068,1.25e-05
1754294400003,9.7878e-06
1754298000057,1.0959e-06
1754301600088,5.4092e-06
1754305200043,4.4647e-06
1754308800052,7.5473e-06
1754312400050,3.6444e-06
1754316000012,1.25e-05
1754319600108,1.25e-05
1754323200044,1.25e-05
1754326800026,1.25e-05
1754330400067,1.25e-05
1754334000039,1.25e-05
1754337600016,6.5004e-06
1754341200054,1.25e-05
1754344800040,1.25e-05
1754348400022,1.25e-05
1754352000043,1.25e-05
1754355600041,1.25e-05
1754359200040,1.25e-05
1754362800061,1.25e-05
1754366400022,1.25e-05
1754370000013,1.25e-05
1754373600020,1.25e-05
1754377200040,1.25e-05
1754380800035,1.25e-05
1754384400045,1.25e-05
1754388000031,1.25e-05
1754391600030,1.25e-05
1754395200008,1.25e-05
1754398800107,1.25e-05
1754402400009,1.25e-05
1754406000004,1.25e-05
1754409600057,1.25e-05
1754413200026,1.25e-05
1754416800035,1.25e-05
1754420400065,1.25e-05
1754424000018,1.25e-05
1754427600035,1.25e-05
1754431200056,1.25e-05
1754434800103,1.25e-05
1754438400012,1.25e-05
1754442000007,1.25e-05
1754445600028,1.25e-05
1754449200078,1.25e-05
1754452800091,1.25e-05
1754456400037,1.25e-05
1754460000000,1.25e-05
1754463600075,1.25e-05
1754467200003,1.25e-05
1754470800076,1.25e-05
1754474400000,1.25e-05
1754478000082,1.25e-05
1754481600023,1.25e-05
1754485200035,1.25e-05
1754488800024,1.25e-05
1754492400129,1.25e-05
1754496000020,1.25e-05
1754499600013,1.25e-05
1754503200059,1.25e-05
1754506800036,1.25e-05
1754510400038,1.25e-05
1754514000059,1.25e-05
1754517600081,1.25e-05
1754521200058,1.25e-05
1754524800047,1.25e-05
1754528400057,1.25e-05
1754532000010,1.25e-05
1754535600047,1.25e-05
1754539200080,1.25e-05
1754542800009,1.25e-05
1754546400009,1.25e-05
1754550000016,1.25e-05
1754553600038,1.25e-05
1754557200062,1.25e-05
1754560800048,1.25e-05
1754564400030,1.25e-05
1754568000046,1.25e-05
1754571600018,1.25e-05
1754575200006,1.25e-05
1754578800003,1.25e-05
1754582400189,1.25e-05
1754586000004,1.25e-05
1754589600048,1.25e-05
1754593200009,1.25e-05
1754596800067,1.25e-05
1754600400017,1.25e-05
1754604000009,1.25e-05
1754607600093,1.25e-05
1754611200085,1.25e-05
1754614800087,1.25e-05
1754618400026,1.25e-05
1754622000014,1.25e-05
1754625600134,1.25e-05
1754629200021,1.25e-05
1754632800017,1.25e-05
1754636400030,1.25e-05
1754640000026,1.25e-05
1754643600018,1.25e-05
1754647200089,1.25e-05
1754650800040,1.25e-05
1754654400029,1.25e-05
1754658000036,1.25e-05
1754661600020,1.25e-05
1754665200051,1.25e-05
1754668800048,1.25e-05
1754672400027,1.25e-05
1754676000051,1.25e-05
1754679600035,1.25e-05
1754683200119,1.25e-05
1754686800023,1.25e-05
1754690400028,1.25e-05
1754694000147,1.25e-05
1754697600074,1.25e-05
1754701200010,1.25e-05
1754704800079,1.25e-05
1754708400024,1.25e-05
1754712000113,1.25e-05
1754715600055,1.25e-05
1754719200128,1.25e-05
1754722800015,1.25e-05
1754726400007,1.25e-05
1754730000046,1.25e-05
1754733600016,1.25e-05
1754737200089,2.81955e-05
1754740800041,1.25e-05
1754744400036,1.25e-05
1754748000122,1.25e-05
1754751600019,1.25e-05
1754755200063,1.25e-05
1754758800058,1.25e-05
1754762400011,1.25e-05
1754766000004,1.25e-05
1754769600019,1.25e-05
1754773200064,1.25e-05
1754776800026,1.25e-05
1754780400051,1.25e-05
1754784000019,1.25e-05
1754787600009,1.25e-05
1754791200003,1.25e-05
1754794800062,1.25e-05
1754798400065,1.25e-05
1754802000047,1.25e-05
1754805600074,1.25e-05
1754809200076,1.25e-05
1754812800041,1.25e-05
1754816400000,1.25e-05
1754820000103,1.25e-05
1754823600045,1.25e-05
1754827200056,1.25e-05
1754830800037,1.25e-05
1754834400065,1.25e-05
1754838000055,1.25e-05
1754841600021,1.25e-05
1754845200069,1.25e-05
1754848800013,1.25e-05
1754852400006,1.25e-05
1754856000046,1.25e-05
1754859600030,1.25e-05
1754863200043,1.25e-05
1754866800000,1.25e-05
1754870400066,1.25e-05
1754874000057,1.25e-05
1754877600095,1.25e-05
1754881200035,1.25e-05
1754884800030,1.25e-05
1754888400046,1.25e-05
1754892000128,1.25e-05
1754895600048,1.25e-05
1754899200067,1.25e-05
1754902800041,1.25e-05
1754906400086,1.25e-05
1754910000097,1.25e-05
1754913600001,1.25e-05
1754917200051,1.25e-05
1754920800081,1.25e-05
1754924400027,1.25e-05
1754928000028,1.25e-05
1754931600048,1.25e-05
1754935200053,1.25e-05
1754938800036,1.25e-05
1754942400069,1.25e-05
1754946000002,1.25e-05
1754949600040,1.25e-05
1754953200235,1.25e-05
1754956800042,1.25e-05
1754960400026,1.25e-05
1754964000014,1.25e-05
1754967600071,1.25e-05
1754971200035,1.25e-05
1754974800027,1.25e-05
1754978400053,1.25e-05
1754982000071,1.25e-05
1754985600000,1.25e-05
1754989200002,1.25e-05
1754992800006,1.25e-05
1754996400025,1.25e-05
1755000000004,1.25e-05
1755003600001,1.25e-05
1755007200007,1.25e-05
1755010800046,1.25e-05
1755014400075,1.25e-05
1755018000079,1.25e-05
1755021600083,1.25e-05
1755025200035,1.25e-05
1755028800035,1.25e-05
1755032400033,1.25e-05
1755036000003,1.25e-05
1755039600011,1.25e-05
1755043200076,1.25e-05
1755046800016,1.25e-05
1755050400053,1.25e-05
1755054000057,1.25e-05
1755057600064,1.25e-05
1755061200046,1.25e-05
1755064800002,1.25e-05
1755068400074,1.25e-05
1755072000056,1.25e-05
1755075600072,1.25e-05
1755079200042,1.25e-05
1755082800017,1.33583e-05
1755086400081,2.70529e-05
1755090000102,3.30171e-05
1755093600064,5.34766e-05
1755097200047,3.20174e-05
1755100800015,2.60863e-05
1755104400107,2.40669e-05
1755108000023,2.6609e-05
1755111600044,2.45079e-05
1755115200078,2.94944e-05
1755118800041,2.72538e-05
1755122400058,2.92634e-05
1755126000029,3.532e-05
1755129600010,4.10498e-05
1755133200037,4.69705e-05
1755136800054,4.47733e-05
1755140400124,5.75946e-05
1755144000056,6.75754e-05
1755147600019,6.04573e-05
1755151200051,4.13028e-05
1755154800027,2.35876e-05
1755158400062,2.17899e-05
1755162000021,1.25e-05
1755165600053,1.25e-05
1755169200034,1.25e-05
1755172800023,1.25e-05
1755176400024,1.25e-05
1755180000014,1.25e-05
1755183600068,1.25e-05
1755187200096,1.25e-05
1755190800024,1.25e-05
1755194400017,1.25e-05
1755198000019,1.25e-05
1755201600020,1.25e-05
1755205200045,1.25e-05
1755208800024,1.25e-05
1755212400015,1.25e-05
1755216000002,1.25e-05
1755219600056,1.25e-05
1755223200014,1.25e-05
1755226800001,1.25e-05
1755230400027,1.25e-05
1755234000012,1.25e-05
1755237600059,1.25e-05
1755241200037,1.25e-05
1755244800049,1.25e-05
1755248400050,1.25e-05
1755252000045,1.25e-05
1755255600075,1.25e-05
1755259200052,1.25e-05
1755262800051,1.25e-05
1755266400001,1.25e-05
1755270000024,1.25e-05
1755273600126,1.25e-05
1755277200016,1.25e-05
1755280800108,1.25e-05
1755284400027,1.25e-05
1755288000002,1.25e-05
1755291600050,1.25e-05
1755295200104,1.25e-05
1755298800066,1.25e-05
1755302400072,1.25e-05
1755306000090,1.25e-05
1755309600025,1.25e-05
1755313200023,1.25e-05
1755316800052,1.25e-05
1755320400054,1.25e-05
1755324000022,1.25e-05
1755327600056,1.25e-05
1755331200063,1.25e-05
1755334800018,1.25e-05
1755338400041,1.25e-05
1755342000002,1.25e-05
1755345600003,1.25e-05
1755349200015,1.25e-05
1755352800077,1.25e-05
1755356400033,1.25e-05
1755360000062,1.25e-05
1755363600100,1.25e-05
1755367200083,1.25e-05
1755370800029,1.25e-05
1755374400057,1.25e-05
1755378000087,1.25e-05
1755381600008,1.25e-05
1755385200032,1.25e-05
1755388800009,1.25e-05
1755392400035,1.25e-05
1755396000027,1.25e-05
1755399600063,1.25e-05
1755403200056,1.25e-05
1755406800032,1.25e-05
1755410400005,1.25e-05
1755414000057,1.25e-05
1755417600000,1.25e-05
1755421200031,1.25e-05
1755424800003,1.25e-05
1755428400031,1.25e-05
1755432000021,1.25e-05
1755435600041,1.25e-05
1755439200027,1.25e-05
1755442800074,1.25e-05
1755446400075,1.25e-05
1755450000040,1.25e-05
1755453600079,1.25e-05
1755457200025,1.25e-05
1755460800069,1.25e-05
1755464400033,1.25e-05
1755468000131,1.25e-05
1755471600028,1.25e-05
1755475200021,1.25e-05
1755478800025,6.5729e-06
1755482400040,5.6912e-06
1755486000029,6.7112e-06
1755489600023,3.8626e-06
1755493200020,1.4369e-06
1755496800047,1.17951e-05
1755500400028,8.4287e-06
1755504000021,1.25e-05
1755507600064,1.25e-05
1755511200044,1.13053e-05
1755514800119,1.25e-05
1755518400047,1.25e-05
1755522000008,1.25e-05
1755525600062,9.6662e-06
1755529200022,1.18162e-05
1755532800022,1.25e-05
1755536400015,1.25e-05
1755540000012,1.25e-05
1755543600017,1.25e-05
1755547200038,1.25e-05
1755550800014,1.25e-05
1755554400013,1.25e-05
1755558000018,1.25e-05
1755561600045,1.25e-05
1755565200056,1.25e-05
1755568800000,1.25e-05
1755572400074,1.25e-05
1755576000017,1.25e-05
1755579600053,1.25e-05
1755583200008,1.25e-05
1755586800084,1.25e-05
1755590400026,1.25e-05
1755594000011,1.25e-05
1755597600045,1.25e-05
1755601200033,1.25e-05
1755604800041,1.25e-05
1755608400045,1.25e-05
1755612000034,1.25e-05
1755615600115,1.25e-05
1755619200039,1.25e-05
1755622800097,6.8405e-06
1755626400008,8.3098e-06
1755630000053,5.4123e-06
1755633600022,2.633e-06
1755637200014,9.7576e-06
1755640800074,9.3525e-06
1755644400055,5.6505e-06
1755648000079,2.15e-07
1755651600112,2.1984e-06
1755655200078,3.775e-06
1755658800135,7.3599e-06
1755662400060,1.0623e-05
1755666000009,6.9439e-06
1755669600038,7.5897e-06
1755673200071,1.01147e-05
1755676800015,8.5873e-06
1755680400037,8.6417e-06
1755684000059,7.6919e-06
1755687600037,1.0049e-05
1755691200013,7.5332e-06
1755694800086,1.25e-05
1755698400069,1.13721e-05
1755702000032,1.25e-05
1755705600010,1.25e-05
1755709200016,1.25e-05
1755712800056,1.25e-05
1755716400043,1.25e-05
1755720000054,1.25e-05
1755723600022,1.25e-05
1755727200041,1.25e-05
1755730800033,1.25e-05
1755734400042,1.25e-05
1755738000037,1.25e-05
1755741600005,1.25e-05
1755745200002,1.25e-05
1755748800072,1.25e-05
1755752400055,1.25e-05
1755756000012,1.25e-05
1755759600045,1.25e-05
1755763200024,1.25e-05
1755766800023,1.25e-05
1755770400049,1.25e-05
1755774000143,1.25e-05
1755777600017,1.25e-05
1755781200007,1.25e-05
1755784800025,1.25e-05
1755788400129,9.5343e-06
1755792000000,1.14074e-05
1755795600027,1.25e-05
1755799200061,1.25e-05
1755802800003,1.25e-05
1755806400078,1.25e-05
1755810000064,1.05e-05
1755813600060,1.25e-05
1755817200094,1.08936e-05
1755820800030,4.8832e-06
1755824400028,6.2708e-06
1755828000030,6.3807e-06
1755831600069,1.00338e-05
1755835200019,-2.5913e-06
1755838800046,7.1211e-06
1755842400028,1.04771e-05
1755846000045,8.5851e-06
1755849600018,1.25e-05
1755853200018,1.15003e-05
1755856800030,9.7941e-06
1755860400061,1.09647e-05
1755864000031,8.7774e-06
1755867600024,1.25e-05
1755871200108,7.6586e-06
1755874800054,1.25e-05
1755878400054,1.25e-05
1755882000044,1.25e-05
1755885600040,1.25e-05
1755889200075,1.25e-05
1755892800061,1.25e-05
1755896400047,1.25e-05
1755900000013,1.25e-05
1755903600007,1.25e-05
1755907200003,1.25e-05
1755910800002,1.25e-05
1755914400060,1.25e-05
1755918000010,1.25e-05
1755921600105,1.25e-05
1755925200022,1.25e-05
1755928800009,1.25e-05
1755932400060,1.25e-05
1755936000028,1.25e-05
1755939600097,1.25e-05
1755943200054,1.25e-05
1755946800030,1.25e-05
1755950400000,1.25e-05
1755954000045,1.25e-05
1755957600118,1.25e-05
1755961200004,1.25e-05
1755964800020,1.25e-05
1755968400049,1.25e-05
1755972000015,1.25e-05
1755975600114,1.25e-05
1755979200039,1.25e-05
1755982800051,1.25e-05
1755986400004,1.25e-05
1755990000056,1.25e-05
1755993600106,1.25e-05
1755997200020,1.25e-05
1756000800011,1.25e-05
1756004400062,1.25e-05
1756008000106,1.25e-05
1756011600067,1.25e-05
1756015200048,1.25e-05
1756018800035,1.25e-05
1756022400013,1.25e-05
1756026000085,1.25e-05
1756029600063,1.25e-05
1756033200005,1.25e-05
1756036800032,1.25e-05
1756040400016,1.25e-05
1756044000080,1.25e-05
1756047600134,1.25e-05
1756051200002,1.25e-05
1756054800033,1.25e-05
1756058400022,1.25e-05
1756062000001,1.25e-05
1756065600031,1.25e-05
1756069200044,1.25e-05
1756072800011,1.25e-05
1756076400027,1.25e-05
1756080000013,1.25e-05
1756083600011,1.25e-05
1756087200052,1.25e-05
1756090800004,1.25e-05
1756094400108,1.25e-05
1756098000004,1.25e-05
1756101600015,1.25e-05
1756105200034,1.25e-05
1756108800114,1.25e-05
1756112400033,1.25e-05
1756116000041,1.25e-05
1756119600032,1.25e-05
1756123200096,1.25e-05
1756126800016,1.25e-05
1756130400037,1.25e-05
1756134000015,1.25e-05
1756137600012,1.25e-05
1756141200052,1.25e-05
1756144800007,1.25e-05
1756148400022,1.25e-05
1756152000020,1.25e-05
1756155600010,1.25e-05
1756159200055,1.25e-05
1756162800001,1.25e-05
1756166400014,1.25e-05
1756170000113,1.25e-05
1756173600071,1.25e-05
1756177200015,1.25e-05
1756180800028,1.25e-05
1756184400040,1.25e-05
1756188000057,1.25e-05
1756191600019,1.25e-05
1756195200064,1.25e-05
1756198800004,1.25e-05
1756202400030,1.25e-05
1756206000022,1.25e-05
1756209600035,1.25e-05
1756213200037,1.25e-05
1756216800066,1.25e-05
1756220400014,1.25e-05
1756224000012,1.25e-05
1756227600007,1.25e-05
1756231200007,1.25e-05
1756234800043,1.25e-05
1756238400070,1.25e-05
1756242000075,1.25e-05
1756245600039,1.25e-05
1756249200041,1.25e-05
1756252800041,1.25e-05
1756256400031,1.25e-05
1756260000003,1.25e-05
1756263600089,1.25e-05
1756267200034,1.25e-05
1756270800007,1.25e-05
1756274400039,1.25e-05
1756278000078,1.25e-05
1756281600036,1.25e-05
1756285200115,1.25e-05
1756288800019,1.25e-05
1756292400125,1.25e-05
1756296000017,1.25e-05
1756299600019,1.25e-05
1756303200027,1.25e-05
1756306800011,1.25e-05
1756310400027,1.25e-05
1756314000090,1.25e-05
1756317600134,1.25e-05
1756321200170,1.25e-05
1756324800072,1.25e-05
1756328400118,1.25e-05
1756332000060,1.25e-05
1756335600044,1.25e-05
1756339200044,1.25e-05
1756342800048,1.25e-05
1756346400051,1.25e-05
1756350000069,1.25e-05
1756353600041,1.25e-05
1756357200033,1.25e-05
1756360800038,1.25e-05
1756364400082,1.25e-05
1756368000011,1.25e-05
1756371600075,1.25e-05
1756375200095,1.25e-05
1756378800015,1.25e-05
1756382400101,1.25e-05
1756386000111,1.25e-05
1756389600008,1.25e-05
1756393200018,1.25e-05
1756396800003,1.25e-05
1756400400039,1.25e-05
1756404000035,1.25e-05
1756407600019,1.25e-05
1756411200054,1.25e-05
1756414800008,1.25e-05
1756418400108,1.25e-05
1756422000020,1.25e-05
1756425600041,1.25e-05
1756429200006,1.25e-05
1756432800089,1.25e-05
1756436400012,1.25e-05
1756440000104,1.25e-05
1756443600033,1.25e-05
1756447200004,1.25e-05
1756450800036,1.25e-05
1756454400080,1.25e-05
1756458000012,1.25e-05
1756461600048,1.25e-05
1756465200033,1.25e-05
1756468800072,1.25e-05
1756472400007,1.25e-05
1756476000029,1.25e-05
1756479600021,1.25e-05
1756483200052,-6.515e-07
1756486800064,-1.10989e-05
1756490400060,-1.18344e-05
1756494000060,-6.0241e-06
1756497600059,-5.289e-06
1756501200093,-9.723e-06
1756504800000,-1.92251e-05
1756508400004,-1.86448e-05
1756512000046,-1.57058e-05
1756515600066,-9.0736e-06
1756519200038,-6.5754e-06
1756522800046,-1.68832e-05
1756526400038,-1.20885e-05
1756530000007,-9.1431e-06
1756533600022,-9.6313e-06
1756537200005,-1.55364e-05
1756540800065,-1.49191e-05
1756544400093,-1.93456e-05
1756548000028,-1.53487e-05
1756551600032,-1.63658e-05
1756555200089,-1.82066e-05
1756558800007,-1.36717e-05
1756562400025,-9.0071e-06
1756566000056,-5.1362e-06
1756569600064,-2.3589e-06
1756573200004,-4.9506e-06
1756576800037,-5.0917e-06
1756580400034,-1.8748e-06
1756584000093,1.18805e-05
1756587600062,9.8698e-06
1756591200053,3.66e-06
1756594800054,6.548e-07
1756598400044,6.5389e-06
1756602000099,1.25e-05
1756605600042,1.25e-05
1756609200007,1.25e-05
1756612800021,1.25e-05
1756616400023,1.25e-05
1756620000063,1.25e-05
1756623600078,1.25e-05
1756627200011,1.25e-05
1756630800012,1.25e-05
1756634400076,1.25e-05
1756638000006,1.25e-05
1756641600113,1.25e-05
1756645200000,1.25e-05
1756648800013,1.25e-05
1756652400120,1.25e-05
1756656000054,1.25e-05
1756659600083,1.25e-05
1756663200050,1.25e-05
1756666800032,1.25e-05
1756670400032,1.25e-05
1756674000023,1.25e-05
1756677600012,1.25e-05
1756681200092,1.25e-05
1756684800052,1.25e-05
1756688400072,1.25e-05
1756692000006,1.25e-05
1756695600049,1.25e-05
1756699200101,1.25e-05
1756702800020,1.25e-05
1756706400041,1.25e-05
1756710000022,1.15424e-05
1756713600004,8.3445e-06
1756717200003,1.25e-05
1756720800070,1.25e-05
1756724400068,1.25e-05
1756728000044,1.25e-05
1756731600042,1.25e-05
1756735200012,1.25e-05
1756738800082,1.25e-05
1756742400053,1.25e-05
1756746000015,1.25e-05
1756749600044,1.25e-05
1756753200060,1.25e-05
1756756800028,1.25e-05
1756760400004,1.25e-05
1756764000113,8.057e-06
1756767600020,1.08545e-05
1756771200036,1.25e-05
1756774800088,1.06252e-05
1756778400040,1.25e-05
1756782000001,1.25e-05
1756785600034,1.25e-05
1756789200050,1.25e-05
1756792800017,1.25e-05
1756796400049,1.25e-05
1756800000022,1.25e-05
1756803600010,1.25e-05
1756807200151,1.25e-05
1756810800029,1.25e-05
1756814400112,1.25e-05
1756818000004,1.25e-05
1756821600109,1.25e-05
1756825200008,1.25e-05
1756828800032,1.25e-05
1756832400026,1.25e-05
1756836000007,1.25e-05
1756839600039,1.25e-05
1756843200024,1.25e-05
1756846800004,1.25e-05
1756850400007,1.25e-05
1756854000077,1.25e-05
1756857600031,1.25e-05
1756861200093,1.25e-05
1756864800034,1.25e-05
1756868400030,1.25e-05
1756872000124,1.25e-05
1756875600070,1.25e-05
1756879200133,1.25e-05
1756882800014,1.25e-05
1756886400027,1.25e-05
1756890000004,1.25e-05
1756893600060,1.25e-05
1756897200049,1.25e-05
1756900800065,1.25e-05
1756904400112,1.25e-05
1756908000000,1.25e-05
1756911600004,1.25e-05
1756915200033,1.25e-05
1756918800020,1.25e-05
1756922400022,1.25e-05
1756926000050,1.25e-05
1756929600026,1.25e-05
1756933200045,1.25e-05
1756936800068,1.25e-05
1756940400003,1.25e-05
1756944000040,1.25e-05
1756947600102,1.25e-05
1756951200043,1.25e-05
1756954800079,1.25e-05
1756958400071,1.25e-05
1756962000045,1.25e-05
1756965600083,1.25e-05
1756969200001,1.25e-05
1756972800113,1.25e-05
1756976400009,1.25e-05
1756980000025,1.25e-05
1756983600053,1.25e-05
1756987200054,1.25e-05
1756990800002,1.25e-05
1756994400027,1.25e-05
1756998000020,1.25e-05
1757001600017,1.25e-05
1757005200069,1.25e-05
1757008800021,1.25e-05
1757012400011,1.25e-05
1757016000153,1.25e-05
1757019600049,1.25e-05
1757023200027,1.25e-05
1757026800064,1.25e-05
1757030400006,1.25e-05
1757034000090,1.25e-05
1757037600099,1.25e-05
1757041200072,1.25e-05
1757044800056,1.25e-05
1757048400047,1.25e-05
1757052000009,1.25e-05
1757055600040,1.25e-05
1757059200028,1.25e-05
1757062800004,1.25e-05
1757066400019,1.25e-05
1757070000030,1.25e-05
1757073600063,1.25e-05
1757077200068,1.25e-05
1757080800038,1.25e-05
1757084400008,1.25e-05
1757088000036,1.25e-05
1757091600023,1.25e-05
1757095200028,1.25e-05
1757098800019,1.25e-05
1757102400042,1.25e-05
1757106000060,1.25e-05
1757109600051,1.25e-05
1757113200048,1.25e-05
1757116800039,1.25e-05
1757120400038,1.25e-05
1757124000059,1.25e-05
1757127600115,1.25e-05
1757131200023,1.25e-05
1757134800035,1.25e-05
1757138400078,1.25e-05
1757142000086,1.25e-05
1757145600027,1.25e-05
1757149200002,1.25e-05
1757152800007,1.25e-05
1757156400064,1.25e-05
1757160000068,1.25e-05
1757163600087,1.25e-05
1757167200047,1.25e-05
1757170800032,1.25e-05
1757174400060,1.25e-05
1757178000102,1.25e-05
1757181600014,1.25e-05
1757185200075,1.25e-05
1757188800002,1.25e-05
1757192400008,9.462e-06
1757196000026,1.25e-05
1757199600056,9.2932e-06
1757203200012,9.4793e-06
1757206800027,1.25e-05
1757210400006,1.16247e-05
1757214000048,1.20847e-05
1757217600054,1.25e-05
1757221200006,1.10714e-05
1757224800121,1.0959e-05
1757228400062,1.17446e-05
1757232000034,1.25e-05
1757235600039,1.25e-05
1757239200001,1.25e-05
1757242800055,9.1604e-06
1757246400020,9.4443e-06
1757250000003,1.25e-05
1757253600011,1.25e-05
1757257200109,1.25e-05
1757260800046,1.25e-05
1757264400034,1.25e-05
1757268000050,1.25e-05
1757271600022,1.25e-05
1757275200102,1.25e-05
1757278800013,1.25e-05
1757282400031,1.25e-05
1757286000036,1.25e-05
1757289600089,1.25e-05
1757293200000,1.25e-05
1757296800018,1.25e-05
1757300400054,1.25e-05
1757304000002,1.25e-05
1757307600116,1.25e-05
1757311200061,1.25e-05
1757314800040,1.25e-05
1757318400066,1.25e-05
1757322000092,1.25e-05
1757325600019,1.25e-05
1757329200029,1.25e-05
1757332800030,1.25e-05
1757336400100,1.25e-05
1757340000016,1.25e-05
1757343600068,1.25e-05
1757347200050,1.25e-05
1757350800111,1.25e-05
1757354400057,1.25e-05
1757358000010,1.25e-05
1757361600073,1.25e-05
1757365200040,1.25e-05
1757368800039,1.25e-05
1757372400057,1.25e-05
1757376000071,1.25e-05
1757379600055,1.25e-05
1757383200059,1.25e-05
1757386800047,1.25e-05
1757390400039,1.25e-05
1757394000039,1.25e-05
1757397600110,1.25e-05
1757401200007,1.25e-05
1757404800017,1.25e-05
1757408400038,1.25e-05
1757412000059,1.25e-05
1757415600047,1.25e-05
1757419200031,1.25e-05
1757422800048,1.25e-05
1757426400019,1.25e-05
1757430000041,1.25e-05
1757433600051,1.25e-05
1757437200032,1.25e-05
1757440800037,1.25e-05
1757444400034,1.25e-05
1757448000054,1.25e-05
1757451600029,1.25e-05
1757455200044,1.25e-05
1757458800000,1.25e-05
1757462400029,1.25e-05
1757466000014,1.25e-05
1757469600014,1.25e-05
1757473200037,1.25e-05
1757476800083,1.25e-05
1757480400009,1.25e-05
1757484000097,1.25e-05
1757487600063,1.25e-05
1757491200058,1.25e-05
1757494800087,1.25e-05
1757498400038,1.25e-05
1757502000127,1.25e-05
1757505600084,1.25e-05
1757509200100,1.25e-05
1757512800042,1.25e-05
1757516400099,1.25e-05
1757520000044,1.25e-05
1757523600005,1.25e-05
1757527200032,1.25e-05
1757530800003,1.25e-05
1757534400050,1.25e-05
1757538000008,1.25e-05
1757541600018,1.25e-05
1757545200009,1.25e-05
1757548800090,1.25e-05
1757552400051,1.25e-05
1757556000011,1.25e-05
1757559600096,1.34829e-05
1757563200016,1.58828e-05
1757566800032,1.5794e-05
1757570400077,1.25e-05
1757574000052,1.25e-05
1757577600065,1.25e-05
1757581200055,1.25e-05
1757584800014,1.25e-05
1757588400002,1.25e-05
1757592000045,1.25e-05
1757595600020,1.25e-05
1757599200059,1.25e-05
1757602800142,1.25e-05
1757606400001,1.25e-05
1757610000077,1.25e-05
1757613600082,1.25e-05
1757617200007,1.25e-05
1757620800007,1.25e-05
1757624400078,1.25e-05
1757628000029,1.25e-05
1757631600037,1.25e-05
1757635200055,1.36991e-05
1757638800004,1.25416e-05
1757642400060,1.4341e-05
1757646000053,1.59083e-05
1757649600037,1.50153e-05
1757653200006,1.94856e-05
1757656800027,2.49676e-05
1757660400044,2.19996e-05
1757664000005,1.37351e-05
1757667600066,1.25e-05
1757671200100,1.25e-05
1757674800040,1.25e-05
1757678400062,1.25e-05
1757682000062,1.25e-05
1757685600038,1.25e-05
1757689200048,1.30608e-05
1757692800064,1.25e-05
1757696400018,1.25e-05
1757700000026,1.25e-05
1757703600066,1.45935e-05
1757707200057,1.49656e-05
1757710800007,2.15153e-05
1757714400031,2.4131e-05
1757718000007,2.64588e-05
1757721600038,1.25e-05
1757725200008,1.87822e-05
1757728800011,2.78398e-05
1757732400107,2.29251e-05
1757736000000,2.55003e-05
1757739600060,2.0773e-05
1757743200032,2.92318e-05
1757746800040,3.2564e-05
1757750400064,3.59791e-05
1757754000005,3.33068e-05
1757757600044,4.70666e-05
1757761200042,4.39241e-05
1757764800046,3.79633e-05
1757768400035,2.4696e-05
1757772000053,3.10508e-05
1757775600013,4.16945e-05
1757779200049,3.62243e-05
1757782800030,3.15084e-05
1757786400037,3.33902e-05
1757790000042,3.76935e-05
1757793600032,1.63638e-05
1757797200082,2.41852e-05
1757800800128,2.77165e-05
1757804400121,1.63593e-05
1757808000036,2.36909e-05
1757811600008,1.25e-05
1757815200034,1.25e-05
1757818800007,1.25e-05
1757822400044,1.25e-05
1757826000080,1.25e-05
1757829600022,1.42234e-05
1757833200026,1.25e-05
1757836800033,1.25e-05
1757840400057,1.25e-05
1757844000048,1.25e-05
1757847600030,1.25e-05
1757851200037,1.25e-05
1757854800025,1.25e-05
1757858400084,1.25e-05
1757862000078,1.25e-05
1757865600118,1.25e-05
1757869200032,1.25e-05
1757872800027,1.25e-05
1757876400060,1.25e-05
1757880000028,1.25e-05
1757883600035,1.25e-05
1757887200007,1.25e-05
1757890800009,1.25e-05
1757894400027,1.25e-05
1757898000015,1.25e-05
1757901600009,1.25e-05
1757905200066,1.25e-05
1757908800008,1.25e-05
1757912400050,1.25e-05
1757916000044,1.25e-05
1757919600013,1.25e-05
1757923200017,1.25e-05
1757926800001,1.25e-05
1757930400048,1.25e-05
1757934000076,1.25e-05
1757937600020,1.25e-05
1757941200014,1.25e-05
1757944800116,1.25e-05
1757948400031,1.25e-05
1757952000022,1.25e-05
1757955600099,1.25e-05
1757959200041,1.25e-05
1757962800063,1.25e-05
1757966400092,1.25e-05
1757970000047,1.25e-05
1757973600030,1.25e-05
1757977200060,1.25e-05
1757980800021,1.25e-05
1757984400020,1.25e-05
1757988000103,1.25e-05
1757991600020,1.25e-05
1757995200055,1.25e-05
1757998800033,1.25e-05
1758002400000,1.25e-05
1758006000117,1.25e-05
1758009600093,1.25e-05
1758013200063,1.25e-05
1758016800055,1.25e-05
1758020400005,1.25e-05
1758024000032,1.25e-05
1758027600053,1.25e-05
1758031200018,1.25e-05
1758034800026,1.25e-05
1758038400021,1.25e-05
1758042000002,1.25e-05
1758045600032,1.25e-05
1758049200049,1.25e-05
1758052800044,1.25e-05
1758056400073,1.25e-05
1758060000078,1.25e-05
1758063600027,1.25e-05
1758067200089,1.25e-05
1758070800035,1.25e-05
1758074400074,1.25e-05
1758078000013,1.25e-05
1758081600030,1.25e-05
1758085200084,1.25e-05
1758088800012,1.25e-05
1758092400059,1.25e-05
1758096000061,1.25e-05
1758099600064,1.25e-05
1758103200017,1.25e-05
1758106800055,1.25e-05
1758110400040,1.25e-05
1758114000061,1.25e-05
1758117600016,1.25e-05
1758121200015,1.25e-05
1758124800001,1.25e-05
1758128400085,1.25e-05
1758132000038,1.25e-05
1758135600017,1.25e-05
1758139200076,1.25e-05
1758142800089,1.25e-05
1758146400039,1.25e-05
1758150000061,1.25e-05
1758153600010,1.25e-05
1758157200065,1.25e-05
1758160800072,1.25e-05
1758164400061,1.71642e-05
1758168000067,1.60905e-05
1758171600024,1.38142e-05
1758175200022,1.25e-05
1758178800030,1.25e-05
1758182400017,1.25e-05
1758186000056,1.25e-05
1758189600033,1.25e-05
1758193200053,1.61415e-05
1758196800068,1.75617e-05
1758200400082,1.25e-05
1758204000008,1.25e-05
1758207600185,1.38894e-05
1758211200048,1.68346e-05
1758214800100,2.13625e-05
1758218400087,2.11634e-05
1758222000062,2.58179e-05
1758225600010,1.25e-05
1758229200001,1.25e-05
1758232800021,1.25e-05
1758236400114,1.25e-05
1758240000070,1.25e-05
1758243600048,1.25e-05
1758247200098,1.25773e-05
1758250800047,1.25e-05
1758254400064,1.40159e-05
1758258000018,1.42266e-05
1758261600076,1.324e-05
1758265200001,1.25826e-05
1758268800030,1.25e-05
1758272400109,1.25e-05
1758276000042,1.38564e-05
1758279600063,1.25e-05
1758283200001,1.25e-05
1758286800038,1.48651e-05
1758290400041,1.25e-05
1758294000012,1.25e-05
1758297600032,1.25e-05
1758301200052,1.25e-05
1758304800047,1.28628e-05
1758308400049,1.56643e-05
1758312000023,1.25e-05
1758315600022,1.40516e-05
1758319200053,1.39188e-05
1758322800020,1.48341e-05
1758326400068,1.43458e-05
1758330000039,1.39232e-05
1758333600064,1.25e-05
1758337200060,1.25e-05
1758340800045,1.25e-05
1758344400047,1.25e-05
1758348000066,1.25e-05
1758351600027,1.25e-05
1758355200039,1.25e-05
1758358800037,1.25e-05
1758362400045,1.25e-05
1758366000029,1.25e-05
1758369600058,1.25e-05
1758373200066,1.25e-05
1758376800052,1.25e-05
1758380400015,1.25e-05
1758384000082,1.25e-05
1758387600089,1.25e-05
1758391200108,1.25e-05
1758394800077,1.25e-05
1758398400086,1.25e-05
1758402000062,1.25e-05
1758405600039,1.25e-05
1758409200039,1.25e-05
1758412800041,1.25e-05
1758416400054,1.25e-05
1758420000091,1.25e-05
1758423600037,1.25e-05
1758427200092,1.25e-05
1758430800037,1.25e-05
1758434400033,1.25e-05
1758438000060,1.25e-05
1758441600018,1.25e-05
1758445200030,1.25e-05
1758448800048,1.25e-05
1758452400031,1.25e-05
1758456000050,1.25e-05
1758459600064,1.25e-05
1758463200056,1.25e-05
1758466800069,1.25e-05
1758470400028,1.25e-05
1758474000007,1.25e-05
1758477600002,1.25e-05
1758481200108,1.25e-05
1758484800107,1.25e-05
1758488400032,1.25e-05
1758492000091,1.25e-05
1758495600106,1.25e-05
1758499200090,1.25e-05
1758502800068,1.25e-05
1758506400000,1.25e-05
1758510000040,1.25e-05
1758513600033,1.25e-05
1758517200062,1.25e-05
1758520800095,1.25e-05
1758524400026,1.25e-05
1758528000036,1.25e-05
1758531600021,1.25e-05
1758535200097,1.25e-05
1758538800090,1.25e-05
1758542400057,1.25e-05
1758546000008,1.25e-05
1758549600074,1.25e-05
1758553200010,1.25e-05
1758556800001,1.25e-05
1758560400106,1.25e-05
1758564000026,1.25e-05
1758567600058,1.25e-05
1758571200076,1.25e-05
1758574800091,1.25e-05
1758578400056,1.25e-05
1758582000030,1.25e-05
1758585600047,1.25e-05
1758589200005,1.25e-05
1758592800101,1.25e-05
1758596400062,1.25e-05
1758600000013,1.25e-05
1758603600077,1.25e-05
1758607200005,1.25e-05
1758610800003,1.25e-05
1758614400038,1.25e-05
1758618000072,1.25e-05
1758621600042,1.25e-05
1758625200022,1.25e-05
1758628800009,1.25e-05
1758632400046,1.25e-05
1758636000106,1.25e-05
1758639600055,1.25e-05
1758643200051,1.25e-05
1758646800043,1.25e-05
1758650400083,1.25e-05
1758654000011,1.25e-05
1758657600002,1.25e-05
1758661200028,1.25e-05
1758664800031,1.25e-05
1758668400001,1.25e-05
1758672000067,1.25e-05
1758675600042,1.25e-05
1758679200101,1.25e-05
1758682800031,1.25e-05
1758686400022,1.25e-05
1758690000088,1.25e-05
1758693600049,1.25e-05
1758697200062,1.25e-05
1758700800052,1.25e-05
1758704400014,1.25e-05
1758708000083,1.25e-05
1758711600025,1.25e-05
1758715200029,1.25e-05
1758718800014,1.25e-05
1758722400029,1.25e-05
1758726000013,1.25e-05
1758729600040,1.25e-05
1758733200098,1.25e-05
1758736800052,1.25e-05
1758740400007,1.25e-05
1758744000014,1.25e-05
1758747600070,1.25e-05
1758751200049,1.25e-05
1758754800021,1.25e-05
1758758400226,1.25e-05
1758762000067,1.25e-05
1758765600028,1.25e-05
1758769200070,1.25e-05
1758772800049,1.25e-05
1758776400054,1.25e-05
1758780000001,1.25e-05
1758783600049,1.25e-05
1758787200077,1.25e-05
1758790800034,1.20977e-05
1758794400004,1.09247e-05
1758798000011,1.25e-05
1758801600048,1.25e-05
1758805200068,1.25e-05
1758808800103,1.25e-05
1758812400006,1.25e-05
1758816000033,1.25e-05
1758819600026,1.25e-05
1758823200017,1.25e-05
1758826800029,1.25e-05
1758830400011,7.474e-06
1758834000060,7.159e-06
1758837600062,4.3632e-06
1758841200051,9.8998e-06
1758844800107,4.4178e-06
1758848400013,7.2444e-06
1758852000031,1.25e-05
1758855600020,1.25e-05
1758859200087,1.20155e-05
1758862800086,1.25e-05
1758866400023,1.25e-05
1758870000012,8.2743e-06
1758873600009,1.25e-05
1758877200095,1.25e-05
1758880800012,1.25e-05
1758884400010,1.25e-05
1758888000071,8.7927e-06
1758891600053,6.4661e-06
1758895200002,7.2411e-06
1758898800060,4.792e-07
1758902400048,1.25e-05
1758906000062,1.25e-05
1758909600108,1.25e-05
1758913200105,1.25e-05
1758916800024,1.25e-05
1758920400002,1.25e-05
1758924000024,1.25e-05
1758927600029,1.25e-05
1758931200099,1.25e-05
1758934800050,1.25e-05
1758938400019,1.25e-05
1758942000048,1.25e-05
1758945600008,1.25e-05
1758949200029,1.25e-05
1758952800028,1.25e-05
1758956400002,1.25e-05
1758960000051,1.25e-05
1758963600004,1.25e-05
1758967200021,1.25e-05
1758970800013,1.25e-05
1758974400078,1.25e-05
1758978000060,1.25e-05
1758981600030,1.25e-05
1758985200062,1.25e-05
1758988800007,1.25e-05
1758992400005,1.25e-05
1758996000024,1.25e-05
1758999600061,1.25e-05
1759003200008,1.25e-05
1759006800004,1.25e-05
1759010400086,1.25e-05
1759014000005,1.25e-05
1759017600025,1.25e-05
1759021200028,1.25e-05
1759024800035,1.25e-05
1759028400010,1.25e-05
1759032000061,1.25e-05
1759035600013,1.25e-05
1759039200111,1.25e-05
1759042800049,1.25e-05
1759046400007,1.25e-05
1759050000040,1.25e-05
1759053600027,1.25e-05
1759057200011,1.25e-05
1759060800071,1.25e-05
1759064400011,1.25e-05
1759068000050,1.25e-05
1759071600065,1.25e-05
1759075200022,1.25e-05
1759078800040,1.25e-05
1759082400027,1.25e-05
1759086000127,1.25e-05
1759089600004,1.25e-05
1759093200011,1.25e-05
1759096800035,1.25e-05
1759100400053,1.25e-05
1759104000006,1.25e-05
1759107600022,1.25e-05
1759111200111,1.25e-05
1759114800011,1.25e-05
1759118400017,1.25e-05
1759122000062,1.25e-05
1759125600090,1.25e-05
1759129200062,1.25e-05
1759132800058,1.25e-05
1759136400034,1.25e-05
1759140000007,1.25e-05
1759143600002,1.25e-05
1759147200045,1.25e-05
1759150800066,1.25e-05
1759154400081,1.25e-05
1759158000027,1.25e-05
1759161600050,1.25e-05
1759165200145,1.25e-05
1759168800077,1.25e-05
1759172400082,1.25e-05
1759176000048,1.25e-05
1759179600054,1.25e-05
1759183200018,1.25e-05
1759186800050,1.25e-05
1759190400020,1.25e-05
1759194000079,1.25e-05
1759197600029,1.25e-05
1759201200090,1.25e-05
1759204800014,1.25e-05
1759208400051,1.25e-05
1759212000040,1.25e-05
1759215600009,1.25e-05
1759219200064,1.25e-05
1759222800034,1.25e-05
1759226400033,1.25e-05
1759230000021,1.16379e-05
1759233600050,1.25e-05
1759237200009,1.2106e-05
1759240800020,1.06642e-05
1759244400000,1.14655e-05
1759248000051,1.25e-05
1759251600008,1.25e-05
1759255200069,1.25e-05
1759258800040,1.25e-05
1759262400043,1.25e-05
1759266000030,1.25e-05
1759269600021,1.25e-05
1759273200007,1.25e-05
1759276800098,1.25e-05
1759280400054,1.25e-05
1759284000041,1.25e-05
1759287600042,1.25e-05
1759291200054,1.25e-05
1759294800012,1.25e-05
1759298400068,1.25e-05
1759302000008,1.25e-05
1759305600041,1.25e-05
1759309200031,1.25e-05
1759312800020,1.25e-05
1759316400030,1.25e-05
1759320000021,1.25e-05
1759323600045,1.25e-05
1759327200081,1.25e-05
1759330800109,1.25e-05
1759334400038,1.25e-05
1759338000083,1.25e-05
1759341600062,1.25e-05
1759345200083,1.25e-05
1759348800086,1.25e-05
1759352400026,1.25e-05
1759356000034,1.25e-05
1759359600000,1.25e-05
1759363200016,1.25e-05
1759366800056,1.25e-05
1759370400057,1.25e-05
1759374000013,1.25e-05
1759377600018,1.25e-05
1759381200005,1.25e-05
1759384800017,1.25e-05
1759388400027,1.25e-05
1759392000063,1.25e-05
1759395600005,1.25e-05
1759399200024,1.25e-05
1759402800016,1.25e-05
1759406400036,1.25e-05
1759410000057,1.25e-05
1759413600020,1.25e-05
1759417200057,1.25e-05
1759420800033,1.25e-05
1759424400014,1.25e-05
1759428000012,1.25e-05
1759431600040,1.25e-05
1759435200064,1.25e-05
1759438800025,1.25e-05
1759442400095,1.25e-05
1759446000006,1.25e-05
1759449600008,1.25e-05
1759453200071,1.25e-05
1759456800012,1.25e-05
1759460400017,1.25e-05
1759464000028,1.25e-05
1759467600069,1.25e-05
1759471200014,1.25e-05
1759474800070,1.25e-05
1759478400028,1.50298e-05
1759482000073,1.62214e-05
1759485600007,1.25e-05
1759489200007,1.25e-05
1759492800020,1.39437e-05
1759496400015,1.73875e-05
1759500000013,1.74343e-05
1759503600033,1.62347e-05
1759507200030,2.87214e-05
1759510800016,3.80749e-05
1759514400018,2.75865e-05
1759518000105,2.4716e-05
1759521600048,2.15521e-05
1759525200197,2.14748e-05
1759528800055,3.79454e-05
1759532400035,3.92065e-05
1759536000006,4.00937e-05
1759539600026,3.72123e-05
1759543200070,2.59341e-05
1759546800062,2.75277e-05
1759550400046,2.38104e-05
1759554000098,2.34327e-05
1759557600044,2.32162e-05
1759561200112,2.89706e-05
1759564800019,2.51131e-05
1759568400059,1.25e-05
1759572000014,1.25e-05
1759575600010,1.25e-05
1759579200009,1.25e-05
1759582800001,1.41352e-05
1759586400055,1.56144e-05
1759590000060,1.25e-05
1759593600016,1.25e-05
1759597200068,1.25e-05
1759600800073,1.32498e-05
1759604400000,1.47216e-05
1759608000015,2.09002e-05
1759611600073,1.50973e-05
1759615200047,1.25e-05
1759618800018,2.73467e-05
1759622400101,2.73461e-05
1759626000062,2.92646e-05
1759629600055,3.28759e-05
1759633200033,3.27686e-05
1759636800041,3.94938e-05
1759640400084,3.72711e-05
1759644000055,4.58564e-05
1759647600050,5.39095e-05
1759651200014,6.60253e-05
1759654800033,4.81246e-05
1759658400043,4.22072e-05
1759662000002,4.08644e-05
1759665600050,3.13106e-05
1759669200081,2.80115e-05
1759672800121,2.87235e-05
1759676400088,2.15961e-05
1759680000047,3.25446e-05
1759683600035,2.90833e-05
1759687200062,2.7508e-05
1759690800032,2.34472e-05
1759694400084,1.59531e-05
1759698000108,1.68759e-05
1759701600050,1.27155e-05
1759705200071,1.89656e-05
1759708800043,1.98894e-05
1759712400027,1.86039e-05
1759716000023,2.40593e-05
1759719600082,2.47811e-05
1759723200091,3.15886e-05
1759726800019,3.07804e-05
1759730400111,3.14205e-05
1759734000032,3.71323e-05
1759737600097,2.56441e-05
1759741200055,2.4821e-05
1759744800016,2.13639e-05
1759748400026,2.06853e-05
1759752000074,1.8582e-05
1759755600017,1.55287e-05
1759759200005,2.00074e-05
1759762800043,2.28978e-05
1759766400064,2.92189e-05
1759770000051,2.47193e-05
1759773600087,3.49552e-05
1759777200084,4.13368e-05
1759780800023,3.12662e-05
1759784400015,3.05226e-05
1759788000075,2.66627e-05
1759791600068,2.75094e-05
1759795200002,2.37908e-05
1759798800012,1.54471e-05
1759802400064,1.76476e-05
1759806000050,2.08841e-05
1759809600039,1.89415e-05
1759813200032,1.84415e-05
1759816800019,2.7807e-05
1759820400042,2.01335e-05
1759824000014,2.48485e-05
1759827600010,1.25e-05
1759831200059,1.25e-05
1759834800022,1.25e-05
1759838400000,1.25e-05
1759842000076,1.61154e-05
1759845600138,2.60197e-05
1759849200114,1.25e-05
1759852800069,1.25e-05
1759856400026,1.25e-05
1759860000077,1.25e-05
1759863600033,1.25e-05
1759867200006,1.25e-05
1759870800062,1.71361e-05
1759874400055,2.04704e-05
1759878000098,2.67813e-05
1759881600010,2.32622e-05
1759885200133,1.60521e-05
1759888800028,1.9753e-05
1759892400068,2.00236e-05
1759896000019,1.25e-05
1759899600056,1.25e-05
1759903200002,1.25e-05
1759906800022,1.25e-05
1759910400026,1.25e-05
1759914000065,1.25e-05
1759917600019,1.25e-05
1759921200005,1.56954e-05
1759924800108,1.75477e-05
1759928400001,2.18105e-05
1759932000002,1.61293e-05
1759935600058,1.25e-05
1759939200119,1.25e-05
1759942800028,1.25e-05
1759946400105,2.4116e-05
1759950000018,1.84098e-05
1759953600072,2.12293e-05
1759957200085,2.42182e-05
1759960800055,2.21093e-05
1759964400039,2.59031e-05
1759968000053,2.79374e-05
1759971600011,2.49178e-05
1759975200038,2.1577e-05
1759978800020,1.25e-05
1759982400064,1.25e-05
1759986000076,1.25e-05
1759989600013,1.25e-05
1759993200036,1.25e-05
1759996800110,1.25e-05
1760000400028,1.25e-05
1760004000032,1.25e-05
1760007600052,1.25e-05
1760011200015,1.25e-05
1760014800011,1.25e-05
1760018400037,1.25e-05
1760022000074,1.25e-05
1760025600019,1.25e-05
1760029200013,1.25e-05
1760032800077,1.25e-05
1760036400013,1.25e-05
1760040000003,1.25e-05
1760043600009,1.25e-05
1760047200078,1.25e-05
1760050800084,1.25e-05
1760054400017,1.25e-05
1760058000038,1.25e-05
1760061600022,1.25e-05
1760065200040,1.25e-05
1760068800008,1.25e-05
1760072400082,1.25e-05
1760076000013,1.25e-05
1760079600056,1.25e-05
1760083200014,1.25e-05
1760086800012,1.25e-05
1760090400089,1.25e-05
1760094000035,1.25e-05
1760097600023,1.25e-05
1760101200059,1.25e-05
1760104800055,1.25e-05
1760108400072,1.25e-05
1760112000042,1.25e-05
1760115600040,1.25e-05
1760119200009,1.25e-05
1760122800032,1.25e-05
1760126400062,1.25e-05
1760130000014,1.25e-05
1760133600084,-0.0012470355
1760137200035,-0.0003732888
1760140800023,-0.0001015863
1760144400034,-1.29665e-05
1760148000015,-2.48332e-05
1760151600003,-1.2232e-05
1760155200016,-2.60957e-05
1760158800063,-2.32354e-05
1760162400153,-3.39973e-05
1760166000073,-3.02849e-05
1760169600013,-2.18914e-05
1760173200050,-9.3465e-06
1760176800034,-1.33617e-05
1760180400019,-1.72429e-05
1760184000084,-1.30861e-05
1760187600002,-1.63208e-05
1760191200014,-4.6607e-06
1760194800044,-9.527e-07
1760198400129,-2.7482e-06
1760202000043,-8.6201e-06
1760205600027,1.4834e-06
1760209200071,-4.1654e-06
1760212800041,-1.06584e-05
1760216400089,-6.7566e-06
1760220000073,-1.22398e-05
1760223600004,-1.82317e-05
1760227200048,-2.14924e-05
1760230800060,-2.15345e-05
1760234400086,-2.36982e-05
1760238000015,-2.40578e-05
1760241600017,-1.20356e-05
1760245200030,-8.7658e-06
1760248800046,-5.8169e-06
1760252400051,-5.6156e-06
1760256000128,-9.1567e-06
1760259600019,-1.74969e-05
1760263200032,-1.7808e-05
1760266800015,-1.66825e-05
1760270400041,-1.72024e-05
1760274000018,-1.6899e-05
1760277600010,-1.73011e-05
1760281200058,-8.2685e-06
1760284800000,-3.2456e-06
1760288400053,1.7609e-06
1760292000083,2.1992e-06
1760295600034,-4.723e-07
1760299200037,6.4033e-06
1760302800008,5.1008e-06
1760306400034,3.8399e-06
1760310000039,4.1648e-06
1760313600022,6.5364e-06
1760317200056,8.5658e-06
1760320800109,9.083e-06
1760324400041,5.1874e-06
1760328000081,1.25e-05
1760331600010,1.04646e-05
1760335200068,7.211e-07
1760338800011,5.2318e-06
1760342400029,7.0719e-06
1760346000097,7.0663e-06
1760349600037,8.6622e-06
1760353200044,1.25e-05
1760356800094,1.11916e-05
1760360400067,1.14349e-05
1760364000029,1.25e-05
1760367600052,1.00381e-05
1760371200027,1.25e-05
1760374800008,1.25e-05
1760378400013,1.25e-05
1760382000032,1.25e-05
1760385600049,1.25e-05
1760389200049,1.25e-05
1760392800002,1.25e-05
1760396400006,1.25e-05
1760400000054,1.25e-05
1760403600064,1.25e-05
1760407200032,1.25e-05
1760410800114,-2.9775e-06
1760414400019,-4.8577e-06
1760418000079,-8.2125e-06
1760421600009,-4.9539e-06
1760425200007,-4.2754e-06
1760428800001,3.9976e-06
1760432400098,-1.8039e-06
1760436000066,-5.1044e-06
1760439600045,-8.6916e-06
1760443200009,-6.006e-07
1760446800044,2.4199e-06
1760450400060,3.3987e-06
1760454000027,8.397e-07
1760457600021,3.207e-07
1760461200070,3.448e-06
1760464800036,5.5006e-06
1760468400043,2.6362e-06
1760472000090,5.8538e-06
1760475600040,6.1928e-06
1760479200030,4.4112e-06
1760482800016,6.9421e-06
1760486400106,7.1178e-06
1760490000001,9.7737e-06
1760493600048,1.233e-06
1760497200060,5.3967e-06
1760500800092,2.702e-06
1760504400054,5.0536e-06
1760508000025,2.411e-07
1760511600000,1.5137e-06
1760515200090,7.814e-06
1760518800045,1.18234e-05
1760522400038,3.9042e-06
1760526000014,-5.593e-07
1760529600071,6.913e-07
1760533200024,1.084e-07
1760536800088,-1.8685e-06
1760540400082,6.907e-07
1760544000002,-1.6599e-06
1760547600091,3.9731e-06
1760551200014,-1.06137e-05
1760554800043,-1.1159e-06
1760558400048,-9.1546e-06
1760562000066,-1.38273e-05
1760565600068,-2.00523e-05
1760569200063,-2.57075e-05
1760572800003,-2.62356e-05
1760576400006,-2.10397e-05
1760580000024,-1.9629e-05
1760583600057,-3.9085e-06
1760587200105,4.4414e-06
1760590800050,-5.2119e-06
1760594400093,-1.8666e-05
1760598000001,-1.96936e-05
1760601600038,-1.77705e-05
1760605200082,-3.9119e-06
1760608800013,1.6944e-06
1760612400020,2.4685e-06
1760616000046,-2.77e-08
1760619600058,1.25e-05
1760623200059,1.25e-05
1760626800000,1.25e-05
1760630400046,7.9605e-06
1760634000067,1.25e-05
1760637600028,9.0012e-06
1760641200035,1.10739e-05
1760644800004,1.25e-05
1760648400058,9.3753e-06
1760652000015,8.6595e-06
1760655600005,6.7651e-06
1760659200017,1.25e-05
1760662800071,1.25e-05
1760666400052,1.10533e-05
1760670000028,6.9617e-06
1760673600012,9.443e-06
1760677200047,1.25e-05
1760680800002,4.7168e-06
1760684400082,4.7904e-06
1760688000040,9.3764e-06
1760691600084,8.2067e-06
1760695200049,6.762e-06
1760698800013,5.969e-06
1760702400077,8.7098e-06
1760706000034,2.762e-06
1760709600009,1.25e-05
1760713200120,7.2224e-06
1760716800040,6.5828e-06
1760720400015,-6.094e-07
1760724000007,-7.1044e-06
1760727600019,6.6218e-06
1760731200028,1.14314e-05
1760734800016,1.19363e-05
1760738400018,1.03962e-05
1760742000049,9.6561e-06
1760745600129,1.0968e-05
1760749200018,4.6393e-06
1760752800084,3.287e-06
1760756400037,-5.6262e-06
1760760000070,-4.1138e-06
1760763600106,-8.0261e-06
1760767200001,-1.6341e-06
1760770800089,4.5097e-06
1760774400022,1.1403e-06
1760778000003,1.1982e-06
1760781600005,-1.1173e-06
1760785200034,-4.8354e-06
1760788800000,-1.5433e-06
1760792400017,-6.462e-06
1760796000045,-1.9373e-06
1760799600069,-3.937e-07
1760803200107,6.857e-06
1760806800041,5.7345e-06
1760810400003,2.5413e-06
1760814000020,4.8842e-06
1760817600014,2.4344e-06
1760821200056,2.275e-06
1760824800086,1.7054e-06
1760828400018,1.0347e-06
1760832000092,3.3699e-06
1760835600033,2.881e-07
1760839200096,3.259e-07
1760842800108,-2.279e-06
1760846400025,-8.934e-07
1760850000003,-8.215e-07
1760853600048,-2.7231e-06
1760857200062,-8.3174e-06
1760860800041,-1.23023e-05
1760864400022,-1.2395e-05
1760868000085,-3.5483e-06
1760871600055,-2.624e-07
1760875200055,-5.802e-06
1760878800079,-5.8934e-06
1760882400090,-2.9675e-06
1760886000068,3.511e-07
1760889600015,-4.9418e-06
1760893200027,-8.317e-07
1760896800002,-2.679e-06
1760900400081,-7.4738e-06
1760904000001,-1.47999e-05
1760907600000,-1.39902e-05
1760911200051,-1.31228e-05
1760914800023,-1.17172e-05
1760918400001,-1.34643e-05
1760922000091,-1.37059e-05
1760925600012,-9.6418e-06
1760929200011,-6.6694e-06
1760932800027,8.5633e-06
1760936400027,8.4265e-06
1760940000067,3.1307e-06
1760943600099,-2.75e-08
1760947200102,3.7608e-06
1760950800121,9.6167e-06
1760954400031,1.25e-05
1760958000001,1.25e-05
1760961600008,6.3696e-06
1760965200016,2.5203e-06
1760968800008,7.278e-07
1760972400038,4.5155e-06
1760976000065,1.12916e-05
1760979600004,6.2292e-06
1760983200050,5.776e-07
1760986800049,4.4385e-06
1760990400017,3.9634e-06
1760994000028,-8.245e-07
1760997600031,5.8877e-06
1761001200065,8.2086e-06
1761004800019,7.8855e-06
1761008400007,1.01144e-05
1761012000031,-1.672e-06
1761015600071,4.6777e-06
1761019200035,4.2486e-06
1761022800063,1.0245e-06
1761026400008,-4.7528e-06
1761030000118,-5.7943e-06
1761033600010,-5.1358e-06
1761037200003,-7.3139e-06
1761040800028,1.3304e-06
1761044400076,-6.099e-07
1761048000078,-4.5649e-06
1761051600030,-8.6815e-06
1761055200096,-5.732e-06
1761058800047,-2.7066e-06
1761062400042,1.25e-05
1761066000058,1.25e-05
1761069600016,1.22358e-05
1761073200080,-9.6161e-06
1761076800060,-1.22542e-05
1761080400019,-8.4186e-06
1761084000011,-1.1129e-05
1761087600060,-1.09522e-05
1761091200025,-1.24149e-05
1761094800050,-4.7248e-06
1761098400020,-1.6003e-06
1761102000081,-3.367e-06
1761105600076,-8.5215e-06
1761109200035,-1.38744e-05
1761112800009,-1.28456e-05
1761116400071,-4.3547e-06
1761120000062,-2.6199e-06
1761123600059,9.386e-07
1761127200074,-4.9891e-06
1761130800056,1.3977e-06
1761134400032,-4.6361e-06
1761138000031,-1.29325e-05
1761141600029,-1.56126e-05
1761145200025,-5.2481e-06
1761148800036,-1.2238e-06
1761152400033,-3.9348e-06
1761156000008,-4.7334e-06
1761159600089,1.2432e-06
1761163200002,4.9199e-06
1761166800025,-7.266e-07
1761170400027,-6.716e-06
1761174000005,-5.9483e-06
1761177600009,3.0069e-06
1761181200016,1.25e-05
1761184800031,1.02084e-05
1761188400006,1.25e-05
1761192000069,7.7359e-06
1761195600027,4.632e-06
1761199200059,9.0357e-06
1761202800050,7.2068e-06
1761206400047,7.5746e-06
1761210000058,1.25e-05
1761213600041,1.25e-05
1761217200009,1.25e-05
1761220800003,1.24779e-05
1761224400028,9.4488e-06
1761228000017,1.00375e-05
1761231600071,1.25e-05
1761235200077,1.25e-05
1761238800066,1.25e-05
1761242400067,1.25e-05
1761246000064,1.25e-05
1761249600111,1.25e-05
1761253200075,1.08898e-05
1761256800059,8.4558e-06
1761260400061,-6.889e-06
1761264000027,-2.3889e-06
1761267600017,2.4132e-06
1761271200037,2.6365e-06
1761274800019,1.17684e-05
1761278400025,9.1479e-06
1761282000030,1.05474e-05
1761285600025,1.25e-05
1761289200071,1.25e-05
1761292800077,1.15384e-05
1761296400061,4.8541e-06
1761300000120,1.0582e-05
1761303600104,9.0363e-06
1761307200013,4.5373e-06
1761310800033,1.04676e-05
1761314400009,8.9501e-06
1761318000027,8.2537e-06
1761321600171,8.0002e-06
1761325200036,9.6923e-06
1761328800052,1.02491e-05
1761332400043,6.4737e-06
1761336000021,4.9487e-06
1761339600031,5.1412e-06
1761343200007,1.25e-05
1761346800032,1.25e-05
1761350400014,1.25e-05
1761354000081,1.25e-05
1761357600085,1.25e-05
1761361200008,1.25e-05
1761364800066,9.4267e-06
1761368400028,1.12434e-05
1761372000036,7.9357e-06
1761375600008,4.6449e-06
1761379200043,3.5851e-06
1761382800025,-1.8443e-06
1761386400021,9.3074e-06
1761390000057,7.5404e-06
1761393600047,1.25e-05
1761397200046,1.25e-05
1761400800058,1.25e-05
1761404400016,1.25e-05
1761408000041,1.25e-05
1761411600015,1.23703e-05
1761415200027,1.25e-05
1761418800030,1.25e-05
1761422400002,1.25e-05
1761426000073,1.25e-05
1761429600055,1.25e-05
1761433200044,1.25e-05
1761436800032,1.25e-05
1761440400040,1.25e-05
1761444000006,1.18529e-05
1761447600063,1.05468e-05
1761451200133,1.09234e-05
1761454800021,1.18022e-05
1761458400088,1.08478e-05
1761462000054,9.3537e-06
1761465600009,1.25e-05
1761469200041,1.25e-05
1761472800028,1.25e-05
1761476400068,1.25e-05
1761480000084,1.25e-05
1761483600054,1.25e-05
1761487200041,1.25e-05
1761490800079,1.25e-05
1761494400039,1.25e-05
1761498000074,1.25e-05
1761501600030,1.1197e-05
1761505200059,9.6771e-06
1761508800056,8.6124e-06
1761512400033,1.17746e-05
1761516000019,8.4104e-06
1761519600009,1.25e-05
1761523200020,1.25e-05
1761526800007,1.25e-05
1761530400080,1.25e-05
1761534000034,1.25e-05
1761537600050,1.25e-05
1761541200056,1.25e-05
1761544800073,1.25e-05
1761548400002,1.25e-05
1761552000067,1.25e-05
1761555600016,1.25e-05
1761559200082,1.25e-05
1761562800067,1.25e-05
1761566400052,1.25e-05
1761570000132,1.25e-05
1761573600028,1.25e-05
1761577200090,1.25e-05
1761580800054,1.25e-05
1761584400078,1.25e-05
1761588000053,1.25e-05
1761591600055,1.25e-05
1761595200077,1.25e-05
1761598800065,8.0107e-06
1761602400010,6.4343e-06
1761606000071,5.4979e-06
1761609600041,5.9693e-06
1761613200058,5.9152e-06
1761616800012,4.9115e-06
1761620400031,6.087e-07
1761624000021,5.2741e-06
1761627600020,1.10092e-05
1761631200053,1.25e-05
1761634800074,4.5166e-06
1761638400069,5.2866e-06
1761642000046,1.25e-05
1761645600036,1.1489e-05
1761649200005,1.25e-05
1761652800001,1.17763e-05
1761656400109,1.1482e-05
1761660000010,1.25e-05
1761663600019,1.25e-05
1761667200046,1.25e-05
1761670800059,1.25e-05
1761674400091,9.0682e-06
1761678000102,1.25e-05
1761681600058,1.24115e-05
1761685200077,9.0731e-06
1761688800030,7.4522e-06
1761692400042,7.2399e-06
1761696000102,6.826e-07
1761699600042,-3.1378e-06
1761703200077,1.11941e-05
1761706800042,7.1538e-06
1761710400036,7.4778e-06
1761714000043,8.1757e-06
1761717600006,9.5736e-06
1761721200020,1.15596e-05
1761724800053,6.9263e-06
1761728400061,1.25e-05
1761732000044,1.25e-05
1761735600044,1.03763e-05
1761739200098,1.24045e-05
1761742800000,8.9205e-06
1761746400006,2.9095e-06
1761750000035,-8.832e-07
1761753600064,-1.18881e-05
1761757200196,-7.9607e-06
1761760800117,-1.0318e-06
1761764400037,2.297e-07
1761768000043,1.05014e-05
1761771600014,1.25e-05
1761775200025,1.25e-05
1761778800061,1.25e-05
1761782400035,1.25e-05
1761786000015,1.15519e-05
1761789600037,1.25e-05
1761793200041,1.25e-05
1761796800122,1.25e-05
1761800400021,1.25e-05
1761804000021,1.25e-05
1761807600062,1.13716e-05
1761811200024,1.02914e-05
1761814800007,1.25e-05
1761818400042,1.25e-05
1761822000045,1.25e-05
1761825600003,1.25e-05
1761829200048,1.25e-05
1761832800048,5.8375e-06
1761836400044,5.5063e-06
1761840000037,-5.058e-06
1761843600008,5.6777e-06
1761847200032,-4.311e-07
1761850800088,5.892e-07
1761854400034,7.9836e-06
1761858000071,1.25e-05
1761861600092,8.9324e-06
1761865200006,7.3511e-06
1761868800006,1.03297e-05
1761872400082,9.8277e-06
1761876000068,1.8699e-06
1761879600072,2.8674e-06
1761883200038,4.2461e-06
1761886800105,-1.169e-07
1761890400081,3.8747e-06
1761894000066,5.9006e-06
1761897600065,1.8536e-06
1761901200071,-3.6778e-06
1761904800002,3.314e-07
1761908400027,2.7388e-06
1761912000145,2.3325e-06
1761915600016,1.25e-05
1761919200066,1.25e-05
1761922800074,3.1432e-06
1761926400068,-7.9453e-06
1761930000021,-1.47601e-05
1761933600067,-4.073e-07
1761937200009,-1.13614e-05
1761940800030,-4.8516e-06
1761944400040,-7.0622e-06
1761948000089,-4.5098e-06
1761951600037,-8.6764e-06
1761955200078,-1.6398e-06
1761958800002,-6.6399e-06
1761962400000,-3.3841e-06
1761966000108,3.8943e-06
1761969600053,-1.1005e-06
1761973200085,-5.8e-07
1761976800046,-5.7601e-06
1761980400032,-8.8557e-06
1761984000039,-1.8621e-06
1761987600075,-1.23e-06
1761991200010,1.4087e-06
1761994800062,1.7259e-06
1761998400072,-7.08e-06
1762002000047,-2.49107e-05
1762005600013,-9.6779e-06
1762009200106,-8.1229e-06
1762012800044,-8.6961e-06
1762016400100,-1.22432e-05
1762020000005,-9.2934e-06
1762023600116,-5.5973e-06
1762027200002,-1.64649e-05
1762030800008,-1.32361e-05
1762034400031,-1.3256e-05
1762038000014,-1.3781e-05
1762041600094,-1.05037e-05
1762045200000,-1.36581e-05
1762048800052,-1.18223e-05
1762052400004,-1.2153e-05
1762056000012,-1.36331e-05
1762059600099,-8.9495e-06
1762063200007,-6.6812e-06
1762066800053,-9.6278e-06
1762070400040,7.931e-07
1762074000053,-4.6749e-06
1762077600020,-8.9968e-06
1762081200019,-1.51221e-05
1762084800027,-1.0281e-05
1762088400003,-1.30479e-05
1762092000057,-9.8144e-06
1762095600055,-1.50146e-05
1762099200038,-1.80273e-05
1762102800043,-2.00224e-05
1762106400014,-1.71067e-05
1762110000050,-1.63665e-05
1762113600024,-2.75249e-05
1762117200063,-2.54012e-05
1762120800055,-1.45154e-05
1762124400127,-2.60378e-05
1762128000108,-1.83997e-05
1762131600005,-1.05834e-05
1762135200074,-1.31043e-05
1762138800048,-2.48777e-05
1762142400069,-1.57792e-05
1762146000062,-1.8481e-06
1762149600081,-1.62313e-05
1762153200041,-2.40607e-05
1762156800009,-1.17555e-05
1762160400014,-2.7142e-06
1762164000019,-7.343e-06
1762167600065,-1.3396e-06
1762171200073,4.399e-06
1762174800022,8.47e-07
1762178400040,4.7719e-06
1762182000059,2.1464e-06
1762185600024,-1.86756e-05
1762189200019,-2.29301e-05
1762192800009,-1.53811e-05
1762196400094,-1.20456e-05
1762200000046,1.0917e-06
1762203600000,-4.3961e-06
1762207200013,2.0821e-06
1762210800040,1.448e-07
1762214400009,-5.454e-07
1762218000022,-1.5022e-06
1762221600049,-1.6783e-06
1762225200014,1.1521e-06
1762228800074,3.8783e-06
1762232400042,1.01915e-05
1762236000054,6.5498e-06
1762239600052,-3.0811e-06
1762243200064,3.269e-06
1762246800001,1.25e-05
1762250400042,1.25e-05
1762254000018,1.25e-05
1762257600053,1.05799e-05
1762261200065,4.6733e-06
1762264800077,5.222e-07
1762268400003,1.0074e-06
1762272000000,4.6208e-06
1762275600006,1.7395e-06
1762279200062,6.1356e-06
1762282800079,1.25e-05
1762286400059,1.25e-05
1762290000034,1.25e-05
1762293600024,1.25e-05
1762297200105,1.25e-05
1762300800005,1.25e-05
1762304400045,1.25e-05
1762308000095,1.25e-05
1762311600037,1.25e-05
1762315200029,1.07369e-05
1762318800020,1.01871e-05
1762322400033,8.0433e-06
1762326000044,1.10723e-05
1762329600051,7.2402e-06
1762333200029,1.25e-05
1762336800009,1.25e-05
1762340400001,1.25e-05
1762344000024,1.25e-05
1762347600088,1.25e-05
1762351200043,1.25e-05
1762354800072,1.25e-05
1762358400017,1.25e-05
1762362000026,1.25e-05
1762365600042,1.4933e-06
1762369200000,7.3572e-06
1762372800000,1.08519e-05
1762376400095,1.25e-05
1762380000015,1.25e-05
1762383600000,1.25e-05
1762387200097,1.25e-05
1762390800003,1.25e-05
1762394400026,1.25e-05
1762398000007,1.25e-05
1762401600087,1.25e-05
1762405200131,1.25e-05
1762408800042,1.25e-05
1762412400071,5.537e-06
1762416000018,2.4351e-06
1762419600140,8.5026e-06
1762423200001,-1.77891e-05
1762426800102,-1.88714e-05
1762430400043,-7.2096e-06
1762434000022,-7.0968e-06
1762437600005,-1.22019e-05
1762441200021,-2.02885e-05
1762444800024,-2.28758e-05
1762448400081,-2.12242e-05
1762452000040,-7.9364e-06
1762455600042,-1.19744e-05
1762459200018,-1.16427e-05
1762462800048,-8.8646e-06
1762466400027,-1.1819e-06
1762470000047,-6.9831e-06
1762473600115,-6.5219e-06
1762477200033,-1.6197e-06
1762480800013,-1.1469e-06
1762484400014,5.6928e-06
1762488000064,1.1389e-05
1762491600056,1.25e-05
1762495200072,1.25e-05
1762498800016,1.05388e-05
1762502400013,1.12733e-05
1762506000038,7.038e-06
1762509600027,-2.73e-08
1762513200002,-2.682e-07
1762516800029,1.5495e-06
1762520400135,2.7488e-06
1762524000085,1.25e-05
1762527600034,1.25e-05
1762531200018,1.25e-05
1762534800021,1.25e-05
1762538400079,1.25e-05
1762542000010,1.25e-05
1762545600026,1.25e-05
1762549200021,1.25e-05
1762552800043,1.25e-05
1762556400141,1.25e-05
1762560000094,1.25e-05
1762563600067,1.25e-05
1762567200022,8.765e-07
1762570800023,-3.0674e-06
1762574400013,-1.5672e-06
1762578000085,1.5584e-06
1762581600078,5.3061e-06
1762585200036,8.628e-06
1762588800058,1.00304e-05
1762592400085,1.25e-05
1762596000029,1.14852e-05
1762599600034,1.25e-05
1762603200091,9.263e-06
1762606800036,-8.074e-07
1762610400019,-1.31109e-05
1762614000056,1.0083e-06
1762617600029,1.519e-06
1762621200024,1.25e-05
1762624800085,9.0591e-06
1762628400082,8.005e-06
1762632000100,1.16444e-05
1762635600090,1.25e-05
1762639200035,8.26e-06
1762642800043,6.148e-06
1762646400028,8.8757e-06
1762650000002,7.7306e-06
1762653600185,8.3358e-06
1762657200067,9.2861e-06
1762660800004,2.9948e-06
1762664400022,4.4733e-06
1762668000090,1.2698e-06
1762671600058,6.6451e-06
1762675200038,1.25e-05
1762678800012,1.25e-05
1762682400045,1.25e-05
1762686000046,1.0596e-05
1762689600040,9.8424e-06
1762693200061,1.4507e-06
1762696800027,1.24881e-05
1762700400050,1.25e-05
1762704000039,1.25e-05
1762707600109,1.25e-05
1762711200052,1.25e-05
1762714800066,1.25e-05
1762718400007,1.25e-05
1762722000092,1.25e-05
1762725600073,1.25e-05
1762729200047,1.25e-05
1762732800049,1.25e-05
1762736400000,1.25e-05
1762740000010,1.25e-05
1762743600055,1.25e-05
1762747200076,1.25e-05
1762750800075,1.25e-05
1762754400071,1.25e-05
1762758000051,1.25e-05
1762761600042,1.25e-05
1762765200026,1.25e-05
1762768800131,1.25e-05
1762772400024,1.25e-05
1762776000125,1.25e-05
1762779600057,1.25e-05
1762783200062,1.25e-05
1762786800004,1.25e-05
1762790400048,1.25e-05
1762794000036,1.25e-05
1762797600053,1.25e-05
1762801200043,1.25e-05
1762804800045,1.25e-05
1762808400074,1.25e-05
1762812000005,1.25e-05
1762815600001,1.25e-05
1762819200073,1.25e-05
1762822800054,1.25e-05
1762826400011,1.25e-05
1762830000076,1.25e-05
1762833600153,1.25e-05
1762837200043,1.25e-05
1762840800043,1.25e-05
1762844400040,1.25e-05
1762848000049,1.25e-05
1762851600026,8.7776e-06
1762855200055,1.17013e-05
1762858800060,7.6146e-06
1762862400002,9.4672e-06
1762866000058,1.12939e-05
1762869600061,-4.1723e-06
1762873200027,-1.26443e-05
1762876800015,-2.2667e-06
1762880400073,1.4026e-06
1762884000026,1.15094e-05
1762887600016,1.25e-05
1762891200013,1.25e-05
1762894800050,1.25e-05
1762898400008,7.9096e-06
1762902000015,6.3263e-06
1762905600096,1.25e-05
1762909200040,1.25e-05
1762912800123,1.25e-05
1762916400006,1.25e-05
1762920000014,1.25e-05
1762923600084,1.25e-05
1762927200107,1.25e-05
1762930800073,1.25e-05
1762934400004,5.8532e-06
1762938000040,1.25e-05
1762941600021,1.25e-05
1762945200044,1.25e-05
1762948800007,1.25e-05
1762952400063,1.25e-05
1762956000043,1.25e-05
1762959600019,1.25e-05
1762963200001,2.2135e-06
1762966800045,-1.714e-07
1762970400036,-3.6057e-06
1762974000032,-6.6568e-06
1762977600038,-9.7362e-06
1762981200057,1.25e-05
1762984800019,1.25e-05
1762988400045,1.25e-05
1762992000007,1.25e-05
1762995600079,1.25e-05
1762999200052,1.25e-05
1763002800067,1.25e-05
1763006400039,1.25e-05
1763010000072,1.25e-05
1763013600028,1.25e-05
1763017200014,1.25e-05
1763020800053,1.25e-05
1763024400007,1.25e-05
1763028000062,1.25e-05
1763031600092,1.25e-05
1763035200022,1.25e-05
1763038800024,1.25e-05
1763042400070,4.8504e-06
1763046000014,5.1912e-06
1763049600012,-6.9593e-06
1763053200042,1.25e-05
1763056800058,1.25e-05
1763060400062,1.25e-05
1763064000061,1.25e-05
1763067600046,1.25e-05
1763071200013,-7.4957e-06
1763074800059,3.7569e-06
1763078400130,1.25e-05
1763082000014,1.25e-05
1763085600069,1.25e-05
1763089200085,1.25e-05
1763092800024,1.25e-05
1763096400029,1.25e-05
1763100000096,1.25e-05
1763103600019,1.25e-05
1763107200098,1.25e-05
1763110800137,1.25e-05
1763114400036,1.25e-05
1763118000052,1.25e-05
1763121600046,1.25e-05
1763125200041,1.25e-05
1763128800034,1.95765e-05
1763132400013,1.40639e-05
1763136000014,1.60245e-05
1763139600079,1.41502e-05
1763143200020,1.25e-05
1763146800005,1.25e-05
1763150400054,1.25e-05
1763154000011,1.25e-05
1763157600091,1.25e-05
1763161200037,1.25e-05
1763164800028,4.59882e-05
1763168400133,5.14049e-05
1763172000009,5.17473e-05
1763175600036,4.53535e-05
1763179200065,2.59159e-05
1763182800009,1.77596e-05
1763186400014,1.25e-05
1763190000047,1.27002e-05
1763193600089,1.25e-05
1763197200051,1.25e-05
1763200800102,1.66863e-05
1763204400069,1.49939e-05
1763208000005,1.25109e-05
1763211600021,1.25e-05
1763215200091,1.61874e-05
1763218800034,1.47437e-05
1763222400015,1.25e-05
1763226000035,1.25e-05
1763229600023,1.25e-05
1763233200004,1.25e-05
1763236800052,1.25e-05
1763240400109,1.25e-05
1763244000042,1.25e-05
1763247600047,1.25e-05
1763251200002,1.25e-05
1763254800042,1.25e-05
1763258400028,1.25e-05
1763262000028,1.25e-05
1763265600042,1.25e-05
1763269200061,1.25e-05
1763272800020,1.25e-05
1763276400060,1.25e-05
1763280000087,1.25e-05
1763283600076,1.25e-05
1763287200068,1.25e-05
1763290800119,1.25e-05
1763294400087,1.25e-05
1763298000043,1.25e-05
1763301600073,1.25e-05
1763305200030,1.25e-05
1763308800012,1.25e-05
1763312400053,1.25e-05
1763316000003,1.25e-05
1763319600068,1.25e-05
1763323200033,1.25e-05
1763326800059,1.25e-05
1763330400007,1.25e-05
1763334000049,1.25e-05
1763337600032,1.25e-05
1763341200020,1.25e-05
1763344800028,1.25e-05
1763348400050,2.04831e-05
1763352000026,1.83849e-05
1763355600122,2.22636e-05
1763359200073,1.94812e-05
1763362800069,2.07666e-05
1763366400018,1.45499e-05
1763370000061,1.35923e-05
1763373600009,1.25e-05
1763377200051,1.25e-05
1763380800042,1.25e-05
1763384400062,1.451e-05
1763388000072,1.25e-05
1763391600017,1.32311e-05
1763395200091,4.6042e-05
1763398800031,2.1002e-05
1763402400033,1.25e-05
1763406000029,1.25e-05
1763409600047,1.25e-05
1763413200069,1.25e-05
1763416800074,2.4379e-05
1763420400045,3.39645e-05
1763424000005,4.53842e-05
1763427600008,4.78658e-05
1763431200088,5.02059e-05
1763434800016,4.3464e-05
1763438400090,4.85105e-05
1763442000014,4.35745e-05
1763445600071,3.23514e-05
1763449200106,1.75169e-05
1763452800038,2.54168e-05
1763456400045,3.15904e-05
1763460000075,3.80343e-05
1763463600001,4.46613e-05
1763467200035,4.40552e-05
1763470800032,3.16984e-05
1763474400037,2.50582e-05
1763478000046,1.60719e-05
1763481600046,1.25e-05
1763485200013,3.54152e-05
1763488800026,3.77831e-05
1763492400025,3.39361e-05
1763496000006,2.10251e-05
1763499600030,1.40562e-05
1763503200011,1.96634e-05
1763506800026,2.28379e-05
1763510400026,1.25e-05
1763514000092,1.25e-05
1763517600049,1.25e-05
1763521200012,1.25e-05
1763524800054,1.25e-05
1763528400003,1.25e-05
1763532000026,1.25e-05
1763535600048,1.25e-05
1763539200018,1.25e-05
1763542800048,1.25e-05
1763546400012,1.25e-05
1763550000095,1.25e-05
1763553600026,1.25e-05
1763557200042,1.25e-05
1763560800002,1.25e-05
1763564400004,1.25e-05
1763568000036,1.25e-05
1763571600080,1.25e-05
1763575200054,1.25e-05
1763578800006,1.25e-05
1763582400045,1.25e-05
1763586000018,1.25e-05
1763589600034,1.25e-05
1763593200027,1.25e-05
1763596800071,1.25e-05
1763600400114,1.25e-05
1763604000030,1.25e-05
1763607600050,1.25e-05
1763611200005,1.9464e-05
1763614800045,1.48336e-05
1763618400003,1.25e-05
1763622000046,1.25e-05
1763625600000,1.77681e-05
1763629200039,1.70721e-05
1763632800112,1.25e-05
1763636400052,1.25e-05
1763640000004,1.25e-05
1763643600051,1.25e-05
1763647200045,1.25e-05
1763650800022,1.25e-05
1763654400039,1.25e-05
1763658000059,1.25e-05
1763661600035,1.25e-05
1763665200088,1.25e-05
1763668800054,1.25e-05
1763672400000,1.25e-05
1763676000129,1.53233e-05
1763679600006,1.92426e-05
1763683200037,1.25e-05
1763686800053,2.66306e-05
1763690400169,1.25e-05
1763694000141,1.64414e-05
1763697600006,1.25e-05
1763701200005,1.25e-05
1763704800054,1.25e-05
1763708400092,1.25e-05
1763712000103,1.25e-05
1763715600003,1.25e-05
1763719200007,1.25e-05
1763722800009,1.25e-05
1763726400005,1.25e-05
1763730000102,1.25e-05
1763733600044,1.25e-05
1763737200047,1.25e-05
1763740800015,1.25e-05
1763744400023,1.25e-05
1763748000006,1.25e-05
1763751600093,1.25e-05
1763755200034,1.25e-05
1763758800031,1.13582e-05
1763762400066,1.25e-05
1763766000002,1.25e-05
1763769600049,1.25e-05
1763773200034,1.25e-05
1763776800035,1.25e-05
1763780400083,1.25e-05
1763784000070,1.25e-05
1763787600036,1.25e-05
1763791200033,1.25e-05
1763794800060,1.25e-05
1763798400063,1.25e-05
1763802000011,1.25e-05
1763805600052,1.25e-05
1763809200092,1.25e-05
1763812800045,1.25e-05
1763816400078,1.25e-05
1763820000013,1.25e-05
1763823600010,1.25e-05
1763827200011,1.25e-05
1763830800019,1.25e-05
1763834400003,1.25e-05
1763838000027,1.25e-05
1763841600045,1.02855e-05
1763845200055,1.0338e-05
1763848800053,1.25e-05
1763852400085,1.18999e-05
1763856000020,1.25e-05
1763859600093,9.5884e-06
1763863200046,1.25e-05
1763866800024,1.25e-05
1763870400004,1.25e-05
1763874000012,1.25e-05
1763877600007,1.25e-05
1763881200051,1.25e-05
1763884800064,1.25e-05
1763888400008,1.25e-05
1763892000023,4.3161e-06
1763895600097,1.21184e-05
1763899200010,1.09128e-05
1763902800086,1.02667e-05
1763906400004,6.8983e-06
1763910000040,2.8928e-06
1763913600021,1.18192e-05
1763917200005,1.06881e-05
1763920800020,1.25e-05
1763924400042,1.01776e-05
1763928000076,8.4471e-06
1763931600083,3.7183e-06
1763935200032,1.25e-05
1763938800050,7.0698e-06
1763942400051,1.25e-05
1763946000030,1.25e-05
1763949600067,1.25e-05
1763953200010,1.25e-05
1763956800034,1.25e-05
1763960400042,1.25e-05
1763964000036,1.25e-05
1763967600028,1.25e-05
1763971200025,1.25e-05
1763974800049,1.25e-05
1763978400007,1.25e-05
1763982000049,1.25e-05
1763985600056,1.25e-05
1763989200014,1.25e-05
1763992800035,1.25e-05
1763996400015,1.25e-05
1764000000011,1.25e-05
1764003600041,1.25e-05
1764007200097,1.25e-05
1764010800065,1.25e-05
1764014400083,1.25e-05
1764018000134,1.25e-05
1764021600018,1.25e-05
1764025200013,1.25e-05
1764028800027,1.25e-05
1764032400029,1.25e-05
1764036000065,1.25e-05
1764039600062,1.25e-05
1764043200057,1.25e-05
1764046800061,1.25e-05
1764050400056,1.25e-05
1764054000004,1.25e-05
1764057600000,1.25e-05
1764061200065,1.25e-05
1764064800014,1.25e-05
1764068400010,1.25e-05
1764072000055,1.25e-05
1764075600083,1.25e-05
1764079200039,1.25e-05
1764082800004,1.25e-05
1764086400060,1.25e-05
1764090000006,1.25e-05
1764093600054,1.25e-05
1764097200061,1.25e-05
1764100800015,1.25e-05
1764104400012,1.25e-05
1764108000013,1.25e-05
1764111600092,1.25e-05
1764115200203,1.25e-05
1764118800056,1.25e-05
1764122400030,1.25e-05
1764126000063,1.25e-05
1764129600014,1.25e-05
1764133200044,1.25e-05
1764136800016,1.25e-05
1764140400022,1.25e-05
1764144000098,1.25e-05
1764147600091,1.25e-05
1764151200025,1.25e-05
1764154800023,1.25e-05
1764158400100,1.25e-05
1764162000034,1.25e-05
1764165600047,1.25e-05
1764169200012,1.25e-05
1764172800062,1.25e-05
1764176400062,1.25e-05
1764180000073,1.25e-05
1764183600048,1.25e-05
1764187200065,1.25e-05
1764190800032,1.25e-05
1764194400029,1.25e-05
1764198000032,1.25e-05
1764201600024,1.25e-05
1764205200006,1.25e-05
1764208800090,1.25e-05
1764212400036,1.25e-05
1764216000062,1.25e-05
1764219600069,1.25e-05
1764223200027,1.25e-05
1764226800004,1.25e-05
1764230400031,1.25e-05
1764234000030,1.25e-05
1764237600037,1.25e-05
1764241200006,1.25e-05
1764244800056,1.25e-05
1764248400129,9.7586e-06
1764252000083,1.25e-05
1764255600013,1.25e-05
1764259200038,1.25e-05
1764262800030,1.25e-05
1764266400008,1.25e-05
1764270000043,1.25e-05
1764273600031,1.25e-05
1764277200068,1.25e-05
1764280800021,1.25e-05
1764284400015,1.25e-05
1764288000003,1.25e-05
1764291600096,1.25e-05
1764295200007,1.25e-05
1764298800026,1.25e-05
1764302400060,1.25e-05
1764306000102,1.25e-05
1764309600089,1.25e-05
1764313200032,1.25e-05
1764316800007,1.25e-05
1764320400007,1.25e-05
1764324000046,1.25e-05
1764327600039,1.25e-05
1764331200055,1.25e-05
1764334800037,1.25e-05
1764338400032,1.25e-05
1764342000000,1.25e-05
1764345600028,1.25e-05
1764349200067,1.25e-05
1764352800002,1.25e-05
1764356400074,1.25e-05
1764360000023,1.03469e-05
1764363600034,1.25e-05
1764367200030,1.25e-05
1764370800038,1.25e-05
1764374400025,1.25e-05
1764378000081,6.3225e-06
1764381600015,5.2472e-06
1764385200061,6.8528e-06
1764388800003,7.845e-06
1764392400146,4.5686e-06
1764396000061,5.1056e-06
1764399600067,6.962e-06
1764403200067,1.25e-05
1764406800005,1.25e-05
1764410400028,1.25e-05
1764414000053,1.25e-05
1764417600000,1.25e-05
1764421200051,1.25e-05
1764424800026,1.25e-05
1764428400007,1.25e-05
1764432000017,1.25e-05
1764435600109,1.25e-05
1764439200004,1.25e-05
1764442800022,1.25e-05
1764446400051,1.25e-05
1764450000028,1.25e-05
1764453600035,1.25e-05
1764457200051,1.25e-05
1764460800082,1.25e-05
1764464400030,1.25e-05
1764468000075,1.25e-05
1764471600044,1.25e-05
1764475200090,1.25e-05
1764478800004,1.25e-05
1764482400004,1.25e-05
1764486000045,1.25e-05
1764489600065,1.25e-05
1764493200051,1.25e-05
1764496800075,1.25e-05
1764500400070,1.25e-05
1764504000054,1.25e-05
1764507600060,8.6301e-06
1764511200007,9.8905e-06
1764514800066,1.1532e-05
1764518400049,5.8191e-06
1764522000046,1.25e-05
1764525600097,1.25e-05
1764529200015,1.25e-05
1764532800096,1.2365e-05
1764536400035,8.5351e-06
1764540000056,4.5148e-06
1764543600008,1.25e-05
1764547200073,-3.291e-07
1764550800076,1.25e-05
1764554400003,1.25e-05
1764558000027,1.25e-05
1764561600028,1.25e-05
1764565200048,1.25e-05
1764568800029,1.25e-05
1764572400034,1.25e-05
1764576000014,9.2932e-06
1764579600010,3.6902e-06
1764583200038,7.9875e-06
1764586800036,1.25e-05
1764590400066,1.25e-05
1764594000024,1.25e-05
1764597600024,1.25e-05
1764601200067,1.25e-05
1764604800069,1.25e-05
1764608400021,1.25e-05
1764612000060,1.25e-05
1764615600000,1.25e-05
1764619200070,1.25e-05
1764622800006,1.25e-05
1764626400103,1.25e-05
1764630000062,1.25e-05
1764633600052,1.25e-05
1764637200062,1.25e-05
1764640800027,1.25e-05
1764644400060,1.25e-05
1764648000023,1.25e-05
1764651600061,1.25e-05
1764655200036,1.25e-05
1764658800001,1.25e-05
1764662400104,1.25e-05
1764666000038,6.9923e-06
1764669600047,1.25e-05
1764673200037,1.25e-05
1764676800092,1.25e-05
1764680400029,1.04686e-05
1764684000078,1.25e-05
1764687600070,1.21034e-05
1764691200048,1.25e-05
1764694800058,1.25e-05
1764698400022,1.25e-05
1764702000027,1.25e-05
1764705600007,1.25e-05
1764709200115,1.25e-05
1764712800050,1.25e-05
1764716400064,1.25e-05
1764720000098,1.25e-05
1764723600052,1.25e-05
1764727200028,1.25e-05
1764730800017,1.25e-05
1764734400010,1.25e-05
1764738000062,1.25e-05
1764741600007,1.25e-05
1764745200016,1.25e-05
1764748800016,1.25e-05
1764752400099,1.25e-05
1764756000051,1.25e-05
1764759600008,1.25e-05
1764763200008,1.25e-05
1764766800033,1.25e-05
1764770400068,1.25e-05
1764774000020,1.25e-05
1764777600116,1.25e-05
1764781200035,1.25e-05
1764784800043,1.25e-05
1764788400000,1.25e-05
1764792000036,1.25e-05
1764795600027,1.25e-05
1764799200024,1.25e-05
1764802800029,1.25e-05
1764806400032,1.25e-05
1764810000010,1.25e-05
1764813600079,1.25e-05
1764817200010,1.25e-05
1764820800038,1.25e-05
1764824400064,1.25e-05
1764828000059,1.25e-05
1764831600011,1.25e-05
1764835200049,1.25e-05
1764838800085,1.25e-05
1764842400081,1.25e-05
1764846000050,1.25e-05
1764849600031,1.25e-05
1764853200064,1.25e-05
1764856800041,1.25e-05
1764860400047,1.25e-05
1764864000010,1.25e-05
1764867600054,1.25e-05
1764871200008,1.25e-05
1764874800044,1.25e-05
1764878400021,1.25e-05
1764882000078,1.25e-05
1764885600034,1.25e-05
1764889200015,1.25e-05
1764892800002,1.25e-05
1764896400035,1.25e-05
1764900000021,1.25e-05
1764903600048,1.25e-05
1764907200066,1.25e-05
1764910800044,1.25e-05
1764914400033,9.2862e-06
1764918000050,9.9696e-06
1764921600032,1.25e-05
1764925200019,1.00559e-05
1764928800035,9.0901e-06
1764932400077,1.1022e-05
1764936000030,7.4477e-06
1764939600062,1.25e-05
1764943200047,1.25e-05
1764946800036,1.25e-05
1764950400000,1.25e-05
1764954000026,1.25e-05
1764957600054,1.25e-05
1764961200086,1.25e-05
1764964800004,1.25e-05
1764968400036,1.25e-05
1764972000035,1.25e-05
1764975600012,1.25e-05
1764979200052,1.25e-05
1764982800110,1.25e-05
1764986400011,1.25e-05
1764990000053,1.25e-05
1764993600025,1.25e-05
1764997200044,1.25e-05
1765000800010,1.25e-05
1765004400052,1.25e-05
1765008000049,1.25e-05
1765011600050,1.25e-05
1765015200024,1.25e-05
1765018800005,1.25e-05
1765022400038,1.25e-05
1765026000034,1.25e-05
1765029600047,1.25e-05
1765033200028,1.25e-05
1765036800107,1.25e-05
1765040400025,1.25e-05
1765044000046,7.9896e-06
1765047600065,1.25e-05
1765051200038,1.18893e-05
1765054800067,1.25e-05
1765058400120,1.25e-05
1765062000058,1.25e-05
1765065600005,1.25e-05
1765069200048,1.25e-05
1765072800012,1.25e-05
1765076400047,1.25e-05
1765080000147,1.19228e-05
1765083600081,1.25e-05
1765087200041,1.25e-05
1765090800003,1.25e-05
1765094400025,2.3875e-06
1765098000033,1.25e-05
1765101600096,6.8384e-06
1765105200107,5.4854e-06
1765108800022,1.25e-05
1765112400015,4.7224e-06
1765116000007,1.10989e-05
1765119600003,3.7091e-06
1765123200031,7.3674e-06
1765126800002,6.7698e-06
1765130400040,1.08741e-05
1765134000096,7.3054e-06
1765137600036,7.5285e-06
1765141200009,1.11411e-05
1765144800031,1.25e-05
1765148400067,1.21289e-05
1765152000031,1.06371e-05
1765155600152,6.9901e-06
1765159200010,9.7121e-06
1765162800024,1.06855e-05
1765166400007,1.25e-05
1765170000036,1.25e-05
1765173600056,1.25e-05
1765177200006,1.25e-05
1765180800113,1.25e-05
1765184400062,1.25e-05
1765188000041,1.25e-05
1765191600085,1.25e-05
1765195200019,1.25e-05
1765198800077,1.25e-05
1765202400056,1.25e-05
1765206000011,1.25e-05
1765209600037,1.25e-05
1765213200037,1.25e-05
1765216800053,1.25e-05
1765220400047,1.25e-05
1765224000021,1.25e-05
1765227600150,1.25e-05
1765231200004,1.25e-05
1765234800059,1.25e-05
1765238400087,1.25e-05
1765242000022,1.25e-05
1765245600045,1.25e-05
1765249200064,1.25e-05
1765252800033,1.25e-05
1765256400043,1.25e-05
1765260000001,1.25e-05
1765263600090,1.25e-05
1765267200041,1.25e-05
1765270800045,1.25e-05
1765274400025,1.25e-05
1765278000029,1.25e-05
1765281600077,1.25e-05
1765285200052,1.25e-05
1765288800043,1.25e-05
1765292400058,1.25e-05
1765296000007,1.25e-05
1765299600005,1.25e-05
1765303200021,1.25e-05
1765306800066,1.25e-05
1765310400008,1.25e-05
1765314000033,1.25e-05
1765317600103,1.25e-05
1765321200008,1.25e-05
1765324800013,1.25e-05
1765328400046,1.25e-05
1765332000101,1.25e-05
1765335600000,1.25e-05
1765339200090,1.25e-05
1765342800079,1.25e-05
1765346400065,1.25e-05
1765350000025,1.25e-05
1765353600023,1.25e-05
1765357200031,1.25e-05
1765360800108,1.25e-05
1765364400050,1.25e-05
1765368000051,1.25e-05
1765371600033,1.25e-05
1765375200003,1.25e-05
1765378800139,1.25e-05
1765382400003,1.25e-05
1765386000019,1.25e-05
1765389600058,1.25e-05
1765393200036,1.25e-05
1765396800105,1.25e-05
1765400400013,1.25e-05
1765404000057,1.25e-05
1765407600000,1.25e-05
1765411200043,1.25e-05
1765414800002,1.0547e-05
1765418400017,7.2643e-06
1765422000029,5.5165e-06
1765425600035,3.0776e-06
1765429200039,3.7564e-06
1765432800044,7.3247e-06
1765436400030,7.0189e-06
1765440000002,6.4919e-06
1765443600086,2.3173e-06
1765447200017,4.601e-06
1765450800074,3.1162e-06
1765454400085,2.1512e-06
1765458000016,5.5283e-06
1765461600053,2.1134e-06
1765465200033,2.5199e-06
1765468800037,6.3345e-06
1765472400009,5.1349e-06
1765476000065,3.5503e-06
1765479600050,4.4456e-06
1765483200102,5.327e-06
1765486800008,2.4841e-06
1765490400002,1.25e-05
1765494000050,1.25e-05
1765497600018,1.25e-05
1765501200171,1.25e-05
1765504800053,1.25e-05
1765508400087,1.25e-05
1765512000006,1.25e-05
1765515600009,1.25e-05
1765519200066,1.25e-05
1765522800063,1.25e-05
1765526400062,1.25e-05
1765530000026,1.25e-05
1765533600066,1.25e-05
1765537200038,1.25e-05
1765540800034,1.25e-05
1765544400065,1.25e-05
1765548000016,1.25e-05
1765551600036,1.25e-05
1765555200063,1.25e-05
1765558800048,1.25e-05
1765562400100,1.25e-05
1765566000047,1.25e-05
1765569600061,1.25e-05
1765573200053,9.7852e-06
1765576800043,1.25e-05
1765580400048,1.25e-05
1765584000091,1.25e-05
1765587600043,1.25e-05
1765591200027,1.25e-05
1765594800090,1.25e-05
1765598400011,1.25e-05
1765602000068,1.25e-05
1765605600030,1.25e-05
1765609200002,1.25e-05
1765612800054,1.25e-05
1765616400047,1.25e-05
1765620000009,1.25e-05
1765623600027,1.25e-05
1765627200024,1.25e-05
1765630800079,1.25e-05
1765634400061,1.25e-05
1765638000113,1.25e-05
1765641600054,1.25e-05
1765645200085,1.25e-05
1765648800079,1.25e-05
1765652400003,1.25e-05
1765656000137,1.25e-05
1765659600031,1.25e-05
1765663200014,1.25e-05
1765666800022,1.25e-05
1765670400071,1.25e-05
1765674000077,1.25e-05
1765677600004,1.25e-05
1765681200045,1.25e-05
1765684800070,1.25e-05
1765688400007,1.25e-05
1765692000066,1.451e-07
1765695600048,1.25e-05
1765699200098,1.25e-05
1765702800052,1.25e-05
1765706400041,1.25e-05
1765710000121,1.25e-05
1765713600014,1.25e-05
1765717200017,1.25e-05
1765720800060,1.25e-05
1765724400031,1.25e-05
1765728000070,-3.9579e-06
1765731600069,3.3581e-06
1765735200047,2.1669e-06
1765738800044,6.859e-07
1765742400047,-2.2601e-06
1765746000068,1.2437e-06
1765749600087,-2.4923e-06
1765753200015,1.2305e-06
1765756800088,-4.142e-07
1765760400010,9.5843e-06
1765764000047,3.69e-07
1765767600076,5.8499e-06
1765771200021,2.6213e-06
1765774800059,1.8028e-06
1765778400047,1.7883e-06
1765782000042,-1.3492e-06
1765785600082,-6.881e-07
1765789200059,4.0683e-06
1765792800075,9.5365e-06
1765796400123,1.25e-05
1765800000009,1.25e-05
1765803600004,3.1135e-06
1765807200067,4.6865e-06
1765810800001,-3.8097e-06
1765814400063,7.2763e-06
1765818000112,3.3834e-06
1765821600057,1.53e-06
1765825200060,3.2931e-06
1765828800032,9.4482e-06
1765832400059,9.6578e-06
1765836000047,-1.2495e-06
1765839600069,5.1336e-06
1765843200079,5.4069e-06
1765846800072,3.8248e-06
1765850400054,-8.3599e-06
1765854000051,-3.0714e-06
1765857600068,-1.2072e-06
1765861200036,-8.031e-07
1765864800047,7.1773e-06
1765868400012,1.25e-05
1765872000101,4.5351e-06
1765875600077,-6.798e-07
1765879200029,5.6014e-06
1765882800055,1.25e-05
1765886400047,1.69e-07
1765890000026,1.25e-05
1765893600003,-4.1617e-06
1765897200025,7.4133e-06
1765900800075,2.0028e-06
1765904400045,-2.2402e-06
1765908000063,4.0367e-06
1765911600014,7.0774e-06
1765915200180,7.7805e-06
1765918800001,8.3802e-06
1765922400081,5.9484e-06
1765926000079,5.8178e-06
1765929600013,1.25e-05
1765933200109,1.13129e-05
1765936800088,4.2476e-06
1765940400065,1.5972e-06
1765944000020,-4.3139e-06
1765947600122,-1.9789e-06
1765951200024,1.25e-05
1765954800010,1.25e-05
1765958400022,9.0518e-06
1765962000055,1.08789e-05
1765965600016,1.16362e-05
1765969200072,1.14219e-05
1765972800021,1.25e-05
1765976400083,1.01133e-05
1765980000018,1.25e-05
1765983600040,1.25e-05
1765987200034,5.4936e-06
1765990800038,3.0965e-06
1765994400074,-9.2027e-06
1765998000014,-3.4385e-06
1766001600061,1.314e-07
1766005200032,1.3547e-06
1766008800073,-1.6088e-06
1766012400000,-7.7156e-06
1766016000033,-2.35e-06
1766019600079,7.25e-07
1766023200030,-6.3336e-06
1766026800055,3.7023e-06
1766030400029,-3.4149e-06
1766034000055,-3.2202e-06
1766037600044,-3.5265e-06
1766041200025,1.4827e-06
1766044800050,1.8893e-06
1766048400003,-6.61e-08
1766052000091,-1.9739e-06
1766055600056,-3.281e-06
1766059200039,3.2498e-06
1766062800003,1.22237e-05
1766066400026,1.25e-05
1766070000050,1.25e-05
1766073600031,1.25e-05
1766077200074,1.25e-05
1766080800080,1.25e-05
1766084400016,1.25e-05
1766088000077,8.1149e-06
1766091600013,2.0576e-06
1766095200073,2.3071e-06
1766098800067,-2.8172e-06
1766102400067,-2.6407e-06
1766106000032,3.3022e-06
1766109600061,6.0876e-06
1766113200012,1.12483e-05
1766116800009,1.7496e-06
1766120400067,5.829e-07
1766124000047,1.11691e-05
1766127600033,1.22178e-05
1766131200054,1.25e-05
1766134800013,5.627e-06
1766138400046,1.25e-05
1766142000006,1.25e-05
1766145600061,1.25e-05
1766149200006,1.25e-05
1766152800026,1.25e-05
1766156400126,1.25e-05
1766160000091,1.25e-05
1766163600109,1.25e-05
1766167200025,1.25e-05
1766170800014,1.25e-05
1766174400036,1.09257e-05
1766178000021,1.12443e-05
1766181600013,9.773e-06
1766185200045,1.25e-05
1766188800049,1.25e-05
1766192400054,1.1262e-05
1766196000052,6.2247e-06
1766199600088,1.24813e-05
1766203200068,1.23536e-05
1766206800010,1.25e-05
1766210400061,1.25e-05
1766214000016,9.1887e-06
1766217600027,1.7963e-06
1766221200085,-2.7267e-06
1766224800128,4.6512e-06
1766228400020,1.25e-05
1766232000008,1.25e-05
1766235600029,1.25e-05
1766239200160,1.25e-05
1766242800007,1.25e-05
1766246400049,1.25e-05
1766250000090,1.25e-05
1766253600003,1.25e-05
1766257200040,1.25e-05
1766260800009,1.25e-05
1766264400059,1.25e-05
1766268000093,1.25e-05
1766271600087,1.25e-05
1766275200121,1.25e-05
1766278800035,1.25e-05
1766282400051,1.25e-05
1766286000019,1.25e-05
1766289600042,1.25e-05
1766293200026,1.25e-05
1766296800033,1.25e-05
1766300400023,1.25e-05
1766304000005,1.25e-05
1766307600041,1.25e-05
1766311200026,1.25e-05
1766314800001,1.25e-05
1766318400014,1.25e-05
1766322000104,1.25e-05
1766325600061,1.8675e-06
1766329200046,4.4702e-06
1766332800090,6.805e-06
1766336400081,6.5546e-06
1766340000005,5.3441e-06
1766343600103,6.1668e-06
1766347200004,4.3886e-06
1766350800091,7.7405e-06
1766354400043,1.25e-05
1766358000179,1.12538e-05
1766361600034,1.25e-05
1766365200030,1.25e-05
1766368800054,1.25e-05
1766372400057,1.25e-05
1766376000017,1.25e-05
1766379600041,1.25e-05
1766383200079,1.25e-05
1766386800012,1.25e-05
1766390400066,1.03186e-05
1766394000042,1.25e-05
1766397600028,1.22559e-05
1766401200073,1.25e-05
1766404800028,1.25e-05
1766408400031,1.25e-05
1766412000065,1.25e-05
1766415600012,8.1561e-06
1766419200031,7.4986e-06
1766422800050,1.25e-05
1766426400030,1.25e-05
1766430000006,1.25e-05
1766433600046,7.4884e-06
1766437200000,-1.59578e-05
1766440800036,-1.96601e-05
1766444400053,-7.482e-06
1766448000002,-9.7049e-06
1766451600098,-1.3414e-06
1766455200053,3.156e-06
1766458800060,5.4943e-06
1766462400059,6.1956e-06
1766466000066,1.09079e-05
1766469600065,-3.4706e-06
1766473200033,1.7376e-06
1766476800066,1.9323e-06
1766480400061,2.9e-09
1766484000050,8.83e-08
1766487600027,-1.4457e-06
1766491200062,6.48e-07
1766494800067,-2.263e-07
1766498400025,-1.1727e-06
1766502000117,-5.7931e-06
1766505600036,-7.6189e-06
1766509200118,3.8092e-06
1766512800008,1.25e-05
1766516400021,1.25e-05
1766520000206,1.25e-05
1766523600067,3.3701e-06
1766527200021,1.25e-05
1766530800051,9.0199e-06
1766534400088,7.4437e-06
1766538000030,1.25e-05
1766541600077,1.25e-05
1766545200005,1.24333e-05
1766548800045,1.25e-05
1766552400039,8.1409e-06
1766556000027,7.4794e-06
1766559600010,5.2844e-06
1766563200074,8.3167e-06
1766566800035,3.6812e-06
1766570400079,2.7384e-06
1766574000034,7.3042e-06
1766577600028,4.7903e-06
1766581200012,9.3706e-06
1766584800025,1.25e-05
1766588400087,1.25e-05
1766592000002,1.25e-05
1766595600013,1.25e-05
1766599200037,1.25e-05
1766602800010,1.25e-05
1766606400012,1.25e-05
1766610000014,1.25e-05
1766613600001,1.25e-05
1766617200087,1.25e-05
1766620800009,1.25e-05
1766624400033,1.25e-05
1766628000085,1.25e-05
1766631600030,1.25e-05
1766635200034,1.25e-05
1766638800023,1.25e-05
1766642400056,1.25e-05
1766646000023,1.25e-05
1766649600045,1.25e-05
1766653200041,1.25e-05
1766656800018,1.25e-05
1766660400029,1.25e-05
1766664000064,1.25e-05
1766667600067,1.25e-05
1766671200102,1.25e-05
1766674800042,1.25e-05
1766678400058,1.25e-05
1766682000056,1.25e-05
1766685600010,1.25e-05
1766689200040,1.25e-05
1766692800060,1.09775e-05
1766696400080,1.25e-05
1766700000003,1.25e-05
1766703600019,1.20721e-05
1766707200022,1.09119e-05
1766710800008,6.6748e-06
1766714400062,-4.72e-07
1766718000000,9.1808e-06
1766721600056,8.5742e-06
1766725200092,6.0432e-06
1766728800012,5.5905e-06
1766732400039,9.4844e-06
1766736000040,1.25e-05
1766739600017,1.25e-05
1766743200113,1.25e-05
1766746800164,1.25e-05
1766750400040,1.25e-05
1766754000030,1.25e-05
1766757600015,1.25e-05
1766761200077,1.25e-05
1766764800036,6.6545e-06
1766768400019,2.3551e-06
1766772000088,-3.6953e-06
1766775600033,-3.6638e-06
1766779200045,-1.2815e-06
1766782800004,-2.2123e-06
1766786400040,4.859e-06
1766790000040,7.438e-06
1766793600023,9.8556e-06
1766797200020,7.5359e-06
1766800800019,8.0964e-06
1766804400083,1.00586e-05
1766808000000,9.6748e-06
1766811600022,1.2255e-05
1766815200022,8.257e-06
1766818800101,1.21515e-05
1766822400049,1.08609e-05
1766826000024,1.00634e-05
1766829600051,1.25e-05
1766833200058,9.8919e-06
1766836800048,1.03931e-05
1766840400049,6.1803e-06
1766844000129,5.3994e-06
1766847600130,7.1498e-06
1766851200019,4.3779e-06
1766854800106,3.5786e-06
1766858400021,7.3763e-06
1766862000007,4.0193e-06
1766865600057,3.9932e-06
1766869200027,8.3325e-06
1766872800034,1.19171e-05
1766876400018,1.11177e-05
1766880000072,1.25e-05
1766883600041,1.25e-05
1766887200027,1.25e-05
1766890800017,1.25e-05
1766894400024,1.25e-05
1766898000062,1.25e-05
1766901600060,1.18326e-05
1766905200028,1.25e-05
1766908800040,1.07838e-05
1766912400005,1.25e-05
1766916000074,1.00645e-05
1766919600057,1.25e-05
1766923200046,1.25e-05
1766926800095,1.25e-05
1766930400095,1.25e-05
1766934000109,1.25e-05
1766937600008,1.25e-05
1766941200074,1.25e-05
1766944800041,1.25e-05
1766948400019,1.25e-05
1766952000016,1.25e-05
1766955600047,1.25e-05
1766959200072,1.25e-05
1766962800045,1.25e-05
1766966400132,1.25e-05
1766970000082,1.25e-05
1766973600076,1.25e-05
1766977200049,1.25e-05
1766980800132,1.25e-05
1766984400006,1.25e-05
1766988000005,1.25e-05
1766991600018,1.25e-05
1766995200014,1.25e-05
1766998800030,1.25e-05
1767002400008,1.25e-05
1767006000098,1.25e-05
1767009600026,1.25e-05
1767013200001,2.16e-07
1767016800028,5.5727e-06
1767020400031,8.8744e-06
1767024000014,1.488e-06
1767027600019,9.195e-06
1767031200031,9.3687e-06
1767034800026,7.8701e-06
1767038400055,1.25e-05
1767042000006,2.6149e-06
1767045600075,1.1501e-05
1767049200040,1.08718e-05
1767052800010,5.537e-06
1767056400049,4.4294e-06
1767060000033,-1.147e-07
1767063600041,1.0342e-06
1767067200063,9.7784e-06
1767070800069,7.8278e-06
1767074400067,3.5914e-06
1767078000062,2.6631e-06
1767081600028,1.4869e-06
1767085200045,-5.1675e-06
1767088800080,7.541e-07
1767092400054,2.5441e-06
1767096000003,3.4033e-06
1767099600121,6.3215e-06
1767103200031,1.1969e-05
1767106800036,9.6586e-06
1767110400039,1.25e-05
1767114000051,1.25e-05
1767117600071,1.25e-05
1767121200033,1.25e-05
1767124800120,1.25e-05
1767128400041,1.25e-05
1767132000003,1.23941e-05
1767135600047,1.25e-05
1767139200021,1.25e-05
1767142800022,1.25e-05
1767146400037,1.25e-05
1767150000053,1.25e-05
1767153600057,1.25e-05
1767157200011,1.25e-05
1767160800002,1.25e-05
1767164400029,1.25e-05
1767168000063,1.25e-05
1767171600019,1.25e-05
1767175200002,1.25e-05
1767178800050,1.25e-05
1767182400095,1.25e-05
1767186000002,1.25e-05
1767189600008,1.25e-05
1767193200015,1.25e-05
1767196800089,1.25e-05
1767200400072,1.25e-05
1767204000050,1.25e-05
1767207600053,1.25e-05
1767211200058,1.25e-05
1767214800043,1.25e-05
1767218400100,1.25e-05
1767222000093,1.25e-05
1767225600063,1.19937e-05
1767229200053,8.2887e-06
1767232800024,9.3356e-06
1767236400012,1.25e-05
1767240000036,1.25e-05
1767243600040,1.25e-05
1767247200053,1.25e-05
1767250800011,1.25e-05
1767254400045,1.25e-05
1767258000098,1.25e-05
1767261600010,1.25e-05
1767265200034,1.25e-05
1767268800051,1.25e-05
1767272400101,1.25e-05
1767276000010,1.25e-05
1767279600003,1.25e-05
1767283200025,1.25e-05
1767286800034,1.25e-05
1767290400042,1.25e-05
1767294000029,1.25e-05
1767297600043,1.25e-05
1767301200069,1.25e-05
1767304800047,1.25e-05
1767308400023,1.25e-05
1767312000042,1.25e-05
1767315600032,1.25e-05
1767319200057,1.25e-05
1767322800019,1.25e-05
1767326400139,1.25e-05
1767330000110,1.25e-05
1767333600022,1.25e-05
1767337200003,1.25e-05
1767340800081,1.25e-05
1767344400003,1.25e-05
1767348000091,1.25e-05
1767351600048,1.25e-05
1767355200042,1.25e-05
1767358800114,1.25e-05
1767362400009,1.25e-05
1767366000105,1.25e-05
1767369600038,1.25e-05
1767373200047,1.25e-05
1767376800034,1.25e-05
1767380400026,1.25e-05
1767384000027,1.25e-05
1767387600000,1.25e-05
1767391200042,1.25e-05
1767394800022,1.25e-05
1767398400008,1.03713e-05
1767402000018,1.25e-05
1767405600008,1.05284e-05
1767409200074,6.1942e-06
1767412800011,5.0278e-06
1767416400006,2.4502e-06
1767420000019,7.0139e-06
1767423600004,7.2984e-06
1767427200011,-3.2126e-06
1767430800067,9.6376e-06
1767434400026,8.6974e-06
1767438000060,6.1985e-06
1767441600095,7.5462e-06
1767445200083,9.319e-06
1767448800043,1.25e-05
1767452400072,1.25e-05
1767456000044,9.0806e-06
1767459600083,1.25e-05
1767463200061,-3.9896e-06
1767466800032,1.13012e-05
1767470400019,1.15477e-05
1767474000128,4.1824e-06
1767477600077,4.8963e-06
1767481200046,1.14289e-05
1767484800024,1.25e-05
1767488400010,1.17437e-05
1767492000026,6.0142e-06
1767495600011,3.0838e-06
1767499200063,8.496e-07
1767502800060,1.25e-05
1767506400066,1.25e-05
1767510000031,3.0867e-06
1767513600036,8.4531e-06
1767517200001,1.25e-05
1767520800051,1.7279e-06
1767524400051,1.00336e-05
1767528000052,-2.4856e-06
1767531600062,3.1801e-06
1767535200019,4.8838e-06
1767538800078,1.11857e-05
1767542400098,1.17786e-05
1767546000020,1.25e-05
1767549600054,1.25e-05
1767553200024,1.05939e-05
1767556800062,1.25e-05
1767560400000,8.6946e-06
1767564000037,1.10063e-05
1767567600111,1.11371e-05
1767571200000,1.25e-05
1767574800014,1.25e-05
1767578400009,8.7492e-06
1767582000010,2.3362e-06
1767585600044,9.3992e-06
1767589200042,1.18415e-05
1767592800026,1.25e-05
1767596400067,4.972e-06
1767600000060,7.3985e-06
1767603600043,7.6432e-06
1767607200038,-7.5539e-06
1767610800040,-2.0678e-06
1767614400068,3.0288e-06
1767618000054,2.9542e-06
1767621600015,3.39e-08
1767625200020,9.4294e-06
1767628800051,1.25e-05
1767632400085,9.2354e-06
1767636000081,9.1567e-06
1767639600056,6.8908e-06
1767643200045,1.25e-05
1767646800022,9.6232e-06
1767650400008,1.06018e-05
1767654000068,1.24168e-05
1767657600017,1.25e-05
1767661200086,1.25e-05
1767664800073,1.25e-05
1767668400033,1.25e-05
1767672000036,1.25e-05
1767675600075,1.25e-05
1767679200013,1.25e-05
1767682800008,8.5388e-06
1767686400066,5.2676e-06
1767690000059,1.08722e-05
1767693600012,1.00356e-05
1767697200060,1.15022e-05
1767700800017,1.22135e-05
1767704400002,5.8432e-06
1767708000046,5.2025e-06
1767711600076,1.25e-05
1767715200036,7.061e-06
1767718800012,7.4814e-06
1767722400001,1.25e-05
1767726000037,1.25e-05
1767729600018,7.3275e-06
1767733200062,1.25e-05
1767736800005,1.17467e-05
1767740400008,1.25e-05
1767744000119,1.22051e-05
1767747600007,1.25e-05
1767751200010,1.25e-05
1767754800017,1.25e-05
1767758400033,1.25e-05
1767762000087,1.25e-05
1767765600009,1.25e-05
1767769200014,1.25e-05
1767772800062,1.25e-05
1767776400082,1.25e-05
1767780000029,1.25e-05
1767783600048,1.25e-05
1767787200096,1.25e-05
1767790800074,1.25e-05
1767794400040,1.25e-05
1767798000099,1.25e-05
1767801600081,1.25e-05
1767805200013,1.25e-05
1767808800014,1.25e-05
1767812400055,1.05977e-05
1767816000113,6.7313e-06
1767819600117,4.2941e-06
1767823200043,7.9801e-06
1767826800090,7.5014e-06
1767830400001,7.8692e-06
1767834000035,7.6662e-06
1767837600029,3.3878e-06
1767841200014,-2.8249e-06
1767844800069,1.8914e-06
1767848400155,4.638e-07
1767852000094,4.3405e-06
1767855600010,3.658e-06
1767859200089,-5.67e-07
1767862800077,-4.876e-07
1767866400037,1.9458e-06
1767870000015,5.2217e-06
1767873600137,6.6965e-06
1767877200040,6.0529e-06
1767880800000,5.3078e-06
1767884400106,1.25e-05
1767888000063,1.25e-05
1767891600004,1.53965e-05
1767895200008,1.25e-05
1767898800013,1.25e-05
1767902400098,1.25e-05
1767906000116,1.25e-05
1767909600008,1.25e-05
1767913200085,1.25e-05
1767916800020,1.25e-05
1767920400016,1.25e-05
1767924000063,1.25e-05
1767927600059,1.25e-05
1767931200100,1.25e-05
1767934800158,1.25e-05
1767938400046,1.25e-05
1767942000012,1.25e-05
1767945600028,1.25e-05
1767949200072,1.25e-05
1767952800077,1.25e-05
1767956400050,1.25e-05
1767960000041,1.25e-05
1767963600005,1.25e-05
1767967200032,1.25e-05
1767970800042,1.25e-05
1767974400002,1.25e-05
1767978000004,1.25e-05
1767981600018,1.25e-05
1767985200042,1.25e-05
1767988800065,1.25e-05
1767992400000,1.25e-05
1767996000018,1.25e-05
1767999600025,1.25e-05
1768003200103,1.25e-05
1768006800110,1.25e-05
1768010400064,1.25e-05
1768014000039,1.25e-05
1768017600085,1.24247e-05
1768021200065,9.7205e-06
1768024800034,1.25e-05
1768028400035,1.25e-05
1768032000072,1.25e-05
1768035600033,1.25e-05
1768039200024,1.25e-05
1768042800060,1.25e-05
1768046400034,1.25e-05
1768050000030,1.25e-05
1768053600051,1.25e-05
1768057200017,1.25e-05
1768060800003,1.25e-05
1768064400066,1.25e-05
1768068000054,1.25e-05
1768071600025,1.25e-05
1768075200081,1.0773e-05
1768078800083,6.1017e-06
1768082400025,8.1786e-06
1768086000047,1.22978e-05
1768089600007,8.698e-06
1768093200046,9.1414e-06
1768096800078,1.22327e-05
1768100400099,1.23223e-05
1768104000011,1.13224e-05
1768107600012,1.25e-05
1768111200038,1.25e-05
1768114800049,1.25e-05
1768118400066,9.5461e-06
1768122000045,1.0604e-05
1768125600103,1.23493e-05
1768129200105,9.5331e-06
1768132800018,1.07457e-05
1768136400035,1.25e-05
1768140000034,1.25e-05
1768143600124,1.19587e-05
1768147200122,1.25e-05
1768150800061,1.22166e-05
1768154400004,1.18008e-05
1768158000023,1.06933e-05
1768161600002,8.8182e-06
1768165200010,8.637e-06
1768168800083,6.8393e-06
1768172400127,3.2374e-06
1768176000053,1.25e-05
1768179600080,1.25e-05
1768183200090,1.25e-05
1768186800016,1.25e-05
1768190400021,1.25e-05
1768194000027,1.25e-05
1768197600025,1.25e-05
1768201200061,1.25e-05
1768204800053,1.25e-05
1768208400088,1.25e-05
1768212000042,1.25e-05
1768215600003,1.25e-05
1768219200088,1.25e-05
1768222800053,1.25e-05
1768226400107,1.25e-05
1768230000059,1.20425e-05
1768233600040,5.7957e-06
1768237200086,1.25e-05
1768240800057,7.4119e-06
1768244400008,5.5194e-06
1768248000098,1.13918e-05
1768251600078,7.0278e-06
1768255200075,7.7096e-06
1768258800024,7.7256e-06
1768262400109,5.485e-07
1768266000121,-1.623e-07
1768269600017,5.7527e-06
1768273200043,1.00243e-05
1768276800068,7.2212e-06
1768280400079,7.5515e-06
1768284000029,1.11548e-05
1768287600089,1.25e-05
1768291200032,1.25e-05
1768294800003,1.25e-05
1768298400232,1.25e-05
1768302000011,1.25e-05
1768305600032,1.25e-05
1768309200083,1.09802e-05
1768312800043,1.25e-05
1768316400051,1.25e-05
1768320000100,1.25e-05
1768323600039,1.25e-05
1768327200042,9.3582e-06
1768330800031,1.25e-05
1768334400005,1.25e-05
1768338000017,1.25e-05
1768341600000,1.24847e-05
1768345200037,1.25e-05
1768348800057,1.25e-05
1768352400019,1.25e-05
1768356000050,1.25e-05
1768359600053,1.25e-05
1768363200063,1.25e-05
1768366800023,1.25e-05
1768370400066,1.25e-05
1768374000099,1.25e-05
1768377600062,1.25e-05
1768381200051,1.25e-05
1768384800015,1.25e-05
1768388400000,1.25e-05
1768392000043,1.25e-05
1768395600040,1.25e-05
1768399200084,1.25e-05
1768402800001,1.25e-05
1768406400013,1.11033e-05
1768410000085,1.25e-05
1768413600113,5.6568e-06
1768417200071,1.25e-05
1768420800090,1.25e-05
1768424400039,1.25e-05
1768428000018,1.25e-05
1768431600024,1.02391e-05
1768435200028,7.8798e-06
1768438800004,1.25e-05
1768442400052,1.25e-05
1768446000019,1.25e-05
1768449600018,1.25e-05
1768453200081,1.25e-05
1768456800021,1.25e-05
1768460400057,1.25e-05
1768464000029,1.25e-05
1768467600023,1.25e-05
1768471200082,1.25e-05
1768474800076,1.25e-05
1768478400028,1.25e-05
1768482000044,1.25e-05
1768485600054,1.25e-05
1768489200001,1.25e-05
1768492800020,1.04673e-05
1768496400067,1.06021e-05
1768500000062,1.25e-05
1768503600003,1.25e-05
1768507200057,7.6014e-06
1768510800062,1.25e-05
1768514400033,6.5097e-06
1768518000000,1.16558e-05
1768521600092,6.8775e-06
1768525200045,1.25e-05
1768528800007,1.06686e-05
1768532400044,1.25e-05
1768536000096,1.25e-05
1768539600028,8.351e-06
1768543200013,5.6657e-06
1768546800059,3.5604e-06
1768550400044,1.25e-05
1768554000013,5.6967e-06
1768557600073,1.8997e-06
1768561200003,6.133e-06
1768564800005,1.21822e-05
1768568400060,1.05273e-05
1768572000084,9.177e-06
1768575600051,1.25e-05
1768579200040,9.2623e-06
1768582800051,1.25e-05
1768586400045,1.25e-05
1768590000147,1.25e-05
1768593600078,1.25e-05
1768597200092,1.25e-05
1768600800120,1.12912e-05
1768604400021,9.0031e-06
1768608000037,1.25e-05
1768611600055,1.11672e-05
1768615200090,1.25e-05
1768618800036,1.25e-05
1768622400003,1.25e-05
1768626000027,7.8372e-06
1768629600104,1.07129e-05
1768633200005,1.25e-05
1768636800022,7.3985e-06
1768640400004,1.25e-05
1768644000039,1.25e-05
1768647600095,1.25e-05
1768651200021,1.25e-05
1768654800089,1.25e-05
1768658400030,1.25e-05
1768662000010,1.25e-05
1768665600102,1.25e-05
1768669200010,1.25e-05
1768672800066,1.25e-05
1768676400038,1.25e-05
1768680000073,1.25e-05
1768683600017,1.25e-05
1768687200036,1.25e-05
1768690800100,1.25e-05
1768694400017,1.25e-05
1768698000117,1.25e-05
1768701600061,1.25e-05
1768705200047,1.25e-05
1768708800062,1.25e-05
1768712400034,1.25e-05
1768716000066,1.25e-05
1768719600063,1.06235e-05
1768723200106,1.12787e-05
1768726800110,1.25e-05
1768730400047,1.25e-05
1768734000085,1.25e-05
1768737600016,1.25e-05
1768741200054,1.25e-05
1768744800035,1.25e-05
1768748400030,1.25e-05
1768752000021,1.25e-05
1768755600040,1.25e-05
1768759200067,1.25e-05
1768762800018,1.25e-05
1768766400055,1.25e-05
1768770000024,1.25e-05
1768773600042,1.25e-05
1768777200113,1.25e-05
1768780800034,9.8683e-06
1768784400098,-1.63352e-05
1768788000001,-1.637e-05
1768791600009,-3.9282e-06
1768795200051,-5.0347e-06
1768798800000,-1.13491e-05
1768802400033,-1.01832e-05
1768806000014,-6.9796e-06
1768809600026,-2.1044e-06
1768813200012,4.3006e-06
1768816800012,-1.5576e-06
1768820400094,-3.922e-06
1768824000000,-5.591e-07
1768827600041,5.366e-07
1768831200040,3.6113e-06
1768834800049,4.1939e-06
1768838400056,1.4384e-06
1768842000011,4.3443e-06
1768845600005,1.4969e-06
1768849200012,1.1523e-06
1768852800025,8.4744e-06
1768856400079,1.25e-05
1768860000033,1.25e-05
1768863600040,1.25e-05
1768867200007,1.25e-05
1768870800011,8.2282e-06
1768874400057,5.173e-06
1768878000001,5.6432e-06
1768881600167,1.25e-05
1768885200112,1.25e-05
1768888800064,1.25e-05
1768892400110,1.25e-05
1768896000010,8.383e-06
1768899600079,1.25e-05
1768903200046,1.24895e-05
1768906800018,1.25e-05
1768910400064,6.5484e-06
1768914000054,1.20251e-05
1768917600109,7.0414e-06
1768921200061,1.25e-05
1768924800047,9.6773e-06
1768928400034,9.8816e-06
1768932000037,1.25e-05
1768935600028,1.25e-05
1768939200020,1.25e-05
1768942800025,1.25e-05
1768946400005,-1.05154e-05
1768950000015,-1.11503e-05
1768953600063,7.1595e-06
1768957200039,1.25e-05
1768960800038,1.25e-05
1768964400143,1.25e-05
1768968000034,7.8259e-06
1768971600057,4.3875e-06
1768975200014,9.33e-06
1768978800016,7.4716e-06
1768982400028,-6.677e-07
1768986000046,1.1584e-06
1768989600018,7.8884e-06
1768993200027,1.25e-05
1768996800031,9.1069e-06
1769000400094,1.25e-05
1769004000007,1.25e-05
1769007600012,1.25e-05
1769011200016,1.25e-05
1769014800079,1.25e-05
1769018400006,-3.27773e-05
1769022000021,-1.56672e-05
1769025600017,1.25e-05
1769029200045,1.25e-05
1769032800093,1.25e-05
1769036400012,1.25e-05
1769040000068,1.25e-05
1769043600076,1.25e-05
1769047200069,1.25e-05
1769050800112,1.25e-05
1769054400005,1.25e-05
1769058000033,1.25e-05
1769061600029,1.25e-05
1769065200022,1.25e-05
1769068800084,1.25e-05
1769072400040,1.25e-05
1769076000057,1.25e-05
1769079600047,1.25e-05
1769083200063,1.25e-05
1769086800020,1.25e-05
1769090400092,1.25e-05
1769094000007,1.25e-05
1769097600083,1.25e-05
1769101200035,1.25e-05
1769104800004,1.25e-05
1769108400016,1.01563e-05
1769112000017,7.5889e-06
1769115600096,2.8441e-06
1769119200013,1.7193e-06
1769122800019,1.2564e-06
1769126400009,-1.30889e-05
1769130000034,-1.06422e-05
1769133600028,-2.7784e-06
1769137200122,-1.6675e-06
1769140800017,1.0916e-06
1769144400154,5.7706e-06
1769148000112,1.25e-05
1769151600066,-2.2681e-06
1769155200100,-4.902e-06
1769158800005,2.0169e-06
1769162400058,3.5665e-06
1769166000030,3.6614e-06
1769169600029,3.3397e-06
1769173200018,1.442e-07
1769176800013,2.8678e-06
1769180400048,-1.12464e-05
1769184000010,2.847e-07
1769187600061,2.8563e-06
1769191200037,4.3384e-06
1769194800047,1.25e-05
1769198400055,1.1338e-06
1769202000085,7.5985e-06
1769205600039,6.9262e-06
1769209200085,-5.0158e-06
1769212800017,-2.9199e-06
1769216400061,-4.1437e-06
1769220000093,-5.8289e-06
1769223600032,-3.156e-07
1769227200067,-1.4519e-06
1769230800043,8.958e-07
1769234400032,2.6166e-06
1769238000003,-1.9709e-06
1769241600030,6.2289e-06
1769245200058,3.1319e-06
1769248800112,3.9235e-06
1769252400027,9.129e-07
1769256000100,7.2836e-06
1769259600080,9.4e-06
1769263200016,2.0322e-06
1769266800060,1.25e-05
1769270400092,1.25e-05
1769274000040,6.1891e-06
1769277600011,7.498e-06
1769281200036,5.7519e-06
1769284800028,9.9279e-06
1769288400012,8.903e-06
1769292000056,8.5311e-06
1769295600017,1.16757e-05
1769299200006,7.8279e-06
1769302800021,1.25e-05
1769306400135,6.8775e-06
1769310000054,1.4404e-06
1769313600109,2.9739e-06
1769317200110,-2.3873e-06
1769320800117,-1.07691e-05
1769324400059,1.5377e-06
1769328000042,2.7258e-06
1769331600055,-5.6793e-06
1769335200045,1.06298e-05
1769338800011,1.25e-05
1769342400029,1.25e-05
1769346000065,1.25e-05
1769349600031,1.25e-05
1769353200075,6.2819e-06
1769356800012,7.581e-07
1769360400013,-2.60889e-05
1769364000020,-1.29643e-05
1769367600010,-1.37954e-05
1769371200016,-1.77995e-05
1769374800021,-1.57194e-05
1769378400063,-7.8959e-06
1769382000127,-2.76467e-05
1769385600127,-2.67275e-05
1769389200001,-2.04522e-05
1769392800026,-2.37853e-05
1769396400059,-1.77061e-05
1769400000056,-1.71582e-05
1769403600020,-5.6195e-06
1769407200101,1.3056e-06
1769410800055,3.5008e-06
1769414400040,3.576e-06
1769418000056,1.25e-05
1769421600060,1.25e-05
1769425200055,1.25e-05
1769428800081,1.25e-05
1769432400000,1.25e-05
1769436000050,1.25e-05
1769439600064,8.9761e-06
1769443200006,8.7349e-06
1769446800012,1.25e-05
1769450400010,1.25e-05
1769454000045,6.8963e-06
1769457600034,5.8292e-06
1769461200094,1.25e-05
1769464800049,1.25e-05
1769468400079,9.8524e-06
1769472000085,1.25e-05
1769475600073,1.25e-05
1769479200052,1.25e-05
1769482800012,1.25e-05
1769486400017,1.25e-05
1769490000023,1.25e-05
1769493600000,1.11253e-05
1769497200049,1.08017e-05
1769500800092,1.25e-05
1769504400020,1.25e-05
1769508000056,1.25e-05
1769511600003,1.25e-05
1769515200051,1.25e-05
1769518800006,1.25e-05
1769522400041,1.06754e-05
1769526000074,1.25e-05
1769529600103,1.25e-05
1769533200024,1.25e-05
1769536800011,1.25e-05
1769540400027,1.25e-05
1769544000082,1.25e-05
1769547600015,1.25e-05
1769551200042,1.25e-05
1769554800015,1.25e-05
1769558400090,1.25e-05
1769562000024,1.25e-05
1769565600053,1.25e-05
1769569200047,1.25e-05
1769572800114,9.8868e-06
1769576400046,1.25e-05
1769580000127,1.25e-05
1769583600070,1.25e-05
1769587200044,1.25e-05
1769590800042,1.25e-05
1769594400038,1.25e-05
1769598000016,1.25e-05
1769601600051,1.25e-05
1769605200094,1.25e-05
1769608800054,1.25e-05
1769612400003,1.25e-05
1769616000022,1.25e-05
1769619600048,1.25e-05
1769623200020,1.25e-05
1769626800072,1.25e-05
1769630400063,1.25e-05
1769634000108,1.25e-05
1769637600010,1.25e-05
1769641200022,1.25e-05
1769644800027,1.25e-05
1769648400021,1.25e-05
1769652000049,1.25e-05
1769655600013,-2.142e-07
1769659200038,1.8865e-06
1769662800051,-2.2333e-06
1769666400048,1.03905e-05
1769670000087,4.4159e-06
1769673600047,9.4368e-06
1769677200026,1.25e-05
1769680800066,1.25e-05
1769684400051,1.25e-05
1769688000000,1.04106e-05
1769691600120,1.25e-05
1769695200011,1.25e-05
1769698800016,5.7114e-06
1769702400059,-1.75863e-05
1769706000082,-7.1618e-06
1769709600099,-1.01994e-05
1769713200054,-6.1823e-06
1769716800035,-1.20109e-05
1769720400049,-4.4102e-06
1769724000059,1.9707e-06
1769727600037,-5.55e-07
1769731200022,-1.60284e-05
1769734800010,-1.73997e-05
1769738400075,-8.05505e-05
1769742000038,-4.07577e-05
1769745600028,-2.79619e-05
1769749200053,-2.71965e-05
1769752800084,-2.03232e-05
1769756400117,-2.87505e-05
1769760000018,-2.60514e-05
1769763600103,-2.25461e-05
1769767200049,-1.3236e-05
1769770800108,-7.7136e-06
1769774400036,3.667e-07
1769778000025,-1.3597e-06
1769781600033,-7.4867e-06
1769785200008,-1.08357e-05
1769788800054,-1.62344e-05
1769792400105,-9.841e-06
1769796000037,-1.40685e-05
1769799600042,-3.0351e-05
1769803200041,-5.9054e-06
1769806800006,-1.73013e-05
1769810400001,-2.34054e-05
1769814000031,-2.40562e-05
1769817600171,-3.73283e-05
1769821200100,-3.63234e-05
1769824800068,-3.07659e-05
1769828400097,-3.0447e-05
1769832000012,-2.68846e-05
1769835600026,-2.16279e-05
1769839200002,-2.07738e-05
1769842800010,-1.80372e-05
1769846400049,-2.74315e-05
1769850000076,-5.84068e-05
1769853600022,-6.49504e-05
1769857200050,-4.03809e-05
1769860800105,-2.22801e-05
1769864400035,-9.0236e-06
1769868000027,-6.8052e-06
1769871600033,-9.4195e-06
1769875200091,-5.4841e-06
1769878800030,-2.88728e-05
1769882400057,-2.01406e-05
1769886000118,-2.27758e-05
1769889600081,-3.33244e-05
1769893200058,-3.22612e-05
1769896800056,-5.10421e-05
1769900400088,-4.95856e-05
1769904000016,-6.28054e-05
1769907600017,-6.13988e-05
1769911200052,-4.99511e-05
1769914800047,-7.05433e-05
1769918400091,-7.1877e-05
1769922000008,-5.2905e-05
1769925600029,-5.7159e-05
1769929200060,-5.30796e-05
1769932800056,-5.0805e-05
1769936400000,-4.62226e-05
1769940000092,-4.85621e-05
1769943600017,-4.66165e-05
1769947200097,-2.56146e-05
1769950800026,-2.05426e-05
1769954400096,-1.15069e-05
1769958000019,-3.12829e-05
1769961600034,-5.3646e-06
1769965200041,-9.4905e-06
1769968800062,-9.969e-07
1769972400042,-9.9882e-06
1769976000067,-2.59477e-05
1769979600104,-3.43159e-05
1769983200015,-2.07307e-05
1769986800006,-2.15189e-05
1769990400059,-2.77135e-05
1769994000038,-4.18134e-05
1769997600017,-3.79375e-05
1770001200062,-3.19257e-05
1770004800064,-1.58838e-05
1770008400106,-1.45157e-05
1770012000074,-2.39943e-05
1770015600020,-1.5076e-05
1770019200007,-1.6059e-05
1770022800043,-1.19189e-05
1770026400084,-7.5658e-06
1770030000047,-8.5359e-06
1770033600061,-1.45061e-05
1770037200088,-1.92812e-05
1770040800065,-7.22607e-05
1770044400070,-0.0001065591
1770048000041,-8.75645e-05
1770051600065,-5.49617e-05
1770055200066,-6.36994e-05
1770058800004,-1.47856e-05
1770062400023,-1.22744e-05
1770066000014,-1.86853e-05
1770069600099,-2.83383e-05
1770073200055,-5.65099e-05
1770076800013,-6.62048e-05
1770080400015,-6.73545e-05
1770084000012,-5.77189e-05
1770087600032,-4.76325e-05
1770091200038,-3.69878e-05
1770094800029,-4.13141e-05
1770098400000,-1.17512e-05
1770102000068,-1.41052e-05
1770105600057,-1.3428e-05
1770109200079,-2.46561e-05
1770112800022,-2.50369e-05
1770116400065,-1.89014e-05
1770120000118,-1.53424e-05
1770123600065,-1.63789e-05
1770127200040,-1.91108e-05
1770130800025,-1.80378e-05
1770134400059,-2.03547e-05
1770138000001,-5.9161e-06
1770141600015,2.7572e-06
1770145200059,1.04081e-05
1770148800049,1.806e-07
1770152400031,3.0831e-06
1770156000004,1.25e-05
1770159600056,1.25e-05
1770163200018,1.25e-05
1770166800045,1.25e-05
1770170400022,1.25e-05
1770174000032,1.25e-05
1770177600004,1.25e-05
1770181200055,1.25e-05
1770184800042,1.25e-05
1770188400016,1.25e-05
1770192000027,1.25e-05
1770195600003,1.25e-05
1770199200081,1.24066e-05
1770202800016,7.683e-06
1770206400120,8.5105e-06
1770210000025,1.442e-06
1770213600004,2.1549e-06
1770217200071,-6.7566e-06
1770220800007,-1.17269e-05
1770224400105,-5.7096e-06
1770228000058,-1.02812e-05
1770231600028,-9.0526e-06
1770235200001,9.292e-07
1770238800072,4.274e-07
1770242400051,6.341e-07
1770246000022,-5.9054e-06
1770249600003,-4.3633e-06
1770253200010,-1.99978e-05
1770256800097,-1.00709e-05
1770260400011,-4.0739e-06
1770264000032,4.7896e-06
1770267600057,1.24195e-05
1770271200038,1.25e-05
1770274800008,1.25e-05
1770278400038,1.25e-05
1770282000023,1.25e-05
1770285600022,8.5338e-06
1770289200046,6.4955e-06
1770292800036,4.6554e-06
1770296400013,8.1514e-06
1770300000012,1.25e-05
1770303600079,-4.834e-07
1770307200065,-5.4377e-06
1770310800004,2.8484e-06
1770314400104,8.9659e-06
1770318000030,-1.504e-06
1770321600057,-2.9968e-06
1770325200013,-1.0269e-06
1770328800040,-6.987e-06
1770332400019,-1.6813e-05
1770336000083,-3.6106e-05
1770339600049,-1.36581e-05
1770343200026,-3.70075e-05
1770346800050,-2.86689e-05
1770350400075,-2.07977e-05
1770354000102,-2.30365e-05
1770357600022,-5.47068e-05
1770361200074,-7.1393e-05
1770364800037,-3.33871e-05
1770368400042,-3.96415e-05
1770372000053,-3.32413e-05
1770375600032,-3.36958e-05
1770379200009,-3.54132e-05
1770382800032,-6.19153e-05
1770386400024,-0.000107028
1770390000089,-8.14917e-05
1770393600036,-8.81154e-05
1770397200030,-3.95465e-05
1770400800086,-3.53433e-05
1770404400056,-2.48479e-05
1770408000016,-1.43506e-05
1770411600031,-2.48436e-05
1770415200032,-2.32666e-05
1770418800049,-2.46888e-05
1770422400064,-4.38349e-05
1770426000036,-2.75265e-05
1770429600026,-1.21685e-05
1770433200021,-2.06201e-05
1770436800104,-1.76907e-05
1770440400063,-2.31618e-05
1770444000036,-2.15365e-05
1770447600008,-1.99276e-05
1770451200048,-1.99089e-05
1770454800081,-1.17628e-05
1770458400020,-9.6292e-06
1770462000008,-2.05396e-05
1770465600031,-1.39582e-05
1770469200040,-1.8642e-05
1770472800008,-2.23972e-05
1770476400093,-1.78505e-05
1770480000146,-5.2785e-06
1770483600055,-2.31074e-05
1770487200022,-2.03543e-05
1770490800071,-2.63585e-05
1770494400020,-2.55038e-05
1770498000089,-2.4573e-05
1770501600055,-2.50914e-05
1770505200038,-2.34818e-05
1770508800042,-2.80089e-05
1770512400003,-1.77612e-05
1770516000074,-1.81578e-05
1770519600113,-1.94764e-05
1770523200069,-1.61895e-05
1770526800059,-1.59065e-05
1770530400031,-1.82108e-05
1770534000038,-2.59234e-05
1770537600113,-1.39106e-05
1770541200040,-9.4243e-06
1770544800031,-2.19518e-05
1770548400068,-2.14181e-05
1770552000077,-2.11929e-05
1770555600011,-1.45371e-05
1770559200051,-2.77735e-05
1770562800041,-3.63526e-05
1770566400023,-4.19191e-05
1770570000043,-3.90388e-05
1770573600023,-3.44828e-05
1770577200070,-2.92715e-05
1770580800046,-3.2871e-05
1770584400059,-2.71209e-05
1770588000049,-3.45655e-05
1770591600015,-2.76097e-05
1770595200009,-2.63255e-05
1770598800034,-2.23515e-05
1770602400118,-2.27308e-05
1770606000004,-1.47371e-05
1770609600091,-1.10794e-05
1770613200037,-9.713e-06
1770616800020,-9.5818e-06
1770620400026,-1.08133e-05
1770624000013,-2.34315e-05
1770627600040,-3.23161e-05
1770631200131,-3.02443e-05
1770634800088,-2.49973e-05
1770638400030,-1.05249e-05
1770642000020,-1.09357e-05
1770645600015,-7.4955e-06
1770649200011,2.1393e-06
1770652800001,-8.636e-07
1770656400038,-3.981e-07
1770660000060,-4.2804e-06
1770663600023,-6.4544e-06
1770667200059,-1.12587e-05
1770670800068,-1.5128e-05
1770674400065,-2.14724e-05
1770678000046,-1.87335e-05
1770681600013,-1.5935e-05
1770685200012,-1.3082e-05
1770688800055,-5.5699e-06
1770692400057,-1.29354e-05
1770696000071,-1.83877e-05
1770699600024,-1.17441e-05
1770703200028,-7.944e-06
1770706800090,-1.57267e-05
1770710400018,-9.2419e-06
1770714000041,-6.1535e-06
1770717600028,-1.03422e-05
1770721200100,-2.27679e-05
1770724800032,-2.29363e-05
1770728400106,-3.56759e-05
1770732000038,-4.02392e-05
1770735600006,-3.57684e-05
1770739200009,-2.74458e-05
1770742800070,-2.11434e-05
1770746400065,-2.75698e-05
1770750000015,-1.91844e-05
1770753600053,-1.76444e-05
1770757200100,-2.3827e-05
1770760800070,-3.01015e-05
1770764400016,-2.653e-05
1770768000036,-3.49649e-05
1770771600007,-2.59022e-05
1770775200051,-3.1305e-05
1770778800098,-3.0432e-05
1770782400071,-3.06743e-05
1770786000030,-3.29884e-05
1770789600005,-2.13189e-05
1770793200062,-1.80865e-05
1770796800095,-1.26216e-05
1770800400114,-1.16245e-05
1770804000048,-1.59386e-05
1770807600086,-1.04616e-05
1770811200022,6.534e-07
1770814800055,-9.0004e-06
1770818400087,-5.919e-06
1770822000012,-1.27723e-05
1770825600074,-4.1016e-05
1770829200077,-3.44961e-05
1770832800062,-2.09655e-05
1770836400045,-1.35453e-05
1770840000051,-1.55389e-05
1770843600053,-1.40754e-05
1770847200067,-1.44988e-05
1770850800087,-1.09719e-05
1770854400006,-1.42767e-05
1770858000034,-8.0021e-06
1770861600037,-1.24956e-05
1770865200057,-1.39831e-05
1770868800004,-8.8208e-06
1770872400075,-9.6938e-06
1770876000077,-9.7263e-06
1770879600029,-7.9971e-06
1770883200036,-1.23262e-05
1770886800054,-1.51698e-05
1770890400022,-7.0865e-06
1770894000008,-6.8747e-06
1770897600064,-1.94377e-05
1770901200056,-2.39503e-05
1770904800023,-3.13008e-05
1770908400004,-2.86968e-05
1770912000043,-2.17326e-05
1770915600026,-4.3521e-06
1770919200015,1.25e-05
1770922800053,6.0934e-06
1770926400037,-6.119e-07
1770930000043,-1.33219e-05
1770933600010,-2.8883e-06
1770937200072,-3.0388e-06
1770940800092,-1.34871e-05
1770944400083,-2.48948e-05
1770948000050,-1.4858e-05
1770951600009,-1.10874e-05
1770955200087,-8.5613e-06
1770958800083,-1.22123e-05
1770962400070,-1.27764e-05
1770966000056,-9.8374e-06
1770969600018,-1.134e-05
1770973200087,-1.17723e-05
1770976800004,-1.17146e-05
1770980400117,-1.29213e-05
1770984000059,-6.5938e-06
1770987600040,-9.9928e-06
1770991200092,-1.7346e-05
1770994800081,-1.49132e-05
1770998400038,-1.57876e-05
1771002000023,-1.72954e-05
1771005600120,-1.99307e-05
1771009200063,-1.76176e-05
1771012800048,-2.39539e-05
1771016400056,-1.02136e-05
1771020000018,-9.7994e-06
1771023600072,-1.9327e-06
1771027200041,-1.2439e-06
1771030800085,2.2218e-06
1771034400103,-7.2595e-06
1771038000007,-9.2802e-06
1771041600098,2.789e-07
1771045200016,1.7892e-06
1771048800103,-3.6471e-06
1771052400037,-1.397e-07
1771056000001,-3.6009e-06
1771059600050,-3.9372e-06
1771063200086,-1.61291e-05
1771066800026,-1.46585e-05
1771070400125,-1.51079e-05
1771074000083,-1.29412e-05
1771077600055,-1.07431e-05
1771081200081,-8.0772e-06
1771084800035,-1.65624e-05
1771088400075,-7.2629e-06
1771092000102,4.959e-07
1771095600005,-9.521e-06
1771099200071,-1.81378e-05
1771102800056,-2.72064e-05
1771106400045,-3.01654e-05
1771110000022,-2.58489e-05
1771113600102,-3.19829e-05
1771117200052,-3.81075e-05
1771120800088,-4.06413e-05
1771124400093,-3.50216e-05
1771128000058,-2.48175e-05
1771131600004,-1.17681e-05
1771135200027,-2.04562e-05
1771138800020,-2.13287e-05
1771142400027,-3.25151e-05
1771146000043,-4.52387e-05
1771149600001,-2.03503e-05
1771153200015,-1.57401e-05
1771156800014,-1.64431e-05
1771160400012,-2.7744e-06
1771164000023,5.9386e-06
1771167600014,2.7318e-06
1771171200083,-1.63601e-05
1771174800027,-7.09e-06
1771178400006,-1.20675e-05
1771182000023,3.02e-08
1771185600060,-1.1961e-05
1771189200008,-1.45957e-05
1771192800058,-3.08052e-05
1771196400053,-3.95453e-05
1771200000071,-3.09664e-05
1771203600023,-4.52615e-05
1771207200070,-5.11402e-05
1771210800088,-4.10565e-05
1771214400033,-4.11215e-05
1771218000025,-3.73585e-05
1771221600006,-4.0514e-05
1771225200043,-2.87935e-05
1771228800025,-1.67239e-05
1771232400002,-1.48448e-05
1771236000026,-2.85082e-05
1771239600000,-2.69404e-05
1771243200075,-2.11899e-05
1771246800013,-3.89718e-05
1771250400083,-2.7842e-05
1771254000037,-1.96351e-05
1771257600099,-1.15588e-05
1771261200019,-2.2729e-06
1771264800138,-1.8707e-06
1771268400072,-1.10601e-05
1771272000001,-5.8359e-06
1771275600070,-7.2629e-06
1771279200043,-1.00448e-05
1771282800088,-6.3094e-06
1771286400063,-1.62785e-05
1771290000070,-1.86394e-05
1771293600032,-2.03874e-05
1771297200021,-2.992e-05
1771300800061,-4.77985e-05
1771304400038,-4.27955e-05
1771308000104,-3.80513e-05
1771311600044,-3.59871e-05
1771315200015,-4.24626e-05
1771318800082,-2.61634e-05
1771322400097,-2.00842e-05
1771326000042,-1.48256e-05
1771329600044,-8.5591e-06
1771333200044,-6.4235e-06
1771336800063,-1.9695e-06
1771340400062,-3.2729e-06
1771344000071,1.6873e-06
1771347600038,3.2059e-06
1771351200030,6.29e-07
1771354800003,-4.2276e-06
1771358400062,-3.1762e-06
1771362000058,-4.5206e-06
1771365600051,-1.97292e-05
1771369200070,-2.65452e-05
1771372800021,-2.16245e-05
1771376400085,-1.52747e-05
1771380000067,-7.3093e-06
1771383600005,-3.6438e-06
1771387200016,-4.8094e-06
1771390800053,-3.176e-07
1771394400013,-2.1231e-06
1771398000044,2.496e-07
1771401600085,-3.164e-06
1771405200065,-8.504e-07
1771408800081,1.4841e-06
1771412400026,-2.5035e-06
1771416000017,-1.53664e-05
1771419600034,-1.0276e-05
1771423200046,-1.30368e-05
1771426800043,2.4172e-06
1771430400046,-5.3466e-06
1771434000010,-2.6941e-06
1771437600003,-6.9315e-06
1771441200072,-5.1536e-06
1771444800039,-3.03481e-05
1771448400040,-2.94286e-05
1771452000035,-2.71162e-05
1771455600022,-1.23229e-05
1771459200054,-1.06276e-05
1771462800073,-1.10079e-05
1771466400079,-1.19761e-05
1771470000021,-1.85043e-05
1771473600122,-2.18576e-05
1771477200058,-2.63825e-05
1771480800072,-2.07931e-05
1771484400126,4.3503e-06
1771488000040,1.25e-05
1771491600019,1.19685e-05
1771495200033,1.25e-05
1771498800010,8.8962e-06
1771502400062,1.23846e-05
1771506000017,1.25e-05
1771509600019,1.25e-05
1771513200067,1.25e-05
1771516800026,1.08172e-05
1771520400013,-7.673e-07
1771524000000,1.594e-07
1771527600043,4.1857e-06
1771531200009,-3.2017e-06
1771534800023,7.155e-07
1771538400022,4.5751e-06
1771542000042,6.8129e-06
1771545600035,3.9135e-06
1771549200190,-3.9066e-06
1771552800054,-9.9068e-06
1771556400118,-7.6549e-06
1771560000085,-4.0682e-06
1771563600048,-8.055e-06
1771567200033,-1.09132e-05
1771570800077,-2.6647e-06
1771574400069,-5.194e-06
1771578000018,-7.8157e-06
1771581600018,-1.05434e-05
1771585200029,-1.0231e-05
1771588800020,-1.4545e-05
1771592400001,-6.844e-06
1771596000062,-1.3794e-05
1771599600013,-9.58e-06
1771603200044,2.0729e-06
1771606800002,1.01608e-05
1771610400056,1.25e-05
1771614000125,1.25e-05
1771617600028,9.1968e-06
1771621200083,1.856e-07
1771624800095,2.5005e-06
1771628400033,3.896e-07
1771632000011,1.04625e-05
1771635600131,4.2255e-06
1771639200011,-1.9658e-06
1771642800063,7.457e-07
1771646400080,-3.0592e-06
1771650000080,-6.5525e-06
1771653600034,-9.2894e-06
1771657200068,-3.5919e-06
1771660800035,-8.7262e-06
1771664400020,-1.4695e-06
1771668000068,-3.4261e-06
1771671600028,6.344e-07
1771675200071,4.0799e-06
1771678800019,-1.6388e-06
1771682400000,-2.7786e-06
1771686000011,-1.56777e-05
1771689600010,-2.042e-05
1771693200060,-1.29504e-05
1771696800086,-1.55088e-05
1771700400111,-1.41598e-05
1771704000048,-1.18136e-05
1771707600024,-1.01643e-05
1771711200037,-1.04194e-05
1771714800054,-1.33844e-05
1771718400015,-1.14854e-05
1771722000084,-1.3316e-05
1771725600046,-7.5375e-06
1771729200056,-1.06983e-05
1771732800066,-1.30757e-05
1771736400123,-1.19544e-05
1771740000012,-1.40702e-05
1771743600039,-1.00725e-05
1771747200009,-1.32017e-05
1771750800017,-1.44723e-05
1771754400091,-1.2494e-05
1771758000056,-2.0703e-06
1771761600075,-8.184e-07
1771765200038,-2.08349e-05
1771768800048,-2.20452e-05
1771772400114,-1.47922e-05
1771776000015,-1.05231e-05
1771779600036,-1.41491e-05
1771783200075,-1.77358e-05
1771786800006,-1.41109e-05
1771790400029,-1.67976e-05
1771794000000,-2.42606e-05
1771797600023,-2.3721e-05
1771801200093,-2.88424e-05
1771804800016,-2.68482e-05
1771808400004,-2.27595e-05
1771812000025,-1.58141e-05
1771815600025,-4.86806e-05
1771819200028,-3.63764e-05
1771822800010,-4.44041e-05
1771826400078,-4.10262e-05
1771830000058,-1.91473e-05
1771833600004,-2.49488e-05
1771837200103,-2.13985e-05
1771840800012,-5.4939e-06
1771844400010,1.25e-05
1771848000004,1.25e-05
1771851600080,1.25e-05
1771855200028,1.25e-05
1771858800059,1.25e-05
1771862400045,1.08671e-05
1771866000042,1.25e-05
1771869600076,1.6625e-06
1771873200053,7.8713e-06
1771876800017,1.09419e-05
1771880400054,1.00354e-05
1771884000029,8.4099e-06
1771887600037,4.9884e-06
1771891200048,1.8469e-06
1771894800134,1.1118e-06
1771898400050,-1.62905e-05
1771902000046,-2.63557e-05
1771905600015,-1.93592e-05
1771909200026,-2.08864e-05
1771912800085,-2.55755e-05
1771916400076,-2.05302e-05
1771920000022,-2.09007e-05
1771923600048,-1.58672e-05
1771927200044,-9.964e-06
1771930800020,-4.4745e-06
1771934400025,-9.2658e-06
1771938000047,-1.27284e-05
1771941600060,-7.6985e-06
1771945200057,1.163e-07
1771948800005,-3.3749e-06
1771952400049,-6.2341e-06
1771956000022,-7.6807e-06
1771959600066,-6.129e-07
1771963200026,1.25e-05
1771966800002,6.0656e-06
1771970400030,9.6737e-06
1771974000078,1.25e-05
1771977600014,1.25e-05
1771981200032,1.07283e-05
1771984800039,1.25e-05
1771988400030,5.709e-07
1771992000056,3.1965e-06
1771995600028,-2.4689e-06
1771999200061,-7.6e-08
1772002800000,-7.564e-06
1772006400037,-7.54e-06
1772010000060,-5.624e-07
1772013600029,1.25e-05
1772017200055,1.25e-05
1772020800008,1.25e-05
1772024400008,6.499e-06
1772028000023,6.6916e-06
1772031600051,1.25e-05
1772035200012,5.1288e-06
1772038800075,4.1209e-06
1772042400088,-1.6825e-06
1772046000128,-5.96e-08
1772049600055,1.193e-07
1772053200015,-4.3374e-06
1772056800000,-4.8824e-06
1772060400045,-1.71e-08
1772064000036,5.6606e-06
1772067600091,1.25e-05
1772071200018,1.25e-05
1772074800060,1.25e-05
1772078400013,1.08613e-05
1772082000058,8.0353e-06
1772085600099,1.25e-05
1772089200021,1.25e-05
1772092800072,1.25e-05
1772096400076,1.25e-05
1772100000108,-2.7884e-06
1772103600073,4.222e-07
1772107200041,-1.25985e-05
1772110800051,-2.47203e-05
1772114400019,-1.87449e-05
1772118000033,-4.4247e-06
1772121600028,-5.4505e-06
1772125200027,-5.2464e-06
1772128800023,-3.5485e-06
1772132400009,7.435e-07
1772136000035,7.756e-07
1772139600019,-1.3458e-06
1772143200019,-3.75e-07
1772146800054,-2.2705e-06
1772150400001,-6.6584e-06
1772154000078,-7.777e-06
1772157600016,-5.5825e-06
1772161200116,1.5449e-06
1772164800057,1.0519e-06
1772168400058,5.9212e-06
1772172000053,-8.52e-07
1772175600067,-4.8768e-06
1772179200017,2.9868e-06
1772182800026,1.25e-05
1772186400074,-1.7095e-06
1772190000078,-2.69933e-05
1772193600028,-1.59749e-05
1772197200020,-1.98781e-05
1772200800036,-2.31071e-05
1772204400054,-2.70614e-05
1772208000132,-3.06923e-05
1772211600041,-6.16063e-05
1772215200037,-4.55907e-05
1772218800012,-4.54882e-05
1772222400028,-3.80767e-05
1772226000037,-3.91557e-05
1772229600023,-4.46222e-05
1772233200014,-3.99769e-05
1772236800086,-3.93872e-05
1772240400090,-4.17345e-05
1772244000058,-3.74273e-05
1772247600012,-3.49828e-05
1772251200088,-3.12947e-05
1772254800063,-3.33949e-05
1772258400065,-3.45285e-05
1772262000026,-2.63782e-05
1772265600028,-1.87153e-05
1772269200012,-2.49141e-05
1772272800008,-1.65494e-05
1772276400008,-3.9883e-06
1772280000032,-9.2008e-06
1772283600035,-1.85713e-05
1772287200033,-1.52452e-05
1772290800021,-1.63517e-05
1772294400041,-1.85727e-05
1772298000025,-1.77984e-05
1772301600015,-1.32206e-05
1772305200074,-1.24861e-05
1772308800039,-3.03095e-05
1772312400041,-1.76522e-05
1772316000035,-4.5039e-06
1772319600066,-8.7907e-06
1772323200168,-1.48849e-05
1772326800024,-7.52e-06
1772330400052,3.6309e-06
1772334000074,3.189e-06
1772337600034,3.5865e-06
1772341200052,4.2165e-06
1772344800071,6.5792e-06
1772348400018,6.5999e-06
1772352000093,3.1252e-06
1772355600017,7.393e-06
1772359200018,1.25e-05
1772362800017,-4.016e-06
1772366400039,-9.5275e-06
1772370000054,-8.7667e-06
1772373600029,-8.1376e-06
1772377200027,-1.5787e-05
1772380800018,-4.2303e-06
1772384400120,-1.1934e-06
1772388000070,-2.266e-07
1772391600062,2.2521e-06
1772395200026,-1.23028e-05
1772398800065,6.48e-07
1772402400085,6.3801e-06
1772406000005,3.2385e-06
1772409600044,1.25e-05
1772413200048,1.25e-05
1772416800044,1.25e-05
1772420400063,5.7512e-06
1772424000048,1.25e-05
1772427600071,2.6409e-06
1772431200062,5.465e-06
1772434800054,1.0817e-06
1772438400003,-1.09727e-05
1772442000091,-9.7416e-06
1772445600007,-4.3632e-06
1772449200019,-1.40325e-05
1772452800016,-7.5381e-06
1772456400034,-8.0356e-06
1772460000035,-1.90373e-05
1772463600070,-2.07213e-05
1772467200053,6.3371e-06
1772470800086,7.172e-06
1772474400025,2.9015e-06
1772478000044,1.25e-05
1772481600120,7.5696e-06
1772485200038,-5.26e-08
1772488800033,6.4931e-06
1772492400068,3.3407e-06
1772496000062,-4.3778e-06
1772499600052,5.2058e-06
1772503200011,7.567e-06
1772506800058,1.17736e-05
1772510400010,8.1767e-06
1772514000074,3.8001e-06
1772517600050,2.1994e-06
1772521200069,-2.188e-07
1772524800009,1.6601e-06
1772528400114,-2.2728e-06
1772532000046,-1.26846e-05
1772535600006,-1.15766e-05
1772539200013,-1.77803e-05
1772542800012,-2.54373e-05
1772546400039,-2.91978e-05
1772550000007,-4.05855e-05
1772553600004,-3.22512e-05
1772557200041,-1.23491e-05
1772560800015,-1.27943e-05
1772564400049,-4.648e-06
1772568000007,-1.4416e-06
1772571600014,-1.26347e-05
1772575200070,-1.79454e-05
1772578800016,-1.58444e-05
1772582400034,-1.36427e-05
1772586000049,-8.8565e-06
1772589600060,-2.1046e-06
1772593200052,-1.0199e-06
1772596800001,6.8807e-06
1772600400064,-4.1935e-06
1772604000079,-3.3038e-06
1772607600095,-7.3249e-06
1772611200047,3.1545e-06
1772614800010,1.25e-05
1772618400069,1.25e-05
1772622000024,1.25e-05
1772625600133,6.7913e-06
1772629200019,1.25e-05
1772632800036,1.25e-05
1772636400023,9.3535e-06
1772640000011,1.25e-05
1772643600095,1.25e-05
1772647200092,-1.046e-05
1772650800093,-3.8395e-06
1772654400047,3.1941e-06
1772658000048,5.8527e-06
1772661600024,6.4782e-06
1772665200045,6.4033e-06
1772668800022,9.496e-07
1772672400018,-2.2909e-06
1772676000139,-5.6874e-06
1772679600019,6e-10
1772683200027,-3.927e-07
1772686800001,3.5846e-06
1772690400037,-8.3118e-06
1772694000091,-1.3024e-05
1772697600033,-8.7245e-06
1772701200063,-6.4851e-06
1772704800091,-2.5763e-06
1772708400017,-1.1199e-06
1772712000003,-6.4795e-06
1772715600009,-6.1071e-06
1772719200024,-5.7798e-06
1772722800039,-1.55491e-05
1772726400034,-1.63621e-05
1772730000083,8.053e-07
1772733600048,1.08492e-05
1772737200052,1.14239e-05
1772740800073,6.6184e-06
1772744400042,1.07584e-05
1772748000028,2.9742e-06
1772751600029,-7.7563e-06
1772755200030,-1.21189e-05
1772758800082,2.5841e-06
1772762400006,-2.283e-07
1772766000079,8.946e-07
1772769600026,1.3788e-06
1772773200112,-1.42758e-05
1772776800019,-1.3647e-05
1772780400028,-7.4409e-06
1772784000021,-2.107e-06
1772787600022,-6.2185e-06
1772791200031,-1.61912e-05
1772794800036,-2.15452e-05
1772798400052,-1.45913e-05
1772802000052,-1.65893e-05
1772805600033,-2.15586e-05
1772809200037,-1.48205e-05
1772812800062,-1.3716e-05
1772816400089,-2.61391e-05
1772820000056,-2.3881e-05
1772823600066,-2.49835e-05
1772827200046,-2.4523e-05
1772830800021,-2.60004e-05
1772834400046,-2.73284e-05
1772838000092,-2.78797e-05
1772841600061,-2.88772e-05
1772845200027,-2.37636e-05
1772848800050,-2.66722e-05
1772852400045,-2.51981e-05
1772856000014,-1.72694e-05
1772859600052,-1.43321e-05
1772863200070,-1.25985e-05
1772866800068,-1.14862e-05
1772870400015,-5.6147e-06
1772874000005,-4.1706e-06
1772877600014,-8.5782e-06
1772881200002,-1.00898e-05
1772884800031,-1.28304e-05
1772888400033,-1.88491e-05
1772892000084,-1.52267e-05
1772895600012,-1.87048e-05
1772899200014,-2.06891e-05
1772902800077,-2.80078e-05
1772906400110,-2.08418e-05
1772910000003,-2.15258e-05
1772913600010,-3.18245e-05
1772917200135,-2.86019e-05
1772920800082,-3.04347e-05
1772924400068,-3.4817e-05
1772928000002,-3.13593e-05
1772931600030,-1.78973e-05
1772935200003,-2.33802e-05
1772938800042,-3.1605e-05
1772942400001,-3.22546e-05
1772946000024,-3.66377e-05
1772949600045,-3.00284e-05
1772953200036,-3.08269e-05
1772956800041,-1.89705e-05
1772960400029,-1.78465e-05
1772964000035,-1.40196e-05
1772967600036,-1.45432e-05
1772971200021,-1.17592e-05
1772974800049,-6.0939e-06
1772978400061,-2.0208e-05
1772982000088,-2.66825e-05
1772985600024,-3.03672e-05
1772989200018,-2.84869e-05
1772992800004,-2.82369e-05
1772996400000,-2.90768e-05
1773000000074,-2.34319e-05
1773003600003,-1.90891e-05
1773007200038,-2.82865e-05
1773010800057,-2.88772e-05
1773014400091,-2.59928e-05
1773018000052,-2.26859e-05
1773021600016,-1.81583e-05
1773025200012,-1.48487e-05
1773028800030,-6.1435e-06
1773032400088,-6.4201e-06
1773036000070,-2.4561e-06
1773039600026,9.835e-07
1773043200094,-2.93226e-05
1773046800114,-2.75947e-05
1773050400108,-2.9513e-06
1773054000050,-1.17575e-05
1773057600051,-1.67257e-05
1773061200073,-2.1811e-06
1773064800061,-4.5559e-06
1773068400084,-1.22821e-05
1773072000075,-3.9958e-06
1773075600049,3.4776e-06
1773079200036,-3.5123e-06
1773082800053,-4.412e-06
1773086400002,5.8615e-06
1773090000074,1.25e-05
1773093600010,1.25e-05
1773097200038,2.7779e-06
1773100800042,-9.6518e-06
1773104400084,-1.5209e-06
1773108000013,-2.0622e-06
1773111600052,-3.1498e-06
1773115200041,-1.8294e-06
1773118800054,-1.8182e-06
1773122400137,9.1989e-06
1773126000065,5.3559e-06
1773129600052,5.2503e-06
1773133200017,1.04326e-05
1773136800060,8.2253e-06
1773140400011,1.582e-06
1773144000038,-6.9579e-06
1773147600061,-6.5308e-06
1773151200027,-1.19172e-05
1773154800083,-2.6101e-06
1773158400045,1.25e-05
1773162000004,1.25e-05
1773165600018,1.25e-05
1773169200049,-4.4504e-06
1773172800050,-1.18393e-05
1773176400058,-6.117e-07
1773180000068,-2.25527e-05
1773183600061,-2.43271e-05
1773187200088,-2.37571e-05
1773190800002,-1.6325e-05
1773194400098,-1.71921e-05
1773198000016,-1.11569e-05
1773201600038,-1.25656e-05
1773205200075,-1.36908e-05
1773208800135,-2.21279e-05
1773212400014,-1.97209e-05
1773216000056,-1.59106e-05
1773219600082,-1.11195e-05
1773223200084,-1.29115e-05
1773226800001,-3.9132e-06
1773230400013,8.735e-07
1773234000063,3.462e-07
1773237600004,-4.6444e-06
1773241200051,-2.5546e-06
1773244800065,7.929e-07
1773248400068,-6.8453e-06
1773252000102,-1.21628e-05
1773255600082,-2.1455e-05
1773259200026,-1.72368e-05
1773262800008,-6.8111e-06
1773266400035,-1.34165e-05
1773270000069,-2.1673e-06
1773273600084,-9.2344e-06
1773277200006,-1.09888e-05
1773280800080,-7.1393e-06
1773284400036,-3.8988e-06
1773288000065,-8.1109e-06
1773291600094,-1.13311e-05
1773295200108,-2.33421e-05
1773298800046,-2.77548e-05
1773302400068,-2.14764e-05
1773306000063,-1.50102e-05
1773309600013,-3.3762e-06
1773313200017,1.185e-06
1773316800106,1.01937e-05
1773320400062,1.25e-05
1773324000110,1.25e-05
1773327600024,7.3181e-06
1773331200064,-2.259e-07
1773334800004,1.00885e-05
1773338400004,9.2505e-06
1773342000025,8.1661e-06
1773345600165,1.25e-05
1773349200073,5.4168e-06
1773352800071,5.7111e-06
1773356400070,-2.0766e-06
1773360000061,6.4673e-06
1773363600032,1.25e-05
1773367200025,1.25e-05
1773370800021,1.25e-05
1773374400099,1.25e-05
1773378000089,1.25e-05
1773381600064,1.25e-05
1773385200082,1.25e-05
1773388800016,1.25e-05
1773392400045,1.25e-05
1773396000034,1.25e-05
1773399600010,1.25e-05
1773403200009,1.25e-05
1773406800059,1.25e-05
1773410400032,1.25e-05
1773414000021,1.25e-05
1773417600051,1.25e-05
1773421200044,1.15792e-05
1773424800052,6.36e-07
1773428400006,-5.042e-06
1773432000021,-1.418e-05
1773435600092,-9.8058e-06
1773439200005,-1.36016e-05
1773442800109,-1.43347e-05
1773446400044,-1.69455e-05
1773450000094,-1.56942e-05
1773453600100,-1.30172e-05
1773457200013,-1.26175e-05
1773460800019,-9.994e-06
1773464400095,-3.2595e-06
1773468000072,-1.39391e-05
1773471600036,-1.67327e-05
1773475200041,-2.06976e-05
1773478800025,-1.51795e-05
1773482400098,-1.39872e-05
1773486000047,-1.03543e-05
1773489600020,-5.1757e-06
1773493200042,-1.18956e-05
1773496800076,-1.27393e-05
1773500400009,-1.0554e-05
1773504000100,-8.7038e-06
1773507600061,-1.66398e-05
1773511200018,-1.02504e-05
1773514800048,-8.7253e-06
1773518400035,-1.1506e-05
1773522000015,-3.6602e-06
1773525600041,-1.00021e-05
1773529200044,-6.4016e-06
1773532800099,-6.2149e-06
1773536400102,-1.4212e-06
1773540000005,9.207e-07
1773543600130,1.21452e-05
1773547200040,1.25e-05
1773550800066,1.25e-05
1773554400010,1.25e-05
1773558000046,1.25e-05
1773561600003,9.1024e-06
1773565200067,1.25e-05
1773568800003,1.25e-05
1773572400039,1.25e-05
1773576000060,1.25e-05
1773579600023,1.25e-05
1773583200023,1.25e-05
1773586800084,1.25e-05
1773590400034,1.25e-05
1773594000036,1.25e-05
1773597600003,1.25e-05
1773601200127,1.25e-05
1773604800024,9.0574e-06
1773608400083,1.25e-05
1773612000019,1.25e-05
1773615600037,1.25e-05
1773619200090,1.25e-05
1773622800002,1.25e-05
1773626400078,1.25e-05
1773630000040,1.25e-05
1773633600012,1.25e-05
1773637200021,1.25e-05
1773640800092,1.25e-05
1773644400033,1.25e-05
1773648000062,1.25e-05
1773651600035,1.25e-05
1773655200042,1.25e-05
1773658800013,1.25e-05
1773662400013,1.25e-05
1773666000000,1.25e-05
1773669600099,1.25e-05
1773673200013,1.25e-05
1773676800033,1.25e-05
1773680400023,7.9122e-06
1773684000045,1.25e-05
1773687600080,1.25e-05
1773691200001,3.6728e-06
1773694800032,7.877e-06
1773698400000,3.8264e-06
1773702000003,-2.8548e-06
1773705600034,-4.2726e-06
1773709200045,-3.7709e-06
1773712800050,-5.2606e-06
1773716400010,-5.0202e-06
1773720000073,-7.0911e-06
1773723600048,2.9328e-06
1773727200113,1.25e-05
1773730800039,2.2484e-06
1773734400000,-3.3864e-06
1773738000002,7.625e-07
1773741600075,-5.333e-07
1773745200115,2.7173e-06
1773748800006,-6.1759e-06
1773752400013,-4.6899e-06
1773756000047,-4.507e-06
1773759600074,-3.2538e-06
1773763200038,-6.1865e-06
1773766800054,-6.0244e-06
1773770400071,-4.5247e-06
1773774000018,-6.7317e-06
1773777600034,-1.06771e-05
1773781200072,-1.23389e-05
1773784800003,-7.8795e-06
1773788400011,-1.47792e-05
1773792000028,-9.3489e-06
1773795600016,-5.4728e-06
1773799200026,3.5915e-06
1773802800060,8.7167e-06
1773806400054,1.07131e-05
1773810000001,2.7552e-06
1773813600067,-6.3807e-06
1773817200033,-8.2e-06
1773820800005,-9.2456e-06
1773824400052,-2.9446e-06
1773828000037,2.6742e-06
1773831600025,-5.3873e-06
1773835200062,-1.02928e-05
1773838800007,4.7826e-06
1773842400026,-1.25752e-05
1773846000035,-8.288e-07
1773849600009,-3.31e-08
1773853200066,-5.3382e-06
1773856800052,-7.4919e-06
1773860400045,-1.23289e-05
1773864000055,-1.37084e-05
1773867600050,-5.7258e-06
1773871200035,-3.4004e-06
1773874800040,-1.60553e-05
1773878400090,-2.26108e-05
1773882000009,-2.29687e-05
1773885600012,-1.84866e-05
1773889200041,-1.57383e-05
1773892800010,-1.3975e-06
1773896400090,4.9706e-06
1773900000052,4.8498e-06
1773903600107,3.073e-07
1773907200064,9.65e-07
1773910800026,7.1457e-06
1773914400123,1.17699e-05
1773918000052,1.0287e-05
1773921600006,3.9551e-06
1773925200045,-4.369e-07
1773928800059,4.7695e-06
1773932400002,1.1256e-06
1773936000031,-2.608e-06
1773939600011,1.6092e-06
1773943200049,-4.3839e-06
1773946800024,7.179e-07
1773950400037,-3.946e-07
1773954000022,-1.4745e-06
1773957600001,-2.115e-06
1773961200001,-1.28777e-05
1773964800103,-1.57712e-05
1773968400073,-1.63442e-05
1773972000053,-1.55811e-05
1773975600072,-1.03286e-05
1773979200004,-1.57802e-05
1773982800107,-1.79181e-05
1773986400096,-1.58339e-05
1773990000012,-1.1307e-05
1773993600003,-1.30895e-05
1773997200021,-2.19573e-05
1774000800063,-2.57237e-05
1774004400048,-1.85162e-05
1774008000087,-1.16483e-05
1774011600148,-2.9891e-06
1774015200115,-1.02038e-05
1774018800034,-2.13772e-05
1774022400074,-1.44329e-05
1774026000075,-7.1441e-06
1774029600035,-8.9452e-06
1774033200044,-2.06555e-05
1774036800034,-2.12586e-05
1774040400007,-1.5847e-05
1774044000000,-6.3461e-06
1774047600047,-7.3716e-06
1774051200093,-9.561e-06
1774054800011,-2.1165e-06
1774058400032,-6.497e-07
1774062000013,4.2345e-06
1774065600040,2.599e-07
1774069200041,-3.425e-07
1774072800066,-4.1996e-06
1774076400010,-4.7656e-06
1774080000075,-3.9897e-06
1774083600064,-1.06918e-05
1774087200000,-1.57259e-05
1774090800008,-1.41992e-05
1774094400094,-9.6943e-06
1774098000015,-1.20422e-05
1774101600045,-1.65239e-05
1774105200051,-2.11695e-05
1774108800039,-2.97656e-05
1774112400032,-2.27693e-05
1774116000020,-2.14506e-05
1774119600057,-1.48622e-05
1774123200073,-1.32029e-05
1774126800086,-1.18226e-05
1774130400004,-1.06822e-05
1774134000026,-1.3082e-05
1774137600042,-2.20115e-05
1774141200020,-6.207e-07
1774144800085,-3.2625e-06
1774148400085,-5.8955e-06
1774152000007,-5.0803e-06
1774155600062,-2.149e-06
1774159200062,-5.2408e-06
1774162800088,-3.6641e-06
1774166400050,-6.8385e-06
1774170000062,-1.53586e-05
1774173600003,-1.21114e-05
1774177200044,-1.02303e-05
1774180800049,-1.30555e-05
1774184400046,-8.003e-06
1774188000011,-5.3412e-06
1774191600042,-3.124e-06
1774195200021,-8.3557e-06
1774198800006,-5.2763e-06
1774202400081,-1.2987e-06
1774206000039,-5.5484e-06
1774209600048,-4.5961e-06
1774213200082,-1.275e-05
1774216800090,-1.58794e-05
1774220400049,-2.5861e-06
1774224000261,-2.9587e-06
1774227600069,-3.3196e-06
1774231200040,-1.6669e-06
1774234800111,2.457e-07
1774238400086,8.599e-07
1774242000014,4.8541e-06
1774245600068,4.8615e-06
1774249200043,-3.3625e-06
1774252800066,-7.5109e-06
1774256400071,-6.25e-08
1774260000081,-1.62601e-05
1774263600004,-2.12297e-05
1774267200045,-7.1675e-06
1774270800056,-1.817e-05
1774274400053,-1.09632e-05
1774278000071,-6.7777e-06
1774281600048,-3.1967e-06
1774285200080,1.1732e-06
1774288800041,4.1757e-06
1774292400054,-2.1607e-06
1774296000019,1.00502e-05
1774299600090,6.4772e-06
1774303200162,1.0489e-05
1774306800056,4.4139e-06
1774310400027,5.0536e-06
1774314000082,1.07558e-05
1774317600034,-4.1546e-06
1774321200000,-2.2229e-06
1774324800016,-3.1013e-06
1774328400079,-5.1216e-06
1774332000003,-5.5845e-06
1774335600088,-3.9359e-06
1774339200033,3.7714e-06
1774342800051,1.03222e-05
1774346400105,4.4069e-06
1774350000045,2.9062e-06
1774353600096,5.8606e-06
1774357200028,4.8072e-06
1774360800089,3.6855e-06
1774364400033,-2.3971e-06
1774368000039,-1.5258e-06
1774371600061,-6.1213e-06
1774375200062,-8.4276e-06
1774378800040,-2.7964e-05
1774382400058,-3.30362e-05
1774386000159,-2.80553e-05
1774389600052,-1.21653e-05
1774393200069,-1.26096e-05
1774396800048,-8.2442e-06
1774400400110,-4.2822e-06
1774404000086,6.628e-06
1774407600069,-3.726e-07
1774411200059,-6.6891e-06
1774414800076,2.7673e-06
1774418400043,-1.51e-06
1774422000053,-7.465e-06
1774425600007,-8.4848e-06
1774429200057,-2.859e-06
1774432800090,-8.1674e-06
1774436400018,-3.8197e-06
1774440000038,8.2837e-06
1774443600032,-6.3189e-06
1774447200041,-4.5319e-06
1774450800062,-8.096e-06
1774454400052,9.933e-07
1774458000022,5.86e-08
1774461600075,-1.9232e-06
1774465200037,-4.6893e-06
1774468800025,-7.009e-07
1774472400066,-2.399e-07
1774476000023,2.5214e-06
1774479600072,2.2295e-06
1774483200035,1.1745e-06
1774486800006,1.0015e-06
1774490400139,-6.6915e-06
1774494000114,-1.28033e-05
1774497600110,-1.20653e-05
1774501200097,-8.9356e-06
1774504800014,-1.6794e-05
1774508400009,-1.79267e-05
1774512000094,-2.24858e-05
1774515600075,-1.58306e-05
1774519200001,-2.42551e-05
1774522800072,-2.6219e-05
1774526400020,-2.72153e-05
1774530000078,-2.68002e-05
1774533600066,-1.96024e-05
1774537200018,-1.35371e-05
1774540800055,-1.53656e-05
1774544400026,-9.9086e-06
1774548000030,-1.73402e-05
1774551600003,-2.11814e-05
1774555200077,-2.20598e-05
1774558800031,-3.86521e-05
1774562400068,-3.88191e-05
1774566000071,-4.07048e-05
1774569600013,-3.66893e-05
1774573200004,-3.18826e-05
1774576800007,-2.51073e-05
1774580400045,-2.34283e-05
1774584000027,-2.30841e-05
1774587600055,-1.9907e-05
1774591200021,-1.49863e-05
1774594800047,-1.79191e-05
1774598400042,-1.5549e-05
1774602000078,-1.81541e-05
1774605600011,-1.22497e-05
1774609200056,-9.767e-06
1774612800073,-2.557e-06
1774616400020,6.786e-07
1774620000027,-4.914e-07
1774623600082,1.5318e-06
1774627200069,-1.09975e-05
1774630800063,-8.4609e-06
1774634400018,-2.0537e-05
1774638000017,-2.90205e-05
1774641600043,-2.36103e-05
1774645200064,-2.71268e-05
1774648800044,-2.3183e-05
1774652400008,-3.047e-05
1774656000062,-2.39769e-05
1774659600004,-1.11872e-05
1774663200051,-1.82583e-05
1774666800023,-2.07543e-05
1774670400106,-1.38594e-05
1774674000055,-2.8774e-05
1774677600067,-2.82418e-05
1774681200039,-1.88563e-05
1774684800007,-1.75328e-05
1774688400008,-2.50499e-05
1774692000014,-1.98179e-05
1774695600095,-1.64693e-05
1774699200014,-1.77375e-05
1774702800013,-1.34485e-05
1774706400047,-1.29085e-05
1774710000042,-8.6014e-06
1774713600047,-4.1842e-06
1774717200074,-6.3027e-06
1774720800070,-1.09542e-05
1774724400007,-1.12546e-05
1774728000075,-1.52608e-05
1774731600036,-1.16136e-05
1774735200009,-1.65333e-05
1774738800040,-2.36238e-05
1774742400085,-2.27306e-05
1774746000068,-1.58283e-05
1774749600040,-1.5076e-05
1774753200050,-9.1086e-06
1774756800034,-2.17728e-05
1774760400054,-2.50242e-05
1774764000017,-2.88352e-05
1774767600047,-2.25552e-05
1774771200033,-2.62309e-05
1774774800036,-2.4654e-05
1774778400121,-2.4307e-05
1774782000002,-2.57439e-05
1774785600067,-1.87045e-05
1774789200056,-2.54457e-05
1774792800026,-3.17498e-05
1774796400057,-2.95605e-05
1774800000029,-3.22578e-05
1774803600011,-2.86392e-05
1774807200092,-2.59456e-05
1774810800066,-3.10163e-05
1774814400062,-3.11911e-05
1774818000026,-3.25505e-05
1774821600013,-3.07821e-05
1774825200096,-3.88073e-05
1774828800038,-1.88881e-05
1774832400030,-1.62496e-05
1774836000054,-1.42515e-05
1774839600013,-1.04212e-05
1774843200074,-5.1627e-06
1774846800056,-5.7742e-06
1774850400089,-4.378e-06
1774854000043,-1.06321e-05
1774857600192,-1.822e-06
1774861200039,2.4454e-06
1774864800052,-2.738e-06
1774868400059,1.9114e-06
1774872000038,1.25e-05
1774875600031,1.25e-05
1774879200046,1.25e-05
1774882800019,1.13793e-05
1774886400071,1.25e-05
1774890000108,1.18958e-05
1774893600051,9.3785e-06
1774897200085,-9.1275e-06
1774900800055,-1.42746e-05
1774904400095,-1.81314e-05
1774908000021,3.8166e-06
1774911600066,-1.8371e-06
1774915200016,-5.8906e-06
1774918800038,-5.6028e-06
1774922400066,2.4679e-06
1774926000092,6.656e-07
1774929600073,-7.0473e-06
1774933200062,-7.0955e-06
1774936800022,-3.4149e-06
1774940400045,-3.3737e-06
1774944000000,-1.22164e-05
1774947600056,-2.34995e-05
1774951200021,-2.61303e-05
1774954800032,-1.78182e-05
1774958400073,-1.13837e-05
1774962000030,-7.4025e-06
1774965600038,1.25e-05
1774969200043,1.25e-05
1774972800025,6.722e-06
1774976400030,1.13557e-05
1774980000007,8.8181e-06
1774983600051,1.9827e-06
1774987200039,8.1747e-06
1774990800026,1.1855e-06
1774994400046,8.1385e-06
1774998000029,8.2993e-06
1775001600068,4.8783e-06
1775005200022,1.10323e-05
1775008800050,-6.4552e-06
1775012400044,-9.1936e-06
1775016000042,-4.657e-06
1775019600057,3.1296e-06
1775023200051,1.09445e-05
1775026800039,1.24952e-05
1775030400062,1.05309e-05
1775034000046,9.8083e-06
1775037600050,1.25e-05
1775041200068,1.25e-05
1775044800081,1.25e-05
1775048400011,1.25e-05
1775052000131,1.25e-05
1775055600029,-2.5131e-06
1775059200078,5.8486e-06
1775062800076,1.25e-05
1775066400071,4.1052e-06
1775070000017,-1.4661e-06
1775073600045,9.4815e-06
1775077200041,1.25e-05
1775080800030,1.25e-05
1775084400042,1.25e-05
1775088000177,9.6849e-06
1775091600004,-1.3215e-06
1775095200060,-1.11796e-05
1775098800041,-1.90949e-05
1775102400059,-2.2008e-05
1775106000030,-1.79709e-05
1775109600039,4.908e-07
1775113200070,1.1351e-06
1775116800129,-2.0992e-06
1775120400026,-9.5737e-06
1775124000051,-6.6264e-06
1775127600014,-7.7018e-06
1775131200021,-1.07931e-05
1775134800075,-1.90829e-05
1775138400049,-3.45902e-05
1775142000065,-2.3954e-05
1775145600040,-3.53758e-05
1775149200022,-2.30349e-05
1775152800037,-3.1801e-05
1775156400006,-2.87667e-05
1775160000023,-1.95906e-05
1775163600131,-8.1837e-06
1775167200013,-1.10224e-05
1775170800004,-1.14805e-05
1775174400021,-1.14942e-05
1775178000043,-1.18674e-05
1775181600023,-1.48187e-05
1775185200048,-1.39164e-05
1775188800039,-9.3828e-06
1775192400086,-1.29779e-05
1775196000049,-1.02489e-05
1775199600028,-9.1501e-06
1775203200069,7.2e-09
1775206800054,1.1735e-06
1775210400043,-6.9763e-06
1775214000041,-1.02726e-05
1775217600031,-5.1242e-06
1775221200058,-3.33e-06
1775224800001,-3.9942e-06
1775228400044,9.788e-07
1775232000033,1.8523e-06
1775235600040,-2.7144e-06
1775239200069,-1.0705e-06
1775242800026,-7.0008e-06
1775246400036,-9.5557e-06
1775250000048,-9.1769e-06
1775253600031,-8.0459e-06
1775257200039,-2.8052e-06
1775260800063,-4.2164e-06
1775264400014,-5.1788e-06
1775268000021,-4.9491e-06
1775271600064,-4.2376e-06
1775275200011,-4.8438e-06
1775278800063,-9.3837e-06
1775282400057,-6.9814e-06
1775286000051,-1.04048e-05
1775289600033,-2.3301e-06
1775293200008,2.434e-06
1775296800029,-1.23084e-05
1775300400050,-2.36216e-05
1775304000009,-5.0815e-06
1775307600107,-1.17109e-05
1775311200065,-1.08584e-05
1775314800008,-1.18568e-05
1775318400038,-1.0331e-05
1775322000041,-6.6191e-06
1775325600064,-1.0967e-05
1775329200012,-4.711e-06
1775332800063,-6.8885e-06
1775336400037,-6.1011e-06
1775340000032,-1.17306e-05
1775343600014,-1.37909e-05
1775347200047,-1.93358e-05
1775350800058,-1.90045e-05
1775354400058,-1.99593e-05
1775358000014,-8.3721e-06
1775361600022,-5.0372e-06
1775365200024,-1.39441e-05
1775368800051,-1.39109e-05
1775372400048,-1.12584e-05
1775376000066,-1.67879e-05
1775379600017,-1.79529e-05
1775383200017,-1.66057e-05
1775386800024,-1.71642e-05
1775390400017,-1.99e-05
1775394000047,-1.44657e-05
1775397600057,-6.7171e-06
1775401200081,-1.71741e-05
1775404800031,-1.19319e-05
1775408400049,-1.03668e-05
1775412000042,-7.0235e-06
1775415600041,-9.9044e-06
1775419200030,-8.4731e-06
1775422800003,-6.1633e-06
1775426400060,-2.1927e-06
1775430000020,-1.02306e-05
1775433600029,9.1104e-06
1775437200040,6.2581e-06
1775440800000,9.4264e-06
1775444400049,8.337e-06
1775448000002,5.6539e-06
1775451600047,9.099e-06
1775455200025,8.6962e-06
1775458800064,6.5343e-06
1775462400053,5.1981e-06
1775466000012,1.25e-05
1775469600006,1.25e-05
1775473200016,1.25e-05
1775476800072,1.22824e-05
1775480400031,1.25e-05
1775484000066,6.5764e-06
1775487600048,4.568e-07
1775491200056,-1.0877e-06
1775494800002,-4.2068e-06
1775498400039,-7.0211e-06
1775502000000,-1.2289e-06
1775505600078,-7.2133e-06
1775509200054,-7.8542e-06
1775512800043,-9.2253e-06
1775516400021,-1.09994e-05
1775520000046,2.1032e-06
1775523600015,-3.0839e-06
1775527200012,-7.8362e-06
1775530800093,2.4047e-06
1775534400017,6.3283e-06
1775538000006,1.25e-05
1775541600030,9.4015e-06
1775545200064,1.6006e-06
1775548800020,4.8865e-06
1775552400031,4.065e-07
1775556000005,-2.4805e-06
1775559600030,-3.236e-06
1775563200037,-2.8011e-06
1775566800060,-5.8641e-06
1775570400027,2.993e-06
1775574000041,-6.9027e-06
1775577600036,-1.22001e-05
1775581200024,-3.8129e-06
1775584800013,-3.8172e-06
1775588400017,-5.4943e-06
1775592000041,7.099e-07
1775595600062,4.8888e-06
1775599200029,4.0327e-06
1775602800038,1.25e-05
1775606400094,1.25e-05
1775610000057,1.25e-05
1775613600043,1.25e-05
1775617200059,1.25e-05
1775620800012,1.25e-05
1775624400056,1.25e-05
1775628000065,1.25e-05
1775631600039,1.25e-05
1775635200005,1.25e-05
1775638800047,1.25e-05
1775642400004,1.25e-05
1775646000027,1.25e-05
1775649600000,1.25e-05
1775653200019,1.25e-05
1775656800064,5.1099e-06
1775660400025,-3.4954e-06
1775664000054,8.8566e-06
1775667600009,1.06799e-05
1775671200046,1.07308e-05
1775674800026,3.0239e-06
1775678400068,-1.02058e-05
1775682000031,-8.3932e-06
1775685600010,7.6903e-06
1775689200039,2.8568e-06
1775692800070,4.577e-07
1775696400023,-8.9274e-06
1775700000010,-1.80737e-05
1775703600053,2.079e-07
1775707200015,1.366e-06
1775710800007,3.527e-07
1775714400021,-2.7e-07
1775718000001,-1.9818e-06
1775721600056,-8.4453e-06
1775725200008,-4.3339e-06
1775728800006,-4.4456e-06
1775732400010,-4.2458e-06
1775736000054,-6.5979e-06
1775739600004,-3.6741e-06
1775743200056,-6.8855e-06
1775746800041,-8.7295e-06
1775750400011,1.5956e-06
1775754000012,-3.0338e-06
1775757600001,-1.5246e-06
1775761200031,-4.978e-07
1775764800004,-7.096e-07
1775768400018,3.0567e-06
1775772000000,8.2248e-06
1775775600071,1.25e-05
1775779200062,1.0943e-05
1775782800013,8.4648e-06
1775786400002,1.03781e-05
1775790000040,3.5812e-06
1775793600047,1.4741e-06
1775797200031,5.6263e-06
1775800800026,-7.01e-07
1775804400016,-5.0637e-06
1775808000000,-2.8306e-06
1775811600015,-3.0117e-06
1775815200028,-4.291e-07
1775818800010,2.1319e-06
1775822400057,1.25e-05
1775826000032,6.153e-06
1775829600008,-5.9119e-06
1775833200005,7.7254e-06
1775836800053,1.14942e-05
1775840400022,8.7932e-06
1775844000021,7.3975e-06
1775847600046,1.25e-05
1775851200009,1.25e-05
1775854800010,1.0759e-06
1775858400079,-1.4931e-06
1775862000055,8.1188e-06
1775865600015,7.5255e-06
1775869200006,6.3266e-06
1775872800020,4.4322e-06
1775876400039,5.3787e-06
1775880000013,2.248e-06
1775883600005,-6.15e-06
1775887200024,-1.18486e-05
1775890800016,-6.1427e-06
1775894400002,-1.06352e-05
1775898000042,-1.02095e-05
1775901600048,-1.7192e-06
1775905200040,-1.648e-06
1775908800055,-1.7249e-06
1775912400047,-2.8353e-06
1775916000001,-1.21e-06
1775919600041,-1.55e-06
1775923200034,-6.535e-07
1775926800008,4.4856e-06
1775930400033,7.1109e-06
1775934000047,4.2781e-06
1775937600023,2.2033e-06
1775941200058,6.8664e-06
1775944800036,8.8936e-06
1775948400020,8.9384e-06
1775952000067,9.049e-07
1775955600044,5.1388e-06
1775959200031,-8.475e-07
1775962800029,-1.2659e-05
1775966400055,-1.18513e-05
1775970000066,-1.73077e-05
1775973600047,-1.31075e-05
1775977200004,-1.23449e-05
1775980800022,-1.711e-05
1775984400049,-1.61733e-05
1775988000011,-1.26382e-05
1775991600022,-9.1573e-06
1775995200040,-6.6274e-06
1775998800028,-4.1984e-06
1776002400064,-1.4164e-05
1776006000065,-1.84604e-05
1776009600046,-1.27179e-05
1776013200054,-1.78398e-05
1776016800035,-1.74246e-05
1776020400028,-9.9694e-06
1776024000062,-7.1268e-06
1776027600049,-1.1334e-06
1776031200058,8.3275e-06
1776034800048,2.226e-07
1776038400013,-8.6505e-06
1776042000031,-3.997e-06
1776045600001,2.0293e-06
1776049200056,-4.5658e-06
1776052800056,-2.4101e-06
1776056400032,-3.739e-07
1776060000007,-7.9111e-06
1776063600011,-2.047e-06
1776067200015,1.0841e-06
1776070800013,5.0723e-06
1776074400032,6.2478e-06
1776078000011,4.685e-07
1776081600063,1.4887e-06
1776085200036,5.2268e-06
1776088800007,9.8029e-06
1776092400114,9.2978e-06
1776096000016,1.00608e-05
1776099600028,1.25e-05
1776103200040,6.7837e-06
1776106800055,9.3486e-06
1776110400032,6.9463e-06
1776114000038,3.9349e-06
1776117600023,9.4869e-06
1776121200008,1.25e-05
1776124800020,1.25e-05
1776128400057,1.25e-05
1776132000017,1.25e-05
1776135600043,1.25e-05
1776139200009,1.25e-05
1776142800054,1.25e-05
1776146400057,1.25e-05
1776150000076,1.25e-05
1776153600066,1.25e-05
1776157200041,1.25e-05
1776160800010,1.25e-05
1776164400030,1.25e-05
1776168000053,1.00702e-05
1776171600039,-1.2281e-06
1776175200012,1.22316e-05
1776178800056,4.6703e-06
1776182400029,9.209e-07
1776186000057,9.9503e-06
1776189600062,7.3094e-06
1776193200040,3.2194e-06
1776196800000,5.3428e-06
1776200400003,-2.694e-06
1776204000001,2.5854e-06
1776207600021,1.13373e-05
1776211200015,9.2056e-06
1776214800054,-2.1528e-06
1776218400036,4.9332e-06
1776222000065,-3.0623e-06
1776225600053,-7.2e-08
1776229200029,-1.7583e-06
1776232800060,-3.0055e-06
1776236400038,-2.1495e-05
1776240000009,-1.46182e-05
1776243600024,-6.5981e-06
1776247200027,-7.6743e-06
1776250800067,-7.7406e-06
1776254400030,4.4269e-06
1776258000008,6.5008e-06
1776261600035,-1.1035e-06
1776265200057,5.2623e-06
1776268800025,6.0613e-06
1776272400022,1.25e-05
1776276000030,1.25e-05
1776279600062,1.25e-05
1776283200014,1.25e-05
1776286800049,5.4898e-06
1776290400067,1.0736e-05
1776294000056,1.25e-05
1776297600044,1.16086e-05
1776301200022,1.25e-05
1776304800010,1.02963e-05
1776308400053,9.7737e-06
1776312000006,7.7961e-06
1776315600042,7.6162e-06
1776319200031,2.0888e-06
1776322800012,6.878e-06
1776326400062,9.7339e-06
1776330000045,1.25e-05
1776333600004,4.4504e-06
1776337200035,-7.9063e-06
1776340800042,-8.0238e-06
1776344400030,1.2597e-06
1776348000019,4.9916e-06
1776351600047,5.8911e-06
1776355200051,1.0727e-05
1776358800013,1.25e-05
1776362400034,7.1774e-06
1776366000064,1.13694e-05
1776369600016,1.25e-05
1776373200025,1.25e-05
1776376800043,7.2378e-06
1776380400041,1.25e-05
1776384000030,1.25e-05
1776387600015,1.25e-05
1776391200026,1.25e-05
1776394800010,1.25e-05
1776398400064,1.25e-05
1776402000052,1.23627e-05
1776405600017,9.6683e-06
1776409200065,9.3685e-06
1776412800042,1.25e-05
1776416400035,1.06825e-05
1776420000011,9.9126e-06
1776423600038,7.1453e-06
1776427200064,-2.0651e-06
1776430800036,3.6173e-06
1776434400000,1.25e-05
1776438000059,1.05009e-05
1776441600039,8.9532e-06
1776445200046,2.6069e-06
1776448800052,1.12362e-05
1776452400019,1.25e-05
1776456000065,1.25e-05
1776459600012,2.7695e-06
1776463200042,9.1245e-06
1776466800022,1.25e-05
1776470400064,6.6357e-06
1776474000049,1.15678e-05
1776477600042,1.09089e-05
1776481200031,8.7228e-06
1776484800009,1.13454e-05
1776488400060,6.3714e-06
1776492000049,9.4733e-06
1776495600028,1.25e-05
1776499200049,1.10456e-05
1776502800011,8.917e-07
1776506400020,1.9725e-06
1776510000016,5.573e-07
1776513600034,-2.5095e-06
1776517200047,-7.9492e-06
1776520800018,-3.7835e-06
1776524400000,-1.0129e-06
1776528000001,-1.9387e-06
1776531600001,-9.1682e-06
1776535200050,-5.0116e-06
1776538800039,-5.3473e-06
1776542400037,-2.0034e-06
1776546000036,-9.156e-07
1776549600011,2.4493e-06
1776553200026,5.56e-07
1776556800053,-1.5267e-06
1776560400051,7.8304e-06
1776564000028,1.25e-05
1776567600060,1.25e-05
1776571200051,1.25e-05
1776574800046,1.25e-05
1776578400041,1.25e-05
1776582000002,1.25e-05
1776585600040,1.25e-05
1776589200041,1.25e-05
1776592800022,1.25e-05
1776596400032,1.25e-05
1776600000016,1.25e-05
1776603600026,1.25e-05
1776607200011,1.25e-05
1776610800004,6.4871e-06
1776614400010,1.19329e-05
1776618000060,8.39e-06
1776621600009,5.7154e-06
1776625200018,-9.0059e-06
1776628800030,-3.2333e-06
1776632400025,-2.1829e-06
1776636000007,1.25e-05
1776639600025,1.25e-05
1776643200062,1.25e-05
1776646800029,1.25e-05
1776650400053,1.25e-05
1776654000025,1.25e-05
1776657600029,1.25e-05
1776661200055,1.25e-05
1776664800000,1.25e-05
1776668400006,1.25e-05
1776672000037,1.25e-05
1776675600008,1.25e-05
1776679200053,1.11135e-05
1776682800014,1.25e-05
1776686400091,-2.5045e-05
1776690000051,-9.5793e-06
1776693600033,-9.93e-07
1776697200041,-2.9875e-06
1776700800028,8.179e-07
1776704400049,-4.736e-07
1776708000019,2.821e-07
1776711600037,-1.26878e-05
1776715200063,-2.10756e-05
1776718800038,-1.89203e-05
1776722400039,-2.00092e-05
1776726000053,-1.73238e-05
1776729600087,-1.3996e-05
1776733200043,-4.7592e-06
1776736800023,-3.363e-06
1776740400030,-3.6401e-06
1776744000018,-5.6722e-06
1776747600065,5.99e-08
1776751200010,5.3062e-06
1776754800053,1.17121e-05
1776758400036,1.25e-05
1776762000005,1.25e-05
1776765600001,1.25e-05
1776769200065,5.6656e-06
1776772800036,1.10243e-05
1776776400063,2.7738e-06
1776780000044,1.08531e-05
1776783600019,1.25e-05
1776787200048,1.25e-05
1776790800003,1.25e-05
1776794400065,1.21413e-05
1776798000039,8.5885e-06
1776801600004,1.06046e-05
1776805200015,1.25e-05
1776808800008,6.055e-06
1776812400011,1.2243e-05
1776816000061,1.22112e-05
1776819600004,1.25e-05
1776823200042,1.05151e-05
1776826800005,1.08115e-05
1776830400056,1.11805e-05
1776834000030,8.965e-06
1776837600005,1.25e-05
1776841200018,1.25e-05
1776844800009,1.18935e-05
1776848400041,8.8219e-06
1776852000008,9.222e-06
1776855600019,6.526e-06
1776859200041,1.25e-05
1776862800003,9.4844e-06
1776866400043,1.17987e-05
1776870000021,6.5796e-06
1776873600051,5.3898e-06
1776877200012,2.9674e-06
1776880800036,2.6009e-06
1776884400031,4.4316e-06
1776888000051,6.324e-07
1776891600023,3.9444e-06
1776895200042,4.4249e-06
1776898800056,3.8102e-06
1776902400028,-1.119e-07
1776906000056,9.1882e-06
1776909600016,6.4558e-06
1776913200013,2.8189e-06
1776916800053,1.2569e-06
1776920400046,1.1353e-06
1776924000079,-1.167e-07
1776927600059,7.4868e-06
1776931200019,1.6658e-06
1776934800060,-1.713e-06
1776938400021,-1.7598e-06
1776942000053,-5.3286e-06
1776945600024,-6.6434e-06
1776949200060,-7.7926e-06
1776952800015,1.6804e-06
1776956400020,5.9677e-06
1776960000048,3.8569e-06
1776963600075,3.7732e-06
1776967200016,3.8274e-06
1776970800075,4.3178e-06
1776974400003,2.4776e-06
1776978000042,3.9147e-06
1776981600005,8.674e-06
1776985200065,1.08128e-05
1776988800064,1.25e-05
1776992400021,8.1149e-06
1776996000064,7.0064e-06
1776999600062,1.03362e-05
1777003200018,9.5008e-06
1777006800065,4.2037e-06
1777010400000,7.745e-06
1777014000039,8.437e-06
1777017600008,8.956e-06
1777021200041,1.13311e-05
1777024800038,1.0999e-05
1777028400039,7.9812e-06
1777032000002,1.25e-05
1777035600047,6.3611e-06
1777039200063,1.25e-05
1777042800001,-4.012e-06
1777046400049,2.0769e-06
1777050000011,5.5786e-06
1777053600037,5.2526e-06
1777057200020,5.4772e-06
1777060800007,5.6655e-06
1777064400058,3.756e-07
1777068000042,1.9533e-06
1777071600055,5.2637e-06
1777075200024,5.6489e-06
1777078800002,4.2348e-06
1777082400044,8.1792e-06
1777086000063,2.4443e-06
1777089600000,1.9097e-06
1777093200035,5.9152e-06
1777096800023,1.6875e-06
1777100400048,1.9882e-06
1777104000044,-1.04573e-05
1777107600060,-7.176e-07
1777111200052,-1.9372e-06
1777114800064,2.0777e-06
1777118400039,2.2944e-06
1777122000031,-3.3089e-06
1777125600050,-3.4703e-06
1777129200037,-3.654e-07
1777132800080,1.8265e-06
1777136400047,5.97e-08
1777140000031,-2.1501e-06
1777143600078,-5.69e-07
1777147200064,-1.6364e-06
1777150800007,-2.349e-07
1777154400003,-2.8786e-06
1777158000060,-8.975e-07
1777161600025,1.0384e-06
1777165200030,-3.3454e-06
1777168800007,-1.4295e-06
1777172400050,2.843e-07
1777176000032,-2.0758e-06
1777179600041,-3.7298e-06
1777183200030,-7.1243e-06
1777186800026,-8.3505e-06
1777190400058,7.426e-07
1777194000062,2.6049e-06
1777197600065,-6.053e-07
1777201200018,8.359e-07
1777204800009,-8.209e-07
1777208400066,1.413e-06
1777212000016,-3.1654e-06
1777215600039,3.4808e-06
1777219200066,-3.871e-07
1777222800052,3.1325e-06
1777226400024,1.2787e-06
1777230000056,-1.5729e-06
1777233600017,-3.7689e-06
1777237200054,-1.6808e-06
1777240800047,-4.608e-06
1777244400060,-3.6881e-06
1777248000023,1.0363e-06
1777251600035,2.7558e-06
1777255200052,9.6713e-06
1777258800072,1.22448e-05
1777262400041,1.25e-05
1777266000055,1.25e-05
1777269600007,4.7152e-06
1777273200017,3.545e-06
1777276800012,5.9476e-06
1777280400041,5.4043e-06
1777284000013,2.1246e-06
1777287600115,-1.1868e-06
1777291200058,-2.3521e-06
1777294800020,-3.4102e-06
1777298400028,-3.4301e-06
1777302000022,-2.835e-07
1777305600036,2.9223e-06
1777309200033,1.1908e-06
1777312800033,-2.1022e-06
1777316400021,-3.2894e-06
1777320000008,-1.2887e-06
1777323600011,-2.691e-07
1777327200064,-2.052e-07
1777330800012,3.7979e-06
1777334400035,2.5395e-06
1777338000003,1.5631e-06
1777341600051,-9.31e-07
1777345200044,1.2034e-06
1777348800007,-9.8337e-06
1777352400034,-1.19595e-05
1777356000029,-7.366e-06
1777359600063,-7.0213e-06
1777363200019,-6.1887e-06
1777366800032,-2.3387e-06
1777370400023,-2.0946e-06
1777374000007,2.0579e-06
1777377600016,-7.183e-07
1777381200077,2.2709e-06
1777384800058,4.867e-07
1777388400063,-4.0996e-06
1777392000007,-2.2344e-06
1777395600070,-2.6235e-06
1777399200055,-5.4477e-06
1777402800060,4.565e-07
1777406400031,7.9524e-06
1777410000052,-3.5703e-06
1777413600027,-3.3856e-06
1777417200042,-4.0384e-06
1777420800003,-7.153e-07
1777424400025,2.0525e-06
1777428000000,-6.174e-07
1777431600009,2.6965e-06
1777435200032,4.7831e-06
1777438800046,4.6465e-06
1777442400001,-4.5523e-06
1777446000063,-3.9592e-06
1777449600030,-3.4234e-06
1777453200042,-5.0907e-06
1777456800016,-4.677e-07
1777460400024,-2.225e-06
1777464000054,-1.2436e-06
1777467600053,-1.4671e-06
1777471200029,-2.6518e-06
1777474800047,-7.2099e-06
1777478400067,-2.6705e-06
1777482000001,-3.2971e-06
1777485600043,-8.7184e-06
1777489200048,-1.647e-06
1777492800001,-6.8072e-06
1777496400052,-3.8863e-06
1777500000002,-3.3501e-06
1777503600061,-8.4815e-06
1777507200020,-7.6939e-06
1777510800019,-5.4207e-06
1777514400044,-8.9636e-06
1777518000073,-1.10118e-05
1777521600059,-9.2211e-06
1777525200030,-7.9866e-06
1777528800060,-5.0157e-06
1777532400057,-1.06562e-05
1777536000072,-1.19145e-05
1777539600041,-2.5154e-06
1777543200040,-2.6631e-06
1777546800009,-7.73e-07
1777550400065,2.0429e-06
1777554000045,6.45e-08
1777557600004,-8.0056e-06
1777561200033,-7.5082e-06
1777564800003,-4.6822e-06
1777568400029,-3.2769e-06
1777572000025,-5.5263e-06
1777575600030,-3.8564e-06
1777579200048,-1.5675e-06
1777582800009,-7.9828e-06
1777586400010,-7.1355e-06
1777590000005,-6.6464e-06
1777593600045,-6.5466e-06
1777597200040,-4.237e-06
1777600800073,-8.243e-06
1777604400003,-8.8738e-06
1777608000097,-4.135e-06
1777611600029,-1.5866e-06
1777615200052,-1.3748e-06
1777618800028,-2.1128e-06
1777622400049,-2.7772e-06
1777626000046,3.047e-07
1777629600063,-2.7768e-06
1777633200046,-1.7251e-06
1777636800012,-6.871e-07
1777640400028,3.532e-06
1777644000051,-3.8173e-06
1777647600002,-5.7495e-06
1777651200055,-2.0889e-06
1777654800055,-6.5769e-06
1777658400043,-1.38071e-05
1777662000031,-7.7993e-06
1777665600011,-7.1008e-06
1777669200059,-1.03256e-05
1777672800054,-7.2739e-06
1777676400002,-1.31262e-05
1777680000010,-1.26031e-05
1777683600070,-9.8398e-06
1777687200056,-1.42214e-05
1777690800038,-1.01361e-05
1777694400019,-1.23411e-05
1777698000004,-4.6555e-06
1777701600040,-5.9384e-06
1777705200044,-7.6856e-06
1777708800031,5.2127e-06
1777712400002,-2.802e-07
1777716000010,1.6791e-06
1777719600041,-2.5227e-06
1777723200048,-3.3468e-06
1777726800017,-1.8186e-06
1777730400025,1.6573e-06
1777734000021,4.214e-07
1777737600033,4.2198e-06
1777741200048,1.5202e-06
1777744800025,-3.45e-08
1777748400038,1.9684e-06
1777752000064,2.2939e-06
1777755600020,2.3624e-06
1777759200000,-5.935e-07
1777762800067,-1.256e-06
1777766400049,-8.2122e-06
1777770000025,-4.8784e-06
1777773600016,-4.0708e-06
1777777200053,-1.14663e-05
1777780800034,-1.33558e-05
1777784400010,-1.29154e-05
1777788000024,-1.06563e-05
1777791600004,-9.67e-06
1777795200037,-1.17677e-05
1777798800018,-3.5211e-06
1777802400038,-2.08e-06
1777806000052,-1.0273e-06
1777809600047,5.5391e-06
1777813200005,-1.5474e-06
1777816800027,-4.6389e-06
1777820400059,-3.1565e-06
1777824000054,-3.58e-08
1777827600044,2.818e-07
1777831200060,-2.5418e-06
1777834800014,-5.8411e-06
1777838400040,-5.4834e-06
1777842000037,-7.729e-07
1777845600024,2.7386e-06
1777849200039,1.20482e-05
1777852800030,3.6878e-06
1777856400063,3.6419e-06
1777860000059,1.4618e-06
1777863600012,3.3443e-06
1777867200014,1.25e-05
1777870800025,1.06763e-05
1777874400035,3.164e-07
1777878000001,4.9013e-06
1777881600065,1.0444e-06
1777885200015,1.9227e-06
1777888800011,7.206e-06
1777892400065,-1.22234e-05
1777896000066,-1.21772e-05
1777899600032,-7.7962e-06
1777903200079,-9.3372e-06
1777906800062,-4.4093e-06
1777910400030,-9.2768e-06
1777914000041,-1.24972e-05
1777917600053,-7.1241e-06
1777921200037,4.1539e-06
1777924800060,-5.701e-07
1777928400052,-3.581e-06
1777932000075,-2.9221e-06
1777935600055,1.768e-07
1777939200021,-1.7515e-06
1777942800040,4.2668e-06
1777946400044,2.0791e-06
1777950000039,-1.0085e-06
1777953600016,4.9824e-06
1777957200057,3.1548e-06
1777960800006,5.1674e-06
1777964400052,2.7699e-06
1777968000055,8.2812e-06
1777971600016,1.25e-05
1777975200002,1.25e-05
1777978800054,1.25e-05
1777982400025,1.25e-05
1777986000065,1.25e-05
1777989600022,1.25e-05
1777993200017,4.6001e-06
1777996800028,6.8145e-06
1778000400003,5.0746e-06
1778004000061,3.378e-06
1778007600036,5.3991e-06
1778011200001,3.0438e-06
1778014800044,8.1162e-06
1778018400066,1.25e-05
1778022000056,1.25e-05
1778025600026,1.25e-05
1778029200002,5.3439e-06
1778032800010,-2.561e-07
1778036400061,7.252e-07
1778040000067,3.2518e-06
1778043600011,2.1386e-06
1778047200051,9.0599e-06
1778050800046,1.25e-05
1778054400014,1.25e-05
1778058000029,1.25e-05
1778061600058,1.25e-05
1778065200012,1.6571e-06
1778068800046,1.25e-05
1778072400027,1.18827e-05
1778076000062,-1.9746e-06
1778079600012,-6.6753e-06
1778083200063,-4.0913e-06
1778086800019,-3.4138e-06
1778090400065,-1.31852e-05
1778094000068,-7.1047e-06
1778097600077,-1.06623e-05
1778101200026,-1.35186e-05
1778104800045,-1.17337e-05
1778108400000,-1.4108e-05
1778112000059,-1.65116e-05
1778115600065,-1.26416e-05
1778119200043,-9.7013e-06
1778122800030,-8.076e-06
1778126400026,-1.13104e-05
1778130000051,-1.18778e-05
1778133600013,-1.09381e-05
1778137200061,-6.4175e-06
1778140800060,-1.04163e-05
1778144400013,-7.2362e-06
1778148000020,-1.58621e-05
1778151600037,-7.5186e-06
1778155200009,3.0408e-06
1778158800041,-4.5855e-06
1778162400079,-8.0626e-06
1778166000021,-7.6458e-06
1778169600044,4.6574e-06
1778173200070,5.841e-07
1778176800001,5.2098e-06
1778180400025,7.3056e-06
1778184000029,3.5455e-06
1778187600026,1.4981e-06
1778191200025,2.1185e-06
1778194800057,3.656e-06
1778198400069,1.0404e-06
1778202000002,4.0728e-06
1778205600026,-2.9793e-06
1778209200048,1.5167e-06
1778212800023,3.0696e-06
1778216400023,6.5089e-06
1778220000012,4.9908e-06
1778223600012,1.9605e-06
1778227200002,5.7625e-06
1778230800038,-5.8101e-06
1778234400074,3.8916e-06
1778238000003,2.5031e-06
1778241600055,2.224e-06
1778245200029,2.2745e-06
1778248800050,7.4881e-06
1778252400064,2.3055e-06
1778256000018,1.8612e-06
1778259600053,5.873e-07
1778263200064,1.19085e-05
1778266800038,2.7921e-06
1778270400043,5.931e-06
1778274000041,1.25e-05
1778277600054,1.25e-05
1778281200009,1.25e-05
1778284800000,1.25e-05
1778288400009,1.25e-05
1778292000018,1.25e-05
1778295600006,1.25e-05
1778299200003,1.25e-05
1778302800047,1.25e-05
1778306400038,1.25e-05
1778310000036,1.25e-05
1778313600024,1.25e-05
1778317200062,1.25e-05
1778320800026,1.25e-05
1778324400050,1.25e-05
1778328000059,1.25e-05
1778331600000,1.25e-05
1778335200040,1.25e-05
1778338800053,1.25e-05
1778342400017,1.25e-05
1778346000001,8.2998e-06
1778349600017,1.2138e-05
1778353200018,9.7992e-06
1778356800068,7.2131e-06
1778360400051,1.25e-05
1778364000008,1.25e-05
1778367600025,1.25e-05
1778371200032,1.25e-05
1778374800048,1.21161e-05
1778378400005,1.00067e-05
1778382000065,1.25e-05
1778385600039,9.3326e-06
1778389200002,1.0332e-05
1778392800045,1.17246e-05
1778396400044,1.11404e-05
1778400000015,1.25e-05
1778403600013,1.25e-05
1778407200065,1.25e-05
1778410800000,1.25e-05
1778414400050,1.25e-05
1778418000020,1.25e-05
1778421600012,1.25e-05
1778425200019,1.25e-05
1778428800019,1.25e-05
1778432400006,1.25e-05
1778436000007,1.25e-05
1778439600038,1.25e-05
1778443200068,1.25e-05
1778446800002,1.25e-05
1778450400042,1.25e-05
1778454000083,1.25e-05
1778457600028,1.25e-05
1778461200001,1.25e-05
1778464800074,1.25e-05
1778468400051,1.25e-05
1778472000063,1.25e-05
1778475600064,1.25e-05
1778479200017,1.25e-05
1778482800034,1.25e-05
1778486400079,1.25e-05
1778490000051,1.25e-05
1778493600007,1.25e-05
1778497200059,1.25e-05
1778500800038,1.25e-05
1778504400052,1.25e-05
1778508000014,1.25e-05
1778511600033,1.25e-05
1778515200025,1.25e-05
1778518800005,1.25e-05
1778522400015,1.25e-05
1778526000033,1.25e-05
1778529600044,1.25e-05
1778533200034,1.25e-05
1778536800039,1.25e-05
1778540400005,1.25e-05
1778544000040,1.25e-05
1778547600019,1.25e-05
1778551200065,1.25e-05
1778554800018,1.25e-05
1778558400027,1.25e-05
1778562000020,1.25e-05
1778565600058,1.25e-05
1778569200008,1.25e-05
1778572800010,1.25e-05
1778576400005,1.25e-05
1778580000036,1.25e-05
1778583600001,1.25e-05
1778587200020,1.11386e-05
1778590800033,1.23736e-05
1778594400005,1.25e-05
1778598000008,-6.3593e-06
1778601600023,-1.61558e-05
1778605200037,-1.7516e-06
1778608800037,6.1943e-06
1778612400061,3.9096e-06
1778616000021,1.3919e-06
1778619600063,-3.7438e-06
1778623200054,1.3646e-06
1778626800054,1.7426e-06
1778630400016,-3.4266e-06
1778634000036,5.625e-06
1778637600050,5.0567e-06
1778641200058,1.02112e-05
1778644800066,1.25e-05
1778648400005,1.2273e-05
1778652000016,1.25e-05
1778655600003,1.25e-05
1778659200046,1.25e-05
1778662800025,1.25e-05
1778666400006,1.03075e-05
1778670000013,1.25e-05
1778673600048,7.809e-06
1778677200052,4.655e-06
1778680800024,2.4564e-06
1778684400005,-3.6012e-06
1778688000041,-1.1831e-05
1778691600031,-4.2513e-06
1778695200014,-6.3356e-06
1778698800037,-6.1538e-06
1778702400043,-2.4023e-06
1778706000045,3.7742e-06
1778709600004,-4.3024e-06
1778713200051,3.068e-07
1778716800062,4.4122e-06
1778720400013,4.2724e-06
1778724000012,3.7211e-06
1778727600011,1.0646e-06
1778731200047,1.0715e-06
1778734800013,-1.0671e-05
1778738400014,2.103e-07
1778742000043,4.1409e-06
1778745600035,1.0319e-06
1778749200066,6.5585e-06
1778752800000,5.2407e-06
1778756400034,1.3633e-06
1778760000001,8.9375e-06
1778763600032,7.8616e-06
1778767200002,6.5492e-06
1778770800003,8.8286e-06
1778774400047,1.02434e-05
1778778000043,1.25e-05
1778781600066,1.25e-05
1778785200050,1.25e-05
1778788800004,1.25e-05
1778792400042,1.25e-05
1778796000026,1.25e-05
1778799600062,1.25e-05
1778803200071,9.5053e-06
1778806800009,1.25e-05
1778810400030,1.0484e-05
1778814000043,3.0569e-06
1778817600003,1.00715e-05
1778821200001,3.1026e-06
1778824800044,-4.9829e-06
1778828400034,4.3802e-06
1778832000064,4.858e-06
1778835600005,4.5378e-06
1778839200060,4.0916e-06
1778842800038,5.0218e-06
1778846400064,3.2771e-06
1778850000023,-1.543e-07
1778853600006,-1.11435e-05
1778857200044,-5.288e-06
1778860800007,2.6746e-06
1778864400060,4.0192e-06
1778868000019,-3.786e-07
1778871600018,-2.7634e-06
1778875200015,-7.069e-06
1778878800028,-5.1728e-06
1778882400049,-2.1196e-06
1778886000060,-1.26184e-05
1778889600027,-1.06194e-05
1778893200021,-5.1304e-06
1778896800038,-9.9659e-06
1778900400011,-8.9688e-06
1778904000008,-7.3518e-06
1778907600023,-1.67081e-05
1778911200064,-1.20461e-05
1778914800006,-2.08823e-05
1778918400011,-2.13013e-05
1778922000078,-1.8661e-05
1778925600062,-2.2727e-05
1778929200002,-2.11258e-05
1778932800005,-1.0443e-05
1778936400061,-1.52793e-05
1778940000057,-1.0289e-05
1778943600025,-4.5317e-06
1778947200094,-3.1308e-06
1778950800048,-4.8343e-06
1778954400018,-4.9979e-06
1778958000075,-6.149e-06
1778961600048,-1.6531e-06
1778965200049,-4.3441e-06
1778968800029,-8.1297e-06
1778972400023,-6.9112e-06
1778976000019,-4.8024e-06
1778979600017,-1.09726e-05
1778983200062,-9.0697e-06
1778986800038,-7.3024e-06
1778990400049,-6.5674e-06
1778994000018,-5.4607e-06
1778997600056,-2.8441e-06
1779001200051,-3.3432e-06
1779004800048,3.419e-07
1779008400010,3.5665e-06
1779012000039,1.8022e-06
1779015600016,3.9452e-06
1779019200014,4.4255e-06
1779022800031,7.0435e-06
1779026400058,4.951e-07
1779030000036,-1.694e-06
1779033600030,5.1349e-06
1779037200025,2.2765e-06
1779040800010,-7.022e-07
1779044400032,-3.2386e-06
1779048000020,5.3431e-06
1779051600040,3.6073e-06
1779055200040,6.5518e-06
1779058800035,7.9845e-06
1779062400029,-3.3948e-06
1779066000063,-1.11232e-05
1779069600013,-7.7719e-06
1779073200036,-7.3026e-06
1779076800064,-7.6444e-06
1779080400001,-3.2811e-06
1779084000055,-1.2641e-06
1779087600056,-1.36422e-05
1779091200006,-1.42656e-05
1779094800014,-1.41876e-05
1779098400046,-7.1437e-06
1779102000036,-9.3488e-06
1779105600049,-6.8834e-06
1779109200017,-8.8233e-06
1779112800012,-1.8188e-05
1779116400010,-1.99731e-05
1779120000018,-1.11505e-05
1779123600058,-1.15426e-05
1779127200004,-9.1615e-06
1779130800025,-1.49095e-05
1779134400028,-5.7095e-06
1779138000056,-3.8218e-06
1779141600030,2.3236e-06
1779145200051,-6.673e-07
1779148800076,-1.14907e-05
1779152400068,2.075e-07
1779156000015,2.8033e-06
1779159600011,-1.1169e-06
1779163200005,-8.8e-09
1779166800006,-7.891e-07
1779170400005,-1.872e-07
1779174000011,-5.5592e-06
1779177600002,2.5475e-06
1779181200038,-2.959e-06
1779184800119,-3.9862e-06
1779188400046,-4.863e-06
1779192000006,-2.2387e-06
1779195600004,-7.5051e-06
1779199200046,-1.959e-07
1779202800024,-5.5086e-06
1779206400021,-4.5138e-06
1779210000012,4.8712e-06
1779213600033,1.13546e-05
1779217200016,9.3288e-06
1779220800064,8.9059e-06
1779224400051,1.25e-05
1779228000037,1.25e-05
1779231600001,7.4291e-06
1779235200009,1.0548e-05
1779238800030,9.2375e-06
1779242400030,1.25e-05
1779246000073,1.25e-05
1779249600039,1.25e-05
1779253200020,4.6723e-06
1779256800034,1.08117e-05
1779260400054,1.25e-05
1779264000081,1.4177e-06
1779267600011,1.805e-07
1779271200027,3.0769e-06
1779274800044,6.3083e-06
1779278400039,3.2794e-06
1779282000022,1.00622e-05
1779285600022,1.8535e-06
1779289200052,3.6344e-06
1779292800041,1.25e-05
1779296400014,-7.22e-08
1779300000030,2.6609e-06
1779303600047,-9.86e-08
1779307200014,2.4475e-06
1779310800054,2.6423e-06
1779314400084,1.7453e-06
1779318000041,-6.841e-07
1779321600086,2.501e-07
1779325200000,5.4974e-06
1779328800020,9.0438e-06
1779332400062,5.491e-06
1779336000053,7.2902e-06
1779339600042,1.04498e-05
1779343200049,2.9369e-06
1779346800047,7.3191e-06
1779350400055,1.19008e-05
1779354000023,8.4143e-06
1779357600064,9.9995e-06
1779361200033,6.3394e-06
1779364800034,4.7551e-06
1779368400045,4.446e-07
1779372000050,5.721e-07
1779375600017,-5.585e-07
1779379200025,-5.629e-07
1779382800000,-1.0045e-06
1779386400024,3.3126e-06
1779390000021,1.035e-06
1779393600036,-7.235e-07
1779397200011,7.8306e-06
1779400800008,1.6544e-06
1779404400065,3.239e-06
1779408000060,7.4959e-06
1779411600003,3.4525e-06
1779415200021,5.115e-06
1779418800022,6.2336e-06
1779422400017,3.3687e-06
1779426000023,7.5603e-06
1779429600051,2.9908e-06
1779433200006,-4.0434e-06
1779436800011,-4.308e-06
1779440400045,-1.29435e-05
1779444000026,-1.35472e-05
1779447600051,-1.04337e-05
1779451200027,-5.5788e-06
1779454800050,-6.5371e-06
1779458400017,-4.3729e-06
1779462000066,-1.02754e-05
1779465600062,-5.8608e-06
1779469200029,-2.5856e-06
1779472800016,-7.2171e-06
1779476400007,-1.48919e-05
1779480000011,-1.05754e-05
1779483600002,-1.06485e-05
1779487200000,-5.5094e-06
1779490800031,-8.4434e-06
1779494400006,-9.4621e-06
1779498000002,-1.22466e-05
1779501600041,-1.3506e-06
1779505200019,-6.7848e-06
1779508800053,-4.2447e-06
1779512400048,-7.4126e-06
1779516000036,-4.1166e-06
1779519600066,-8.9187e-06
1779523200034,-2.12607e-05
1779526800067,-1.84417e-05
1779530400023,-1.72795e-05
1779534000030,-1.89883e-05
1779537600039,-2.10958e-05
1779541200035,-1.38839e-05
1779544800062,-1.13303e-05
1779548400004,-4.1292e-06
1779552000017,-9.4608e-06
1779555600014,-3.703e-06
1779559200068,-9.2901e-06
1779562800020,5.1266e-06
1779566400058,4.726e-06
1779570000077,9.3619e-06
1779573600025,4.2543e-06
1779577200064,1.3783e-06
1779580800038,-5.7489e-06
1779584400045,-1.5585e-06
1779588000010,-1.4945e-06
1779591600005,-9.578e-07
1779595200011,6.2068e-06
1779598800055,7.0829e-06
1779602400049,3.3969e-06
1779606000038,8.3381e-06
1779609600034,7.3778e-06
1779613200048,7.9695e-06
1779616800040,1.09903e-05
1779620400057,5.2435e-06
1779624000043,4.105e-07
1779627600052,1.2457e-06
1779631200052,7.156e-07
1779634800032,7.2802e-06
1779638400024,3.0156e-06
1779642000003,6.3657e-06
1779645600030,6.4882e-06
1779649200041,6.06e-06
1779652800000,3.3471e-06
1779656400064,1.3744e-06
1779660000015,-5.2261e-06
1779663600033,7.957e-07
1779667200025,1.0535e-06
1779670800064,3.841e-07
1779674400016,6.843e-07
1779678000050,-3.3425e-06
1779681600031,-1.01578e-05
1779685200047,-2.331e-06
1779688800042,2.7687e-06
1779692400052,3.2556e-06
1779696000016,8.739e-06
1779699600028,1.25e-05
1779703200021,1.25e-05
1779706800006,1.25e-05
1779710400041,1.25e-05
1779714000008,1.25e-05
1779717600059,1.25e-05
1779721200007,1.25e-05
1779724800039,1.25e-05
1779728400058,1.25e-05
1779732000047,1.25e-05
1779735600032,1.25e-05
1779739200052,1.25e-05
1779742800018,1.02561e-05
1779746400006,1.00005e-05
1779750000026,5.0783e-06
1779753600040,1.07458e-05
1779757200062,1.25e-05
1779760800054,1.25e-05
1779764400003,1.25e-05
1779768000070,1.25e-05
1779771600065,1.25e-05
1779775200000,1.25e-05
1779778800049,8.261e-06
1779782400058,5.27e-08
1779786000057,-2.1696e-06
1779789600044,-8.012e-07
1779793200020,1.25e-05
1779796800014,-9.624e-06
1779800400069,-6.611e-06
1779804000051,-1.07173e-05
1779807600029,-4.7853e-06
1779811200057,-8.6372e-06
1779814800064,-1.02426e-05
1779818400049,-1.3057e-05
1779822000056,-1.12508e-05
1779825600058,-2.67086e-05
1779829200049,-1.00526e-05
1779832800001,-1.08032e-05
1779836400051,-1.61773e-05
1779840000065,-1.34042e-05
1779843600008,-3.268e-07
1779847200053,-1.09168e-05
1779850800017,-2.04097e-05
1779854400028,-1.57746e-05
1779858000014,-7.715e-07
1779861600071,1.10355e-05
1779865200045,1.4755e-06
1779868800033,1.1502e-06
1779872400026,7.743e-07
1779876000049,9.424e-07
1779879600070,4.2793e-06
1779883200022,4.6645e-06
1779886800017,-1.8336e-06
1779890400009,-6.6987e-06
1779894000023,-2.191e-06
1779897600056,6.0451e-06
1779901200002,3.6261e-06
1779904800010,2.8204e-06
1779908400031,-4.3573e-06
1779912000047,-2.2826e-06
1779915600032,7.2324e-06
1779919200045,8.4903e-06
1779922800042,4.2847e-06
1779926400013,-3.9052e-06
1779930000013,-6.5015e-06
1779933600044,-4.8102e-06
1779937200040,-5.7895e-06
1779940800023,-2.98571e-05
1779944400005,-2.27024e-05
1779948000060,-1.38786e-05
1779951600067,-9.3481e-06
1779955200036,-2.52693e-05
1779958800022,-3.28116e-05
1779962400054,-2.74293e-05
1779966000027,-2.45866e-05
1779969600003,-1.85812e-05
1779973200059,-1.69194e-05
1779976800011,-7.7321e-06
1779980400054,-4.6609e-06
1779984000085,-7.0989e-06
1779987600054,-2.5727e-06
1779991200081,-1.78582e-05
1779994800045,-1.4069e-06
1779998400024,-1.40074e-05
1780002000054,-1.06134e-05
1780005600057,-4.602e-06
1780009200062,1.0506e-06
1780012800066,1.25e-05
1780016400046,1.25e-05
1780020000003,1.25e-05
1780023600035,9.293e-06
1780027200041,1.07208e-05
1780030800056,8.5223e-06
1780034400048,7.0424e-06
1780038000013,4.791e-06
1780041600008,4.8206e-06
1780045200061,1.25e-05
1780048800035,1.25e-05
1780052400034,1.25e-05
1780056000030,1.25e-05
1780059600037,1.14056e-05
1780063200045,1.01629e-05
1780066800047,-1.8932e-05
1780070400042,-1.73458e-05
1780074000070,-1.61967e-05
1780077600058,-8.5616e-06
1780081200015,-9.38e-06
1780084800023,-1.14634e-05
1780088400009,-9.773e-06
1780092000051,-2.35136e-05
1780095600004,-2.88079e-05
1780099200028,-2.65668e-05
1780102800060,-1.48206e-05
1780106400046,-6.354e-07
1780110000016,7.1004e-06
1780113600011,1.0756e-06
1780117200025,-1.47767e-05
1780120800060,-4.4609e-06
1780124400054,-7.6351e-06
1780128000009,-1.45305e-05
1780131600066,-1.27658e-05
1780135200023,-1.29232e-05
1780138800024,-1.00351e-05
1780142400050,-1.5491e-05
1780146000053,-1.27249e-05
1780149600049,-6.3824e-06
1780153200029,1.25e-05
1780156800037,6.8923e-06
1780160400070,1.03548e-05
1780164000038,3.725e-06
1780167600053,1.5629e-06
1780171200009,-1.45698e-05
1780174800027,-5.8915e-06
1780178400060,-1.517e-06
1780182000030,-1.2909e-05
1780185600055,-1.05349e-05
1780189200031,-1.19801e-05
1780192800062,-1.03021e-05
1780196400003,-1.13146e-05
1780200000040,8.5217e-06
1780203600014,1.25e-05
1780207200012,1.25e-05
1780210800007,1.8867e-06
1780214400066,-4.1723e-06
1780218000025,9.927e-07
1780221600045,1.5622e-06
1780225200064,3.2514e-06
1780228800048,1.25e-05
1780232400065,1.25e-05
1780236000044,1.11862e-05
1780239600067,1.2012e-06
1780243200042,1.2649e-06
1780246800009,-5.5505e-06
1780250400037,-6.0406e-06
1780254000023,2.8834e-06
1780257600049,-4.652e-06
1780261200008,3.2196e-06
1780264800006,1.7408e-06
1780268400059,-1.4934e-06
1780272000050,-7.61e-08
1780275600010,6.9531e-06
1780279200046,6.2858e-06
1780282800011,2.11e-06
1780286400002,4.8848e-06
1780290000044,-2.5013e-06
1780293600037,-3.147e-07
1780297200013,1.197e-06
1780300800010,8.3122e-06
1780304400047,5.11e-06
1780308000040,1.145e-06
1780311600055,1.25e-05
1780315200049,1.2319e-05
1780318800049,9.6747e-06
1780322400037,4.8541e-06
1780326000039,-1.1894e-05
1780329600001,-1.36284e-05
1780333200058,-2.08255e-05
1780336800025,-1.9818e-06
1780340400027,-1.674e-07
1780344000058,-1.38e-06
1780347600055,8.381e-07
1780351200044,-1.8313e-06
1780354800015,2.954e-06
1780358400016,1.25e-05
1780362000049,1.25e-05
1780365600054,1.213e-06
1780369200062,-1.3784e-06
1780372800063,-2.1315e-06
1780376400058,-2.252e-06
1780380000028,-1.1849e-05
1780383600028,-1.11712e-05
1780387200005,-1.78785e-05
1780390800004,-1.45019e-05
1780394400060,-1.08968e-05
1780398000048,-5.458e-06
1780401600006,-1.06834e-05
1780405200077,1.0095e-06
1780408800037,6.6197e-06
1780412400036,-1.71067e-05
1780416000038,-6.5265e-06
1780419600008,-4.5481e-06
1780423200014,-4.8767e-06
1780426800026,-4.5064e-06
1780430400012,-1.13643e-05
1780434000028,-1.19592e-05
1780437600035,-1.41871e-05
1780441200004,-1.42635e-05
1780444800019,-2.11879e-05
1780448400036,-2.01943e-05
1780452000062,-2.15065e-05
1780455600014,-1.74982e-05
1780459200013,-2.08001e-05
1780462800067,-1.03664e-05
1780466400063,1.1242e-06
1780470000027,-4.0818e-06
1780473600040,1.4409e-06
1780477200040,-8.062e-07
1780480800062,-5.18e-06
1780484400013,-5.491e-07
1780488000046,1.3559e-06
1780491600050,3.3704e-06
1780495200007,2.3591e-06
1780498800049,-1.673e-07
1780502400028,-1.836e-07
1780506000013,-5.4637e-06
1780509600020,-2.41091e-05
1780513200000,-3.69831e-05
1780516800019,-3.27973e-05
1780520400009,-2.90143e-05
1780524000056,-2.35056e-05
1780527600002,-2.61153e-05
1780531200032,-1.63629e-05
1780534800002,-1.8053e-06
1780538400047,-1.67804e-05
1780542000080,-1.69694e-05
1780545600010,-1.369e-07
1780549200076,7.1645e-06
1780552800007,1.25e-05
1780556400059,1.25e-05
1780560000004,-1.11734e-05
1780563600027,-5.1629e-06
1780567200015,-1.19041e-05
1780570800025,-1.49039e-05
1780574400078,-1.41049e-05
1780578000006,-1.41927e-05
1780581600014,-1.62877e-05
1780585200006,-6.2421e-06
1780588800043,-1.27688e-05
1780592400015,-1.8185e-05
1780596000073,-1.58729e-05
1780599600000,-6.9265e-06
1780603200031,-1.47433e-05
1780606800063,-6.3921e-06
1780610400059,1.1816e-06
1780614000046,-1.60861e-05
1780617600043,-1.79481e-05
1780621200052,-1.61774e-05
1780624800003,-1.78413e-05
1780628400006,-2.16763e-05
1780632000016,-2.48294e-05
1780635600021,-1.77606e-05
1780639200019,-1.25189e-05
1780642800021,7.2052e-06
1780646400042,7.7044e-06
1780650000016,-6.7615e-06
1780653600050,5.9517e-06
1780657200006,8.8322e-06
1780660800000,1.818e-07
1780664400043,7.4296e-06
1780668000000,-5.079e-07
1780671600009,1.8893e-06
1780675200015,-1.32702e-05
1780678800002,-1.26781e-05
1780682400016,-5.039e-06
1780686000012,-1.28069e-05
1780689600028,5.5941e-06
1780693200020,1.25e-05
1780696800051,1.25e-05
1780700400054,8.8172e-06
1780704000050,1.378e-07
1780707600030,1.757e-06
1780711200008,-7.1741e-06
1780714800034,1.3475e-06
1780718400023,-7.961e-06
1780722000060,-4.8081e-06
1780725600032,7.1505e-06
1780729200001,4.8607e-06
1780732800036,7.3176e-06
1780736400036,8.34e-06
1780740000063,1.1234e-05
1780743600048,4.98e-07
1780747200046,3.1229e-06
1780750800048,3.3947e-06
1780754400030,4.1701e-06
1780758000011,6.4804e-06
1780761600033,2.8956e-06
1780765200057,-4.1587e-06
1780768800049,-8.3085e-06
1780772400038,-1.18363e-05
1780776000003,-1.08437e-05
1780779600065,-1.27106e-05
1780783200025,-1.24504e-05
1780786800050,-1.17872e-05
1780790400085,-1.07769e-05
1780794000004,-1.10138e-05
1780797600006,-3.3554e-06
1780801200040,4.4872e-06
1780804800034,1.8973e-06
1780808400000,4.3638e-06
1780812000055,9.9897e-06
1780815600034,1.25e-05
1780819200059,4.8403e-06
1780822800063,-3.71e-06
1780826400024,-1.29254e-05
1780830000042,-1.14617e-05
1780833600010,-2.7641e-06
1780837200027,-8.1645e-06
1780840800030,-3.5745e-06
1780844400011,-3.6166e-06
1780848000011,-4.2572e-06
1780851600053,-2.0923e-06
1780855200001,2.0878e-06
1780858800055,-2.232e-06
1780862400046,-1.26162e-05
1780866000028,-7.2273e-06
1780869600052,-3.0729e-06
1780873200003,2.1704e-06
1780876800034,-1.9281e-06
1780880400034,-4.857e-07
1780884000011,-1.5474e-06
1780887600005,-4.7875e-06
1780891200025,-4.4524e-06
1780894800046,-8.053e-06
1780898400031,-9.2241e-06
1780902000063,1.0302e-06
1780905600003,-1.6017e-06
1780909200009,-1.5805e-06
1780912800047,9.0416e-06
1780916400017,6.6747e-06
1780920000056,1.06256e-05
1780923600057,6.5979e-06
1780927200035,5.5078e-06
1780930800045,6.4522e-06
1780934400055,2.4874e-06
1780938000075,2.1034e-06
1780941600012,-1.8493e-06
1780945200027,-1.454e-07
1780948800032,8.686e-07
1780952400056,3.08e-06
1780956000019,6.1157e-06
1780959600022,-2.9807e-06
1780963200005,-2.949e-06
1780966800014,-2.4683e-06
1780970400051,-6.097e-07
1780974000043,-3.3061e-06
1780977600002,4.5265e-06
1780981200011,5.7902e-06
1780984800060,1.02844e-05
1780988400027,4.7017e-06
1780992000081,7.6842e-06
1780995600001,1.25e-05
1780999200031,1.05994e-05
1781002800067,3.3647e-06
1781006400036,2.6039e-06
1781010000031,6.4119e-06
1781013600014,5.7682e-06
1781017200029,-1.6372e-06
1781020800059,-1.82452e-05
1781024400048,-9.4252e-06
1781028000032,-1.4063e-06
1781031600014,1.9659e-06
1781035200045,2.161e-07
1781038800056,2.626e-07
1781042400063,1.4685e-06
1781046000059,-8.648e-07
1781049600070,-6.7601e-06
1781053200000,1.3e-07
1781056800069,-4.444e-07
1781060400030,-2.6988e-06
1781064000056,-8.3732e-06
1781067600003,-5.7042e-06
1781071200052,-9.561e-06
1781074800059,-8.4363e-06
1781078400060,-1.63774e-05
1781082000053,-2.75584e-05
1781085600013,-3.25541e-05
1781089200011,-1.63045e-05
1781092800032,-4.664e-06
1781096400058,-1.16598e-05
1781100000031,-1.14809e-05
1781103600057,-3.5462e-06
1781107200069,2.3834e-06
1781110800012,-4.8612e-06
1781114400035,-8.1052e-06
1781118000046,-1.12179e-05
1781121600093,-1.40479e-05
1781125200023,-1.2036e-05
1781128800019,-1.78221e-05
1781132400077,-1.09826e-05
1781136000009,-5.9587e-06
1781139600039,-8.749e-06
1781143200020,-9.8355e-06
1781146800013,-1.49278e-05
1781150400009,-1.8711e-05
1781154000046,-1.06949e-05
1781157600039,-1.53766e-05
1781161200008,-9.5847e-06
1781164800045,-6.7975e-06
1781168400054,-4.5583e-06
1781172000038,-1.0417e-05
1781175600033,-8.702e-06
1781179200033,-7.5328e-06
1781182800055,-1.35646e-05
1781186400020,-1.22964e-05
1781190000013,-6.4122e-06
1781193600017,-6.35e-06
1781197200083,-5.5411e-06
1781200800016,-4.4002e-06
1781204400018,-1.11187e-05
1781208000005,-8.0789e-06
1781211600036,-1.3497e-06
1781215200073,-2.7637e-06
1781218800052,-6.866e-06
1781222400013,-3.7128e-06
1781226000025,6.687e-06
1781229600033,1.9146e-06
1781233200057,4.0277e-06
1781236800009,3.8763e-06
1781240400001,9.563e-06
1781244000056,1.4247e-06
1781247600027,-7.2853e-06
1781251200035,-1.2563e-06
1781254800010,2.4275e-06
1781258400015,5.5527e-06
1781262000055,6.325e-06
1781265600007,1.25e-05
1781269200010,5.4139e-06
1781272800052,6.3286e-06
1781276400064,1.19701e-05
1781280000005,1.19759e-05
1781283600011,1.13281e-05
1781287200044,4.0686e-06
1781290800018,4.0753e-06
1781294400007,4.9737e-06
1781298000026,-2.3389e-06
1781301600022,-7.93e-08
1781305200025,-5.8861e-06
1781308800034,-3.8953e-06
1781312400044,-3.3337e-06
1781316000044,1.0569e-06
1781319600000,-1.8284e-06
1781323200040,-3.068e-06
1781326800006,-4.5994e-06
1781330400043,-5.8117e-06
1781334000030,-3.3268e-06
1781337600040,-2.9799e-06
1781341200053,3.934e-06
1781344800009,-1.2521e-06
1781348400051,3.4452e-06
1781352000000,7.3788e-06
1781355600021,3.3962e-06
1781359200056,9.027e-06
1781362800009,5.5812e-06
1781366400004,3.7097e-06
1781370000036,5.5322e-06
1781373600014,3.9247e-06
1781377200021,5.2376e-06
1781380800035,4.3878e-06
1781384400042,3.2929e-06
1781388000013,-1.2479e-06
1781391600023,-7.9754e-06
1781395200001,-3.7441e-06
1781398800042,-1.0609e-06
1781402400025,-4.8395e-06
1781406000005,-6.0677e-06
1781409600004,-4.2608e-06
1781413200060,-5.6199e-06
1781416800020,-5.0168e-06
1781420400012,-6.4e-06
1781424000012,-4.0796e-06
1781427600044,-5.006e-07
1781431200035,-7.6729e-06
1781434800048,-5.8783e-06
1781438400020,-9.0703e-06
1781442000056,-7.3171e-06
1781445600060,-6.0917e-06
1781449200056,-8.1036e-06
1781452800021,-1.03138e-05
1781456400045,-3.9291e-06
1781460000069,-1.47786e-05
1781463600035,-1.41835e-05
1781467200066,-1.06207e-05
1781470800006,-4.5027e-06
1781474400000,5.4577e-06
1781478000037,-1.4248e-06
1781481600049,7.5874e-06
1781485200042,1.5075e-06
1781488800063,-1.3784e-06
1781492400033,4.4701e-06
1781496000023,1.939e-06
1781499600034,7.5888e-06
1781503200000,1.0874e-06
1781506800033,1.4804e-06
1781510400043,1.2939e-06
1781514000039,1.0444e-05
1781517600048,1.25e-05
1781521200029,1.25e-05
1781524800000,1.25e-05
1781528400063,1.25e-05
1781532000031,6.3182e-06
1781535600041,9.524e-07
1781539200005,7.7325e-06
1781542800050,1.25e-05
1781546400012,1.25e-05
1781550000021,1.06434e-05
1781553600038,1.25e-05
1781557200032,1.10166e-05
1781560800024,1.25e-05
1781564400029,1.25e-05
1781568000049,1.25e-05
1781571600062,1.25e-05
1781575200020,1.25e-05
1781578800030,1.25e-05
1781582400067,1.25e-05
1781586000040,1.25e-05
1781589600054,1.25e-05
1781593200002,1.25e-05
1781596800014,1.25e-05
1781600400032,1.25e-05
1781604000053,1.25e-05
1781607600052,5.5482e-06
1781611200012,2.4247e-06
1781614800018,-1.1945e-06
1781618400003,4.6062e-06
1781622000025,8.5273e-06
1781625600006,1.5882e-06
1781629200014,4.297e-07
1781632800055,8.212e-06
1781636400059,1.25e-05
1781640000016,1.12364e-05
1781643600008,-1.06194e-05
1781647200006,-1.94852e-05
1781650800065,-1.68472e-05
1781654400032,-9.7318e-06
1781658000044,-1.7003e-06
1781661600023,-1.4035e-06
1781665200051,-2.0173e-06
1781668800000,-9.2269e-06
1781672400013,-1.07578e-05
1781676000002,-3.8426e-06
1781679600050,-9.2755e-06
1781683200007,-6.9836e-06
1781686800041,-1.8832e-06
1781690400045,-7.488e-07
1781694000045,4.4066e-06
1781697600050,-3.3742e-06
1781701200010,-4.9917e-06
1781704800055,2.4896e-06
1781708400065,1.12783e-05
1781712000021,9.5875e-06
1781715600008,6.5356e-06
1781719200085,1.1012e-06
1781722800014,-5.43e-08
1781726400002,-6.4564e-06
1781730000044,2.3776e-06
1781733600055,-8.9321e-06
1781737200018,-5.4481e-06
1781740800025,2.2018e-06
1781744400017,-1.4594e-06
1781748000016,6.364e-07
1781751600014,-2.678e-06
1781755200006,-1.40483e-05
1781758800058,-3.08889e-05
1781762400043,-3.15429e-05
1781766000049,-2.15528e-05
1781769600053,-2.66542e-05
1781773200012,-1.78364e-05
1781776800028,-1.42416e-05
1781780400027,-8.413e-06
1781784000055,-1.64003e-05
1781787600033,-6.219e-06
1781791200057,-1.58839e-05
1781794800016,-8.0467e-06
1781798400053,-9.6255e-06
1781802000046,1.25e-05
1781805600046,1.2007e-05
1781809200059,1.25e-05
1781812800014,1.25e-05
1781816400066,1.25e-05
1781820000060,1.25e-05
1781823600062,1.25e-05
1781827200011,1.25e-05
1781830800007,1.25e-05
1781834400023,1.25e-05
1781838000002,1.25e-05
1781841600042,1.25e-05
1781845200002,1.25e-05
1781848800022,1.25e-05
1781852400062,1.25e-05
1781856000051,1.16018e-05
1781859600032,1.06712e-05
1781863200018,1.21146e-05
1781866800000,1.25e-05
1781870400053,1.17798e-05
1781874000015,7.662e-06
1781877600037,6.5041e-06
1781881200043,3.3116e-06
1781884800032,1.795e-07
1781888400013,5.8826e-06
1781892000044,2.372e-06
1781895600013,6.251e-07
1781899200028,3.7245e-06
1781902800023,2.0545e-06
1781906400007,6.9264e-06
1781910000072,9.9404e-06
1781913600067,1.16905e-05
1781917200031,1.25e-05
1781920800026,6.762e-06
1781924400064,6.6228e-06
1781928000056,3.4503e-06
1781931600023,1.01811e-05
1781935200048,4.6824e-06
1781938800021,5.1814e-06
1781942400036,6.168e-06
1781946000017,6.6051e-06
1781949600001,-1.8314e-06
1781953200008,1.25e-05
1781956800010,1.25e-05
1781960400008,1.25e-05
1781964000023,1.25e-05
1781967600024,8.5867e-06
1781971200039,9.2171e-06
1781974800006,9.0362e-06
1781978400046,3.7068e-06
1781982000017,-2.378e-07
1781985600032,1.639e-07
1781989200043,4.9319e-06
1781992800059,8.1542e-06
1781996400038,1.0547e-05
1782000000047,1.1551e-05
1782003600035,3.8377e-06
1782007200009,1.06777e-05
1782010800033,-2.547e-07
1782014400034,-1.09249e-05
1782018000004,-6.0404e-06
1782021600025,-7.3176e-06
1782025200043,-1.6401e-06
1782028800033,-2.6753e-06
1782032400005,-1.4813e-06
1782036000020,2.299e-06
1782039600040,1.9713e-06
1782043200044,2.5724e-06
1782046800053,-3.6658e-06
1782050400007,-3.3013e-06
1782054000003,-4.1397e-06
1782057600030,-4.2332e-06
1782061200007,-5.2214e-06
1782064800046,-2.849e-06
1782068400029,-6.298e-07
1782072000036,3.7979e-06
1782075600057,-3.9071e-06
1782079200077,-6.1599e-06
1782082800061,-1.0111e-06
1782086400011,-6.724e-06
1782090000019,-4.0642e-06
1782093600074,2.5029e-06
1782097200037,3.1777e-06
1782100800020,1.855e-07
1782104400054,1.8745e-06
1782108000033,1.0953e-05
1782111600031,1.20518e-05
1782115200054,1.0302e-05
1782118800012,7.4164e-06
1782122400040,8.4945e-06
1782126000045,1.25e-05
1782129600028,1.25e-05
1782133200062,1.25e-05
1782136800004,1.25e-05
1782140400009,1.24956e-05
1782144000016,7.0033e-06
1782147600020,7.3963e-06
1782151200035,8.0862e-06
1782154800028,6.472e-06
1782158400037,6.2116e-06
1782162000027,1.0812e-06
1782165600001,-1.7973e-06
1782169200047,-9.2884e-06
1782172800019,1.5692e-06
1782176400050,-4.4146e-06
1782180000059,-4.2613e-06
1782183600043,-2.988e-07
1782187200043,1.08195e-05
1782190800000,9.7183e-06
1782194400028,1.16041e-05
1782198000005,1.25e-05
1782201600004,1.25e-05
1782205200027,1.25e-05
1782208800015,1.25e-05
1782212400038,1.25e-05
1782216000032,1.25e-05
1782219600064,1.25e-05
1782223200005,1.25e-05
1782226800068,8.135e-06
1782230400018,4.8559e-06
1782234000004,6.9848e-06
1782237600057,6.3018e-06
1782241200036,6.4412e-06
1782244800052,7.8346e-06
1782248400041,7.4093e-06
1782252000077,1.25e-05
1782255600017,1.21729e-05
1782259200059,5.3029e-06
1782262800007,1.04642e-05
1782266400045,1.25e-05
1782270000043,8.4518e-06
1782273600009,8.6413e-06
1782277200004,5.6238e-06
1782280800031,1.04843e-05
1782284400002,2.8081e-06
1782288000010,3.9901e-06
1782291600011,3.2835e-06
1782295200043,1.7389e-06
1782298800026,4.1943e-06
1782302400040,3.776e-07
1782306000010,3.8574e-06
1782309600048,1.3741e-06
1782313200052,-2.7497e-06
1782316800060,-8.0949e-06
1782320400011,-1.03957e-05
1782324000061,-1.47032e-05
1782327600107,-1.57166e-05
1782331200013,-1.47668e-05
1782334800057,-7.4151e-06
1782338400034,-1.7525e-06
1782342000012,-6.1186e-06
1782345600020,-1.45768e-05
1782349200006,-2.06921e-05
1782352800035,-1.05761e-05
1782356400010,-4.2109e-06
1782360000019,-7.0088e-06
1782363600009,-1.08326e-05
1782367200044,-4.7353e-06
1782370800021,-1.67201e-05
1782374400066,-1.09369e-05
1782378000009,6.2044e-06
1782381600040,1.5692e-06
1782385200059,3.9541e-06
1782388800013,-1.8687e-06
1782392400054,4.313e-06
1782396000004,-1.94901e-05
1782399600031,-7.37158e-05
1782403200049,-4.92331e-05
1782406800028,-3.69552e-05
1782410400008,-4.262e-05
1782414000054,-4.29364e-05
1782417600025,-4.05436e-05
1782421200001,-3.71707e-05
1782424800049,-3.8123e-05
1782428400053,-3.58882e-05
1782432000043,-3.05875e-05
1782435600034,-2.31564e-05
1782439200084,-2.07998e-05
1782442800008,-1.82991e-05
1782446400013,-1.9254e-05
1782450000010,-1.03145e-05
1782453600030,5.511e-07
1782457200029,7.9335e-06
1782460800070,3.7603e-06
1782464400001,2.2582e-06
1782468000009,-2.7972e-06
1782471600032,-5.2949e-06
1782475200076,-5.8448e-06
1782478800058,-9.2086e-06
1782482400025,-8.0269e-06
1782486000036,-2.88886e-05
1782489600035,-2.07148e-05
1782493200027,-1.76685e-05
1782496800042,-2.22731e-05
1782500400058,-2.12468e-05
1782504000001,-1.47154e-05
1782507600081,-1.71649e-05
1782511200052,-1.36196e-05
1782514800072,-1.31052e-05
1782518400047,-1.22318e-05
1782522000061,-1.32444e-05
1782525600033,-5.7458e-06
1782529200064,-7.964e-06
1782532800005,-4.7543e-06
1782536400052,-9.0565e-06
1782540000003,-1.72248e-05
1782543600022,-1.31643e-05
1782547200062,-1.15005e-05
1782550800001,-6.0692e-06
1782554400064,-3.9467e-06
1782558000032,-7.5397e-06
1782561600003,-1.26348e-05
1782565200057,-9.3192e-06
1782568800038,-1.06837e-05
1782572400065,-7.8883e-06
1782576000043,-1.18901e-05
1782579600058,-1.02665e-05
1782583200108,-8.4109e-06
1782586800053,-1.02449e-05
1782590400044,-2.04212e-05
1782594000058,-1.60072e-05
1782597600021,-1.48704e-05
1782601200040,-1.46095e-05
1782604800067,-7.7625e-06
1782608400011,-1.06902e-05
1782612000060,-1.51847e-05
1782615600023,-2.04525e-05
1782619200024,-1.72892e-05
1782622800062,-2.12034e-05
1782626400048,-2.17335e-05
1782630000131,-2.25978e-05
1782633600007,-1.76232e-05
1782637200030,-8.3324e-06
1782640800008,-8.9351e-06
1782644400056,-1.53298e-05
1782648000000,-8.9603e-06
1782651600035,-1.40125e-05
1782655200057,-1.39167e-05
1782658800011,-7.6928e-06
1782662400009,-1.05965e-05
1782666000008,-1.31959e-05
1782669600035,-1.29593e-05
1782673200062,-1.08721e-05
1782676800011,-2.11545e-05
1782680400003,-1.47889e-05
1782684000039,-1.38349e-05
1782687600013,-1.46623e-05
1782691200001,-9.252e-06
1782694800041,-1.11582e-05
1782698400037,-1.03791e-05
1782702000024,-7.6076e-06
1782705600028,-8.3467e-06
1782709200033,-1.01158e-05
1782712800084,-9.2012e-06
1782716400013,-9.954e-07
1782720000021,1.7596e-06
1782723600032,-4.943e-07
1782727200059,-6.416e-07
1782730800002,-8.007e-07
1782734400034,-4.816e-07
1782738000037,-4.525e-07
1782741600097,2.58e-08
1782745200041,-1.52693e-05
1782748800009,-3.874e-06
1782752400026,-1.2423e-06
1782756000054,6.0476e-06
1782759600032,5.8487e-06
1782763200010,6.0068e-06
1782766800059,2.647e-06
1782770400020,4.0267e-06
1782774000049,2.4357e-06
1782777600028,1.0283e-06
1782781200022,-3.5552e-06
1782784800047,-6.7629e-06
1782788400041,-3.7646e-06
1782792000028,-1.13346e-05
1782795600052,-1.1428e-05
1782799200065,-1.03172e-05
1782802800042,-7.5742e-06
1782806400071,-9.138e-06
1782810000015,-1.02018e-05
1782813600034,-1.04178e-05
1782817200061,-9.3212e-06
1782820800037,-2.16237e-05
1782824400033,-1.36751e-05
1782828000043,-7.6699e-06
1782831600058,-8.1509e-06
1782835200010,-7.8584e-06
1782838800028,1.7942e-06
1782842400014,6.367e-06
1782846000063,8.088e-07
1782849600065,1.738e-06
1782853200051,-6.011e-07
1782856800045,-1.6727e-06
1782860400048,2.0404e-06
1782864000063,-4.5282e-06
1782867600046,3.555e-07
1782871200018,-7.0289e-06
1782874800011,5.5119e-06
1782878400001,1.08743e-05
1782882000000,9.8854e-06
1782885600001,9.62e-06
1782889200022,1.08e-08
1782892800065,8.154e-07
1782896400040,-8.619e-07
1782900000048,1.9289e-06
1782903600001,2.9396e-06
1782907200044,2.2645e-06
1782910800001,8.251e-07
1782914400006,-1.427e-06
1782918000012,1.25e-05
1782921600045,1.25e-05
1782925200022,1.25e-05
1782928800061,9.7425e-06
1782932400036,1.25e-05
1782936000005,7.032e-06
1782939600007,1.25e-05
1782943200086,1.16232e-05
1782946800056,1.24951e-05
1782950400074,1.01801e-05
1782954000014,2.9704e-06
1782957600020,9.6664e-06
1782961200070,7.437e-06
1782964800033,1.25e-05
1782968400047,1.25e-05
1782972000007,9.4099e-06
1782975600011,4.0229e-06
1782979200014,2.1092e-06
1782982800010,-5.884e-07
1782986400006,6.3394e-06
1782990000037,1.25e-05
1782993600030,1.25e-05
1782997200027,1.25e-05
1783000800025,1.25e-05
1783004400055,6.688e-06
1783008000068,1.11562e-05
1783011600026,1.25e-05
1783015200007,1.25e-05
1783018800044,1.25e-05
1783022400007,1.25e-05
1783026000031,1.25e-05
1783029600025,1.25e-05
1783033200029,8.4734e-06
1783036800018,6.2795e-06
1783040400017,4.7557e-06
1783044000081,4.8168e-06
1783047600031,4.3384e-06
1783051200034,4.8145e-06
1783054800012,4.7309e-06
1783058400078,1.07273e-05
1783062000025,9.0937e-06
1783065600049,4.6283e-06
1783069200022,8.3281e-06
1783072800017,1.13708e-05
1783076400042,1.25e-05
1783080000004,1.23718e-05
1783083600007,1.12738e-05
1783087200011,1.25e-05
1783090800026,1.25e-05
1783094400062,1.25e-05
1783098000007,1.25e-05
1783101600046,1.25e-05
1783105200040,1.25e-05
1783108800014,1.25e-05
1783112400013,1.25e-05
1783116000049,1.25e-05
1783119600014,1.25e-05
1783123200014,1.25e-05
1783126800023,1.25e-05
1783130400022,1.25e-05
1783134000012,1.25e-05
1783137600074,1.25e-05
1783141200064,1.25e-05
1783144800006,1.25e-05
1783148400009,1.25e-05
1783152000041,1.25e-05
1783155600033,1.25e-05
1783159200068,1.25e-05
1783162800049,1.25e-05
1783166400014,1.25e-05
1783170000049,1.25e-05
1783173600051,1.25e-05
1783177200083,1.25e-05
1783180800074,1.25e-05
1783184400031,1.25e-05
1783188000016,1.25e-05
1783191600033,1.25e-05
1783195200036,1.25e-05
1783198800023,1.25e-05
1783202400015,1.25e-05
1783206000021,1.25e-05
1783209600077,1.25e-05
1783213200057,1.25e-05
1783216800021,1.25e-05
1783220400031,1.25e-05
1783224000046,1.25e-05
1783227600013,1.25e-05
1783231200042,1.25e-05
1783234800059,1.25e-05
1783238400002,1.25e-05
1783242000041,1.25e-05
1783245600044,1.25e-05
1783249200023,1.25e-05
1783252800030,1.25e-05
1783256400036,1.25e-05
1783260000038,1.25e-05
1783263600031,1.25e-05
1783267200001,1.25e-05
1783270800030,1.25e-05
1783274400013,1.25e-05
1783278000023,1.25e-05
1783281600039,1.25e-05
1783285200043,1.25e-05
1783288800042,1.25e-05
1783292400024,1.25e-05
1783296000026,1.25e-05
1783299600010,1.25e-05
1783303200061,1.25e-05
1783306800027,1.25e-05
1783310400055,1.25e-05
1783314000021,1.25e-05
1783317600057,1.25e-05
1783321200035,1.25e-05
1783324800012,1.25e-05
1783328400015,1.25e-05
1783332000027,1.25e-05
1783335600052,1.25e-05
1783339200006,1.25e-05
1783342800006,1.25e-05
1783346400030,1.25e-05
1783350000126,1.0915e-05
1783353600080,1.25e-05
1783357200022,1.25e-05
1783360800024,1.25e-05
1783364400057,1.25e-05
1783368000066,1.25e-05
1783371600039,1.25e-05
1783375200063,1.25e-05
1783378800027,1.25e-05
1783382400045,1.25e-05
1783386000016,1.25e-05
1783389600038,1.25e-05
1783393200016,1.25e-05
1783396800040,1.25e-05
1783400400044,1.25e-05
1783404000057,1.25e-05
1783407600030,1.25e-05
1783411200059,1.25e-05
1783414800050,1.25e-05
1783418400014,1.25e-05
1783422000093,1.0219e-05
1783425600031,1.25e-05
1783429200060,1.25e-05
1783432800064,8.055e-06
1783436400094,3.1424e-06
1783440000045,5.5768e-06
1783443600069,7.8348e-06
1783447200007,1.11286e-05
1783450800045,1.25e-05
1783454400007,1.24257e-05
1783458000010,1.25e-05
1783461600012,5.2479e-06
1783465200057,-4.3569e-06
1783468800001,1.2769e-06
1783472400064,-3.0995e-06
1783476000004,-1.18119e-05
1783479600071,-1.81155e-05
1783483200037,-1.57599e-05
1783486800031,-1.55044e-05
1783490400060,-2.01085e-05
1783494000053,-2.00752e-05
1783497600050,-1.59004e-05
1783501200088,-1.74713e-05
1783504800012,-4.6228e-06
1783508400026,3.7991e-06
1783512000007,1.25e-05
1783515600036,1.04682e-05
1783519200017,8.2319e-06
1783522800041,7.9205e-06
1783526400052,1.25e-05
1783530000041,1.13349e-05
1783533600123,1.25e-05
1783537200005,1.25e-05
1783540800010,1.25e-05
1783544400047,1.25e-05
1783548000056,1.25e-05
1783551600004,1.25e-05
1783555200002,1.25e-05
1783558800031,1.25e-05
1783562400080,1.25e-05
1783566000095,1.25e-05
1783569600024,1.25e-05
1783573200045,1.25e-05
1783576800066,1.25e-05
1783580400047,1.25e-05
1783584000032,7.7065e-06
1783587600034,4.6774e-06
1783591200040,3.0241e-06
1783594800063,3.3441e-06
1783598400002,3.1268e-06
1783602000000,2.3679e-06
1783605600059,5.3776e-06
1783609200019,1.25e-05
1783612800068,7.7466e-06
1783616400028,3.0395e-06
1783620000034,4.7669e-06
1783623600065,1.25e-05
1783627200026,1.25e-05
1783630800018,1.25e-05
1783634400018,1.25e-05
1783638000113,1.25e-05
1783641600078,1.25e-05
1783645200006,1.25e-05
1783648800014,1.25e-05
1783652400026,1.25e-05
1783656000004,1.25e-05
1783659600103,1.25e-05
1783663200056,1.25e-05
1783666800075,1.25e-05
1783670400011,1.25e-05
1783674000001,1.25e-05
1783677600010,1.25e-05
1783681200063,1.25e-05
1783684800048,1.25e-05
1783688400040,1.25e-05
1783692000038,1.25e-05
1783695600058,1.25e-05
1783699200002,1.25e-05
1783702800023,1.25e-05
1783706400023,1.25e-05
1783710000029,1.25e-05
1783713600039,1.25e-05
1783717200032,1.25e-05
1783720800008,1.25e-05
1783724400054,1.25e-05
1783728000046,1.25e-05
1783731600003,1.25e-05
1783735200086,1.25e-05
1783738800061,1.25e-05
1783742400000,1.25e-05
1783746000014,1.25e-05
1783749600004,1.25e-05
1783753200002,1.25e-05
1783756800047,1.25e-05
1783760400015,1.25e-05
1783764000064,1.25e-05
1783767600007,1.25e-05
1783771200045,1.25e-05
1783774800057,1.25e-05
1783778400068,1.25e-05
1783782000046,1.25e-05
1783785600012,1.25e-05
1783789200042,1.25e-05
1783792800014,1.25e-05
1783796400040,1.25e-05
1783800000027,1.25e-05
1783803600018,1.25e-05
1783807200055,1.25e-05
1783810800000,1.25e-05
1783814400016,1.25e-05
1783818000039,1.25e-05
1783821600006,1.25e-05
1783825200028,1.15284e-05
1783828800023,1.17842e-05
1783832400029,1.25e-05
1783836000033,9.4414e-06
1783839600036,4.6195e-06
1783843200016,8.0103e-06
1783846800011,1.16707e-05
1783850400018,9.2546e-06
1783854000026,1.25e-05
1783857600051,1.25e-05
1783861200002,1.25e-05
1783864800005,1.25e-05
1783868400049,1.2148e-06
1783872000038,1.25e-05
1783875600033,-1.8375e-06
1783879200074,1.8401e-06
1783882800028,7.1421e-06
1783886400131,1.03624e-05
1783890000020,6.5266e-06
1783893600022,9.1809e-06
1783897200070,2.4748e-06
1783900800059,7.303e-06
1783904400019,3.8034e-06
1783908000075,7.7246e-06
1783911600046,-1.43919e-05
1783915200053,-2.08781e-05
1783918800041,-1.14559e-05
1783922400026,-4.5276e-06
1783926000058,-4.902e-07
1783929600019,2.3498e-06
1783933200001,7.624e-07
1783936800032,-1.9175e-06
1783940400001,-7.0454e-06
1783944000048,-2.838e-06
1783947600014,-2.0269e-06
1783951200010,1.0003e-06
1783954800082,1.25e-05
1783958400032,1.25e-05
1783962000052,1.25e-05
1783965600052,1.25e-05
1783969200116,1.25e-05
1783972800071,1.25e-05
1783976400041,1.9556e-06
1783980000060,-4.9991e-06
1783983600021,3.1279e-06
1783987200011,-1.0203e-06
1783990800018,-7.112e-06
1783994400032,-2.8084e-06
1783998000017,-6.0624e-06
1784001600061,-7.9499e-06
1784005200064,7.8729e-06
1784008800074,8.4052e-06
1784012400044,6.7168e-06
1784016000009,-1.4177e-06
1784019600061,-1.1258e-06
1784023200113,-4.783e-06
1784026800030,-1.3566e-06
1784030400008,6.0736e-06
1784034000028,9.5533e-06
1784037600012,1.24677e-05
1784041200038,1.25e-05
1784044800005,1.25e-05
1784048400042,1.25e-05
1784052000013,1.25e-05
1784055600021,1.19646e-05
1784059200027,1.25e-05
1784062800003,1.25e-05
1784066400007,9.008e-06
1784070000049,1.25e-05
1784073600046,1.25e-05
1784077200032,1.25e-05
1784080800028,1.25e-05
1784084400041,1.25e-05
1784088000005,1.25e-05
1784091600066,1.25e-05
1784095200025,9.7193e-06
1784098800039,1.25e-05
1784102400024,1.25e-05
1784106000018,1.25e-05
1784109600013,1.25e-05
1784113200002,1.25e-05
1784116800055,1.25e-05
1784120400042,1.25e-05
1784124000050,1.25e-05
1784127600004,1.25e-05
1784131200009,1.25e-05
1784134800031,1.25e-05
1784138400023,1.25e-05
1784142000063,1.25e-05
1784145600068,1.25e-05
1784149200027,1.25e-05
1784152800016,8.294e-07
1784156400034,1.25e-05
1784160000034,1.25e-05
1784163600054,1.25e-05
1784167200027,4.4987e-06
1784170800033,1.8729e-06
1784174400056,3.9886e-06
1784178000122,8.9246e-06
1784181600066,1.05585e-05
1784185200042,1.25e-05
1784188800015,1.25e-05
1784192400017,8.9711e-06
1784196000008,1.25e-05
1784199600020,1.25e-05
1784203200028,1.25e-05
1784206800050,1.25e-05
1784210400054,1.25e-05
1784214000016,1.25e-05
1784217600041,1.25e-05
1784221200000,1.25e-05
1784224800011,1.25e-05
1784228400031,1.25e-05
1784232000030,1.25e-05
1784235600011,1.09275e-05
1784239200008,1.25e-05
1784242800017,1.14076e-05
1784246400018,6.069e-06
1784250000021,2.3371e-06
1784253600001,1.17461e-05
1784257200017,5.3748e-06
1784260800041,9.473e-06
1784264400052,1.12575e-05
1784268000032,1.25e-05
1784271600072,7.7089e-06
1784275200065,8.9048e-06
1784278800031,9.5557e-06
1784282400070,1.25e-05
1784286000020,1.25e-05
1784289600011,1.25e-05
1784293200060,1.25e-05
1784296800111,1.22504e-05
1784300400050,1.25e-05
1784304000048,1.25e-05
1784307600062,1.25e-05
1784311200022,1.25e-05
1784314800025,1.25e-05
1784318400039,1.19238e-05
1784322000065,1.25e-05
1784325600069,1.15884e-05
1784329200041,5.5196e-06
1784332800082,7.2631e-06
1784336400081,5.7665e-06
1784340000013,6.8857e-06
1784343600008,1.25e-05
1784347200021,1.25e-05
1784350800016,1.25e-05
1784354400028,1.1037e-05
1784358000025,1.09761e-05
1784361600019,1.23243e-05
1784365200040,1.25e-05
1784368800020,9.1428e-06
1784372400039,1.25e-05
1784376000044,1.25e-05
1784379600006,1.18524e-05
1784383200061,9.83e-07
1784386800024,1.13909e-05
1784390400043,1.25e-05
1784394000035,1.20268e-05
1784397600031,1.25e-05
1784401200033,1.25e-05
1784404800016,1.25e-05
1784408400006,1.25e-05
1784412000011,1.25e-05
1784415600009,1.10106e-05
1784419200030,1.0398e-05
1784422800044,8.773e-06
1784426400055,7.8136e-06
1784430000022,1.25e-05
1784433600031,1.25e-05
1784437200043,1.25e-05
1784440800032,1.25e-05
1784444400047,1.25e-05
1784448000093,1.25e-05
1784451600026,1.25e-05
1784455200030,1.25e-05
1784458800033,9.3449e-06
1784462400037,1.25e-05
1784466000014,7.3822e-06
1784469600135,1.15621e-05
1784473200019,1.25e-05
1784476800007,1.25e-05
1784480400043,1.25e-05
1784484000049,9.1076e-06
1784487600049,8.7384e-06
1784491200010,1.05684e-05
1784494800026,1.04742e-05
1784498400049,1.25e-05
1784502000014,9.8521e-06
1784505600034,1.25e-05
1784509200063,1.25e-05
1784512800052,1.25e-05
1784516400046,1.25e-05
1784520000011,1.25e-05
1784523600027,1.25e-05
1784527200047,7.6795e-06
1784530800008,1.9745e-06
1784534400058,5.6358e-06
1784538000029,1.07097e-05
1784541600029,4.8526e-06
1784545200000,8.7401e-06
1784548800000,9.6457e-06
1784552400047,1.25e-05
1784556000049,1.25e-05
1784559600053,5.2893e-06
1784563200104,8.2064e-06
1784566800046,1.25e-05
1784570400027,1.25e-05
1784574000035,1.25e-05
1784577600008,1.25e-05
1784581200006,1.25e-05
1784584800003,1.25e-05
1784588400048,1.25e-05
1784592000040,1.25e-05
1784595600005,1.25e-05
1784599200036,1.25e-05
1784602800030,1.25e-05
1784606400001,1.25e-05
1784610000004,1.25e-05
1784613600043,-1.492e-05
1784617200034,-1.47492e-05
1784620800035,-6.0183e-06
1784624400044,2.635e-07
1784628000032,9.2242e-06
1784631600043,1.708e-06
1784635200029,2.8014e-06
1784638800025,5.592e-06
1784642400062,4.7705e-06
1784646000021,3.837e-07
1784649600022,-4.266e-07
1784653200028,7.5221e-06
1784656800028,6.3249e-06
1784660400068,5.3005e-06
1784664000059,3.108e-06
1784667600047,-7.1355e-06
1784671200051,-4.4082e-06
1784674800023,1.2861e-06
1784678400025,1.2938e-06
1784682000013,-9.09e-08
1784685600091,4.9835e-06
1784689200043,8.1173e-06
1784692800052,8.5002e-06
1784696400087,2.9108e-06
1784700000048,5.5731e-06
1784703600019,2.8418e-06
1784707200039,8.2117e-06
1784710800028,8.0767e-06
1784714400025,6.8735e-06
1784718000047,5.3509e-06
1784721600037,2.5239e-06
1784725200052,5.3559e-06
1784728800038,2.574e-06
1784732400018,7.9107e-06
1784736000004,4.3372e-06
1784739600047,1.4663e-06
1784743200015,-6.7071e-06
1784746800007,-9.9115e-06
1784750400054,-6.1756e-06
1784754000034,-1.2199e-06
1784757600043,-3.1973e-06
1784761200077,-6.1227e-06
1784764800046,-7.3146e-06
1784768400058,-5.242e-06
1784772000049,-8.1509e-06
1784775600067,-1.12317e-05
1784779200046,-6.6795e-06
1784782800067,2.932e-07
1784786400001,-9.65e-08
1784790000055,2.4181e-06
1784793600021,-8.5179e-06
1784797200020,-6.058e-07
1784800800014,1.5113e-06
1784804400040,8.2255e-06
1784808000099,1.25e-05
1784811600032,-3.132e-07
1784815200121,1.407e-07
1784818800032,4.7434e-06
1784822400001,8.8347e-06
1784826000006,1.03198e-05
1784829600046,6.303e-07
1784833200048,-1.79854e-05
1784836800072,-2.13218e-05
1784840400028,-4.9412e-06
1784844000038,-6.4752e-06
1784847600033,6.0604e-06
1784851200021,5.5029e-06
1784854800060,4.5756e-06
1784858400004,8.5504e-06
1784862000054,5.9099e-06
1784865600047,1.25e-05
1784869200044,5.3169e-06
1784872800049,9.3112e-06
1784876400012,8.2276e-06
1784880000029,9.6013e-06
1784883600044,-2.0391e-06
1784887200051,-1.3688e-06
1784890800034,-5.079e-07
1784894400033,-2.587e-07
1784898000024,-4.895e-07
1784901600060,5.8516e-06
1784905200053,5.663e-06
1784908800051,8.0649e-06
1784912400029,-4.3969e-06
1784916000063,-9.119e-07
1784919600035,1.072e-06
1784923200052,-6.3243e-06
1784926800060,-1.16879e-05
1784930400008,-9.1544e-06
1784934000024,6.324e-07
1784937600066,-3.1864e-06
1784941200036,-4.629e-07
1784944800050,1.6527e-06
1784948400016,5.04e-07
1784952000036,-5.429e-07
1784955600032,2.706e-07
1784959200063,-4.7198e-06
1784962800028,-9.2601e-06
1784966400047,-7.2671e-06
1784970000030,-1.24096e-05
1784973600040,-1.97273e-05
1784977200051,-9.0643e-06
1784980800058,-1.97758e-05
1784984400037,-2.06085e-05
1784988000001,-1.71494e-05
1784991600012,-1.42421e-05
1784995200062,-7.7615e-06
1784998800039,-8.8137e-06
1785002400031,-1.28707e-05
1785006000056,-6.6553e-06
1785009600057,-5.1891e-06
1785013200005,-5.4599e-06
1785016800002,-5.0643e-06
1785020400011,-2.2167e-06
1785024000055,-1.1735e-06
1785027600055,2.1222e-06
1785031200111,4.0081e-06
1785034800030,1.4835e-06
1785038400021,5.8374e-06
1785042000034,2.0911e-06
1785045600052,4.2582e-06
1785049200060,1.0109e-06
1785052800022,1.68e-08
1785056400063,-1.2266e-06
1785060000012,-3.9048e-06
1785063600047,7.7926e-06
1785067200121,1.19403e-05
1785070800046,1.13342e-05
1785074400019,3.3617e-06
1785078000018,7.1083e-06
1785081600062,1.11218e-05
1785085200066,4.6389e-06
1785088800070,6e-10
1785092400031,-4.732e-06
1785096000057,3.316e-07
1785099600001,3.1255e-06
1785103200023,7.396e-07
1785106800005,9.3464e-06
1785110400074,1.22055e-05
1785114000022,1.25e-05
1785117600111,4.9241e-06
1785121200017,6.4794e-06
1785124800014,8.1615e-06
1785128400040,1.16966e-05
1785132000021,1.25e-05
1785135600052,1.12417e-05
1785139200015,9.8127e-06
1785142800005,1.25e-05
1785146400038,1.3959e-06
1785150000013,-4.738e-07
1785153600054,-5.072e-06
1785157200017,-4.6734e-06
1785160800021,-6.2165e-06
1785164400018,-1.42462e-05
1785168000017,-9.2699e-06
1785171600018,-5.6153e-06
1785175200035,-8.483e-06
1785178800040,-6.0877e-06
1785182400016,-5.935e-06
1785186000117,4.1129e-06
1785189600062,-1.41573e-05
1785193200059,-2.44282e-05
1785196800026,-2.17346e-05
1785200400044,-2.42686e-05
1785204000059,-1.94413e-05
1785207600015,-1.21427e-05
1785211200006,-1.45995e-05
1785214800046,-1.66664e-05
1785218400038,-1.93504e-05
1785222000018,-1.56795e-05
1785225600004,-1.71691e-05
1785229200012,-1.58119e-05
1785232800065,-2.3537e-05
1785236400046,-1.77675e-05
1785240000028,-1.6933e-05
1785243600014,-2.44066e-05
1785247200032,-3.02457e-05
1785250800056,1.3371e-06
1785254400052,-9.766e-07
1785258000100,9.982e-07
1785261600050,2.7486e-06
1785265200029,-2.9955e-06
1785268800046,-2.0762e-06
1785272400006,-5.1836e-06
1785276000009,-1.0844e-06
1785279600117,-2.4192e-06
1785283200066,-1.2244e-06
1785286800023,8.2376e-06
1785290400013,2.991e-06
1785294000002,5.677e-06
1785297600027,6.823e-07
1785301200043,4.6968e-06
1785304800033,1.25e-05
1785308400047,1.25e-05
1785312000009,1.25e-05
1785315600043,1.25e-05
1785319200051,1.25e-05
1785322800011,1.25e-05
1785326400040,1.25e-05
1785330000030,1.25e-05
1785333600028,1.25e-05
1785337200042,1.25e-05
1785340800011,1.25e-05
1785344400057,1.25e-05
1785348000021,1.25e-05
1785351600020,1.25e-05
1785355200045,1.25e-05
1785358800032,9.5621e-06
1785362400030,1.25e-05
1785366000078,1.25e-05
1785369600016,1.25e-05
1785373200067,1.25e-05
1785376800024,1.25e-05
1785380400064,1.25e-05
1785384000061,1.25e-05
1785387600025,1.25e-05
1785391200057,1.25e-05
1785394800041,1.25e-05
1785398400046,1.25e-05
1785402000054,1.15869e-05
1785405600067,1.25e-05
1785409200013,1.25e-05
1785412800051,1.25e-05
1785416400020,1.25e-05
1785420000019,1.25e-05
1785423600013,1.25e-05
1785427200040,1.25e-05
1785430800060,1.25e-05
1785434400010,1.1408e-05
1785438000002,1.25e-05
1785441600025,1.25e-05
1785445200008,1.25e-05
1785448800003,1.25e-05
1785452400025,1.25e-05
1785456000072,1.25e-05
1785459600063,1.25e-05
1785463200040,1.25e-05
1785466800044,6.5259e-06
1785470400030,-4.486e-07
1785474000038,-2.2771e-06
1785477600055,3.0469e-06
1785481200009,1.7724e-06
1785484800011,-1.7764e-06
1785488400061,-7.264e-07
1785492000003,8.031e-07
1785495600048,1.25e-05
1785499200019,1.25e-05
1785502800019,1.18577e-05
1785506400016,1.25e-05
1785510000020,-5.778e-07
1785513600020,-5.7787e-06
1785517200020,1.1072e-06
1785520800073,-1.7916e-06
1785524400025,-1.8697e-06
1785528000032,1.0495e-06
1785531600015,-2.803e-07
1785535200004,-7.617e-06
1785538800013,3.2366e-06
1785542400080,4.6751e-06
1785546000003,5.0392e-06
1785549600017,1.25e-05
1785553200054,1.14225e-05
1785556800008,-9.391e-07
1785560400065,6.4571e-06
1785564000017,7.6189e-06
1785567600061,4.9967e-06
1785571200000,1.25e-05
1785574800035,1.05057e-05
1785578400056,-1.693e-07
1785582000029,-5.083e-07
1785585600034,5.7032e-06
1785589200036,9.4247e-06
1785592800045,1.25e-05
1785596400003,8.2381e-06
1785600000043,-6.2877e-06
1785603600022,-1.6612e-06
1785607200001,-1.51405e-05
1785610800030,-1.35599e-05
1785614400033,-7.3122e-06
1785618000006,-9.224e-06
1785621600018,-7.4241e-06
1785625200048,2.435e-07
1785628800059,-1.08253e-05
1785632400056,9.2001e-06
1785636000002,1.17574e-05
1785639600019,-8.659e-07
1785643200017,8.8044e-06
1785646800026,1.18093e-05
1785650400014,1.7948e-06
1785654000053,-4.3243e-06
1785657600020,5.189e-07
1785661200124,1.25e-05
1785664800023,1.25e-05
1785668400055,6.5305e-06
1785672000048,1.17738e-05
1785675600004,1.25e-05
1785679200034,1.04664e-05
1785682800048,1.21671e-05
1785686400028,1.25e-05
1785690000029,1.25e-05
1785693600002,1.25e-05
1785697200002,1.25e-05
1785700800033,-1.1951e-06
1785704400037,-3.869e-06
1785708000043,6.8716e-06
1785711600033,1.20577e-05
1785715200028,1.25e-05
1785718800062,1.25e-05
1785722400043,1.25e-05
1785726000042,5.8913e-06
1785729600051,1.25e-05
1785733200017,1.25e-05
1785736800062,7.945e-06
1785740400026,1.25e-05
1785744000042,1.21415e-05
1785747600041,5.3943e-06
1785751200030,7.5528e-06
1785754800110,4.2866e-06
1785758400055,6.794e-06
1785762000036,6.1213e-06
1785765600010,9.8765e-06
1785769200047,4.6495e-06
1785772800039,-1.8839e-06
1785776400017,2.4233e-06
1785780000004,2.2062e-06
1785783600127,1.9005e-06
1785787200020,4.428e-07
1785790800021,-3.2045e-06
1785794400018,-3.2967e-06
1785798000067,1.02286e-05
1785801600008,1.25e-05
1785805200042,1.25e-05
1785808800059,2.8468e-06
1785812400036,1.25e-05
1785816000044,1.25e-05
1785819600001,1.25e-05
1785823200063,1.25e-05
1785826800016,8.2953e-06
1785830400083,7.4501e-06
1785834000027,1.25e-05
1785837600067,7.4461e-06
1785841200006,8.1294e-06
1785844800003,1.02518e-05
1785848400003,1.25e-05
1785852000001,9.4629e-06
1785855600069,-2.357e-07
1785859200006,2.0572e-06
1785862800035,7.0286e-06
1785866400001,9.417e-07
1785870000033,-1.608e-07
1785873600036,3.5138e-06
1785877200011,3.2763e-06
1785880800082,7.8859e-06
1785884400045,4.613e-06
1785888000040,2.9563e-06
1785891600007,2.943e-06
1785895200060,1.4467e-06
1785898800032,2.4911e-06
1785902400019,6.643e-07
1785906000043,4.4055e-06
1785909600010,3.6196e-06
1785913200013,-8.069e-07
1785916800065,2.2428e-06
1785920400021,-3.1292e-06
1785924000029,-9.5088e-06
1785927600049,-3.4617e-06
1785931200016,-2.0527e-06
1785934800061,6.7878e-06
1785938400038,7.0114e-06
1785942000063,1.05516e-05
1785945600007,3.2875e-06
1785949200068,4.024e-07
1785952800014,3.6219e-06
1785956400133,6.3833e-06
1785960000038,-1.8185e-06
1785963600016,-3.0559e-06
1785967200017,-6.3111e-06
1785970800053,-3.4772e-06
1785974400034,-5.031e-06
1785978000017,-3.857e-06
1785981600016,-6.5546e-06
1785985200000,-9.6738e-06
1785988800043,-1.22314e-05
1785992400018,-4.3515e-06
1785996000018,6.559e-07
1785999600054,4.792e-06
1786003200053,1.25e-05
1786006800043,-4.4445e-06
1786010400057,5.4831e-06
1786014000016,4.4165e-06
1786017600044,-2.8327e-06
1786021200075,-1.34491e-05
1786024800005,-9.7512e-06
1786028400061,-9.5458e-06
1786032000013,-9.451e-06
1786035600090,-3.5354e-06
1786039200024,-6.9278e-06
1786042800007,-1.75971e-05
1786046400058,-1.02161e-05
1786050000092,-1.02039e-05
1786053600021,-8.263e-07
1786057200017,-9.5922e-06
1786060800071,-1.27331e-05
1786064400023,-6.6048e-06
1786068000044,-6.9145e-06
1786071600048,-6.3067e-06
1786075200000,-7.1871e-06
1786078800013,-7.8573e-06
1786082400046,-3.4797e-06
1786086000038,-5.4514e-06
1786089600012,-1.9232e-06
1786093200017,9.398e-07
1786096800000,-8.5914e-06
1786100400051,3.9163e-06
1786104000050,-3.6627e-06
1786107600003,5.384e-07
1786111200035,1.4642e-06
1786114800012,-8.0911e-06
1786118400008,-4.0734e-06
1786122000017,-6.0738e-06
1786125600061,1.1654e-06
1786129200031,2.7631e-06
1786132800028,4.5997e-06
1786136400024,-3.8136e-06
1786140000013,1.27e-08
1786143600070,7.919e-07
1786147200060,-7.0148e-06
1786150800011,-5.0436e-06
1786154400046,3.8154e-06
1786158000038,-1.2033e-06
1786161600048,2.1975e-06
1786165200025,5.7389e-06
1786168800010,6.7357e-06
1786172400028,3.1619e-06
1786176000037,1.9301e-06
1786179600020,9.1323e-06
1786183200032,9.5543e-06
1786186800028,1.25e-05
1786190400039,1.25e-05
1786194000048,1.25e-05
1786197600061,1.25e-05
1786201200039,1.25e-05
1786204800048,1.25e-05
1786208400045,1.25e-05
1786212000001,1.25e-05
1786215600054,1.25e-05
1786219200029,1.25e-05
1786222800040,1.25e-05
1786226400055,1.25e-05
1786230000029,1.25e-05
1786233600006,1.25e-05
1786237200048,1.25e-05
1786240800010,1.25e-05
1786244400022,1.25e-05
1786248000019,1.25e-05
1786251600037,1.25e-05
1786255200035,1.25e-05
1786258800066,1.25e-05
1786262400003,1.25e-05
1786266000034,1.25e-05
1786269600046,1.25e-05
1786273200046,1.25e-05
1786276800041,1.25e-05
1786280400020,1.25e-05
1786284000018,1.25e-05
1786287600054,1.25e-05
1786291200032,1.25e-05
1786294800013,1.25e-05
1786298400017,1.25e-05
1786302000035,1.25e-05
1786305600032,1.25e-05
1786309200021,1.25e-05
1786312800020,1.25e-05
1786316400017,1.25e-05
1786320000029,1.25e-05
1786323600030,1.25e-05
1786327200015,1.25e-05
1786330800079,1.25e-05
1786334400005,1.25e-05
1786338000028,1.25e-05
1786341600066,1.25e-05
1786345200068,1.25e-05
1786348800043,1.25e-05
1786352400010,1.25e-05
1786356000067,1.25e-05
1786359600043,1.25e-05
1786363200013,1.25e-05
1786366800029,1.25e-05
1786370400065,1.25e-05
1786374000001,1.25e-05
1786377600020,1.25e-05
1786381200047,1.25e-05
1786384800012,1.25e-05
1786388400045,1.25e-05
1786392000074,1.25e-05
1786395600052,1.25e-05
1786399200028,1.25e-05
1786402800066,1.25e-05
1786406400019,1.25e-05
1786410000033,1.25e-05
1786413600013,1.25e-05
1786417200120,1.25e-05
1786420800086,1.25e-05
1786424400010,1.25e-05
1786428000024,1.25e-05
1786431600002,1.25e-05
1786435200091,1.25e-05
1786438800123,3.375e-07
1786442400054,6.1748e-06
1786446000035,3.3645e-06
1786449600025,1.25e-05
1786453200053,1.25e-05
1786456800065,1.16628e-05
1786460400033,8.18e-07
1786464000039,7.1225e-06
1786467600008,4.1763e-06
1786471200017,7.3085e-06
1786474800065,1.25e-05
1786478400007,1.25e-05
1786482000039,1.25e-05
1786485600006,1.25e-05
1786489200043,1.25e-05
1786492800012,1.25e-05
1786496400060,1.25e-05
1786500000027,1.25e-05
1786503600031,1.25e-05
1786507200057,1.25e-05
1786510800031,1.25e-05
1786514400069,1.25e-05
1786518000076,1.25e-05
1786521600044,1.25e-05
1786525200033,1.25e-05
1786528800035,1.25e-05
1786532400013,1.25e-05
1786536000003,1.25e-05
1786539600045,1.25e-05
1786543200026,1.25e-05
1786546800037,1.25e-05
1786550400020,1.25e-05
1786554000021,1.25e-05
1786557600049,1.25e-05
1786561200060,1.25e-05
1786564800062,1.25e-05
1786568400071,1.25e-05
1786572000056,1.25e-05
1786575600064,1.25e-05
1786579200046,1.25e-05
1786582800018,1.25e-05
1786586400072,1.25e-05
1786590000097,1.25e-05
1786593600123,1.25e-05
1786597200043,1.25e-05
1786600800032,1.25e-05
1786604400024,1.25e-05
1786608000011,1.25e-05
1786611600047,1.25e-05
1786615200040,1.25e-05
1786618800125,1.25e-05
1786622400048,1.25e-05
1786626000026,1.25e-05
1786629600026,1.25e-05
1786633200005,1.25e-05
1786636800072,1.25e-05
1786640400027,1.25e-05
1786644000032,1.25e-05
1786647600022,1.25e-05
1786651200056,1.25e-05
1786654800006,1.25e-05
1786658400055,1.25e-05
1786662000040,1.25e-05
1786665600060,1.25e-05
1786669200013,1.25e-05
1786672800047,1.25e-05
1786676400046,1.25e-05
1786680000050,1.25e-05
1786683600014,1.25e-05
1786687200046,1.25e-05
1786690800020,1.25e-05
1786694400030,1.25e-05
1786698000057,1.25e-05
1786701600038,1.25e-05
1786705200029,1.25e-05
1786708800062,1.25e-05
1786712400063,1.25e-05
1786716000048,1.25e-05
1786719600028,1.25e-05
1786723200013,1.25e-05
1786726800010,1.25e-05
1786730400038,1.25e-05
1786734000057,1.25e-05
1786737600048,3.6233e-06
1786741200016,3.7068e-06
1786744800052,8.0722e-06
1786748400048,5.2087e-06
1786752000032,1.113e-07
1786755600063,3.583e-07
1786759200031,4.7361e-06
1786762800040,2.6726e-06
1786766400026,1.5791e-06
1786770000075,5.2794e-06
1786773600058,7.3115e-06
1786777200046,1.18637e-05
1786780800048,1.25e-05
1786784400009,1.21719e-05
1786788000038,5.3714e-06
1786791600009,9.504e-07
1786795200003,2.0418e-06
1786798800064,1.7551e-06
1786802400035,3.0152e-06
1786806000026,8.5996e-06
1786809600025,9.455e-06
1786813200049,8.4646e-06
1786816800053,6.1518e-06
1786820400035,1.01689e-05
1786824000048,9.1969e-06
1786827600042,1.25e-05
1786831200030,1.25e-05
1786834800020,1.25e-05
1786838400059,1.24783e-05
1786842000030,1.25e-05
1786845600028,1.25e-05
1786849200043,1.25e-05
1786852800072,8.9698e-06
1786856400022,1.16883e-05
1786860000092,8.7498e-06
1786863600086,1.10007e-05
1786867200034,1.25e-05
1786870800012,1.25e-05
1786874400004,1.25e-05
1786878000134,4.304e-06
1786881600014,-1.17366e-05
1786885200034,-9.5055e-06
1786888800046,-1.46218e-05
1786892400056,-4.0156e-06
1786896000003,-1.7956e-06
1786899600005,4.2e-09
1786903200030,-3.8785e-06
1786906800057,-4.559e-06
1786910400038,1.889e-06
1786914000030,-9.287e-07
1786917600053,-1.064e-07
1786921200029,-9.3004e-06
1786924800025,-1.0711e-05
1786928400034,-9.8611e-06
1786932000055,-5.7909e-06
1786935600039,1.321e-06
1786939200011,-2.5455e-06
1786942800046,1.4272e-06
1786946400026,8.8118e-06
1786950000030,1.12828e-05
1786953600026,1.25e-05
1786957200049,1.25e-05
1786960800068,1.13359e-05
1786964400045,1.25e-05
1786968000013,1.25e-05
1786971600064,1.25e-05
1786975200067,1.25e-05
1786978800001,9.4418e-06
1786982400046,1.24568e-05
1786986000061,-3.1318e-06
1786989600005,6.2292e-06
1786993200018,3.623e-06
1786996800034,7.0128e-06
1787000400020,-8.6217e-06
1787004000010,6.4464e-06
1787007600046,-3.0504e-06
1787011200058,-2.62e-07
1787014800012,9.4812e-06
1787018400015,1.25e-05
1787022000001,-7.708e-06
1787025600049,-1.55519e-05
1787029200016,-6.0362e-06
1787032800017,-1.72194e-05
1787036400068,2.2502e-06
1787040000049,-5.0922e-06
1787043600052,1.0251e-06
1787047200049,3.2801e-06
1787050800026,2.4078e-06
1787054400045,6.0915e-06
1787058000003,1.0351e-06
1787061600021,-5.7533e-06
1787065200028,8.9538e-06
1787068800001,1.25e-05
1787072400026,3.1382e-06
1787076000011,6.03e-06
1787079600048,1.25e-05
1787083200006,4.692e-06
1787086800097,-1.3267e-06
1787090400016,-3.1175e-06
1787094000008,9.851e-07
1787097600012,1.6345e-06
1787101200055,9.764e-06
1787104800016,1.10567e-05
1787108400047,1.11937e-05
1787112000009,1.25e-05
1787115600008,1.25e-05
1787119200051,1.25e-05
1787122800034,9.2796e-06
1787126400027,1.04875e-05
1787130000036,1.14011e-05
1787133600003,1.25e-05
1787137200030,1.25e-05
1787140800059,1.25e-05
1787144400021,1.25e-05
1787148000018,1.25e-05
1787151600007,1.25e-05
1787155200035,1.25e-05
1787158800001,1.25e-05
1787162400043,1.25e-05
1787166000035,1.25e-05
1787169600063,1.25e-05
1787173200026,1.25e-05
1787176800044,1.25e-05
1787180400004,1.25e-05
1787184000002,1.25e-05
1787187600057,1.25e-05
1787191200030,1.25e-05
1787194800020,1.25e-05
1787198400058,1.25e-05
1787202000050,1.25e-05
1787205600012,1.25e-05
1787209200099,1.25e-05
1787212800040,1.25e-05
1787216400047,1.25e-05
1787220000051,1.25e-05
1787223600038,1.25e-05
1787227200015,1.25e-05
1787230800021,1.25e-05
1787234400021,1.25e-05
1787238000042,1.25e-05
1787241600047,1.25e-05
1787245200009,1.25e-05
1787248800076,1.25e-05
1787252400031,1.25e-05
1787256000001,1.25e-05
1787259600054,1.25e-05
1787263200058,1.25e-05
1787266800039,1.25e-05
1787270400024,1.25e-05
1787274000054,1.25e-05
1787277600048,1.25e-05
1787281200027,1.25e-05
1787284800009,1.25e-05
1787288400060,1.25e-05
1787292000076,1.25e-05
1787295600033,1.25e-05
1787299200016,1.25e-05
1787302800050,1.25e-05
1787306400041,1.25e-05
1787310000054,1.25e-05
1787313600051,1.25e-05
1787317200021,1.25e-05
1787320800026,1.25e-05
1787324400009,1.25e-05
1787328000031,1.25e-05
1787331600024,1.25e-05
1787335200013,1.25e-05
1787338800035,1.25e-05
1787342400041,1.25e-05
1787346000063,1.25e-05
1787349600068,1.25e-05
1787353200016,9.14224e-05
1787356800028,0.0001314046
1787360400065,6.39699e-05
1787364000021,0.0001366158
1787367600014,0.0001007474
1787371200035,8.42918e-05
1787374800032,0.0001123861
1787378400054,4.29163e-05
1787382000006,0.0001581712
1787385600038,0.000156723
1787389200006,5.02492e-05
1787392800059,3.94915e-05
1787396400030,2.30042e-05
1787400000042,6.97077e-05
1787403600069,5.18519e-05
1787407200013,3.31007e-05
1787410800030,4.26308e-05
1787414400054,6.71755e-05
1787418000039,7.60603e-05
1787421600048,4.33382e-05
1787425200029,3.80841e-05
1787428800015,3.36385e-05
1787432400018,8.41996e-05
1787436000064,6.12276e-05
1787439600035,4.18994e-05
1787443200018,3.62218e-05
1787446800043,4.13298e-05
1787450400032,3.94223e-05
1787454000028,2.27352e-05
1787457600018,1.25e-05
1787461200062,1.25e-05
1787464800028,1.25e-05
1787468400026,1.25e-05
1787472000061,3.62321e-05
1787475600034,5.17767e-05
1787479200004,1.25e-05
1787482800022,1.29881e-05
1787486400030,1.54798e-05
1787490000067,1.25e-05
1787493600112,2.4888e-05
1787497200014,1.3165e-05
1787500800081,1.25e-05
1787504400049,1.25e-05
1787508000010,1.25e-05
1787511600007,1.25e-05
1787515200052,1.25e-05
1787518800055,1.25e-05
1787522400072,1.25e-05
1787526000063,1.25e-05
1787529600082,1.25e-05
1787533200038,1.25e-05
1787536800042,1.25e-05
1787540400074,1.25e-05
1787544000019,1.25e-05
1787547600070,1.25e-05
1787551200057,1.25e-05
1787554800028,1.25e-05
1787558400005,1.25e-05
1787562000013,1.25e-05
1787565600056,1.25e-05
1787569200088,1.25e-05
1787572800085,1.25e-05
1787576400041,1.25e-05
1787580000060,1.25e-05
1787583600026,1.25e-05
1787587200005,1.25e-05
1787590800093,1.25e-05
1787594400008,1.25e-05
1787598000031,1.25e-05
1787601600030,1.25e-05
1787605200009,1.25e-05
1787608800032,1.25e-05
1787612400041,1.25e-05
1787616000004,1.25e-05
1787619600045,1.25e-05
1787623200006,1.25e-05
1787626800017,1.25e-05
1787630400028,1.25e-05
1787634000025,1.25e-05
1787637600001,1.5308e-05
1787641200025,1.25e-05
1787644800008,1.25e-05
1787648400046,1.25e-05
1787652000015,1.25e-05
1787655600008,1.25e-05
1787659200027,1.25e-05
1787662800038,1.25e-05
1787666400013,1.25e-05
1787670000026,1.25e-05
1787673600058,1.25e-05
1787677200010,1.25e-05
1787680800007,1.25e-05
1787684400134,1.25e-05
1787688000049,1.25e-05
1787691600059,1.25e-05
1787695200005,6.9362e-06
1787698800001,1.25e-05
1787702400048,1.18641e-05
1787706000049,1.25e-05
1787709600048,1.25e-05
1787713200037,1.25e-05
1787716800048,1.25e-05
1787720400049,1.25e-05
1787724000008,1.25e-05
1787727600018,1.25e-05
1787731200007,1.25e-05
1787734800067,1.25e-05
1787738400032,1.25e-05
1787742000018,1.25e-05
1787745600022,1.25e-05
1787749200003,1.25e-05
1787752800026,1.25e-05
1787756400057,1.25e-05
1787760000034,1.25e-05
1787763600021,1.25e-05
1787767200046,1.25e-05
1787770800041,1.25e-05
1787774400068,1.25e-05
1787778000039,1.25e-05
1787781600019,1.25e-05
1787785200002,1.25e-05
1787788800012,1.25e-05
1787792400004,1.25e-05
1787796000013,1.25e-05
1787799600029,1.25e-05
1787803200091,1.25e-05
1787806800010,1.25e-05
1787810400041,1.25e-05
1787814000047,1.25e-05
1787817600119,1.25e-05
1787821200047,1.25e-05
1787824800056,1.25e-05
1787828400074,1.25e-05
1787832000043,1.25e-05
1787835600066,1.25e-05
1787839200035,1.25e-05
1787842800045,1.25e-05
1787846400033,1.25e-05
1787850000032,1.25e-05
1787853600059,1.25e-05
1787857200062,1.25e-05
1787860800016,1.25e-05
1787864400051,1.25e-05
1787868000040,1.25e-05
1787871600056,1.25e-05
1787875200079,1.25e-05
1787878800049,1.25e-05
1787882400026,1.25e-05
1787886000001,1.25e-05
1787889600011,1.09043e-05
1787893200031,1.07142e-05
1787896800038,1.18727e-05
1787900400038,1.25e-05
1787904000046,1.23251e-05
1787907600010,1.25e-05
1787911200037,1.25e-05
1787914800083,1.25e-05
1787918400038,1.25e-05
1787922000059,1.25e-05
1787925600018,1.25e-05
1787929200090,7.0821e-06
1787932800011,1.25e-05
1787936400016,1.25e-05
1787940000049,1.25e-05
1787943600018,1.25e-05
1787947200046,1.25e-05
1787950800058,1.25e-05
1787954400045,1.25e-05
1787958000040,1.25e-05
1787961600069,1.25e-05
1787965200048,1.25e-05
1787968800035,1.25e-05
1787972400001,1.25e-05
1787976000012,1.25e-05
1787979600068,1.25e-05
1787983200061,1.25e-05
1787986800027,1.25e-05
1787990400053,1.25e-05
1787994000044,1.25e-05
1787997600025,1.25e-05
1788001200058,1.25e-05
1788004800032,1.25e-05
1788008400009,1.25e-05
1788012000049,1.25e-05
1788015600035,1.25e-05
1788019200095,1.25e-05
1788022800100,1.25e-05
1788026400034,1.25e-05
1788030000041,1.25e-05
1788033600019,1.25e-05
1788037200076,1.25e-05
1788040800041,1.25e-05
1788044400024,1.25e-05
1788048000065,1.25e-05
1788051600015,1.25e-05
1788055200010,1.25e-05
1788058800046,1.25e-05
1788062400018,1.25e-05
1788066000035,1.25e-05
1788069600001,1.25e-05
1788073200050,1.25e-05
1788076800036,1.25e-05
1788080400017,1.25e-05
1788084000042,1.25e-05
1788087600049,1.25e-05
1788091200098,1.25e-05
1788094800029,1.25e-05
1788098400047,1.25e-05
1788102000016,1.25e-05
1788105600036,1.25e-05
1788109200018,1.25e-05
1788112800008,1.25e-05
1788116400043,1.25e-05
1788120000027,1.25e-05
1788123600036,1.25e-05
1788127200071,1.25e-05
1788130800052,1.25e-05
1788134400007,1.25e-05
1788138000050,1.25e-05
1788141600067,1.25e-05
1788145200034,1.25e-05
1788148800052,1.25e-05
1788152400000,1.25e-05
1788156000017,1.25e-05
1788159600011,1.25e-05
1788163200063,1.25e-05
1788166800032,1.25e-05
1788170400053,1.25e-05
1788174000036,1.25e-05
1788177600050,1.25e-05
1788181200063,1.25e-05
1788184800028,1.25e-05
1788188400047,1.25e-05
1788192000044,1.25e-05
1788195600042,1.25e-05
1788199200059,1.25e-05
1788202800043,1.25e-05
1788206400026,1.25e-05
1788210000044,1.25e-05
1788213600071,1.25e-05
1788217200129,1.25e-05
1788220800019,1.25e-05
1788224400054,1.25e-05
1788228000000,1.25e-05
1788231600044,1.25e-05
1788235200029,1.25e-05
1788238800033,1.25e-05
1788242400013,1.25e-05
1788246000067,1.25e-05
1788249600022,1.25e-05
1788253200003,1.25e-05
1788256800048,1.25e-05
1788260400054,1.25e-05
1788264000019,1.25e-05
1788267600031,1.25e-05
1788271200043,1.25e-05
1788274800043,1.25e-05
1788278400038,1.25e-05
1788282000051,1.25e-05
1788285600016,1.25e-05
1788289200007,1.25e-05
1788292800012,1.25e-05
1788296400010,1.25e-05
1788300000006,1.25e-05
1788303600005,1.25e-05
1788307200047,1.25e-05
1788310800015,1.25e-05
1788314400015,1.25e-05
1788318000012,1.25e-05
1788321600068,1.25e-05
1788325200032,1.25e-05
1788328800018,1.25e-05
1788332400034,1.25e-05
1788336000029,1.25e-05
1788339600002,1.25e-05
1788343200031,1.23673e-05
1788346800076,7.7279e-06
1788350400021,1.25e-05
1788354000073,1.25e-05
1788357600004,1.25e-05
1788361200060,1.25e-05
1788364800044,1.25e-05
1788368400004,1.25e-05
1788372000004,1.25e-05
1788375600017,1.25e-05
1788379200046,1.25e-05
1788382800055,1.25e-05
1788386400010,1.25e-05
1788390000041,1.25e-05
1788393600075,1.25e-05
1788397200052,1.25e-05
1788400800011,1.25e-05
1788404400026,1.25e-05
1788408000025,1.25e-05
1788411600015,1.25e-05
1788415200016,1.25e-05
1788418800040,1.25e-05
1788422400025,1.25e-05
1788426000011,1.25e-05
1788429600005,1.25e-05
1788433200031,1.25e-05
1788436800063,1.25e-05
1788440400007,1.25e-05
1788444000032,1.25e-05
1788447600014,1.25e-05
1788451200021,1.25e-05
1788454800038,1.25e-05
1788458400030,1.25e-05
1788462000039,1.25e-05
1788465600007,1.25e-05
1788469200047,1.25e-05
1788472800059,1.25e-05
1788476400059,1.25e-05
1788480000030,1.25e-05
1788483600062,1.25e-05
1788487200002,1.25e-05
1788490800028,1.25e-05
1788494400049,1.25e-05
1788498000080,1.25e-05
1788501600034,1.25e-05
1788505200017,1.25e-05
1788508800050,1.25e-05
1788512400048,1.25e-05
1788516000025,1.25e-05
1788519600028,1.25e-05
1788523200038,1.25e-05
1788526800038,1.25e-05
1788530400057,1.25e-05
1788534000045,1.25e-05
1788537600041,1.25e-05
1788541200047,1.25e-05
1788544800018,1.25e-05
1788548400002,1.25e-05
1788552000122,1.25e-05
1788555600044,1.25e-05
1788559200003,1.25e-05
1788562800000,1.25e-05
1788566400005,1.25e-05
1788570000016,1.25e-05
1788573600063,1.25e-05
1788577200037,1.25e-05
1788580800024,1.25e-05
1788584400089,1.25e-05
1788588000040,1.25e-05
1788591600013,1.25e-05
1788595200002,1.25e-05
1788598800072,1.20223e-05
1788602400044,1.25e-05
1788606000016,1.25e-05
1788609600053,1.25e-05
1788613200049,1.25e-05
1788616800049,1.25e-05
1788620400047,1.25e-05
1788624000012,1.25e-05
1788627600018,1.25e-05
1788631200022,1.25e-05
1788634800048,1.25e-05
1788638400032,1.25e-05
1788642000040,1.25e-05
1788645600045,1.25e-05
1788649200059,1.25e-05
1788652800016,1.25e-05
1788656400049,1.25e-05
1788660000027,1.25e-05
1788663600010,1.25e-05
1788667200036,1.25e-05
1788670800040,1.25e-05
1788674400097,1.25e-05
1788678000116,1.25e-05
1788681600054,1.25e-05
1788685200005,1.25e-05
1788688800109,1.25e-05
1788692400065,1.25e-05
1788696000035,1.25e-05
1788699600035,1.25e-05
1788703200037,1.25e-05
1788706800045,1.25e-05
1788710400038,1.25e-05
1788714000013,1.25e-05
1788717600120,1.25e-05
1788721200100,1.25e-05
1788724800069,1.25e-05
1788728400040,1.25e-05
1788732000015,1.25e-05
1788735600002,1.25e-05
1788739200041,1.25e-05
1788742800051,1.25e-05
1788746400029,1.25e-05
1788750000059,1.25e-05
1788753600054,1.25e-05
1788757200057,1.25e-05
1788760800053,1.25e-05
1788764400019,1.25e-05
1788768000025,1.25e-05
1788771600038,1.25e-05
1788775200012,1.25e-05
1788778800029,1.25e-05
1788782400039,1.25e-05
1788786000056,1.25e-05
1788789600026,1.25e-05
1788793200045,1.25e-05
1788796800043,1.25e-05
1788800400049,1.25e-05
1788804000043,1.25e-05
1788807600028,1.25e-05
1788811200060,1.25e-05
1788814800039,1.25e-05
1788818400004,1.25e-05
1788822000016,1.25e-05
1788825600043,1.25e-05
1788829200050,1.25e-05
1788832800031,1.25e-05
1788836400017,1.25e-05
1788840000012,1.25e-05
1788843600011,1.25e-05
1788847200009,1.25e-05
1788850800043,1.25e-05
1788854400047,1.25e-05
1788858000016,1.25e-05
1788861600042,1.25e-05
1788865200085,1.25e-05
1788868800040,1.25e-05
1788872400038,1.25e-05
1788876000053,1.25e-05
1788879600048,1.25e-05
1788883200040,1.25e-05
1788886800031,1.25e-05
1788890400039,1.25e-05
1788894000054,1.25e-05
1788897600014,1.25e-05
1788901200003,1.25e-05
1788904800061,1.25e-05
1788908400052,1.25e-05
1788912000076,1.25e-05
1788915600108,1.25e-05
1788919200131,1.25e-05
1788922800011,1.25e-05
1788926400015,1.25e-05
1788930000032,1.25e-05
1788933600010,1.25e-05
1788937200046,1.25e-05
1788940800029,1.25e-05
1788944400015,1.25e-05
1788948000067,1.25e-05
1788951600005,1.25e-05
1788955200034,1.25e-05
1788958800049,1.25e-05
1788962400073,1.25e-05
1788966000054,1.25e-05
1788969600030,1.02147e-05
1788973200075,1.04315e-05
1788976800032,1.25e-05
1788980400057,6.0289e-06
1788984000027,-3.491e-06
1788987600023,-3.0578e-06
1788991200015,-2.40744e-05
1788994800058,-2.87038e-05
1788998400013,-3.05742e-05
1789002000046,-1.5848e-05
1789005600018,-5.0538e-06
1789009200048,2.1784e-06
1789012800047,8.6014e-06
1789016400010,7.8997e-06
1789020000021,3.3896e-06
1789023600026,1.1802e-06
1789027200027,-1.9591e-06
1789030800040,2.9216e-06
1789034400112,3.1395e-06
1789038000012,-9.423e-07
1789041600126,-3.5831e-06
1789045200008,-3.9304e-06
1789048800007,-1.42067e-05
1789052400004,-5.0976e-06
1789056000091,-1.5255e-06
1789059600001,-2.8614e-06
1789063200063,9.8119e-06
1789066800045,1.25e-05
1789070400028,1.25e-05
1789074000110,1.25e-05
1789077600028,1.25e-05
1789081200007,1.25e-05
1789084800040,1.25e-05
1789088400030,1.25e-05
1789092000019,1.25e-05
1789095600118,1.14272e-05
1789099200030,9.0361e-06
1789102800018,1.25e-05
1789106400042,1.25e-05
1789110000124,1.25e-05
1789113600085,1.25e-05
1789117200037,1.25e-05
1789120800021,1.25e-05
1789124400046,1.25e-05
1789128000006,1.25e-05
1789131600057,7.6702e-06
1789135200020,1.25e-05
1789138800047,1.25e-05
1789142400047,1.25e-05
1789146000028,1.25e-05
1789149600021,1.25e-05
1789153200011,1.25e-05
1789156800017,7.865e-07
1789160400000,-1.3431e-06
1789164000041,-4.53e-08
1789167600007,-4.151e-07
1789171200064,4.476e-06
1789174800041,5.113e-07
1789178400023,5.6736e-06
1789182000036,9.1363e-06
1789185600037,5.0567e-06
1789189200028,2.3721e-06
1789192800003,-9.64e-08
1789196400009,-2.4784e-06
1789200000039,-9.1175e-06
1789203600059,-1.02574e-05
1789207200014,9.5062e-06
1789210800059,5.8434e-06
1789214400037,7.693e-06
1789218000041,4.9493e-06
1789221600000,6.4467e-06
1789225200104,1.25e-05
1789228800001,1.25e-05
1789232400043,1.03615e-05
1789236000008,4.8572e-06
1789239600008,1.6923e-06
1789243200022,1.5152e-06
1789246800010,1.25e-05
1789250400013,1.25e-05
1789254000043,3.5371e-06
1789257600049,1.09593e-05
1789261200026,4.216e-07
1789264800029,1.19483e-05
1789268400061,1.25e-05
1789272000042,1.25e-05
1789275600117,1.21186e-05
1789279200007,1.25e-05
1789282800041,1.25e-05
1789286400020,-1.1739e-05
1789290000029,-9.6884e-06
1789293600008,-2.60392e-05
1789297200026,-2.51072e-05
1789300800053,-1.28974e-05
1789304400019,-1.30435e-05
1789308000107,-1.42448e-05
1789311600038,-7.0172e-06
1789315200070,-6.5974e-06
1789318800040,1.2014e-06
1789322400042,5.2932e-06
1789326000020,2.7922e-06
1789329600000,-1.54945e-05
1789333200020,-4.7847e-06
1789336800010,6.8517e-06
1789340400023,9.2598e-06
1789344000068,1.25e-05
1789347600018,1.25e-05
1789351200022,1.25e-05
1789354800024,1.25e-05
1789358400022,1.25e-05
1789362000040,1.25e-05
1789365600057,1.25e-05
1789369200040,1.25e-05
1789372800034,1.25e-05
1789376400007,1.25e-05
1789380000021,1.25e-05
1789383600121,1.25e-05
1789387200046,1.25e-05
1789390800014,1.25e-05
1789394400028,1.25e-05
1789398000030,1.25e-05
1789401600030,1.25e-05
1789405200041,1.25e-05
1789408800060,1.25e-05
1789412400016,1.25e-05
1789416000079,1.25e-05
1789419600027,1.25e-05
1789423200047,1.25e-05
1789426800132,1.25e-05
1789430400024,1.25e-05
1789434000042,1.25e-05
1789437600052,1.25e-05
1789441200097,1.25e-05
1789444800037,1.22984e-05
1789448400016,1.25e-05
1789452000003,1.25e-05
1789455600083,1.25e-05
1789459200008,1.25e-05
1789462800049,1.25e-05
1789466400030,1.25e-05
1789470000036,1.25e-05
1789473600039,1.25e-05
1789477200117,1.25e-05
1789480800005,1.25e-05
1789484400050,1.25e-05
1789488000014,1.25e-05
1789491600014,1.25e-05
1789495200017,1.25e-05
1789498800047,1.25e-05
1789502400033,1.25e-05
1789506000077,1.20709e-05
1789509600043,7.6588e-06
1789513200062,1.25e-05
1789516800021,3.2769e-06
1789520400024,1.1655e-06
1789524000058,-1.213e-06
1789527600035,1.01073e-05
1789531200018,1.25e-05
1789534800004,1.25e-05
1789538400081,1.25e-05
1789542000026,1.25e-05
1789545600035,1.18806e-05
1789549200091,1.25e-05
1789552800004,1.25e-05
1789556400029,1.25e-05
1789560000079,1.25e-05
1789563600018,1.25e-05
1789567200013,1.25e-05
1789570800012,1.25e-05
1789574400037,1.25e-05
1789578000112,1.25e-05
1789581600011,1.25e-05
1789585200054,1.25e-05
1789588800091,3.1682e-06
1789592400031,-1.042e-06
1789596000002,-6.5348e-06
1789599600022,-4.4712e-06
1789603200048,-3.0801e-06
1789606800065,7.8757e-06
1789610400031,3.8303e-06
1789614000045,3.7334e-06
1789617600038,1.25e-05
1789621200068,1.25e-05
1789624800010,1.15613e-05
1789628400016,1.25e-05
1789632000011,1.25e-05
1789635600001,1.10031e-05
1789639200041,1.25e-05
1789642800058,1.25e-05
1789646400058,1.25e-05
1789650000018,1.25e-05
1789653600029,1.25e-05
1789657200000,1.25e-05
1789660800021,1.25e-05
1789664400089,1.25e-05
1789668000043,1.25e-05
1789671600007,1.25e-05
1789675200068,1.25e-05
1789678800016,1.25e-05
1789682400006,1.25e-05
1789686000018,9.4714e-06
1789689600005,1.23057e-05
1789693200106,4.2275e-06
1789696800015,1.25e-05
1789700400050,1.25e-05
1789704000030,1.25e-05
1789707600009,1.25e-05
1789711200035,1.25e-05
1789714800058,1.25e-05
1789718400019,1.25e-05
1789722000028,1.25e-05
1789725600041,1.25e-05
1789729200059,1.25e-05
1789732800005,1.25e-05
1789736400054,1.25e-05
1789740000014,1.25e-05
1789743600019,1.25e-05
1789747200023,1.25e-05
1789750800033,1.25e-05
1789754400069,1.25e-05
1789758000083,1.25e-05
1789761600036,1.25e-05
1789765200033,1.25e-05
1789768800024,1.25e-05
1789772400009,1.25e-05
1789776000048,1.25e-05
1789779600049,1.25e-05
1789783200035,1.25e-05
1789786800051,4.14945e-05
1789790400012,2.44698e-05
1789794000045,1.57702e-05
1789797600067,3.26934e-05
1789801200050,4.63818e-05
1789804800095,3.28651e-05
1789808400016,3.89427e-05
1789812000053,1.92524e-05
1789815600055,1.44929e-05
1789819200053,2.93824e-05
1789822800026,2.81253e-05
1789826400022,3.91016e-05
1789830000035,2.31709e-05
1789833600032,1.25e-05
1789837200015,1.25e-05
1789840800037,1.25e-05
1789844400030,1.25e-05
1789848000021,1.25e-05
1789851600054,1.25e-05
1789855200034,1.25e-05
1789858800052,1.25e-05
1789862400057,1.25e-05
1789866000055,1.25e-05
1789869600005,1.25e-05
1789873200039,1.25e-05
1789876800051,1.25e-05
1789880400014,1.25e-05
1789884000017,1.25e-05
1789887600013,1.25e-05
1789891200021,1.25e-05
1789894800064,1.25e-05
1789898400052,1.25e-05
1789902000044,1.25e-05
1789905600043,1.25e-05
1789909200064,1.25e-05
1789912800025,1.25e-05
1789916400037,1.25e-05
1789920000035,1.25e-05
1789923600004,1.25e-05
1789927200038,1.25e-05
1789930800013,1.25e-05
1789934400046,1.25e-05
1789938000056,1.25e-05
1789941600032,1.25e-05
1789945200033,1.25e-05
1789948800072,1.25e-05
1789952400054,1.25e-05
1789956000032,1.25e-05
1789959600007,1.25e-05
1789963200070,1.25e-05
1789966800008,1.25e-05
1789970400040,1.25e-05
1789974000047,1.4092e-05
1789977600069,1.25e-05
1789981200073,3.56985e-05
1789984800022,5.87484e-05
1789988400040,5.39911e-05
1789992000012,5.22275e-05
1789995600016,6.17515e-05
1789999200050,7.96637e-05
1790002800016,9.28415e-05
1790006400108,9.14958e-05
1790010000083,6.2e-05
1790013600013,3.20301e-05
1790017200031,6.53663e-05
1790020800056,4.24221e-05
1790024400050,6.51494e-05
1790028000000,6.54886e-05
1790031600034,7.2279e-05
1790035200028,6.90187e-05
1790038800043,4.43301e-05
1790042400020,1.89319e-05
1790046000012,1.25e-05
1790049600050,1.25e-05
1790053200001,4.33559e-05
1790056800032,1.82583e-05
1790060400019,2.73743e-05
1790064000012,1.85971e-05
1790067600013,2.46278e-05
1790071200001,1.25e-05
1790074800014,1.25e-05
1790078400053,1.25e-05
1790082000080,1.25e-05
1790085600059,1.25e-05
1790089200000,1.25e-05
1790092800071,1.25e-05
1790096400085,1.25e-05
1790100000057,1.25e-05
1790103600072,2.01374e-05
1790107200040,3.96419e-05
1790110800004,3.66241e-05
1790114400062,4.21522e-05
1790118000027,3.15331e-05
1790121600031,1.77633e-05
1790125200061,2.30375e-05
1790128800025,1.44459e-05
1790132400051,1.25e-05
1790136000024,3.74408e-05
1790139600009,6.56472e-05
1790143200005,2.88231e-05
1790146800002,1.25e-05
1790150400033,1.25e-05
1790154000065,1.25e-05
1790157600062,1.25e-05
1790161200047,1.25e-05
1790164800030,1.25e-05
1790168400050,1.25e-05
1790172000043,1.25e-05
1790175600003,1.25e-05
1790179200048,1.25e-05
1790182800005,1.25e-05
1790186400074,1.25e-05
1790190000015,1.25e-05
1790193600071,1.25e-05
1790197200118,1.23441e-05
1790200800015,1.25e-05
1790204400039,1.25e-05
1790208000045,1.25e-05
1790211600025,1.25e-05
1790215200029,1.25e-05
1790218800001,1.25e-05
1790222400038,1.25e-05
1790226000007,1.25e-05
1790229600061,1.25e-05
1790233200056,1.25e-05
1790236800017,1.25e-05
1790240400034,1.25e-05
1790244000011,1.25e-05
1790247600045,9.5108e-06
1790251200065,1.25e-05
1790254800003,1.11209e-05
1790258400035,1.25e-05
1790262000014,1.25e-05
1790265600030,6.4843e-06
1790269200058,1.25e-05
1790272800058,1.25e-05
1790276400018,1.25e-05
1790280000054,1.25e-05
1790283600088,1.25e-05
1790287200013,1.25e-05
1790290800038,1.25e-05
1790294400076,1.25e-05
1790298000027,1.25e-05
1790301600059,1.25e-05
1790305200086,1.25e-05
1790308800036,1.25e-05
1790312400040,1.25e-05
1790316000121,1.25e-05
1790319600043,1.25e-05
1790323200066,1.25e-05
1790326800051,1.25e-05
1790330400040,1.25e-05
1790334000005,1.25e-05
1790337600040,1.25e-05
1790341200017,1.25e-05
1790344800040,1.25e-05
1790348400042,1.25e-05
1790352000015,1.25e-05
1790355600045,1.25e-05
1790359200046,1.25e-05
1790362800061,1.25e-05
1790366400094,1.25e-05
1790370000019,1.25e-05
1790373600065,1.25e-05
1790377200029,1.25e-05
1790380800002,1.25e-05
1790384400063,1.25e-05
1790388000051,1.25e-05
1790391600063,1.25e-05
1790395200127,1.25e-05
1790398800053,1.25e-05
1790402400003,1.25e-05
1790406000062,1.25e-05
1790409600016,1.25e-05
1790413200003,1.25e-05
1790416800067,1.25e-05
1790420400004,1.25e-05
1790424000047,1.25e-05
1790427600035,1.25e-05
1790431200006,1.25e-05
1790434800060,1.25e-05
1790438400023,1.25e-05
1790442000074,1.25e-05
1790445600064,1.25e-05
1790449200041,1.25e-05
1790452800001,1.25e-05
1790456400055,1.25e-05
1790460000014,1.25e-05
1790463600010,1.25e-05
1790467200067,1.25e-05
1790470800109,1.25e-05
1790474400044,1.25e-05
1790478000037,1.25e-05
1790481600064,1.25e-05
1790485200078,1.25e-05
1790488800004,1.25e-05
1790492400103,1.25e-05
1790496000019,1.25e-05
1790499600102,1.25e-05
1790503200009,1.25e-05
1790506800042,1.25e-05
1790510400075,1.25e-05
1790514000029,1.25e-05
1790517600041,1.25e-05
1790521200029,1.25e-05
1790524800057,1.25e-05
1790528400015,1.25e-05
1790532000004,1.25e-05
1790535600037,1.25e-05
1790539200040,1.25e-05
1790542800090,1.25e-05
1790546400030,1.25e-05
1790550000045,1.25e-05
1790553600025,1.25e-05
1790557200001,1.25e-05
1790560800063,1.25e-05
1790564400036,1.25e-05
1790568000046,1.25e-05
1790571600037,1.25e-05
1790575200119,1.25e-05
1790578800055,1.25e-05
1790582400052,1.25e-05
1790586000028,1.25e-05
1790589600018,1.25e-05
1790593200027,1.25e-05
1790596800054,1.25e-05
1790600400050,1.25e-05
1790604000070,1.25e-05
1790607600054,1.25e-05
1790611200046,1.25e-05
1790614800018,1.25e-05
1790618400067,1.25e-05
1790622000008,1.25e-05
1790625600041,1.25e-05
1790629200023,1.25e-05
1790632800008,1.25e-05
1790636400005,1.25e-05
1790640000079,1.25e-05
1790643600020,1.25e-05
1790647200023,1.25e-05
1790650800055,1.25e-05
1790654400047,1.25e-05
1790658000031,1.25e-05
1790661600024,1.25e-05
1790665200045,1.25e-05
1790668800049,1.25e-05
1790672400050,1.25e-05
1790676000041,1.25e-05
1790679600030,1.25e-05
1790683200051,1.25e-05
1790686800058,1.25e-05
1790690400028,1.25e-05
1790694000109,1.25e-05
1790697600055,1.25e-05
1790701200021,1.25e-05
1790704800018,1.25e-05
1790708400053,1.25e-05
1790712000071,1.25e-05
1790715600013,1.25e-05
1790719200065,1.25e-05
1790722800031,1.25e-05
1790726400042,1.25e-05
1790730000014,1.25e-05
1790733600030,1.25e-05
1790737200041,1.25e-05
1790740800018,1.25e-05
1790744400022,1.25e-05
1790748000000,1.25e-05
1790751600012,1.25e-05
1790755200006,1.25e-05
1790758800033,1.25e-05
1790762400054,1.25e-05
1790766000000,1.25e-05
1790769600056,1.25e-05
1790773200016,1.25e-05
1790776800044,1.25e-05
1790780400083,1.25e-05
1790784000113,1.25e-05
1790787600035,1.25e-05
1790791200021,1.25e-05
1790794800064,1.25e-05
1790798400022,1.25e-05
1790802000036,1.25e-05
1790805600030,1.25e-05
1790809200017,1.25e-05
1790812800051,1.25e-05
1790816400041,1.25e-05
1790820000044,1.25e-05
1790823600052,1.25e-05
1790827200008,1.25e-05
1790830800016,1.25e-05
1790834400093,1.25e-05
1790838000062,1.25e-05
1790841600032,1.25e-05
1790845200052,1.25e-05
1790848800021,1.25e-05
1790852400010,1.25e-05
1790856000034,1.25e-05
1790859600006,1.25e-05
1790863200041,1.25e-05
1790866800008,1.25e-05
1790870400034,1.25e-05
1790874000126,1.25e-05
1790877600009,1.25e-05
1790881200019,1.25e-05
1790884800066,1.25e-05
1790888400002,1.25e-05
1790892000052,1.25e-05
1790895600041,1.25e-05
1790899200027,1.25e-05
1790902800060,1.25e-05
1790906400045,1.25e-05
1790910000089,1.25e-05
1790913600127,1.25e-05
1790917200008,1.25e-05
1790920800039,1.25e-05
1790924400045,1.25e-05
1790928000067,1.25e-05
1790931600042,1.65276e-05
1790935200047,5.19522e-05
1790938800052,6.19265e-05
1790942400053,4.23831e-05
1790946000044,2.76061e-05
1790949600006,3.19248e-05
1790953200044,2.53556e-05
1790956800024,1.25e-05
1790960400026,1.25e-05
1790964000058,1.25e-05
1790967600030,1.25e-05
1790971200019,1.25e-05
1790974800000,1.25e-05
1790978400018,1.25e-05
1790982000017,1.25e-05
1790985600106,1.25e-05
1790989200032,1.25e-05
1790992800063,1.25e-05
1790996400046,1.25e-05
1791000000020,1.25e-05
1791003600001,1.25e-05
1791007200033,1.25e-05
1791010800076,1.25e-05
1791014400007,1.25e-05
1791018000019,1.25e-05
1791021600000,1.25e-05
1791025200044,-8.259e-07
1791028800062,1.25e-05
1791032400025,1.25e-05
1791036000015,1.25e-05
1791039600012,1.25e-05
1791043200045,1.25e-05
1791046800022,1.25e-05
1791050400021,1.25e-05
1791054000003,1.25e-05
1791057600064,1.25e-05
1791061200040,1.25e-05
1791064800078,1.25e-05
1791068400002,1.25e-05
1791072000002,1.25e-05
1791075600041,1.25e-05
1791079200043,1.25e-05
1791082800032,1.25e-05
1791086400055,1.25e-05
1791090000039,1.25e-05
1791093600013,1.25e-05
1791097200072,1.25e-05
1791100800002,1.25e-05
1791104400031,1.25e-05
1791108000022,1.25e-05
1791111600017,1.25e-05
1791115200071,1.25e-05
1791118800055,1.25e-05
1791122400035,1.25e-05
1791126000049,1.25e-05
1791129600013,1.25e-05
1791133200017,1.25e-05
1791136800006,1.25e-05
1791140400029,1.25e-05
1791144000011,1.25e-05
1791147600054,1.25e-05
1791151200014,1.25e-05
1791154800040,1.25e-05
1791158400121,1.25e-05
1791162000016,1.25e-05
1791165600057,1.25e-05
1791169200006,1.25e-05
1791172800040,1.25e-05
1791176400078,1.25e-05
1791180000046,1.25e-05
1791183600049,1.25e-05
1791187200052,1.25e-05
1791190800025,1.25e-05
1791194400036,1.25e-05
1791198000065,1.25e-05
1791201600069,1.25e-05
1791205200031,1.25e-05
1791208800034,1.25e-05
1791212400001,1.25e-05
1791216000037,1.25e-05
1791219600012,1.25e-05
1791223200078,1.25e-05
1791226800062,1.25e-05
1791230400065,1.25e-05
1791234000007,1.25e-05
1791237600006,1.25e-05
1791241200042,1.25e-05
1791244800027,1.25e-05
1791248400051,1.25e-05
1791252000089,1.25e-05
1791255600057,1.25e-05
1791259200066,1.25e-05
1791262800016,1.25e-05
1791266400028,1.25e-05
1791270000032,1.25e-05
1791273600042,1.25e-05
1791277200006,1.25e-05
1791280800037,1.25e-05
1791284400039,1.25e-05
1791288000027,1.25e-05
1791291600007,1.25e-05
1791295200046,1.25e-05
1791298800024,1.25e-05
1791302400068,1.25e-05
1791306000020,1.25e-05
1791309600093,1.25e-05
1791313200014,1.25e-05
1791316800056,1.25e-05
1791320400003,1.25e-05
1791324000019,1.25e-05
1791327600041,1.25e-05
1791331200024,1.25e-05
1791334800007,1.25e-05
1791338400083,1.25e-05
1791342000034,1.25e-05
1791345600013,1.25e-05
1791349200001,1.25e-05
1791352800005,1.25e-05
1791356400090,1.25e-05
1791360000039,1.25e-05
1791363600063,1.25e-05
1791367200063,1.25e-05
1791370800057,1.25e-05
1791374400081,1.25e-05
1791378000058,1.25e-05
1791381600050,1.25e-05
1791385200062,1.25e-05
1791388800026,1.25e-05
1791392400024,1.25e-05
1791396000002,1.25e-05
1791399600039,8.1409e-06
1791403200006,1.25e-05
1791406800036,1.25e-05
1791410400050,1.25e-05
1791414000006,8.9411e-06
1791417600062,1.25e-05
1791421200128,1.25e-05
1791424800012,1.25e-05
1791428400049,1.25e-05
1791432000046,1.16147e-05
1791435600004,-5.2315e-06
1791439200058,6.8249e-06
1791442800066,7.5901e-06
1791446400038,1.07287e-05
1791450000024,1.25e-05
1791453600074,1.25e-05
1791457200022,1.00623e-05
1791460800053,5.0899e-06
1791464400033,1.25e-05
1791468000022,6.9466e-06
1791471600040,1.17386e-05
1791475200042,-2.46557e-05
1791478800051,4.0162e-06
1791482400023,3.3963e-06
1791486000034,9.8918e-06
