{
 "unscored_episodes": 8,
 "bad_lines": 14,
 "dedup": {
  "records": 32478,
  "episodes": 1321,
  "all_4h": {
   "n": 1312,
   "wr": 0.48628048780487804,
   "mean_bps": -6.062200992559553,
   "med_bps": -3.0108816471250472,
   "mean_drop_best": -6.659365956845428
  },
  "all_24h": {
   "n": 1269,
   "wr": 0.5397951142631994,
   "mean_bps": 15.849571876974975,
   "med_bps": 34.846593948038056,
   "mean_drop_best": 14.734803122134702
  },
  "era_24h": {
   "W1": {
    "n": 294,
    "wr": 0.7925170068027211,
    "mean_bps": 234.63304788114428,
    "med_bps": 335.9427415856096,
    "mean_drop_best": 230.55542567932414
   },
   "MID": {
    "n": 710,
    "wr": 0.5014084507042254,
    "mean_bps": -27.86450530600746,
    "med_bps": 1.9629008025675057,
    "mean_drop_best": -29.44124026267211
   },
   "LATE": {
    "n": 265,
    "wr": 0.3622641509433962,
    "mean_bps": -109.75551169022596,
    "med_bps": -84.83277507532276,
    "mean_drop_best": -112.89435987938012
   }
  },
  "side_24h": {
   "BUY": {
    "n": 385,
    "wr": 0.34805194805194806,
    "mean_bps": -143.12207147437755,
    "med_bps": -126.03034285031738,
    "mean_drop_best": -145.5439428577731
   },
   "SELL": {
    "n": 884,
    "wr": 0.6233031674208145,
    "mean_bps": 85.08495953565226,
    "med_bps": 105.79485898864789,
    "mean_drop_best": 83.562545726503
   }
  }
 },
 "low_confidence": {
  "records": 19375,
  "episodes": 560,
  "all_4h": {
   "n": 552,
   "wr": 0.47644927536231885,
   "mean_bps": 0.10339585896312886,
   "med_bps": -5.436643663465187,
   "mean_drop_best": -0.8377361868593305
  },
  "all_24h": {
   "n": 515,
   "wr": 0.5203883495145631,
   "mean_bps": 53.75761190809573,
   "med_bps": 9.588647041901332,
   "mean_drop_best": 51.378834231474556
  },
  "era_24h": {
   "W1": {
    "n": 69,
    "wr": 0.9420289855072463,
    "mean_bps": 409.30903681860553,
    "med_bps": 336.5988445114293,
    "mean_drop_best": 396.5569735704765
   },
   "MID": {
    "n": 184,
    "wr": 0.5815217391304348,
    "mean_bps": 88.9774408850087,
    "med_bps": 89.85796999668223,
    "mean_drop_best": 85.88180648648864
   },
   "LATE": {
    "n": 262,
    "wr": 0.366412213740458,
    "mean_bps": -64.61451347578657,
    "med_bps": -52.959761741215814,
    "mean_drop_best": -66.18992492059594
   }
  },
  "side_24h": {
   "BUY": {
    "n": 66,
    "wr": 0.3939393939393939,
    "mean_bps": -39.30121176750633,
    "med_bps": -77.6530169587279,
    "mean_drop_best": -45.23765923499812
   },
   "SELL": {
    "n": 449,
    "wr": 0.5389755011135857,
    "mean_bps": 67.43663721453167,
    "med_bps": 17.741731086047107,
    "mean_drop_best": 64.73794815096727
   }
  }
 },
 "symbol_cooldown": {
  "records": 7536,
  "episodes": 1243,
  "all_4h": {
   "n": 1235,
   "wr": 0.4842105263157895,
   "mean_bps": -6.056709309212333,
   "med_bps": -3.606419426580131,
   "mean_drop_best": -6.609954626488995
  },
  "all_24h": {
   "n": 1193,
   "wr": 0.5322715842414082,
   "mean_bps": 15.063264772786797,
   "med_bps": 32.23073216926119,
   "mean_drop_best": 13.87676050412769
  },
  "era_24h": {
   "W1": {
    "n": 269,
    "wr": 0.7881040892193308,
    "mean_bps": 241.68010624814767,
    "med_bps": 338.52352246220954,
    "mean_drop_best": 237.24840383484062
   },
   "MID": {
    "n": 668,
    "wr": 0.49850299401197606,
    "mean_bps": -30.0498875774754,
    "med_bps": -3.5356491791111258,
    "mean_drop_best": -31.72918362926956
   },
   "LATE": {
    "n": 256,
    "wr": 0.3515625,
    "mean_bps": -105.34433126977933,
    "med_bps": -79.43507934221844,
    "mean_drop_best": -108.51118713682698
   }
  },
  "side_24h": {
   "BUY": {
    "n": 365,
    "wr": 0.33972602739726027,
    "mean_bps": -152.61133498694997,
    "med_bps": -131.72825497064505,
    "mean_drop_best": -155.19234563183036
   },
   "SELL": {
    "n": 828,
    "wr": 0.6171497584541062,
    "mean_bps": 88.97779244465143,
    "med_bps": 106.73216233963518,
    "mean_drop_best": 87.35699611989958
   }
  }
 },
 "daily_limit": {
  "records": 6549,
  "episodes": 204,
  "all_4h": {
   "n": 203,
   "wr": 0.541871921182266,
   "mean_bps": 9.719541543154259,
   "med_bps": 8.697439789996318,
   "mean_drop_best": 6.445167356632381
  },
  "all_24h": {
   "n": 202,
   "wr": 0.6138613861386139,
   "mean_bps": 88.21463189649644,
   "med_bps": 54.17096511799758,
   "mean_drop_best": 83.88819467982492
  },
  "era_24h": {
   "W1": {
    "n": 61,
    "wr": 0.7704918032786885,
    "mean_bps": 285.23971216118343,
    "med_bps": 406.4212889998466,
    "mean_drop_best": 274.02989882307867
   },
   "MID": {
    "n": 109,
    "wr": 0.5504587155963303,
    "mean_bps": 4.5799402036823444,
    "med_bps": 17.458452241060936,
    "mean_drop_best": -1.6855561035536617
   },
   "LATE": {
    "n": 32,
    "wr": 0.53125,
    "mean_bps": -2.483758779415154,
    "med_bps": 2.1541229100099657,
    "mean_drop_best": -10.853397343613082
   }
  },
  "side_24h": {
   "BUY": {
    "n": 41,
    "wr": 0.5609756097560976,
    "mean_bps": -21.462051908177685,
    "med_bps": 29.277710957776794,
    "mean_drop_best": -32.84221352023398
   },
   "SELL": {
    "n": 161,
    "wr": 0.6273291925465838,
    "mean_bps": 116.14471907656873,
    "med_bps": 56.26726214961444,
    "mean_drop_best": 110.88419536800059
   }
  }
 },
 "quality_floor_proven_solo": {
  "records": 5481,
  "episodes": 454,
  "all_4h": {
   "n": 453,
   "wr": 0.445916114790287,
   "mean_bps": -22.441167161757438,
   "med_bps": -16.15229304874505,
   "mean_drop_best": -24.263742447536153
  },
  "all_24h": {
   "n": 428,
   "wr": 0.4135514018691589,
   "mean_bps": -69.98886441430365,
   "med_bps": -50.97784936273635,
   "mean_drop_best": -72.16395174124767
  },
  "era_24h": {
   "W1": null,
   "MID": {
    "n": 278,
    "wr": 0.5,
    "mean_bps": -27.73473278263884,
    "med_bps": 3.4621703265964143,
    "mean_drop_best": -30.935123241026705
   },
   "LATE": {
    "n": 150,
    "wr": 0.25333333333333335,
    "mean_bps": -148.29985503832242,
    "med_bps": -105.2935559978955,
    "mean_drop_best": -151.03116471722706
   }
  },
  "side_24h": {
   "BUY": {
    "n": 167,
    "wr": 0.17365269461077845,
    "mean_bps": -227.4349271725686,
    "med_bps": -194.3383682998095,
    "mean_drop_best": -233.9783509759624
   },
   "SELL": {
    "n": 261,
    "wr": 0.5670498084291188,
    "mean_bps": 30.752486086195393,
    "med_bps": 59.34290693822376,
    "mean_drop_best": 28.07309767560522
   }
  }
 },
 "low_consensus": {
  "records": 2171,
  "episodes": 151,
  "all_4h": {
   "n": 151,
   "wr": 0.4304635761589404,
   "mean_bps": -9.882678827893095,
   "med_bps": -15.24132091447951,
   "mean_drop_best": -13.406344374126638
  },
  "all_24h": {
   "n": 150,
   "wr": 0.52,
   "mean_bps": 100.47675848380419,
   "med_bps": 23.987932815532304,
   "mean_drop_best": 92.58432506630366
  },
  "era_24h": {
   "W1": {
    "n": 36,
    "wr": 0.9722222222222222,
    "mean_bps": 584.6834895732952,
    "med_bps": 555.9445683219213,
    "mean_drop_best": 564.9187510556357
   },
   "MID": {
    "n": 73,
    "wr": 0.4931506849315068,
    "mean_bps": -4.538458096621593,
    "med_bps": -3.0389594602808,
    "mean_drop_best": -13.705360789827163
   },
   "LATE": {
    "n": 41,
    "wr": 0.17073170731707318,
    "mean_bps": -137.70205880523474,
    "med_bps": -148.5779875015939,
    "mean_drop_best": -143.53460710980687
   }
  },
  "side_24h": {
   "BUY": {
    "n": 1,
    "wr": 0.0,
    "mean_bps": -279.1736460078171,
    "med_bps": -279.1736460078171,
    "mean_drop_best": null
   },
   "SELL": {
    "n": 149,
    "wr": 0.5234899328859061,
    "mean_bps": 103.02474777569427,
    "med_bps": 25.216983345061895,
    "mean_drop_best": 95.09620324923691
   }
  }
 },
 "quality_floor_conf": {
  "records": 1894,
  "episodes": 154,
  "all_4h": {
   "n": 154,
   "wr": 0.6038961038961039,
   "mean_bps": 51.30651972493899,
   "med_bps": 48.03753286143518,
   "mean_drop_best": 47.7933734467532
  },
  "all_24h": {
   "n": 144,
   "wr": 0.6388888888888888,
   "mean_bps": 112.33862480728118,